component_identifier,component_type,component_index,primary_fidelity,prediction_agreement_count,prediction_disagreement_count,ground_truth_accuracy_change,cross_entropy_change,mean_kl_divergence,mean_jensen_shannon_divergence,maximum_absolute_logit_change,total_delta_fourier_power,addition_manifold_delta_power,addition_manifold_delta_fraction,correct_shift_rank,correct_shift_selectivity,dominant_canonical_frequency_pair,activation_diagonal_power_fraction,activation_near_constant,retained_at_threshold_0_99,retained_at_threshold_0_975,retained_at_threshold_0_95,retained_at_threshold_0_9,retained_at_threshold_0_85,retained_at_threshold_0_8
H0,attention_head,0,0.9259143237528389,11823,946,-0.07377241757381159,0.2895819260076719,0.2882654519103737,0.048861551411853464,55.09275817871094,60069605.27820015,30415712.6407152,0.5063411437423472,1,1528.7720813425271,56,,,True,True,True,True,True,True
H1,attention_head,1,0.8258281776176678,10545,2224,-0.17354530503563315,0.8156274109919969,0.8139150125078952,0.1123821645362812,65.43605041503906,97831859.83610025,53027786.17846446,0.5420298281899476,1,1515.0565846075722,56,,,True,True,True,True,True,True
H2,attention_head,2,0.8329548124363694,10636,2133,-0.1665752995536064,0.8076178968547842,0.8054806399223409,0.10832965596066818,54.659080505371094,82601497.90091209,43448541.20048437,0.5260018559542927,1,1485.4258383951328,56,,,True,True,True,True,True,True
H3,attention_head,3,0.9144020675072441,11676,1093,-0.08528467381940641,0.33816441734292385,0.3360592079167977,0.05855998973470358,44.65779113769531,57734176.530530065,29091439.17149159,0.5038859289195529,1,1612.7817008854367,56,,,True,True,True,True,True,True
N0,mlp_neuron,4,1.0,12769,0,0.0,0.0004312348270639418,0.0002543722560816809,7.238958161785186e-05,7.859889984130859,1792763.908761297,62386.452574152645,0.03479903420035844,1,87.20526043121878,48,0.12010014858627278,False,False,False,False,False,False,False
N1,mlp_neuron,5,1.0,12769,0,0.0,0.0004402915308344428,0.0001985150498584755,5.904041907088184e-05,8.621406555175781,2123198.7817114564,60115.755462511865,0.028313766935215593,1,75.26501554412009,56,0.1076557021357438,False,True,True,True,True,True,True
N2,mlp_neuron,6,1.0,12769,0,0.0,-1.789423977323736e-05,8.056286374445152e-06,2.0412468088480824e-06,1.5698394775390625,83095.82395878152,2045.6897089733918,0.02461844183635662,1,75.47748713863876,56,0.10328428660562307,False,False,False,False,False,False,False
N3,mlp_neuron,7,1.0,12769,0,0.0,3.6053265146450885e-05,2.193965554240876e-06,5.526838890734736e-07,0.7536392211914062,13628.081619666622,257.3891283698045,0.01888667352845667,1,61.43721749748489,17,0.08642632376041061,False,False,False,False,False,False,False
N4,mlp_neuron,8,1.0,12769,0,0.0,0.00020570014084705913,7.449941153716407e-05,2.011166066194153e-05,5.312614440917969,784689.534198715,26188.20973940322,0.03337397607341009,1,85.8631442480928,17,0.11761569769177259,False,False,False,False,False,False,False
N5,mlp_neuron,9,1.0,12769,0,0.0,7.172024345711921e-05,5.435819511193311e-05,1.4725085116768914e-05,6.749485015869141,921483.8631251992,29945.80709227288,0.032497375472981274,1,76.00364852554412,17,0.1152739343253436,False,False,False,False,False,False,False
N6,mlp_neuron,10,1.0,12769,0,0.0,2.347062537558231e-06,3.165090721064649e-06,7.629087241490581e-07,1.8553581237792969,18138.417349222254,101.09065631114251,0.005573289795070081,1,36.79521835973872,3,0.031997605077149695,False,False,False,False,False,False,False
N7,mlp_neuron,11,0.9998433706633253,12767,2,0.0,7.66980848184867e-05,0.0001589960409621898,4.3258912111722385e-05,3.188934326171875,302158.32246189215,8777.216345267843,0.029048401757574675,1,73.63845661192755,1,0.10824877788704207,False,False,False,False,False,False,False
N8,mlp_neuron,12,1.0,12769,0,0.0,6.197798832270184e-06,1.7941256684768214e-05,4.1931258878607855e-06,3.236621856689453,124398.8671693297,1049.43262740084,0.008436030417964896,1,22.914375014909847,1,0.07076007139517079,False,False,False,False,False,False,False
N9,mlp_neuron,13,1.0,12769,0,0.0,4.5467619435576824e-05,5.77742746722751e-06,1.4423968937935507e-06,1.3174934387207031,19301.40625824198,257.0215094002647,0.01331620639250121,1,40.53486424816218,17,0.10180801961535323,False,True,True,True,False,False,False
N10,mlp_neuron,14,1.0,12769,0,0.0,-2.1396772823649175e-06,1.1334933733434018e-06,2.8592351148601844e-07,0.8083038330078125,6969.8794521002255,14.749333741828073,0.002116153348589648,1,13.520553200475367,1,0.0289435709730248,False,False,False,False,False,False,False
N11,mlp_neuron,15,1.0,12769,0,0.0,3.1652100944230474e-06,1.6152839386195367e-05,4.141165401604755e-06,3.809173583984375,253949.74328743026,6889.363987992862,0.027128848010668043,1,68.9913307770649,56,0.1085731827671975,False,False,False,False,False,False,False
N12,mlp_neuron,16,1.0,12769,0,0.0,1.4629483137896821e-05,1.8687597064744433e-05,4.7238767447123235e-06,3.941619873046875,316603.61930989753,8804.510240822232,0.0278092532865337,1,69.31991791294055,56,0.11072745062796477,False,True,True,True,True,True,False
N13,mlp_neuron,17,1.0,12769,0,0.0,0.00010150088549275575,4.843661819398599e-05,1.4822334851413253e-05,4.487571716308594,565481.7010338573,18381.097742260274,0.03250520345513309,1,87.9443690827902,3,0.11225579812980725,False,False,False,False,False,False,False
N14,mlp_neuron,18,1.0,12769,0,0.0,-2.0747988811211076e-06,5.529061115925248e-06,1.4545860453438237e-06,1.0914039611816406,14013.850321493655,122.9191259400544,0.008771260083428175,1,34.86370879811467,20,0.05476342599289264,False,False,False,False,False,False,False
N15,mlp_neuron,19,1.0,12769,0,0.0,0.00024359829667777396,0.00017768376528307312,5.231030835218418e-05,5.6093597412109375,1156574.2735274655,36222.762772882284,0.03131901132679145,1,71.67644936800356,1,0.1163537985662691,False,False,False,False,False,False,False
N16,mlp_neuron,20,1.0,12769,0,0.0,2.329951674538873e-05,5.050692283870528e-06,1.2760688944356453e-06,1.7192726135253906,37513.24743817855,436.30555065126623,0.011630705962481476,1,31.492418919566497,1,0.07835638442934084,False,False,False,False,False,False,False
N17,mlp_neuron,21,1.0,12769,0,0.0,2.629873989866741e-05,2.0879222230035645e-06,5.303016107684639e-07,0.7843742370605469,9459.289666078144,132.43077876530108,0.01400007647933752,1,48.30957551531598,56,0.07725126654163386,False,False,False,False,False,False,False
N18,mlp_neuron,22,1.0,12769,0,0.0,2.310783930888679e-06,1.5109066015407771e-05,3.830598619567698e-06,3.3067169189453125,353315.2410272173,11325.076215572219,0.03205374379731273,1,87.29653802974613,17,0.10915190495064601,False,False,False,False,False,False,False
N19,mlp_neuron,23,0.9999216853316626,12768,1,7.831466833740919e-05,0.000537535351244306,0.0003448643294080483,9.937453582249225e-05,11.425443649291992,1726867.0830514054,47011.72312851589,0.02722370678665397,1,66.44830255468291,48,0.10965067514987578,False,False,False,False,False,False,False
N20,mlp_neuron,24,1.0,12769,0,0.0,-2.563735756816476e-05,1.6752389749293197e-06,4.162344295206566e-07,0.8398933410644531,7381.845972828425,33.26729056355258,0.004506635696004084,1,29.26770129802787,17,0.036971103587786595,False,False,False,False,False,False,False
N21,mlp_neuron,25,1.0,12769,0,0.0,-2.1827402119382368e-05,1.0982618090503195e-05,2.7258393467291865e-06,1.4124603271484375,26731.22225272981,500.19810690316075,0.01871213003932434,1,50.69441429306038,20,0.08520125117378202,False,False,False,False,False,False,False
N22,mlp_neuron,26,1.0,12769,0,0.0,6.964931256222737e-05,0.00015260325921246677,4.294228337567169e-05,14.394515991210938,4256727.258846474,149474.9177630119,0.03511498592078412,1,84.50502396677186,56,0.121010004826992,False,False,False,False,False,False,False
N23,mlp_neuron,27,1.0,12769,0,0.0,3.3955403257134075e-05,7.816627851069267e-06,1.956525303625026e-06,1.9900360107421875,51051.929470286974,392.7113941084522,0.007692390829949267,1,48.2943476642409,3,0.040859294183914596,False,False,False,False,False,False,False
N24,mlp_neuron,28,1.0,12769,0,0.0,-3.3942954914050957e-06,1.557901920849403e-06,3.8895671493191587e-07,1.1075859069824219,9622.0610787001,44.42747939366506,0.004617251858025726,1,24.169360202915367,56,0.03871543084615665,False,False,False,False,False,False,False
N25,mlp_neuron,29,1.0,12769,0,0.0,0.00012618076464839954,3.1387937086339396e-05,7.480248640644253e-06,4.082752227783203,241711.31619912462,4006.247692962751,0.016574514408180863,1,48.83631188548869,56,0.09000480605514319,False,False,False,False,False,False,False
N26,mlp_neuron,30,1.0,12769,0,0.0,9.283932294792486e-06,1.213199410044927e-06,3.0769972156975764e-07,0.7617988586425781,3255.829674860918,1.8466668497252479,0.0005671877936317825,1,5.962904603819426,45,0.01577338201574921,False,True,False,False,False,False,False
N27,mlp_neuron,31,1.0,12769,0,0.0,-5.568410701182677e-05,4.224269131589021e-06,1.081157986610546e-06,1.1237926483154297,16711.74519494572,83.54030806001111,0.0049988979059635815,1,36.21643639874067,20,0.03151994902140433,False,False,False,False,False,False,False
N28,mlp_neuron,32,1.0,12769,0,0.0,3.774212109377141e-05,1.8199143902721248e-05,4.517684747193857e-06,1.7229461669921875,34521.900629866184,610.9382804545078,0.017697121806959905,1,62.42766760163793,20,0.07256467178745817,False,False,False,False,False,False,False
N29,mlp_neuron,33,1.0,12769,0,0.0,-1.1308683195875328e-05,4.1465624009021986e-07,1.0483543227541711e-07,0.5647430419921875,2135.65307836449,1.8417442575726841,0.0008623798856802694,1,9.428257061273497,17,0.017517683779028903,False,False,False,False,False,False,False
N30,mlp_neuron,34,1.0,12769,0,0.0,0.00030986037359867426,0.00021935374754960296,6.536230988743322e-05,8.992088317871094,1965644.3109077904,71370.79334688067,0.0363091089017624,1,87.2555606670374,17,0.12694424931212867,False,False,False,False,False,False,False
N31,mlp_neuron,35,1.0,12769,0,0.0,3.334068003154559e-06,2.7002963557273894e-06,6.799611834163975e-07,1.3280563354492188,17040.02863346748,102.35336169136328,0.006006642588049183,1,28.48771247091702,48,0.044994813749148384,False,False,False,False,False,False,False
N32,mlp_neuron,36,1.0,12769,0,0.0,7.013740137090468e-05,2.0120439781003766e-05,5.2337762869288906e-06,2.4741249084472656,51817.64690600973,240.19594270058903,0.004635408148430057,1,26.17156553903555,20,0.037572548381565624,False,False,False,False,False,False,False
N33,mlp_neuron,37,1.0,12769,0,0.0,8.95849465692431e-05,8.090673377026033e-06,2.0363669697188083e-06,1.6039772033691406,35363.12877040673,346.0240447092976,0.009784882071827995,1,38.99512518746444,56,0.055215221609234,False,False,False,False,False,False,False
N34,mlp_neuron,38,1.0,12769,0,0.0,8.592505134201174e-05,3.0444908825593184e-05,7.559599301854393e-06,2.874159812927246,242671.22241361492,6304.619805160467,0.02598008837823677,1,78.39287465703326,3,0.0912080778577855,False,False,False,False,False,False,False
N35,mlp_neuron,39,1.0,12769,0,0.0,-9.128000527457375e-06,3.423718249829641e-06,8.484013411586237e-07,0.9837608337402344,5741.980147637629,4.785083621725191,0.0008333507777267176,1,7.8434840429433725,48,0.01875538978587603,False,False,False,False,False,False,False
N36,mlp_neuron,40,1.0,12769,0,0.0,0.0001816363620293774,8.097930090157434e-05,2.251938260806168e-05,5.083259582519531,805908.2191849825,25159.447252022186,0.03121875004261157,1,83.63764591443342,17,0.11068748261066637,False,False,False,False,False,False,False
N37,mlp_neuron,41,1.0,12769,0,0.0,1.4074269439344521e-05,1.4641479081025611e-05,3.820861933989295e-06,3.540191650390625,179025.7867421211,4452.826681849336,0.024872543575319907,1,70.6342487324959,48,0.10067601413754208,False,False,False,False,False,False,False
N38,mlp_neuron,42,1.0,12769,0,0.0,4.4378894691493066e-05,3.404972980762165e-05,9.63764294561194e-06,6.3671722412109375,716342.669202512,20388.71987753379,0.028462244054555743,1,88.49498048793163,3,0.09915846343354903,False,False,False,False,False,False,False
N39,mlp_neuron,43,1.0,12769,0,0.0,1.7848641004232545e-05,3.00669233983854e-05,8.80628398469053e-06,3.7621994018554688,312994.83078065515,10394.705865774944,0.03321047136736737,1,83.72601013709695,3,0.11576340035261216,False,False,False,False,False,False,False
N40,mlp_neuron,44,1.0,12769,0,0.0,-2.6038555850962193e-05,4.775816312390046e-06,1.1889575496005123e-06,1.3817787170410156,19068.053554897167,29.07360736173449,0.0015247286398704096,1,14.58328942595222,17,0.022934529350241244,False,False,False,False,False,False,False
N41,mlp_neuron,45,1.0,12769,0,0.0,-2.7725329540072025e-05,7.770503930485458e-06,1.968655022081536e-06,1.139338493347168,21604.555628588198,218.65334112332928,0.01012070532170523,1,42.195335147879575,20,0.055786812689554884,False,False,False,False,False,False,False
N42,mlp_neuron,46,1.0,12769,0,0.0,-3.542398155229856e-05,5.642831954245243e-06,1.4410940523060214e-06,2.9968338012695312,58685.58906335458,252.70827856702212,0.004306138569968319,1,24.936271070038533,17,0.03167073091727614,False,True,True,False,False,False,False
N43,mlp_neuron,47,0.9999216853316626,12768,1,-7.831466833740919e-05,0.00024629955772822293,0.00017326188139749556,5.016135735029153e-05,7.272438049316406,1874390.5825505229,57538.730571571585,0.030697300289077113,1,86.57983759985561,56,0.10871801167529112,False,False,False,False,False,False,False
N44,mlp_neuron,48,1.0,12769,0,0.0,-7.928171505256322e-06,3.951724922206582e-06,9.8800106064898e-07,3.4830322265625,61248.77463566078,114.20680937892793,0.0018646382733089565,1,11.953823753936314,17,0.028344362732908444,False,False,False,False,False,False,False
N45,mlp_neuron,49,1.0,12769,0,0.0,3.66810782217843e-05,7.766740999130309e-06,1.848629696622553e-06,1.5187397003173828,69285.50798555052,1888.4020851430146,0.027255368980434416,1,72.4502095113116,1,0.10383851931748071,False,False,False,False,False,False,False
N46,mlp_neuron,50,1.0,12769,0,0.0,2.1832464146262064e-05,1.5787204066726302e-05,4.216049045872475e-06,2.822040557861328,121345.1899833415,3309.6235693041103,0.027274452079711294,1,77.47798035106199,3,0.09937547280259973,False,False,False,False,False,False,False
N47,mlp_neuron,51,1.0,12769,0,0.0,5.1615423872521365e-06,2.463869188426782e-06,6.232953916560742e-07,1.4652175903320312,15669.686248409296,51.8466627969455,0.003308723734159559,1,20.53268853011896,17,0.034266419556020535,False,True,False,False,False,False,False
N48,mlp_neuron,52,1.0,12769,0,0.0,-2.563421036795902e-05,1.3873804394993347e-06,3.56505378874894e-07,1.17132568359375,8103.264542665267,7.127580327219207,0.0008795936859386865,1,7.805558575475523,48,0.019307306227858197,False,False,False,False,False,False,False
N49,mlp_neuron,53,1.0,12769,0,0.0,-1.2751843071522398e-06,6.796086359638733e-06,1.7222272488043551e-06,3.446474075317383,180357.3539270472,4751.097561244751,0.026342688322908772,1,76.20286374595739,17,0.09989112910073357,False,True,True,True,True,True,False
N50,mlp_neuron,54,1.0,12769,0,0.0,9.050451335113193e-06,3.1486299818810015e-06,7.945203707072276e-07,1.3032455444335938,22930.566917717028,43.150228439295134,0.001881777654871482,1,14.63696726357533,3,0.024542757406657054,False,False,False,False,False,False,False
N51,mlp_neuron,55,1.0,12769,0,0.0,3.2996255406298304e-05,3.5300989414092835e-05,9.106478609059886e-06,4.817413330078125,913977.2965256432,28848.426056701122,0.031563613413992206,1,86.60430867443317,56,0.11023812313739541,False,True,True,True,True,True,True
N52,mlp_neuron,56,1.0,12769,0,0.0,0.0002790440551306923,0.00012887027003805879,3.21622956198163e-05,5.114479064941406,805873.9668512001,23076.900817641595,0.028635868345282596,1,78.6214492769827,1,0.1040552750326445,False,False,False,False,False,False,False
N53,mlp_neuron,57,1.0,12769,0,0.0,2.9608558940371612e-05,8.0120784484267e-06,2.0659627750297304e-06,1.9134864807128906,83927.34794453398,1677.1676255369043,0.019983565150245342,1,54.039447663471854,1,0.09227554486592861,False,False,False,False,False,False,False
N54,mlp_neuron,58,0.9999216853316626,12768,1,7.831466833740919e-05,-1.3236268689090962e-05,1.0020821947467685e-05,2.4749580227086015e-06,2.5742568969726562,54868.940247965395,367.2576299796312,0.006693361095000364,1,38.41876556535008,56,0.03984284169445104,False,False,False,False,False,False,False
N55,mlp_neuron,59,1.0,12769,0,0.0,-2.922523405799078e-05,2.3700004856431734e-06,5.938364247567909e-07,2.2308731079101562,39267.436042102854,208.8436941879457,0.005318495813274435,1,24.67322145372216,3,0.04321728958615444,False,False,False,False,False,False,False
N56,mlp_neuron,60,1.0,12769,0,0.0,0.0001402330714282455,3.287210439504722e-05,8.59266476541227e-06,3.8985214233398438,142794.61648099843,1857.3078437366125,0.01300684780356382,1,39.78027333314574,56,0.07823850159694387,False,False,False,False,False,False,False
N57,mlp_neuron,61,1.0,12769,0,0.0,2.5577825211979197e-05,9.755090726432903e-07,2.424732332167429e-07,0.8487396240234375,4221.977021025242,7.9425810077521115,0.0018812468585684956,1,17.941354757667604,48,0.021680360151273163,False,False,False,False,False,False,False
N58,mlp_neuron,62,1.0,12769,0,0.0,2.4225376255666495e-07,1.157006715112303e-05,2.906736263227617e-06,2.1501312255859375,86383.0473088759,2211.2718994245824,0.025598447476827702,1,86.03332469720225,3,0.09683298280711243,False,False,False,False,False,False,False
N59,mlp_neuron,63,1.0,12769,0,0.0,1.817539292132378e-05,0.00014370074142338473,4.154652721674708e-05,6.487027645111084,795394.9371344686,24422.323778646256,0.03070465078220311,1,64.42528021589979,1,0.11963130387509198,False,True,True,True,True,False,False
N60,mlp_neuron,64,0.9990602239799514,12757,12,-0.0009397760200485772,0.002398114120582214,0.0023521933592172417,0.0006631176388975273,11.642261505126953,4688346.2269391455,190265.1208647497,0.04058256614485723,1,95.99086782223392,17,0.1316051422664331,False,True,True,True,True,True,False
N61,mlp_neuron,65,1.0,12769,0,0.0,6.347604967810237e-05,1.3545696071256107e-05,3.3918628128609945e-06,2.82415771484375,204012.98518664992,6269.014411595989,0.030728506844113455,1,88.0520299517409,17,0.10782278350416996,False,False,False,False,False,False,False
N62,mlp_neuron,66,1.0,12769,0,0.0,1.2879739975988182e-05,6.97780883973399e-06,1.8794999465290805e-06,3.6639785766601562,192576.8701238045,5346.013833636605,0.02776041499791611,1,82.49751336925975,3,0.09927683990472862,False,False,False,False,False,False,False
N63,mlp_neuron,67,1.0,12769,0,0.0,-1.8653449523074565e-05,1.633235095112996e-05,4.120852589576576e-06,3.9997406005859375,84324.45959007868,168.60711262840874,0.0019995042179700665,1,15.39801406678573,20,0.023360080482039185,False,False,False,False,False,False,False
N64,mlp_neuron,68,0.9997650559949879,12766,3,-0.00023494400501211654,0.0006724348765093965,0.0006704200353623935,0.00019689345331189303,14.692131042480469,4558987.773143516,139650.11382680034,0.030631824601387057,1,74.2833766291354,56,0.11411255594190364,False,True,True,True,True,True,True
N65,mlp_neuron,69,1.0,12769,0,0.0,2.402653533229793e-06,1.4355011689030913e-06,3.599680723271942e-07,0.9472885131835938,9841.512323200479,24.699275558326395,0.0025097032597419075,1,17.970285222793997,3,0.03275696637150557,False,False,False,False,False,False,False
N66,mlp_neuron,70,1.0,12769,0,0.0,2.504592192600517e-05,2.129766923492041e-05,5.673900219557923e-06,3.9070510864257812,281810.7037536114,8627.919139361313,0.030616009344005428,1,81.7940429404615,17,0.10892659288848079,False,False,False,False,False,False,False
N67,mlp_neuron,71,1.0,12769,0,0.0,-1.736406120382561e-07,4.158518601277461e-06,1.0450121550007533e-06,1.4226531982421875,25298.425464803517,424.8870253160237,0.016794998799713783,1,53.816373508743496,17,0.0819549195382619,False,False,False,False,False,False,False
N68,mlp_neuron,72,1.0,12769,0,0.0,-8.363557801517596e-06,4.195621812546477e-06,1.0533462498210761e-06,1.4444656372070312,9477.91782632652,7.133805031860483,0.0007526763960798576,1,10.301870939563763,5,0.01323243874114667,False,False,False,False,False,False,False
N69,mlp_neuron,73,0.9995301119899758,12763,6,-0.0004698880100242331,0.0011599725290315792,0.0010426681859173107,0.0003047111524311445,10.568916320800781,3563986.241600513,138546.9088494353,0.03887414245101483,1,95.96911205577993,17,0.1299604815258589,False,True,True,True,True,True,True
N70,mlp_neuron,74,1.0,12769,0,0.0,0.00020669511546478705,0.0001105326650715022,3.486138911063053e-05,4.591835021972656,853116.6181616045,26300.462523404407,0.0308286838674878,1,85.05055180413689,3,0.10887286019696521,False,True,True,True,True,True,True
N71,mlp_neuron,75,1.0,12769,0,0.0,1.709811841620252e-05,1.842587783013609e-05,5.319724330355537e-06,4.410026550292969,419602.33988981904,13610.85268037687,0.03243750424259041,1,89.43809000851563,3,0.1092340538004594,False,True,True,True,True,True,True
N72,mlp_neuron,76,1.0,12769,0,0.0,-1.2042949190344248e-05,1.828642537537685e-05,4.798441865098602e-06,3.0763607025146484,288935.57246608956,9248.534208663435,0.03200898432036738,1,90.90277531410085,3,0.10786594802384848,False,True,True,True,True,True,True
N73,mlp_neuron,77,1.0,12769,0,0.0,-1.3770842321033858e-06,2.723217662617237e-06,6.589813057390426e-07,1.453033447265625,14745.902926893294,24.505390447836607,0.0016618440097787533,1,15.556984912593702,1,0.02072768568491465,False,False,False,False,False,False,False
N74,mlp_neuron,78,0.9999216853316626,12768,1,-7.831466833740919e-05,0.00010728308265290092,0.00012719908761805445,3.4419502901012395e-05,2.410409927368164,131824.43580150427,2854.82042807684,0.0216562309614244,1,54.93145954754641,20,0.09349296510237338,False,False,False,False,False,False,False
N75,mlp_neuron,79,1.0,12769,0,0.0,0.0004550571273859319,0.0002725720334985721,7.855190946561073e-05,8.826766967773438,1569733.258230979,37848.80310031712,0.024111614442679945,1,55.163993023010825,48,0.10776925915431618,False,False,False,False,False,False,False
N76,mlp_neuron,80,1.0,12769,0,0.0,-3.752928075734848e-07,1.7464092995202323e-06,4.333217421238625e-07,0.637420654296875,4922.2985734214635,15.222662661881268,0.003092592299068944,1,19.637515705843764,48,0.03411638152917952,False,False,False,False,False,False,False
N77,mlp_neuron,81,1.0,12769,0,0.0,2.0558341132471177e-05,3.8790605888098165e-06,9.835624908405935e-07,1.7413406372070312,21487.62857370143,74.55508013300167,0.0034696746491722752,1,17.30347501180231,48,0.03601122391915323,False,False,False,False,False,False,False
N78,mlp_neuron,82,1.0,12769,0,0.0,1.9820702851624595e-05,6.93014761877312e-06,1.6876746641117602e-06,1.4018745422363281,22688.94016803354,88.71006889316018,0.003909837490697069,1,29.9740147454734,20,0.026275217642402794,False,False,False,False,False,False,False
N79,mlp_neuron,83,1.0,12769,0,0.0,8.841086421221842e-06,1.151698117107731e-06,2.909547456341658e-07,1.1484603881835938,24490.116711627586,562.4984333247954,0.022968385163216823,1,73.31565315443106,3,0.08670661194735899,False,True,True,True,True,True,True
N80,mlp_neuron,84,1.0,12769,0,0.0,-8.786804966002268e-06,4.326232317390726e-07,1.0948176915177258e-07,0.661827564239502,2034.7841677862093,3.6662680077272323,0.0018017969992935583,1,18.471866259650476,5,0.018924754408193547,False,False,False,False,False,False,False
N81,mlp_neuron,85,0.9999216853316626,12768,1,7.831466833740919e-05,5.245789022534364e-05,5.9380016068719865e-05,1.5546067003724363e-05,4.211208343505859,287805.03743507265,4699.347942303745,0.016328233807804335,1,33.662227206235656,48,0.1016830221390504,False,False,False,False,False,False,False
N82,mlp_neuron,86,1.0,12769,0,0.0,-2.0559146805339658e-05,8.742391077710031e-06,2.190261244876053e-06,1.6264774799346924,15585.875115557803,30.57453829414041,0.0019616824892701046,1,17.736217433799006,17,0.02327787704152498,False,False,False,False,False,False,False
N83,mlp_neuron,87,0.9998433706633253,12767,2,0.0,0.001073028933032439,0.0007685320754591752,0.00023872258261107074,12.85238265991211,3463369.04673489,93921.05388090751,0.027118407716166457,1,68.53120964413733,48,0.10793481836122722,False,True,True,True,True,True,True
N84,mlp_neuron,88,1.0,12769,0,0.0,2.0236847985563794e-05,2.083231711772395e-05,5.449705754516687e-06,4.800933837890625,285540.84680322837,7518.424930267408,0.026330470804579835,1,69.01852333649612,17,0.09945396864801102,False,False,False,False,False,False,False
N85,mlp_neuron,89,1.0,12769,0,0.0,1.752435190684816e-05,2.2269195056836958e-05,5.643444865369428e-06,3.0606155395507812,278542.67360330315,9286.682716034877,0.03334025122937123,1,88.06943692264333,17,0.11132384089030804,False,False,False,False,False,False,False
N86,mlp_neuron,90,1.0,12769,0,0.0,9.277328844394298e-05,2.0399462964191952e-05,5.165004937392025e-06,3.6407852172851562,219745.00242346694,4934.074952435444,0.022453638981636864,1,75.41713319253421,3,0.08321816377596006,False,False,False,False,False,False,False
N87,mlp_neuron,91,0.9998433706633253,12767,2,-0.00015662933667470735,0.0003638816740621808,0.0003174493629801128,8.711929300273909e-05,9.943233489990234,3218637.6603270127,105604.38943924759,0.032810275832203556,1,82.39628534444321,56,0.11643449151291178,False,True,True,True,True,True,True
N88,mlp_neuron,92,1.0,12769,0,0.0,-3.026478334656915e-05,7.053562873310133e-06,1.7922042738736953e-06,1.3232002258300781,27790.584660929424,207.6543381707718,0.007472111173778632,1,43.99547941243584,3,0.03764893109339086,False,False,False,False,False,False,False
N89,mlp_neuron,93,1.0,12769,0,0.0,4.409988635899393e-05,1.662221839769676e-05,4.3365485454272054e-06,1.9008731842041016,51856.40012692395,823.2225745294627,0.015875042859021055,1,61.40871044908162,20,0.07051662485514404,False,False,False,False,False,False,False
N90,mlp_neuron,94,0.9999216853316626,12768,1,7.831466833740919e-05,0.00014761952013507616,0.0001411819255730943,3.86433716011414e-05,4.519691467285156,907812.155714409,26875.585616591008,0.029604787121892066,1,94.30733722157049,3,0.109287734175714,False,True,True,True,True,True,True
N91,mlp_neuron,95,1.0,12769,0,0.0,0.0001050855799400801,4.80321470196382e-05,1.3111826939412163e-05,3.6994590759277344,341730.4299613079,10697.120241768846,0.03130280274712444,1,80.48824666053373,17,0.11072997398459027,False,False,False,False,False,False,False
N92,mlp_neuron,96,1.0,12769,0,0.0,-5.520707765266711e-06,2.68480683080969e-06,6.808161798556525e-07,1.3934211730957031,28808.556680164565,319.7038649307026,0.011097531489691982,1,43.9950144144698,3,0.05877692427720576,False,False,False,False,False,False,False
N93,mlp_neuron,97,1.0,12769,0,0.0,-6.247349752743284e-06,5.719775107744677e-07,1.4103248828135582e-07,0.695556640625,1945.5388602141936,0.7844341950061262,0.0004031963642811864,1,6.1528914165448265,56,0.011912004410770862,False,False,False,False,False,False,False
N94,mlp_neuron,98,1.0,12769,0,0.0,2.0732980266259743e-05,6.824919982854056e-06,1.8082606018124452e-06,1.9089431762695312,39532.410479622115,190.2559432289557,0.004812657283497232,1,20.99807101101751,48,0.045578335685460034,False,False,False,False,False,False,False
N95,mlp_neuron,99,0.9999216853316626,12768,1,7.831466833740919e-05,0.0001397410829394334,6.876477725525932e-05,1.8687149880891223e-05,5.044094085693359,672348.0056710911,21281.078866161934,0.031651880702643916,1,82.53809345176549,48,0.1169952807096504,False,False,False,False,False,False,False
N96,mlp_neuron,100,0.9999216853316626,12768,1,0.0,9.295888793177712e-05,0.00011326357731529801,3.3106546190239566e-05,3.9569778442382812,385983.27199674817,10252.742060458564,0.026562659069186142,1,70.2405098251657,1,0.10328800786226654,False,True,True,True,True,False,False
N97,mlp_neuron,101,1.0,12769,0,0.0,1.3147374568543311e-05,6.142753974436179e-06,1.5618214667617666e-06,1.2644805908203125,21410.61366980287,134.13329559345829,0.006264803880079223,1,25.82542539591337,56,0.051998714350204395,False,False,False,False,False,False,False
N98,mlp_neuron,102,1.0,12769,0,0.0,7.709832581736685e-06,1.777521392445722e-06,4.45162927027159e-07,1.04052734375,5935.360546894677,22.232987784630794,0.0037458529450688344,1,19.6910802835827,17,0.04172228401691579,False,True,True,True,False,False,False
N99,mlp_neuron,103,1.0,12769,0,0.0,-6.698588564617693e-06,3.3329539417490713e-06,8.541941105351109e-07,1.8723678588867188,36382.57078565024,103.19767932754037,0.0028364592468062447,1,24.677600333738955,3,0.023720758562645182,False,True,True,True,True,True,False
N100,mlp_neuron,104,1.0,12769,0,0.0,-1.2524465283071488e-06,2.56739173862318e-06,6.510251131968268e-07,1.0360641479492188,12503.36446352936,101.20135598537314,0.008093929940262394,1,33.03804801021258,17,0.06473408809211377,False,False,False,False,False,False,False
N101,mlp_neuron,105,1.0,12769,0,0.0,4.435561558175727e-06,2.8412460884530745e-07,7.182931156493957e-08,0.5609397888183594,2088.0037639327616,5.289741477965758,0.0025333965241530567,1,17.132396894970665,17,0.03251729980478075,False,False,False,False,False,False,False
N102,mlp_neuron,106,1.0,12769,0,0.0,4.935390228578843e-05,8.99429354874591e-05,2.396745465201757e-05,5.479251861572266,803113.3048335634,26737.012350960747,0.03329170640063261,1,85.98266189906082,48,0.11140232332565832,False,True,True,True,True,True,False
N103,mlp_neuron,107,1.0,12769,0,0.0,-1.3258633261461214e-05,7.555061048519297e-07,1.8973052310267372e-07,0.5423965454101562,1626.7490092007608,4.554140865680197,0.0027995350480758525,1,21.652642632135475,17,0.027307386586581515,False,False,False,False,False,False,False
N104,mlp_neuron,108,1.0,12769,0,0.0,7.053114599968346e-05,1.3732505806711726e-05,3.445887439319405e-06,1.8585014343261719,27325.440946175986,310.422638404054,0.011360206007855679,1,32.345692487813274,56,0.0829098589012267,False,False,False,False,False,False,False
N105,mlp_neuron,109,1.0,12769,0,0.0,-2.1634559686407656e-05,1.6628179210521185e-06,4.1677013291911063e-07,0.9913196563720703,12831.059482616274,81.76677033084474,0.0063725657605768,1,45.08152622548618,17,0.03552321812646457,False,False,False,False,False,False,False
N106,mlp_neuron,110,1.0,12769,0,0.0,1.665040135553279e-05,1.2835269693690767e-05,3.2516551544611424e-06,2.309783935546875,114301.47498942645,3207.4722768988913,0.028061512567493997,1,65.57506964851626,56,0.11546966629350758,False,False,False,False,False,False,False
N107,mlp_neuron,111,1.0,12769,0,0.0,2.3170014243656042e-05,6.414370696905189e-06,1.6431769737829649e-06,1.2505836486816406,36282.786557946456,669.2926128774096,0.018446560376736688,1,46.34806879204317,17,0.09388269397951918,False,True,True,True,False,False,False
N108,mlp_neuron,112,1.0,12769,0,0.0,1.2216698248575936e-05,1.2908986531131206e-05,3.4746128360985126e-06,2.046875,122309.74871055334,3940.863824250251,0.032220357459619396,1,85.09839720159358,3,0.11162755944584271,False,True,True,True,True,True,True
N109,mlp_neuron,113,1.0,12769,0,0.0,5.886313104344382e-05,1.8100384503965515e-05,5.1171380068089526e-06,3.0394515991210938,177461.45299556115,4611.908019756329,0.025988224157455123,1,62.3091049130137,1,0.10624123151966659,False,False,False,False,False,False,False
N110,mlp_neuron,114,0.9998433706633253,12767,2,-0.00015662933667470735,0.0002009750274824674,0.0002990024018443252,8.335423785406781e-05,11.841865539550781,3118151.633230158,106390.83737353489,0.03411984081842819,1,76.65003571012784,56,0.12588788705594278,False,True,True,True,True,True,True
N111,mlp_neuron,115,1.0,12769,0,0.0,1.2925404587653747e-07,5.262035686180853e-06,1.3573600072550253e-06,1.8013114929199219,40378.438103453474,820.1443608884339,0.02031144341906303,1,60.20339174685842,56,0.0935701025414668,False,False,False,False,False,False,False
N112,mlp_neuron,116,1.0,12769,0,0.0,7.052564795489145e-05,1.728949377311932e-05,4.6776321861935525e-06,2.594623565673828,85708.26393504915,1149.1548793305742,0.013407748874734166,1,47.62577216564558,1,0.06812777538254323,False,False,False,False,False,False,False
N113,mlp_neuron,117,1.0,12769,0,0.0,2.6586233592619957e-05,1.6607639719058212e-05,4.427693445855714e-06,4.135040283203125,258558.13970445827,6901.7389052647295,0.026693179774396884,1,74.81549150347652,3,0.10209631353420985,False,False,False,False,False,False,False
N114,mlp_neuron,118,1.0,12769,0,0.0,-4.767476963147719e-06,2.9043698010935723e-06,7.099879064399361e-07,1.4244842529296875,32666.22906591977,666.8976343071132,0.02041550718821348,1,62.94213728042715,56,0.086944760478301,False,False,False,False,False,False,False
N115,mlp_neuron,119,1.0,12769,0,0.0,-8.403296521459092e-05,3.52944275665052e-05,8.868886696418098e-06,4.030582427978516,121733.02228167349,1750.8139223547005,0.01438240741533187,1,37.212640439952416,1,0.08291370463311257,False,False,False,False,False,False,False
N116,mlp_neuron,120,1.0,12769,0,0.0,4.8006456076450654e-05,8.015536833079385e-06,1.985635685910068e-06,1.5348854064941406,23814.854490415666,111.0079842340482,0.0046612917277627525,1,32.242766140856666,17,0.033230513934586904,False,False,False,False,False,False,False
N117,mlp_neuron,121,1.0,12769,0,0.0,6.519364288177045e-05,5.479785850017593e-06,1.4031927847567312e-06,1.383514404296875,19640.154165111893,69.92658658708349,0.003560388884894739,1,25.7101803202133,5,0.02859682884851129,False,True,True,True,True,True,False
N118,mlp_neuron,122,1.0,12769,0,0.0,-2.4542168072308468e-05,1.493693142064655e-06,3.6839317300591626e-07,0.5538654327392578,4741.613537674508,8.934769353379924,0.0018843309945841603,1,12.501014267054714,20,0.030561029255335482,False,False,False,False,False,False,False
N119,mlp_neuron,123,0.9998433706633253,12767,2,0.0,0.0005880619546942674,0.0006885802546765016,0.0001847676127704619,9.605506896972656,3888077.033872977,134131.28797656333,0.03449810454062762,1,93.03240232938117,17,0.11165338723369209,False,True,True,True,True,True,True
N120,mlp_neuron,124,1.0,12769,0,0.0,2.868372693999848e-05,9.717591077969891e-06,2.547480930331277e-06,1.228271484375,29119.083508885484,432.2421547760308,0.014843947772055915,1,53.081683228601364,17,0.08067893907236512,False,False,False,False,False,False,False
N121,mlp_neuron,125,1.0,12769,0,0.0,-8.570256669026893e-05,3.805869202924531e-05,9.527537566644106e-06,2.858736991882324,93550.04979420139,1308.4370904884313,0.01398649272092139,1,54.43838834355596,20,0.06281188861213989,False,False,False,False,False,False,False
N122,mlp_neuron,126,1.0,12769,0,0.0,-3.5117990043718756e-06,6.123153520916143e-07,1.5529782625688653e-07,0.6432008743286133,3544.3206306596617,14.755056262972259,0.004163013959667097,1,21.73372280098548,3,0.038964260835387114,False,False,False,False,False,False,False
N123,mlp_neuron,127,0.9998433706633253,12767,2,0.0,6.369593786693223e-05,6.793827739564843e-05,1.847541848913803e-05,4.4989013671875,535005.205472521,17185.226099177315,0.032121605403818795,1,79.07205970571353,56,0.11618886351576287,False,False,False,False,False,False,False
N124,mlp_neuron,128,1.0,12769,0,0.0,-3.274798383256106e-05,1.2200465717343426e-05,3.0762427195963835e-06,3.230804443359375,117256.82173561046,736.9739373864596,0.006285126327644982,1,33.945720520038776,3,0.0423082556088793,False,False,False,False,False,False,False
N125,mlp_neuron,129,1.0,12769,0,0.0,3.450413926991752e-05,1.6761668973574823e-05,4.388395713187155e-06,2.9485034942626953,87200.3889266768,526.0343255368592,0.006032476827358875,1,22.684611172809515,56,0.05326557369165271,False,False,False,False,False,False,False
N126,mlp_neuron,130,0.9999216853316626,12768,1,-7.831466833740919e-05,0.00018315125612615858,6.378226662851169e-05,1.624978345927906e-05,2.90667724609375,261239.71964256887,7654.384202719859,0.029300231271081875,1,86.55483681890779,56,0.1112031214534141,False,False,False,False,False,False,False
N127,mlp_neuron,131,1.0,12769,0,0.0,5.718559949503322e-05,1.4868071065732415e-05,3.96353957900129e-06,2.7293548583984375,181771.83888619626,5024.88949483369,0.027643938277918143,1,75.72245981645072,3,0.1047225964649039,False,False,False,False,False,False,False
N128,mlp_neuron,132,1.0,12769,0,0.0,7.458566226423071e-06,3.5813057360308485e-06,9.289369400469796e-07,1.5842857360839844,55902.533654847764,1977.802944588726,0.03537948667586401,1,74.33178016326787,48,0.13125573192584267,False,False,False,False,False,False,False
N129,mlp_neuron,133,0.9998433706633253,12767,2,0.0,8.271127644616572e-05,0.00016603539135933297,4.256960632555827e-05,6.6190185546875,1508189.1613263085,46658.79282353938,0.030936963359760136,1,85.66150589626906,56,0.10789728981906958,False,False,False,False,False,False,False
N130,mlp_neuron,134,1.0,12769,0,0.0,5.294866416738356e-05,2.800870429304401e-05,7.517157139737866e-06,4.2412261962890625,283566.4663254824,5492.8281655156015,0.019370513857625324,1,45.3780548880642,17,0.10258512065700677,False,True,False,False,False,False,False
N131,mlp_neuron,135,1.0,12769,0,0.0,4.46806728550003e-05,2.3369223699008006e-05,5.899063285974607e-06,2.179595947265625,136803.03652970755,3400.6562352069836,0.024858046440135208,1,80.15612508641634,56,0.10311783893516353,False,False,False,False,False,False,False
N132,mlp_neuron,136,1.0,12769,0,0.0,7.596587111289178e-06,1.6601795855763953e-05,4.363286599896225e-06,3.3898468017578125,181682.11217462088,3787.409922752413,0.020846355634132015,1,69.32257613382714,48,0.0831265784301332,False,False,False,False,False,False,False
N133,mlp_neuron,137,1.0,12769,0,0.0,-1.1660626225470493e-06,8.142495081159084e-06,1.9377318285375054e-06,2.251728057861328,53459.833800630455,460.0979111531215,0.008606422400581716,1,43.87950194635116,3,0.04466799513086182,False,False,False,False,False,False,False
N134,mlp_neuron,138,0.9999216853316626,12768,1,0.0,0.00035580054655961666,0.0002890957999827714,8.980291329891682e-05,10.03982925415039,2162218.6794261676,70188.92084440762,0.032461527371059014,1,89.17742172891734,3,0.10843090938825144,False,True,True,True,True,True,True
N135,mlp_neuron,139,1.0,12769,0,0.0,9.699613995055268e-06,5.068632755335326e-06,1.2880571024351458e-06,2.3207969665527344,30711.277373257082,76.26360970079422,0.002483244469902884,1,14.65512925104843,1,0.03041390684382379,False,False,False,False,False,False,False
N136,mlp_neuron,140,1.0,12769,0,0.0,-1.3899872267890455e-05,3.6707155863673004e-06,9.394671019621126e-07,1.292388916015625,14674.961423573957,31.927507666948124,0.002175645083172727,1,16.489115862927296,1,0.024227679038107377,False,False,False,False,False,False,False
N137,mlp_neuron,141,1.0,12769,0,0.0,-1.0688908806181152e-05,9.534968690736439e-06,2.374535124397248e-06,1.1210250854492188,12732.450517318364,113.42696588139081,0.008908494537411339,1,33.22525852271181,20,0.05942568284447807,False,False,False,False,False,False,False
N138,mlp_neuron,142,1.0,12769,0,0.0,4.159529906608045e-05,1.9626750783205623e-05,5.7620871639786335e-06,3.2861366271972656,274013.5744619604,7841.469046858497,0.02861708242832721,1,81.27607402411473,3,0.10142794730032388,False,False,False,False,False,False,False
N139,mlp_neuron,143,1.0,12769,0,0.0,1.5252506195371314e-05,1.9599381669046335e-06,4.959265587456999e-07,0.8630905151367188,9897.906220666511,51.11176469150648,0.00516389664157322,1,36.17219620310371,3,0.03521923693511018,False,True,True,False,False,False,False
N140,mlp_neuron,144,1.0,12769,0,0.0,-1.4192339408239905e-05,1.4463628185371934e-06,3.5866714047932395e-07,1.1485595703125,5732.131286088193,22.13294810208354,0.0038612074632344714,1,15.772083126802256,17,0.04286379406261948,False,False,False,False,False,False,False
N141,mlp_neuron,145,1.0,12769,0,0.0,1.214582841009928e-05,2.925931094425367e-05,7.503997160097679e-06,4.977485656738281,581760.5158083001,18570.369876540706,0.03192098702459889,1,89.609042109424,17,0.10844458152105971,False,False,False,False,False,False,False
N142,mlp_neuron,146,1.0,12769,0,0.0,0.0001336433321890288,3.604170628718144e-05,9.51560748236772e-06,3.888458251953125,318205.8347742667,8991.190983142975,0.02825589602881189,1,83.93282313598242,56,0.10416156243081304,False,False,False,False,False,False,False
N143,mlp_neuron,147,1.0,12769,0,0.0,0.000172142996592816,6.303055285889468e-05,1.6999175718775306e-05,5.253620147705078,1136498.651135047,30418.66726153718,0.026765247130876368,1,75.47097984455904,56,0.10302246916643618,False,False,False,False,False,False,False
N144,mlp_neuron,148,1.0,12769,0,0.0,5.51946582137391e-05,2.1584299645681618e-05,5.91378661009902e-06,7.11553955078125,281949.2932297585,1805.8622342616736,0.006404918464505918,1,26.04623328966488,1,0.0479908093953234,False,True,False,False,False,False,False
N145,mlp_neuron,149,1.0,12769,0,0.0,-3.1352729499159546e-06,6.277160666766624e-06,1.5502075589095799e-06,1.223541259765625,20630.964869196345,202.8011113218762,0.009829938280040126,1,40.55681460622513,20,0.056648533440631456,False,False,False,False,False,False,False
N146,mlp_neuron,150,1.0,12769,0,0.0,3.1087614523632456e-05,1.0942751769602817e-05,2.5353981774111057e-06,2.2410545349121094,61369.38536721893,463.3003274565912,0.007549372128860651,1,26.94093735087926,56,0.056101811490118884,False,False,False,False,False,False,False
N147,mlp_neuron,151,1.0,12769,0,0.0,3.0805359959705774e-05,6.473865067025175e-06,1.6375412666107857e-06,1.8774948120117188,50170.46213159659,166.57229143854929,0.0033201267112435984,1,18.310261058668335,48,0.037520162166033995,False,False,False,False,False,False,False
N148,mlp_neuron,152,1.0,12769,0,0.0,0.00011953709516090744,3.261527701737298e-05,8.866019760195937e-06,3.5855865478515625,198843.720799029,3466.412851568433,0.017432850469902093,1,65.77028807168315,3,0.07056306213965319,False,False,False,False,False,False,False
N149,mlp_neuron,153,1.0,12769,0,0.0,2.7303095754090644e-05,3.902624293911189e-06,9.988032072630725e-07,2.174102783203125,27697.349417476125,55.43326814852049,0.002001392527241033,1,11.063345258260796,48,0.031542212202854816,False,False,False,False,False,False,False
N150,mlp_neuron,154,1.0,12769,0,0.0,-7.048790286396408e-05,0.00010128041367101103,2.8360053162977567e-05,6.607208251953125,1085462.4349948466,40725.243251573986,0.03751879561982938,1,79.36228639718229,56,0.12942504275195793,False,False,False,False,False,False,False
N151,mlp_neuron,155,1.0,12769,0,0.0,-1.4086182064161883e-05,1.2126119891882889e-06,3.0448477616916164e-07,0.9778633117675781,9266.856470581184,17.094449628570413,0.0018446869963767022,1,16.74326846569289,3,0.021579092794293073,False,False,False,False,False,False,False
N152,mlp_neuron,156,0.9996867413266505,12765,4,-0.00031325867334952573,0.00047690605266489266,0.00043836028448901123,0.00012652310093346584,8.66552734375,3166975.500125906,100180.39381395845,0.031632828801478156,1,84.01083670486796,56,0.11140747814574113,False,True,True,True,True,True,True
N153,mlp_neuron,157,1.0,12769,0,0.0,-2.5995760604728083e-06,1.7906885400694775e-06,4.518899814443855e-07,0.9248771667480469,6025.971908493295,14.712563745727532,0.0024415254450474515,1,19.170206048871766,5,0.026440777681212,False,False,False,False,False,False,False
N154,mlp_neuron,158,1.0,12769,0,0.0,-3.868939999183713e-07,3.4697904352212682e-06,8.755917050393419e-07,1.4307632446289062,28826.35050978895,413.19567262684495,0.014333957137117671,1,50.187805102371165,3,0.0700503628825231,False,False,False,False,False,False,False
N155,mlp_neuron,159,1.0,12769,0,0.0,7.190887772675161e-05,2.8110086751578364e-05,7.737157809379233e-06,5.291110992431641,514858.86655904644,16425.16301687983,0.03190226309329008,1,89.63471543558691,3,0.10815919349796976,False,False,False,False,False,False,False
N156,mlp_neuron,160,1.0,12769,0,0.0,-2.4622004967688122e-05,1.8970871412857549e-06,4.798103146039474e-07,2.0671730041503906,18965.165709961908,30.09735455806431,0.0015869808373071559,1,11.389240101675458,3,0.02434964550734609,False,False,False,False,False,False,False
N157,mlp_neuron,161,1.0,12769,0,0.0,0.00010911944007962961,7.442464741413148e-05,2.186983843162618e-05,6.272212982177734,638292.5890342186,15922.241754362733,0.024945051889846005,1,71.04165941284435,48,0.09834630570024439,False,False,False,False,False,False,False
N158,mlp_neuron,162,1.0,12769,0,0.0,-4.456833562355763e-06,8.852366757642135e-06,2.205762076857262e-06,1.9209709167480469,37384.628579895885,420.8001227247206,0.011255966388041418,1,39.73979650784182,56,0.066645374758021,False,False,False,False,False,False,False
N159,mlp_neuron,163,1.0,12769,0,0.0,5.453422841626742e-05,9.587196836233209e-06,2.415111394449881e-06,1.3784332275390625,39514.66996473559,438.41644008735204,0.011095029782068576,1,43.88914872404463,3,0.0655797906643277,False,True,True,True,False,True,True
N160,mlp_neuron,164,1.0,12769,0,0.0,4.230982862326693e-05,7.635579194141293e-06,2.0812180503725214e-06,2.407550811767578,115782.1962845301,3252.459737391052,0.028091190543650273,1,81.54375362591956,3,0.10227860971531565,False,False,False,False,False,False,False
N161,mlp_neuron,165,1.0,12769,0,0.0,8.057931594708761e-05,0.00016964700542907183,4.7725206453664936e-05,12.834503173828125,3666472.623488718,134083.3860955358,0.036570131530929834,1,86.9076603716647,56,0.12426071974091457,False,False,False,False,False,False,False
N162,mlp_neuron,166,0.9981987626282403,12746,23,-0.0016446080350849268,0.003996458937031566,0.0037208386470636737,0.0009778969969964466,11.314064025878906,3927250.902157152,153892.94280069854,0.03918592079669994,1,95.46094712053178,3,0.127963129830184,False,True,True,True,True,True,True
N163,mlp_neuron,167,1.0,12769,0,0.0,2.6839727795508828e-05,2.987436382996549e-05,7.6232523367954785e-06,5.807659149169922,324114.47899594245,7288.26506251174,0.022486700023675837,1,74.12383689001148,3,0.08466332374088463,False,False,False,False,False,False,False
N164,mlp_neuron,168,0.9999216853316626,12768,1,7.831466833740919e-05,3.6401277792646666e-05,8.889245994132423e-05,2.2776979385080485e-05,4.922954559326172,843444.1446998313,22763.523226801004,0.026988773791182332,1,72.18242429125998,56,0.10552760108615515,False,False,False,False,False,False,False
N165,mlp_neuron,169,1.0,12769,0,0.0,-1.1934144867461246e-05,1.3267157718989458e-05,3.4451922184622665e-06,2.7938995361328125,56091.49740910304,129.03612599072605,0.0023004578581598874,1,9.157508924593714,17,0.042935809090490086,False,False,False,False,False,False,False
N166,mlp_neuron,170,1.0,12769,0,0.0,8.596829090206249e-06,1.3221970147551631e-05,3.4126985081272977e-06,1.8360671997070312,117554.59930588488,2732.497666131198,0.023244498150353586,1,61.910726323451684,1,0.09978856185653319,False,True,True,True,False,False,False
N167,mlp_neuron,171,1.0,12769,0,0.0,3.522876295588488e-05,8.571386130227491e-06,2.269796854754631e-06,2.6255874633789062,175325.79534154027,4630.653704442768,0.026411707960155583,1,67.4074832856373,56,0.10695560153443862,False,False,False,False,False,False,False
N168,mlp_neuron,172,1.0,12769,0,0.0,-1.966817805656041e-06,8.300650106744626e-07,2.0910473205929291e-07,0.991546630859375,4616.476601618924,2.5770240317959052,0.0005582231329607918,1,8.071534458643665,17,0.012916763301582089,False,False,False,False,False,False,False
N169,mlp_neuron,173,1.0,12769,0,0.0,-4.582771302248569e-06,1.742581833966078e-06,4.393547691156354e-07,1.5027885437011719,19219.43446584525,19.32816405788422,0.0010056572732268575,1,11.105558248149846,56,0.018043260466430344,False,False,False,False,False,False,False
N170,mlp_neuron,174,0.9998433706633253,12767,2,-0.00015662933667470735,0.00017834980584749698,0.00018259636763965316,4.771364845547933e-05,3.9263134002685547,447642.32191831263,14954.775245166622,0.03340786720317214,1,81.29599425461998,1,0.1139268412510519,False,False,False,False,False,False,False
N171,mlp_neuron,175,1.0,12769,0,0.0,-4.309769050675439e-06,3.288824967432562e-06,8.49834539683316e-07,1.3487014770507812,8789.09679921082,3.612641171876423,0.0004110366803788991,1,7.189005127590336,5,0.009936839135932579,False,True,False,True,False,False,False
N172,mlp_neuron,176,0.9998433706633253,12767,2,-0.00015662933667470735,0.00014490841117041782,0.0003141727088221837,8.959841416122848e-05,14.104682922363281,3348303.1267423644,112436.35563432104,0.033580100539974934,1,74.3061582895216,56,0.1254323936876995,False,True,True,True,True,True,True
N173,mlp_neuron,177,1.0,12769,0,0.0,1.2466656446315314e-06,3.792970662137849e-06,9.589814859713072e-07,1.3371429443359375,24467.86917969465,109.28092168500034,0.004466303170187381,1,22.880304508607438,56,0.03943054865222405,False,False,False,False,False,False,False
N174,mlp_neuron,178,1.0,12769,0,0.0,-6.774735719581584e-06,2.409626429444926e-06,6.017364361396883e-07,1.3111305236816406,14674.32034971026,192.3142015395789,0.01310549292617672,1,39.53988678941071,1,0.07804204261230549,False,False,False,False,False,False,False
N175,mlp_neuron,179,1.0,12769,0,0.0,-2.158895794631332e-06,4.933552329653353e-06,1.2300705077423834e-06,2.607379913330078,67983.35329772161,269.37351652169457,0.003962345242695205,1,19.266366169181797,56,0.041293509364803374,False,False,False,False,False,False,False
N176,mlp_neuron,180,1.0,12769,0,0.0,6.916724634007678e-05,1.2309837066189399e-05,3.0119020416063943e-06,0.9324951171875,9027.115504515305,16.89654309048145,0.0018717543917578002,1,13.00423198607879,20,0.025518699911881774,False,False,False,False,False,False,False
N177,mlp_neuron,181,1.0,12769,0,0.0,9.505723150426385e-05,7.798815139922576e-05,2.1706710357394684e-05,7.735813140869141,1103423.1386166778,29034.00826515224,0.026312669409444447,1,74.24618342423571,17,0.10009961870093793,False,True,True,True,True,True,True
N178,mlp_neuron,182,1.0,12769,0,0.0,-1.1925842230866516e-05,8.472819649566598e-07,2.133502963437443e-07,0.8407478332519531,5204.58427598038,2.567889089303391,0.0004933898565452053,1,6.452889230189179,56,0.013210079146825428,False,False,False,False,False,False,False
N179,mlp_neuron,183,1.0,12769,0,0.0,0.00012929374862903176,9.760407469920317e-05,3.0232852112863378e-05,5.3950605392456055,821405.491555525,28458.713655014442,0.03464636400363133,1,92.66435778106049,48,0.11454241830428966,False,False,False,False,False,False,False
N180,mlp_neuron,184,0.9998433706633253,12767,2,7.831466833740919e-05,-0.00013998988586197024,9.781710957043503e-05,2.382188914931762e-05,5.2800750732421875,324950.59660895844,4606.718405744011,0.014176673173761485,1,47.900649013049296,48,0.06461866786093125,False,False,False,False,False,False,False
N181,mlp_neuron,185,1.0,12769,0,0.0,4.056772410651827e-06,1.5216073781604578e-05,3.956583399806546e-06,3.6669540405273438,360631.7501470853,9417.223706649007,0.026113129814022615,1,69.64609096827441,17,0.10196113972545306,False,False,False,False,False,False,False
N182,mlp_neuron,186,1.0,12769,0,0.0,5.5325394905861866e-05,4.121221705333308e-05,1.1587887828781817e-05,4.140983581542969,483660.0831885184,13993.185330330438,0.028931858999156335,1,86.81199810065989,48,0.10169256715788672,False,False,False,False,False,False,False
N183,mlp_neuron,187,0.9999216853316626,12768,1,-7.831466833740919e-05,0.0002705671406381565,0.00017758207010913542,5.300755968411317e-05,7.9268646240234375,1524258.2765258327,52351.37287295509,0.034345473912909964,1,92.23149829197061,17,0.11435787667502402,False,True,True,True,True,True,True
N184,mlp_neuron,188,1.0,12769,0,0.0,8.12179552308603e-06,4.0687486784025315e-06,1.0402261672221066e-06,2.0377731323242188,46978.97626539705,103.75477765139597,0.002208536368805845,1,17.923481749328793,17,0.02471609255062231,False,True,True,True,True,True,True
N185,mlp_neuron,189,1.0,12769,0,0.0,-4.116312363374244e-05,8.448972631232832e-06,2.1034622955469643e-06,2.1841773986816406,35657.05064773532,88.03150291788322,0.002468838597661031,1,12.38236895632553,17,0.03813849220513098,False,False,False,False,False,False,False
N186,mlp_neuron,190,0.9999216853316626,12768,1,7.831466833740919e-05,-5.395009927489504e-05,7.0120440245279205e-06,1.7781795025413004e-06,1.8860626220703125,36915.35737156997,58.819003807194974,0.00159334780956215,1,11.208047551906061,20,0.024854121712230268,False,False,False,False,False,False,False
N187,mlp_neuron,191,1.0,12769,0,0.0,-1.5442793262235473e-05,2.0863163905135453e-06,5.207976366945214e-07,2.1252212524414062,20996.80079191893,81.73767194500928,0.0038928631440113383,1,25.76826279140491,56,0.033659139849986454,False,True,False,False,False,False,False
N188,mlp_neuron,192,1.0,12769,0,0.0,1.0204105853230897e-05,1.1556511060560857e-06,2.9228750723983795e-07,0.8745841979980469,6597.808532992092,5.53825964205081,0.0008394089665313796,1,7.710347191324065,17,0.021722218609208723,False,False,False,False,False,False,False
N189,mlp_neuron,193,1.0,12769,0,0.0,6.439345675025138e-05,2.396644006307807e-05,6.159491694722945e-06,2.3929710388183594,147461.40143050347,2792.4332390950685,0.018936706229603438,1,54.16021106479724,1,0.08953100559841705,False,False,False,False,False,False,False
N190,mlp_neuron,194,1.0,12769,0,0.0,1.1340711010609421e-05,3.4933867568867064e-06,8.956294002083477e-07,1.9426116943359375,43130.87280668935,385.40633691743335,0.008935741658760474,1,31.323157538485667,48,0.061324333166898344,False,False,False,False,False,False,False
N191,mlp_neuron,195,1.0,12769,0,0.0,-8.818352824271599e-06,2.290795770142234e-06,5.769245401188402e-07,3.956207275390625,24199.168978425372,17.33996180780214,0.0007165519536336757,1,9.091974777167103,3,0.013924616144442287,False,False,False,False,False,False,False
N192,mlp_neuron,196,1.0,12769,0,0.0,-3.843109197989962e-07,9.123254358515914e-07,2.338656905230461e-07,0.9742164611816406,14450.11998574009,114.84970518453567,0.007948010486962986,1,33.398101629826265,3,0.05497766433151118,False,True,False,False,False,False,False
N193,mlp_neuron,197,1.0,12769,0,0.0,4.426696972049818e-06,2.7773405815693554e-06,6.798279445256704e-07,1.1202011108398438,17553.766160113802,125.9071278825113,0.007172656097504664,1,37.694647587160105,56,0.05068326248973958,False,False,False,False,False,False,False
N194,mlp_neuron,198,1.0,12769,0,0.0,1.7777083275026702e-05,2.601280848474742e-06,6.544270591087196e-07,0.9832649230957031,6576.068457223819,13.96385149116443,0.002123434629976384,1,12.3825055983186,17,0.03377319752009015,False,False,False,False,False,False,False
N195,mlp_neuron,199,1.0,12769,0,0.0,0.00025407179815022736,0.00011079037059245032,2.9605784286444483e-05,3.89764404296875,181753.058135612,3689.841886472115,0.02030140193690167,1,61.609301576897046,20,0.07861497928837015,False,False,False,False,False,False,False
N196,mlp_neuron,200,1.0,12769,0,0.0,1.194056312855702e-05,1.8856156068899384e-06,4.7282383020110615e-07,0.8707828521728516,6251.813765527673,9.886118023122206,0.001581319980712475,1,7.7054063241908075,3,0.034178079385802036,False,False,False,False,False,False,False
N197,mlp_neuron,201,1.0,12769,0,0.0,-6.354423211836643e-05,2.069700579324357e-05,5.682423095254404e-06,3.6781463623046875,296333.729679594,8642.589341944898,0.029165054384087688,1,74.92886677342763,48,0.10979477991404595,False,False,False,False,False,False,False
N198,mlp_neuron,202,0.9999216853316626,12768,1,7.831466833740919e-05,-1.5386545986912628e-05,4.276530816105233e-05,1.1168214172827086e-05,4.1002044677734375,128832.88253321822,688.7401339151302,0.005345996459696892,1,21.663942233143462,48,0.048509094306705074,False,False,False,False,False,False,False
N199,mlp_neuron,203,0.9998433706633253,12767,2,7.831466833740919e-05,0.00022795731896582835,0.0004115229861636714,0.00011972647654013698,8.60260009765625,1431214.7869921098,45847.96742401919,0.03203430249653502,1,68.99300014137886,1,0.11873184540128785,False,True,True,True,True,True,True
N200,mlp_neuron,204,1.0,12769,0,0.0,-8.14539180622471e-05,8.322678996607773e-05,2.2106789438091193e-05,5.333965301513672,656985.3748714451,17866.81935563982,0.02719515538551507,1,61.703461483414515,48,0.11262885583187071,False,False,False,False,False,False,False
N201,mlp_neuron,205,1.0,12769,0,0.0,0.000177278224678947,6.337751567533437e-05,1.629492088443626e-05,6.344963073730469,863843.6034530688,27402.4799270244,0.03172157531466069,1,86.43510744051198,3,0.10780807167902288,False,True,True,True,True,True,True
N202,mlp_neuron,206,1.0,12769,0,0.0,8.313553623458757e-05,5.896502336765838e-05,1.6612352110704275e-05,8.110603332519531,1183400.5884279825,38121.38889214352,0.03221342735918662,1,74.97898198641474,56,0.11491279168546958,False,False,False,False,False,False,False
N203,mlp_neuron,207,1.0,12769,0,0.0,8.965285751407859e-05,1.5193774905187088e-05,3.790931414809494e-06,2.125995635986328,90892.71673860247,2275.7949322051527,0.025038254041301135,1,68.82034295056727,3,0.09864203286739835,False,False,False,False,False,False,False
N204,mlp_neuron,208,1.0,12769,0,0.0,9.15005334259139e-05,6.160135769193309e-05,1.829755130561653e-05,4.767913818359375,1012057.0809965906,36912.63015386355,0.03647287376075175,1,96.38231928302869,3,0.1146687228140741,False,True,True,True,True,True,True
N205,mlp_neuron,209,1.0,12769,0,0.0,-3.3138104438396564e-06,2.1728965422506387e-06,5.411323270274362e-07,1.8728561401367188,32992.53529920497,660.0374480161058,0.02000566012979339,1,50.69303992277888,48,0.09522324566798983,False,False,False,False,False,False,False
N206,mlp_neuron,210,1.0,12769,0,0.0,4.999043443819763e-05,3.1664041861854336e-05,8.4607908039159e-06,5.758083343505859,376656.2643075832,8483.851513765956,0.022524121640090166,1,73.23400812812787,3,0.08585125172322985,False,False,False,False,False,False,False
N207,mlp_neuron,211,1.0,12769,0,0.0,0.00017258711755697574,0.0001269804728058908,3.738452587747251e-05,6.580900192260742,1275333.6630167183,38739.34621851628,0.030375851702119185,1,73.17488524798053,48,0.11855047405701125,False,True,True,True,True,True,True
N208,mlp_neuron,212,1.0,12769,0,0.0,3.672530677229597e-05,5.4513931410857075e-06,1.3974475413838615e-06,1.6500129699707031,54805.76333454272,1012.0326756692685,0.018465807500785403,1,57.73967140901361,3,0.08331316169208258,False,False,False,False,False,False,False
N209,mlp_neuron,213,1.0,12769,0,0.0,1.787693160089734e-05,1.7748289190267937e-06,4.458163652860693e-07,1.8608589172363281,27820.613397059176,282.7514735806854,0.010163380280126179,1,36.95041123135067,3,0.06277488790513616,False,False,False,False,False,False,False
N210,mlp_neuron,214,1.0,12769,0,0.0,1.705257048591549e-05,2.932752555711613e-05,7.761380890812833e-06,2.5727882385253906,177627.3352161913,5256.667206266112,0.029593796472081227,1,89.24467832696267,17,0.10533355724669934,False,False,False,False,False,False,False
N211,mlp_neuron,215,1.0,12769,0,0.0,2.5668104880996424e-05,2.2091195163469484e-05,5.833572300250471e-06,4.280300140380859,210641.95783928956,5314.867091670384,0.025231758886923143,1,61.31912020441571,48,0.1086181782442746,False,True,False,False,False,False,False
N212,mlp_neuron,216,1.0,12769,0,0.0,-9.559160897565583e-06,7.358081882654009e-07,1.823679817212979e-07,0.5805625915527344,2248.6670286009594,2.134691363819187,0.0009493141210627862,1,9.827202245466895,17,0.019488833166736195,False,True,False,False,False,False,False
N213,mlp_neuron,217,1.0,12769,0,0.0,0.00020518163627284325,0.00014808464164152644,3.863871211038648e-05,4.504796981811523,639028.2589728213,21644.46738664095,0.03387090802749854,1,78.22013200869863,1,0.11920934900813415,False,False,False,False,False,False,False
N214,mlp_neuron,218,1.0,12769,0,0.0,0.00018431720998197932,7.863894365574526e-05,2.1931610293953995e-05,4.958965301513672,751566.4645313658,26110.1481528822,0.03474097020702355,1,94.24575633515256,3,0.11279768507818662,False,False,False,False,False,False,False
N215,mlp_neuron,219,1.0,12769,0,0.0,3.645984434855632e-05,0.00012855217903929761,3.5943798811024487e-05,8.576805114746094,2464808.203373247,77507.25030157609,0.03144555028480613,1,80.3730300782727,56,0.11428219944150261,False,False,False,False,False,False,False
N216,mlp_neuron,220,1.0,12769,0,0.0,2.2590103817617764e-05,3.2400491314421287e-06,8.488403850431993e-07,0.8928298950195312,5376.748786893175,13.50185662320244,0.0025111563062264926,1,17.087313037005323,5,0.02714430539363149,False,True,False,False,False,False,False
N217,mlp_neuron,221,1.0,12769,0,0.0,-1.783745704830755e-05,3.86742106824352e-06,9.51109892395547e-07,1.2709636688232422,23627.92323414248,199.94463500331483,0.008462217903027284,1,33.245117688552114,1,0.05684163958048996,False,False,False,False,False,False,False
N218,mlp_neuron,222,0.9996867413266505,12765,4,-0.00031325867334952573,0.0007180689488597519,0.0006502077580966287,0.000188194386819637,10.500907897949219,3175065.004346446,114325.88705744832,0.03600741619492641,1,89.60094148167545,17,0.11727595897796164,False,True,True,True,True,True,True
N219,mlp_neuron,223,1.0,12769,0,0.0,-1.4625553999627521e-05,1.1749139620950189e-06,2.9785341873203117e-07,0.7546114921569824,3175.7769021083795,10.624642091221782,0.003345525337175966,1,22.823588600705563,5,0.028776349998138922,False,False,False,False,False,False,False
N220,mlp_neuron,224,1.0,12769,0,0.0,-2.351696088376872e-06,3.3390759611588554e-06,8.404171351945999e-07,2.4303359985351562,36163.919428865156,527.2414737349347,0.014579212708733764,1,49.94421439476196,48,0.07092908941784686,False,False,False,False,False,False,False
N221,mlp_neuron,225,0.9998433706633253,12767,2,-0.00015662933667470735,0.00017543373113976571,0.00012170732573353481,3.2057886390766106e-05,5.177707672119141,690561.8821059444,21882.895098467692,0.0316885360537616,1,93.32943805413247,17,0.11005420461256638,False,False,False,False,False,False,False
N222,mlp_neuron,226,1.0,12769,0,0.0,9.587556281854268e-06,4.6072928526581866e-07,1.1577695523925707e-07,0.6761302947998047,2143.3080178034124,1.6819989467513694,0.0007847677201689286,1,9.523467484518156,1,0.016162044969160027,False,False,False,False,False,False,False
N223,mlp_neuron,227,1.0,12769,0,0.0,5.457970522127972e-05,8.252099816575153e-05,2.3003824335634722e-05,6.699897766113281,1496132.338511461,46429.76784519653,0.03103319582771044,1,93.42829339513406,17,0.10588295030004131,False,False,False,False,False,False,False
N224,mlp_neuron,228,1.0,12769,0,0.0,6.0401691737946945e-05,6.877045393115072e-05,1.923271985724844e-05,5.0463104248046875,701773.3275267445,26195.89978563264,0.03732814964335378,1,96.52831604951717,17,0.11782512674043,False,False,False,False,False,False,False
N225,mlp_neuron,229,1.0,12769,0,0.0,-6.393192980960576e-06,2.220301083748908e-06,5.615010795772012e-07,1.1987800598144531,19136.934358848004,122.18046033648156,0.006384536731192327,1,27.631077019621866,3,0.050404085563686155,False,False,False,False,False,False,False
N226,mlp_neuron,230,1.0,12769,0,0.0,7.594935799288172e-05,2.1099528412156224e-05,5.391004082652126e-06,3.9374465942382812,366119.0216600901,9252.003164270169,0.02527047931658644,1,65.7207500622328,56,0.10375989679627932,False,False,False,False,False,False,False
N227,mlp_neuron,231,1.0,12769,0,0.0,5.554852236844417e-05,3.3821262236652073e-06,8.401312594163146e-07,1.2905044555664062,12275.732990020957,77.55611875408951,0.006317840149923064,1,25.503752355185622,1,0.04893985732818927,False,False,False,False,False,False,False
N228,mlp_neuron,232,0.9999216853316626,12768,1,7.831466833740919e-05,-3.5861584444150073e-06,2.1679681737012122e-05,5.5022131647094455e-06,4.515277862548828,380968.74124883354,11490.64909186694,0.030161658550252837,1,72.7418762829765,56,0.11550965045561139,False,False,False,False,False,False,False
N229,mlp_neuron,233,0.9999216853316626,12768,1,7.831466833740919e-05,-5.608815048435993e-05,1.712434441110244e-05,4.350788060575756e-06,2.3041458129882812,68338.71235931628,1368.030972074743,0.02001838964834177,1,66.4018526174717,3,0.0822431545731111,False,False,False,False,False,False,False
N230,mlp_neuron,234,1.0,12769,0,0.0,9.83582173003355e-07,3.7313508484187917e-06,9.284416079284416e-07,2.303516387939453,48587.17822479809,68.0071519353151,0.0013996933845523338,1,12.009713582131113,56,0.021938839374656814,False,False,False,False,False,False,False
N231,mlp_neuron,235,1.0,12769,0,0.0,1.815408377209282e-05,6.489317835395846e-07,1.6435449426148093e-07,0.94525146484375,8508.914621800493,15.299975360245757,0.0017981112797919071,1,15.181871684617228,17,0.023089717120693375,False,True,True,True,True,True,False
N232,mlp_neuron,236,1.0,12769,0,0.0,5.176151264623427e-05,9.221602629297916e-06,2.305520182177686e-06,3.3752212524414062,81956.6598991296,421.2033368105262,0.005139342395467723,1,19.76965284761004,17,0.05054200637956136,False,True,False,False,False,False,False
N233,mlp_neuron,237,1.0,12769,0,0.0,7.482894128447342e-06,3.984513758229655e-05,1.0138960831417429e-05,3.891132354736328,680046.4003956493,20061.14652916672,0.029499673136267165,1,79.8991104877312,56,0.10736477682028726,False,False,False,False,False,False,False
N234,mlp_neuron,238,1.0,12769,0,0.0,-1.0309758608913547e-05,1.4838756108209974e-06,3.6907886892677415e-07,0.8282089233398438,8389.149545352566,117.86559626988756,0.014049766979679475,1,47.534942845208725,1,0.0716678866594615,False,False,False,False,False,False,False
N235,mlp_neuron,239,1.0,12769,0,0.0,-7.876047800555396e-05,9.542951653883129e-06,2.378994880958506e-06,1.152679443359375,18741.82824029089,77.82897317979376,0.0041526884240929195,1,28.184565054230642,20,0.03258984208749942,False,False,False,False,False,False,False
N236,mlp_neuron,240,1.0,12769,0,0.0,1.2027419525467709e-06,1.8589815057175395e-05,4.909406179414242e-06,3.4157485961914062,278767.35996170086,8802.715121129058,0.0315772805049287,1,90.09303970345208,3,0.10792761779751459,False,False,False,False,False,False,False
N237,mlp_neuron,241,1.0,12769,0,0.0,-1.5316558229002113e-05,3.8008792884488445e-05,9.704060857265728e-06,4.867828369140625,687428.1413349138,25321.20530181545,0.036834694100017946,1,97.509973001607,56,0.12519500334687164,False,True,True,True,True,True,True
N238,mlp_neuron,242,1.0,12769,0,0.0,-6.421172346467922e-05,2.010549503998163e-05,4.899855803764874e-06,3.5232315063476562,178773.76291516345,4780.104521825236,0.026738288907045157,1,58.15436904167963,56,0.12095880151838675,False,False,False,False,False,False,False
N239,mlp_neuron,243,1.0,12769,0,0.0,8.162015177310051e-05,2.031550051643737e-05,5.2525836990064296e-06,4.334388732910156,467613.76434148673,13101.033398474296,0.02801678307507419,1,78.93298788172238,56,0.1047222141763577,False,False,False,False,False,False,False
N240,mlp_neuron,244,1.0,12769,0,0.0,3.546914767501544e-05,3.7203914885837523e-06,9.404253260822265e-07,1.4787635803222656,9290.52050009884,30.67374835699442,0.003301617854098496,1,25.835367765123554,5,0.02816523108820045,False,False,False,False,False,False,False
N241,mlp_neuron,245,1.0,12769,0,0.0,1.795873870440558e-05,4.986015057178058e-06,1.273127474546919e-06,1.5209121704101562,35011.09378689971,381.27225971151927,0.010890041368949803,1,35.37985835367483,1,0.06715347148752716,False,False,False,False,False,False,False
N242,mlp_neuron,246,1.0,12769,0,0.0,-1.5567429534632006e-05,1.0598181176702261e-05,2.8451093693628495e-06,1.233489990234375,27851.75669847674,635.5345306079544,0.02281847200836394,1,59.73235512987333,1,0.09986675661532647,False,True,False,False,False,False,False
N243,mlp_neuron,247,1.0,12769,0,0.0,2.881660431606689e-06,1.3193818625751778e-06,3.3231418540393887e-07,0.7403125762939453,2472.5249489121256,4.407119558896215,0.0017824368408639445,1,14.870564111417378,20,0.023176499062978445,False,False,False,False,False,False,False
N244,mlp_neuron,248,0.9999216853316626,12768,1,7.831466833740919e-05,-8.740677432871155e-05,3.327158874148904e-05,8.252775892889212e-06,2.962848663330078,221937.35341181766,4109.263437054758,0.018515420562981035,1,51.70468712362027,56,0.09062770397434342,False,False,False,False,False,False,False
N245,mlp_neuron,249,1.0,12769,0,0.0,2.603065984920546e-05,2.244942956079619e-06,5.583747592181394e-07,0.8045063018798828,9067.76169134902,107.03048835337859,0.01180340772028555,1,57.66761058967874,3,0.05457765897890664,False,False,False,False,False,False,False
N246,mlp_neuron,250,1.0,12769,0,0.0,-2.9243458773201263e-05,4.03886572835891e-06,9.877402585148853e-07,1.6227874755859375,17707.071126573835,63.68790027845608,0.003596749559721181,1,21.689970233365816,48,0.03351402518737326,False,False,False,False,False,False,False
N247,mlp_neuron,251,1.0,12769,0,0.0,-2.9323491692995717e-06,1.7045209301810925e-06,4.3251350789541776e-07,1.4844131469726562,15828.210065211342,97.27247149388688,0.006145513048735752,1,32.57736415231833,3,0.04069325030920082,False,False,False,False,False,False,False
N248,mlp_neuron,252,0.9999216853316626,12768,1,-7.831466833740919e-05,6.609864934752616e-05,4.550284791339965e-05,1.2509349274222168e-05,3.7367172241210938,432878.7734823498,13960.290920104291,0.032249885592215366,1,90.72411945473557,3,0.10949494034088084,False,True,True,True,True,True,True
N249,mlp_neuron,253,1.0,12769,0,0.0,1.8471255339617878e-05,2.185715190938313e-06,5.52309983006253e-07,0.7704391479492188,7202.192068805045,14.472539333199178,0.0020094631183031468,5,9.981158971555942,3,0.03924067783868748,False,False,False,False,False,False,False
N250,mlp_neuron,254,1.0,12769,0,0.0,6.761222066095618e-05,1.5376278758136318e-05,3.8342696458779486e-06,3.953134536743164,266071.60759461747,4468.052487116027,0.016792669189729863,1,54.56460720676439,56,0.07577523292865435,False,False,False,False,False,False,False
N251,mlp_neuron,255,1.0,12769,0,0.0,5.156087840307378e-06,9.114639150290153e-06,2.3344933439476214e-06,1.8077640533447266,36686.41848091851,167.13096024148697,0.0045556630263162865,1,25.26647115388514,20,0.03948283547239232,False,False,False,False,False,False,False
N252,mlp_neuron,256,1.0,12769,0,0.0,4.269215230457693e-06,2.858661534845149e-06,7.233731310495167e-07,2.1815948486328125,41372.040012460915,222.59703428001512,0.005380373658465252,1,28.07384250670924,3,0.0389028961408246,False,False,False,False,False,False,False
N253,mlp_neuron,257,1.0,12769,0,0.0,1.9939342336300868e-05,6.38533079620321e-05,1.83794742663032e-05,4.833553314208984,480924.29645118973,13671.861259031979,0.028428302250309727,1,77.23540944893256,48,0.1039991670018958,False,False,False,False,False,False,False
N254,mlp_neuron,258,1.0,12769,0,0.0,-3.346942261668205e-05,3.277695254512202e-05,8.711904557833339e-06,5.161258697509766,672803.0830453987,21074.595916912305,0.03132357215356318,1,86.59825000061518,17,0.10805693315761056,False,False,False,False,False,False,False
N255,mlp_neuron,259,1.0,12769,0,0.0,1.788907776864297e-05,7.974961573654584e-06,1.979993672697965e-06,1.6926803588867188,70836.57475105507,770.3168203271287,0.010874563359878651,1,39.959495614194495,56,0.07116587704432312,False,False,False,False,False,False,False
N256,mlp_neuron,260,1.0,12769,0,0.0,0.00021910986732575299,7.044033684139058e-05,1.8393143258617935e-05,3.6626663208007812,429747.20691171975,11639.161681248013,0.027083740147818978,1,76.46963369551322,48,0.10333194207367095,False,False,False,False,False,False,False
N257,mlp_neuron,261,1.0,12769,0,0.0,7.201038492432002e-05,1.9827162580076448e-05,5.020189288006057e-06,2.3940086364746094,160537.0055803688,4664.241285663196,0.029053994552851937,1,66.21117559994912,1,0.11226732192951928,False,True,True,True,False,False,False
N258,mlp_neuron,262,1.0,12769,0,0.0,-1.0067722869058987e-05,7.471001057472193e-06,1.8652961291314424e-06,2.04986572265625,48077.3235996654,189.29157143049898,0.003937231885175413,1,21.076852481715928,17,0.039439228781786094,False,False,False,False,False,False,False
N259,mlp_neuron,263,1.0,12769,0,0.0,1.0677337957215116e-05,4.85021935545007e-06,1.2312425427361355e-06,1.6842422485351562,22117.580238654402,24.11635992935069,0.0010903706313768928,1,10.17690215995224,56,0.02037368615317309,False,False,False,False,False,False,False
N260,mlp_neuron,264,1.0,12769,0,0.0,-6.991640038984492e-05,5.497818475452564e-06,1.4230705994046708e-06,1.3103256225585938,16696.965157724517,117.4199645598404,0.0070324135823879586,1,20.90482142184955,56,0.06632404056877833,False,False,False,False,False,False,False
N261,mlp_neuron,265,1.0,12769,0,0.0,2.4804125693207377e-06,1.1294874286708605e-06,2.820358607306103e-07,0.69342041015625,3968.8525524347015,2.1413752642347292,0.0005395451798583693,1,7.687870738712213,17,0.012565300774168517,False,False,False,False,False,False,False
N262,mlp_neuron,266,1.0,12769,0,0.0,2.665345433690335e-05,1.8858402683616674e-05,4.748190838541855e-06,3.5269784927368164,108570.62033814486,437.63268341096006,0.004030857353931905,1,21.292975270027277,48,0.0344600544638297,False,False,False,False,False,False,False
N263,mlp_neuron,267,1.0,12769,0,0.0,8.852021191217566e-06,6.071985036455665e-06,1.5233282565278513e-06,1.5169258117675781,18075.95958017587,28.89998468213226,0.0015988077730505236,1,11.202016236705324,48,0.024432165989653136,False,False,False,False,False,False,False
N264,mlp_neuron,268,1.0,12769,0,0.0,2.591848769675927e-05,8.410513848640157e-07,2.1286108720708395e-07,0.544647216796875,3213.149556522951,14.318243200321385,0.004456139668710473,1,19.988575066641953,3,0.06290204781662506,False,False,False,False,False,False,False
N265,mlp_neuron,269,1.0,12769,0,0.0,-1.8516758477430057e-05,5.1609992033596425e-06,1.2615222027099993e-06,2.4840545654296875,39995.81052361062,516.4741418986652,0.012913206036761684,1,59.294761830570515,3,0.055357292163943445,False,False,False,False,False,False,False
N266,mlp_neuron,270,1.0,12769,0,0.0,-3.8038139783345276e-06,4.369052879026418e-06,1.1150156455635296e-06,2.423267364501953,52825.127218667454,122.505376720657,0.002319073955346118,1,13.568763119988374,17,0.031106478512224967,False,False,False,False,False,False,False
N267,mlp_neuron,271,1.0,12769,0,0.0,3.2951138996891284e-05,2.90856656546012e-06,7.334393646114631e-07,1.3010406494140625,13153.77025068943,42.74720693259159,0.003249806414275107,1,14.721051568701993,1,0.043589373444506405,False,False,False,False,False,False,False
N268,mlp_neuron,272,0.9998433706633253,12767,2,-0.00015662933667470735,0.00015940368162569427,0.00012622459460824651,3.3673584676370084e-05,7.0928802490234375,1047742.8505806213,36568.15972781978,0.03490184610427552,1,85.64929020547338,56,0.12201517672612909,False,False,False,False,False,False,False
N269,mlp_neuron,273,1.0,12769,0,0.0,4.3953523641479574e-05,5.6311222790585175e-06,1.452519151462835e-06,1.5466461181640625,76083.52968698104,2252.3287109953394,0.029603367775677007,1,87.514397554998,3,0.10278883310048383,False,False,False,False,False,False,False
N270,mlp_neuron,274,0.9999216853316626,12768,1,0.0,-1.051295449965928e-05,4.792735312783033e-05,1.2570945300896218e-05,3.4905776977539062,229646.0879277067,6197.952608372007,0.026989149540065933,1,59.980966975799845,1,0.11049095691828319,False,False,False,False,False,False,False
N271,mlp_neuron,275,1.0,12769,0,0.0,1.1318269398489806e-05,2.497707341586261e-06,6.194277824202486e-07,1.852691650390625,30080.560755788123,81.0046341053685,0.002692923006423061,1,18.726318453567313,56,0.028176898931393645,False,True,True,False,False,False,False
N272,mlp_neuron,276,1.0,12769,0,0.0,-3.372992551778104e-05,1.2621906301495738e-05,3.3127440052039904e-06,2.628467559814453,112214.98125627312,1153.6230245694128,0.010280472461469329,1,27.857721892753144,48,0.07925723784399819,False,False,False,False,False,False,False
N273,mlp_neuron,277,1.0,12769,0,0.0,0.00021724837216786637,0.00011163087803786163,3.236831995115121e-05,4.703132629394531,685379.4363489662,25781.616888395405,0.03761656028919504,1,95.53361543151249,3,0.1208686736099471,False,False,False,False,False,False,False
N274,mlp_neuron,278,1.0,12769,0,0.0,2.3479718819498794e-05,6.276343126162985e-05,1.7701189478115305e-05,6.339466094970703,1329935.5874723583,42667.60769289592,0.03208246180853683,1,87.97238526557894,17,0.10944914226513679,False,False,False,False,False,False,False
N275,mlp_neuron,279,0.9999216853316626,12768,1,7.831466833740919e-05,-1.5854931690552224e-05,7.76304633158124e-06,1.908710039085035e-06,1.419891357421875,22518.6959758376,167.11285843910656,0.0074210717449366284,1,32.32369354315107,1,0.045073048515634644,False,False,False,False,False,False,False
N276,mlp_neuron,280,1.0,12769,0,0.0,1.996767019306388e-05,1.6873012285872954e-05,4.2867702314005215e-06,2.0005569458007812,124430.80019567435,4457.056518103452,0.0358195600373419,1,85.84116944265254,17,0.1346444775532993,False,False,False,False,False,False,False
N277,mlp_neuron,281,0.9999216853316626,12768,1,-7.831466833740919e-05,0.00017560925036281074,0.00017579988701072594,4.9451943260147106e-05,12.057395935058594,2432729.6488567144,83377.7271846593,0.03427332224270934,1,80.37749268085592,56,0.12366691669438912,False,False,False,False,False,False,False
N278,mlp_neuron,282,1.0,12769,0,0.0,0.00040828403147024684,0.0003450558781742016,0.00010793627196581949,12.529869079589844,3707213.94508541,111316.78861986543,0.03002707431208177,1,76.51488206350845,56,0.11221585295833075,False,False,False,False,False,False,False
N279,mlp_neuron,283,0.9999216853316626,12768,1,7.831466833740919e-05,5.556831479965464e-05,0.00011397781352526131,2.6679067784385706e-05,4.66168212890625,860152.689094995,29399.672660386357,0.03417959745184202,1,93.61427754865407,17,0.11239035263669847,False,False,False,False,False,False,False
N280,mlp_neuron,284,1.0,12769,0,0.0,3.5506793790734785e-05,3.510345440860794e-06,8.662627029840276e-07,1.1530532836914062,15699.920627712045,112.43109079759279,0.007161252178507186,1,37.9894782798522,56,0.044901255005324096,False,False,False,False,False,False,False
N281,mlp_neuron,285,1.0,12769,0,0.0,0.0001926962769312104,6.020514330592276e-05,1.5507304720356816e-05,4.699756622314453,399379.1041324615,5264.2773664427905,0.013181153725801326,1,44.557251442011065,1,0.06958630377879738,False,False,False,False,False,False,False
N282,mlp_neuron,286,0.9997650559949879,12766,3,-7.831466833740919e-05,0.00022060056351721363,0.0003056363897884265,8.072120032803773e-05,12.091354370117188,3167392.473058212,106154.42820243987,0.0335147693585142,1,81.3527834214255,56,0.12148013301962093,False,True,True,True,True,True,True
N283,mlp_neuron,287,0.9996867413266505,12765,4,-0.00031325867334952573,0.0010917115540897357,0.0007651476087463326,0.00021977244082500087,14.88870620727539,4416069.472265123,141760.13563930386,0.03210097498004061,1,80.16474626542998,56,0.11690712543579719,False,True,True,True,True,True,True
N284,mlp_neuron,288,1.0,12769,0,0.0,1.4394087663805073e-05,6.317687227222001e-06,1.662019215425784e-06,2.5521163940429688,27667.772805244196,124.7453130679401,0.004508686475996206,1,21.445212204209287,17,0.048960317009252526,False,False,False,False,False,False,False
N285,mlp_neuron,289,1.0,12769,0,0.0,7.859242219944982e-05,1.499711415354812e-05,3.7822880115733634e-06,2.577878952026367,67819.0932964723,650.2197911384383,0.009587562433133565,1,34.33797776145099,48,0.0625852623500238,False,False,False,False,False,False,False
N286,mlp_neuron,290,1.0,12769,0,0.0,-5.386452146434462e-07,7.311505993216693e-07,1.8559408257023348e-07,0.7017288208007812,7738.047450727853,21.854284219907182,0.0028242634022425817,1,17.07718220424168,56,0.03392293216605529,False,True,True,False,False,False,False
N287,mlp_neuron,291,1.0,12769,0,0.0,-1.6476898774086916e-05,4.7288609693916425e-06,1.1313744960070762e-06,2.1097869873046875,48745.82915596648,146.13842666544326,0.002997967809673742,1,17.812195990392517,56,0.03213873355744964,False,False,False,False,False,False,False
N288,mlp_neuron,292,1.0,12769,0,0.0,0.00016013407630752793,6.789971089899132e-05,1.858474311236376e-05,3.9415283203125,476548.8558179722,14194.126548306878,0.02978524945557444,1,66.2076282647302,1,0.11620588057858018,False,True,True,True,True,True,True
N289,mlp_neuron,293,0.9999216853316626,12768,1,-7.831466833740919e-05,0.0004883685852375729,0.0002564573728743535,7.411558854599179e-05,8.82009506225586,2768621.052379557,83319.57354975563,0.030094249799243796,1,81.52359208546079,56,0.10901924002280859,False,False,False,False,False,False,False
N290,mlp_neuron,294,1.0,12769,0,0.0,1.4723672876763329e-05,3.189196699373805e-06,8.09215944589874e-07,1.1710777282714844,16053.046612285358,182.0002634148815,0.011337428203540948,1,33.42179434480065,17,0.07023197333634082,False,True,True,True,True,True,False
N291,mlp_neuron,295,0.9999216853316626,12768,1,-7.831466833740919e-05,0.00020963139918209997,7.95408226319718e-05,2.2062734190140165e-05,5.433685302734375,609985.5203656123,17924.178298295046,0.029384596354929335,1,79.62169379372963,56,0.11139012599209332,False,False,False,False,False,False,False
N292,mlp_neuron,296,1.0,12769,0,0.0,4.2606212096493734e-05,4.26571140462026e-06,1.052367946039915e-06,2.1532325744628906,27976.25697164524,40.606907871115276,0.0014514775122444568,1,15.456084014903697,17,0.02003293730578912,False,False,False,False,False,False,False
N293,mlp_neuron,297,0.9999216853316626,12768,1,7.831466833740919e-05,-3.595835020732733e-05,1.3992781614205922e-05,3.5803912729812654e-06,2.369335174560547,181691.06947953877,4395.986374429837,0.024194840104262216,1,73.48557029257674,3,0.09412440492631072,False,False,False,False,False,False,False
N294,mlp_neuron,298,1.0,12769,0,0.0,0.00029549015247550144,0.00021040105047158344,5.999847220698969e-05,6.351978302001953,1230859.4135389933,47095.14847054488,0.03826200454131143,1,87.57178049139736,17,0.1372382925523783,False,False,False,False,False,False,False
N295,mlp_neuron,299,1.0,12769,0,0.0,8.880738646648728e-05,0.00020926206652925172,6.075762188568616e-05,13.596084594726562,2646341.172290775,87816.83245760205,0.03318424448710988,1,78.37896233748751,56,0.12159345057390906,False,False,False,False,False,False,False
N296,mlp_neuron,300,1.0,12769,0,0.0,8.592229318598156e-06,1.5719731335151532e-06,3.9816814427996336e-07,1.6976318359375,14381.518641637958,31.352673375508658,0.002180066942633939,1,15.034711583976172,56,0.026866239334353285,False,False,False,False,False,False,False
N297,mlp_neuron,301,1.0,12769,0,0.0,4.988929145123772e-05,2.4572948076290077e-05,6.423011805732475e-06,3.0594558715820312,98610.53396857381,821.8123286462067,0.008333920277808353,1,34.00195474748686,1,0.05333872894859274,False,True,True,True,True,True,True
N298,mlp_neuron,302,1.0,12769,0,0.0,3.571218073509944e-06,4.422959107713994e-06,1.138386767520842e-06,0.9537200927734375,25089.112413880906,466.9374499380764,0.018611158586851268,1,66.16424766029762,1,0.07695914191175082,False,True,True,True,False,False,False
N299,mlp_neuron,303,1.0,12769,0,0.0,1.1668834732213524e-05,6.344083340228197e-06,1.69586071003245e-06,1.8045234680175781,40968.36168970216,94.23515130556729,0.0023001933057346133,1,13.145317446431928,17,0.030700787614701935,False,False,False,False,False,False,False
N300,mlp_neuron,304,1.0,12769,0,0.0,4.9638416437854105e-05,1.5021588439242864e-05,4.055071098958673e-06,2.415081024169922,141465.7339305509,3038.7296327653744,0.021480322819780257,1,58.756381448104804,1,0.09621518561309739,False,False,False,False,False,False,False
N301,mlp_neuron,305,1.0,12769,0,0.0,-2.2105178423580726e-06,2.5554901202138615e-06,6.3408948013942e-07,1.5890922546386719,31222.667148022185,367.42586728370134,0.011767920579679757,1,49.7577546947252,3,0.056334953409265004,False,False,False,False,False,False,False
N302,mlp_neuron,306,1.0,12769,0,0.0,6.23098951413974e-05,1.488529223758579e-05,3.869237379480544e-06,3.0364913940429688,81984.96080004677,311.30872060978265,0.003797144227086159,1,18.880803096255224,3,0.03721877598591175,False,False,False,False,False,False,False
N303,mlp_neuron,307,1.0,12769,0,0.0,4.427856821901939e-05,2.394736118491333e-05,6.313135859460157e-06,4.548002243041992,435615.7385186293,13715.513348356104,0.031485348520688385,1,79.95666129653038,17,0.1109690885283283,False,False,False,False,False,False,False
N304,mlp_neuron,308,1.0,12769,0,0.0,2.7955221295704064e-05,4.955071900812303e-06,1.280648329871202e-06,2.0104217529296875,77253.51190611298,1643.924845006681,0.02127961311331141,1,63.10072383802003,48,0.09303829964147382,False,False,False,False,False,False,False
N305,mlp_neuron,309,1.0,12769,0,0.0,-3.7839011101306955e-05,6.447358509826691e-06,1.627433883352523e-06,1.975311279296875,36262.39715716494,325.4792878183269,0.008975669380258188,1,26.26980493779898,48,0.0744732166236657,False,True,False,True,False,False,False
N306,mlp_neuron,310,1.0,12769,0,0.0,4.099714128111493e-06,2.5058047036605595e-06,6.284048452012981e-07,0.704071044921875,4573.134295886248,11.376248419859433,0.0024876261408052045,1,19.081235018228988,17,0.028100914867185887,False,False,False,False,False,False,False
N307,mlp_neuron,311,1.0,12769,0,0.0,-1.6200390689611807e-05,1.7018998589787757e-06,4.2893866324839447e-07,1.6776161193847656,28809.403991364503,85.08915537032215,0.0029535201559819585,1,21.73126095727295,3,0.02823442556286038,False,True,True,True,True,True,False
N308,mlp_neuron,312,1.0,12769,0,0.0,0.00020454969084357272,0.00017751612557103614,5.434121339060984e-05,5.86370849609375,1161590.5581150744,39778.15933159745,0.03424456152273302,1,96.68699878109578,48,0.1124058678706039,False,True,True,False,False,False,False
N309,mlp_neuron,313,1.0,12769,0,0.0,2.8315474692837015e-05,2.4965623594573107e-05,6.876377303460531e-06,4.431526184082031,290399.9995442195,6992.237920701174,0.02407795431017712,1,71.03596724064343,48,0.09576227891139318,False,True,True,True,False,False,False
N310,mlp_neuron,314,1.0,12769,0,0.0,6.59389396763584e-05,1.4122957828058536e-05,3.7350409105038772e-06,2.4711074829101562,156832.26339084568,4419.8852541061215,0.028182244893649292,1,65.799891807086,17,0.11833324848178843,False,False,False,False,False,False,False
N311,mlp_neuron,315,1.0,12769,0,0.0,-8.73566492558043e-05,5.397908875635023e-05,1.4797888736522053e-05,5.4113922119140625,781558.3537404019,26370.541819147886,0.033740976208549336,1,86.2546537309039,56,0.11984999379589968,False,False,False,False,False,False,False
N312,mlp_neuron,316,1.0,12769,0,0.0,3.168342647761973e-05,2.2820613130220147e-05,6.188012523728125e-06,3.3183746337890625,358554.7611604705,11381.063108808892,0.03174149207215608,1,84.40082845417665,17,0.11020830671457267,False,True,False,False,False,False,False
N313,mlp_neuron,317,1.0,12769,0,0.0,8.176512538191007e-05,2.167497101559811e-05,5.724430295893197e-06,3.877838134765625,280657.08074836707,9167.0790296995,0.032662917341175386,1,76.2382615805659,17,0.12281528982391289,False,False,False,False,False,False,False
N314,mlp_neuron,318,1.0,12769,0,0.0,0.00016487207925712662,0.00020998176840805722,5.517214090521184e-05,6.442710876464844,1449869.4100344668,52359.01110259567,0.03611291523238012,1,91.46972924398263,17,0.11875348209640316,False,True,True,True,True,True,True
N315,mlp_neuron,319,1.0,12769,0,0.0,-2.5014494923892303e-05,8.477028560315321e-07,2.1533466024495198e-07,0.5950851440429688,2962.6275697559686,3.574298063942121,0.0012064621623151018,1,7.269728738338339,1,0.031116271495159793,False,False,False,False,False,False,False
N316,mlp_neuron,320,1.0,12769,0,0.0,1.8697260531800155e-05,7.933474988236843e-06,2.0722551621367834e-06,2.0114593505859375,62499.468819116286,690.7766396270191,0.011052520168231189,1,33.79239512715645,56,0.07027063818305455,False,False,False,False,False,False,False
N317,mlp_neuron,321,1.0,12769,0,0.0,1.2465566869846985e-05,5.777949211071027e-06,1.4784420771782106e-06,2.2433242797851562,38492.40975582388,30.93526778270887,0.0008036718921716347,1,10.069773767651839,3,0.013761994818216869,False,False,False,False,False,False,False
N318,mlp_neuron,322,1.0,12769,0,0.0,6.330279046416211e-05,8.119973225784466e-05,2.359637693266133e-05,6.6156768798828125,572747.8768017323,15647.898093288148,0.02732074395573005,1,79.09834264207161,48,0.0985909150246389,False,True,True,True,True,True,True
N319,mlp_neuron,323,1.0,12769,0,0.0,0.00030784300836224766,0.00012590636089036147,3.630846718496919e-05,7.453725814819336,1260077.4770168741,37138.498629682195,0.02947318661516308,1,75.62794908241472,48,0.10876779083627486,False,True,True,False,False,False,False
N320,mlp_neuron,324,1.0,12769,0,0.0,-3.420982524093624e-06,3.1422400023497075e-06,8.069153455500188e-07,1.3946800231933594,15959.389612838939,110.99641683965636,0.006954928699175466,1,30.88603168295654,17,0.04499949537517566,False,False,False,False,False,False,False
N321,mlp_neuron,325,1.0,12769,0,0.0,1.502579141278871e-05,4.7040460591013006e-05,1.2821892985378381e-05,3.211517333984375,167708.52621262558,3600.0052556952915,0.021465845160019495,1,65.09092295180555,1,0.09123200626333144,False,False,False,False,False,False,False
N322,mlp_neuron,326,1.0,12769,0,0.0,0.0002175301358714307,0.00020208409695889848,5.914002242763927e-05,7.088172912597656,2015788.5830637277,72563.66853417324,0.03599765825833095,1,94.46843828924781,17,0.11254728097498251,False,True,True,True,True,True,True
N323,mlp_neuron,327,1.0,12769,0,0.0,2.719940157563526e-05,3.0056162456263284e-06,7.450763773788606e-07,1.4447026252746582,46093.85860447712,475.8706039803408,0.01032394810041178,1,36.827194053407545,3,0.06801240597447376,False,False,False,False,False,False,False
N324,mlp_neuron,328,1.0,12769,0,0.0,3.5711006233775985e-05,2.4980913487747063e-06,6.275925238628313e-07,0.8360786437988281,7359.422900506768,8.989071432021062,0.0012214370003661669,1,12.015657380179281,17,0.020931558418687542,False,False,False,False,False,False,False
N325,mlp_neuron,329,1.0,12769,0,0.0,-7.167123118168527e-05,4.657621074307366e-06,1.1882347164511622e-06,2.204132080078125,44491.45931423816,455.73011823267956,0.01024309216323765,1,43.66608376774953,3,0.05616461245376216,False,True,True,True,False,False,False
N326,mlp_neuron,330,1.0,12769,0,0.0,9.002063595316373e-05,5.614395055556215e-05,1.6297348051356047e-05,4.752803802490234,581159.1173437459,19561.967985508367,0.03366026171097267,1,92.09275479929542,48,0.10844598026124493,False,True,True,True,True,True,True
N327,mlp_neuron,331,1.0,12769,0,0.0,7.539725289107814e-05,2.471484488163649e-05,6.452608950474425e-06,4.03497314453125,409225.7421411818,10676.092535926757,0.02608851652407422,1,72.39848597411563,56,0.10052067524630681,False,False,False,False,False,False,False
N328,mlp_neuron,332,1.0,12769,0,0.0,3.678390775256222e-05,2.43745410279036e-06,6.053595625326797e-07,1.0230712890625,8343.15696182793,22.00310820523544,0.0026372640843154776,1,18.047495286831015,3,0.03207966293817688,False,False,False,False,False,False,False
N329,mlp_neuron,333,0.9996867413266505,12765,4,0.00015662933667481838,-1.853804814710828e-05,0.0003288985166067457,8.708795909898737e-05,9.234527587890625,1028071.8795930224,13471.344741421803,0.013103504734274646,1,30.729698154429055,48,0.08665681161978475,False,True,True,True,True,True,True
N330,mlp_neuron,334,1.0,12769,0,0.0,0.0001605718042547832,0.00015678225766630111,4.948974012182948e-05,8.098320007324219,1082602.4895714656,34659.96156953595,0.03201540907526978,1,80.59084642500825,48,0.1144287571007809,False,True,True,True,True,True,True
N331,mlp_neuron,335,0.9998433706633253,12767,2,-0.00015662933667470735,0.00042032651194985984,0.0002911062808159956,7.067878385405328e-05,5.810401916503906,996068.8992518799,33988.124177717604,0.03412226222829079,1,91.89791175779781,17,0.11461453537544133,False,True,True,True,True,True,True
N332,mlp_neuron,336,1.0,12769,0,0.0,2.0818483785593972e-05,1.2666624824887653e-05,3.2740055411777228e-06,1.6086997985839844,80713.86068107364,1411.4077682269033,0.017486560007379998,1,47.69732721296522,1,0.09037710210504388,False,False,False,False,False,False,False
N333,mlp_neuron,337,0.9998433706633253,12767,2,-0.00015662933667470735,0.00022315560322571574,0.00012445232369488144,3.396421623983794e-05,7.018043518066406,808076.9147987702,27646.154112124063,0.03421228054634947,1,83.90151460737182,56,0.12115446638541115,False,False,False,False,False,False,False
N334,mlp_neuron,338,1.0,12769,0,0.0,1.5470218259907393e-05,1.031055566713899e-05,2.6069458242943297e-06,2.4775619506835938,74620.14512246336,1092.6085015724636,0.014642272536180702,1,45.515703113288325,17,0.07971653930712906,False,False,False,False,False,False,False
N335,mlp_neuron,339,1.0,12769,0,0.0,5.5468028097699004e-05,1.5453607695966237e-05,3.7925975285042546e-06,2.3174819946289062,66218.76280636505,498.0780652783182,0.0075217059964527485,1,28.6835746273292,48,0.057546126717005104,False,False,False,False,False,False,False
N336,mlp_neuron,340,1.0,12769,0,0.0,5.588772936196982e-06,1.7750977929788183e-06,4.586880393603849e-07,1.284963607788086,14382.727107528019,39.32350686861329,0.002734078632975738,1,18.217872545647477,1,0.026638513910058375,False,True,True,True,False,True,False
N337,mlp_neuron,341,1.0,12769,0,0.0,7.1376841389926e-05,4.192500943504895e-06,1.0206946077717305e-06,0.7870597839355469,8181.16859992214,13.934871019123857,0.0017032861319172025,1,9.09400018148687,3,0.03409680492272786,False,False,False,False,False,False,False
N338,mlp_neuron,342,0.9999216853316626,12768,1,7.831466833740919e-05,-4.978873849769685e-05,0.00013843209426839037,3.485647750405011e-05,9.292999267578125,2563856.4184151455,91324.08568343194,0.035619812805228836,1,88.03573732214859,56,0.12115068973793096,False,True,True,True,True,True,True
N339,mlp_neuron,343,0.9999216853316626,12768,1,-7.831466833740919e-05,0.0001362305279347042,0.00017851815758145102,5.128989542020067e-05,10.671222686767578,2385581.48862972,81805.85360695396,0.0342917875565606,1,76.19523461389363,56,0.12567000295659933,False,False,False,False,False,False,False
N340,mlp_neuron,344,1.0,12769,0,0.0,9.569585909226133e-05,5.170556995151525e-05,1.4599715683500185e-05,3.5842666625976562,236995.42937746798,6495.265052500204,0.02740671020349109,1,76.48036423821625,1,0.10173519871241758,False,True,True,True,False,False,False
N341,mlp_neuron,345,1.0,12769,0,0.0,2.8576480666192604e-05,4.1117279733562185e-06,1.009004585563261e-06,1.6618156433105469,26886.647508423328,52.008279819958005,0.0019343534668524334,1,16.505948985670678,48,0.0242008398236356,False,True,True,True,True,True,True
N342,mlp_neuron,346,1.0,12769,0,0.0,-2.8362924968432235e-05,4.64064916986787e-06,1.1559840745866943e-06,1.0769462585449219,12814.484689893361,47.586588461289004,0.003713499966082913,1,21.84089777825957,3,0.038607823271847516,False,True,True,False,False,False,False
N343,mlp_neuron,347,1.0,12769,0,0.0,6.365733853274107e-05,2.4333912952130217e-05,6.211791706592893e-06,2.8986854553222656,171989.43870244618,4068.000498199992,0.0236526180263773,1,56.676313137558395,17,0.12113737354192577,False,False,False,False,False,False,False
N344,mlp_neuron,348,1.0,12769,0,0.0,-1.349723753540661e-05,4.887819305604647e-07,1.229891907567413e-07,0.36281585693359375,2436.7675107833556,11.185003393471384,0.004590098704113017,1,27.20146950848291,48,0.0380457828423281,False,False,False,False,False,False,False
N345,mlp_neuron,349,1.0,12769,0,0.0,-4.0787669847179705e-05,8.719759563739954e-06,2.284096044741784e-06,1.346923828125,19930.25996971036,147.9925753883508,0.0074255215743932665,1,29.233804816597274,1,0.05926622488027453,False,False,False,False,False,False,False
N346,mlp_neuron,350,1.0,12769,0,0.0,1.3628353148356816e-05,8.588457042153544e-05,2.400789950604969e-05,7.5194244384765625,858158.2646862745,26697.92396734543,0.031110722888750195,1,67.33221736715217,56,0.12356737505176425,False,False,False,False,False,False,False
N347,mlp_neuron,351,1.0,12769,0,0.0,5.4341064628994715e-05,3.1193163016127585e-05,7.811732794664062e-06,4.375373840332031,387558.531981428,11473.31667472899,0.029604087455050013,1,84.91114654539842,3,0.10677654746484491,False,False,False,False,False,False,False
N348,mlp_neuron,352,1.0,12769,0,0.0,1.5013405517582323e-05,1.3859783641258005e-05,3.7607338130928712e-06,2.246021270751953,56540.45679870792,148.16863000448328,0.00262057716533817,1,12.982752114635204,48,0.03655873855275397,False,False,False,False,False,False,False
N349,mlp_neuron,353,1.0,12769,0,0.0,-4.8570616630884975e-05,2.8640367777130453e-05,7.197905944806905e-06,1.8856849670410156,76107.05855800322,1489.0347305787807,0.019565001706693834,1,69.06755106904086,20,0.075670726648485,False,False,False,False,False,False,False
N350,mlp_neuron,354,1.0,12769,0,0.0,3.5771865578330345e-06,5.8171483514933996e-06,1.455806231585621e-06,0.8738174438476562,22221.609325348436,312.51568062390265,0.01406359350703788,1,56.012608714088465,3,0.07407770466169562,False,False,False,False,False,False,False
N351,mlp_neuron,355,1.0,12769,0,0.0,2.8147391387105085e-05,3.4739856744993132e-06,8.742295702140478e-07,0.9886398315429688,12960.352171913168,60.187208480233274,0.00464394853487601,1,23.600494821898792,56,0.043528206019484754,False,False,False,False,False,False,False
N352,mlp_neuron,356,1.0,12769,0,0.0,1.2815685334116502e-05,1.2513957399471305e-06,3.17943538768115e-07,0.5641746520996094,4528.517649393607,4.034317163731016,0.0008908692592312703,1,14.126512784813569,20,0.013843470915714428,False,False,False,False,False,False,False
N353,mlp_neuron,357,1.0,12769,0,0.0,8.351502926566101e-05,9.42198565706521e-06,2.4622430479539733e-06,2.2960548400878906,150660.65918016835,3836.1054921318087,0.025461892394512766,1,80.9356807797258,3,0.09445729216564355,False,False,False,False,False,False,False
N354,mlp_neuron,358,1.0,12769,0,0.0,3.17597115626427e-05,2.987342434484382e-06,7.525194443703416e-07,0.8860397338867188,9868.893595560792,16.236221496901745,0.0016451916660855572,1,13.388746648343295,20,0.022007688564971675,False,False,False,False,False,False,False
N355,mlp_neuron,359,1.0,12769,0,0.0,-1.3154569708994203e-05,8.10560524515814e-07,2.0365269018258906e-07,0.5356254577636719,2641.2355714467635,10.163894781182876,0.0038481591309235245,1,27.863119345285533,17,0.033890477025378514,False,False,False,False,False,False,False
N356,mlp_neuron,360,1.0,12769,0,0.0,4.026764725133117e-06,7.264909611723609e-07,1.841543249544666e-07,0.6931419372558594,2847.968511305717,6.28454809044433,0.0022066775196060836,1,13.93173776094475,48,0.031588672622314226,False,True,False,False,False,False,False
N357,mlp_neuron,361,1.0,12769,0,0.0,6.5837103036998e-05,6.741686948803818e-05,1.9835162206532296e-05,5.418767929077148,563026.9941462332,17534.77832024205,0.03114376131615423,1,76.42134257385105,48,0.11509961036830092,False,True,True,False,False,False,False
N358,mlp_neuron,362,0.9999216853316626,12768,1,7.831466833740919e-05,0.0001154833988778975,7.905994611948366e-05,2.2043521863800084e-05,3.3897056579589844,490696.14556796383,17195.603188224748,0.03504328155730963,1,94.446445406695,3,0.12259571314700551,False,False,False,False,False,False,False
N359,mlp_neuron,363,1.0,12769,0,0.0,-4.336458987393632e-06,3.2328553658671057e-06,8.233599804895981e-07,0.9892807006835938,16309.845634744019,86.1185144799918,0.00528015509212043,1,31.55803904629396,17,0.04121578747571268,False,False,False,False,False,False,False
N360,mlp_neuron,364,1.0,12769,0,0.0,6.951595009669384e-05,2.265278103286476e-05,5.8674446701455715e-06,3.811237335205078,297077.3572075654,8360.528836802352,0.028142598666518102,1,72.85576300957838,48,0.11100217911196411,False,False,False,False,False,False,False
N361,mlp_neuron,365,1.0,12769,0,0.0,1.1245971010803019e-05,4.034264293009118e-05,1.1127620011755223e-05,4.662113189697266,750689.5875677573,24001.086260593493,0.031972051641687586,1,90.17366035325982,3,0.10846973658912712,False,False,False,False,False,False,False
N362,mlp_neuron,366,1.0,12769,0,0.0,0.00014257786891520353,4.019722300728223e-05,9.317946173287501e-06,3.1751785278320312,306019.30019062234,8551.333528763824,0.02794377192365683,1,76.68656040772328,1,0.1029739426650304,False,True,True,True,True,False,False
N363,mlp_neuron,367,1.0,12769,0,0.0,6.111129777506652e-05,5.49586060170557e-05,1.318035733243649e-05,3.6727066040039062,499642.8276267711,15494.294233753659,0.031010740827301063,1,89.21215754469861,17,0.10752246740504279,False,False,False,False,False,False,False
N364,mlp_neuron,368,1.0,12769,0,0.0,2.808424785712073e-05,6.665822306247307e-06,1.7117725390258507e-06,1.2621841430664062,24736.292174676408,279.7638026153614,0.011309851963252902,1,49.592679389988604,20,0.05250689915023298,False,True,True,True,True,True,True
N365,mlp_neuron,369,1.0,12769,0,0.0,3.9662506576147337e-05,2.304133255442266e-06,5.78578034401865e-07,1.0369338989257812,6941.7143382164395,11.674223419608486,0.001681749327444665,1,16.98284082985331,20,0.019967723590247854,False,False,False,False,False,False,False
N366,mlp_neuron,370,1.0,12769,0,0.0,5.5903424611843024e-05,7.336034574502692e-06,1.8527409688590248e-06,2.3010826110839844,50470.48685162545,234.3498152360405,0.0046433040347914345,1,24.92754830378031,1,0.037184852336137685,False,True,False,False,False,False,False
N367,mlp_neuron,371,0.9999216853316626,12768,1,-7.831466833740919e-05,0.00016247641079764736,0.0001347664915744445,3.785828323698923e-05,7.39581298828125,1822469.6839596068,61190.67980982639,0.033575691463289446,1,85.54386442618807,56,0.11735635196591927,False,False,False,False,False,False,False
N368,mlp_neuron,372,1.0,12769,0,0.0,1.2551427906651053e-05,1.5850071881897298e-05,4.074737177597796e-06,2.437713623046875,121256.20789901403,3839.967835967996,0.03166821643611057,1,90.71290781150182,3,0.11480607472264756,False,True,True,True,True,True,False
N369,mlp_neuron,373,1.0,12769,0,0.0,1.3600684104193546e-05,2.3626100677078238e-06,5.934277158026376e-07,1.2752838134765625,7631.394746524223,16.373417941506958,0.0021455341369890947,1,23.776110902187746,17,0.019625938251514666,False,False,False,False,False,False,False
N370,mlp_neuron,374,1.0,12769,0,0.0,1.0458698338109643e-06,4.312173260329741e-06,1.0890374346299898e-06,1.3455181121826172,23664.10239705069,61.177408833261126,0.002585241045985577,1,20.06743331972984,48,0.028108019111642835,False,False,False,False,False,False,False
N371,mlp_neuron,375,1.0,12769,0,0.0,-1.9769216757676254e-05,2.5165707272295192e-06,6.310978721608908e-07,1.8543624877929688,47708.060822870015,562.5885482372856,0.011792316403847527,1,32.61362892903001,1,0.08035936661512666,False,False,False,False,False,False,False
N372,mlp_neuron,376,1.0,12769,0,0.0,5.0948974349882556e-05,3.502531652279436e-05,9.157818140728215e-06,5.103719711303711,928463.2925930594,28863.027773799797,0.031086880875160577,1,80.99362401187827,56,0.11198341884174026,False,False,False,False,False,False,False
N373,mlp_neuron,377,1.0,12769,0,0.0,8.687644135886834e-06,7.018012961726449e-06,1.8142883351476807e-06,3.7380905151367188,113230.41890561742,1898.2638295435727,0.016764610145316692,1,58.91760460666702,3,0.07402285702736672,False,False,False,False,False,False,False
N374,mlp_neuron,378,1.0,12769,0,0.0,2.8743606393041594e-06,2.0901793183921047e-06,5.354459327423572e-07,1.7223052978515625,26397.98290443143,32.825615679478844,0.0012434895423001585,1,10.590564106064758,48,0.020643379149677996,False,False,False,False,False,False,False
N375,mlp_neuron,379,1.0,12769,0,0.0,0.00011172523885991429,2.5758887706459155e-05,6.489311694672329e-06,2.0344161987304688,132539.99481886099,2559.526019174833,0.019311348417305068,1,53.47217605974785,56,0.09369923231577881,False,False,False,False,False,False,False
N376,mlp_neuron,380,1.0,12769,0,0.0,-3.7922279034850043e-06,4.925127313235476e-05,1.2044633283586074e-05,1.712697982788086,76020.8652591668,1596.4965823401726,0.02100076836665132,1,62.005346005262375,20,0.08625754202840431,False,True,True,True,False,False,False
N377,mlp_neuron,381,1.0,12769,0,0.0,-9.011057553435934e-06,1.6870598351463523e-06,4.1710310562207734e-07,1.0015335083007812,9965.641082011327,33.39996228672752,0.003351511660099496,1,21.241189798918676,3,0.03199865729586071,False,True,False,True,False,False,False
N378,mlp_neuron,382,1.0,12769,0,0.0,-1.6706538718793112e-05,7.981822357500519e-07,1.992186141030225e-07,0.6480178833007812,3229.6389829507903,8.63299880323506,0.002673053814624023,1,19.502453568036856,17,0.029044400966169816,False,False,False,False,False,False,False
N379,mlp_neuron,383,1.0,12769,0,0.0,4.579032366822371e-05,5.7270732666624424e-06,1.4609274822964497e-06,2.0439834594726562,61832.57237882465,889.5198479900642,0.014385942776896206,1,51.89798514943572,17,0.07079618413267388,False,True,True,True,True,True,True
N380,mlp_neuron,384,1.0,12769,0,0.0,5.9497864411366857e-05,0.0001376027832327706,3.995804592914056e-05,10.711448669433594,1964396.844470113,69308.79590083219,0.03528248179380879,1,81.26688249324526,56,0.12450601482693532,False,True,True,True,True,True,True
N381,mlp_neuron,385,1.0,12769,0,0.0,1.9076688787127627e-05,9.493655691396795e-06,2.406573526951095e-06,3.3545150756835938,97384.31549630058,1268.5614754674702,0.013026342784281933,1,43.389361379896904,17,0.06872980600130563,False,True,True,True,False,False,False
N382,mlp_neuron,386,1.0,12769,0,0.0,4.090143946042582e-07,2.2218649968838225e-06,5.637332380676531e-07,0.7750396728515625,3755.31995282757,3.9506748443023447,0.0010520208381519349,1,10.33699018541112,17,0.01945302494401045,False,True,False,False,False,False,False
N383,mlp_neuron,387,0.9997650559949879,12766,3,-0.00023494400501211654,0.0008658882515028088,0.000581980005242358,0.00017409953079751563,13.253822326660156,4114034.3955199337,137532.22297987965,0.0334300129161896,1,81.75494376465018,56,0.11901991990235766,False,True,True,True,True,True,True
N384,mlp_neuron,388,1.0,12769,0,0.0,4.0052783514777854e-05,9.37508023136215e-05,2.5319656369262676e-05,2.4341816902160645,145340.84641246428,3325.800259569107,0.022882763804270026,1,77.4574302663296,20,0.082102138616381,False,True,False,False,False,False,False
N385,mlp_neuron,389,1.0,12769,0,0.0,2.8920625372205397e-05,1.1353905448851898e-06,2.8841381164686983e-07,1.2738051414489746,7497.74091377207,31.154993984606037,0.004155250807263777,1,31.776250299832526,5,0.028898597651180948,False,False,False,False,False,False,False
N386,mlp_neuron,390,1.0,12769,0,0.0,3.428371648420245e-05,1.2432283001807975e-05,3.2765256158558893e-06,3.3993148803710938,162902.45269868342,1189.9523906616062,0.007304692906390005,1,25.97103735486118,17,0.05610696466267518,False,False,False,False,False,False,False
N387,mlp_neuron,391,1.0,12769,0,0.0,-2.0833961581031213e-05,4.539280844505977e-06,1.1456879818617008e-06,1.8958911895751953,20053.782939849178,29.260013281840894,0.0014590769915883489,1,11.197796871817918,17,0.0256769491826302,False,False,False,False,False,False,False
N388,mlp_neuron,392,0.9998433706633253,12767,2,-0.00015662933667470735,0.00015938655224915469,9.104716018426932e-05,2.4955231745350463e-05,4.551692962646484,567921.4338449986,15962.28848386122,0.028106508281949733,1,73.26057223452607,17,0.11013783580200733,False,True,True,False,False,False,False
N389,mlp_neuron,393,0.9999216853316626,12768,1,7.831466833740919e-05,1.7869809787375828e-05,0.00010232173603928464,2.6496152482065808e-05,4.725399017333984,957452.463536412,28895.077660475257,0.030179125085489297,1,86.06310699176642,56,0.1068856692266286,False,False,False,False,False,False,False
N390,mlp_neuron,394,1.0,12769,0,0.0,7.34095652550463e-06,1.105768955900612e-06,2.75932228539438e-07,0.7823944091796875,8074.4022570063025,16.575591309542013,0.0020528567665995434,1,13.85245566379032,1,0.02947413930728881,False,True,False,False,False,False,False
N391,mlp_neuron,395,1.0,12769,0,0.0,5.662723188982902e-06,1.4802374775258276e-06,3.6923479720583797e-07,0.8284072875976562,5441.677703027019,7.884080662380882,0.001448832711646123,1,10.438125089829219,56,0.028038022835737312,False,False,False,False,False,False,False
N392,mlp_neuron,396,1.0,12769,0,0.0,3.786986820785202e-05,1.435523834710619e-05,3.7886414392804913e-06,2.5980491638183594,145323.74556741503,4761.227378380385,0.03276290023898175,1,82.22730659043633,17,0.1188113889507362,False,True,True,True,True,True,True
N393,mlp_neuron,397,1.0,12769,0,0.0,7.723924124788256e-06,1.693973527554107e-06,4.251221542356898e-07,1.0090789794921875,18354.143603075696,39.34617267925956,0.0021437215230606633,1,11.564799278491627,3,0.038196151993776184,False,False,False,False,False,False,False
N394,mlp_neuron,398,1.0,12769,0,0.0,-2.638211710350542e-06,3.1099891272207664e-06,7.895069114450531e-07,1.49332857131958,17028.89005038834,43.328776435930216,0.002544427517455379,1,13.308540690021225,3,0.03343510066049759,False,True,False,False,False,False,False
N395,mlp_neuron,399,1.0,12769,0,0.0,3.9674280743407e-05,1.1701196047935344e-05,3.1067994379344764e-06,1.9528923034667969,49678.454336196635,442.59931099427536,0.008909281033564472,1,29.802358719038633,3,0.06392138210030279,False,False,False,False,False,False,False
N396,mlp_neuron,400,1.0,12769,0,0.0,1.4767041972449336e-05,3.8513628967541975e-06,9.651685778665858e-07,1.2019157409667969,23293.980804121882,281.11619272063865,0.012068190279906773,1,32.35881723663349,1,0.0814002659043001,False,False,False,False,False,False,False
N397,mlp_neuron,401,1.0,12769,0,0.0,-2.20797133057241e-05,1.7497368229908674e-05,4.3371824100414945e-06,2.7487945556640625,132585.99967896813,2165.6041288480446,0.016333580725654627,1,45.51441786186342,1,0.08423385358326567,False,True,False,False,False,False,False
N398,mlp_neuron,402,1.0,12769,0,0.0,-9.868461877388665e-06,2.0309639001628353e-06,5.274640327188693e-07,1.1349411010742188,7811.699175607595,16.156082849356896,0.002068190605675784,1,12.951938426944704,20,0.0289251365354117,False,False,False,False,False,False,False
N399,mlp_neuron,403,1.0,12769,0,0.0,1.8433514068678242e-05,1.0002397888132649e-05,2.651502384311483e-06,1.8868141174316406,70314.90194833877,659.2094927841102,0.009375103634055262,1,39.572619466585664,56,0.06257408357927495,False,False,False,False,False,False,False
N400,mlp_neuron,404,1.0,12769,0,0.0,7.781906901290566e-05,4.677342585968753e-05,1.2346635761971653e-05,4.050182342529297,350197.14577374246,10570.64750380029,0.030184847681853578,1,75.74692505535812,17,0.11530719874691729,False,False,False,False,False,False,False
N401,mlp_neuron,405,1.0,12769,0,0.0,-3.720871776935822e-06,3.010379413125959e-06,7.325479370106276e-07,0.9797859191894531,16234.874076845292,43.08753056588121,0.0026540107648468955,1,25.879150780320664,17,0.022953700484055713,False,True,True,False,False,False,False
N402,mlp_neuron,406,1.0,12769,0,0.0,-4.4372588845260083e-05,1.375402042089662e-05,3.445486245587705e-06,1.6708335876464844,47606.69507793269,959.7013857695133,0.020158958402772372,1,52.107101112723164,1,0.09326698092982118,False,False,False,False,False,False,False
N403,mlp_neuron,407,1.0,12769,0,0.0,-5.028632547247674e-06,1.238284748955902e-06,3.068869524797453e-07,0.9270248413085938,9597.021946462399,98.45908096842727,0.010259336856546496,1,38.47820637274245,17,0.06114793894193603,False,False,False,False,False,False,False
N404,mlp_neuron,408,1.0,12769,0,0.0,2.874615870365055e-05,9.281122631549513e-07,2.3583102682185127e-07,0.4898662567138672,3729.527273145875,10.920881417273318,0.0029282213582155947,1,21.119432970438872,3,0.028744397886082327,False,True,True,False,False,False,False
N405,mlp_neuron,409,1.0,12769,0,0.0,-3.871350949186071e-06,8.830495705174942e-07,2.2026329439907547e-07,1.382080078125,9056.854833334843,7.436310261570755,0.000821069830356618,1,10.70350774246044,17,0.01372516372012283,False,True,False,False,False,False,False
N406,mlp_neuron,410,1.0,12769,0,0.0,-2.868430033136889e-05,2.964094419656389e-05,7.615782913259724e-06,6.393466949462891,461290.5573625892,13662.65109839759,0.02961831947420139,1,72.67527382838783,56,0.10948463859222138,False,False,False,False,False,False,False
N407,mlp_neuron,411,1.0,12769,0,0.0,3.808315956964326e-05,1.7835082113255653e-05,4.736466583075512e-06,2.786579132080078,83064.942170164,1737.7992951144784,0.0209209715881639,1,45.84737842475757,48,0.10196826675804631,False,False,False,False,False,False,False
N408,mlp_neuron,412,1.0,12769,0,0.0,3.058053424256132e-05,3.93051090524422e-05,1.0363878812904552e-05,4.6493377685546875,736480.4198372576,24054.449487935588,0.032661356419021945,1,92.33718735957017,17,0.10978754629796862,False,True,True,True,False,False,False
N409,mlp_neuron,413,0.9999216853316626,12768,1,-7.831466833740919e-05,5.018428037068326e-05,4.383606962953932e-05,1.167089612199481e-05,3.4444656372070312,174599.64994043452,4191.64311311138,0.02400716790979466,1,60.36363293836035,1,0.09887828793764411,False,False,False,False,False,False,False
N410,mlp_neuron,414,1.0,12769,0,0.0,-2.660796867681725e-05,1.4699777032372586e-06,3.6886084243805957e-07,0.8972396850585938,5706.796099322428,25.468243210245223,0.004462791865521371,1,22.72718261524013,56,0.041666086068577364,False,False,False,False,False,False,False
N411,mlp_neuron,415,1.0,12769,0,0.0,-8.99130105158543e-06,5.823292719247569e-05,1.5987316949122134e-05,5.882045745849609,330805.75262238993,8367.993765630466,0.025295792770515732,1,66.71152408777048,48,0.10523560866906029,False,False,False,False,False,False,False
N412,mlp_neuron,416,1.0,12769,0,0.0,2.1508146453959797e-05,3.989336061865374e-06,1.0264648331699284e-06,1.4840612411499023,28010.179564652914,90.05553841926789,0.003215100360617192,1,19.032605845234645,48,0.03245783633714761,False,False,False,False,False,False,False
N413,mlp_neuron,417,1.0,12769,0,0.0,8.802956261049107e-06,1.5445061556474423e-06,3.9047918818471815e-07,1.114227294921875,8387.5745584082,7.7860658750235565,0.0009282857422970201,1,11.459620865410043,3,0.015826791221488827,False,False,False,False,False,False,False
N414,mlp_neuron,418,1.0,12769,0,0.0,0.0002761073277102544,0.0003880061156807972,0.00011944703684849002,8.708000183105469,2454097.294854702,91014.87287761505,0.03708690485435856,1,90.93286250383854,17,0.11779843916893996,False,False,False,False,False,False,False
N415,mlp_neuron,419,1.0,12769,0,0.0,2.0558124657048954e-05,1.1231968601573639e-05,2.754089137229436e-06,3.5257110595703125,175421.70353391455,3007.803401750133,0.017146130388413595,1,48.00998460552328,56,0.08629246897774842,False,False,False,False,False,False,False
N416,mlp_neuron,420,1.0,12769,0,0.0,2.4844803917613897e-06,5.60859065071237e-06,1.452155564287152e-06,2.0387115478515625,34299.57702124505,216.04829846311918,0.006298861887693237,1,24.57948581929926,1,0.0519944764382502,False,False,False,False,False,False,False
N417,mlp_neuron,421,1.0,12769,0,0.0,4.56752927340074e-05,2.1036511346322434e-06,5.368420527823718e-07,1.11102294921875,7877.853205433956,39.249184053295,0.0049822182553772194,1,31.6762296003561,5,0.03496765385800248,False,True,False,True,False,False,False
N418,mlp_neuron,422,1.0,12769,0,0.0,3.747103606434885e-05,2.308657700429387e-05,6.036279802687437e-06,2.450275421142578,71203.88400841168,216.05320679317387,0.003034289629027124,1,15.752142293577041,17,0.03706754592075634,False,False,False,False,False,False,False
N419,mlp_neuron,423,1.0,12769,0,0.0,4.906903690669829e-05,6.09501073505647e-05,1.6788566555366822e-05,4.4465789794921875,459138.4514053917,12508.16055030753,0.027242677044409802,1,81.69956923040948,3,0.09579229256728042,False,False,False,False,False,False,False
N420,mlp_neuron,424,1.0,12769,0,0.0,-3.286251532307375e-05,2.9964313141265477e-06,7.576171279168695e-07,1.4353103637695312,21762.442829489213,132.9783835115904,0.006110452974120992,1,29.615370151918412,56,0.046750208241605286,False,False,False,False,False,False,False
N421,mlp_neuron,425,1.0,12769,0,0.0,-4.957555457347097e-06,2.8244178051673675e-06,7.169653065717537e-07,1.0313491821289062,15850.091030702975,75.86634598853453,0.004786492761560484,1,35.01065576218784,1,0.030916727824256893,False,False,False,False,False,False,False
N422,mlp_neuron,426,1.0,12769,0,0.0,9.841427594928297e-05,3.548292149668738e-05,9.3506797668252e-06,2.671581268310547,247563.40043429556,6472.0133774088645,0.026142852158498146,1,71.8788115167906,1,0.10157082148753678,False,True,True,True,False,False,False
N423,mlp_neuron,427,1.0,12769,0,0.0,-4.7536598588546934e-05,2.0751282918427504e-05,5.060066727523667e-06,4.730308532714844,498334.021777754,18275.97527531651,0.03667414721178156,1,80.58403523365645,56,0.12950651099254873,False,False,False,False,False,False,False
N424,mlp_neuron,428,1.0,12769,0,0.0,-4.091174997844201e-05,6.994124721798373e-06,1.8358395089821949e-06,2.8025360107421875,73248.8022296011,1001.1286631310853,0.013667508992065293,1,47.66871015524867,3,0.06720136831337492,False,False,False,False,False,False,False
N425,mlp_neuron,429,1.0,12769,0,0.0,1.5267014953834193e-05,1.6289352168837308e-05,4.126752417784104e-06,4.079566955566406,92369.69047609596,834.6086110817577,0.00903552460531134,1,35.151026246008485,48,0.0579808395106627,False,False,False,False,False,False,False
N426,mlp_neuron,430,1.0,12769,0,0.0,-5.589430890076078e-06,1.2224853980698107e-06,3.063463332242977e-07,0.8436622619628906,4601.764826428447,7.248775204617958,0.001575216352427972,1,19.846001503394543,5,0.015952709892805502,False,False,True,False,False,False,False
N427,mlp_neuron,431,1.0,12769,0,0.0,1.970445098626152e-05,1.7945668136759703e-05,4.797346916046347e-06,4.133119583129883,210773.41781694116,4803.407676165926,0.022789437709539513,1,51.266571548132966,48,0.10809620807142642,False,False,False,False,False,False,False
N428,mlp_neuron,432,1.0,12769,0,0.0,-2.2654443775648814e-05,1.8374044645177117e-06,4.5631626090458384e-07,2.1216659545898438,17430.705200398865,21.18081873233457,0.0012151441085613615,1,12.109807420142873,17,0.01818485143551385,False,False,False,False,False,False,False
N429,mlp_neuron,433,1.0,12769,0,0.0,-3.595270934660783e-05,2.201930205455329e-05,5.888865573916808e-06,3.5389556884765625,200214.33258078955,4964.172775239862,0.024794292752426915,1,64.23040456066941,56,0.10445934262258745,False,False,False,False,False,False,False
N430,mlp_neuron,434,1.0,12769,0,0.0,7.11728081293861e-05,1.9446683478489547e-05,5.0586297438311716e-06,3.1319656372070312,133436.25108486466,840.5879894023699,0.006299547406107512,1,31.658056592606886,56,0.04127657777423468,False,False,False,False,False,False,False
N431,mlp_neuron,435,1.0,12769,0,0.0,4.9504797042742264e-06,4.244515805501534e-06,1.0907322486863674e-06,2.137969970703125,37131.69050704207,264.42153547376427,0.007121182253299683,1,33.980590214325034,3,0.04689459272040261,False,False,False,False,False,False,False
N432,mlp_neuron,436,1.0,12769,0,0.0,6.660091782793669e-05,2.6725800474453743e-05,6.842759568805869e-06,5.348808288574219,408541.43661577435,7023.716786453592,0.017192177235767808,1,66.18817694547738,3,0.06891478348160929,False,True,True,True,True,True,True
N433,mlp_neuron,437,1.0,12769,0,0.0,3.49346121234044e-05,2.4866309986256067e-06,6.366447512384455e-07,0.9270477294921875,13312.862228310765,155.91428591705866,0.011711552575485657,1,42.080011528904706,56,0.06512162638799955,False,False,False,False,False,False,False
N434,mlp_neuron,438,1.0,12769,0,0.0,-1.1393287381598503e-05,5.072145085562923e-07,1.2636257216811742e-07,0.475311279296875,2091.3914274909885,1.2520960278834627,0.0005986904275425782,1,10.376641980334034,56,0.012241741741324972,False,False,False,False,False,False,False
N435,mlp_neuron,439,1.0,12769,0,0.0,-3.0412242206712646e-05,3.5144629560590474e-06,8.853477991358365e-07,1.3183250427246094,14090.999205577184,40.318748235882026,0.002861312221203161,1,16.04363444480794,17,0.033856267384395206,False,False,False,False,False,False,False
N436,mlp_neuron,440,1.0,12769,0,0.0,1.5819894896038165e-06,4.557732669390307e-06,1.141447023168085e-06,1.6549148559570312,14862.216206711368,23.170131573622328,0.0015589957279156883,1,9.412547307042747,17,0.03186991790136992,False,False,False,False,False,False,False
N437,mlp_neuron,441,1.0,12769,0,0.0,6.266626694090218e-05,1.6696646528254796e-05,4.533299371510932e-06,2.2816314697265625,155843.5295648364,3639.4695224256843,0.02335335661729566,1,71.25967729105749,3,0.092190060941384,False,False,False,False,False,False,False
N438,mlp_neuron,442,1.0,12769,0,0.0,-3.825247057123054e-05,1.2883310861128692e-06,3.225344876184898e-07,0.6468544006347656,3677.2034111317275,3.673869160265404,0.0009990932645019771,1,9.416474536432213,56,0.021416177444098194,False,False,False,False,False,False,False
N439,mlp_neuron,443,0.9998433706633253,12767,2,0.0,0.00026105619942616283,0.0003088429229411978,8.375735191352021e-05,9.863853454589844,2968739.4474135805,93147.00287323858,0.03137594407430734,1,83.6126223952552,56,0.11110613664577666,False,False,False,False,False,False,False
N440,mlp_neuron,444,1.0,12769,0,0.0,3.5226307310507084e-05,6.477668889714177e-06,1.628827150517981e-06,2.1375274658203125,51838.866304261006,439.27016164228047,0.008473760962750331,1,37.8435052210506,56,0.05309812107489233,False,False,False,False,False,False,False
N441,mlp_neuron,445,1.0,12769,0,0.0,1.126774124641486e-05,2.0411521928944294e-06,5.216188846159469e-07,1.4466171264648438,15863.473081251443,66.37601030722992,0.004184204175671827,1,26.254542681568186,1,0.030172398050363394,False,False,False,False,False,False,False
N442,mlp_neuron,446,1.0,12769,0,0.0,-4.463060453277273e-06,2.840072692321868e-06,7.092227784052236e-07,1.5017814636230469,16158.577831289023,13.524549637973317,0.0008369888599839989,1,8.54994351464998,17,0.016315583671752905,False,False,False,False,False,False,False
N443,mlp_neuron,447,0.9998433706633253,12767,2,-0.00015662933667470735,0.0006120626753670013,0.0005527868628442336,0.00014693287556245913,11.959556579589844,4368788.882926735,139982.66727072938,0.03204152707350608,1,80.68369476515517,56,0.11553691630008577,False,True,True,True,True,True,True
N444,mlp_neuron,448,1.0,12769,0,0.0,1.650095664941422e-05,2.5461075005018024e-06,6.383829977078579e-07,1.3489861488342285,10455.143944603902,8.278071935444153,0.0007917702500611312,1,7.35331104159341,5,0.018591369378867628,False,False,False,False,False,False,False
N445,mlp_neuron,449,1.0,12769,0,0.0,1.0389570626456214e-05,6.168512451292901e-06,1.6143331284700167e-06,1.540802001953125,70180.2701465675,1623.9044976624443,0.02313904597789396,1,60.388893666160975,1,0.10093192167977372,False,True,True,True,True,True,True
N446,mlp_neuron,450,0.9998433706633253,12767,2,7.831466833740919e-05,7.46665065370735e-05,9.885683112083012e-05,2.8334467087744005e-05,6.607490539550781,521879.36393919704,14118.983535492072,0.027054113481170417,1,80.32569790650786,48,0.10201244641762444,False,True,False,False,False,False,False
N447,mlp_neuron,451,1.0,12769,0,0.0,3.503148605146257e-05,3.798835013847332e-05,1.1663996283352441e-05,5.164466857910156,413563.9285491907,12795.310737694263,0.030939136260217492,1,81.74190054120434,3,0.1132358567448651,False,True,True,True,True,True,True
N448,mlp_neuron,452,1.0,12769,0,0.0,2.8134374515579978e-05,1.2387356582158832e-05,3.14063698046855e-06,2.346385955810547,65359.90825045356,1267.33672512851,0.01939012399271101,1,46.027918982835175,1,0.09650126494178181,False,True,True,True,False,False,False
N449,mlp_neuron,453,1.0,12769,0,0.0,1.675651010038656e-05,3.984943586862843e-06,1.042884808124094e-06,1.7993125915527344,15697.363758789405,23.62324648694824,0.0015049180773249844,1,16.447249880703627,3,0.01585869265481927,False,False,False,False,False,False,False
N450,mlp_neuron,454,1.0,12769,0,0.0,0.00034528079626258896,0.0002283284854738251,6.481466798425181e-05,7.771575927734375,1444592.4822288747,45974.29405659162,0.03182509574302745,1,79.4725287804438,48,0.11009930088482588,False,True,True,True,False,False,False
N451,mlp_neuron,455,1.0,12769,0,0.0,-1.844292333308211e-05,7.429760198874538e-06,1.9621434620491852e-06,2.9570159912109375,69426.51061156354,716.486486396259,0.010320070533357937,1,33.39883912958144,17,0.06278240168209805,False,True,True,True,False,False,False
N452,mlp_neuron,456,1.0,12769,0,0.0,6.417659781760032e-05,3.231258362456079e-05,8.507937238489216e-06,3.0943069458007812,224672.52653967112,5904.181566661115,0.02627905448696948,1,72.69291863508863,48,0.09869756880573993,False,False,False,False,False,False,False
N453,mlp_neuron,457,1.0,12769,0,0.0,2.428196450820325e-05,8.1792551494972e-06,2.0433327832556074e-06,1.9207839965820312,51326.58892847391,971.6128544776591,0.018930010249300782,1,57.21014836135739,17,0.08860453033813112,False,True,True,True,False,False,False
N454,mlp_neuron,458,1.0,12769,0,0.0,2.9028091665336082e-05,2.1998912981964298e-06,5.640806582453682e-07,0.5828781127929688,3693.320317263231,9.131420173223265,0.002472414897386884,1,25.312652033711867,17,0.022864903165399734,False,False,False,False,False,False,False
N455,mlp_neuron,459,1.0,12769,0,0.0,6.613661139385466e-05,1.3537714633377955e-05,3.3930395963427904e-06,3.0555343627929688,78226.81036219455,723.2001611181998,0.009244914342918268,1,28.00761242210095,48,0.06861551841367976,False,False,False,False,False,False,False
N456,mlp_neuron,460,1.0,12769,0,0.0,-2.564030725578804e-07,2.758561975102174e-07,6.997004638328972e-08,1.0277175903320312,3136.2400827725396,2.9187613574197138,0.0009306562254122562,1,9.92926903992087,5,0.015622649411543347,False,False,False,False,False,False,False
N457,mlp_neuron,461,1.0,12769,0,0.0,3.347500411489423e-05,3.874953083864093e-06,9.847291411657133e-07,1.1632232666015625,21626.584017923145,237.01008088075656,0.010959200985432245,1,38.80146199076157,56,0.06775161732428332,False,True,True,True,True,False,False
N458,mlp_neuron,462,1.0,12769,0,0.0,5.893214160551381e-05,1.0803167916265703e-05,2.762866560821845e-06,2.859180450439453,64881.924689607025,625.5574987728412,0.009641475677016172,1,34.60031155678706,3,0.055968437859284376,False,False,False,False,False,False,False
N459,mlp_neuron,463,1.0,12769,0,0.0,-3.456848455061427e-05,1.2356966004861399e-05,3.2556833868312647e-06,2.9909286499023438,209225.69213221583,6335.626541068553,0.030281302819468676,1,86.63477740318406,3,0.10530863876649732,False,True,True,True,True,True,True
N460,mlp_neuron,464,1.0,12769,0,0.0,-8.49725890062266e-05,2.5534245049640014e-05,6.732112985493426e-06,2.7430953979492188,74371.02031138542,256.08415875224205,0.003443332600252605,1,15.348850681785516,3,0.043780741768331924,False,True,True,True,True,False,False
N461,mlp_neuron,465,1.0,12769,0,0.0,-3.3623678988422764e-07,4.474104543896102e-06,1.1652187754394321e-06,1.3296318054199219,17381.90564862057,48.30033093857273,0.0027787707467164767,1,14.976510436706779,17,0.033088858662862354,False,False,False,False,False,False,False
N462,mlp_neuron,466,1.0,12769,0,0.0,8.423515548945377e-05,0.00015556514481628202,4.586452594745255e-05,6.9689412117004395,1747598.2251877547,64267.89536162818,0.036774983194277105,1,90.97165127274282,17,0.11971933365936883,False,True,True,True,True,True,True
N463,mlp_neuron,467,1.0,12769,0,0.0,-1.897646883846217e-05,2.60354414144171e-06,6.496706698179466e-07,0.851837158203125,7103.656494866567,22.434894707060145,0.003158217845031308,1,18.47573058115303,56,0.03701027115785721,False,False,False,False,False,False,False
N464,mlp_neuron,468,1.0,12769,0,0.0,2.1323399787947063e-05,1.8698504144293258e-06,4.708255968332173e-07,1.1274986267089844,11779.456960990748,20.010029308353314,0.001698722562051817,1,14.936266466308432,17,0.022914783398713594,False,False,False,False,False,False,False
N465,mlp_neuron,469,1.0,12769,0,0.0,4.788697544914401e-05,5.5543471413913575e-05,1.4732933352797553e-05,7.463649749755859,1646429.2611893518,53409.64190466568,0.032439682143454794,1,83.46573164355792,56,0.11411143256501659,False,True,True,True,True,True,True
N466,mlp_neuron,470,0.9992168533166262,12759,10,-0.0007831466833737588,0.002166031788601837,0.0021930220263104883,0.0006428741252078331,10.058731079101562,3234802.8216065117,127204.05878901202,0.039323589660354694,1,90.36595899616303,48,0.12854855062818554,False,True,True,True,True,True,True
N467,mlp_neuron,471,1.0,12769,0,0.0,-7.063393241950474e-05,1.1530710355197822e-05,2.9406679281784213e-06,2.8365097045898438,55766.71886757105,502.7956666950543,0.009016052529270024,1,27.630937134668454,56,0.06887686965651879,False,False,False,False,False,False,False
N468,mlp_neuron,472,1.0,12769,0,0.0,1.2333357742584476e-05,1.7038107287503135e-06,4.208357739598065e-07,0.9309768676757812,7161.348822720026,12.772867321796705,0.0017835840199926624,1,18.520104689748308,1,0.01890704631739007,False,False,False,False,False,False,False
N469,mlp_neuron,473,1.0,12769,0,0.0,5.2443106526990895e-05,3.030260135806712e-05,8.419059899180163e-06,3.6391372680664062,550738.7046146134,18816.57901774247,0.034166073421169146,1,96.28818419818639,3,0.11037923118914222,False,False,False,False,False,False,False
N470,mlp_neuron,474,1.0,12769,0,0.0,-2.4641404539146265e-05,1.2935466738737824e-06,3.2601455587811784e-07,0.872467041015625,13776.36737986343,289.7022516576904,0.021028929010788497,1,71.69381139125973,48,0.08737338909869757,False,False,False,False,False,False,False
N471,mlp_neuron,475,0.9996084266583131,12764,5,-0.00023494400501211654,0.0005923177974145731,0.0006616922666052341,0.00018222455006167897,10.20895767211914,3297386.265205412,103542.82205369067,0.03140148400152338,1,79.73885765455177,56,0.11192025634305965,False,True,True,True,True,True,True
N472,mlp_neuron,476,1.0,12769,0,0.0,5.937132862182345e-05,3.158527974669811e-05,8.66344209696937e-06,3.73370361328125,229369.46690845588,4582.987742363605,0.019980810018592105,1,62.795448794359615,17,0.08273122458065729,False,False,False,False,False,False,False
N473,mlp_neuron,477,1.0,12769,0,0.0,-9.997847217100165e-06,6.561525196971954e-05,1.7755759873905018e-05,10.971687316894531,2089588.3221004151,69848.3069601039,0.03342682681624756,1,81.09653684830886,56,0.12006448088368173,False,True,True,True,True,True,True
N474,mlp_neuron,478,0.9999216853316626,12768,1,7.831466833740919e-05,4.319501367266326e-05,6.89298038187645e-05,1.9115264038707015e-05,3.8596839904785156,435342.6054181808,14996.255724913855,0.034447020664354164,1,90.31522076347578,3,0.11986193445148939,False,False,False,False,False,False,False
N475,mlp_neuron,479,1.0,12769,0,0.0,-5.57167521479079e-05,6.082652437287437e-06,1.5554802143498875e-06,1.4939804077148438,18857.457870785136,37.39705888872347,0.00198314423635334,1,11.16026650585129,56,0.03133064641239624,False,True,True,False,False,False,False
N476,mlp_neuron,480,1.0,12769,0,0.0,2.4537604418151202e-06,2.440624494298812e-06,6.190906131580579e-07,1.6897201538085938,23252.69475441988,213.467976395375,0.0091803543051628,1,30.380109785559238,17,0.06700865967153999,False,False,False,False,False,False,False
N477,mlp_neuron,481,1.0,12769,0,0.0,-4.315424973894144e-07,7.34093357283571e-06,1.8661049300123124e-06,2.816802978515625,113713.83942576221,3727.642797172019,0.03278090702060589,1,79.06451276521669,56,0.11361235582615854,False,False,False,False,False,False,False
N478,mlp_neuron,482,1.0,12769,0,0.0,4.638321462892693e-05,5.9815878173420546e-06,1.4879501967630536e-06,3.1816177368164062,57328.82534249134,323.55412213125743,0.0056438296127348615,1,25.312408539088857,17,0.04295152473517959,False,True,True,True,True,True,True
N479,mlp_neuron,483,1.0,12769,0,0.0,-1.4750506632637975e-05,9.105934236386696e-06,2.189850785608447e-06,1.835601806640625,69101.2421320848,1083.1824113417345,0.01567529581119926,1,41.893769347330604,56,0.08878770057454076,False,False,False,False,False,False,False
N480,mlp_neuron,484,1.0,12769,0,0.0,3.727836372103177e-05,3.909744880544014e-06,9.589007396656456e-07,1.768463134765625,30371.039932873537,318.2411147936752,0.010478439839302698,1,31.929262606119675,56,0.06973227572531066,False,False,False,False,False,False,False
N481,mlp_neuron,485,0.9999216853316626,12768,1,7.831466833740919e-05,0.00010246974511793285,4.199868072091093e-05,1.0952900576824729e-05,4.336780548095703,347327.7676905948,11036.077698426716,0.031774245323966825,1,74.02770063594919,48,0.11883921716878583,False,True,False,False,False,False,False
N482,mlp_neuron,486,1.0,12769,0,0.0,-4.821100331574616e-05,6.4998481733077476e-06,1.6433833985973422e-06,1.6381797790527344,31622.769400743044,124.98394146007085,0.003952340159591908,1,21.969408681922857,3,0.034946668116735954,False,True,True,False,False,False,False
N483,mlp_neuron,487,1.0,12769,0,0.0,7.735159301569582e-06,1.8793001080495534e-05,4.837624849727644e-06,2.6920852661132812,127823.88664096243,2373.2186111241526,0.018566315525909156,1,57.488913771118455,17,0.0902822945137737,False,False,False,False,False,False,False
N484,mlp_neuron,488,1.0,12769,0,0.0,-9.936096058777572e-06,1.1387553094121973e-05,2.7834377466808754e-06,1.3845138549804688,22642.518102159684,187.80389043632388,0.00829430232048311,1,36.89471104930851,17,0.04767328680478893,False,False,False,False,False,False,False
N485,mlp_neuron,489,1.0,12769,0,0.0,1.3093742949277449e-05,3.0590098877500932e-06,7.772538859530173e-07,1.4107513427734375,29031.67079180955,355.93078218798814,0.012260086053621267,1,57.71149850340291,3,0.059965172053480086,False,True,True,True,True,False,False
N486,mlp_neuron,490,1.0,12769,0,0.0,-1.2909988729905859e-05,9.869109261198525e-06,2.5701412786918677e-06,1.5969009399414062,20970.954456247182,27.663474617170397,0.0013191328356029848,1,11.46584096512295,17,0.020879114478882604,False,False,False,False,False,False,False
N487,mlp_neuron,491,1.0,12769,0,0.0,5.526553764024491e-06,3.049684379843764e-06,7.542036668202213e-07,1.9005355834960938,17891.91521934372,14.046072592862284,0.0007850513721234534,5,6.159645741099034,17,0.020362002310482956,False,True,True,True,False,False,False
N488,mlp_neuron,492,1.0,12769,0,0.0,2.5722307481056616e-05,2.1805500639757866e-05,5.648415913257621e-06,4.578094482421875,290321.912323334,3698.7575596847664,0.012740194255697201,1,39.30809490645309,56,0.07264637928793334,False,False,False,False,False,False,False
N489,mlp_neuron,493,1.0,12769,0,0.0,2.4868376785952854e-05,2.3746549760658593e-05,6.430578993324623e-06,1.5929183959960938,52214.57178226426,673.4499269389103,0.012897739155023794,1,51.751328686213725,1,0.06346634234561348,False,False,False,False,False,False,False
N490,mlp_neuron,494,0.9999216853316626,12768,1,7.831466833740919e-05,2.3593682657073803e-06,1.7912596661474874e-05,4.529797991566967e-06,1.4581642150878906,60835.78157647731,1286.5074314962337,0.02114721629537958,1,80.05092852655734,3,0.0851847961312618,False,False,False,False,False,False,False
N491,mlp_neuron,495,1.0,12769,0,0.0,-3.981526112463354e-05,8.317024634612683e-05,2.327481906476477e-05,5.0570783615112305,860772.9870960946,25384.9163005322,0.029490837515906258,1,78.35674959546971,48,0.1086724494840827,False,True,False,False,False,False,False
N492,mlp_neuron,496,1.0,12769,0,0.0,2.3069678425945974e-05,2.7999656034787203e-06,6.844756407426159e-07,1.0195541381835938,6835.678309948944,10.573491558021704,0.0015468094135782523,1,11.966007124393219,3,0.02430854153728945,False,False,False,False,False,False,False
N493,mlp_neuron,497,1.0,12769,0,0.0,1.726003087223582e-05,4.072983038673778e-06,1.0368942048470032e-06,1.4873313903808594,16068.157675371378,14.959844319266386,0.0009310242419512867,1,6.651997865311156,20,0.023297038714530077,False,False,False,False,False,False,False
N494,mlp_neuron,498,1.0,12769,0,0.0,2.4912207394860164e-05,3.6301372039598316e-06,9.318204745423542e-07,1.4171676635742188,32388.729840406304,513.553795798063,0.015855941197094523,1,48.99143733843668,56,0.07705069501640997,False,True,True,False,False,False,False
N495,mlp_neuron,499,1.0,12769,0,0.0,-2.3171877664941373e-06,4.6235221138024125e-05,1.2877104123254852e-05,4.049476623535156,549396.0240194208,15026.691193166169,0.027351292212182052,1,74.78219482948546,48,0.10437387044835153,False,False,False,False,False,False,False
N496,mlp_neuron,500,1.0,12769,0,0.0,-6.855854628978319e-06,5.4913750610911e-07,1.38783909448802e-07,0.52642822265625,3239.536466052653,3.2238228169729455,0.0009951494143546856,1,9.21522502886747,3,0.019519066597723997,False,False,False,False,False,False,False
N497,mlp_neuron,501,1.0,12769,0,0.0,2.0462495202515666e-05,1.6072946838272252e-06,4.0613709723719973e-07,1.1269111633300781,8737.768867896317,78.93511081171411,0.009033783338185086,1,32.06134720056981,17,0.061601239538618825,False,False,False,False,False,False,False
N498,mlp_neuron,502,1.0,12769,0,0.0,2.1827135600871114e-05,3.9156196912772235e-06,1.0077094155830135e-06,2.217670440673828,47614.295460752204,240.87582857908802,0.00505889725445247,1,23.16763585087709,1,0.04217456247168515,False,True,True,True,True,True,False
N499,mlp_neuron,503,1.0,12769,0,0.0,-1.0948752503918543e-05,2.1697430296511634e-05,5.679064709398676e-06,1.4928226470947266,49807.13782846799,1214.695510316185,0.024387980584218757,1,69.88874826072565,20,0.09205150692137569,False,True,True,True,True,True,True
N500,mlp_neuron,504,0.9998433706633253,12767,2,7.831466833740919e-05,0.00030081606118150125,0.0004607722555220961,0.00013964525133745436,10.915359497070312,1361328.7178717186,36706.55321833317,0.026963769100324025,1,69.61537396832132,48,0.1073372708673505,False,True,True,True,True,True,True
N501,mlp_neuron,505,1.0,12769,0,0.0,8.068610779077669e-06,2.581563594997598e-06,6.511207650850352e-07,1.3680343627929688,22754.05377985999,181.0747593930052,0.007957912077771285,1,42.26033890595258,3,0.044453169229779495,False,True,True,True,False,False,False
N502,mlp_neuron,506,1.0,12769,0,0.0,1.5289170237164354e-05,4.58722928916525e-06,1.1804315960939504e-06,1.1278190612792969,18122.803125095357,50.79531334339893,0.0028028397700276654,1,16.860639220764437,1,0.0321320861550549,False,False,False,False,False,False,False
N503,mlp_neuron,507,1.0,12769,0,0.0,-5.56061988489509e-07,2.435350115669473e-06,5.930933285319627e-07,1.2467002868652344,18139.660651282906,187.24049131757968,0.010322160646612611,1,34.20436009767093,3,0.07007636788569707,False,False,False,False,False,False,False
N504,mlp_neuron,508,1.0,12769,0,0.0,-2.1662979354893173e-05,2.24787474056656e-06,5.565706257393804e-07,0.905426025390625,4983.581516841499,9.389368486712552,0.0018840603800664543,1,16.85911151734405,5,0.02036932871333727,False,False,False,False,False,False,False
N505,mlp_neuron,509,1.0,12769,0,0.0,-1.0091323769911972e-05,4.792671021574566e-06,1.2224120599257466e-06,1.1278152465820312,21960.108014341087,325.98511269626005,0.014844422098624237,1,52.835000956171946,1,0.07200893469397011,False,True,True,True,True,False,False
N506,mlp_neuron,510,1.0,12769,0,0.0,-7.019484978502272e-07,1.2608330513289611e-06,3.120734518205451e-07,0.9216537475585938,6632.435668489857,15.261967502100358,0.0023011105218266464,1,19.790910049157937,48,0.02360205826558954,False,True,True,True,False,False,False
N507,mlp_neuron,511,0.9997650559949879,12766,3,-7.831466833740919e-05,0.0002629749654242746,0.00036022611628110134,9.427016018197733e-05,9.750259399414062,2686389.337090051,77152.0042925332,0.028719591470723206,1,78.30675958848303,56,0.10610643800721775,False,False,False,False,False,False,False
N508,mlp_neuron,512,1.0,12769,0,0.0,-1.6103757726493697e-05,7.622419563218858e-06,1.9464335551634854e-06,1.3798027038574219,23419.523532539242,57.81233788838535,0.0024685531201375853,3,12.779125419623501,1,0.038425194233316806,False,False,False,False,False,False,False
N509,mlp_neuron,513,1.0,12769,0,0.0,-3.6616177639886257e-05,6.903672011482891e-06,1.6602441139976126e-06,0.9821701049804688,16270.427269272821,140.5485061100464,0.00863827997777762,1,31.52241437630023,20,0.05537240128956321,False,True,False,False,False,False,False
N510,mlp_neuron,514,1.0,12769,0,0.0,2.7045400122344392e-06,3.2988239656995417e-07,8.41459243046014e-08,0.3328838348388672,648.9562419508314,0.15572568371106052,0.00023996330360107572,3,2.773253106026008,45,0.014334815429533477,False,False,False,False,False,False,False
N511,mlp_neuron,515,1.0,12769,0,0.0,1.0600815925413103e-06,7.5226777412978155e-06,1.944551084881136e-06,2.193171501159668,128723.80550734597,3686.535929570889,0.028639115469286734,1,74.89243700925712,17,0.10447483269674324,False,True,True,True,True,True,False
