run_id,mode,training_step,learning_rate,weight_norm,gradient_norm,train_loss,test_loss,train_accuracy,test_accuracy
modular-addition-training-s1-5f1bc9dee7ab,full,0,0.001,33.67799377441406,,4.737597942352295,4.734666347503662,0.010182767175137997,0.009061416611075401
modular-addition-training-s1-5f1bc9dee7ab,full,50,0.001,36.97232437133789,0.06394950300455093,4.305412769317627,5.38770866394043,0.0702349841594696,0.0055934670381248
modular-addition-training-s1-5f1bc9dee7ab,full,100,0.001,45.490989685058594,0.18666020035743713,2.957918643951416,7.142282009124756,0.3156657814979553,0.01219375804066658
modular-addition-training-s1-5f1bc9dee7ab,full,150,0.001,54.498836517333984,0.31329959630966187,0.5400474071502686,12.309722900390625,0.9336814880371094,0.03702875226736069
modular-addition-training-s1-5f1bc9dee7ab,full,200,0.001,58.060546875,0.023153001442551613,0.02843901701271534,18.2559814453125,1.0,0.0485512912273407
modular-addition-training-s1-5f1bc9dee7ab,full,250,0.001,58.002323150634766,0.015346961095929146,0.015515230596065521,18.518112182617188,1.0,0.05302606523036957
modular-addition-training-s1-5f1bc9dee7ab,full,300,0.001,58.029052734375,0.008514927700161934,0.008989272639155388,18.883195877075195,1.0,0.05559905990958214
modular-addition-training-s1-5f1bc9dee7ab,full,350,0.001,58.142398834228516,0.010293068364262581,0.005069314036518335,19.402206420898438,1.0,0.058619532734155655
modular-addition-training-s1-5f1bc9dee7ab,full,400,0.001,58.274356842041016,0.0036700712516903877,0.0028886788059026003,19.936431884765625,1.0,0.06074504926800728
modular-addition-training-s1-5f1bc9dee7ab,full,450,0.001,58.42760467529297,0.0031406800262629986,0.0016586086712777615,20.495534896850586,1.0,0.06253495812416077
modular-addition-training-s1-5f1bc9dee7ab,full,500,0.001,58.597232818603516,0.0016656542429700494,0.0009571431437507272,21.08034324645996,1.0,0.06488421559333801
modular-addition-training-s1-5f1bc9dee7ab,full,550,0.001,58.775047302246094,0.0008589838980697095,0.0005545935709960759,21.678627014160156,1.0,0.06700973212718964
modular-addition-training-s1-5f1bc9dee7ab,full,600,0.001,58.956478118896484,0.0007762759923934937,0.00032235440448857844,22.284080505371094,1.0,0.06790468841791153
modular-addition-training-s1-5f1bc9dee7ab,full,650,0.001,59.13031768798828,0.000366830121492967,0.00018826786254066974,22.891618728637695,1.0,0.07058954983949661
modular-addition-training-s1-5f1bc9dee7ab,full,700,0.001,59.29357147216797,0.00016625608259346336,0.00011025664571207017,23.507051467895508,1.0,0.0714845061302185
modular-addition-training-s1-5f1bc9dee7ab,full,750,0.001,59.436668395996094,0.0001351251412415877,6.481989839812741e-05,24.115901947021484,1.0,0.07349815219640732
modular-addition-training-s1-5f1bc9dee7ab,full,800,0.001,59.55267333984375,7.513462333008647e-05,3.8266851333901286e-05,24.717500686645508,1.0,0.07584740966558456
modular-addition-training-s1-5f1bc9dee7ab,full,850,0.001,59.633026123046875,5.132663864060305e-05,2.272618621645961e-05,25.314584732055664,1.0,0.07663049548864365
modular-addition-training-s1-5f1bc9dee7ab,full,900,0.001,59.67301559448242,2.528248296584934e-05,1.3594358279078733e-05,25.9020938873291,1.0,0.07797292619943619
modular-addition-training-s1-5f1bc9dee7ab,full,950,0.001,59.6676139831543,1.5258107850968372e-05,8.214135050366167e-06,26.469314575195312,1.0,0.07853227108716965
modular-addition-training-s1-5f1bc9dee7ab,full,1000,0.001,59.61414337158203,9.438745109946467e-06,5.039021289121592e-06,27.005735397338867,1.0,0.07886788249015808
modular-addition-training-s1-5f1bc9dee7ab,full,1050,0.001,59.51122283935547,7.79588572186185e-06,3.15390434479923e-06,27.49875831604004,1.0,0.07965096831321716
modular-addition-training-s1-5f1bc9dee7ab,full,1100,0.001,59.35167694091797,4.531685135589214e-06,2.0432701148820342e-06,27.901968002319336,1.0,0.08121713995933533
modular-addition-training-s1-5f1bc9dee7ab,full,1150,0.001,59.14018630981445,3.0890812467987416e-06,1.3701587704417761e-06,28.233434677124023,1.0,0.08200022578239441
modular-addition-training-s1-5f1bc9dee7ab,full,1200,0.001,58.8712043762207,2.3138377400755417e-06,9.678668675405788e-07,28.47237205505371,1.0,0.08278331160545349
modular-addition-training-s1-5f1bc9dee7ab,full,1250,0.001,58.528541564941406,1.9198294012312545e-06,7.596712521262816e-07,28.444988250732422,1.0,0.08356639742851257
modular-addition-training-s1-5f1bc9dee7ab,full,1300,0.001,58.15300750732422,1.5387358871521428e-06,6.3230714886231e-07,28.242502212524414,1.0,0.08636312931776047
modular-addition-training-s1-5f1bc9dee7ab,full,1350,0.001,57.824066162109375,1.810349431252689e-06,5.330179533302726e-07,28.074481964111328,1.0,0.0875936895608902
modular-addition-training-s1-5f1bc9dee7ab,full,1400,0.001,57.727787017822266,4.901305601379136e-06,4.5056751218908175e-07,28.46953582763672,1.0,0.08804117143154144
modular-addition-training-s1-5f1bc9dee7ab,full,1450,0.001,55.85108184814453,0.4948716163635254,0.00871849711984396,23.866769790649414,0.9994778037071228,0.07685423642396927
modular-addition-training-s1-5f1bc9dee7ab,full,1500,0.001,53.29477310180664,0.012621453031897545,0.001967326970770955,17.531679153442383,1.0,0.08915986120700836
modular-addition-training-s1-5f1bc9dee7ab,full,1550,0.001,51.39868927001953,0.012423631735146046,0.0061745778657495975,13.687411308288574,1.0,0.09262780845165253
modular-addition-training-s1-5f1bc9dee7ab,full,1600,0.001,50.73515319824219,0.01604759693145752,0.013744847849011421,11.820472717285156,1.0,0.08915986120700836
modular-addition-training-s1-5f1bc9dee7ab,full,1650,0.001,51.11272430419922,0.015024722553789616,0.014456188306212425,11.725253105163574,1.0,0.08826490491628647
modular-addition-training-s1-5f1bc9dee7ab,full,1700,0.001,51.79581832885742,0.01049057673662901,0.00981483981013298,12.374711036682129,1.0,0.08983107656240463
modular-addition-training-s1-5f1bc9dee7ab,full,1750,0.001,52.52217102050781,0.007083424367010593,0.0062181283719837666,13.134072303771973,1.0,0.0894954726099968
modular-addition-training-s1-5f1bc9dee7ab,full,1800,0.001,53.271453857421875,0.004689841065555811,0.0038604792207479477,13.923516273498535,1.0,0.08927173167467117
modular-addition-training-s1-5f1bc9dee7ab,full,1850,0.001,54.024295806884766,0.0030787147115916014,0.002366902306675911,14.72676944732666,1.0,0.08848864585161209
modular-addition-training-s1-5f1bc9dee7ab,full,1900,0.001,54.76847457885742,0.0023488327860832214,0.0014385448303073645,15.536392211914062,1.0,0.08904799073934555
modular-addition-training-s1-5f1bc9dee7ab,full,1950,0.001,55.48681640625,0.001580218318849802,0.0008698555757291615,16.346763610839844,1.0,0.0894954726099968
modular-addition-training-s1-5f1bc9dee7ab,full,2000,0.001,56.1721305847168,0.0011262078769505024,0.0005233448464423418,17.156644821166992,1.0,0.09039042145013809
modular-addition-training-s1-5f1bc9dee7ab,full,2050,0.001,56.8084716796875,0.0004918738268315792,0.00031418201979249716,17.95970344543457,1.0,0.08994294703006744
modular-addition-training-s1-5f1bc9dee7ab,full,2100,0.001,57.38829803466797,0.0003575039154384285,0.00018846521561499685,18.760204315185547,1.0,0.08983107656240463
modular-addition-training-s1-5f1bc9dee7ab,full,2150,0.001,57.901947021484375,0.000244301714701578,0.00011308684770483524,19.549301147460938,1.0,0.09016668796539307
modular-addition-training-s1-5f1bc9dee7ab,full,2200,0.001,58.338958740234375,0.0001705548638710752,6.784023571526632e-05,20.329683303833008,1.0,0.09039042145013809
modular-addition-training-s1-5f1bc9dee7ab,full,2250,0.001,58.69148254394531,0.00011337483738316223,4.0794337110128254e-05,21.099145889282227,1.0,0.09117350727319717
modular-addition-training-s1-5f1bc9dee7ab,full,2300,0.001,58.95608901977539,6.788601604057476e-05,2.4564793420722708e-05,21.854583740234375,1.0,0.09106163680553436
modular-addition-training-s1-5f1bc9dee7ab,full,2350,0.001,59.13637161254883,3.941376053262502e-05,1.4887855286360718e-05,22.588726043701172,1.0,0.09128537774085999
modular-addition-training-s1-5f1bc9dee7ab,full,2400,0.001,59.23769760131836,1.8961278328788467e-05,9.08133097254904e-06,23.29958152770996,1.0,0.09229220449924469
modular-addition-training-s1-5f1bc9dee7ab,full,2450,0.001,59.268218994140625,1.5009328308224212e-05,5.615640930045629e-06,23.98140525817871,1.0,0.09262780845165253
modular-addition-training-s1-5f1bc9dee7ab,full,2500,0.001,59.23293685913086,7.91488400864182e-06,3.5303614822623786e-06,24.6209716796875,1.0,0.0932990238070488
modular-addition-training-s1-5f1bc9dee7ab,full,2550,0.001,59.130340576171875,6.658746769971913e-06,2.27826353693672e-06,25.189373016357422,1.0,0.0943058505654335
modular-addition-training-s1-5f1bc9dee7ab,full,2600,0.001,58.96218490600586,3.7220299873297336e-06,1.513862912361219e-06,25.67551612854004,1.0,0.09542454779148102
modular-addition-training-s1-5f1bc9dee7ab,full,2650,0.001,58.72450637817383,3.3245989925489994e-06,1.0539276900090044e-06,26.046592712402344,1.0,0.09699071198701859
modular-addition-training-s1-5f1bc9dee7ab,full,2700,0.001,58.43072509765625,2.6365357825852698e-06,7.791243774590839e-07,26.270549774169922,1.0,0.09777379781007767
modular-addition-training-s1-5f1bc9dee7ab,full,2750,0.001,58.16217803955078,4.11116434406722e-06,6.070957851989078e-07,26.422338485717773,1.0,0.09777379781007767
modular-addition-training-s1-5f1bc9dee7ab,full,2800,0.001,58.04081344604492,8.037198313104454e-06,5.381536425375089e-07,26.62598991394043,1.0,0.09844501316547394
modular-addition-training-s1-5f1bc9dee7ab,full,2850,0.001,56.34901428222656,0.04904071241617203,0.0006908169016242027,22.671646118164062,1.0,0.09128537774085999
modular-addition-training-s1-5f1bc9dee7ab,full,2900,0.001,53.8292350769043,0.0045720976777374744,0.0007940048817545176,16.93841552734375,1.0,0.09822127968072891
modular-addition-training-s1-5f1bc9dee7ab,full,2950,0.001,52.44407272338867,0.005364465527236462,0.003247139509767294,13.4513578414917,1.0,0.09889249503612518
modular-addition-training-s1-5f1bc9dee7ab,full,3000,0.001,52.81306076049805,0.007339920848608017,0.006069729570299387,12.242402076721191,1.0,0.09654323756694794
modular-addition-training-s1-5f1bc9dee7ab,full,3050,0.001,53.8968505859375,0.005586694926023483,0.004580946173518896,12.608051300048828,1.0,0.0971025824546814
modular-addition-training-s1-5f1bc9dee7ab,full,3100,0.001,54.94131851196289,0.003851864719763398,0.002888604300096631,13.257312774658203,1.0,0.09732632339000702
modular-addition-training-s1-5f1bc9dee7ab,full,3150,0.001,55.917449951171875,0.0023969290778040886,0.001791259623132646,13.93541145324707,1.0,0.09755006432533264
modular-addition-training-s1-5f1bc9dee7ab,full,3200,0.001,56.83195114135742,0.0015917521668598056,0.0010969119612127542,14.632339477539062,1.0,0.09911622852087021
modular-addition-training-s1-5f1bc9dee7ab,full,3250,0.001,57.67584228515625,0.0011022960534319282,0.000667002925183624,15.337270736694336,1.0,0.09866875410079956
modular-addition-training-s1-5f1bc9dee7ab,full,3300,0.001,58.440185546875,0.0007337005226872861,0.0004035661113448441,16.047088623046875,1.0,0.09833315014839172
modular-addition-training-s1-5f1bc9dee7ab,full,3350,0.001,59.11383819580078,0.0005667288787662983,0.00024357825168408453,16.75733184814453,1.0,0.09945183992385864
modular-addition-training-s1-5f1bc9dee7ab,full,3400,0.001,59.6872673034668,0.00036116864066570997,0.00014679862943012267,17.46401023864746,1.0,0.09978745132684708
modular-addition-training-s1-5f1bc9dee7ab,full,3450,0.001,60.156009674072266,0.0001908972189994529,8.839132351567969e-05,18.1652774810791,1.0,0.10023492574691772
modular-addition-training-s1-5f1bc9dee7ab,full,3500,0.001,60.51304244995117,0.0001506788976257667,5.326844620867632e-05,18.858379364013672,1.0,0.10157735645771027
modular-addition-training-s1-5f1bc9dee7ab,full,3550,0.001,60.76282501220703,8.399529906455427e-05,3.213754098396748e-05,19.541141510009766,1.0,0.10224857181310654
modular-addition-training-s1-5f1bc9dee7ab,full,3600,0.001,60.913230895996094,4.922950029140338e-05,1.943697134265676e-05,20.209375381469727,1.0,0.10236044228076935
modular-addition-training-s1-5f1bc9dee7ab,full,3650,0.001,60.9736442565918,2.898374805226922e-05,1.1832193195004947e-05,20.86431121826172,1.0,0.10303165763616562
modular-addition-training-s1-5f1bc9dee7ab,full,3700,0.001,60.956138610839844,1.9098764823866077e-05,7.268931312864879e-06,21.495969772338867,1.0,0.10303165763616562
modular-addition-training-s1-5f1bc9dee7ab,full,3750,0.001,60.87010192871094,1.6511487046955153e-05,4.530468686425593e-06,22.097749710083008,1.0,0.1038147434592247
modular-addition-training-s1-5f1bc9dee7ab,full,3800,0.001,60.71852111816406,1.1343180631229188e-05,2.8780118555005174e-06,22.65229034423828,1.0,0.10515717417001724
modular-addition-training-s1-5f1bc9dee7ab,full,3850,0.001,60.500999450683594,4.707626885647187e-06,1.8753189579001628e-06,23.14389419555664,1.0,0.10560465604066849
modular-addition-training-s1-5f1bc9dee7ab,full,3900,0.001,60.214412689208984,3.551303962012753e-06,1.2669167972489959e-06,23.554208755493164,1.0,0.10694708675146103
modular-addition-training-s1-5f1bc9dee7ab,full,3950,0.001,59.86520004272461,3.0031426376808668e-06,8.928242891670379e-07,23.86269187927246,1.0,0.10739456117153168
modular-addition-training-s1-5f1bc9dee7ab,full,4000,0.001,59.51887130737305,7.167076091718627e-06,6.752910053364758e-07,24.089820861816406,1.0,0.10840138792991638
modular-addition-training-s1-5f1bc9dee7ab,full,4050,0.001,56.562469482421875,2.8222410678863525,0.863372266292572,21.029245376586914,0.9895561337471008,0.09296341985464096
modular-addition-training-s1-5f1bc9dee7ab,full,4100,0.001,53.7696533203125,0.053676147013902664,0.008383986540138721,14.0123291015625,1.0,0.1010180115699768
modular-addition-training-s1-5f1bc9dee7ab,full,4150,0.001,52.3394775390625,0.02631581760942936,0.014922129921615124,11.193374633789062,1.0,0.10415035486221313
modular-addition-training-s1-5f1bc9dee7ab,full,4200,0.001,52.32048034667969,0.032914090901613235,0.02358621172606945,9.895952224731445,1.0,0.10705895721912384
modular-addition-training-s1-5f1bc9dee7ab,full,4250,0.001,53.30165481567383,0.026918191462755203,0.02181589975953102,9.741726875305176,1.0,0.10817764699459076
modular-addition-training-s1-5f1bc9dee7ab,full,4300,0.001,54.50830078125,0.018229281529784203,0.014965197071433067,10.112972259521484,1.0,0.10974381864070892
modular-addition-training-s1-5f1bc9dee7ab,full,4350,0.001,55.65090560913086,0.012019714340567589,0.009488523937761784,10.630743980407715,1.0,0.10996755957603455
modular-addition-training-s1-5f1bc9dee7ab,full,4400,0.001,56.72787094116211,0.007684632670134306,0.005859810393303633,11.20491886138916,1.0,0.11198120564222336
modular-addition-training-s1-5f1bc9dee7ab,full,4450,0.001,57.7258186340332,0.004933545365929604,0.0035733310505747795,11.806863784790039,1.0,0.11231681704521179
modular-addition-training-s1-5f1bc9dee7ab,full,4500,0.001,58.642723083496094,0.0031926888041198254,0.002161051845178008,12.423951148986816,1.0,0.11175746470689774
modular-addition-training-s1-5f1bc9dee7ab,full,4550,0.001,59.469295501708984,0.002024839399382472,0.001300294534303248,13.049524307250977,1.0,0.11186933517456055
modular-addition-training-s1-5f1bc9dee7ab,full,4600,0.001,60.21199035644531,0.001306216581724584,0.0007792998803779483,13.67387580871582,1.0,0.11287616193294525
modular-addition-training-s1-5f1bc9dee7ab,full,4650,0.001,60.86473846435547,0.0008647025679238141,0.00046651900629512966,14.293047904968262,1.0,0.11298803240060806
modular-addition-training-s1-5f1bc9dee7ab,full,4700,0.001,61.4246826171875,0.0005079014226794243,0.0002788199344649911,14.907979011535645,1.0,0.11388298124074936
modular-addition-training-s1-5f1bc9dee7ab,full,4750,0.001,61.890682220458984,0.00034754612715914845,0.00016662702546454966,15.516350746154785,1.0,0.11578476428985596
modular-addition-training-s1-5f1bc9dee7ab,full,4800,0.001,62.25312423706055,0.00020750494149979204,9.965206845663488e-05,16.115690231323242,1.0,0.11802215129137039
modular-addition-training-s1-5f1bc9dee7ab,full,4850,0.001,62.50681686401367,0.0001349094236502424,5.965510354144499e-05,16.706165313720703,1.0,0.11846962571144104
modular-addition-training-s1-5f1bc9dee7ab,full,4900,0.001,62.653076171875,8.722036000108346e-05,3.5823155485559255e-05,17.28104019165039,1.0,0.11936458200216293
modular-addition-training-s1-5f1bc9dee7ab,full,4950,0.001,62.698204040527344,5.456152211991139e-05,2.1589341486105695e-05,17.840177536010742,1.0,0.11958832293748856
modular-addition-training-s1-5f1bc9dee7ab,full,5000,0.001,62.648441314697266,3.7382040318334475e-05,1.3090781067148782e-05,18.380001068115234,1.0,0.1209307536482811
modular-addition-training-s1-5f1bc9dee7ab,full,5050,0.001,62.51414108276367,2.1402793208835647e-05,8.00207635620609e-06,18.893142700195312,1.0,0.12160196900367737
modular-addition-training-s1-5f1bc9dee7ab,full,5100,0.001,62.30211639404297,1.4329673831525724e-05,4.9623272388998885e-06,19.372705459594727,1.0,0.12272065877914429
modular-addition-training-s1-5f1bc9dee7ab,full,5150,0.001,62.01475524902344,9.450522156839725e-06,3.1345130082627293e-06,19.811695098876953,1.0,0.12372748553752899
modular-addition-training-s1-5f1bc9dee7ab,full,5200,0.001,61.649871826171875,5.113758561492432e-06,2.0325312561908504e-06,20.195140838623047,1.0,0.1238393560051918
modular-addition-training-s1-5f1bc9dee7ab,full,5250,0.001,61.20378494262695,4.453497695067199e-06,1.360821215712349e-06,20.51296615600586,1.0,0.12451057136058807
modular-addition-training-s1-5f1bc9dee7ab,full,5300,0.001,60.67213439941406,3.2148582249647006e-06,9.557903695167624e-07,20.73677635192871,1.0,0.12652422487735748
modular-addition-training-s1-5f1bc9dee7ab,full,5350,0.001,60.07855224609375,3.0968130886321887e-06,7.160648465287522e-07,20.845739364624023,1.0,0.12730731070041656
modular-addition-training-s1-5f1bc9dee7ab,full,5400,0.001,59.55390548706055,6.02775207880768e-06,5.535916898224968e-07,20.98166275024414,1.0,0.12741917371749878
modular-addition-training-s1-5f1bc9dee7ab,full,5450,0.001,59.31681823730469,1.7613450836506672e-05,6.026447181284311e-07,21.2635555267334,1.0,0.12820225954055786
modular-addition-training-s1-5f1bc9dee7ab,full,5500,0.001,56.247703552246094,0.03445529192686081,0.0006695986376143992,16.321308135986328,1.0,0.12630048394203186
modular-addition-training-s1-5f1bc9dee7ab,full,5550,0.001,53.77780532836914,0.0092573007568717,0.0016196510987356305,12.299979209899902,1.0,0.13278889656066895
modular-addition-training-s1-5f1bc9dee7ab,full,5600,0.001,52.672115325927734,0.010315492749214172,0.00583041412755847,9.928040504455566,1.0,0.13390760123729706
modular-addition-training-s1-5f1bc9dee7ab,full,5650,0.001,53.36676788330078,0.013053563423454762,0.010198669508099556,9.04992389678955,1.0,0.13457880914211273
modular-addition-training-s1-5f1bc9dee7ab,full,5700,0.001,54.754974365234375,0.010450752452015877,0.008219370618462563,9.19328498840332,1.0,0.13502629101276398
modular-addition-training-s1-5f1bc9dee7ab,full,5750,0.001,56.00657653808594,0.007024414837360382,0.005268360022455454,9.600480079650879,1.0,0.1362568587064743
modular-addition-training-s1-5f1bc9dee7ab,full,5800,0.001,57.12330627441406,0.00465568620711565,0.003276324365288019,10.046072959899902,1.0,0.13759928941726685
modular-addition-training-s1-5f1bc9dee7ab,full,5850,0.001,58.136016845703125,0.0030821161344647408,0.0020076001528650522,10.5043363571167,1.0,0.1380467563867569
modular-addition-training-s1-5f1bc9dee7ab,full,5900,0.001,59.051570892333984,0.0020077235531061888,0.0012189785484224558,10.96634578704834,1.0,0.14039601385593414
modular-addition-training-s1-5f1bc9dee7ab,full,5950,0.001,59.86730194091797,0.0013012236449867487,0.0007361016469076276,11.430739402770996,1.0,0.14330461621284485
modular-addition-training-s1-5f1bc9dee7ab,full,6000,0.001,60.58108901977539,0.0008131650974974036,0.00044262412120588124,11.885024070739746,1.0,0.14543013274669647
modular-addition-training-s1-5f1bc9dee7ab,full,6050,0.001,61.1876335144043,0.000610282935667783,0.00026573604554869235,12.330082893371582,1.0,0.14710818231105804
modular-addition-training-s1-5f1bc9dee7ab,full,6100,0.001,61.68220138549805,0.0003379780682735145,0.0001592370681464672,12.768024444580078,1.0,0.1495693027973175
modular-addition-training-s1-5f1bc9dee7ab,full,6150,0.001,62.06378936767578,0.00021101796301081777,9.543298074277118e-05,13.193915367126465,1.0,0.15113547444343567
modular-addition-training-s1-5f1bc9dee7ab,full,6200,0.001,62.329139709472656,0.00013851824041921645,5.718031752621755e-05,13.606788635253906,1.0,0.15359659492969513
modular-addition-training-s1-5f1bc9dee7ab,full,6250,0.001,62.479644775390625,9.85710576060228e-05,3.4342214348725975e-05,14.000932693481445,1.0,0.1541559398174286
modular-addition-training-s1-5f1bc9dee7ab,full,6300,0.001,62.52181625366211,5.1845181587850675e-05,2.068399408017285e-05,14.372742652893066,1.0,0.156169593334198
modular-addition-training-s1-5f1bc9dee7ab,full,6350,0.001,62.466495513916016,3.619352719397284e-05,1.2536293070297688e-05,14.72166919708252,1.0,0.15930193662643433
modular-addition-training-s1-5f1bc9dee7ab,full,6400,0.001,62.3265495300293,2.246020085294731e-05,7.659577931917738e-06,15.043365478515625,1.0,0.1610918492078781
modular-addition-training-s1-5f1bc9dee7ab,full,6450,0.001,62.11066436767578,1.365360731142573e-05,4.743207682622597e-06,15.327929496765137,1.0,0.16400045156478882
modular-addition-training-s1-5f1bc9dee7ab,full,6500,0.001,61.81998062133789,8.708406312507577e-06,2.994294618474669e-06,15.567712783813477,1.0,0.1665734350681305
modular-addition-training-s1-5f1bc9dee7ab,full,6550,0.001,61.45109558105469,6.489834049716592e-06,1.9417709609115263e-06,15.756290435791016,1.0,0.1686989665031433
modular-addition-training-s1-5f1bc9dee7ab,full,6600,0.001,61.001609802246094,4.4667249312624335e-06,1.3023991414229386e-06,15.888151168823242,1.0,0.17116008698940277
modular-addition-training-s1-5f1bc9dee7ab,full,6650,0.001,60.47356033325195,3.1295601274905493e-06,9.138336736214114e-07,15.951787948608398,1.0,0.17350934445858002
modular-addition-training-s1-5f1bc9dee7ab,full,6700,0.001,59.90675354003906,2.949892405013088e-06,6.708712021463725e-07,15.963994026184082,1.0,0.17496363818645477
modular-addition-training-s1-5f1bc9dee7ab,full,6750,0.001,59.463191986083984,1.4788414773647673e-05,5.725779601561953e-07,16.054723739624023,1.0,0.17697729170322418
modular-addition-training-s1-5f1bc9dee7ab,full,6800,0.001,56.01423263549805,0.049544934183359146,0.0009957075817510486,12.041678428649902,1.0,0.17641794681549072
modular-addition-training-s1-5f1bc9dee7ab,full,6850,0.001,53.530799865722656,0.008390680886805058,0.001992343459278345,9.01105785369873,1.0,0.18984226882457733
modular-addition-training-s1-5f1bc9dee7ab,full,6900,0.001,52.194969177246094,0.011589186266064644,0.006369409151375294,7.316700458526611,1.0,0.19174404442310333
modular-addition-training-s1-5f1bc9dee7ab,full,6950,0.001,52.59691619873047,0.013843119144439697,0.009435666725039482,6.748874187469482,1.0,0.19118469953536987
modular-addition-training-s1-5f1bc9dee7ab,full,7000,0.001,53.72389602661133,0.010567773133516312,0.007215258665382862,6.794261932373047,1.0,0.192415252327919
modular-addition-training-s1-5f1bc9dee7ab,full,7050,0.001,54.794559478759766,0.007012759801000357,0.0046010203659534454,6.978977203369141,1.0,0.1953238546848297
modular-addition-training-s1-5f1bc9dee7ab,full,7100,0.001,55.756717681884766,0.004545620642602444,0.0028370595537126064,7.18472957611084,1.0,0.20069359242916107
modular-addition-training-s1-5f1bc9dee7ab,full,7150,0.001,56.62497329711914,0.002913128351792693,0.001722341519780457,7.384462356567383,1.0,0.20874817669391632
modular-addition-training-s1-5f1bc9dee7ab,full,7200,0.001,57.392478942871094,0.0018475736724212766,0.0010361872846260667,7.569589614868164,1.0,0.21534846723079681
modular-addition-training-s1-5f1bc9dee7ab,full,7250,0.001,58.06050491333008,0.0011676066787913442,0.0006196402246132493,7.735274314880371,1.0,0.22138941287994385
modular-addition-training-s1-5f1bc9dee7ab,full,7300,0.001,58.63695526123047,0.0007350477972067893,0.00036909597110934556,7.879593849182129,1.0,0.2275422364473343
modular-addition-training-s1-5f1bc9dee7ab,full,7350,0.001,59.113250732421875,0.00046081520849838853,0.00021935235417913646,7.991878032684326,1.0,0.23369504511356354
modular-addition-training-s1-5f1bc9dee7ab,full,7400,0.001,59.48678970336914,0.00028620308148674667,0.0001301193842664361,8.067323684692383,1.0,0.24219711124897003
modular-addition-training-s1-5f1bc9dee7ab,full,7450,0.001,59.75125503540039,0.00017886015120893717,7.721770816715434e-05,8.109823226928711,1.0,0.25293657183647156
modular-addition-training-s1-5f1bc9dee7ab,full,7500,0.001,59.903812408447266,0.00011110849300166592,4.582642577588558e-05,8.117072105407715,1.0,0.2617742419242859
modular-addition-training-s1-5f1bc9dee7ab,full,7550,0.001,59.944480895996094,6.897662387927994e-05,2.7256626708549447e-05,8.074907302856445,1.0,0.27284932136535645
modular-addition-training-s1-5f1bc9dee7ab,full,7600,0.001,59.88450241088867,4.30866566603072e-05,1.6287500329781324e-05,7.9898223876953125,1.0,0.2839243710041046
modular-addition-training-s1-5f1bc9dee7ab,full,7650,0.001,59.72815704345703,2.69356241915375e-05,9.789160685613751e-06,7.8578715324401855,1.0,0.29768431186676025
modular-addition-training-s1-5f1bc9dee7ab,full,7700,0.001,59.47865295410156,1.683762820903212e-05,5.931927717028884e-06,7.665696620941162,1.0,0.31189170479774475
modular-addition-training-s1-5f1bc9dee7ab,full,7750,0.001,59.14511489868164,1.0695101082092151e-05,3.65000437341223e-06,7.425985336303711,1.0,0.32889583706855774
modular-addition-training-s1-5f1bc9dee7ab,full,7800,0.001,58.727012634277344,6.881345598230837e-06,2.2978097149461973e-06,7.128982067108154,1.0,0.3476898968219757
modular-addition-training-s1-5f1bc9dee7ab,full,7850,0.001,58.21929931640625,4.516921762842685e-06,1.4891494402036187e-06,6.7816290855407715,1.0,0.36435842514038086
modular-addition-training-s1-5f1bc9dee7ab,full,7900,0.001,57.614200592041016,3.094993644481292e-06,1.0114106316905236e-06,6.385439395904541,1.0,0.38606107234954834
modular-addition-training-s1-5f1bc9dee7ab,full,7950,0.001,56.920379638671875,2.357443008804694e-06,7.232235361698258e-07,5.9615397453308105,1.0,0.4083230793476105
modular-addition-training-s1-5f1bc9dee7ab,full,8000,0.001,56.17791748046875,2.284515858264058e-06,5.351656113816716e-07,5.541488170623779,1.0,0.4294663965702057
modular-addition-training-s1-5f1bc9dee7ab,full,8050,0.001,55.49375915527344,2.809817715387908e-06,4.022301709483145e-07,5.17648458480835,1.0,0.4531826972961426
modular-addition-training-s1-5f1bc9dee7ab,full,8100,0.001,55.11064910888672,9.91893648460973e-06,3.1165600944405014e-07,4.918437480926514,1.0,0.47298356890678406
modular-addition-training-s1-5f1bc9dee7ab,full,8150,0.001,52.53369140625,0.028270212933421135,0.00031825259793549776,3.8397655487060547,1.0,0.4858485162258148
modular-addition-training-s1-5f1bc9dee7ab,full,8200,0.001,50.07664108276367,0.0033043287694454193,0.0005017629009671509,2.6814539432525635,1.0,0.5211992263793945
modular-addition-training-s1-5f1bc9dee7ab,full,8250,0.001,48.3433837890625,0.004210755228996277,0.0019364621257409453,2.134342908859253,1.0,0.5322743058204651
modular-addition-training-s1-5f1bc9dee7ab,full,8300,0.001,48.049434661865234,0.004963577259331942,0.00271799904294312,1.848073959350586,1.0,0.5601297616958618
modular-addition-training-s1-5f1bc9dee7ab,full,8350,0.001,48.447628021240234,0.0035697061102837324,0.001902526943013072,1.608563780784607,1.0,0.6064437031745911
modular-addition-training-s1-5f1bc9dee7ab,full,8400,0.001,48.841548919677734,0.0023187357001006603,0.0011549127520993352,1.3532519340515137,1.0,0.6565611362457275
modular-addition-training-s1-5f1bc9dee7ab,full,8450,0.001,49.151363372802734,0.0014784735394641757,0.0006819900590926409,1.0938225984573364,1.0,0.7148450613021851
modular-addition-training-s1-5f1bc9dee7ab,full,8500,0.001,49.37847900390625,0.000931168207898736,0.0003959056339226663,0.8443329334259033,1.0,0.7684304714202881
modular-addition-training-s1-5f1bc9dee7ab,full,8550,0.001,49.509944915771484,0.0005809413269162178,0.00022760554566048086,0.6140853762626648,1.0,0.8240295052528381
modular-addition-training-s1-5f1bc9dee7ab,full,8600,0.001,49.56314468383789,0.00036153238033875823,0.00013075716560706496,0.42128708958625793,1.0,0.8725808262825012
modular-addition-training-s1-5f1bc9dee7ab,full,8650,0.001,49.546207427978516,0.00022405743948183954,7.512327283620834e-05,0.2735099494457245,1.0,0.9156505465507507
modular-addition-training-s1-5f1bc9dee7ab,full,8700,0.001,49.461753845214844,0.00013876227603759617,4.3309235479682684e-05,0.168616384267807,1.0,0.9468620419502258
modular-addition-training-s1-5f1bc9dee7ab,full,8750,0.001,49.31769561767578,8.586161129642278e-05,2.5048084353329614e-05,0.09885236620903015,1.0,0.9668866991996765
modular-addition-training-s1-5f1bc9dee7ab,full,8800,0.001,49.11896896362305,5.3193525673123077e-05,1.4584584278054535e-05,0.05575934424996376,1.0,0.9834433197975159
modular-addition-training-s1-5f1bc9dee7ab,full,8850,0.001,48.862945556640625,3.307719816803001e-05,8.548129699192941e-06,0.030749540776014328,1.0,0.9920572638511658
modular-addition-training-s1-5f1bc9dee7ab,full,8900,0.001,48.54814910888672,2.059066537185572e-05,5.052702817920363e-06,0.016763705760240555,1.0,0.9956371188163757
modular-addition-training-s1-5f1bc9dee7ab,full,8950,0.001,48.17537307739258,1.2864611562690698e-05,3.0251978841988603e-06,0.009122789837419987,1.0,0.998210072517395
modular-addition-training-s1-5f1bc9dee7ab,full,9000,0.001,47.745731353759766,8.136694304994307e-06,1.8535605477154604e-06,0.004985260311514139,1.0,0.9988812804222107
modular-addition-training-s1-5f1bc9dee7ab,full,9050,0.001,47.25825500488281,5.213906206336105e-06,1.168965241049591e-06,0.0027095251716673374,1.0,0.9991050362586975
modular-addition-training-s1-5f1bc9dee7ab,full,9100,0.001,46.712188720703125,3.48388539350708e-06,7.74299337535922e-07,0.00139238394331187,1.0,0.9993287920951843
modular-addition-training-s1-5f1bc9dee7ab,full,9150,0.001,46.11674118041992,2.4572116217314033e-06,5.36348125024233e-07,0.000685748877003789,1.0,1.0
modular-addition-training-s1-5f1bc9dee7ab,full,9200,0.001,45.480899810791016,1.9157782844558824e-06,3.86449698908109e-07,0.0003217237535864115,1.0,1.0
modular-addition-training-s1-5f1bc9dee7ab,full,9250,0.001,44.84066390991211,1.8172137288274826e-06,2.893392831992969e-07,0.00016232392226811498,1.0,1.0
modular-addition-training-s1-5f1bc9dee7ab,full,9300,0.001,44.28492736816406,1.935543650688487e-06,2.14234333384411e-07,9.05125925783068e-05,1.0,1.0
modular-addition-training-s1-5f1bc9dee7ab,full,9350,0.001,44.00009536743164,2.325051809748402e-06,1.4986753171797318e-07,6.925532943569124e-05,1.0,1.0
modular-addition-training-s1-5f1bc9dee7ab,full,9400,0.001,43.739112854003906,4.794203758239746,0.02827184833586216,0.07770902663469315,0.990078330039978,0.9752768874168396
modular-addition-training-s1-5f1bc9dee7ab,full,9450,0.001,41.61190414428711,0.008932423777878284,0.0001297477283515036,0.0024767573922872543,1.0,0.9995525479316711
modular-addition-training-s1-5f1bc9dee7ab,full,9500,0.001,39.696842193603516,0.00648152083158493,0.0004611299664247781,0.0020966327283531427,1.0,1.0
modular-addition-training-s1-5f1bc9dee7ab,full,9550,0.001,38.48966598510742,0.004101073369383812,0.0013282281579449773,0.003784355940297246,1.0,1.0
modular-addition-training-s1-5f1bc9dee7ab,full,9600,0.001,38.380638122558594,0.003955886233597994,0.0014219951117411256,0.0040549300611019135,1.0,1.0
modular-addition-training-s1-5f1bc9dee7ab,full,9650,0.001,38.64473342895508,0.0026737817097455263,0.0009022148442454636,0.0028357822448015213,1.0,1.0
modular-addition-training-s1-5f1bc9dee7ab,full,9700,0.001,38.92760467529297,0.0017270100070163608,0.0005410567973740399,0.001895690569654107,1.0,1.0
modular-addition-training-s1-5f1bc9dee7ab,full,9750,0.001,39.21098709106445,0.001105551142245531,0.00032119793468154967,0.0012719450751319528,1.0,1.0
modular-addition-training-s1-5f1bc9dee7ab,full,9800,0.001,39.48910140991211,0.0007032268913462758,0.0001895173772936687,0.0008672333788126707,1.0,1.0
modular-addition-training-s1-5f1bc9dee7ab,full,9850,0.001,39.75774383544922,0.00044515193440020084,0.00011149551573907956,0.0006055189296603203,1.0,1.0
modular-addition-training-s1-5f1bc9dee7ab,full,9900,0.001,40.01316452026367,0.00028061040211468935,6.547285738633946e-05,0.00043850066140294075,1.0,1.0
modular-addition-training-s1-5f1bc9dee7ab,full,9950,0.001,40.25210952758789,0.0001763483160175383,3.844637467409484e-05,0.0003325142024550587,1.0,1.0
modular-addition-training-s1-5f1bc9dee7ab,full,10000,0.001,40.47130584716797,0.00011061558325309306,2.2606600396102294e-05,0.00026214728131890297,1.0,1.0
modular-addition-training-s1-5f1bc9dee7ab,full,10050,0.001,40.66692352294922,6.929985102033243e-05,1.3342287275008857e-05,0.00021300639491528273,1.0,1.0
modular-addition-training-s1-5f1bc9dee7ab,full,10100,0.001,40.833404541015625,4.34337453043554e-05,7.91526326793246e-06,0.00017856282647699118,1.0,1.0
modular-addition-training-s1-5f1bc9dee7ab,full,10150,0.001,40.965599060058594,2.7261494324193336e-05,4.7367193474201486e-06,0.00015026249457150698,1.0,1.0
modular-addition-training-s1-5f1bc9dee7ab,full,10200,0.001,41.058128356933594,1.7236974599654786e-05,2.872092863981379e-06,0.0001285502512473613,1.0,1.0
modular-addition-training-s1-5f1bc9dee7ab,full,10250,0.001,41.104976654052734,1.100848658097675e-05,1.7801052081267699e-06,0.0001067656630766578,1.0,1.0
modular-addition-training-s1-5f1bc9dee7ab,full,10300,0.001,41.103641510009766,7.137457032513339e-06,1.1346343171680928e-06,8.954764780355617e-05,1.0,1.0
modular-addition-training-s1-5f1bc9dee7ab,full,10350,0.001,41.050479888916016,4.752395398099907e-06,7.485278388230654e-07,7.496308535337448e-05,1.0,1.0
modular-addition-training-s1-5f1bc9dee7ab,full,10400,0.001,40.94935989379883,3.3633421026024735e-06,5.144671604284667e-07,5.969983612885699e-05,1.0,1.0
modular-addition-training-s1-5f1bc9dee7ab,full,10450,0.001,40.805625915527344,2.6026173145510256e-06,3.666540635549609e-07,5.0608603487489745e-05,1.0,1.0
modular-addition-training-s1-5f1bc9dee7ab,full,10500,0.001,40.6372184753418,2.3281716039491585e-06,2.6811193265530164e-07,4.55396220786497e-05,1.0,1.0
modular-addition-training-s1-5f1bc9dee7ab,full,10550,0.001,40.507999420166016,2.2874428395880386e-06,1.9755125890696945e-07,4.087579873157665e-05,1.0,1.0
modular-addition-training-s1-5f1bc9dee7ab,full,10600,0.001,40.55862045288086,2.7315520583215402e-06,1.4638152379120584e-07,5.4886670113774016e-05,1.0,1.0
modular-addition-training-s1-5f1bc9dee7ab,full,10650,0.001,40.3390998840332,5.098079681396484,0.03309572860598564,0.08229142427444458,0.9879895448684692,0.9752768874168396
modular-addition-training-s1-5f1bc9dee7ab,full,10700,0.001,38.56468200683594,0.01379616092890501,0.00015861436259001493,0.002546853618696332,1.0,0.9991050362586975
modular-addition-training-s1-5f1bc9dee7ab,full,10750,0.001,36.79071807861328,0.012912317179143429,0.00043042644392699003,0.0018413604702800512,1.0,1.0
modular-addition-training-s1-5f1bc9dee7ab,full,10800,0.001,35.55776596069336,0.00736678671091795,0.001279303221963346,0.002823746530339122,1.0,1.0
modular-addition-training-s1-5f1bc9dee7ab,full,10850,0.001,35.43210220336914,0.00579946581274271,0.0015571038238704205,0.003312692977488041,1.0,1.0
modular-addition-training-s1-5f1bc9dee7ab,full,10900,0.001,35.85285949707031,0.004136046394705772,0.0010591605678200722,0.0025218103546649218,1.0,1.0
modular-addition-training-s1-5f1bc9dee7ab,full,10950,0.001,36.33378601074219,0.0027236349415034056,0.000649212917778641,0.0017618377460166812,1.0,1.0
modular-addition-training-s1-5f1bc9dee7ab,full,11000,0.001,36.81635284423828,0.0017650154186412692,0.0003908794606104493,0.001221977872774005,1.0,1.0
modular-addition-training-s1-5f1bc9dee7ab,full,11050,0.001,37.29234313964844,0.0011323539074510336,0.00023328229144681245,0.0008513052598573267,1.0,1.0
modular-addition-training-s1-5f1bc9dee7ab,full,11100,0.001,37.7557487487793,0.000721039657946676,0.00013851537369191647,0.0005991673679091036,1.0,1.0
modular-addition-training-s1-5f1bc9dee7ab,full,11150,0.001,38.201576232910156,0.00045672155101783574,8.204412733903155e-05,0.00042771929292939603,1.0,1.0
modular-addition-training-s1-5f1bc9dee7ab,full,11200,0.001,38.62660217285156,0.00028798976563848555,4.8565307224635035e-05,0.00031125577515922487,1.0,1.0
modular-addition-training-s1-5f1bc9dee7ab,full,11250,0.001,39.027706146240234,0.0001808755041565746,2.8769229174940847e-05,0.00023045709531288594,1.0,1.0
modular-addition-training-s1-5f1bc9dee7ab,full,11300,0.001,39.40142059326172,0.00011346585233695805,1.7089714674511924e-05,0.00017481515533290803,1.0,1.0
modular-addition-training-s1-5f1bc9dee7ab,full,11350,0.001,39.74357604980469,7.111185550456867e-05,1.0191986802965403e-05,0.0001354659179924056,1.0,1.0
modular-addition-training-s1-5f1bc9dee7ab,full,11400,0.001,40.04817581176758,4.464181620278396e-05,6.125630079623079e-06,0.00010733763338066638,1.0,1.0
modular-addition-training-s1-5f1bc9dee7ab,full,11450,0.001,40.30874252319336,2.8170397854410112e-05,3.7211179915175308e-06,8.716050797374919e-05,1.0,1.0
modular-addition-training-s1-5f1bc9dee7ab,full,11500,0.001,40.51728439331055,1.7845241018221714e-05,2.2951298888074234e-06,7.192546763690189e-05,1.0,1.0
modular-addition-training-s1-5f1bc9dee7ab,full,11550,0.001,40.66658401489258,1.1483687558211386e-05,1.4475654097623192e-06,6.126212247181684e-05,1.0,1.0
modular-addition-training-s1-5f1bc9dee7ab,full,11600,0.001,40.74673080444336,7.5014986578025855e-06,9.425615985492186e-07,5.353438973543234e-05,1.0,1.0
modular-addition-training-s1-5f1bc9dee7ab,full,11650,0.001,40.75438690185547,5.057287125964649e-06,6.401502901098866e-07,4.7669487685197964e-05,1.0,1.0
modular-addition-training-s1-5f1bc9dee7ab,full,11700,0.001,40.68875503540039,3.602315700845793e-06,4.51812354640424e-07,4.1830608097370714e-05,1.0,1.0
modular-addition-training-s1-5f1bc9dee7ab,full,11750,0.001,40.552982330322266,2.8072136046830565e-06,3.3170059055009915e-07,3.7932513805571944e-05,1.0,1.0
modular-addition-training-s1-5f1bc9dee7ab,full,11800,0.001,40.382171630859375,2.499941501810099e-06,2.4616869609417336e-07,3.511973409331404e-05,1.0,1.0
modular-addition-training-s1-5f1bc9dee7ab,full,11850,0.001,40.24135971069336,2.5517008452879963e-06,1.8366944232184323e-07,3.48155117535498e-05,1.0,1.0
modular-addition-training-s1-5f1bc9dee7ab,full,11900,0.001,40.29115676879883,2.8255633424123516e-06,1.3667047937815369e-07,5.6210326874861494e-05,1.0,1.0
modular-addition-training-s1-5f1bc9dee7ab,full,11950,0.001,40.23389434814453,8.916948318481445,0.10626163333654404,0.1742512285709381,0.9642297625541687,0.9448484182357788
modular-addition-training-s1-5f1bc9dee7ab,full,12000,0.001,38.59702682495117,0.013155351392924786,0.00013677567767444998,0.0017526419833302498,1.0,0.9995525479316711
modular-addition-training-s1-5f1bc9dee7ab,full,12050,0.001,36.802642822265625,0.013281503692269325,0.0003278758376836777,0.0011727644596248865,1.0,1.0
modular-addition-training-s1-5f1bc9dee7ab,full,12100,0.001,35.45517349243164,0.009128166362643242,0.0011141689028590918,0.002173322020098567,1.0,1.0
modular-addition-training-s1-5f1bc9dee7ab,full,12150,0.001,35.20976257324219,0.0065073296427726746,0.0015954376431182027,0.003039013361558318,1.0,1.0
modular-addition-training-s1-5f1bc9dee7ab,full,12200,0.001,35.63045120239258,0.004826015792787075,0.001110124634578824,0.002368264365941286,1.0,1.0
modular-addition-training-s1-5f1bc9dee7ab,full,12250,0.001,36.1421012878418,0.003218565136194229,0.0006842531729489565,0.001673610182479024,1.0,1.0
modular-addition-training-s1-5f1bc9dee7ab,full,12300,0.001,36.65871047973633,0.0021038695704191923,0.000413929985370487,0.0011776159517467022,1.0,1.0
modular-addition-training-s1-5f1bc9dee7ab,full,12350,0.001,37.16539764404297,0.0013581692473962903,0.0002481549163348973,0.0008364455425180495,1.0,1.0
modular-addition-training-s1-5f1bc9dee7ab,full,12400,0.001,37.65370178222656,0.0008685764623805881,0.000148113482282497,0.0006029096548445523,1.0,1.0
modular-addition-training-s1-5f1bc9dee7ab,full,12450,0.001,38.119590759277344,0.0005513890064321458,8.81808518897742e-05,0.0004421956546138972,1.0,1.0
modular-addition-training-s1-5f1bc9dee7ab,full,12500,0.001,38.56001281738281,0.00034781693830154836,5.2454557589953765e-05,0.0003286661521997303,1.0,1.0
modular-addition-training-s1-5f1bc9dee7ab,full,12550,0.001,38.972190856933594,0.00021840589761268348,3.120809924439527e-05,0.00024649302940815687,1.0,1.0
modular-addition-training-s1-5f1bc9dee7ab,full,12600,0.001,39.35346984863281,0.00013674655929207802,1.859981603047345e-05,0.00018698765779845417,1.0,1.0
modular-addition-training-s1-5f1bc9dee7ab,full,12650,0.001,39.700069427490234,8.552378858439624e-05,1.1119182090624236e-05,0.00014326482778415084,1.0,1.0
modular-addition-training-s1-5f1bc9dee7ab,full,12700,0.001,40.007911682128906,5.349445200408809e-05,6.683882475044811e-06,0.00011115743836853653,1.0,1.0
modular-addition-training-s1-5f1bc9dee7ab,full,12750,0.001,40.27132797241211,3.353809006512165e-05,4.054620603710646e-06,8.691932453075424e-05,1.0,1.0
modular-addition-training-s1-5f1bc9dee7ab,full,12800,0.001,40.48457717895508,2.112294350808952e-05,2.4917467271734495e-06,6.788909377064556e-05,1.0,1.0
modular-addition-training-s1-5f1bc9dee7ab,full,12850,0.001,40.640865325927734,1.3471322745317593e-05,1.5607359955538413e-06,5.326519749360159e-05,1.0,1.0
modular-addition-training-s1-5f1bc9dee7ab,full,12900,0.001,40.731475830078125,8.714014256838709e-06,1.0100094414156047e-06,4.225753582431935e-05,1.0,1.0
modular-addition-training-s1-5f1bc9dee7ab,full,12950,0.001,40.75183868408203,5.815993063151836e-06,6.75695218887995e-07,3.408996417419985e-05,1.0,1.0
modular-addition-training-s1-5f1bc9dee7ab,full,13000,0.001,40.69856643676758,4.0594204619992524e-06,4.7303967676270986e-07,2.8849357477156445e-05,1.0,1.0
modular-addition-training-s1-5f1bc9dee7ab,full,13050,0.001,40.57941818237305,3.111681735390448e-06,3.4312347452214453e-07,2.4217026293626986e-05,1.0,1.0
modular-addition-training-s1-5f1bc9dee7ab,full,13100,0.001,40.4185676574707,2.666111868165899e-06,2.546347559473361e-07,2.196398054366e-05,1.0,1.0
modular-addition-training-s1-5f1bc9dee7ab,full,13150,0.001,40.262489318847656,2.682407057363889e-06,1.9070371592988522e-07,2.1742725948570296e-05,1.0,1.0
modular-addition-training-s1-5f1bc9dee7ab,full,13200,0.001,40.26754379272461,3.0107887596386718e-06,1.419306272509857e-07,2.760499410214834e-05,1.0,1.0
modular-addition-training-s1-5f1bc9dee7ab,full,13250,0.001,40.11798095703125,10.439332008361816,0.049755942076444626,0.1083102747797966,0.982767641544342,0.9648730158805847
modular-addition-training-s1-5f1bc9dee7ab,full,13300,0.001,38.404457092285156,0.01816026121377945,0.00017473961634095758,0.0011771597201004624,1.0,0.9995525479316711
modular-addition-training-s1-5f1bc9dee7ab,full,13350,0.001,36.62478256225586,0.014324589632451534,0.0004216576344333589,0.0010109547292813659,1.0,1.0
modular-addition-training-s1-5f1bc9dee7ab,full,13400,0.001,35.340328216552734,0.007476175669580698,0.0014728776877745986,0.0026125998701900244,1.0,1.0
modular-addition-training-s1-5f1bc9dee7ab,full,13450,0.001,35.143890380859375,0.0077193318866193295,0.001776219462044537,0.00317654712125659,1.0,1.0
modular-addition-training-s1-5f1bc9dee7ab,full,13500,0.001,35.522708892822266,0.005726557690650225,0.0012431626673787832,0.0024743082467466593,1.0,1.0
modular-addition-training-s1-5f1bc9dee7ab,full,13550,0.001,36.01204299926758,0.003829395631328225,0.0007751966477371752,0.0017766455421224236,1.0,1.0
modular-addition-training-s1-5f1bc9dee7ab,full,13600,0.001,36.512855529785156,0.002486118348315358,0.0004700862627942115,0.0012746473075821996,1.0,1.0
modular-addition-training-s1-5f1bc9dee7ab,full,13650,0.001,37.00314712524414,0.0015879194252192974,0.00028157455381006,0.0009268807480111718,1.0,1.0
modular-addition-training-s1-5f1bc9dee7ab,full,13700,0.001,37.4741325378418,0.0010032100835815072,0.0001676419924478978,0.0006802912685088813,1.0,1.0
modular-addition-training-s1-5f1bc9dee7ab,full,13750,0.001,37.92136001586914,0.0006291234167292714,9.95234731817618e-05,0.0005056334193795919,1.0,1.0
modular-addition-training-s1-5f1bc9dee7ab,full,13800,0.001,38.3423957824707,0.00039240886690095067,5.902216798858717e-05,0.00037751090712845325,1.0,1.0
modular-addition-training-s1-5f1bc9dee7ab,full,13850,0.001,38.735713958740234,0.00024389046302530915,3.5019351344089955e-05,0.0002879339153878391,1.0,1.0
modular-addition-training-s1-5f1bc9dee7ab,full,13900,0.001,39.09981918334961,0.0001511758309789002,2.0807139662792906e-05,0.00022315113164950162,1.0,1.0
modular-addition-training-s1-5f1bc9dee7ab,full,13950,0.001,39.43183898925781,9.370833868160844e-05,1.2404003427946009e-05,0.00017989031039178371,1.0,1.0
modular-addition-training-s1-5f1bc9dee7ab,full,14000,0.001,39.72837448120117,5.8113397244596854e-05,7.434208328049863e-06,0.00014094811922404915,1.0,1.0
modular-addition-training-s1-5f1bc9dee7ab,full,14050,0.001,39.98469924926758,3.6153469409327954e-05,4.491645540838363e-06,0.00011084644211223349,1.0,1.0
modular-addition-training-s1-5f1bc9dee7ab,full,14100,0.001,40.1932258605957,2.2631931642536074e-05,2.748060978774447e-06,8.824366523185745e-05,1.0,1.0
modular-addition-training-s1-5f1bc9dee7ab,full,14150,0.001,40.345314025878906,1.429035091859987e-05,1.7166413499580813e-06,7.003400969551876e-05,1.0,1.0
modular-addition-training-s1-5f1bc9dee7ab,full,14200,0.001,40.431339263916016,9.1751880972879e-06,1.097502149605134e-06,5.661134855472483e-05,1.0,1.0
modular-addition-training-s1-5f1bc9dee7ab,full,14250,0.001,40.441680908203125,6.00558087171521e-06,7.301329674191948e-07,4.576629362418316e-05,1.0,1.0
modular-addition-training-s1-5f1bc9dee7ab,full,14300,0.001,40.373023986816406,4.117959633731516e-06,5.088023726784741e-07,3.875426045851782e-05,1.0,1.0
modular-addition-training-s1-5f1bc9dee7ab,full,14350,0.001,40.22687530517578,2.9920645374659216e-06,3.669341595013975e-07,3.558193566277623e-05,1.0,1.0
modular-addition-training-s1-5f1bc9dee7ab,full,14400,0.001,40.01997756958008,2.462486463628011e-06,2.7576871275414305e-07,3.48084322467912e-05,1.0,1.0
modular-addition-training-s1-5f1bc9dee7ab,full,14450,0.001,39.79600524902344,2.2736844584869687e-06,2.0776029430180643e-07,3.609404302551411e-05,1.0,1.0
modular-addition-training-s1-5f1bc9dee7ab,full,14500,0.001,39.666717529296875,2.5207687031070236e-06,1.5475418990718026e-07,4.027834802400321e-05,1.0,1.0
modular-addition-training-s1-5f1bc9dee7ab,full,14550,0.001,39.95702362060547,3.3609992442507064e-06,1.3050770064637618e-07,4.2724237573565915e-05,1.0,1.0
modular-addition-training-s1-5f1bc9dee7ab,full,14600,0.001,38.783756256103516,0.027873516082763672,0.00018672493752092123,0.0024434614460915327,1.0,0.9991050362586975
modular-addition-training-s1-5f1bc9dee7ab,full,14650,0.001,36.976985931396484,0.006881461478769779,0.00015469842765014619,0.0004932195297442377,1.0,1.0
modular-addition-training-s1-5f1bc9dee7ab,full,14700,0.001,35.440059661865234,0.00732651399448514,0.0006311727920547128,0.0012587872333824635,1.0,1.0
modular-addition-training-s1-5f1bc9dee7ab,full,14750,0.001,34.899478912353516,0.004838216584175825,0.001087693846784532,0.001961617497727275,1.0,1.0
modular-addition-training-s1-5f1bc9dee7ab,full,14800,0.001,35.177268981933594,0.0037593990564346313,0.0008019532542675734,0.0015222156653180718,1.0,1.0
modular-addition-training-s1-5f1bc9dee7ab,full,14850,0.001,35.61531448364258,0.002541942521929741,0.0005039958050474524,0.0010385982459411025,1.0,1.0
modular-addition-training-s1-5f1bc9dee7ab,full,14900,0.001,36.07740020751953,0.0016710617346689105,0.0003073793195653707,0.0007056715548969805,1.0,1.0
modular-addition-training-s1-5f1bc9dee7ab,full,14950,0.001,36.53431701660156,0.0010798253351822495,0.00018485679174773395,0.0004845846560783684,1.0,1.0
modular-addition-training-s1-5f1bc9dee7ab,full,15000,0.001,36.97476577758789,0.0006894565303809941,0.00011041694233426824,0.0003393138467799872,1.0,1.0
modular-addition-training-s1-5f1bc9dee7ab,full,15050,0.001,37.393795013427734,0.00043623437522910535,6.572600250365213e-05,0.00024316366761922836,1.0,1.0
modular-addition-training-s1-5f1bc9dee7ab,full,15100,0.001,37.78804397583008,0.0002740626805461943,3.906259735231288e-05,0.00017861505330074579,1.0,1.0
modular-addition-training-s1-5f1bc9dee7ab,full,15150,0.001,38.154842376708984,0.000171364052221179,2.3232443709275685e-05,0.0001354667911073193,1.0,1.0
modular-addition-training-s1-5f1bc9dee7ab,full,15200,0.001,38.491451263427734,0.00010675660450942814,1.3841667168890126e-05,0.00010557045607129112,1.0,1.0
modular-addition-training-s1-5f1bc9dee7ab,full,15250,0.001,38.79405975341797,6.647089321631938e-05,8.284273462777492e-06,8.442733815172687e-05,1.0,1.0
modular-addition-training-s1-5f1bc9dee7ab,full,15300,0.001,39.05837631225586,4.1422827052883804e-05,4.9889545152836945e-06,6.934165867278352e-05,1.0,1.0
modular-addition-training-s1-5f1bc9dee7ab,full,15350,0.001,39.277462005615234,2.590017356851604e-05,3.0392025109904353e-06,5.793668969999999e-05,1.0,1.0
modular-addition-training-s1-5f1bc9dee7ab,full,15400,0.001,39.44538879394531,1.6326379409292713e-05,1.88060778327781e-06,4.9460752052254975e-05,1.0,1.0
modular-addition-training-s1-5f1bc9dee7ab,full,15450,0.001,39.55217742919922,1.0399387065263e-05,1.1944252946705092e-06,4.192071719444357e-05,1.0,1.0
modular-addition-training-s1-5f1bc9dee7ab,full,15500,0.001,39.59207534790039,6.801704330428038e-06,7.837924727027712e-07,3.719889355124906e-05,1.0,1.0
modular-addition-training-s1-5f1bc9dee7ab,full,15550,0.001,39.556907653808594,4.5450569814420305e-06,5.356010319701454e-07,3.387085962458514e-05,1.0,1.0
modular-addition-training-s1-5f1bc9dee7ab,full,15600,0.001,39.45127487182617,3.270721435910673e-06,3.835237976090866e-07,2.9904314942541532e-05,1.0,1.0
modular-addition-training-s1-5f1bc9dee7ab,full,15650,0.001,39.288509368896484,2.6292768779967446e-06,2.849195084309031e-07,2.7517551643541083e-05,1.0,1.0
modular-addition-training-s1-5f1bc9dee7ab,full,15700,0.001,39.10041427612305,2.362427721891436e-06,2.1613296041778085e-07,2.939639125543181e-05,1.0,1.0
modular-addition-training-s1-5f1bc9dee7ab,full,15750,0.001,38.97501754760742,2.5486390313744778e-06,1.6502548305652454e-07,3.815286618191749e-05,1.0,1.0
modular-addition-training-s1-5f1bc9dee7ab,full,15800,0.001,39.16413497924805,3.175684923917288e-06,1.3863136416603083e-07,8.139636338455603e-05,1.0,1.0
modular-addition-training-s1-5f1bc9dee7ab,full,15850,0.001,38.15494918823242,0.03463183343410492,0.00024344332632608712,0.005335450638085604,1.0,0.9991050362586975
modular-addition-training-s1-5f1bc9dee7ab,full,15900,0.001,36.45009231567383,0.007491666357964277,0.00015439892013091594,0.0009934506379067898,1.0,0.9995525479316711
modular-addition-training-s1-5f1bc9dee7ab,full,15950,0.001,35.04380798339844,0.006345026660710573,0.0005260953330434859,0.0011443485273048282,1.0,1.0
modular-addition-training-s1-5f1bc9dee7ab,full,16000,0.001,34.61104202270508,0.003628837876021862,0.0007938100025057793,0.001530806883238256,1.0,1.0
modular-addition-training-s1-5f1bc9dee7ab,full,16050,0.001,34.8847770690918,0.00289778015576303,0.0006091539980843663,0.0012787210289388895,1.0,1.0
modular-addition-training-s1-5f1bc9dee7ab,full,16100,0.001,35.321739196777344,0.0019963225349783897,0.0003870474174618721,0.0009410343482159078,1.0,1.0
modular-addition-training-s1-5f1bc9dee7ab,full,16150,0.001,35.77984619140625,0.0013307016342878342,0.00023675158445257694,0.000699339434504509,1.0,1.0
modular-addition-training-s1-5f1bc9dee7ab,full,16200,0.001,36.23133087158203,0.0008714735158719122,0.00014267305959947407,0.0005422880058176816,1.0,1.0
modular-addition-training-s1-5f1bc9dee7ab,full,16250,0.001,36.66485595703125,0.0005628320504911244,8.533766958862543e-05,0.0004412775451783091,1.0,1.0
modular-addition-training-s1-5f1bc9dee7ab,full,16300,0.001,37.074920654296875,0.0003589680418372154,5.084239455754869e-05,0.0003728741721715778,1.0,1.0
modular-addition-training-s1-5f1bc9dee7ab,full,16350,0.001,37.457645416259766,0.00022667384473606944,3.0246281312429346e-05,0.00032943583209998906,1.0,1.0
modular-addition-training-s1-5f1bc9dee7ab,full,16400,0.001,37.80968475341797,0.00014217135321814567,1.8001466742134653e-05,0.0002954595838673413,1.0,1.0
modular-addition-training-s1-5f1bc9dee7ab,full,16450,0.001,38.12643814086914,8.874700870364904e-05,1.0746764928626362e-05,0.0002653450646903366,1.0,1.0
modular-addition-training-s1-5f1bc9dee7ab,full,16500,0.001,38.40277099609375,5.53244462935254e-05,6.4483765527256764e-06,0.00023862384841777384,1.0,1.0
modular-addition-training-s1-5f1bc9dee7ab,full,16550,0.001,38.63340377807617,3.4553042496554554e-05,3.902226580976276e-06,0.00021357029618229717,1.0,1.0
modular-addition-training-s1-5f1bc9dee7ab,full,16600,0.001,38.81108474731445,2.1616231606458314e-05,2.3929535473143915e-06,0.00019431872351560742,1.0,1.0
modular-addition-training-s1-5f1bc9dee7ab,full,16650,0.001,38.92905807495117,1.3610370842798147e-05,1.496773393228068e-06,0.00017766709788702428,1.0,1.0
modular-addition-training-s1-5f1bc9dee7ab,full,16700,0.001,38.98048400878906,8.736933523323387e-06,9.620765695217415e-07,0.0001647917670197785,1.0,1.0
modular-addition-training-s1-5f1bc9dee7ab,full,16750,0.001,38.95805740356445,5.719639375456609e-06,6.425468086490582e-07,0.00015989512030500919,1.0,1.0
modular-addition-training-s1-5f1bc9dee7ab,full,16800,0.001,38.86011505126953,3.948374796891585e-06,4.4792156472794886e-07,0.00015357400116045028,1.0,1.0
modular-addition-training-s1-5f1bc9dee7ab,full,16850,0.001,38.69095230102539,2.9422571969917044e-06,3.2535095328967145e-07,0.00016287864127662033,1.0,1.0
modular-addition-training-s1-5f1bc9dee7ab,full,16900,0.001,38.46426773071289,2.4246917291748105e-06,2.4688458211130637e-07,0.00015606141823809594,1.0,1.0
modular-addition-training-s1-5f1bc9dee7ab,full,16950,0.001,38.21953201293945,2.361273573114886e-06,1.901434671935931e-07,0.00016401892935391515,1.0,1.0
modular-addition-training-s1-5f1bc9dee7ab,full,17000,0.001,38.059024810791016,2.531655582060921e-06,1.4946290605166723e-07,0.00022773188538849354,1.0,1.0
modular-addition-training-s1-5f1bc9dee7ab,full,17050,0.001,38.270381927490234,4.872601493843831e-06,1.37386351184432e-07,0.00039708701660856605,1.0,0.9997762441635132
modular-addition-training-s1-5f1bc9dee7ab,full,17100,0.001,37.41109848022461,0.0424036867916584,0.0002992939262185246,0.0034245916176587343,1.0,0.9991050362586975
modular-addition-training-s1-5f1bc9dee7ab,full,17150,0.001,35.7017822265625,0.00758183840662241,0.00017567042959854007,0.0013680560514330864,1.0,0.9997762441635132
modular-addition-training-s1-5f1bc9dee7ab,full,17200,0.001,34.27158737182617,0.0073902057483792305,0.0006154216243885458,0.0017624348402023315,1.0,1.0
modular-addition-training-s1-5f1bc9dee7ab,full,17250,0.001,33.814212799072266,0.004909678362309933,0.0011323955841362476,0.0025788149796426296,1.0,1.0
modular-addition-training-s1-5f1bc9dee7ab,full,17300,0.001,34.2213134765625,0.004209511913359165,0.0009325251448899508,0.0022803645115345716,1.0,1.0
modular-addition-training-s1-5f1bc9dee7ab,full,17350,0.001,34.800453186035156,0.0028948828112334013,0.0005971909267827868,0.0016969286371022463,1.0,1.0
modular-addition-training-s1-5f1bc9dee7ab,full,17400,0.001,35.367733001708984,0.0018950250232592225,0.00036539617576636374,0.0012284882832318544,1.0,1.0
modular-addition-training-s1-5f1bc9dee7ab,full,17450,0.001,35.90767288208008,0.0012155745644122362,0.00021966993517708033,0.0009114932036027312,1.0,1.0
modular-addition-training-s1-5f1bc9dee7ab,full,17500,0.001,36.41844177246094,0.0007709981873631477,0.00013103437959216535,0.0006910937954671681,1.0,1.0
modular-addition-training-s1-5f1bc9dee7ab,full,17550,0.001,36.89470672607422,0.0004860057670157403,7.788086804794148e-05,0.0005440082168206573,1.0,1.0
modular-addition-training-s1-5f1bc9dee7ab,full,17600,0.001,37.33282470703125,0.0003045191115234047,4.6208984713302925e-05,0.00043878366705030203,1.0,1.0
modular-addition-training-s1-5f1bc9dee7ab,full,17650,0.001,37.729042053222656,0.00019044244254473597,2.7424475774751045e-05,0.0003658243513200432,1.0,1.0
modular-addition-training-s1-5f1bc9dee7ab,full,17700,0.001,38.079254150390625,0.00011845063272630796,1.6296749890898354e-05,0.00031837099231779575,1.0,1.0
modular-addition-training-s1-5f1bc9dee7ab,full,17750,0.001,38.37871551513672,7.374803681159392e-05,9.721447895572055e-06,0.0002890922478400171,1.0,1.0
modular-addition-training-s1-5f1bc9dee7ab,full,17800,0.001,38.623291015625,4.599420935846865e-05,5.831459475302836e-06,0.0002678430173546076,1.0,1.0
modular-addition-training-s1-5f1bc9dee7ab,full,17850,0.001,38.80829620361328,2.8692154955933802e-05,3.526583441271214e-06,0.0002669589011929929,1.0,1.0
modular-addition-training-s1-5f1bc9dee7ab,full,17900,0.001,38.93256378173828,1.8056163753499277e-05,2.167578713851981e-06,0.00025507278041914105,1.0,1.0
modular-addition-training-s1-5f1bc9dee7ab,full,17950,0.001,38.990989685058594,1.1478738088044338e-05,1.3576446917795693e-06,0.0002393214963376522,1.0,1.0
modular-addition-training-s1-5f1bc9dee7ab,full,18000,0.001,38.97903823852539,7.365116289292928e-06,8.78412492966163e-07,0.0002097660326398909,1.0,1.0
modular-addition-training-s1-5f1bc9dee7ab,full,18050,0.001,38.896636962890625,4.8734768824942876e-06,5.901321742385335e-07,0.00021851612837053835,1.0,1.0
modular-addition-training-s1-5f1bc9dee7ab,full,18100,0.001,38.738441467285156,3.3703536246321164e-06,4.173567731413641e-07,0.00022667247685603797,1.0,1.0
modular-addition-training-s1-5f1bc9dee7ab,full,18150,0.001,38.51310348510742,2.506741793695255e-06,3.0916589821572416e-07,0.00021700454817619175,1.0,1.0
modular-addition-training-s1-5f1bc9dee7ab,full,18200,0.001,38.23689651489258,2.0554409729811596e-06,2.3726691722458781e-07,0.0001797463046386838,1.0,1.0
modular-addition-training-s1-5f1bc9dee7ab,full,18250,0.001,37.9431266784668,1.9342951418366283e-06,1.8687532588046452e-07,0.000193099127500318,1.0,1.0
modular-addition-training-s1-5f1bc9dee7ab,full,18300,0.001,37.72966766357422,2.0907268662995193e-06,1.4784440338644345e-07,0.0002841958194039762,1.0,1.0
modular-addition-training-s1-5f1bc9dee7ab,full,18350,0.001,37.84999465942383,3.79180005438684e-06,1.34211589397637e-07,0.0004624993889592588,1.0,0.9997762441635132
modular-addition-training-s1-5f1bc9dee7ab,full,18400,0.001,36.93069839477539,0.03291846439242363,0.00026940638781525195,0.010882851667702198,1.0,0.9976507425308228
modular-addition-training-s1-5f1bc9dee7ab,full,18450,0.001,35.28864288330078,0.00613401411101222,0.00015273521421477199,0.002640199614688754,1.0,0.9989931583404541
modular-addition-training-s1-5f1bc9dee7ab,full,18500,0.001,33.99119186401367,0.004863986279815435,0.0004942587693221867,0.0019746548496186733,1.0,0.9998881220817566
modular-addition-training-s1-5f1bc9dee7ab,full,18550,0.001,33.7078857421875,0.0031084688380360603,0.0007396782166324556,0.002320988569408655,1.0,1.0
modular-addition-training-s1-5f1bc9dee7ab,full,18600,0.001,34.098045349121094,0.002730906242504716,0.0005993954255245626,0.002090743277221918,1.0,1.0
modular-addition-training-s1-5f1bc9dee7ab,full,18650,0.001,34.62702941894531,0.001988127827644348,0.0003926977515220642,0.0016987271374091506,1.0,1.0
modular-addition-training-s1-5f1bc9dee7ab,full,18700,0.001,35.16172790527344,0.0013643542770296335,0.0002435413480270654,0.00141105055809021,1.0,1.0
modular-addition-training-s1-5f1bc9dee7ab,full,18750,0.001,35.67627716064453,0.0009034972754307091,0.00014757306780666113,0.0012071458622813225,1.0,1.0
modular-addition-training-s1-5f1bc9dee7ab,full,18800,0.001,36.15852737426758,0.0005852330941706896,8.842699025990441e-05,0.0010667730821296573,1.0,1.0
modular-addition-training-s1-5f1bc9dee7ab,full,18850,0.001,36.60261535644531,0.0003738108789548278,5.2692968893097714e-05,0.0009802827844396234,1.0,1.0
modular-addition-training-s1-5f1bc9dee7ab,full,18900,0.001,37.00343322753906,0.00023645415785722435,3.1324227165896446e-05,0.0009167632088065147,1.0,1.0
modular-addition-training-s1-5f1bc9dee7ab,full,18950,0.001,37.35581970214844,0.00014856072084512562,1.862523095041979e-05,0.0008768529514782131,1.0,1.0
modular-addition-training-s1-5f1bc9dee7ab,full,19000,0.001,37.65496063232422,9.290237358072773e-05,1.1094312867498957e-05,0.0008395219338126481,1.0,1.0
modular-addition-training-s1-5f1bc9dee7ab,full,19050,0.001,37.89720916748047,5.797710764454678e-05,6.643107553827576e-06,0.0008085035369731486,1.0,0.9998881220817566
modular-addition-training-s1-5f1bc9dee7ab,full,19100,0.001,38.07966995239258,3.6171481042401865e-05,4.009010353911435e-06,0.0007652328349649906,1.0,0.9998881220817566
modular-addition-training-s1-5f1bc9dee7ab,full,19150,0.001,38.20161819458008,2.263906026200857e-05,2.4505325200152583e-06,0.0007250498747453094,1.0,0.9998881220817566
modular-addition-training-s1-5f1bc9dee7ab,full,19200,0.001,38.260284423828125,1.4290498256741557e-05,1.5222013871607487e-06,0.0006708961445838213,1.0,0.9998881220817566
modular-addition-training-s1-5f1bc9dee7ab,full,19250,0.001,38.251426696777344,9.080411473405547e-06,9.753043741511647e-07,0.0006169039406813681,1.0,0.9998881220817566
modular-addition-training-s1-5f1bc9dee7ab,full,19300,0.001,38.17506790161133,5.922766831645276e-06,6.437293222916196e-07,0.0005949627375230193,1.0,0.9998881220817566
modular-addition-training-s1-5f1bc9dee7ab,full,19350,0.001,38.0219612121582,3.979678695031907e-06,4.45244779712084e-07,0.0005625431658700109,1.0,0.9997762441635132
modular-addition-training-s1-5f1bc9dee7ab,full,19400,0.001,37.79899215698242,2.806009433697909e-06,3.215847641513392e-07,0.0005171342054381967,1.0,0.9997762441635132
modular-addition-training-s1-5f1bc9dee7ab,full,19450,0.001,37.51820755004883,2.1895339159527794e-06,2.448302893753862e-07,0.0004197086382191628,1.0,1.0
modular-addition-training-s1-5f1bc9dee7ab,full,19500,0.001,37.20405960083008,1.965351430044393e-06,1.9403410078666639e-07,0.00034842288005165756,1.0,1.0
modular-addition-training-s1-5f1bc9dee7ab,full,19550,0.001,36.918701171875,2.0032528027513763e-06,1.5730644520317583e-07,0.000294916913844645,1.0,1.0
modular-addition-training-s1-5f1bc9dee7ab,full,19600,0.001,36.78893280029297,2.2511605948238866e-06,1.343049689239706e-07,0.00025610157172195613,1.0,1.0
modular-addition-training-s1-5f1bc9dee7ab,full,19650,0.001,37.297935485839844,9.53415292315185e-06,1.4949404203434824e-07,0.0004707349289674312,1.0,0.9998881220817566
modular-addition-training-s1-5f1bc9dee7ab,full,19700,0.001,36.54697036743164,0.03019738756120205,0.00023513798078056425,0.010941440239548683,1.0,0.9970914125442505
modular-addition-training-s1-5f1bc9dee7ab,full,19750,0.001,34.92810821533203,0.006301989313215017,0.00013851540279574692,0.003491564653813839,1.0,0.9992169141769409
modular-addition-training-s1-5f1bc9dee7ab,full,19800,0.001,33.61680603027344,0.00697906082496047,0.0004900605999864638,0.0019938787445425987,1.0,0.9997762441635132
modular-addition-training-s1-5f1bc9dee7ab,full,19850,0.001,33.40007400512695,0.004167539067566395,0.0008597323903813958,0.002519848756492138,1.0,1.0
modular-addition-training-s1-5f1bc9dee7ab,full,19900,0.001,33.98812484741211,0.00254937750287354,0.0006939741433598101,0.0023181706201285124,1.0,1.0
modular-addition-training-s1-5f1bc9dee7ab,full,19950,0.001,34.66476821899414,0.0018135252175852656,0.0004486094112507999,0.0018974675331264734,1.0,1.0
modular-addition-training-s1-5f1bc9dee7ab,full,20000,0.001,35.30311965942383,0.0012353347847238183,0.0002781132352538407,0.0015349439345300198,1.0,1.0
modular-addition-training-s1-5f1bc9dee7ab,full,20050,0.001,35.89573669433594,0.0008300302433781326,0.00016914421576075256,0.001296425936743617,1.0,1.0
modular-addition-training-s1-5f1bc9dee7ab,full,20100,0.001,36.439083099365234,0.000550629454664886,0.00010188548912992701,0.001131984405219555,1.0,1.0
modular-addition-training-s1-5f1bc9dee7ab,full,20150,0.001,36.92885208129883,0.00036052823998034,6.1022052250336856e-05,0.0010387049987912178,1.0,0.9998881220817566
modular-addition-training-s1-5f1bc9dee7ab,full,20200,0.001,37.35903549194336,0.00023348383547272533,3.644106982392259e-05,0.0009910750668495893,1.0,0.9998881220817566
modular-addition-training-s1-5f1bc9dee7ab,full,20250,0.001,37.724674224853516,0.00014978530816733837,2.1741436285083182e-05,0.0009700729278847575,1.0,0.9998881220817566
modular-addition-training-s1-5f1bc9dee7ab,full,20300,0.001,38.02262878417969,9.540247265249491e-05,1.2985138710064348e-05,0.0009632383589632809,1.0,0.9995525479316711
modular-addition-training-s1-5f1bc9dee7ab,full,20350,0.001,38.25257873535156,6.0468541050795466e-05,7.780488886055537e-06,0.0009725602576509118,1.0,0.9995525479316711
modular-addition-training-s1-5f1bc9dee7ab,full,20400,0.001,38.416526794433594,3.821036807494238e-05,4.691668436862528e-06,0.0009876629337668419,1.0,0.9995525479316711
modular-addition-training-s1-5f1bc9dee7ab,full,20450,0.001,38.517330169677734,2.411487184872385e-05,2.8587969609361608e-06,0.0010221683187410235,1.0,0.9995525479316711
modular-addition-training-s1-5f1bc9dee7ab,full,20500,0.001,38.55684280395508,1.532892565592192e-05,1.7702050172374584e-06,0.0010540744988247752,1.0,0.9995525479316711
modular-addition-training-s1-5f1bc9dee7ab,full,20550,0.001,38.53441619873047,9.728614713822026e-06,1.1223078217881266e-06,0.001092013088054955,1.0,0.9995525479316711
modular-addition-training-s1-5f1bc9dee7ab,full,20600,0.001,38.45078659057617,6.295842467807233e-06,7.352369948421256e-07,0.0011059058597311378,1.0,0.9995525479316711
modular-addition-training-s1-5f1bc9dee7ab,full,20650,0.001,38.300750732421875,4.176258244115161e-06,5.006162950849102e-07,0.0010961268562823534,1.0,0.9995525479316711
modular-addition-training-s1-5f1bc9dee7ab,full,20700,0.001,38.0885124206543,2.992393092426937e-06,3.5600916703515395e-07,0.001135439146310091,1.0,0.9995525479316711
modular-addition-training-s1-5f1bc9dee7ab,full,20750,0.001,37.82326126098633,2.4958953872555867e-06,2.6518611662140756e-07,0.001058590249158442,1.0,0.9995525479316711
modular-addition-training-s1-5f1bc9dee7ab,full,20800,0.001,37.53566360473633,2.528462800910347e-06,2.0695102875833982e-07,0.001039682305417955,1.0,0.9995525479316711
modular-addition-training-s1-5f1bc9dee7ab,full,20850,0.001,37.27798080444336,2.816294909280259e-06,1.637182265312731e-07,0.0009087640210054815,1.0,0.9995525479316711
modular-addition-training-s1-5f1bc9dee7ab,full,20900,0.001,37.186588287353516,3.7395993786049075e-06,1.3872474369236443e-07,0.000688981031998992,1.0,0.9997762441635132
modular-addition-training-s1-5f1bc9dee7ab,full,20950,0.001,37.81709671020508,1.7425027181161568e-05,1.5621705529156316e-07,0.0007675351807847619,1.0,0.9997762441635132
modular-addition-training-s1-5f1bc9dee7ab,full,21000,0.001,37.154422760009766,0.02840946987271309,0.00021909658971708268,0.013091545552015305,1.0,0.9974269866943359
modular-addition-training-s1-5f1bc9dee7ab,full,21050,0.001,35.45791244506836,0.01215311698615551,0.0002152117231162265,0.0053603737615048885,1.0,0.9988812804222107
modular-addition-training-s1-5f1bc9dee7ab,full,21100,0.001,33.982120513916016,0.01185955572873354,0.0006369845941662788,0.004494206048548222,1.0,0.9993287920951843
modular-addition-training-s1-5f1bc9dee7ab,full,21150,0.001,33.37666320800781,0.005828015506267548,0.0015554833225905895,0.005168374162167311,1.0,0.9995525479316711
modular-addition-training-s1-5f1bc9dee7ab,full,21200,0.001,33.93310546875,0.005788072943687439,0.0016720159910619259,0.005408162716776133,1.0,0.9991050362586975
modular-addition-training-s1-5f1bc9dee7ab,full,21250,0.001,34.75769805908203,0.004122584126889706,0.001105914474464953,0.004784211050719023,1.0,0.9991050362586975
modular-addition-training-s1-5f1bc9dee7ab,full,21300,0.001,35.50848388671875,0.0027364802081137896,0.0006826502503827214,0.004441168159246445,1.0,0.9986575841903687
modular-addition-training-s1-5f1bc9dee7ab,full,21350,0.001,36.192771911621094,0.0017842259258031845,0.0004139886877965182,0.004329079762101173,1.0,0.9986575841903687
modular-addition-training-s1-5f1bc9dee7ab,full,21400,0.001,36.819297790527344,0.0011514801299199462,0.00024879316333681345,0.00439675897359848,1.0,0.9984338283538818
modular-addition-training-s1-5f1bc9dee7ab,full,21450,0.001,37.38912582397461,0.000737616908736527,0.00014875778288114816,0.004634919110685587,1.0,0.9984338283538818
modular-addition-training-s1-5f1bc9dee7ab,full,21500,0.001,37.90229415893555,0.00046997590106911957,8.867298311088234e-05,0.004956500139087439,1.0,0.9980981945991516
modular-addition-training-s1-5f1bc9dee7ab,full,21550,0.001,38.35431671142578,0.0002977015683427453,5.2766230510314927e-05,0.005371519364416599,1.0,0.997986376285553
modular-addition-training-s1-5f1bc9dee7ab,full,21600,0.001,38.74113082885742,0.00018768722657114267,3.139146065223031e-05,0.0058518932200968266,1.0,0.9977626204490662
modular-addition-training-s1-5f1bc9dee7ab,full,21650,0.001,39.05880355834961,0.00011799386993516237,1.8697624909691513e-05,0.0063391923904418945,1.0,0.9975388646125793
modular-addition-training-s1-5f1bc9dee7ab,full,21700,0.001,39.30577087402344,7.398021989502013e-05,1.1166805961693171e-05,0.006860285997390747,1.0,0.9973151087760925
modular-addition-training-s1-5f1bc9dee7ab,full,21750,0.001,39.48374557495117,4.637418533093296e-05,6.699745426885784e-06,0.007340751122683287,1.0,0.9968676567077637
modular-addition-training-s1-5f1bc9dee7ab,full,21800,0.001,39.59645080566406,2.9108941816957667e-05,4.0540253394283354e-06,0.007849551737308502,1.0,0.9969795346260071
modular-addition-training-s1-5f1bc9dee7ab,full,21850,0.001,39.647857666015625,1.837299350881949e-05,2.484586275386391e-06,0.008317800238728523,1.0,0.9970914125442505
modular-addition-training-s1-5f1bc9dee7ab,full,21900,0.001,39.639156341552734,1.163520119007444e-05,1.5523316960752709e-06,0.008544771932065487,1.0,0.9969795346260071
modular-addition-training-s1-5f1bc9dee7ab,full,21950,0.001,39.569969177246094,7.489980362151982e-06,9.963455340766814e-07,0.008854854851961136,1.0,0.9967557787895203
modular-addition-training-s1-5f1bc9dee7ab,full,22000,0.001,39.43710708618164,4.918495960737346e-06,6.626536901421787e-07,0.009070430882275105,1.0,0.9968676567077637
modular-addition-training-s1-5f1bc9dee7ab,full,22050,0.001,39.238128662109375,3.3686999358906178e-06,4.618034097347845e-07,0.008968628942966461,1.0,0.9969795346260071
modular-addition-training-s1-5f1bc9dee7ab,full,22100,0.001,38.976497650146484,2.470311756042065e-06,3.3727189929777524e-07,0.009058210998773575,1.0,0.9969795346260071
modular-addition-training-s1-5f1bc9dee7ab,full,22150,0.001,38.67030715942383,2.0399415916472208e-06,2.574982431724493e-07,0.008903345093131065,1.0,0.9966439008712769
modular-addition-training-s1-5f1bc9dee7ab,full,22200,0.001,38.35430908203125,1.928929123096168e-06,2.018465181663487e-07,0.008332955650985241,1.0,0.9968676567077637
modular-addition-training-s1-5f1bc9dee7ab,full,22250,0.001,38.115379333496094,2.104328132190858e-06,1.6091696863895777e-07,0.0074841296300292015,1.0,0.9968676567077637
modular-addition-training-s1-5f1bc9dee7ab,full,22300,0.001,38.26591491699219,3.154748810629826e-06,1.5923620821922668e-07,0.008453858084976673,1.0,0.9965320229530334
modular-addition-training-s1-5f1bc9dee7ab,full,22350,0.001,37.484596252441406,0.01792525127530098,0.00015166832599788904,0.014596664346754551,1.0,0.9958608150482178
modular-addition-training-s1-5f1bc9dee7ab,full,22400,0.001,35.87202835083008,0.005033942870795727,0.00016075727762654424,0.008421777747571468,1.0,0.9970914125442505
modular-addition-training-s1-5f1bc9dee7ab,full,22450,0.001,34.87007141113281,0.00335808121599257,0.0004999379743821919,0.007430460769683123,1.0,0.9975388646125793
modular-addition-training-s1-5f1bc9dee7ab,full,22500,0.001,35.05730438232422,0.0029292707331478596,0.0006695815245620906,0.007251310627907515,1.0,0.9975388646125793
modular-addition-training-s1-5f1bc9dee7ab,full,22550,0.001,35.76899337768555,0.002372359624132514,0.00051558279665187,0.006977256387472153,1.0,0.9974269866943359
modular-addition-training-s1-5f1bc9dee7ab,full,22600,0.001,36.52986145019531,0.0016564866527915,0.00033304086537100375,0.007125671487301588,1.0,0.9974269866943359
modular-addition-training-s1-5f1bc9dee7ab,full,22650,0.001,37.23246765136719,0.0010997451609000564,0.00020456114725675434,0.0073682889342308044,1.0,0.9974269866943359
modular-addition-training-s1-5f1bc9dee7ab,full,22700,0.001,37.859283447265625,0.0007121051894500852,0.0001233485818374902,0.0075879404321312904,1.0,0.9970914125442505
modular-addition-training-s1-5f1bc9dee7ab,full,22750,0.001,38.40439987182617,0.00045385039993561804,7.375556015176699e-05,0.007755008526146412,1.0,0.9970914125442505
modular-addition-training-s1-5f1bc9dee7ab,full,22800,0.001,38.862545013427734,0.00028603256214410067,4.393914059619419e-05,0.00791909545660019,1.0,0.9968676567077637
modular-addition-training-s1-5f1bc9dee7ab,full,22850,0.001,39.23055648803711,0.00017899242811836302,2.615533594507724e-05,0.008048602379858494,1.0,0.9969795346260071
modular-addition-training-s1-5f1bc9dee7ab,full,22900,0.001,39.509178161621094,0.0001113937541958876,1.559163320052903e-05,0.008166540414094925,1.0,0.9969795346260071
modular-addition-training-s1-5f1bc9dee7ab,full,22950,0.001,39.703125,6.924044282641262e-05,9.325594874098897e-06,0.008222564123570919,1.0,0.9969795346260071
modular-addition-training-s1-5f1bc9dee7ab,full,23000,0.001,39.81953811645508,4.3039101001340896e-05,5.608352239505621e-06,0.008176999166607857,1.0,0.9969795346260071
modular-addition-training-s1-5f1bc9dee7ab,full,23050,0.001,39.865211486816406,2.6861145670409314e-05,3.4057234188367147e-06,0.008114438503980637,1.0,0.9970914125442505
modular-addition-training-s1-5f1bc9dee7ab,full,23100,0.001,39.846160888671875,1.6873536878847517e-05,2.0988225060136756e-06,0.008079282008111477,1.0,0.9970914125442505
modular-addition-training-s1-5f1bc9dee7ab,full,23150,0.001,39.764766693115234,1.0647939234331716e-05,1.3200452713135746e-06,0.007933243177831173,1.0,0.9972032904624939
modular-addition-training-s1-5f1bc9dee7ab,full,23200,0.001,39.6197395324707,6.847560143796727e-06,8.535434403711406e-07,0.007791660260409117,1.0,0.9972032904624939
modular-addition-training-s1-5f1bc9dee7ab,full,23250,0.001,39.411163330078125,4.523057214100845e-06,5.730444172513671e-07,0.0076875993981957436,1.0,0.9973151087760925
modular-addition-training-s1-5f1bc9dee7ab,full,23300,0.001,39.136131286621094,3.1340975965576945e-06,4.051556743434048e-07,0.007345926482230425,1.0,0.9973151087760925
modular-addition-training-s1-5f1bc9dee7ab,full,23350,0.001,38.80574417114258,2.3248037450684933e-06,2.9677809720851656e-07,0.006798835471272469,1.0,0.9975388646125793
modular-addition-training-s1-5f1bc9dee7ab,full,23400,0.001,38.433921813964844,1.9123967831546906e-06,2.264042251454157e-07,0.0062533277086913586,1.0,0.997986376285553
modular-addition-training-s1-5f1bc9dee7ab,full,23450,0.001,38.06532287597656,1.8025560848400346e-06,1.8015229841239488e-07,0.005754798650741577,1.0,0.998210072517395
modular-addition-training-s1-5f1bc9dee7ab,full,23500,0.001,37.81267547607422,2.066184151772177e-06,1.4865365471905534e-07,0.005023302976042032,1.0,0.9984338283538818
modular-addition-training-s1-5f1bc9dee7ab,full,23550,0.001,38.09156799316406,1.343278563581407e-05,1.6409173042575276e-07,0.007420628797262907,1.0,0.9980981945991516
modular-addition-training-s1-5f1bc9dee7ab,full,23600,0.001,37.26094055175781,0.02770041488111019,0.00019670971960294992,0.015414574183523655,1.0,0.9957489371299744
modular-addition-training-s1-5f1bc9dee7ab,full,23650,0.001,35.63395690917969,0.0070927622728049755,0.0001647704775677994,0.0056718639098107815,1.0,0.9985457062721252
modular-addition-training-s1-5f1bc9dee7ab,full,23700,0.001,34.444969177246094,0.005836527794599533,0.000499233603477478,0.0038114655762910843,1.0,0.9992169141769409
modular-addition-training-s1-5f1bc9dee7ab,full,23750,0.001,34.40519332885742,0.003066554432734847,0.0008135005482472479,0.0043815369717776775,1.0,0.9991050362586975
modular-addition-training-s1-5f1bc9dee7ab,full,23800,0.001,35.11949920654297,0.0027098627761006355,0.000687885913066566,0.005184164736419916,1.0,0.998210072517395
modular-addition-training-s1-5f1bc9dee7ab,full,23850,0.001,35.922325134277344,0.0018972055986523628,0.0004423883219715208,0.005927431862801313,1.0,0.9978744983673096
modular-addition-training-s1-5f1bc9dee7ab,full,23900,0.001,36.66017150878906,0.0012628985568881035,0.0002713780850172043,0.006339516025036573,1.0,0.997986376285553
modular-addition-training-s1-5f1bc9dee7ab,full,23950,0.001,37.32380294799805,0.0008233520202338696,0.00016384688206017017,0.0066977208480238914,1.0,0.9978744983673096
modular-addition-training-s1-5f1bc9dee7ab,full,24000,0.001,37.91046142578125,0.0005301616038195789,9.81982157099992e-05,0.0069991364143788815,1.0,0.9977626204490662
modular-addition-training-s1-5f1bc9dee7ab,full,24050,0.001,38.418636322021484,0.0003382791473995894,5.864378545084037e-05,0.007252012379467487,1.0,0.9977626204490662
modular-addition-training-s1-5f1bc9dee7ab,full,24100,0.001,38.84727478027344,0.00021434725204017013,3.4966626117238775e-05,0.007526018191128969,1.0,0.9976507425308228
modular-addition-training-s1-5f1bc9dee7ab,full,24150,0.001,39.194061279296875,0.0001350423990515992,2.085713822452817e-05,0.007764867506921291,1.0,0.9975388646125793
modular-addition-training-s1-5f1bc9dee7ab,full,24200,0.001,39.45956039428711,8.48463096190244e-05,1.2461374353733845e-05,0.007964513264596462,1.0,0.9973151087760925
modular-addition-training-s1-5f1bc9dee7ab,full,24250,0.001,39.64692687988281,5.322645665728487e-05,7.475116944988258e-06,0.008107022382318974,1.0,0.9972032904624939
modular-addition-training-s1-5f1bc9dee7ab,full,24300,0.001,39.76177978515625,3.3391977922292426e-05,4.516788067121524e-06,0.008202452212572098,1.0,0.9972032904624939
modular-addition-training-s1-5f1bc9dee7ab,full,24350,0.001,39.80986404418945,2.1010579075664282e-05,2.757084530458087e-06,0.008235896937549114,1.0,0.9972032904624939
modular-addition-training-s1-5f1bc9dee7ab,full,24400,0.001,39.794986724853516,1.3295092685439158e-05,1.7126874354289612e-06,0.008357681334018707,1.0,0.9970914125442505
modular-addition-training-s1-5f1bc9dee7ab,full,24450,0.001,39.717384338378906,8.50099513627356e-06,1.090062710318307e-06,0.008261698298156261,1.0,0.9970914125442505
modular-addition-training-s1-5f1bc9dee7ab,full,24500,0.001,39.575958251953125,5.552130915020825e-06,7.16344288775872e-07,0.008122729137539864,1.0,0.9970914125442505
modular-addition-training-s1-5f1bc9dee7ab,full,24550,0.001,39.36821746826172,3.781387704293593e-06,4.93706579618447e-07,0.007900667376816273,1.0,0.9975388646125793
modular-addition-training-s1-5f1bc9dee7ab,full,24600,0.001,39.09970474243164,2.712416289796238e-06,3.534258041781868e-07,0.0074044386856257915,1.0,0.9976507425308228
modular-addition-training-s1-5f1bc9dee7ab,full,24650,0.001,38.776939392089844,2.1696951080230065e-06,2.650305077622761e-07,0.006769619882106781,1.0,0.9978744983673096
modular-addition-training-s1-5f1bc9dee7ab,full,24700,0.001,38.4401969909668,1.9681956473505124e-06,2.0611066986475635e-07,0.006663534790277481,1.0,0.997986376285553
modular-addition-training-s1-5f1bc9dee7ab,full,24750,0.001,38.1581916809082,2.087370148728951e-06,1.6571023309097654e-07,0.006487360689789057,1.0,0.997986376285553
modular-addition-training-s1-5f1bc9dee7ab,full,24800,0.001,38.16389083862305,2.6936452286463464e-06,1.4921390345534746e-07,0.0078975148499012,1.0,0.998210072517395
modular-addition-training-s1-5f1bc9dee7ab,full,24850,0.001,37.829132080078125,0.009732680395245552,9.277324716094881e-05,0.007294591516256332,1.0,0.9977626204490662
modular-addition-training-s1-5f1bc9dee7ab,full,24900,0.001,36.27337646484375,0.002672026166692376,6.633254088228568e-05,0.0019113327143713832,1.0,0.9994406700134277
modular-addition-training-s1-5f1bc9dee7ab,full,24950,0.001,35.023353576660156,0.0018896277761086822,0.0002374178438913077,0.002790972124785185,1.0,0.9993287920951843
modular-addition-training-s1-5f1bc9dee7ab,full,25000,0.001,35.00593948364258,0.0016017328016459942,0.0003398658591322601,0.004571083467453718,1.0,0.9987694621086121
modular-addition-training-s1-5f1bc9dee7ab,full,25050,0.001,35.634300231933594,0.0012123981723561883,0.00024738674983382225,0.004882010631263256,1.0,0.9986575841903687
modular-addition-training-s1-5f1bc9dee7ab,full,25100,0.001,36.28864288330078,0.0008096214151009917,0.00015555233403574675,0.004955763462930918,1.0,0.9986575841903687
modular-addition-training-s1-5f1bc9dee7ab,full,25150,0.001,36.88288116455078,0.0005276447045616806,9.491573291597888e-05,0.005072493106126785,1.0,0.9980981945991516
modular-addition-training-s1-5f1bc9dee7ab,full,25200,0.001,37.40668869018555,0.0003392851504031569,5.721670459024608e-05,0.005224408581852913,1.0,0.9980981945991516
modular-addition-training-s1-5f1bc9dee7ab,full,25250,0.001,37.85697555541992,0.00021582042973022908,3.4314194635953754e-05,0.005371454171836376,1.0,0.9980981945991516
modular-addition-training-s1-5f1bc9dee7ab,full,25300,0.001,38.230350494384766,0.00013649865286424756,2.0538996977848e-05,0.0055579934269189835,1.0,0.9980981945991516
modular-addition-training-s1-5f1bc9dee7ab,full,25350,0.001,38.52596664428711,8.557268301956356e-05,1.2301205060794018e-05,0.005774912890046835,1.0,0.9980981945991516
modular-addition-training-s1-5f1bc9dee7ab,full,25400,0.001,38.74424743652344,5.357864938559942e-05,7.393744454020634e-06,0.005952888168394566,1.0,0.997986376285553
modular-addition-training-s1-5f1bc9dee7ab,full,25450,0.001,38.889625549316406,3.356700108270161e-05,4.472615728445817e-06,0.0061068409122526646,1.0,0.997986376285553
modular-addition-training-s1-5f1bc9dee7ab,full,25500,0.001,38.96720504760742,2.1060068320366554e-05,2.734672534643323e-06,0.006251845974475145,1.0,0.997986376285553
modular-addition-training-s1-5f1bc9dee7ab,full,25550,0.001,38.98118209838867,1.3271715033624787e-05,1.6981824728645734e-06,0.006278300657868385,1.0,0.997986376285553
modular-addition-training-s1-5f1bc9dee7ab,full,25600,0.001,38.932342529296875,8.466562576359138e-06,1.0808184924826492e-06,0.0061490703374147415,1.0,0.9980981945991516
modular-addition-training-s1-5f1bc9dee7ab,full,25650,0.001,38.82292938232422,5.536165645025903e-06,7.103993198143144e-07,0.005957137327641249,1.0,0.9980981945991516
modular-addition-training-s1-5f1bc9dee7ab,full,25700,0.001,38.6460075378418,3.713399109983584e-06,4.850849109061528e-07,0.0055610062554478645,1.0,0.9980981945991516
modular-addition-training-s1-5f1bc9dee7ab,full,25750,0.001,38.413185119628906,2.691848521862994e-06,3.4835238693631254e-07,0.00506350165233016,1.0,0.9980981945991516
modular-addition-training-s1-5f1bc9dee7ab,full,25800,0.001,38.13058090209961,2.1314192508725682e-06,2.591167458376731e-07,0.00464328657835722,1.0,0.9980981945991516
modular-addition-training-s1-5f1bc9dee7ab,full,25850,0.001,37.82360076904297,1.929175368786673e-06,2.009750232900842e-07,0.004193095490336418,1.0,0.9983219504356384
modular-addition-training-s1-5f1bc9dee7ab,full,25900,0.001,37.57944107055664,2.039818582488806e-06,1.6013883907817217e-07,0.00378854526206851,1.0,0.9985457062721252
modular-addition-training-s1-5f1bc9dee7ab,full,25950,0.001,37.62993240356445,2.6749007702164818e-06,1.4616364296671236e-07,0.003904706100001931,1.0,0.9986575841903687
modular-addition-training-s1-5f1bc9dee7ab,full,26000,0.001,37.497371673583984,0.02087794616818428,0.00010533764725551009,0.013167964294552803,1.0,0.9959726929664612
modular-addition-training-s1-5f1bc9dee7ab,full,26050,0.001,35.91462326049805,0.001840708777308464,5.5908083595568314e-05,0.0059228576719760895,1.0,0.9975388646125793
modular-addition-training-s1-5f1bc9dee7ab,full,26100,0.001,34.816566467285156,0.0014319856418296695,0.0001807806984288618,0.0038413971196860075,1.0,0.9988812804222107
modular-addition-training-s1-5f1bc9dee7ab,full,26150,0.001,34.84526062011719,0.0009525761124677956,0.00020866616978310049,0.003316416870802641,1.0,0.9992169141769409
modular-addition-training-s1-5f1bc9dee7ab,full,26200,0.001,35.34557342529297,0.000758188427425921,0.00015292057651095092,0.003812015987932682,1.0,0.9985457062721252
modular-addition-training-s1-5f1bc9dee7ab,full,26250,0.001,35.925445556640625,0.0005337045295163989,9.805342415347695e-05,0.0047260457649827,1.0,0.9984338283538818
modular-addition-training-s1-5f1bc9dee7ab,full,26300,0.001,36.47084045410156,0.00035987605224363506,6.0264032072154805e-05,0.005574863404035568,1.0,0.997986376285553
modular-addition-training-s1-5f1bc9dee7ab,full,26350,0.001,36.95133972167969,0.00023643020540475845,3.6462439311435446e-05,0.006165023893117905,1.0,0.9978744983673096
modular-addition-training-s1-5f1bc9dee7ab,full,26400,0.001,37.35594940185547,0.00015261665976140648,2.1919136997894384e-05,0.006605783011764288,1.0,0.9978744983673096
modular-addition-training-s1-5f1bc9dee7ab,full,26450,0.001,37.6829948425293,9.723292896524072e-05,1.3151707207725849e-05,0.006967104505747557,1.0,0.9978744983673096
modular-addition-training-s1-5f1bc9dee7ab,full,26500,0.001,37.933265686035156,6.142084748717025e-05,7.905781785666477e-06,0.007249109447002411,1.0,0.997986376285553
modular-addition-training-s1-5f1bc9dee7ab,full,26550,0.001,38.11052703857422,3.873712194035761e-05,4.775700745085487e-06,0.007427508011460304,1.0,0.997986376285553
modular-addition-training-s1-5f1bc9dee7ab,full,26600,0.001,38.2186393737793,2.4391518309130333e-05,2.9151940452720737e-06,0.007546829059720039,1.0,0.9980981945991516
modular-addition-training-s1-5f1bc9dee7ab,full,26650,0.001,38.2628059387207,1.5425970559590496e-05,1.8006137452175608e-06,0.0076664164662361145,1.0,0.9980981945991516
modular-addition-training-s1-5f1bc9dee7ab,full,26700,0.001,38.24345397949219,9.845004569797311e-06,1.140329118243244e-06,0.007569424342364073,1.0,0.9980981945991516
modular-addition-training-s1-5f1bc9dee7ab,full,26750,0.001,38.162689208984375,6.407112778106239e-06,7.427069590448809e-07,0.00751463370397687,1.0,0.997986376285553
modular-addition-training-s1-5f1bc9dee7ab,full,26800,0.001,38.01948547363281,4.313006684242282e-06,5.046625233262603e-07,0.007280506193637848,1.0,0.997986376285553
modular-addition-training-s1-5f1bc9dee7ab,full,26850,0.001,37.81736755371094,3.0991184303275077e-06,3.587792321013694e-07,0.006969901733100414,1.0,0.997986376285553
modular-addition-training-s1-5f1bc9dee7ab,full,26900,0.001,37.56333541870117,2.424162630632054e-06,2.6633770744410867e-07,0.0065831695683300495,1.0,0.9983219504356384
modular-addition-training-s1-5f1bc9dee7ab,full,26950,0.001,37.284549713134766,2.1356106572056888e-06,2.04554368110621e-07,0.006186353974044323,1.0,0.9984338283538818
modular-addition-training-s1-5f1bc9dee7ab,full,27000,0.001,37.03136444091797,2.21104642150749e-06,1.6574135486280284e-07,0.0061626434326171875,1.0,0.9984338283538818
modular-addition-training-s1-5f1bc9dee7ab,full,27050,0.001,36.966434478759766,2.6546365461399546e-06,1.4326900554806343e-07,0.006747748702764511,1.0,0.9986575841903687
modular-addition-training-s1-5f1bc9dee7ab,full,27100,0.001,37.24380111694336,1.3248907327651978,0.004787746351212263,0.02466430328786373,0.9989556074142456,0.9921691417694092
modular-addition-training-s1-5f1bc9dee7ab,full,27150,0.001,36.021427154541016,0.0025550234131515026,4.9606394895818084e-05,0.018280943855643272,1.0,0.9956371188163757
modular-addition-training-s1-5f1bc9dee7ab,full,27200,0.001,34.48876190185547,0.0022561312653124332,0.00014853784523438662,0.008855602703988552,1.0,0.9977626204490662
modular-addition-training-s1-5f1bc9dee7ab,full,27250,0.001,33.821590423583984,0.0014667403884232044,0.0003594412701204419,0.006005784962326288,1.0,0.9985457062721252
modular-addition-training-s1-5f1bc9dee7ab,full,27300,0.001,34.31076431274414,0.0014799556229263544,0.00034350442001596093,0.0061717587523162365,1.0,0.9983219504356384
modular-addition-training-s1-5f1bc9dee7ab,full,27350,0.001,35.06251907348633,0.0010334262624382973,0.0002240205940324813,0.007083270698785782,1.0,0.9975388646125793
modular-addition-training-s1-5f1bc9dee7ab,full,27400,0.001,35.77429962158203,0.0006811998318880796,0.0001383268681820482,0.008324041962623596,1.0,0.9972032904624939
modular-addition-training-s1-5f1bc9dee7ab,full,27450,0.001,36.41720199584961,0.00044251439976505935,8.389018330490217e-05,0.009478067047894001,1.0,0.9970914125442505
modular-addition-training-s1-5f1bc9dee7ab,full,27500,0.001,36.98379898071289,0.0002854991180356592,5.047618833486922e-05,0.010650787502527237,1.0,0.9969795346260071
modular-addition-training-s1-5f1bc9dee7ab,full,27550,0.001,37.471492767333984,0.0001831108529586345,3.0255432648118585e-05,0.011775190941989422,1.0,0.9970914125442505
modular-addition-training-s1-5f1bc9dee7ab,full,27600,0.001,37.8763313293457,0.0001166770962299779,1.8115710190613754e-05,0.012774517759680748,1.0,0.9967557787895203
modular-addition-training-s1-5f1bc9dee7ab,full,27650,0.001,38.19624328613281,7.399095193250105e-05,1.086243810277665e-05,0.01357310637831688,1.0,0.9968676567077637
modular-addition-training-s1-5f1bc9dee7ab,full,27700,0.001,38.431640625,4.667675239033997e-05,6.536142336699413e-06,0.014106386341154575,1.0,0.9968676567077637
modular-addition-training-s1-5f1bc9dee7ab,full,27750,0.001,38.58557891845703,2.9439866921165958e-05,3.96126870327862e-06,0.014418643899261951,1.0,0.9970914125442505
modular-addition-training-s1-5f1bc9dee7ab,full,27800,0.001,38.6640739440918,1.8580753021524288e-05,2.429648930046824e-06,0.01452698651701212,1.0,0.9969795346260071
modular-addition-training-s1-5f1bc9dee7ab,full,27850,0.001,38.67218780517578,1.186729878099868e-05,1.5168794789133244e-06,0.014253868721425533,1.0,0.9970914125442505
modular-addition-training-s1-5f1bc9dee7ab,full,27900,0.001,38.61322784423828,7.634378562215716e-06,9.70293399404909e-07,0.013902431353926659,1.0,0.9969795346260071
modular-addition-training-s1-5f1bc9dee7ab,full,27950,0.001,38.488731384277344,5.015684564568801e-06,6.441962909775611e-07,0.013437998481094837,1.0,0.9973151087760925
modular-addition-training-s1-5f1bc9dee7ab,full,28000,0.001,38.29976272583008,3.4086924642906524e-06,4.4508911400953366e-07,0.012781948782503605,1.0,0.9973151087760925
modular-addition-training-s1-5f1bc9dee7ab,full,28050,0.001,38.051002502441406,2.465063289491809e-06,3.219894324502093e-07,0.011949039995670319,1.0,0.9975388646125793
modular-addition-training-s1-5f1bc9dee7ab,full,28100,0.001,37.75788879394531,1.9837088984786533e-06,2.4458128677906643e-07,0.01136048138141632,1.0,0.9976507425308228
modular-addition-training-s1-5f1bc9dee7ab,full,28150,0.001,37.45196533203125,1.942182279890403e-06,1.9207321599878924e-07,0.01085994765162468,1.0,0.9975388646125793
modular-addition-training-s1-5f1bc9dee7ab,full,28200,0.001,37.2231330871582,2.0413399397511967e-06,1.5562568478344474e-07,0.01069793850183487,1.0,0.9972032904624939
modular-addition-training-s1-5f1bc9dee7ab,full,28250,0.001,37.32821273803711,2.8359195312077645e-06,1.4946290605166723e-07,0.013211248442530632,1.0,0.9966439008712769
modular-addition-training-s1-5f1bc9dee7ab,full,28300,0.001,37.07571029663086,0.01951535977423191,0.00016077452164608985,0.01788898929953575,1.0,0.9955252408981323
modular-addition-training-s1-5f1bc9dee7ab,full,28350,0.001,35.46804428100586,0.0024468819610774517,5.382023664424196e-05,0.006703273393213749,1.0,0.9978744983673096
modular-addition-training-s1-5f1bc9dee7ab,full,28400,0.001,34.1328239440918,0.0025244124699383974,0.00020667019998654723,0.0053368681110441685,1.0,0.9988812804222107
modular-addition-training-s1-5f1bc9dee7ab,full,28450,0.001,33.89570999145508,0.001374664600007236,0.0003331816988065839,0.005281390156596899,1.0,0.9984338283538818
modular-addition-training-s1-5f1bc9dee7ab,full,28500,0.001,34.38894271850586,0.0011036169016733766,0.00024426670279353857,0.005305771715939045,1.0,0.9983219504356384
modular-addition-training-s1-5f1bc9dee7ab,full,28550,0.001,34.944793701171875,0.0007633708883076906,0.00015450315549969673,0.005842054262757301,1.0,0.997986376285553
modular-addition-training-s1-5f1bc9dee7ab,full,28600,0.001,35.46703338623047,0.0005104460869915783,9.44969360716641e-05,0.006542875897139311,1.0,0.9978744983673096
modular-addition-training-s1-5f1bc9dee7ab,full,28650,0.001,35.9420280456543,0.00033595130662433803,5.707058517145924e-05,0.007246731780469418,1.0,0.9975388646125793
modular-addition-training-s1-5f1bc9dee7ab,full,28700,0.001,36.36537170410156,0.0002186433703172952,3.4273300116183236e-05,0.007928518578410149,1.0,0.9975388646125793
modular-addition-training-s1-5f1bc9dee7ab,full,28750,0.001,36.73240280151367,0.0001409320393577218,2.05313535843743e-05,0.008558660745620728,1.0,0.9974269866943359
modular-addition-training-s1-5f1bc9dee7ab,full,28800,0.001,37.039493560791016,9.002035221783444e-05,1.2299140507820994e-05,0.009166432544589043,1.0,0.9973151087760925
modular-addition-training-s1-5f1bc9dee7ab,full,28850,0.001,37.28328323364258,5.708442040486261e-05,7.388123776763678e-06,0.009681838564574718,1.0,0.9972032904624939
modular-addition-training-s1-5f1bc9dee7ab,full,28900,0.001,37.46331024169922,3.600047784857452e-05,4.459381216292968e-06,0.010059041902422905,1.0,0.9972032904624939
modular-addition-training-s1-5f1bc9dee7ab,full,28950,0.001,37.58052444458008,2.276681516377721e-05,2.7224066343478626e-06,0.01036889385432005,1.0,0.9972032904624939
modular-addition-training-s1-5f1bc9dee7ab,full,29000,0.001,37.63691329956055,1.4372938494489063e-05,1.6880970861166134e-06,0.010484961792826653,1.0,0.9973151087760925
modular-addition-training-s1-5f1bc9dee7ab,full,29050,0.001,37.63468933105469,9.20561342354631e-06,1.068554865923943e-06,0.010327783413231373,1.0,0.9974269866943359
modular-addition-training-s1-5f1bc9dee7ab,full,29100,0.001,37.571353912353516,5.975758085696725e-06,7.013106255726598e-07,0.010038070380687714,1.0,0.9976507425308228
modular-addition-training-s1-5f1bc9dee7ab,full,29150,0.001,37.44919967651367,4.0496192923455965e-06,4.783306621902739e-07,0.009648975916206837,1.0,0.9976507425308228
modular-addition-training-s1-5f1bc9dee7ab,full,29200,0.001,37.269805908203125,2.928194817286567e-06,3.4172271057286707e-07,0.00904870219528675,1.0,0.9976507425308228
modular-addition-training-s1-5f1bc9dee7ab,full,29250,0.001,37.04149627685547,2.3636330297449604e-06,2.5503931055936846e-07,0.008638632483780384,1.0,0.9976507425308228
modular-addition-training-s1-5f1bc9dee7ab,full,29300,0.001,36.788814544677734,2.1258636024867883e-06,1.9913862558951223e-07,0.008118059486150742,1.0,0.9975388646125793
modular-addition-training-s1-5f1bc9dee7ab,full,29350,0.001,36.55689239501953,2.257256028315169e-06,1.6001433778001228e-07,0.007432328537106514,1.0,0.997986376285553
modular-addition-training-s1-5f1bc9dee7ab,full,29400,0.001,36.507205963134766,2.577420900706784e-06,1.389114885341769e-07,0.007412016857415438,1.0,0.9980981945991516
modular-addition-training-s1-5f1bc9dee7ab,full,29450,0.001,37.05569839477539,0.14938120543956757,0.038552090525627136,0.08037465810775757,0.9853785634040833,0.9747175574302673
modular-addition-training-s1-5f1bc9dee7ab,full,29500,0.001,35.8482551574707,0.007683346513658762,8.484045247314498e-05,0.01945478469133377,1.0,0.9947421550750732
modular-addition-training-s1-5f1bc9dee7ab,full,29550,0.001,34.34809112548828,0.0063058603554964066,0.00019637384684756398,0.011894610710442066,1.0,0.9960845708847046
modular-addition-training-s1-5f1bc9dee7ab,full,29600,0.001,33.60432434082031,0.004769959021359682,0.0004356230201665312,0.007290667854249477,1.0,0.9976507425308228
modular-addition-training-s1-5f1bc9dee7ab,full,29650,0.001,33.83876037597656,0.0021638607140630484,0.0005020868848077953,0.0061158351600170135,1.0,0.9984338283538818
modular-addition-training-s1-5f1bc9dee7ab,full,29700,0.001,34.50227355957031,0.0017796802567318082,0.0003794544318225235,0.005728749558329582,1.0,0.9984338283538818
modular-addition-training-s1-5f1bc9dee7ab,full,29750,0.001,35.18186950683594,0.0012754867784678936,0.00024271817528642714,0.005639977753162384,1.0,0.9984338283538818
modular-addition-training-s1-5f1bc9dee7ab,full,29800,0.001,35.815330505371094,0.0008646909845992923,0.00014907978766132146,0.005853891838341951,1.0,0.9985457062721252
modular-addition-training-s1-5f1bc9dee7ab,full,29850,0.001,36.39237594604492,0.0005717995227314532,9.004850289784372e-05,0.006215326953679323,1.0,0.9983219504356384
modular-addition-training-s1-5f1bc9dee7ab,full,29900,0.001,36.90568542480469,0.00037246369174681604,5.3997518989490345e-05,0.006670213770121336,1.0,0.997986376285553
modular-addition-training-s1-5f1bc9dee7ab,full,29950,0.001,37.35198211669922,0.0002398209908278659,3.227114939363673e-05,0.00712021766230464,1.0,0.997986376285553
modular-addition-training-s1-5f1bc9dee7ab,full,30000,0.001,37.726097106933594,0.00015313019684981555,1.9274608348496258e-05,0.007510698866099119,1.0,0.997986376285553
modular-addition-training-s1-5f1bc9dee7ab,full,30050,0.001,38.024986267089844,9.701262752059847e-05,1.1524731235112995e-05,0.007833769544959068,1.0,0.997986376285553
modular-addition-training-s1-5f1bc9dee7ab,full,30100,0.001,38.249061584472656,6.121113256085664e-05,6.918765848240582e-06,0.008053976111114025,1.0,0.997986376285553
modular-addition-training-s1-5f1bc9dee7ab,full,30150,0.001,38.4010009765625,3.855237810057588e-05,4.183087185083423e-06,0.008213170804083347,1.0,0.9980981945991516
modular-addition-training-s1-5f1bc9dee7ab,full,30200,0.001,38.48517990112305,2.4298893549712375e-05,2.5602464575058548e-06,0.008237271569669247,1.0,0.998210072517395
modular-addition-training-s1-5f1bc9dee7ab,full,30250,0.001,38.504703521728516,1.5417639588122256e-05,1.591796376487764e-06,0.008187543600797653,1.0,0.998210072517395
modular-addition-training-s1-5f1bc9dee7ab,full,30300,0.001,38.461524963378906,9.919693184201606e-06,1.0148642104468308e-06,0.00806214939802885,1.0,0.9984338283538818
modular-addition-training-s1-5f1bc9dee7ab,full,30350,0.001,38.35621643066406,6.517374004033627e-06,6.67975598389603e-07,0.007889436557888985,1.0,0.9987694621086121
modular-addition-training-s1-5f1bc9dee7ab,full,30400,0.001,38.18524932861328,4.412918315210845e-06,4.594377855937637e-07,0.007649904116988182,1.0,0.9986575841903687
modular-addition-training-s1-5f1bc9dee7ab,full,30450,0.001,37.95246887207031,3.1414442673849408e-06,3.302998266008217e-07,0.007426347117871046,1.0,0.9985457062721252
modular-addition-training-s1-5f1bc9dee7ab,full,30500,0.001,37.667335510253906,2.450575948387268e-06,2.499970150893205e-07,0.007252061739563942,1.0,0.9987694621086121
modular-addition-training-s1-5f1bc9dee7ab,full,30550,0.001,37.34950256347656,2.115273218805669e-06,1.9453210597930592e-07,0.007090554106980562,1.0,0.9987694621086121
modular-addition-training-s1-5f1bc9dee7ab,full,30600,0.001,37.04197692871094,2.0182162643322954e-06,1.5858256574574625e-07,0.006831565871834755,1.0,0.9988812804222107
modular-addition-training-s1-5f1bc9dee7ab,full,30650,0.001,36.853694915771484,2.2418939806811977e-06,1.37417487167113e-07,0.007099416572600603,1.0,0.9992169141769409
modular-addition-training-s1-5f1bc9dee7ab,full,30700,0.001,37.161739349365234,1.671785685175564e-05,2.51024090403007e-07,0.009679174050688744,1.0,0.9985457062721252
modular-addition-training-s1-5f1bc9dee7ab,full,30750,0.001,36.5273323059082,0.005915071815252304,4.5019816752756014e-05,0.015239532105624676,1.0,0.9964202046394348
modular-addition-training-s1-5f1bc9dee7ab,full,30800,0.001,34.90286636352539,0.0027307947166264057,7.741250738035887e-05,0.0073518636636435986,1.0,0.9973151087760925
modular-addition-training-s1-5f1bc9dee7ab,full,30850,0.001,33.975582122802734,0.0019284920999780297,0.0002649945381563157,0.004245958756655455,1.0,0.9989931583404541
modular-addition-training-s1-5f1bc9dee7ab,full,30900,0.001,34.38624954223633,0.0013353298418223858,0.0003066596982534975,0.0037691560573875904,1.0,0.9991050362586975
modular-addition-training-s1-5f1bc9dee7ab,full,30950,0.001,35.16274642944336,0.0009653895976953208,0.0002080795238725841,0.003859716933220625,1.0,0.9988812804222107
modular-addition-training-s1-5f1bc9dee7ab,full,31000,0.001,35.87068557739258,0.0006428807973861694,0.0001299522555200383,0.004112896043807268,1.0,0.9987694621086121
modular-addition-training-s1-5f1bc9dee7ab,full,31050,0.001,36.48031997680664,0.00041735207196325064,7.926930993562564e-05,0.004372490104287863,1.0,0.9985457062721252
modular-addition-training-s1-5f1bc9dee7ab,full,31100,0.001,36.993247985839844,0.0002679414756130427,4.784293196280487e-05,0.004569806158542633,1.0,0.9984338283538818
modular-addition-training-s1-5f1bc9dee7ab,full,31150,0.001,37.416805267333984,0.00017066183499991894,2.8741116693709046e-05,0.004770506173372269,1.0,0.9984338283538818
modular-addition-training-s1-5f1bc9dee7ab,full,31200,0.001,37.7533073425293,0.00010827348160091788,1.7244852642761543e-05,0.004971892107278109,1.0,0.9983219504356384
modular-addition-training-s1-5f1bc9dee7ab,full,31250,0.001,38.006168365478516,6.8458124587778e-05,1.0355430276831612e-05,0.005086903925985098,1.0,0.9983219504356384
modular-addition-training-s1-5f1bc9dee7ab,full,31300,0.001,38.18109130859375,4.3178300984436646e-05,6.2400558817898855e-06,0.0051731751300394535,1.0,0.9984338283538818
modular-addition-training-s1-5f1bc9dee7ab,full,31350,0.001,38.28544235229492,2.726145612541586e-05,3.7857880670344457e-06,0.005235601682215929,1.0,0.9983219504356384
modular-addition-training-s1-5f1bc9dee7ab,full,31400,0.001,38.32674789428711,1.7234337065019645e-05,2.3245402189786546e-06,0.005287650506943464,1.0,0.9983219504356384
modular-addition-training-s1-5f1bc9dee7ab,full,31450,0.001,38.310325622558594,1.0937899787677452e-05,1.4549722209267202e-06,0.005267173517495394,1.0,0.9983219504356384
modular-addition-training-s1-5f1bc9dee7ab,full,31500,0.001,38.23994064331055,7.070448646118166e-06,9.334103197033983e-07,0.005160353612154722,1.0,0.9984338283538818
modular-addition-training-s1-5f1bc9dee7ab,full,31550,0.001,38.113468170166016,4.653690211853245e-06,6.198564506121329e-07,0.0049942899495363235,1.0,0.9985457062721252
modular-addition-training-s1-5f1bc9dee7ab,full,31600,0.001,37.93335723876953,3.203417691111099e-06,4.298689759707486e-07,0.0048167589120566845,1.0,0.9985457062721252
modular-addition-training-s1-5f1bc9dee7ab,full,31650,0.001,37.703224182128906,2.390672079854994e-06,3.1134462119553064e-07,0.004519952926784754,1.0,0.9985457062721252
modular-addition-training-s1-5f1bc9dee7ab,full,31700,0.001,37.439208984375,2.044949042101507e-06,2.356172643658283e-07,0.004182124976068735,1.0,0.9986575841903687
modular-addition-training-s1-5f1bc9dee7ab,full,31750,0.001,37.191688537597656,2.0086711174371885e-06,1.8510120014525455e-07,0.0037783861625939608,1.0,0.9987694621086121
modular-addition-training-s1-5f1bc9dee7ab,full,31800,0.001,37.10688400268555,2.418459644104587e-06,1.5316680901378277e-07,0.0037124804221093655,1.0,0.9986575841903687
modular-addition-training-s1-5f1bc9dee7ab,full,31850,0.001,37.242462158203125,0.789081335067749,0.010723968967795372,0.04375506564974785,0.9966057538986206,0.9874706268310547
modular-addition-training-s1-5f1bc9dee7ab,full,31900,0.001,36.09068298339844,0.005174090154469013,7.099735375959426e-05,0.005097683984786272,1.0,0.998210072517395
modular-addition-training-s1-5f1bc9dee7ab,full,31950,0.001,34.5984001159668,0.0049413894303143024,0.00019000117026735097,0.004593988880515099,1.0,0.9991050362586975
modular-addition-training-s1-5f1bc9dee7ab,full,32000,0.001,34.02241516113281,0.002402710262686014,0.00043424151954241097,0.004603811074048281,1.0,0.9986575841903687
modular-addition-training-s1-5f1bc9dee7ab,full,32050,0.001,34.49366760253906,0.0018955535488203168,0.0004482832446228713,0.005516943521797657,1.0,0.9984338283538818
modular-addition-training-s1-5f1bc9dee7ab,full,32100,0.001,35.22148132324219,0.001452562864869833,0.0003138924657832831,0.005912694148719311,1.0,0.9983219504356384
modular-addition-training-s1-5f1bc9dee7ab,full,32150,0.001,35.92226028442383,0.0010213679634034634,0.00019833764235954732,0.005986344534903765,1.0,0.9983219504356384
modular-addition-training-s1-5f1bc9dee7ab,full,32200,0.001,36.55769348144531,0.0006907490896992385,0.00012150469410698861,0.0059333788231015205,1.0,0.9983219504356384
modular-addition-training-s1-5f1bc9dee7ab,full,32250,0.001,37.120025634765625,0.000454685534350574,7.329692016355693e-05,0.0057889483869075775,1.0,0.9983219504356384
modular-addition-training-s1-5f1bc9dee7ab,full,32300,0.001,37.60306167602539,0.00029279422597028315,4.3881907913601026e-05,0.0056138113141059875,1.0,0.9984338283538818
modular-addition-training-s1-5f1bc9dee7ab,full,32350,0.001,38.006675720214844,0.00018605035438667983,2.6188083211309277e-05,0.005465855821967125,1.0,0.9984338283538818
modular-addition-training-s1-5f1bc9dee7ab,full,32400,0.001,38.33030319213867,0.00011728571553248912,1.5629666449967772e-05,0.005400903522968292,1.0,0.9984338283538818
modular-addition-training-s1-5f1bc9dee7ab,full,32450,0.001,38.574886322021484,7.348000508500263e-05,9.34516174311284e-06,0.005385817959904671,1.0,0.9984338283538818
modular-addition-training-s1-5f1bc9dee7ab,full,32500,0.001,38.74387741088867,4.5917950046714395e-05,5.618931936623994e-06,0.005362038034945726,1.0,0.9986575841903687
modular-addition-training-s1-5f1bc9dee7ab,full,32550,0.001,38.84345245361328,2.8733784347423352e-05,3.409862301850808e-06,0.005310631822794676,1.0,0.9987694621086121
modular-addition-training-s1-5f1bc9dee7ab,full,32600,0.001,38.87795639038086,1.81030627572909e-05,2.0960521851520753e-06,0.005179618019610643,1.0,0.9988812804222107
modular-addition-training-s1-5f1bc9dee7ab,full,32650,0.001,38.84906005859375,1.1454661034804303e-05,1.3185824627726106e-06,0.005041650962084532,1.0,0.9988812804222107
modular-addition-training-s1-5f1bc9dee7ab,full,32700,0.001,38.757572174072266,7.400999493256677e-06,8.5074219668968e-07,0.004626143258064985,1.0,0.9989931583404541
modular-addition-training-s1-5f1bc9dee7ab,full,32750,0.001,38.60108947753906,4.894416633760557e-06,5.71052396480809e-07,0.004228231497108936,1.0,0.9991050362586975
modular-addition-training-s1-5f1bc9dee7ab,full,32800,0.001,38.38087844848633,3.3752578474377515e-06,3.992107906469755e-07,0.003946156240999699,1.0,0.9991050362586975
modular-addition-training-s1-5f1bc9dee7ab,full,32850,0.001,38.09543228149414,2.519187319194316e-06,2.951284727714665e-07,0.003559290897101164,1.0,0.9991050362586975
modular-addition-training-s1-5f1bc9dee7ab,full,32900,0.001,37.76780700683594,2.1051707790320506e-06,2.2743137151337578e-07,0.003108388278633356,1.0,0.9993287920951843
modular-addition-training-s1-5f1bc9dee7ab,full,32950,0.001,37.432064056396484,2.000746690100641e-06,1.8145955493764632e-07,0.0028690139297395945,1.0,0.9993287920951843
modular-addition-training-s1-5f1bc9dee7ab,full,33000,0.001,37.17194366455078,2.03796616915497e-06,1.49743044630668e-07,0.0026321420446038246,1.0,0.9991050362586975
modular-addition-training-s1-5f1bc9dee7ab,full,33050,0.001,37.23044967651367,3.4884526485257084e-06,1.45167646792288e-07,0.0029976407531648874,1.0,0.9992169141769409
modular-addition-training-s1-5f1bc9dee7ab,full,33100,0.001,37.51615524291992,4.521099090576172,0.0184626542031765,0.0629667416214943,0.9929503798484802,0.9787448048591614
modular-addition-training-s1-5f1bc9dee7ab,full,33150,0.001,36.14173126220703,0.013955088332295418,0.00016683533613104373,0.00891744066029787,1.0,0.9970914125442505
modular-addition-training-s1-5f1bc9dee7ab,full,33200,0.001,34.51434326171875,0.015720868483185768,0.00041979658999480307,0.005414128303527832,1.0,0.9986575841903687
modular-addition-training-s1-5f1bc9dee7ab,full,33250,0.001,33.39402770996094,0.011509209871292114,0.001210293616168201,0.0053603770211339,1.0,0.9991050362586975
modular-addition-training-s1-5f1bc9dee7ab,full,33300,0.001,33.427677154541016,0.007385349366813898,0.002053530653938651,0.006871645338833332,1.0,0.9989931583404541
modular-addition-training-s1-5f1bc9dee7ab,full,33350,0.001,34.26435089111328,0.006014399696141481,0.0016854952555149794,0.006122794933617115,1.0,0.9992169141769409
modular-addition-training-s1-5f1bc9dee7ab,full,33400,0.001,35.16025161743164,0.004072490613907576,0.0010866239899769425,0.005053736735135317,1.0,0.9992169141769409
modular-addition-training-s1-5f1bc9dee7ab,full,33450,0.001,35.988685607910156,0.0026641208678483963,0.0006687287823297083,0.004326490685343742,1.0,0.9991050362586975
modular-addition-training-s1-5f1bc9dee7ab,full,33500,0.001,36.75027084350586,0.0017259750748053193,0.0004054475575685501,0.0038872468285262585,1.0,0.9989931583404541
modular-addition-training-s1-5f1bc9dee7ab,full,33550,0.001,37.44800567626953,0.0011111415224149823,0.0002438656083540991,0.0036668668035417795,1.0,0.9989931583404541
modular-addition-training-s1-5f1bc9dee7ab,full,33600,0.001,38.08293914794922,0.0007113985484465957,0.00014598392590414733,0.003555010538548231,1.0,0.9989931583404541
modular-addition-training-s1-5f1bc9dee7ab,full,33650,0.001,38.65336227416992,0.00045303525985218585,8.714824798516929e-05,0.0035063026007264853,1.0,0.9987694621086121
modular-addition-training-s1-5f1bc9dee7ab,full,33700,0.001,39.157958984375,0.00028707628371194005,5.1934734074166045e-05,0.003482240717858076,1.0,0.9987694621086121
modular-addition-training-s1-5f1bc9dee7ab,full,33750,0.001,39.59238815307617,0.0001811534893931821,3.09475144604221e-05,0.003510876093059778,1.0,0.9987694621086121
modular-addition-training-s1-5f1bc9dee7ab,full,33800,0.001,39.95243453979492,0.00011394599277991802,1.8464164895704016e-05,0.0035550256725400686,1.0,0.9987694621086121
modular-addition-training-s1-5f1bc9dee7ab,full,33850,0.001,40.23568344116211,7.159850065363571e-05,1.105184401239967e-05,0.0035526014398783445,1.0,0.9988812804222107
modular-addition-training-s1-5f1bc9dee7ab,full,33900,0.001,40.4422607421875,4.4925785914529115e-05,6.643756478297291e-06,0.0035310403909534216,1.0,0.9988812804222107
modular-addition-training-s1-5f1bc9dee7ab,full,33950,0.001,40.573978424072266,2.8323691367404535e-05,4.030216587125324e-06,0.003510291688144207,1.0,0.9988812804222107
modular-addition-training-s1-5f1bc9dee7ab,full,34000,0.001,40.633365631103516,1.7882850443129428e-05,2.4750315787969157e-06,0.0034286859445273876,1.0,0.9988812804222107
modular-addition-training-s1-5f1bc9dee7ab,full,34050,0.001,40.62245559692383,1.1421998351579532e-05,1.5510246385019855e-06,0.0033816732466220856,1.0,0.9987694621086121
modular-addition-training-s1-5f1bc9dee7ab,full,34100,0.001,40.539344787597656,7.40603854865185e-06,9.98430891741009e-07,0.003265754319727421,1.0,0.9987694621086121
modular-addition-training-s1-5f1bc9dee7ab,full,34150,0.001,40.38024139404297,4.888018338533584e-06,6.693144314340316e-07,0.0031969845294952393,1.0,0.9987694621086121
modular-addition-training-s1-5f1bc9dee7ab,full,34200,0.001,40.15040969848633,3.351173290866427e-06,4.661920343096426e-07,0.00293631455861032,1.0,0.9987694621086121
modular-addition-training-s1-5f1bc9dee7ab,full,34250,0.001,39.85081481933594,2.4703761027922155e-06,3.400731714009453e-07,0.0027460891287773848,1.0,0.9987694621086121
modular-addition-training-s1-5f1bc9dee7ab,full,34300,0.001,39.49993133544922,2.059726284642238e-06,2.5877437792587443e-07,0.002490526996552944,1.0,0.9988812804222107
modular-addition-training-s1-5f1bc9dee7ab,full,34350,0.001,39.15226364135742,2.007464900088962e-06,2.0287365032345406e-07,0.002126796171069145,1.0,0.9993287920951843
modular-addition-training-s1-5f1bc9dee7ab,full,34400,0.001,38.93803405761719,2.2246040316531435e-06,1.6502548305652454e-07,0.0020682550966739655,1.0,0.9992169141769409
modular-addition-training-s1-5f1bc9dee7ab,full,34450,0.001,38.832767486572266,7.282942295074463,0.039519380778074265,0.06990323960781097,0.9866840839385986,0.9793041944503784
modular-addition-training-s1-5f1bc9dee7ab,full,34500,0.001,37.612186431884766,0.0144213130697608,0.00017397418559994549,0.007675163447856903,1.0,0.9973151087760925
modular-addition-training-s1-5f1bc9dee7ab,full,34550,0.001,36.005001068115234,0.012416732497513294,0.00043429876677691936,0.005215314216911793,1.0,0.9988812804222107
modular-addition-training-s1-5f1bc9dee7ab,full,34600,0.001,35.2428092956543,0.0071181501261889935,0.001053381827659905,0.005599242635071278,1.0,0.9983219504356384
modular-addition-training-s1-5f1bc9dee7ab,full,34650,0.001,35.705650329589844,0.005246375221759081,0.0012098544975742698,0.005888483487069607,1.0,0.9984338283538818
modular-addition-training-s1-5f1bc9dee7ab,full,34700,0.001,36.52940368652344,0.004032280296087265,0.0008695952128618956,0.005831555463373661,1.0,0.9984338283538818
modular-addition-training-s1-5f1bc9dee7ab,full,34750,0.001,37.338661193847656,0.0027532537933439016,0.000545369170140475,0.005905536934733391,1.0,0.9980981945991516
modular-addition-training-s1-5f1bc9dee7ab,full,34800,0.001,38.08937454223633,0.0018186852103099227,0.0003313732740934938,0.0061500160954892635,1.0,0.9978744983673096
modular-addition-training-s1-5f1bc9dee7ab,full,34850,0.001,38.766151428222656,0.0011801074724644423,0.0001987643336178735,0.006450055632740259,1.0,0.9978744983673096
modular-addition-training-s1-5f1bc9dee7ab,full,34900,0.001,39.36259078979492,0.0007548550493083894,0.00011846653796965256,0.006771504878997803,1.0,0.997986376285553
modular-addition-training-s1-5f1bc9dee7ab,full,34950,0.001,39.872833251953125,0.00047786341747269034,7.038802868919447e-05,0.007057055830955505,1.0,0.997986376285553
modular-addition-training-s1-5f1bc9dee7ab,full,35000,0.001,40.292415618896484,0.00029982367414049804,4.178882954875007e-05,0.0073511600494384766,1.0,0.9977626204490662
modular-addition-training-s1-5f1bc9dee7ab,full,35050,0.001,40.61897659301758,0.000187183017260395,2.482864510966465e-05,0.007670282851904631,1.0,0.9975388646125793
modular-addition-training-s1-5f1bc9dee7ab,full,35100,0.001,40.85358810424805,0.00011643119069049135,1.4786885003559291e-05,0.007999423891305923,1.0,0.9975388646125793
modular-addition-training-s1-5f1bc9dee7ab,full,35150,0.001,41.0018424987793,7.231660129036754e-05,8.839422662276775e-06,0.008388141170144081,1.0,0.9975388646125793
modular-addition-training-s1-5f1bc9dee7ab,full,35200,0.001,41.07168197631836,4.500697832554579e-05,5.32139029019163e-06,0.008833426050841808,1.0,0.9974269866943359
modular-addition-training-s1-5f1bc9dee7ab,full,35250,0.001,41.070831298828125,2.8078989998903126e-05,3.234571067878278e-06,0.009171021170914173,1.0,0.9976507425308228
modular-addition-training-s1-5f1bc9dee7ab,full,35300,0.001,41.0046501159668,1.767217145243194e-05,1.9976987459813245e-06,0.009585180319845676,1.0,0.9976507425308228
modular-addition-training-s1-5f1bc9dee7ab,full,35350,0.001,40.87323760986328,1.1217744031455368e-05,1.2600988839039928e-06,0.009778767824172974,1.0,0.9976507425308228
modular-addition-training-s1-5f1bc9dee7ab,full,35400,0.001,40.675636291503906,7.207520866359118e-06,8.203020911423664e-07,0.009721596725285053,1.0,0.9977626204490662
modular-addition-training-s1-5f1bc9dee7ab,full,35450,0.001,40.41077423095703,4.746567356050946e-06,5.549297270590614e-07,0.009590326808393002,1.0,0.9976507425308228
modular-addition-training-s1-5f1bc9dee7ab,full,35500,0.001,40.07643127441406,3.3094452192017343e-06,3.9454207012568077e-07,0.00919760949909687,1.0,0.9977626204490662
modular-addition-training-s1-5f1bc9dee7ab,full,35550,0.001,39.678409576416016,2.4657745143485954e-06,2.9319872396627034e-07,0.008476601913571358,1.0,0.9977626204490662
modular-addition-training-s1-5f1bc9dee7ab,full,35600,0.001,39.23691177368164,2.0549634882627288e-06,2.279916202496679e-07,0.007545582950115204,1.0,0.9983219504356384
modular-addition-training-s1-5f1bc9dee7ab,full,35650,0.001,38.79533767700195,1.9598658127506496e-06,1.8061918183320813e-07,0.006390094757080078,1.0,0.9988812804222107
modular-addition-training-s1-5f1bc9dee7ab,full,35700,0.001,38.459808349609375,2.1603595996566582e-06,1.4884041377172252e-07,0.005783619824796915,1.0,0.9987694621086121
modular-addition-training-s1-5f1bc9dee7ab,full,35750,0.001,38.636695861816406,0.000748748192563653,4.33882451034151e-05,0.012923697009682655,1.0,0.9972032904624939
modular-addition-training-s1-5f1bc9dee7ab,full,35800,0.001,37.69582748413086,0.003965901210904121,5.176648483029567e-05,0.005135008599609137,1.0,0.997986376285553
modular-addition-training-s1-5f1bc9dee7ab,full,35850,0.001,36.0120964050293,0.0033136645797640085,0.000124209065688774,0.005916299764066935,1.0,0.9983219504356384
modular-addition-training-s1-5f1bc9dee7ab,full,35900,0.001,34.99870681762695,0.0020738118328154087,0.00033953835372813046,0.005197358317673206,1.0,0.9984338283538818
modular-addition-training-s1-5f1bc9dee7ab,full,35950,0.001,35.16742706298828,0.0016657275846228004,0.00034930609399452806,0.005943077150732279,1.0,0.9984338283538818
modular-addition-training-s1-5f1bc9dee7ab,full,36000,0.001,35.728511810302734,0.0012514389818534255,0.00023433110618498176,0.006558021996170282,1.0,0.9984338283538818
modular-addition-training-s1-5f1bc9dee7ab,full,36050,0.001,36.3075065612793,0.0008588040946051478,0.00014554537483491004,0.007032439112663269,1.0,0.997986376285553
modular-addition-training-s1-5f1bc9dee7ab,full,36100,0.001,36.848541259765625,0.0005683491472154856,8.825859549688175e-05,0.007454550825059414,1.0,0.997986376285553
modular-addition-training-s1-5f1bc9dee7ab,full,36150,0.001,37.3376579284668,0.0003681965172290802,5.300348493619822e-05,0.00780343497171998,1.0,0.9978744983673096
modular-addition-training-s1-5f1bc9dee7ab,full,36200,0.001,37.767704010009766,0.0002351609873585403,3.170900163240731e-05,0.008088121190667152,1.0,0.9978744983673096
modular-addition-training-s1-5f1bc9dee7ab,full,36250,0.001,38.13361740112305,0.00014865549746900797,1.8946087948279455e-05,0.008224571123719215,1.0,0.9978744983673096
modular-addition-training-s1-5f1bc9dee7ab,full,36300,0.001,38.43172073364258,9.338884410681203e-05,1.1329198059684131e-05,0.008185219019651413,1.0,0.9977626204490662
modular-addition-training-s1-5f1bc9dee7ab,full,36350,0.001,38.65961456298828,5.8450874348636717e-05,6.811154435126809e-06,0.008275008760392666,1.0,0.9974269866943359
modular-addition-training-s1-5f1bc9dee7ab,full,36400,0.001,38.818397521972656,3.6557219573296607e-05,4.120595349377254e-06,0.008198289200663567,1.0,0.9976507425308228
modular-addition-training-s1-5f1bc9dee7ab,full,36450,0.001,38.90740203857422,2.2922111384104937e-05,2.5244237349397736e-06,0.007888580672442913,1.0,0.9976507425308228
modular-addition-training-s1-5f1bc9dee7ab,full,36500,0.001,38.92759704589844,1.4452923096541781e-05,1.574740736032254e-06,0.007475830148905516,1.0,0.9977626204490662
modular-addition-training-s1-5f1bc9dee7ab,full,36550,0.001,38.879817962646484,9.232255251845345e-06,1.0040017741630436e-06,0.0068659610114991665,1.0,0.9977626204490662
modular-addition-training-s1-5f1bc9dee7ab,full,36600,0.001,38.759403228759766,6.0165830291225575e-06,6.639606908720452e-07,0.006197998765856028,1.0,0.9978744983673096
modular-addition-training-s1-5f1bc9dee7ab,full,36650,0.001,38.56887435913086,4.054519195051398e-06,4.5778818957842304e-07,0.005496137775480747,1.0,0.9980981945991516
modular-addition-training-s1-5f1bc9dee7ab,full,36700,0.001,38.3109016418457,2.891875737986993e-06,3.2961506235551497e-07,0.004803400952368975,1.0,0.9984338283538818
modular-addition-training-s1-5f1bc9dee7ab,full,36750,0.001,37.99452590942383,2.3189459170680493e-06,2.49187792178418e-07,0.003976208623498678,1.0,0.9987694621086121
modular-addition-training-s1-5f1bc9dee7ab,full,36800,0.001,37.65401840209961,2.122586010955274e-06,1.960883508900224e-07,0.003101858077570796,1.0,0.9984338283538818
modular-addition-training-s1-5f1bc9dee7ab,full,36850,0.001,37.348236083984375,2.152530669263797e-06,1.597964569555188e-07,0.0028508976101875305,1.0,0.9986575841903687
modular-addition-training-s1-5f1bc9dee7ab,full,36900,0.001,37.26841735839844,2.6768479983729776e-06,1.4320676200441085e-07,0.0033044421579688787,1.0,0.9987694621086121
modular-addition-training-s1-5f1bc9dee7ab,full,36950,0.001,37.22140121459961,0.4041016101837158,0.0006995506701059639,0.027611739933490753,1.0,0.9941827654838562
modular-addition-training-s1-5f1bc9dee7ab,full,37000,0.001,35.76291275024414,0.0028144237585365772,7.035500311758369e-05,0.008841614238917828,1.0,0.9975388646125793
modular-addition-training-s1-5f1bc9dee7ab,full,37050,0.001,34.34733200073242,0.0033669392578303814,0.0002526837633922696,0.00635530473664403,1.0,0.998210072517395
modular-addition-training-s1-5f1bc9dee7ab,full,37100,0.001,33.85536575317383,0.001983769703656435,0.0004344566259533167,0.0051405103877186775,1.0,0.9988812804222107
modular-addition-training-s1-5f1bc9dee7ab,full,37150,0.001,34.18260192871094,0.0016651464393362403,0.00036384494160301983,0.004534941632300615,1.0,0.9988812804222107
modular-addition-training-s1-5f1bc9dee7ab,full,37200,0.001,34.723060607910156,0.0012216368922963738,0.0002394664625171572,0.00406360998749733,1.0,0.9989931583404541
modular-addition-training-s1-5f1bc9dee7ab,full,37250,0.001,35.2834587097168,0.0008419034420512617,0.00014904123963788152,0.003759584156796336,1.0,0.9991050362586975
modular-addition-training-s1-5f1bc9dee7ab,full,37300,0.001,35.81932830810547,0.0005602628807537258,9.075567504623905e-05,0.0036626914516091347,1.0,0.9991050362586975
modular-addition-training-s1-5f1bc9dee7ab,full,37350,0.001,36.31313705444336,0.0003640353970695287,5.467218943522312e-05,0.0036459569819271564,1.0,0.9991050362586975
modular-addition-training-s1-5f1bc9dee7ab,full,37400,0.001,36.755889892578125,0.0002326191170141101,3.276070492574945e-05,0.0037606945261359215,1.0,0.9988812804222107
modular-addition-training-s1-5f1bc9dee7ab,full,37450,0.001,37.14082717895508,0.000147351180203259,1.959854671440553e-05,0.0039039175026118755,1.0,0.9989931583404541
modular-addition-training-s1-5f1bc9dee7ab,full,37500,0.001,37.460811614990234,9.266559209208935e-05,1.1733934115909506e-05,0.004029326606541872,1.0,0.9989931583404541
modular-addition-training-s1-5f1bc9dee7ab,full,37550,0.001,37.711978912353516,5.82353059144225e-05,7.0483611125382595e-06,0.004052458796650171,1.0,0.9989931583404541
modular-addition-training-s1-5f1bc9dee7ab,full,37600,0.001,37.892208099365234,3.652764280559495e-05,4.264288691047113e-06,0.003955055959522724,1.0,0.9989931583404541
modular-addition-training-s1-5f1bc9dee7ab,full,37650,0.001,38.00287628173828,2.294439764227718e-05,2.606217094580643e-06,0.003818557132035494,1.0,0.9989931583404541
modular-addition-training-s1-5f1bc9dee7ab,full,37700,0.001,38.044891357421875,1.4532436580338981e-05,1.6217381926253438e-06,0.003610399551689625,1.0,0.9989931583404541
modular-addition-training-s1-5f1bc9dee7ab,full,37750,0.001,38.018638610839844,9.279166988562793e-06,1.0340679637010908e-06,0.0032118556555360556,1.0,0.9989931583404541
modular-addition-training-s1-5f1bc9dee7ab,full,37800,0.001,37.92421340942383,6.085494987928541e-06,6.813282880102633e-07,0.0029321364127099514,1.0,0.9992169141769409
modular-addition-training-s1-5f1bc9dee7ab,full,37850,0.001,37.75912857055664,4.100913429283537e-06,4.6796603214716015e-07,0.0025173621252179146,1.0,0.9992169141769409
modular-addition-training-s1-5f1bc9dee7ab,full,37900,0.001,37.527305603027344,2.8688443762803217e-06,3.356844615609589e-07,0.001998910214751959,1.0,0.9994406700134277
modular-addition-training-s1-5f1bc9dee7ab,full,37950,0.001,37.23528289794922,2.169943627450266e-06,2.537631473842339e-07,0.0016360229346901178,1.0,0.9997762441635132
modular-addition-training-s1-5f1bc9dee7ab,full,38000,0.001,36.906524658203125,1.8042480860458454e-06,1.998855907459074e-07,0.0013464790536090732,1.0,0.9998881220817566
modular-addition-training-s1-5f1bc9dee7ab,full,38050,0.001,36.58079147338867,1.7064741086869617e-06,1.6409173042575276e-07,0.0012109177187085152,1.0,0.9998881220817566
modular-addition-training-s1-5f1bc9dee7ab,full,38100,0.001,36.36833572387695,1.927145376612316e-06,1.4239751067179895e-07,0.0011783670634031296,1.0,0.9998881220817566
modular-addition-training-s1-5f1bc9dee7ab,full,38150,0.001,36.672889709472656,1.3102671800879762e-05,1.8354491260197392e-07,0.0014767543179914355,1.0,0.9998881220817566
modular-addition-training-s1-5f1bc9dee7ab,full,38200,0.001,35.99470138549805,0.015915408730506897,0.0001487374829594046,0.004706228151917458,1.0,0.998210072517395
modular-addition-training-s1-5f1bc9dee7ab,full,38250,0.001,34.43930435180664,0.00627961615100503,0.00014006422134116292,0.002009477699175477,1.0,0.9995525479316711
modular-addition-training-s1-5f1bc9dee7ab,full,38300,0.001,33.345314025878906,0.006060153245925903,0.0004201012779958546,0.002701960038393736,1.0,0.9996643662452698
modular-addition-training-s1-5f1bc9dee7ab,full,38350,0.001,33.412254333496094,0.0026340775657445192,0.0006685712141916156,0.003387706819921732,1.0,0.9995525479316711
modular-addition-training-s1-5f1bc9dee7ab,full,38400,0.001,34.169029235839844,0.0021999378222972155,0.0005657157162204385,0.0034835271071642637,1.0,0.9995525479316711
modular-addition-training-s1-5f1bc9dee7ab,full,38450,0.001,34.96538162231445,0.0015512050595134497,0.0003653422463685274,0.003137792693451047,1.0,0.9995525479316711
modular-addition-training-s1-5f1bc9dee7ab,full,38500,0.001,35.68572998046875,0.0010445875814184546,0.00022547207481693476,0.0028998630587011576,1.0,0.9995525479316711
modular-addition-training-s1-5f1bc9dee7ab,full,38550,0.001,36.33819580078125,0.0006903344765305519,0.00013703340664505959,0.0028055589646101,1.0,0.9995525479316711
modular-addition-training-s1-5f1bc9dee7ab,full,38600,0.001,36.923709869384766,0.0004501441144384444,8.259298192569986e-05,0.002863597823306918,1.0,0.9994406700134277
modular-addition-training-s1-5f1bc9dee7ab,full,38650,0.001,37.44096755981445,0.00029035413172096014,4.9546652007848024e-05,0.0030225731898099184,1.0,0.9989931583404541
modular-addition-training-s1-5f1bc9dee7ab,full,38700,0.001,37.88693618774414,0.00018562933837529272,2.965541534649674e-05,0.0032928858418017626,1.0,0.9989931583404541
modular-addition-training-s1-5f1bc9dee7ab,full,38750,0.001,38.25896453857422,0.00011787292896769941,1.774759221007116e-05,0.0036306644324213266,1.0,0.9983219504356384
modular-addition-training-s1-5f1bc9dee7ab,full,38800,0.001,38.555599212646484,7.448389078490436e-05,1.0642303095664829e-05,0.004018991254270077,1.0,0.9983219504356384
modular-addition-training-s1-5f1bc9dee7ab,full,38850,0.001,38.778968811035156,4.6945351641625166e-05,6.407537512131967e-06,0.0043792990036308765,1.0,0.9983219504356384
modular-addition-training-s1-5f1bc9dee7ab,full,38900,0.001,38.93202590942383,2.9660041036549956e-05,3.886539161612745e-06,0.004683428909629583,1.0,0.9983219504356384
modular-addition-training-s1-5f1bc9dee7ab,full,38950,0.001,39.01725769042969,1.8809656467055902e-05,2.3879108539404115e-06,0.0048781950026750565,1.0,0.9983219504356384
modular-addition-training-s1-5f1bc9dee7ab,full,39000,0.001,39.0369758605957,1.1977139365626499e-05,1.4946564306228538e-06,0.004953092895448208,1.0,0.9983219504356384
modular-addition-training-s1-5f1bc9dee7ab,full,39050,0.001,38.989444732666016,7.756106242595706e-06,9.58870600697992e-07,0.004882319364696741,1.0,0.9983219504356384
modular-addition-training-s1-5f1bc9dee7ab,full,39100,0.001,38.86989212036133,5.133741069585085e-06,6.388738711393671e-07,0.004678369965404272,1.0,0.9983219504356384
modular-addition-training-s1-5f1bc9dee7ab,full,39150,0.001,38.6796760559082,3.5104949347442016e-06,4.4319051539787324e-07,0.004464071709662676,1.0,0.9983219504356384
modular-addition-training-s1-5f1bc9dee7ab,full,39200,0.001,38.421207427978516,2.5491051474091364e-06,3.212735748547857e-07,0.003932313993573189,1.0,0.9983219504356384
modular-addition-training-s1-5f1bc9dee7ab,full,39250,0.001,38.10337829589844,2.0131622022745432e-06,2.4514153551535856e-07,0.003401987487450242,1.0,0.9986575841903687
modular-addition-training-s1-5f1bc9dee7ab,full,39300,0.001,37.757606506347656,1.8438659026287496e-06,1.9412748031299998e-07,0.002718163887038827,1.0,0.9991050362586975
modular-addition-training-s1-5f1bc9dee7ab,full,39350,0.001,37.46695327758789,1.9213582618249347e-06,1.567150746950574e-07,0.002283108653500676,1.0,0.9991050362586975
modular-addition-training-s1-5f1bc9dee7ab,full,39400,0.001,37.420806884765625,2.468738784955349e-06,1.4466964159964846e-07,0.0029474752955138683,1.0,0.9988812804222107
modular-addition-training-s1-5f1bc9dee7ab,full,39450,0.001,37.035064697265625,0.1798544079065323,0.0010509894927963614,0.032192450016736984,1.0,0.9916098117828369
modular-addition-training-s1-5f1bc9dee7ab,full,39500,0.001,35.59813690185547,0.00536371860653162,0.00010721030412241817,0.008086617104709148,1.0,0.9978744983673096
modular-addition-training-s1-5f1bc9dee7ab,full,39550,0.001,34.35495376586914,0.006278115790337324,0.0003392459766473621,0.005044063087552786,1.0,0.9987694621086121
modular-addition-training-s1-5f1bc9dee7ab,full,39600,0.001,34.21017837524414,0.0023735673166811466,0.000544653448741883,0.004739385098218918,1.0,0.9991050362586975
modular-addition-training-s1-5f1bc9dee7ab,full,39650,0.001,34.847930908203125,0.0020272214896976948,0.00044219789560884237,0.005502704530954361,1.0,0.9983219504356384
modular-addition-training-s1-5f1bc9dee7ab,full,39700,0.001,35.57544708251953,0.0014951365301385522,0.00029146429733373225,0.006450911983847618,1.0,0.997986376285553
modular-addition-training-s1-5f1bc9dee7ab,full,39750,0.001,36.26485061645508,0.0010540455114096403,0.00018276112677995116,0.007360703311860561,1.0,0.997986376285553
modular-addition-training-s1-5f1bc9dee7ab,full,39800,0.001,36.89921569824219,0.0007168675656430423,0.00011180197907378897,0.008426876738667488,1.0,0.9978744983673096
modular-addition-training-s1-5f1bc9dee7ab,full,39850,0.001,37.466495513916016,0.0004725901526398957,6.747175939381123e-05,0.009525083936750889,1.0,0.9976507425308228
modular-addition-training-s1-5f1bc9dee7ab,full,39900,0.001,37.959999084472656,0.0003049360529985279,4.0446659113513306e-05,0.010665272362530231,1.0,0.9973151087760925
modular-addition-training-s1-5f1bc9dee7ab,full,39950,0.001,38.37488555908203,0.00019374182738829404,2.418397161818575e-05,0.011729746125638485,1.0,0.9972032904624939
modular-addition-training-s1-5f1bc9dee7ab,full,40000,0.001,38.70995330810547,0.00012218815390951931,1.4469778761849739e-05,0.012780411168932915,1.0,0.9970914125442505
