training_step,train_loss,test_loss,train_accuracy,test_accuracy,total_parameter_norm,embedding_parameter_norm,positional_embedding_norm,attention_parameter_norm,mlp_parameter_norm,unembedding_parameter_norm,optimizer_first_moment_norm,optimizer_second_moment_norm,checkpoint_path,checkpoint_sha256
0,4.734201908111572,4.73443603515625,0.007310704793781042,0.008837677538394928,33.6379359709099,8.595634826435328,1.376398918860614,18.075317749850065,25.617793359581835,8.52894342562346,0.0,0.0,checkpoints/modular-addition-training-s0-5f1bc9dee7ab/step_00000000.pt,b52200c5d5d28f4c3dac762b31743de67f31902b87c38bd25cd3c5df14bc8992
50,4.277159214019775,5.4351983070373535,0.071279376745224,0.002684863982722163,37.1301914829821,10.189879593770359,1.493130468461587,21.103992728101893,27.101197950805314,9.629880341677076,0.04958271384010398,1.9435671067335923e-05,checkpoints/modular-addition-training-s0-5f1bc9dee7ab/step_00000050.pt,6ce6eb6b5c7c9cd0d114adf98ab9743491ebf8bffd1a068e6d26596ebb84bdf0
100,2.956258773803711,7.200742721557617,0.30339425802230835,0.010180109180510044,45.39934256998981,12.402260476889994,1.6877432295497252,26.720916475560024,32.452622201516306,11.715617721382294,0.11247226331353175,0.0003240570004151536,checkpoints/modular-addition-training-s0-5f1bc9dee7ab/step_00000100.pt,f3f57b39c461967e05cbd7052cacbfdb903d4a522183d9db77783f94a0dde10a
150,0.5043708682060242,12.27685260772705,0.949608325958252,0.041839130222797394,54.214892187635506,15.583636276350633,1.8424541236452978,31.816160729156056,38.25479177797214,14.741539967252924,0.16732860499576463,0.0038757172383470265,checkpoints/modular-addition-training-s0-5f1bc9dee7ab/step_00000150.pt,7c45041391243075f8d395a654017d9869de927028764c60cc2c4b401fdd686d
200,0.02693861350417137,17.78276824951172,1.0,0.05201924219727516,57.53868900470052,17.098494890426355,1.8828605047525526,33.781570072852695,40.157866236820226,16.15389562613145,0.029817600054084334,0.0015655786913224838,checkpoints/modular-addition-training-s0-5f1bc9dee7ab/step_00000200.pt,4be8fec32aea46a37bafd7b0063675530149ac5f1db65358df0f0078db727aef
250,0.015231212601065636,17.915254592895508,1.0,0.05559905990958214,57.42526915964271,17.20177422912249,1.8523624063931698,33.94891091637293,39.77591300686013,16.238147893339335,0.014181261427660498,0.0005720993010427465,checkpoints/modular-addition-training-s0-5f1bc9dee7ab/step_00000250.pt,f6ab562e36db78bc12075c7f3e0a93db8f9b4b2e6ca6c89cff328ab3c3317821
300,0.008780406787991524,18.21380043029785,1.0,0.05962635576725006,57.42521764716916,17.31697468561759,1.8265545380687005,34.181086833056945,39.486339530138444,16.337808956636014,0.0089969007576606,0.00021058159111484297,checkpoints/modular-addition-training-s0-5f1bc9dee7ab/step_00000300.pt,b47ee523cfc3e472dda63c8da8b17a30f44445041a9e2653297c8f9b503470ba
350,0.004962690640240908,18.658533096313477,1.0,0.0628705695271492,57.50719930023183,17.443262864935733,1.8045723901307587,34.42932660347314,39.28619064795662,16.455113626891123,0.005492357136881617,7.7745515467979e-05,checkpoints/modular-addition-training-s0-5f1bc9dee7ab/step_00000350.pt,83ebb1009cae9db6de71845d3b3c2a50bfcc6543df1b4061dfcca626af6649e4
400,0.002829016651958227,19.136911392211914,1.0,0.06589104235172272,57.619712338494374,17.562989823215194,1.7853640983846473,34.67309892902991,39.134699866473625,16.572163120589106,0.0033397308763214156,2.8718133882575733e-05,checkpoints/modular-addition-training-s0-5f1bc9dee7ab/step_00000400.pt,f9bc9cc7539d3cbbf917e527ec510428e38a036ec7e274defc2c777efe67c080
450,0.00162278872448951,19.63601303100586,1.0,0.06879964470863342,57.749157034431384,17.675330464989177,1.7684936937685722,34.902810768120425,39.022419642095834,16.68726541278983,0.0020414380292966936,1.0653339791562428e-05,checkpoints/modular-addition-training-s0-5f1bc9dee7ab/step_00000450.pt,d26bcf6f1d43b2b45538d1a261aeed45844bfbceadda0e775e61edce6dd9e1f1
500,0.0009364352445118129,20.145328521728516,1.0,0.07114889472723007,57.88968920321908,17.780749356160968,1.7535932195720343,35.11572920340673,38.944268992168176,16.79926945964042,0.0012446335672081977,3.946593204062296e-06,checkpoints/modular-addition-training-s0-5f1bc9dee7ab/step_00000500.pt,174355cc216dd5ebe1ed229b9d90d9be296ad5a60dd14e1bb6241c7b1621e6e2
550,0.0005423447000794113,20.665124893188477,1.0,0.07349815219640732,58.04314422134939,17.880714175259953,1.7408577835374803,35.320654257509624,38.894963220219736,16.9082608443252,0.0007598951321597815,1.4568251370148178e-06,checkpoints/modular-addition-training-s0-5f1bc9dee7ab/step_00000550.pt,f4a0b6d25ebe74f92ff418fc4e8a9e6d65926058e5beab57bdc85e5913c41f8c
600,0.00031544524244964123,21.198423385620117,1.0,0.0752880647778511,58.19757685725055,17.974338549745642,1.7300525223932233,35.50552999268881,38.86871305286418,17.01377411325468,0.0004639099836241446,5.376341585941215e-07,checkpoints/modular-addition-training-s0-5f1bc9dee7ab/step_00000600.pt,98117461fdd8e1419c7ecaa1d30226473399296f383236a86ff72fe4f57eb32e
650,0.00018421774439048022,21.737693786621094,1.0,0.07842040807008743,58.35003103839896,18.063415997863224,1.7211259532065881,35.66819771855368,38.86251593018481,17.11611454769315,0.00028374675718110913,1.9833752723983266e-07,checkpoints/modular-addition-training-s0-5f1bc9dee7ab/step_00000650.pt,8e181065faef92ad6180f12122d9c0448a7f925e67222027b73699eb013baad9
700,0.00010790155647555366,22.28277015686035,1.0,0.08121713995933533,58.49370482636237,18.14823906357212,1.7138389409648263,35.80135617267986,38.87299059656587,17.21543428338927,0.0001738050821398225,7.321913234197986e-08,checkpoints/modular-addition-training-s0-5f1bc9dee7ab/step_00000700.pt,205fb29e6d9c65ade99fc1339126fd68a1d2b527bfd230e435d17618c20e77bf
750,6.347265298245475e-05,22.825136184692383,1.0,0.08211209625005722,58.622339700349464,18.229071348469994,1.7084471509090424,35.89941253806256,38.89599725283203,17.31168550944101,0.00010644803713496923,2.709064696820441e-08,checkpoints/modular-addition-training-s0-5f1bc9dee7ab/step_00000750.pt,fb3f1d037ee61927284407f80fe39bf120afc7156b9b6050e51f9d4a1ccf7cfa
800,3.75008603441529e-05,23.367713928222656,1.0,0.08267144113779068,58.729871111175015,18.307741582063557,1.7051643198095523,35.95522240027187,38.92770716003477,17.406101543758275,6.53482909567182e-05,1.0019504413837412e-08,checkpoints/modular-addition-training-s0-5f1bc9dee7ab/step_00000800.pt,13c709dd0b01aad217b83017e029fcb8483169bf6869cc81a57c0181701f7470
850,2.2262773200054653e-05,23.910139083862305,1.0,0.08345452696084976,58.806716453276266,18.38414926577761,1.7044401097928892,35.959891158579914,38.961885310217745,17.49873025788718,4.024030160009277e-05,3.7065287663128165e-09,checkpoints/modular-addition-training-s0-5f1bc9dee7ab/step_00000850.pt,405968c10eb2baeb2e3ca5616ef42cf65caf1492ad1206c9967f1f6164b6e0a6
900,1.33182502395357e-05,24.43553352355957,1.0,0.08401387184858322,58.84550730883063,18.459036403852814,1.7063808714276263,35.90703006835464,38.99250784549005,17.5902101575329,2.492065584715567e-05,1.3716120781976908e-09,checkpoints/modular-addition-training-s0-5f1bc9dee7ab/step_00000900.pt,cbef1c023536ad53b37ef161ffb448b152f6e5c819ddabf5102d550fd0e42c1b
950,8.038621672312729e-06,24.943382263183594,1.0,0.08502069860696793,58.841837620934385,18.533606402829815,1.7115414887896423,35.79798829282277,39.01052376178099,17.681091144609596,1.551393370006936e-05,5.071142357866881e-10,checkpoints/modular-addition-training-s0-5f1bc9dee7ab/step_00000950.pt,0c5543c74c123f7aa9ceb99b5f4c24e7973a6e85e03279a2c8011cd409f4f3a3
1000,4.928526777803199e-06,25.418140411376953,1.0,0.08647499978542328,58.792347467348165,18.608836365190413,1.7203982346279187,35.637181294060426,39.00535843003501,17.772587963716,9.7600341121426e-06,1.872138313084935e-10,checkpoints/modular-addition-training-s0-5f1bc9dee7ab/step_00001000.pt,173984df7cbcdebee8fdc270d1b95e6059500a23059d4528bc93d9c021d29698
1050,3.0865192002238473e-06,25.84110450744629,1.0,0.08703434467315674,58.69362068391141,18.68572979047458,1.7339154127972851,35.43284443820249,38.962832751675236,17.86587102574725,6.2220822493695905e-06,6.928609744234302e-11,checkpoints/modular-addition-training-s0-5f1bc9dee7ab/step_00001050.pt,c18f3d2fd38d39aadb16fd25cfcc1260e20ffd7d86755ea59db85e8fcbbc4dff
1100,1.9955241441493854e-06,26.184545516967773,1.0,0.08882424980401993,58.54055128408778,18.765113068325643,1.7532458415455008,35.193090177560464,38.866585713428556,17.96184077236457,4.05857524271343e-06,2.5662777989723605e-11,checkpoints/modular-addition-training-s0-5f1bc9dee7ab/step_00001100.pt,705d8b6d2a551863485ef527f2bf7856e91400e0106b7b8ae30ed57668e9f8ff
1150,1.3358589967538137e-06,26.45652961730957,1.0,0.09106163680553436,58.33555678751878,18.850655746815203,1.7799609850701223,34.929368866323074,38.70567200413132,18.064657423418378,2.739138273167616e-06,9.542954376318756e-12,checkpoints/modular-addition-training-s0-5f1bc9dee7ab/step_00001150.pt,4e70cf219170514afdcc75e229b8da1d3452aa92680f247dd0d46922c8d47493
1200,9.486005296821531e-07,26.621484756469727,1.0,0.09162098914384842,58.07055879337144,18.940596445818272,1.815238255724723,34.64408767726921,38.466444478081385,18.17328680097205,1.909648249438935e-06,3.5667318665222743e-12,checkpoints/modular-addition-training-s0-5f1bc9dee7ab/step_00001200.pt,d6a6969f259f5ca94f3d498bf9bfe56c3e4e0c5a3f3c93c938df9aedc929c6b3
1250,7.425835519825341e-07,26.551101684570312,1.0,0.09296341985464096,57.736847603694756,19.030187111300524,1.8602798943745606,34.33639453117354,38.139410914334526,18.284754691898016,1.414230899640508e-06,1.3594295678214608e-12,checkpoints/modular-addition-training-s0-5f1bc9dee7ab/step_00001250.pt,e433f52f2372f1a93f8e27d4059df6cd235810854dda51f774fdb0ebf793253a
1300,6.179585056997894e-07,26.33039665222168,1.0,0.0953126773238182,57.36986031506997,19.13075956409389,1.9177254833848911,34.02708709773398,37.74836230809265,18.408034298698006,1.159454633938778e-06,5.336162953236288e-13,checkpoints/modular-addition-training-s0-5f1bc9dee7ab/step_00001300.pt,e495ebdd690d1dac906d540736ed6461eb245e09416b6b89345db845d8f68e27
1350,5.184825226933754e-07,26.121896743774414,1.0,0.09542454779148102,57.04218662878035,19.270581097229602,1.9926070633574244,33.760876959602605,37.3442915848965,18.549726402283277,1.1820643059309876e-06,2.2128545027605503e-13,checkpoints/modular-addition-training-s0-5f1bc9dee7ab/step_00001350.pt,8ae239ccc2f0d7e299cff90c5fa19a80d16da25a48e1b94ce621595bcf8f273d
1400,4.377128277610609e-07,26.406517028808594,1.0,0.09564828127622604,56.94310361358882,19.541461079446496,2.1061326601472476,33.6690500068823,37.05241800688348,18.7009610641669,1.6008751853075785e-06,9.809181941576757e-14,checkpoints/modular-addition-training-s0-5f1bc9dee7ab/step_00001400.pt,a1c0abba0075361a0f506323174b5b7f85606692dd66ac5b1c0dbb92537759db
1450,0.04060015082359314,26.22938346862793,0.984856367111206,0.08021031320095062,56.26687078717358,19.66947817459557,2.1303516809408385,33.30581929167778,36.446673848748944,18.354736307235044,0.8922700347573339,1.0636058339012902,checkpoints/modular-addition-training-s0-5f1bc9dee7ab/step_00001450.pt,a9e1ac77456031a024d4a8afb0a50b6f5cb2d5a65e2292cfd1b9c0e37f762bfa
1500,0.0007107820711098611,18.661502838134766,1.0,0.09945183992385864,53.68166766286661,18.779717253752754,2.010656407719207,31.77621044326528,34.779569937408226,17.48298854829762,0.01509465856956844,0.3932277632749519,checkpoints/modular-addition-training-s0-5f1bc9dee7ab/step_00001500.pt,e77b5a426427e80e8a5ce33b2a11b2e58ad9e27f79af4153acefd1039cb54eb9
1550,0.002856748178601265,14.143177032470703,1.0,0.10549278557300568,51.38404981403669,17.924047817528383,1.918223562648831,30.690582402469754,33.11331404720632,16.642298161562938,0.009020272229692317,0.1432019521697299,checkpoints/modular-addition-training-s0-5f1bc9dee7ab/step_00001550.pt,664bac7eca3fb1207476476ef08b281e6e59d7b9338fe5f007f2e2cb3fc09c08
1600,0.008775697089731693,11.582763671875,1.0,0.10582838952541351,50.147821423796216,17.352423150283222,1.8555258599692392,30.91097731430855,31.65432928954015,15.898721547757154,0.010697607061053733,0.0521499958554413,checkpoints/modular-addition-training-s0-5f1bc9dee7ab/step_00001600.pt,4cc479203258d3817e0cc059f7e487f4800ca1e803b704d49c498a5ed92f5100
1650,0.0129663972184062,10.93148136138916,1.0,0.10213670134544373,50.183246035681044,17.440046729553853,1.8342823120053546,32.166900090566905,30.660123120580803,15.365082165183908,0.01373254027911448,0.018991578405203376,checkpoints/modular-addition-training-s0-5f1bc9dee7ab/step_00001650.pt,4a1c855229ae57c812b14a22646281776e7460d4b55ce1bfac9e76f92da4c791
1700,0.00960751622915268,11.388830184936523,1.0,0.100906141102314,50.80546648564517,18.049825765767466,1.8332211266904166,33.42387175561017,30.151428292413907,15.025800602365726,0.011068984758711646,0.0069162477769189115,checkpoints/modular-addition-training-s0-5f1bc9dee7ab/step_00001700.pt,00f7ec7d31a93de40d3101383862afa48059414f4793b166740daad897e0a139
1750,0.006146198604255915,12.048372268676758,1.0,0.10258418321609497,51.51028373880657,18.729031290513706,1.8386104262722116,34.492733236598575,29.85800893238619,14.761533996645355,0.007450570788855367,0.002518735199701125,checkpoints/modular-addition-training-s0-5f1bc9dee7ab/step_00001750.pt,f44449f8de3eaaea4dc99d48189d60bc1803fea2dba4a16fa88799e90322e57d
1800,0.0038351642433553934,12.735103607177734,1.0,0.10448595881462097,52.23433538070593,19.371970803441364,1.8471886116752192,35.44911296348703,29.69207991427686,14.542393700959696,0.004882770312336267,0.0009172705901391329,checkpoints/modular-addition-training-s0-5f1bc9dee7ab/step_00001800.pt,f3d98091c972d728850ef62db8d666afb4507559fb36f0b5ca98722970c4d9df
1850,0.0023550400510430336,13.4334716796875,1.0,0.10493344068527222,52.96633938226545,19.96608005366491,1.8574339640481081,36.32155392711708,29.627719951263355,14.362507605784108,0.003153895354115314,0.0003340538463937605,checkpoints/modular-addition-training-s0-5f1bc9dee7ab/step_00001850.pt,4442cbf59af1e4813c627bfa156fa5658f826d965fec26fa3f16ff088f6db9d8
1900,0.0014324912335723639,14.131590843200684,1.0,0.10594025999307632,53.68696306155235,20.50577484541275,1.8686339010559199,37.11417124215217,29.64335260712086,14.216938746567584,0.00201829691227192,0.00012165801088167286,checkpoints/modular-addition-training-s0-5f1bc9dee7ab/step_00001900.pt,d378869a950f08494c083ac4d735c9edb7059ee6d85c24be7f901bdbd29bed0c
1950,0.0008656753343529999,14.82613754272461,1.0,0.10582838952541351,54.38291780306618,20.992454061618037,1.8800608587466405,37.82852879978396,29.72262267364263,14.10149292300278,0.0012830502193925764,4.430689119738167e-05,checkpoints/modular-addition-training-s0-5f1bc9dee7ab/step_00001950.pt,3e588514849017a6735b83dcc743fc1516bafd74f9c1de1ee271d0faaa71a920
2000,0.0005207231733947992,15.510024070739746,1.0,0.10627587139606476,55.04319776025996,21.42718674327699,1.8915411536419127,38.46492636505303,29.85210141881966,14.012595784488122,0.0008110908331407231,1.613652235534341e-05,checkpoints/modular-addition-training-s0-5f1bc9dee7ab/step_00002000.pt,1d0956f4c49f0d5505217527b416b46a2912762f3afa3f3a985d2a3860061d8f
2050,0.0003122545895166695,16.184072494506836,1.0,0.1067233458161354,55.660295561647615,21.813125510280127,1.9032681380870187,39.02490974644173,30.01981064975178,13.94636209598782,0.0005109334320427588,5.87698278422923e-06,checkpoints/modular-addition-training-s0-5f1bc9dee7ab/step_00002050.pt,ea32f8cc3b8b3bd784eb5bd85ff897f9ffe5409932c48db59d7138bf2a5ba4e2
2100,0.0001870110136223957,16.846277236938477,1.0,0.10694708675146103,56.22512101053659,22.15486539613638,1.914902917982118,39.503479284538386,30.216480941318427,13.899594335168631,0.0003209275623066103,2.14047534457624e-06,checkpoints/modular-addition-training-s0-5f1bc9dee7ab/step_00002100.pt,ceeadad008f9ac272dd7d79cf1d235b6d9afee480f5a1f76b212453d34f21427
2150,0.00011195300612598658,17.4916934967041,1.0,0.10717082768678665,56.72677412012366,22.455273305906342,1.9268068052442338,39.89280005994921,30.433166341297603,13.86945954922803,0.00020125918731071763,7.796116483352607e-07,checkpoints/modular-addition-training-s0-5f1bc9dee7ab/step_00002150.pt,9cfb2dd62268a368844bf58bbd422e4fdeeed4be5a9ab5ded461367c07190062
2200,6.702721293549985e-05,18.117961883544922,1.0,0.10728269070386887,57.15908746108603,22.71857876218218,1.9393874495678944,40.18789169828519,30.663697887453285,13.854141165909873,0.00012594861493504496,2.839593387014005e-07,checkpoints/modular-addition-training-s0-5f1bc9dee7ab/step_00002200.pt,8dac75245818d0222358f99ad112c4277e7e9503d4cb052303f7c25d6c00ae63
2250,4.020156484330073e-05,18.72222328186035,1.0,0.10773017257452011,57.51584166758325,22.948026146635968,1.9530989967738177,40.38408151771985,30.90167843247704,13.851273336360068,7.881863807710586e-05,1.034296211832175e-07,checkpoints/modular-addition-training-s0-5f1bc9dee7ab/step_00002250.pt,e519ec7bfe435eb939052260541d691a8d5f731051c320529a19be7b2773c36c
2300,2.4161821784218773e-05,19.305063247680664,1.0,0.10828951746225357,57.79180395665421,23.146094231455372,1.9682576620243177,40.47740369664673,31.1410945807848,13.859614224722478,4.930069660550238e-05,3.7674668957895457e-08,checkpoints/modular-addition-training-s0-5f1bc9dee7ab/step_00002300.pt,a3b267caeca3693f1188f3f9a7e1ed801aa570d9665b23bfc866579e938d5946
2350,1.4605146134272218e-05,19.8569278717041,1.0,0.10963194817304611,57.98726396258507,23.315196371397498,1.9850856755897406,40.47090087158991,31.37672173224404,13.877728591867097,3.09264326353433e-05,1.3723402100606167e-08,checkpoints/modular-addition-training-s0-5f1bc9dee7ab/step_00002350.pt,55a92c060bc76c402534f56c1b11e0b0a8daefa13d4ad25d2d951b2b270cd75f
2400,8.884651833795942e-06,20.37342643737793,1.0,0.11086251586675644,58.107798298438,23.456743929483842,2.0040482345818593,40.37706969879952,31.601289204099057,13.904385681116025,1.9465050435573385e-05,4.9991611340688e-09,checkpoints/modular-addition-training-s0-5f1bc9dee7ab/step_00002400.pt,3faba1734b761aeddf7c2f298301303cf4507ae517362cb7f51151db1e661237
2450,5.475390935316682e-06,20.848445892333984,1.0,0.11231681704521179,58.156638922681765,23.56978793972906,2.025922443689596,40.20666622116196,31.806832439509243,13.93932520090544,1.2361771172714277e-05,1.8211566120329164e-09,checkpoints/modular-addition-training-s0-5f1bc9dee7ab/step_00002450.pt,be201f0e59d600f8e596f5c71575a447a30649b4bff841a31c94a86ba2ca1700
2500,3.433437768762815e-06,21.274158477783203,1.0,0.11265242099761963,58.13733578478503,23.653830766800795,2.051324971709078,39.971199564866275,31.984442621563527,13.983447486309702,7.93641455560258e-06,6.634726553678114e-10,checkpoints/modular-addition-training-s0-5f1bc9dee7ab/step_00002500.pt,40da448f79fb57da2836a0d6d34304de5ed6ae21cc6014e0a12e07a0090160aa
2550,2.208294290539925e-06,21.637481689453125,1.0,0.11354737728834152,58.05130866654447,23.707225930956945,2.0814828665130394,39.680340874075775,32.124341882503494,14.038750384794934,5.195597836562228e-06,2.4173019512031894e-10,checkpoints/modular-addition-training-s0-5f1bc9dee7ab/step_00002550.pt,44c265c634c92b88e61521c05ca02ceda08a284047e76a26a0d408c55c3e41ec
2600,1.4664283298770897e-06,21.926549911499023,1.0,0.11500167846679688,57.89689390498575,23.727106241840136,2.116766732293329,39.33863257716198,32.218147363761396,14.108756828320079,3.5035187419946743e-06,8.808429157544237e-11,checkpoints/modular-addition-training-s0-5f1bc9dee7ab/step_00002600.pt,a0ac9120cbe4805817de0ef96f23b6636f1ece25085c1e1fe331d07d166dfd7d
2650,1.0210284244749346e-06,22.106664657592773,1.0,0.11634410917758942,57.669452695653995,23.709956144850057,2.1582831301782783,38.9476720293192,32.256850863335416,14.19577344256637,2.5107623075808998e-06,3.211098843143219e-11,checkpoints/modular-addition-training-s0-5f1bc9dee7ab/step_00002650.pt,5ffbb2ff4b959a876bf88694998097c00da35bad0b8724ef10b5da008b5a75c3
2700,7.510494697271497e-07,22.177587509155273,1.0,0.11667972058057785,57.39596413008381,23.665567059704635,2.209064253459218,38.525970239119296,32.254885574504236,14.308376672380144,2.099219866633568e-06,1.1727829042171374e-11,checkpoints/modular-addition-training-s0-5f1bc9dee7ab/step_00002700.pt,6e2960ba5b3e23988c5ca0aa8f9c305a8325a91bea065dc0d224423685fb0b51
2750,5.858996132701577e-07,22.2430362701416,1.0,0.11846962571144104,57.163165813648384,23.63108960718587,2.277032999030239,38.12795316524295,32.265827118349705,14.463396500647676,2.219518331462659e-06,4.328465278156123e-12,checkpoints/modular-addition-training-s0-5f1bc9dee7ab/step_00002750.pt,8bb35e6f3cc7520d5f6b8587bb179b9e0714c18f1d18e58b5ab48d17a22a1620
2800,4.982512109563686e-07,22.44255256652832,1.0,0.11768653988838196,57.12007647948252,23.729679510641994,2.3788612254107644,37.91836181446037,32.344005625742966,14.491708112019365,2.46585792401729e-06,2.344344885978564e-12,checkpoints/modular-addition-training-s0-5f1bc9dee7ab/step_00002800.pt,8b7b31b5080f517543767ef311bb4dd73e1380132341f15cd9d0a4e1f3cae745
2850,0.016922716051340103,18.0042781829834,0.9979112148284912,0.11701532453298569,54.561977831587896,22.842755728253206,2.2322982839934205,35.673356503978695,31.34613654037924,13.966608025475137,2.274912716029262,26.34306124730589,checkpoints/modular-addition-training-s0-5f1bc9dee7ab/step_00002850.pt,141687fb3a62d96241be8b140e60704519080b3f8aa2fd75c94b4e9fce23755f
2900,0.002843348542228341,13.0817289352417,1.0,0.12786665558815002,52.1803543820094,21.726036795366937,2.1320944924555882,34.312570093344426,29.863111292521875,13.306577290703583,0.02193567965631072,9.599734948436991,checkpoints/modular-addition-training-s0-5f1bc9dee7ab/step_00002900.pt,b2f67087b2f2c773bd52ce89d96bb36aba338ce9948f23716adbd3fae50d5e77
2950,0.008357944898307323,10.283012390136719,1.0,0.13099899888038635,50.50509160871492,20.804582572861587,2.05386456811106,33.780193056789074,28.49277487075163,12.679731855218854,0.016194532397956443,3.4959358533496667,checkpoints/modular-addition-training-s0-5f1bc9dee7ab/step_00002950.pt,2ba58c82423d10f194575a8a568e60775982289c5f3a368ac84db92b0520f5f3
3000,0.016628677025437355,8.94873046875,1.0,0.12932094931602478,50.13951996919566,20.32979642826469,2.0186372144700053,34.58452830835234,27.435112328048614,12.158164210076036,0.019680198446008886,1.2731154215063663,checkpoints/modular-addition-training-s0-5f1bc9dee7ab/step_00003000.pt,e3fcebe553cb08152a9f51f06d3760fe2b457ccbe131816b4553987a99a54487
3050,0.016713863238692284,8.772086143493652,1.0,0.12842600047588348,50.81660214011369,20.529038106555216,2.0140008566657235,35.97431824994112,26.8961663247002,11.801445314942427,0.01995964219889164,0.463632294153329,checkpoints/modular-addition-training-s0-5f1bc9dee7ab/step_00003050.pt,0494e4982a9a6490b3be78da2223931c314f79f4eb98cb69ca29744db95536f6
3100,0.01145236287266016,9.085052490234375,1.0,0.13088712096214294,51.805416397103194,21.060459837489798,2.0187903286829685,37.25689867813944,26.731727827537863,11.55512498248429,0.014467421721248673,0.16884113240429802,checkpoints/modular-addition-training-s0-5f1bc9dee7ab/step_00003100.pt,ec8926bfc052bdc2f622a2505acfa2b40e875c7a2301d555a2962b6e89e19711
3150,0.00725045520812273,9.488709449768066,1.0,0.13312451541423798,52.78878707980126,21.624814333948535,2.0264021430692143,38.357081660264306,26.732431752485166,11.35907213816117,0.009666687143401964,0.0614869192126108,checkpoints/modular-addition-training-s0-5f1bc9dee7ab/step_00003150.pt,a6a8ca255d934397ba9330c1cfe8565f0f58389c8f5a9507d78049a47e39c4a8
3200,0.004481678828597069,9.906935691833496,1.0,0.1362568587064743,53.73532111415362,22.15892853423588,2.035979955412369,39.33221102611365,26.831289843948714,11.19734201425805,0.006321331734688586,0.02239171384479621,checkpoints/modular-addition-training-s0-5f1bc9dee7ab/step_00003200.pt,3a9f63d873d557942879106a8e1c0cf5c34cff46861576e6a735c509de206530
3250,0.0027345495764166117,10.328934669494629,1.0,0.13961292803287506,54.634622404771534,22.647815827349532,2.046776364892215,40.20369022320172,27.001386095976642,11.064246535908918,0.004083808799712146,0.008154401668470073,checkpoints/modular-addition-training-s0-5f1bc9dee7ab/step_00003250.pt,443eb72c6c9bd344c8da9ae7b8b8ed1a6bdf535684d84d48804507fa930f2371
3300,0.0016528990818187594,10.745658874511719,1.0,0.14263340830802917,55.47891510314779,23.08745715555685,2.058113881228939,40.98119393755885,27.22400504016471,10.956222131272098,0.002615813650257535,0.0029695938399915416,checkpoints/modular-addition-training-s0-5f1bc9dee7ab/step_00003300.pt,a88e04ca8aaa84e1f7a34c56871ccf826be0e0e904b11235f9db420700a0ba9e
3350,0.0009931623935699463,11.14836311340332,1.0,0.14554201066493988,56.256213026662955,23.47741795809687,2.0691883465906997,41.662302274913735,27.484338109762216,10.869891330203664,0.0016641011440378004,0.0010814396640659914,checkpoints/modular-addition-training-s0-5f1bc9dee7ab/step_00003350.pt,87689419d1b2e0dbf85e5a7e1af1d25b37a8baa3e138c483c0db9923053ae395
3400,0.0005934356013312936,11.525040626525879,1.0,0.14968116581439972,56.95927246014138,23.818831922612567,2.0797346799734946,42.24827085481118,27.768664187093545,10.801924260742075,0.0010526655061242527,0.00039382926785330464,checkpoints/modular-addition-training-s0-5f1bc9dee7ab/step_00003400.pt,34257a2c0f0dfa26b09257e1e9ac44de9b37d7cb40803d3db936bee88c26f60f
3450,0.0003539107565302402,11.87549114227295,1.0,0.15281350910663605,57.58045009490041,24.113840093815057,2.0900590176395815,42.73582869549798,28.067160109326984,10.749235855188614,0.000663003455623106,0.00014342146946637666,checkpoints/modular-addition-training-s0-5f1bc9dee7ab/step_00003450.pt,960d53c8722331441e7bd2c4e13c42be16b8e65654b927b48d7aa51d5a655ed1
3500,0.00021078885765746236,12.192288398742676,1.0,0.15460342168807983,58.1172518645678,24.36640074475854,2.1002813927417505,43.125667463019695,28.371813979284333,10.709774717549974,0.00041642093375766594,5.2230118237181256e-05,checkpoints/modular-addition-training-s0-5f1bc9dee7ab/step_00003500.pt,d14789eb727b79171e33ceba72986b8a60e57840180be0f94265488f3446b136
3550,0.00012537630391307175,12.47684383392334,1.0,0.15974941849708557,58.56020251976504,24.579150335631766,2.1104959035272883,43.407312582388755,28.677718844560125,10.681860850182389,0.0002607569996725065,1.9020791795267546e-05,checkpoints/modular-addition-training-s0-5f1bc9dee7ab/step_00003550.pt,2ed22b5cbb9593a3e14d6fbd83a68f0114ba2995b3f62cfe9b44445fdf009cfe
3600,7.461191125912592e-05,12.73099136352539,1.0,0.16455979645252228,58.9064138753089,24.755255483456565,2.121258985017237,43.57910328212561,28.97915684317853,10.663648892417196,0.00016306268053190481,6.926870383559976e-06,checkpoints/modular-addition-training-s0-5f1bc9dee7ab/step_00003600.pt,2700d5ace3aa8a443519a4ace0bea523401fff9e8ece3994777f717fc3a07b1f
3650,4.4471271394286305e-05,12.947905540466309,1.0,0.1684752255678177,59.15169049417103,24.897625777476783,2.1333246932707683,43.635756691999326,29.27275597513326,10.6539260487833,0.00010189074583540819,2.5225899585957763e-06,checkpoints/modular-addition-training-s0-5f1bc9dee7ab/step_00003650.pt,a125d2952fde77483cf018f73f6a02504dbc384b7c843e5171fea54fcad4a808
3700,2.6568275643512607e-05,13.134271621704102,1.0,0.17406868934631348,59.29984193183985,25.009621118872516,2.1467351198384046,43.58328850797401,29.553711760687783,10.65160630861726,6.363083828170581e-05,9.18665880526773e-07,checkpoints/modular-addition-training-s0-5f1bc9dee7ab/step_00003700.pt,bf39108ab40c547db75db4ff1603c2588c4c6253630f6447493142e7307bfcb9
3750,1.5935522242216393e-05,13.280535697937012,1.0,0.1782078593969345,59.352270439982725,25.091828794118644,2.161675614326011,43.42603970689214,29.81665021706677,10.656722661983524,3.9772079171062994e-05,3.345569016553959e-07,checkpoints/modular-addition-training-s0-5f1bc9dee7ab/step_00003750.pt,255210c3d70e967d7c628fa985ad91973414cf083f3b278fd3f8b81eba5ed8d5
3800,9.638052688387688e-06,13.38476276397705,1.0,0.1836894452571869,59.31754807360489,25.14476972951058,2.178916956595688,43.178052258446414,30.05631888510062,10.669483767014688,2.497324781846483e-05,1.2183829429145384e-07,checkpoints/modular-addition-training-s0-5f1bc9dee7ab/step_00003800.pt,410c05854cee4c12c88b875c2cd05d696bcd1c35e901257747cefb6376ef2c40
3850,5.879639957129257e-06,13.437630653381348,1.0,0.19118469953536987,59.200825578169926,25.167556650507247,2.198036304347344,42.85174170056899,30.264425799168038,10.690801750081562,1.5745955866139227e-05,4.437100107587915e-08,checkpoints/modular-addition-training-s0-5f1bc9dee7ab/step_00003850.pt,eb03e5692a33a1a56f035c600b490a4738f820c2cf71da9292e66a559288a705
3900,3.6507822187559213e-06,13.433845520019531,1.0,0.19644255936145782,59.0052555716895,25.158022024992487,2.219181732207969,42.45835557560821,30.431566617915006,10.722739402990404,1.0031133436786449e-05,1.615907094915423e-08,checkpoints/modular-addition-training-s0-5f1bc9dee7ab/step_00003900.pt,9dfa511efb06415033ec5553ecd07182d25dc855fafbe104a66b55937e3c4f84
3950,2.3149909793573897e-06,13.363611221313477,1.0,0.20136480033397675,58.7288872718742,25.11160740941744,2.2429158152792112,42.00480170496957,30.546673000990143,10.768291621707373,6.470502875062954e-06,5.884847493800307e-09,checkpoints/modular-addition-training-s0-5f1bc9dee7ab/step_00003950.pt,1a9662b2d00b0999465acc607bd59e93065b6c0d66b0feb63a993c0a3f4f7ffe
4000,1.517224291092134e-06,13.238143920898438,1.0,0.21009060740470886,58.37010506894985,25.02537833840849,2.269690321191273,41.494823926703766,30.601904653760293,10.832872632855382,4.278053886717365e-06,2.143167925852672e-09,checkpoints/modular-addition-training-s0-5f1bc9dee7ab/step_00004000.pt,8d50be70e259233f922a0aecb5d0c47948f410c75cae1415b1e47b6a057fb47e
4050,1.0391742080173572e-06,13.043188095092773,1.0,0.21635529398918152,57.92602163464411,24.89480118481226,2.3002658778603893,40.92871895597746,30.59263167080749,10.923025467057963,2.9784693247068575e-06,7.805285073212676e-10,checkpoints/modular-addition-training-s0-5f1bc9dee7ab/step_00004050.pt,ccf14b3ebbf456f098d0df634ad7eb1984ec1250cf03dc81911bbd7f53ba3eb2
4100,7.481858688151988e-07,12.787137985229492,1.0,0.22407427430152893,57.40827591328858,24.721613301957277,2.33618937546225,40.31336032465277,30.525840316834373,11.049898215484916,2.4467202739214282e-06,2.843355340375751e-10,checkpoints/modular-addition-training-s0-5f1bc9dee7ab/step_00004100.pt,b5cc41be26a6c4fb648e948b4b965db4666f6ad7ef19dad3a65484556989ace4
4150,5.647656280416413e-07,12.532094955444336,1.0,0.23190513253211975,56.8757610245646,24.528245399891926,2.382955437597865,39.68238833767205,30.44145239486495,11.232316102115636,2.93712995179593e-06,1.0383358559540548e-10,checkpoints/modular-addition-training-s0-5f1bc9dee7ab/step_00004150.pt,4c4119fa2d6e6e3e5bf6f649de02149f4626d800779b0a650354ad2870e58258
4200,4.4502723994810367e-07,12.414478302001953,1.0,0.23850542306900024,56.494498265490286,24.38499480244628,2.456139301067678,39.13462317616135,30.4521967949622,11.49402982894393,3.5141761922538467e-06,3.8381025876107846e-11,checkpoints/modular-addition-training-s0-5f1bc9dee7ab/step_00004200.pt,20483bf4213107ebd621e06ef04a2442f7a17f5fed210c9b3d0d4552b640f0a2
4250,0.0012102251639589667,10.757725715637207,1.0,0.23358318209648132,54.452932978087865,23.77333580782759,2.359627442196652,37.124284992064496,29.806121608096202,11.3033247909533,0.0669911576270612,0.5075621841610559,checkpoints/modular-addition-training-s0-5f1bc9dee7ab/step_00004250.pt,b8ce26fc94a3af12da2806371ee1a2e44ad0c1a8714944b5c1920f78f6644918
4300,0.0006282343529164791,7.704112529754639,1.0,0.2561807930469513,51.932718212795145,22.670234597485365,2.241958564143374,35.41638176011977,28.41666016469972,10.780289150419394,0.003382533377349522,0.18484015944688612,checkpoints/modular-addition-training-s0-5f1bc9dee7ab/step_00004300.pt,55b61c74bf51c5e6a92b10395c655aeff9a2328524055f4d16be48972477c4c1
4350,0.002058031503111124,6.0807366371154785,1.0,0.2646828591823578,50.286184663304454,21.76556369994312,2.178789441080051,34.72606473111388,27.16159154203859,10.322880149505695,0.003966362618660696,0.06731324822923254,checkpoints/modular-addition-training-s0-5f1bc9dee7ab/step_00004350.pt,d3e78462ab8a7db5be03098b441518b3322f618a16e5f06c577a2d1197766a8b
4400,0.003271512920036912,5.422016620635986,1.0,0.27072378993034363,50.04670451610004,21.392119553712746,2.1712046842501036,35.320863294148275,26.32967871218719,10.075731199752452,0.005018439326554961,0.024513469112730613,checkpoints/modular-addition-training-s0-5f1bc9dee7ab/step_00004400.pt,159e4b786e62c308f88f5e35d5a0d3ea4186f0287d00a3a342848815d51ebcb5
4450,0.0025119937490671873,5.254343509674072,1.0,0.28224632143974304,50.582801828193,21.49797033306896,2.170988923141359,36.27503533556215,25.985490477147486,10.030952871493497,0.004149578667062518,0.00892707231021138,checkpoints/modular-addition-training-s0-5f1bc9dee7ab/step_00004450.pt,eaa01ba2a3f69bfd212461074d9e563e38c7d72f256be7e46420e34919e89ea6
4500,0.0015723303658887744,5.149118423461914,1.0,0.29869112372398376,51.15576525126157,21.69766476339296,2.1633002171039917,37.04779979152564,25.850199107919035,10.033520375035321,0.002759218101036395,0.0032509730963659984,checkpoints/modular-addition-training-s0-5f1bc9dee7ab/step_00004500.pt,dabd9c809501211526c6a24ffcd42c4f0f909adec2320696e8c13b021e8c8cee
4550,0.0009490136289969087,5.0081329345703125,1.0,0.3189394772052765,51.65715541956215,21.88075578974062,2.1527680394205353,37.667197722259786,25.796392131784803,10.039332179699983,0.001766363225376463,0.0011839076163386766,checkpoints/modular-addition-training-s0-5f1bc9dee7ab/step_00004550.pt,7e94c1abea39b7043771c027c1c77d4b56f51a2fba4502b7bc9d71f29afadef3
4600,0.0005627181380987167,4.809595584869385,1.0,0.3417608141899109,52.08533375239064,22.033305031314796,2.141470387363232,38.16852279433308,25.789882236519748,10.043675024607658,0.001115487087717643,0.00043114423772921425,checkpoints/modular-addition-training-s0-5f1bc9dee7ab/step_00004600.pt,405acfb8d63c5b6423aa4543d7d269ec10cb55b8ba26a38f5b142b22d78cbad5
4650,0.00032948431908153,4.541505813598633,1.0,0.37017562985420227,52.42024324678513,22.147132225608093,2.1285205622623224,38.547256023656246,25.808636358221186,10.04386274425234,0.0006972560774978653,0.00015701013904224223,checkpoints/modular-addition-training-s0-5f1bc9dee7ab/step_00004650.pt,1f9bb84a66f24fcab0755219e19aaa94eb30502430050646227f909783fcb748
4700,0.00019185009296052158,4.201142311096191,1.0,0.40340083837509155,52.64818186961158,22.220996738729934,2.112793676793984,38.7959132677592,25.839652121138112,10.039121125448112,0.00043337169919054595,5.717858122006185e-05,checkpoints/modular-addition-training-s0-5f1bc9dee7ab/step_00004700.pt,7128cc5f181078c7bb2594277a70efdcde6ed947a4bd9e78b4a53a134085bcc2
4750,0.00011099629773525521,3.7968785762786865,1.0,0.4411008059978485,52.77703846714545,22.253915672856277,2.0959303585393605,38.933974077194144,25.872244612166988,10.0278972773297,0.000267684203095205,2.0822826409536233e-05,checkpoints/modular-addition-training-s0-5f1bc9dee7ab/step_00004750.pt,8b40f2c1af6a801f0c1be7ea6d9999b16ca8693cec8a26e913f40006e850761b
4800,6.418759585358202e-05,3.340188503265381,1.0,0.4815974831581116,52.79889142964211,22.248070003614156,2.077435807982463,38.95525636194263,25.898484753937268,10.009348979955625,0.00016509691802831734,7.583100565978226e-06,checkpoints/modular-addition-training-s0-5f1bc9dee7ab/step_00004800.pt,3fd2e28f03a936de7d86830d158be6b73313f33251f15e85d539f40d30d27975
4850,3.6972644011257216e-05,2.8562750816345215,1.0,0.5363016128540039,52.713671011726795,22.207067982694227,2.057484544826694,38.861620002926905,25.91257524031722,9.982832045836096,0.00010171379105639637,2.7615645701217055e-06,checkpoints/modular-addition-training-s0-5f1bc9dee7ab/step_00004850.pt,391ea31b9c200191a606cd6b926e40da0691bcdf35879394ea3cac29a423ac48
4900,2.12390223168768e-05,2.35267972946167,1.0,0.5927956104278564,52.51832984850644,22.128057548772496,2.0367257285794653,38.656119688447255,25.906247197276013,9.947188260375228,6.226463667819013e-05,1.005691512177358e-06,checkpoints/modular-addition-training-s0-5f1bc9dee7ab/step_00004900.pt,1237af8c5604c96e1f651487470f55fe0277efb7d432f3a36fa2aed0613ef1af
4950,1.2226582839502953e-05,1.8570713996887207,1.0,0.6521982550621033,52.220956567632385,22.012773890130397,2.016642164012999,38.35109297474049,25.87527473442121,9.902679937466448,3.811818291290629e-05,3.6624827204484374e-07,checkpoints/modular-addition-training-s0-5f1bc9dee7ab/step_00004950.pt,2088215b7660ec2aa8a16b9bc4e6edaf5c697800c3d0687338b5b462bb5a72d6
5000,7.077181635395391e-06,1.4025355577468872,1.0,0.7175299525260925,51.82280544073642,21.8640819072399,1.9968398040182191,37.95010896816021,25.814161347097393,9.848655753441813,2.3372531546485737e-05,1.3337909933453472e-07,checkpoints/modular-addition-training-s0-5f1bc9dee7ab/step_00005000.pt,206c621af6b7f26e296841eb278df071357c9136a07cbb9393a13ea848f4fc67
5050,4.1550629248376936e-06,1.0170801877975464,1.0,0.7746951580047607,51.33796055121413,21.684434791745627,1.9789469402835422,37.471712493176625,25.720402074677935,9.787079762304284,1.442765810842464e-05,4.857376694063553e-08,checkpoints/modular-addition-training-s0-5f1bc9dee7ab/step_00005050.pt,d7285fb450877bf6751936a2937273c2b225741c08ebf4ab2efc220d5d1fecd1
5100,2.4944552023953293e-06,0.7153134346008301,1.0,0.828839898109436,50.7816405635789,21.47766419924635,1.9635901708872734,36.93177810460975,25.595571318420426,9.723156248320283,9.00077384629111e-06,1.768958782581743e-08,checkpoints/modular-addition-training-s0-5f1bc9dee7ab/step_00005100.pt,ef38ba66423f9106c31f5b41dcf572f73ecc97aac6815f6acb8215479273376b
5150,1.5386996210509096e-06,0.49502190947532654,1.0,0.8736995458602905,50.161408665530125,21.24592722115705,1.950939813939732,36.33892582570076,25.437871389279277,9.662737639132516,5.6662238768114074e-06,6.442219619740501e-09,checkpoints/modular-addition-training-s0-5f1bc9dee7ab/step_00005150.pt,d81184bd4ebdac55657eb9fcc5e9e1fbe0e3c38a26ea64944647ed2c5d0fcbd9
5200,9.907741969072958e-07,0.33989351987838745,1.0,0.9092739820480347,49.485568164671584,20.990812880128015,1.9419818149404404,35.70228313807326,25.24644160951505,9.612497210842099,3.6554756289769526e-06,2.346148818939289e-09,checkpoints/modular-addition-training-s0-5f1bc9dee7ab/step_00005200.pt,785bdde56bb2a91436b40693c77b1fccd5cf431c655ec6700aa072e30df59dbd
5250,6.704972292936873e-07,0.2330034226179123,1.0,0.9354513883590698,48.76078811223284,20.7144777527845,1.9363792047804749,35.02645200283169,25.022886433249234,9.580089716322927,2.446091509957506e-06,8.544339499713904e-10,checkpoints/modular-addition-training-s0-5f1bc9dee7ab/step_00005250.pt,8f19ad2c09ba563818ab1e611e498a0a026864ae9ef33822aa8236c3974fc8dd
5300,4.778951279149624e-07,0.16158506274223328,1.0,0.9536861181259155,47.999187749022674,20.420814508435942,1.937684294786924,34.31891723752919,24.773111096558264,9.574060016154052,1.7656521706703923e-06,3.111808361736613e-10,checkpoints/modular-addition-training-s0-5f1bc9dee7ab/step_00005300.pt,7e4dda4c2b85a76c72497dc8a3c7de48618af8775bd64c60232fb30287a73827
5350,3.5445299317871104e-07,0.11402879655361176,1.0,0.968005359172821,47.21793784410639,20.115374974466636,1.944278566891901,33.588071099474845,24.509746845365886,9.604109231652899,1.445585953252537e-06,1.1334827012659579e-10,checkpoints/modular-addition-training-s0-5f1bc9dee7ab/step_00005350.pt,8e0dae4c1d75cc7708ccaab774de5ca1b456d89f377c717d3124745e0a72184c
5400,2.7430581894805073e-07,0.08322612941265106,1.0,0.9762837290763855,46.45117147220693,19.81021759559694,1.9595118822099769,32.85335211282702,24.25547113172231,9.68278360120375,1.4625003862897193e-06,4.13275701602579e-11,checkpoints/modular-addition-training-s0-5f1bc9dee7ab/step_00005400.pt,90680dfd307b8ccd33015e95e165b3f1e7eb55755eeaedaeb96b45acc1e8c195
5450,2.151369642433565e-07,0.06413079053163528,1.0,0.9806466102600098,45.7934578621103,19.542672518166164,1.9940921004361827,32.168557030802866,24.07307210840805,9.839688426516998,1.7266171811791192e-06,1.51470893160769e-11,checkpoints/modular-addition-training-s0-5f1bc9dee7ab/step_00005450.pt,5d69ba6ba77582b6f5c9b24a2df24937bad43351662d5be127916dd5f1fc9ff4
5500,1.7402064145244367e-07,0.05457695946097374,1.0,0.9834433197975159,45.41848326088603,19.37824099046664,2.0829136055602464,31.62787392427234,24.081062778559094,10.137251857973354,2.0235554047295952e-06,5.651042543112845e-12,checkpoints/modular-addition-training-s0-5f1bc9dee7ab/step_00005500.pt,8e03576a7cc84ac4349f016dd9f9c70b8eab2f862e4050fbd312c25df00a2d55
5550,5.133099989507173e-07,0.06815390288829803,1.0,0.9800872802734375,45.754331278528056,19.490646144859,2.320790172031198,31.4982216678645,24.620289619967675,10.482883542688567,2.885587780094128e-06,2.4446774725231096e-12,checkpoints/modular-addition-training-s0-5f1bc9dee7ab/step_00005550.pt,974abb25e9817244d1ebe172ddf52e7140aa20ed7d721f89de6ed74fdc470fc8
5600,0.0001951532467501238,0.08673888444900513,1.0,0.9704664945602417,43.44223326633002,18.785912758336256,2.05465954105259,29.530085646692022,23.6212312735032,10.005346670429732,0.0282822624901896,0.22945115440337832,checkpoints/modular-addition-training-s0-5f1bc9dee7ab/step_00005600.pt,a75e7ccd0830a1cc38f8e9c43c862c1d93f83ad15b3924c24a25ec16528d2e1f
5650,0.00028901424957439303,0.04502689093351364,1.0,0.9861282110214233,41.38184862727223,17.890778090989727,1.953733002309304,28.14797830879891,22.487278371448372,9.517037934015903,0.007904228329859809,0.08356004924559413,checkpoints/modular-addition-training-s0-5f1bc9dee7ab/step_00005650.pt,abbb7a193c058d9fd94a2c59911fd04c9d1e9851baab2fc259645ea68d71b8b1
5700,0.0011642270255833864,0.041343800723552704,1.0,0.9908267259597778,39.675454040024746,17.100513970735484,1.8767914306071996,27.1229627542041,21.458508792694893,9.059195382189806,0.005907311773082844,0.030430757125001505,checkpoints/modular-addition-training-s0-5f1bc9dee7ab/step_00005700.pt,6b632e98cc2eb6e870f6d5ebad34784740a44b7db171aae56a1f0b36a543229b
5750,0.0022550320718437433,0.04309473931789398,1.0,0.9929522275924683,39.002391628646,16.642667056563944,1.850925323443718,27.118057489566286,20.746208693215436,8.659563747429873,0.004731081249887716,0.011082109624774086,checkpoints/modular-addition-training-s0-5f1bc9dee7ab/step_00005750.pt,1e2ceb43bc188c2742a88df3975a74f09b968d57e279c33d2a84d5a4c2acf839
5800,0.0018843695288524032,0.03703931346535683,1.0,0.9936234354972839,39.194693478137225,16.591446665262485,1.8339903028858326,27.73030758242148,20.475887390852765,8.327811892040922,0.004216975571124069,0.0040358055635057975,checkpoints/modular-addition-training-s0-5f1bc9dee7ab/step_00005800.pt,6ad8988a215f641cfee78568bdab46f3a1114beab38d6df938b5b295bcc2ba71
5850,0.0011840634979307652,0.02827116660773754,1.0,0.9946302771568298,39.52652266448307,16.67311914182732,1.801979293866047,28.273479132896963,20.426039212454505,8.030769730587108,0.0028434453939568368,0.0014697376373551162,checkpoints/modular-addition-training-s0-5f1bc9dee7ab/step_00005850.pt,36840dedbf7ba152814929fe1789507c8010faec115d03dd5836bc45511ba704
5900,0.0007159754168242216,0.021360142156481743,1.0,0.9958608150482178,39.854361949818355,16.768234213181564,1.768526016903875,28.72300816504214,20.46843658846212,7.752464711404899,0.0018393838195446554,0.0005352432248673142,checkpoints/modular-addition-training-s0-5f1bc9dee7ab/step_00005900.pt,01871320a81e22164547aa5df118021d243882c00d8764053f2a36d975387ada
5950,0.00042547256452962756,0.016249578446149826,1.0,0.9968676567077637,40.17576928031662,16.860285410852473,1.7373314591243774,29.107796149431184,20.5774720679757,7.490576689801937,0.0011751518580277473,0.00019492366506102977,checkpoints/modular-addition-training-s0-5f1bc9dee7ab/step_00005950.pt,1e43a5aee44da18913a272dcb9473f762c3703a5c7816dfb5c272e55d5a447a6
6000,0.0002507194585632533,0.012535540387034416,1.0,0.9975388646125793,40.48429897306387,16.942154071018653,1.7092260069759966,29.435832079381616,20.738302773169934,7.243963908948176,0.0007446613272309413,7.098722672278359e-05,checkpoints/modular-addition-training-s0-5f1bc9dee7ab/step_00006000.pt,37b6ca08a95b5a47b07f383812e45c1b87de0d12c5148f34ae54dc3e8ee18bdd
6050,0.00014719160390086472,0.009720660746097565,1.0,0.9985457062721252,40.77366286742498,17.01121696531802,1.6841848840247426,29.708612841026003,20.94048815782251,7.011981248965927,0.0004702126041930746,2.5852256232932447e-05,checkpoints/modular-addition-training-s0-5f1bc9dee7ab/step_00006050.pt,3188033a430c4b0cbf35f6126e5806b10e0c7a2f69791020d68f26bb41510eb6
6100,8.638364670332521e-05,0.007602964993566275,1.0,0.9991050362586975,41.04133525964376,17.06770126043415,1.662130811477443,29.92922429385273,21.175627103282324,6.793853449669072,0.00029590781654400297,9.414979840177532e-06,checkpoints/modular-addition-training-s0-5f1bc9dee7ab/step_00006100.pt,f5ccb8e6f1694621992720fac054f7466a367e5116cb50ea3778e9afce9b1de1
6150,5.0770559028023854e-05,0.005964616313576698,1.0,0.9992169141769409,41.28696004199595,17.113093998399346,1.6431950354388951,30.101537450944882,21.436752750049635,6.5892388034908205,0.00018609684941058577,3.4288097503059505e-06,checkpoints/modular-addition-training-s0-5f1bc9dee7ab/step_00006150.pt,66ea88760d9add97ff7837203cbb466ccf2ec280efb15b5f208cc24b3af07535
6200,2.98553077300312e-05,0.004662953782826662,1.0,0.9993287920951843,41.505873551603095,17.148479924747782,1.6273716163617924,30.224522338030297,21.715536773822624,6.397855049711005,0.00011683470835539984,1.248736021491376e-06,checkpoints/modular-addition-training-s0-5f1bc9dee7ab/step_00006200.pt,af77dc6c8ea26a24f287447b474768c509d221533b0dd16b25e965b971980855
6250,1.7633094103075564e-05,0.003658855799585581,1.0,0.9994406700134277,41.69403592042942,17.17475672089758,1.6148340135383512,30.29813171297463,22.003548184930608,6.219305105672144,7.341336592711029e-05,4.54780168134471e-07,checkpoints/modular-addition-training-s0-5f1bc9dee7ab/step_00006250.pt,68841b6d28169e679c2883ae923f4fb7d07f1ece6b4152a250ce3f6bdeb459fc
6300,1.0459806617291179e-05,0.0028666146099567413,1.0,0.9994406700134277,41.84544235770678,17.19345199429418,1.6053292313573402,30.31836003786789,22.293552231126586,6.053407819010564,4.611400591931464e-05,1.656289445856238e-07,checkpoints/modular-addition-training-s0-5f1bc9dee7ab/step_00006300.pt,99022e920ab8c24b49bd766213502c6aa01528b43b7b14c363701f7f63db5e4e
6350,6.25123630015878e-06,0.002227693097665906,1.0,0.9995525479316711,41.953863253404606,17.20480348708514,1.5993995553425613,30.283036116145375,22.576233953325264,5.900396935078573,2.9010829497664226e-05,6.032191160053853e-08,checkpoints/modular-addition-training-s0-5f1bc9dee7ab/step_00006350.pt,290e98e210c5c79955f049a160c1a7b89186b347e6b7e5c924427f26a3b5a49d
6400,3.7769825667055557e-06,0.00170946738217026,1.0,0.9996643662452698,42.01657889033335,17.21002141534311,1.5974393706476273,30.195011256172922,22.84147071201903,5.760621749404257,1.835091974220423e-05,2.1969424481226876e-08,checkpoints/modular-addition-training-s0-5f1bc9dee7ab/step_00006400.pt,db7b516a30b9e420f097d98a42af3bce583dfceaf49e63702731c4de7e694ef8
6450,2.3223317384690745e-06,0.0013164347037672997,1.0,1.0,42.03086259504282,17.209744139269606,1.5997548276319329,30.05776770230885,23.078913503824797,5.635002561909388,1.167689955344077e-05,8.00142531035972e-09,checkpoints/modular-addition-training-s0-5f1bc9dee7ab/step_00006450.pt,3b89b95d7bb6ce9a4804d459586b290518c594add683ef9b71559956ea582990
6500,1.4601704378947034e-06,0.0010414773132652044,1.0,1.0,41.99375533723929,17.203938635256762,1.60673506012796,29.875846332333644,23.277106700628902,5.525259702413337,7.541493629290042e-06,2.9142221949539755e-09,checkpoints/modular-addition-training-s0-5f1bc9dee7ab/step_00006500.pt,02d9770ef6d4faa0a5e5360a34cda39b9844772303f8236ee52c6e7f78572488
6550,9.480392577643215e-07,0.0008391019073314965,1.0,1.0,41.903572574268175,17.192555258086934,1.6191593965278073,29.653668575383985,23.427131387279502,5.434447167619842,4.962865512878153e-06,1.0614150731089383e-09,checkpoints/modular-addition-training-s0-5f1bc9dee7ab/step_00006550.pt,3cea208a8530421775ea25625e2d4a8cca784c7de9edda35fc98cb8617899a40
6600,6.421732905437239e-07,0.0006798765389248729,1.0,1.0,41.7617704315417,17.17561273643233,1.6383967668318737,29.395323747283506,23.525923915799936,5.367056776270605,3.4037328966194716e-06,3.865978469345005e-10,checkpoints/modular-addition-training-s0-5f1bc9dee7ab/step_00006600.pt,c7dfea3303086f334bf8ebb2779f259fc746691dc35d15a4b35c8ecc7c436871
6650,4.501625880948268e-07,0.0005441042594611645,1.0,1.0,41.56976688765952,17.15093383150652,1.665530513379961,29.10213772486142,23.574754463715294,5.330434103276429,2.4752019398842973e-06,1.4081838541076616e-10,checkpoints/modular-addition-training-s0-5f1bc9dee7ab/step_00006650.pt,f102d26a2ab32451a4305e3ed6f7862fec7195ba751edbad64fa9457e149d23c
6700,3.2871250255084306e-07,0.00044912518933415413,1.0,1.0,41.34483063393006,17.121253772620946,1.703612669276484,28.7830754958686,23.588457175854266,5.336164009564634,1.9723755465442136e-06,5.130177149208295e-11,checkpoints/modular-addition-training-s0-5f1bc9dee7ab/step_00006700.pt,26fb4f68872dd4f87489cfd83b4e1cab5533cbf47909915ef7e436e78e211672
6750,2.4476807425344305e-07,0.0004033440491184592,1.0,1.0,41.13050867183477,17.098084744763785,1.7592086413428356,28.460880428779795,23.60141894698295,5.406545618846551,1.8046926216305875e-06,1.870118960947447e-11,checkpoints/modular-addition-training-s0-5f1bc9dee7ab/step_00006750.pt,a0beef7652fe40ad889ffb4ce498a51174e6263bcc821cb9dddee1fbb69dd8f6
6800,1.9222885327963013e-07,0.00043163340887986124,1.0,1.0,41.04312142012066,17.12152366296674,1.852332345690967,28.198971958344803,23.69703363900619,5.588263187309377,1.9231997750667616e-06,6.834056471828907e-12,checkpoints/modular-addition-training-s0-5f1bc9dee7ab/step_00006800.pt,cf9c264f8b42128bb8bf2cdbca265b1ddaeae7c891381163a8838470fbd51837
6850,0.010853814892470837,0.03727500140666962,0.9960835576057434,0.9884774684906006,40.99918565990218,17.22849494897356,1.9197322293770025,27.835780148318662,23.905219407368655,5.8426572170414195,1.142124033786358,0.2360307146357101,checkpoints/modular-addition-training-s0-5f1bc9dee7ab/step_00006850.pt,b35f219f7cc75c9f685d68c6917a9e647e037618ec03a9c020f27764f75f1717
6900,6.789436883991584e-05,0.0027431268244981766,1.0,0.9995525479316711,39.30680763811004,16.564021703332088,1.734760503743611,26.596016857118904,22.986126898666217,5.6514401031808426,0.008151386638004554,0.10924449525582633,checkpoints/modular-addition-training-s0-5f1bc9dee7ab/step_00006900.pt,d24ca4a3e018d4601e1484acc993f9548b68f1df7518e0277c5ffeb9d2d08571
6950,0.00023240492737386376,0.002413718495517969,1.0,0.9995525479316711,37.51999619406024,15.795812518122267,1.657988759440807,25.421551861560093,21.91070266911646,5.399935561076485,0.0048171985572662765,0.039784127773525385,checkpoints/modular-addition-training-s0-5f1bc9dee7ab/step_00006950.pt,33f0821d081da57d9004c9beac2fa6e9a5e17594a6d36e31e858a6a4bb862200
7000,0.00063609384233132,0.003284401958808303,1.0,1.0,36.443220228411455,15.249385435845298,1.6310756475663792,24.910901336629795,21.08683202494434,5.262760342816399,0.003503838260461868,0.014488724170584825,checkpoints/modular-addition-training-s0-5f1bc9dee7ab/step_00007000.pt,98fc59c1522b1519d16fb3c05ed4f5532d26d84166214df9439b176538536f8a
7050,0.0006524568889290094,0.003516694065183401,1.0,0.9996643662452698,36.38308509714959,15.10045774368375,1.6392849574799118,25.175505873093048,20.767985445283923,5.282280428391029,0.0021887692337393422,0.005276414986391946,checkpoints/modular-addition-training-s0-5f1bc9dee7ab/step_00007050.pt,b44a1d03801aba0d8e07944c721efc32ede91a65636afc73af674fc349f8bf2d
7100,0.0004338138969615102,0.00305672618560493,1.0,0.9994406700134277,36.68775977860743,15.147829725473116,1.6306770631142826,25.565743283764824,20.78214388163385,5.326455719182648,0.0016211015860676564,0.0019215199587438456,checkpoints/modular-addition-training-s0-5f1bc9dee7ab/step_00007100.pt,f98b0da21cb3331bfe4ccf73a84cac7d39f95b35b122441c6041f4ea96b30a73
7150,0.0002671465917956084,0.0025434314738959074,1.0,0.9995525479316711,37.040113136899976,15.22718258710396,1.6141411404927855,25.91073786782006,20.917744445855565,5.345939625071639,0.0010988037251738786,0.0006997653778200718,checkpoints/modular-addition-training-s0-5f1bc9dee7ab/step_00007150.pt,3e7ab57046223c549c8d0a10a686f2f3d946aa1e152a39131db9dd1af17ca35b
7200,0.0001609476312296465,0.0020992096979171038,1.0,0.9995525479316711,37.40139292878324,15.309490229689748,1.5972723724582532,26.21922326393004,21.11603449527528,5.3476949725079574,0.0007294002908636737,0.0002548370427016066,checkpoints/modular-addition-training-s0-5f1bc9dee7ab/step_00007200.pt,d602d5ffaa0a6932e4cd50277d6acee9e9f05edd6f472b5264e5d255c1c16ac6
7250,9.594354196451604e-05,0.001723032328300178,1.0,0.9995525479316711,37.757262979616435,15.387918021550828,1.581813290325179,26.491313481119125,21.354845451755644,5.338692645695477,0.0004783637394686041,9.280595992804088e-05,checkpoints/modular-addition-training-s0-5f1bc9dee7ab/step_00007250.pt,5da21f6dbcc3a2c4a3e4951ce5b592dd8d164eb91609cd9fa3e46c0c55f7c6e2
7300,5.68419236515183e-05,0.001419865875504911,1.0,0.9995525479316711,38.09844107630864,15.459359692340513,1.5680302383717977,26.72499904889755,21.621134223252962,5.323689721974274,0.0003099597948687419,3.379814208672487e-05,checkpoints/modular-addition-training-s0-5f1bc9dee7ab/step_00007300.pt,92eae1bae4a56746f24d095a7ac34038f82914c542b4c60c10d715c667c8ac4e
7350,3.357575405971147e-05,0.001169636263512075,1.0,0.9996643662452698,38.4177919682899,15.522373457257002,1.556020241106988,26.917768502639955,21.9052980584533,5.305951261566071,0.00019865521232613823,1.2308740685985195e-05,checkpoints/modular-addition-training-s0-5f1bc9dee7ab/step_00007350.pt,c6b618db8dad76369987d7847c69190b8e2c2527ea18aeb5487b9e84327a74a8
7400,1.9822791728074662e-05,0.0009707373683340847,1.0,0.9996643662452698,38.709723320316286,15.576493323617465,1.5461021732150875,27.067731840687546,22.199203198878735,5.287567841667885,0.00012607347160731024,4.482684059640886e-06,checkpoints/modular-addition-training-s0-5f1bc9dee7ab/step_00007400.pt,fefdf11704965682ec3416f4077813ea4c80f9925beba10bea0611eef8d25a1f
7450,1.1731078302545939e-05,0.0008146735490299761,1.0,0.9998881220817566,38.968152297966334,15.621784739922395,1.5383588224145825,27.17192103213782,22.4949722898386,5.270020521135183,7.941304472554942e-05,1.6325481715729794e-06,checkpoints/modular-addition-training-s0-5f1bc9dee7ab/step_00007450.pt,84de0fcd12634ac90d2d51d11df7dbfeaea835a25a5ad8659ed15e8bf8e3cd4f
7500,6.97570158081362e-06,0.0006748310988768935,1.0,0.9998881220817566,39.18628314245397,15.658433428481764,1.5332204163729872,27.227301766706038,22.7835970703174,5.2544483329218625,4.9817991586168014e-05,5.945616029905382e-07,checkpoints/modular-addition-training-s0-5f1bc9dee7ab/step_00007500.pt,d344d0aed890e051af7e470d79c95135dcde2780bee753febfefa792bd9f23b7
7550,4.1863586375257e-06,0.0005478252423927188,1.0,0.9998881220817566,39.35748648480033,15.68665538259485,1.5310587681072323,27.23237416661118,23.054718609694216,5.2415829131149065,3.125741700722803e-05,2.1653622267169947e-07,checkpoints/modular-addition-training-s0-5f1bc9dee7ab/step_00007550.pt,0a4b7d982a307caef04c91f466ebd16dff85a6eef2e25eae7be5ea2d60175688
7600,2.5486378945061006e-06,0.00044517041533254087,1.0,1.0,39.47527442664911,15.706515920102882,1.53238126732399,27.187478372740653,23.29631951143786,5.232300958003618,1.965717890685234e-05,7.886186306891258e-08,checkpoints/modular-addition-training-s0-5f1bc9dee7ab/step_00007600.pt,b1581d17f7b3ddb25f2c609b0a6cf530c04a954b5b024f3ffe19006365de53ac
7650,1.5841711729080998e-06,0.0003579230688046664,1.0,1.0,39.53381081788383,15.718005324649326,1.537745262478344,27.094935812825874,23.49523390894589,5.2287936246341,1.2449752413976317e-05,2.87214535543173e-08,checkpoints/modular-addition-training-s0-5f1bc9dee7ab/step_00007650.pt,b9602fea368417202b04cec93e649dcd417db5c1aacc5fdbadc49272edf26a59
7700,1.0137127901543863e-06,0.0002874766942113638,1.0,1.0,39.52679322674807,15.720489346756509,1.54763055035421,26.956815218821284,23.63854206357319,5.233343055373726,8.000877850073306e-06,1.0460422404466813e-08,checkpoints/modular-addition-training-s0-5f1bc9dee7ab/step_00007700.pt,61ceeaaef5c7c2eb795580e09f1321472d5c2bd466eef21ba575eef99cfba348
7750,6.731114581270958e-07,0.0002198533620685339,1.0,1.0,39.448747765911364,15.712673215103901,1.5626947762298826,26.774465470082905,23.716010060474673,5.249042900662874,5.248484236475667e-06,3.809748443717502e-09,checkpoints/modular-addition-training-s0-5f1bc9dee7ab/step_00007750.pt,55a0b10ae2cc751cc14279c52d5d332e7cbce7ca98911f69003c83ec1d9cdddd
7800,4.6840182221785653e-07,0.00016597796638961881,1.0,1.0,39.29714340190221,15.692512430968495,1.5841108685684726,26.54796022523373,23.723473026631392,5.282401096447489,3.569546840532606e-06,1.3875538314368098e-09,checkpoints/modular-addition-training-s0-5f1bc9dee7ab/step_00007800.pt,bc9a8966356aac99c3cab5f17ccf9240c33850d93daa0220fb5747fb7dbf50ef
7850,3.376141819444456e-07,0.0001292608503717929,1.0,1.0,39.08253505886042,15.661373284173207,1.6130206627811012,26.28299441923582,23.669208600688115,5.341990864632002,2.596094753268482e-06,5.053853667435596e-10,checkpoints/modular-addition-training-s0-5f1bc9dee7ab/step_00007850.pt,99b57e4282ba22746f4a997bfe101d373514125d4004de70c0786811cb43d44f
7900,2.5475915776951297e-07,0.00010471668792888522,1.0,1.0,38.81161567400357,15.616672403812302,1.6508548872430133,25.981353964204057,23.56172633688063,5.435993985695403,2.134704805907113e-06,1.8410581365159052e-10,checkpoints/modular-addition-training-s0-5f1bc9dee7ab/step_00007900.pt,f39a2492229e28572a2ead55c3dc8bc0ecc95e9e5a5784b0e0e36e52fd3b95ed
7950,1.9907635362415022e-07,8.795702888164669e-05,1.0,1.0,38.53219947531812,15.571953968495274,1.7031979414984286,25.668473058860368,23.43750833368702,5.581796907426544,2.0452720332627304e-06,6.711612827653035e-11,checkpoints/modular-addition-training-s0-5f1bc9dee7ab/step_00007950.pt,8e808a527cb46cecc60add5aef89c0cfd761fb0d559e69af7b1ea4be8ad054e6
8000,1.5848918621941266e-07,8.147188782459125e-05,1.0,1.0,38.33214617732019,15.557075450018994,1.782639796200914,25.39337024641292,23.358612920994045,5.805598960884332,2.1919519475806345e-06,2.4536022022135496e-11,checkpoints/modular-addition-training-s0-5f1bc9dee7ab/step_00008000.pt,d947448b3a2cd0dd8490220c8c549c7137ca3f49cbc46f5ad5e074cc48297bfa
8050,1.4787552515826974e-07,9.449978097109124e-05,1.0,1.0,38.44059484558779,15.654638109819995,1.9278074250822956,25.28134039330356,23.483030569665285,6.188400394858376,2.561983220984193e-06,9.065155340118081e-12,checkpoints/modular-addition-training-s0-5f1bc9dee7ab/step_00008050.pt,d5a42e078d9f0e0c8364f32b02d73d4baa833b6af0700b47cc2d54bdcf2df964
8100,0.0005723912036046386,0.005982399918138981,1.0,0.9977626204490662,37.92101062604675,15.653020625335468,1.8732446539427192,24.572250081036174,23.36149026719741,6.318405267209949,0.09232081342552369,0.09073149992642407,checkpoints/modular-addition-training-s0-5f1bc9dee7ab/step_00008100.pt,10390724bb0ab0b9d1712e46fba66608bbe9be903745f40e30063899f174d136
8150,7.217328675324097e-05,0.0006492383545264602,1.0,1.0,36.2565645060934,14.96329382697601,1.7686512993115318,23.492791815245518,22.333582785492037,6.067123939944171,0.004467424023164944,0.03304341671503262,checkpoints/modular-addition-training-s0-5f1bc9dee7ab/step_00008150.pt,27a9216b0412e3990e1ce900d3194aca1ff7a6b44c7cbfb5d975572e1ad9a69b
8200,0.00026126764714717865,0.0008978489204309881,1.0,1.0,34.73069590555375,14.295724685411946,1.6959713812308215,22.594707581928873,21.320291075902826,5.822503980496877,0.004041269801723373,0.012033743514504251,checkpoints/modular-addition-training-s0-5f1bc9dee7ab/step_00008200.pt,25c78297c59f97ad46bc7eebe9b56a71969c3abe0f71ff46576d14dff2012e69
8250,0.0005622057360596955,0.0015820186818018556,1.0,1.0,34.02105779970597,13.880660901663193,1.6633027794964304,22.40947944664155,20.662795384670833,5.732117272829332,0.001797776879721674,0.004382396951085959,checkpoints/modular-addition-training-s0-5f1bc9dee7ab/step_00008250.pt,dcea2e3802b3d636e151442b4d07a0a1af22341fe8fba6abee0be7d6935f8fdf
8300,0.0005219890153966844,0.0016214888310059905,1.0,1.0,34.17363219260651,13.820619725971754,1.6425878158916445,22.752690170612922,20.57144045528354,5.767186531362999,0.0018703526477726153,0.0015959579887288454,checkpoints/modular-addition-training-s0-5f1bc9dee7ab/step_00008300.pt,03ad5a9c6a7668fc8732853a11cbd90211dd5fc39d3962001e75cfe5fcffcfc4
8350,0.00034110891283489764,0.001274679321795702,1.0,1.0,34.58119507885489,13.91171162979361,1.6127740655297025,23.126264743194536,20.76552464352195,5.804408473892735,0.0013834645634534166,0.000581214873497576,checkpoints/modular-addition-training-s0-5f1bc9dee7ab/step_00008350.pt,34db7fc99ec4b0d54895b4d11516015401c8b8f146d4e29a4f5b8059a3ab196b
8400,0.0002102928119711578,0.0009885110193863511,1.0,1.0,35.01076575651986,14.028597783604901,1.5821453702509392,23.458350765103827,21.03192934937704,5.81486941687416,0.0009492836227313415,0.00021166956366785276,checkpoints/modular-addition-training-s0-5f1bc9dee7ab/step_00008400.pt,ba853d047a39f1ea32711b582b0a7c45ea1851c44267911ac57cafbb26919d34
8450,0.00012701352534350008,0.0007884299266152084,1.0,1.0,35.435543719064945,14.148552904696045,1.5539088491731912,23.760074141711126,21.32615893901096,5.808218173043657,0.0006348913346554106,7.708816874626638e-05,checkpoints/modular-addition-training-s0-5f1bc9dee7ab/step_00008450.pt,235d260bba4931b691a64530708055dd2317971fba03338ec28005e2b9418b88
8500,7.587776053696871e-05,0.0006512979744002223,1.0,1.0,35.843997502696574,14.263951204866206,1.5286632043780688,24.032069520463764,21.631421493621836,5.791051764141495,0.0004163883822423666,2.8075348854301503e-05,checkpoints/modular-addition-training-s0-5f1bc9dee7ab/step_00008500.pt,e0060e9c5ec160c24b76030f6255babfbaa0cd8eb2516a30299a542978730e9f
8550,4.503577292780392e-05,0.0005581598379649222,1.0,1.0,36.229262226226,14.371418861311529,1.5064294042815611,24.27240019225204,21.9393106404057,5.767986594145785,0.0002687041888615987,1.0225174431262455e-05,checkpoints/modular-addition-training-s0-5f1bc9dee7ab/step_00008550.pt,4ab5ad66d4a76ef0a4aca2a3ebc3c40494078867b829237edda4a6ee20e227f3
8600,2.6628873456502333e-05,0.0004964278778061271,1.0,1.0,36.58562021244927,14.469186673355738,1.487051480028954,24.47757632010494,22.244502066848653,5.74189050124683,0.0001711013743836133,3.724121517298577e-06,checkpoints/modular-addition-training-s0-5f1bc9dee7ab/step_00008600.pt,f6bd6c800ea410c380fe551ec804f129c161f326850cfde56663968575e4c3df
8650,1.5740073649794795e-05,0.00046406706678681076,1.0,0.9997762441635132,36.90804930164135,14.556138102646203,1.4705340270119793,24.64376083601544,22.543073172189075,5.71448862760968,0.00010790669812486032,1.356387622587825e-06,checkpoints/modular-addition-training-s0-5f1bc9dee7ab/step_00008650.pt,8ca75a6621d2264fd5dc91d847b532a64b4df8cf683f502d8692aae324bd4ea2
8700,9.327890438726172e-06,0.00045143073657527566,1.0,0.9997762441635132,37.190993769439125,14.631889045051006,1.4569799229138063,24.766542423825534,22.83050232150533,5.686966691707628,6.75804077613023e-05,4.940260500639076e-07,checkpoints/modular-addition-training-s0-5f1bc9dee7ab/step_00008700.pt,a8801c1ace2ab2fe3fc22d1e98274886b375ccff088dc17a1323bc86ae8db57b
8750,5.5604696171940304e-06,0.00044639475527219474,1.0,0.9997762441635132,37.42922955392183,14.696999300553275,1.446731857887169,24.843267720867566,23.10028567356349,5.660499469140784,4.217799505099967e-05,1.7993732413592183e-07,checkpoints/modular-addition-training-s0-5f1bc9dee7ab/step_00008750.pt,df736fcbba54f5a13586569240da1a38d5f35dfbb997101fc9bb4d7b3a6d9660
8800,3.3493827231723117e-06,0.0004367207584436983,1.0,0.9997762441635132,37.616224931423446,14.752038798493473,1.4402589824002474,24.872721366900134,23.342439510005754,5.635745999339674,2.6337403199414352e-05,6.5538657291341e-08,checkpoints/modular-addition-training-s0-5f1bc9dee7ab/step_00008800.pt,25e14329bd6fe8c63f3c70aaaccfce6fbed947667e86bdc125050443f6601fe6
8850,2.051168394245906e-06,0.0004227370081935078,1.0,0.9997762441635132,37.746506201176224,14.797731109947591,1.4379103638558184,24.855595064533812,23.546394119669188,5.614714251657972,1.6496561983209727e-05,2.38714403513836e-08,checkpoints/modular-addition-training-s0-5f1bc9dee7ab/step_00008850.pt,28dacbd550092aacef56d1784a5819467c33019fdf1876a7f25b9f9a481f4b86
8900,1.2857758520112839e-06,0.0004035116289742291,1.0,0.9997762441635132,37.81527103158775,14.83472617273533,1.440246363730225,24.79497512982128,23.700464106507827,5.598975123345436,1.0448066442520852e-05,8.694915054694973e-09,checkpoints/modular-addition-training-s0-5f1bc9dee7ab/step_00008900.pt,ea40bbd5554cc0b0f10b28fef262e84aff6b64214393e9ce66e911240833f278
8950,8.302928335979232e-07,0.00038921338273212314,1.0,0.9997762441635132,37.81892488259683,14.862770390172702,1.4479841109864509,24.694987783819574,23.79415726466366,5.591791845222245,6.735736274622311e-06,3.1670845365940315e-09,checkpoints/modular-addition-training-s0-5f1bc9dee7ab/step_00008950.pt,c40ab4cf72b3e4a1d7c11c5cb6d92558b16681a511e916ffb198feb2ec50a80f
9000,5.586021529779828e-07,0.00035831902641803026,1.0,0.9997762441635132,37.752966374344375,14.879981325757964,1.4618959186422067,24.55683261715637,23.819260818844345,5.598238293191867,4.446087402627546e-06,1.153624866714174e-09,checkpoints/modular-addition-training-s0-5f1bc9dee7ab/step_00009000.pt,9e0a105fc73c3f581b1096c7a96b1e92221d1c359f60be66331bff334109109d
9050,3.913361013019312e-07,0.00032429196289740503,1.0,0.9997762441635132,37.62272938482895,14.88662914532801,1.4835955293830585,24.385260499991084,23.777853132437457,5.624033616413223,3.0962455250055815e-06,4.2023566027556534e-10,checkpoints/modular-addition-training-s0-5f1bc9dee7ab/step_00009050.pt,a84738dfd77f9c9bf52e35d4f5679fb962b4e0a0230f80c6b18751ad45715d34
9100,2.886232834953262e-07,0.00029731777613051236,1.0,0.9997762441635132,37.43426849163518,14.880876227071184,1.5142997869178176,24.182228213047225,23.676716462069777,5.676602205599367,2.327827398282515e-06,1.5310202344018388e-10,checkpoints/modular-addition-training-s0-5f1bc9dee7ab/step_00009100.pt,aaaf46d5158f2482c07f535238a5c508c3946868f87d75dd4a0cb8796d3257ee
9150,2.1912093473019922e-07,0.00025964787346310914,1.0,0.9997762441635132,37.20710640248446,14.865297095618937,1.5573305990502964,23.95697574994117,23.532410054996085,5.766751289096394,1.9501786337563427e-06,5.580091202612495e-11,checkpoints/modular-addition-training-s0-5f1bc9dee7ab/step_00009150.pt,c1ea8290164034a67f844d07ddf027c83d46def9cb2a2b32bbacc4dc68868f4a
9200,1.7184189005092776e-07,0.00021445349557325244,1.0,0.9998881220817566,36.99522118760567,14.856030772700027,1.6193568077926852,23.73732017463031,23.385711178757923,5.913591761384844,1.8416867019251726e-06,2.0364799999616453e-11,checkpoints/modular-addition-training-s0-5f1bc9dee7ab/step_00009200.pt,0b8e0b421894ee848743fedb89b3cb5e4ad39826a040c7a32e478e7883c800d9
9250,1.427398785835976e-07,0.0002251332625746727,1.0,1.0,36.90047017444394,14.888150162088582,1.7158481891319386,23.57874809761071,23.3070506268835,6.153663791863327,1.921245301612941e-06,7.464158308365097e-12,checkpoints/modular-addition-training-s0-5f1bc9dee7ab/step_00009250.pt,2ca87ce2546b7f7bbbf7a6acdde3a1296aa9a465b284ddaf7c4f7d1abfbcaef6
9300,1.5621706950241787e-07,0.0004868759715463966,1.0,0.9997762441635132,37.28000589174147,15.092468171887939,1.9019021151051259,23.6785517862681,23.536951800195766,6.613402858866831,2.266212315904978e-06,2.802415039289163e-12,checkpoints/modular-addition-training-s0-5f1bc9dee7ab/step_00009300.pt,6410cafe08241c408bd782b63e45a6920714361f6a3a9ca9acac39e3b75ed706
9350,0.00010991012095473707,0.002663549268618226,1.0,0.9993287920951843,36.36720477641149,14.87593354656362,1.7608850500536268,22.865679746720833,23.078271057560123,6.537091319719442,0.03214325764054544,0.09900015544458196,checkpoints/modular-addition-training-s0-5f1bc9dee7ab/step_00009350.pt,27fa1cee5f47c50008c49d6e31ab4bb863e3bccb5ad86dd69293d63781ecad11
9400,0.00010317841224605218,0.0006023980095051229,1.0,1.0,34.677952272339006,14.182470143581893,1.6737909292151265,21.815448416398226,21.996100511782572,6.234910666668286,0.0037149157676249524,0.036052978526262804,checkpoints/modular-addition-training-s0-5f1bc9dee7ab/step_00009400.pt,eb3b18cfe832da0df3aa6ee60b0052d7971892e1befac96455600d5ed48c7a5b
9450,0.0004550358571577817,0.0011433667968958616,1.0,1.0,33.24056025900664,13.567486003771025,1.6059077485282323,20.993259059597882,21.014230413355936,5.997034630910829,0.0039687905544168525,0.013129586063684393,checkpoints/modular-addition-training-s0-5f1bc9dee7ab/step_00009450.pt,578632bef2992389f7c77448f1cf25820625346dd830be920da077bc41f4a0f9
9500,0.0008838639478199184,0.0019028293900191784,1.0,1.0,32.73327654994798,13.27424629710329,1.5817951328401216,20.952839675465633,20.463646531716726,5.914168010475232,0.002919972176388377,0.004781458911982429,checkpoints/modular-addition-training-s0-5f1bc9dee7ab/step_00009500.pt,96f5b01937103126fd77d47ded35133b379a08c0b391201a390b3b048582e814
9550,0.0007269959896802902,0.0018569068051874638,1.0,1.0,33.028957910681804,13.344333147648513,1.5639329706938168,21.35779470246351,20.476707443236013,5.91134543948163,0.0027033880793181525,0.001741317424494147,checkpoints/modular-addition-training-s0-5f1bc9dee7ab/step_00009550.pt,6ee3f052d28b49a79cd777d071901bca1d8004c30ac3618727408f63082593de
9600,0.0004598753002937883,0.001569826970808208,1.0,0.9997762441635132,33.489464697508275,13.516376633341594,1.5363213735134562,21.746412413202624,20.707628604910372,5.897388386786197,0.0018830345089638262,0.0006341693518645053,checkpoints/modular-addition-training-s0-5f1bc9dee7ab/step_00009600.pt,bc78274949cb3606c5ebcc293ed6832d1721b1e255377000830983b2a9c4d5ae
9650,0.0002809300203807652,0.001328692422248423,1.0,0.9997762441635132,33.95465316549253,13.69374481150383,1.5080594615471103,22.090598423687887,20.99427087996977,5.862732535989843,0.001253460466741334,0.00023096289964979775,checkpoints/modular-addition-training-s0-5f1bc9dee7ab/step_00009650.pt,66c2c718150e967bd1494e4d0eb99cd522fd668dba31d7df5bba28a9fb2194cd
9700,0.00016890294500626624,0.001151812612079084,1.0,0.9997762441635132,34.4120236953175,13.863774211604856,1.4820012203424087,22.404484962785546,21.30714231760343,5.816489629436829,0.0008190853333810192,8.41181043295065e-05,checkpoints/modular-addition-training-s0-5f1bc9dee7ab/step_00009700.pt,6b64ff51092317c3b4b6c5d2f0113869233a2a81cc96eaa1837f7bec7a8aba67
9750,0.00010069485870189965,0.001005999743938446,1.0,0.9997762441635132,34.853947820128774,14.022249082814522,1.4586472994382298,22.68988968270831,21.632983357301505,5.764502980557044,0.0005271195169522724,3.06370226438521e-05,checkpoints/modular-addition-training-s0-5f1bc9dee7ab/step_00009750.pt,cec7f9c8a4c105ee4e0f0796646d92d4c2150cb1f2b4bd99bf08f79b0daba8e8
9800,5.974790474283509e-05,0.0008689339156262577,1.0,0.9997762441635132,35.27534049109053,14.167460065739549,1.4379462280980457,22.94613938889626,21.9642448513374,5.710662654104774,0.00033489208256165884,1.1158666059319278e-05,checkpoints/modular-addition-training-s0-5f1bc9dee7ab/step_00009800.pt,ce6c6eba8e1491ae62dba263cef1ae5e177337b9657a3279b0ed5781fb585149
9850,3.5372118873056024e-05,0.0007586038555018604,1.0,0.9997762441635132,35.67243134446961,14.298716270447107,1.4198066797169269,23.17195186397163,22.29596917885095,5.657174668055618,0.00021062794399722535,4.064293740771922e-06,checkpoints/modular-addition-training-s0-5f1bc9dee7ab/step_00009850.pt,97957eec0a938d4849c89fb38d098bfa3f6b26c595d94c7fb1245caa90582ff4
9900,2.0929601305397227e-05,0.0006477223359979689,1.0,0.9997762441635132,36.042051128117066,14.416375772212806,1.4041411561128647,23.365811789716243,22.62380600739826,5.606084897416221,0.000131421262788978,1.4803469297660885e-06,checkpoints/modular-addition-training-s0-5f1bc9dee7ab/step_00009900.pt,b5c42f65489e52837a3ace19115dc8da092f0b9d6b76b17f1fa572bbac752657
9950,1.2411671377776656e-05,0.0005280394107103348,1.0,0.9997762441635132,36.37976655513464,14.520863469463645,1.3909680363635566,23.52488754315006,22.943022863587633,5.558283421357889,8.159602042259236e-05,5.391955083187114e-07,checkpoints/modular-addition-training-s0-5f1bc9dee7ab/step_00009950.pt,15dd711f794913b2122185693cae03cf6ca7312a9a25d41988e9f4f74eb39846
10000,7.393113719444955e-06,0.0004128279397264123,1.0,0.9997762441635132,36.68050113596612,14.61284769491152,1.3804419384724735,23.646359626927527,23.24786509872174,5.514043038559333,5.057550209079944e-05,1.963960200694771e-07,checkpoints/modular-addition-training-s0-5f1bc9dee7ab/step_00010000.pt,6d64ecd3372c5654f5f47c3d43f5b17b2afc1c92de71ad2be3fd6fbda81758b8
10050,4.439279109647032e-06,0.0003104778879787773,1.0,0.9997762441635132,36.93867770579437,14.693331785475046,1.3727985188477587,23.728112137361638,23.530791429497484,5.474110431789536,3.139034493407329e-05,7.153563606106487e-08,checkpoints/modular-addition-training-s0-5f1bc9dee7ab/step_00010050.pt,7189393c4e318c390bac3dd0607b5ca3d3b0ba3b847706895a7f41754c8b9edf
10100,2.6975712899002247e-06,0.00021810157340951264,1.0,1.0,37.14797270927743,14.763119616338862,1.3685518006019957,23.769609136011276,23.78168501786913,5.439336430491224,1.9551322776557943e-05,2.6056475154670116e-08,checkpoints/modular-addition-training-s0-5f1bc9dee7ab/step_00010100.pt,46a1c3477d2b1f080c98a1b554792f3a85adb409b8385c165ef7c0066830c7d1
10150,1.6745894981795573e-06,0.0001530780573375523,1.0,1.0,37.30157351567544,14.822733190126243,1.368311963271924,23.77147487452913,23.988713996528226,5.411124926781604,1.2238362088270199e-05,9.491008494909506e-09,checkpoints/modular-addition-training-s0-5f1bc9dee7ab/step_00010150.pt,67758f57f342ace90b8a2c941b226f1d7a77935c63757ba03052d3f706caac06
10200,1.065878336703463e-06,9.532669355394319e-05,1.0,1.0,37.39297775895435,14.872213042072795,1.372746684891173,23.7355426588371,24.13972515292733,5.39122580529017,7.79450224474158e-06,3.4571182235099727e-09,checkpoints/modular-addition-training-s0-5f1bc9dee7ab/step_00010200.pt,32d86be420ac3f04cca2214254b8d8952c1a559467a6c020e6662dd257c11a8c
10250,7.001591484367964e-07,6.369958282448351e-05,1.0,1.0,37.417003823636364,14.910801623249371,1.382719507418165,23.66432757372185,24.2240480345405,5.383619057640506,5.069798882170148e-06,1.259288090643662e-09,checkpoints/modular-addition-training-s0-5f1bc9dee7ab/step_00010250.pt,5c37194eb0485866b4df60b7a0cc4a0cf6929af9bb897409d05b7c9ed89ac205
10300,4.811008693650365e-07,4.4592721678782254e-05,1.0,1.0,37.36930278148854,14.936492742668328,1.3992528276945166,23.558793722456368,24.234301604496842,5.393508184104753,3.4269851931255366e-06,4.58727489429414e-10,checkpoints/modular-addition-training-s0-5f1bc9dee7ab/step_00010300.pt,0c73b98db919629f7b22705945236bf7c8d7eef89cd030eed0d507b4a3d43415
10350,3.449286225531978e-07,3.556399678927846e-05,1.0,1.0,37.25760444554171,14.949470413101457,1.4242271043303771,23.424548906495414,24.175508059113977,5.426722690027937,2.494130379007963e-06,1.6712359958112277e-10,checkpoints/modular-addition-training-s0-5f1bc9dee7ab/step_00010350.pt,84afc8605776cd382f39315bd7a63bb1b159a262ebcc1cf238512b4d35b8bdd9
10400,2.5771609557523334e-07,2.8888529413961805e-05,1.0,1.0,37.0955716278112,14.950751195954503,1.460072812326187,23.268173013937687,24.05912693649537,5.493195436219893,2.01321191701626e-06,6.090855991349035e-11,checkpoints/modular-addition-training-s0-5f1bc9dee7ab/step_00010400.pt,bf63a10b9be9bd3eab9b06d56f8c79b6225341b825df331ff4e8573576ff09b9
10450,1.9752012292428844e-07,2.799133835651446e-05,1.0,1.0,36.92157957870339,14.950159348727853,1.5114504345179294,23.108813515762055,23.915116349829006,5.6090319562329025,1.8606083081411069e-06,2.2225497466533192e-11,checkpoints/modular-addition-training-s0-5f1bc9dee7ab/step_00010450.pt,2ecf7916c7ceb3e6e04ece8044a5c2422eee020bb2585e035c78ba776c568aab
10500,1.5786669393946795e-07,4.080055805388838e-05,1.0,1.0,36.83980667130379,14.984217271968808,1.5933343063898124,23.00326405063305,23.81624130076144,5.808818075504722,1.945491396438908e-06,8.145252887318452e-12,checkpoints/modular-addition-training-s0-5f1bc9dee7ab/step_00010500.pt,fb5814f852e8e25bfe73c5377a1f333a3cb210070969cd1c1103fa062884375a
10550,1.5011653431429295e-07,0.00014216435374692082,1.0,1.0,37.11768965413765,15.150223509554007,1.7467015191076618,23.10084230671758,23.940337567333287,6.1930580940984745,2.241678927047116e-06,3.0319391707807363e-12,checkpoints/modular-addition-training-s0-5f1bc9dee7ab/step_00010550.pt,ba65ba3d043b31518581ad7bed0ec4b71bcb9da96ef66233dc00ca8d60501e01
10600,0.00014117667160462588,0.0013933690497651696,1.0,0.9995525479316711,36.04662506013126,14.934286612618026,1.6253556722992206,22.098191959788203,23.37253938720867,6.251303483123931,0.03186676992075743,0.10117809383942694,checkpoints/modular-addition-training-s0-5f1bc9dee7ab/step_00010600.pt,7dd17dc790da2dcdcd80deaed71a99fdff51d7e7e60b45a979acb3b4e2e825eb
10650,0.0001261129364138469,0.00036829785676673055,1.0,1.0,34.41529837348474,14.244265928036237,1.5468018962964205,21.124467800002908,22.28523747393364,6.020473826702106,0.003655408761250658,0.03684629477855434,checkpoints/modular-addition-training-s0-5f1bc9dee7ab/step_00010650.pt,a7a715c9ce661ebaa1a7970f5c7177b9865912dfc74fccfb303cd8534014a689
10700,0.00045489546027965844,0.0009387548197992146,1.0,1.0,33.15775370453744,13.657655358287018,1.4942120948663633,20.507481734824545,21.33330611058907,5.916557643454164,0.0036538156116289614,0.013418565092462462,checkpoints/modular-addition-training-s0-5f1bc9dee7ab/step_00010700.pt,a92a3c5fb2a103924bf87da7e9ef03c16ab95c39e09eee80318a53d37132cb5c
10750,0.0006731445319019258,0.0013150059385225177,1.0,1.0,32.755216807537835,13.352880681459165,1.473359664312319,20.572887885835115,20.79981717860457,6.046313446107947,0.0026858875385403413,0.004886764546302615,checkpoints/modular-addition-training-s0-5f1bc9dee7ab/step_00010750.pt,3a2865e6776bfc0c687a1fa74fb47b1d335c30a450dc0c7f718aa98a20ef0acd
10800,0.000567495240829885,0.0012021389557048678,1.0,1.0,32.95532942904937,13.329126795838208,1.4518620036019625,20.89717922513689,20.747008452956756,6.256976430000386,0.0022784468782402496,0.0017796566251090998,checkpoints/modular-addition-training-s0-5f1bc9dee7ab/step_00010800.pt,b083e16d1fa0fe7be2a8e134d137b90665c8aa42c6789cfdf0a18bf5f432c278
10850,0.0003768393653444946,0.0009222285589203238,1.0,1.0,33.35636193197575,13.424789971794194,1.425307887210497,21.24459458502358,20.924160344960107,6.42161255084857,0.0017007363015440512,0.0006481248308262462,checkpoints/modular-addition-training-s0-5f1bc9dee7ab/step_00010850.pt,33a7fbc434f66624bab8e70c582bbe96a1ff13eeb6b6a3c9be97339be45fdefa
10900,0.000235354746109806,0.0006885889451950788,1.0,1.0,33.79929681107655,13.55054822520153,1.3994177776509718,21.58159307200986,21.176151978641492,6.528565344314612,0.0011829898383559033,0.00023604364094475752,checkpoints/modular-addition-training-s0-5f1bc9dee7ab/step_00010900.pt,de023b21ff769f7d776b30b1439f7918df529926e52447b7740232c05cfa79b8
10950,0.00014280210598371923,0.0005176578997634351,1.0,1.0,34.24487244145714,13.681278166534442,1.3758033509179894,21.900449276332715,21.45871189958236,6.598112344199788,0.0007868219308968618,8.59679609610188e-05,checkpoints/modular-addition-training-s0-5f1bc9dee7ab/step_00010950.pt,9e626a239650a51e7901ef4e9a398301ab3c3a238b54872ada2d7ee676955752
11000,8.54351237649098e-05,0.00039730718708597124,1.0,1.0,34.676200618361534,13.807233191832465,1.3545878448840065,22.194620656668466,21.753488114969475,6.644460957833727,0.0005085278181463263,3.131052473953691e-05,checkpoints/modular-addition-training-s0-5f1bc9dee7ab/step_00011000.pt,e8e8f725d1dff92a179d9eb022d4eeafb6846ab7872e364608787c6c7f27c400
11050,5.0776488933479413e-05,0.0003168196708429605,1.0,1.0,35.08572009424056,13.924893868537888,1.33569753919492,22.46024845237059,22.05197484208215,6.675975013966165,0.0003234595891342661,1.1403880221305245e-05,checkpoints/modular-addition-training-s0-5f1bc9dee7ab/step_00011050.pt,cbced45e729c052d1d14248015c3c008045cabfec0e0ab8fdc1736fa203aaa06
11100,3.009048305102624e-05,0.00025364672183059156,1.0,1.0,35.468404779675254,14.032891050920153,1.3191435345023867,22.69507696489883,22.34772433075294,6.697631334827851,0.00020382191462048013,4.153586082062745e-06,checkpoints/modular-addition-training-s0-5f1bc9dee7ab/step_00011100.pt,5a993b65812410a5d3ad33ad4ea25504a6d50480f6641ff2652e6dabc66a3709
11150,1.7827398551162332e-05,0.000206940938369371,1.0,1.0,35.818857732380756,14.130676839996887,1.3048369996424833,22.895073498935076,22.63542499720632,6.7130534315377375,0.0001277387150635161,1.512870823658073e-06,checkpoints/modular-addition-training-s0-5f1bc9dee7ab/step_00011150.pt,e4f01d5df49d7b457522a5b1041f751255cf969b50de3b113e9f3b04fde17fa7
11200,1.0582549293758348e-05,0.00015887292101979256,1.0,1.0,36.132530462528024,14.218474219972768,1.2930082413131974,23.058016366121798,22.90946836639442,6.723616482088664,7.9741210861467e-05,5.510467582622649e-07,checkpoints/modular-addition-training-s0-5f1bc9dee7ab/step_00011200.pt,27c26b861c203eeb78b172b48375149c3f7bc9257d989e224ef2e67808ad98d4
11250,6.317482075246517e-06,0.00012059708387823775,1.0,1.0,36.40277777390236,14.2962764342988,1.2838097816496188,23.17967756368593,23.16329576421504,6.730142613483452,4.9759459509799015e-05,2.0071639605567176e-07,checkpoints/modular-addition-training-s0-5f1bc9dee7ab/step_00011250.pt,34149fa8e1376f3702b2e3a1a2890a4995d4b74693e4dad64d097e35b31693cc
11300,3.7997160688973963e-06,8.697015437064692e-05,1.0,1.0,36.623308331905335,14.36433443772687,1.2776209390041828,23.257867360829348,23.388616750613,6.7338329642316435,3.10478686443361e-05,7.31114010629178e-08,checkpoints/modular-addition-training-s0-5f1bc9dee7ab/step_00011300.pt,99f9bae66b426a83633acdab54df2080f3a6387b6d1d87134dde4805d425a699
11350,2.319243321835529e-06,6.292031321208924e-05,1.0,1.0,36.786549962589305,14.422328172700915,1.274911779689619,23.291344333226508,23.575014103768936,6.734485677553897,1.9434717060091026e-05,2.6631485457234375e-08,checkpoints/modular-addition-training-s0-5f1bc9dee7ab/step_00011350.pt,48a289bdba552afdc7a324af2cfe9a06a0c542000379fb7effa7c616024fedc2
11400,1.4413060398510424e-06,4.3757943785749376e-05,1.0,1.0,36.886475068691254,14.470024395463717,1.27641659066269,23.282000366831767,23.711056632475028,6.733160473756377,1.226200337813267e-05,9.700958955944533e-09,checkpoints/modular-addition-training-s0-5f1bc9dee7ab/step_00011400.pt,56bdbb435a12e427682cc4881f02fb984f7dfd40a9264b34f5425c448d81b5d6
11450,9.230760156242468e-07,3.111306796199642e-05,1.0,1.0,36.91603264792373,14.506000841864944,1.282900988771027,23.231320689033613,23.784665026706897,6.731940262808279,7.811200400797043e-06,3.5338200732288915e-09,checkpoints/modular-addition-training-s0-5f1bc9dee7ab/step_00011450.pt,b9cca265935325382d54168f9d8599a6c6cabc4e4afb9ef754ff6372a8ed161f
11500,6.115457722444262e-07,2.1873049263376743e-05,1.0,1.0,36.87251724696363,14.529526885479758,1.2951603141371733,23.14197675009545,23.788405702854632,6.734879552513931,5.098105275441303e-06,1.2873256935207365e-09,checkpoints/modular-addition-training-s0-5f1bc9dee7ab/step_00011500.pt,3bd88d7b6a0767d9545d0ce7588d2b67e5d6495e48ba59a348478fdf51e6dace
11550,4.24141859411975e-07,1.5801026165718213e-05,1.0,1.0,36.75733809665078,14.539234687528193,1.3143979306399713,23.016987880137055,23.721025299690353,6.746565377247531,3.4465102704283168e-06,4.689805195008837e-10,checkpoints/modular-addition-training-s0-5f1bc9dee7ab/step_00011550.pt,c49306fd157dae10646d42b8ce2c37cd130736e463b7fe859f3c5466fd8ff151
11600,3.078896781971707e-07,1.1695586181303952e-05,1.0,1.0,36.57423789836686,14.532499927001796,1.3418593952415552,22.857831582870183,23.58593396943611,6.77524842348764,2.4702777165413853e-06,1.708688103425734e-10,checkpoints/modular-addition-training-s0-5f1bc9dee7ab/step_00011600.pt,582a63a7097633e44d604e610c7ceef507cbbc4a98bf1e85816d7e772d470c3c
11650,2.3238020219196187e-07,9.251974915969186e-06,1.0,1.0,36.34895169862505,14.51507825333675,1.380451404643461,22.677432334531698,23.404146965130877,6.828844291327558,1.941852978037049e-06,6.227028717562546e-11,checkpoints/modular-addition-training-s0-5f1bc9dee7ab/step_00011650.pt,c3173b486a945b37348d5227b1c3884952d3ce9df8fa8dd1edec7e73b3f3facf
11700,1.843852714955574e-07,8.476527909806464e-06,1.0,1.0,36.1061608982671,14.491267504884753,1.4325775271579282,22.4872187061843,23.196767600640307,6.916697932122242,1.694750150472245e-06,2.2710359967864246e-11,checkpoints/modular-addition-training-s0-5f1bc9dee7ab/step_00011700.pt,5cee3c14d73a91e452841d8c4fe2eef10739c7b036014fa9a072cc267bf02e16
11750,1.4958740734982712e-07,1.064921889337711e-05,1.0,1.0,35.92371287638103,14.487360755727515,1.5082618116080357,22.329519452473598,23.018639637534626,7.063247250708317,1.7160748883107384e-06,8.305216514438358e-12,checkpoints/modular-addition-training-s0-5f1bc9dee7ab/step_00011750.pt,4504d530bf4ad0d5e6bd2bedbb8866bf485137ef0df19945d932e1d7698a509f
11800,1.3772873330708535e-07,7.85857264418155e-05,1.0,1.0,36.01968385382731,14.58383158529729,1.642570988079919,22.32743609000509,23.012255508939187,7.345279831872104,1.9712608287828506e-06,3.0692021285875707e-12,checkpoints/modular-addition-training-s0-5f1bc9dee7ab/step_00011800.pt,982cadd840d53e79854dd28af39fd4b4387ef541cea24180544fb3b1831f208d
11850,0.005494105163961649,0.017741482704877853,0.9984334111213684,0.9938471913337708,36.58213148215701,14.929414143314018,1.7989918601371384,22.445793783356645,23.438525859468346,7.6779171897371095,0.8834734921763897,0.1527643796100093,checkpoints/modular-addition-training-s0-5f1bc9dee7ab/step_00011850.pt,4bee67fe82e6c7398658f7d0e4fc912cc6af493fbbb648e8d557697db89df2ca
11900,7.131851452868432e-05,0.0007203613640740514,1.0,0.9997762441635132,35.158298796886626,14.46489115213833,1.6341633335967523,21.341091938103208,22.663791223494815,7.423797593842625,0.007381649453397692,0.06289238557870101,checkpoints/modular-addition-training-s0-5f1bc9dee7ab/step_00011900.pt,adba0d3d9018340df25d1342f8f305b0547cb022d8a53603ff785d07cddac22d
11950,0.00019832687394227833,0.0007648307364434004,1.0,0.9998881220817566,33.5536686605967,13.79326257347848,1.5593253732937475,20.414640467191568,21.59155596248041,7.085919718623007,0.006104221710291956,0.022903943031786875,checkpoints/modular-addition-training-s0-5f1bc9dee7ab/step_00011950.pt,79582e6775551bf75a33cd2a488dd860eba33c38c75aebc61cc930f883d0477d
12000,0.0005538612022064626,0.0011269759852439165,1.0,1.0,32.403279434566095,13.264948444575651,1.5074520662858237,19.911007122278395,20.686447820633592,6.8821450933525945,0.00329525134805538,0.00834114430025696,checkpoints/modular-addition-training-s0-5f1bc9dee7ab/step_00012000.pt,48f6e8889046cf77a31daa3da40af4f4ea340c3f3a721a9e5a0646190e001d82
12050,0.000882968888618052,0.0017315642908215523,1.0,1.0,32.145280003657064,13.089982584689439,1.4832862352015845,20.094194262162432,20.221706792047268,6.861280912588481,0.002775102099628406,0.0030376502537754198,checkpoints/modular-addition-training-s0-5f1bc9dee7ab/step_00012050.pt,94fa56bc5db4377e448e735a210df3bf8d307324e7893ce7d2892aae6eac046f
12100,0.0007062683580443263,0.001603012322448194,1.0,1.0,32.54422804175315,13.266313335027844,1.456033349891532,20.552238023486133,20.278060415664505,6.886033271712336,0.0025314606479667234,0.001106272655751443,checkpoints/modular-addition-training-s0-5f1bc9dee7ab/step_00012100.pt,e38bed58016c936fef359bf4a5007c181e255e13872efd164c40e98ad30e3156
12150,0.00044898950727656484,0.0012153962161391973,1.0,0.9998881220817566,33.07065756343093,13.531024847784588,1.423119595003026,20.973655247777625,20.532650096701193,6.860798380543765,0.0017736164924360641,0.00040290128031446847,checkpoints/modular-addition-training-s0-5f1bc9dee7ab/step_00012150.pt,d30d91a159280b8c6cea0a0c78b6673fd470d347f1fa49cf6fd68499039ad5b9
12200,0.00027579726884141564,0.0009132111445069313,1.0,0.9998881220817566,33.597236732870535,13.790654117598166,1.3921156824747507,21.35551522678475,20.841442511888232,6.799296466705118,0.001179866042431677,0.00014673879749478176,checkpoints/modular-addition-training-s0-5f1bc9dee7ab/step_00012200.pt,8ad3853cb6c1c07df4c163d0222d48c51c762acfe6dffec8ef975e566044410a
12250,0.00016679763211868703,0.0006951044197194278,1.0,0.9998881220817566,34.11292749037859,14.034472177272129,1.364363748462339,21.70915527895017,21.17582803541791,6.720179188081384,0.0007684744635789448,5.3444197625918355e-05,checkpoints/modular-addition-training-s0-5f1bc9dee7ab/step_00012250.pt,0326c8cd22e60fd2f7eb21d383b9af1a0a76369504da8aac4142180f60b17c13
12300,0.00010005186777561903,0.0005489829345606267,1.0,0.9998881220817566,34.61065045069844,14.259554324271818,1.3398310075744542,22.035975851378947,21.521880257086018,6.632610831475779,0.0004940942248774733,1.9465481983376337e-05,checkpoints/modular-addition-training-s0-5f1bc9dee7ab/step_00012300.pt,492f76d7a7cdab01c511d94d96ddb7d2cf1625429226e01e83b5dd5c28abb190
12350,5.975062231300399e-05,0.00044710037764161825,1.0,0.9998881220817566,35.085376689247106,14.4651579837425,1.3183331208587796,22.335450824320287,21.870804987130295,6.542200348771689,0.00031472283017794085,7.089871237958896e-06,checkpoints/modular-addition-training-s0-5f1bc9dee7ab/step_00012350.pt,759d3e6ea5b52fcdacf6367faa75040bdbef7691101c7699d37630fc89a8da8d
12400,3.560024197213352e-05,0.00037184645771048963,1.0,0.9998881220817566,35.533141720346386,14.65184426720076,1.2996212301668435,22.606071280546352,22.216450967359457,6.452398966259555,0.00019906216576501956,2.58237793360888e-06,checkpoints/modular-addition-training-s0-5f1bc9dee7ab/step_00012400.pt,48337e6539d44d0bbd08d0d5ab35b6a7e905fc0d2745c7e55409bbf3da852349
12450,2.1208219550317153e-05,0.000322230946039781,1.0,0.9998881220817566,35.949628296944894,14.820302387628903,1.2835545443012144,22.845442005545408,22.55332564747118,6.365546431369891,0.00012529045384335267,9.406092601817746e-07,checkpoints/modular-addition-training-s0-5f1bc9dee7ab/step_00012450.pt,cafce4116f01037f20af03c5697d99456d6389eb67f133cca7974b10b03a6b2b
12500,1.2657227671297733e-05,0.00028648506850004196,1.0,0.9998881220817566,36.33014969007144,14.97152967600645,1.2700678790387194,23.050361818498793,22.876447972702724,6.282431968163951,7.86022481730161e-05,3.4261506690461555e-07,checkpoints/modular-addition-training-s0-5f1bc9dee7ab/step_00012500.pt,6105ac262a74524f7dc706ce9f8e65083cd8ff20ad967a209c22962ca168470f
12550,7.582811576867243e-06,0.00025231941253878176,1.0,0.9998881220817566,36.66994769216742,15.106453016577579,1.2593532307075697,23.218268245193656,23.180119423761063,6.203890202037917,4.925724126423689e-05,1.247990759530162e-07,checkpoints/modular-addition-training-s0-5f1bc9dee7ab/step_00012550.pt,a1d6804904fbd6055d39cd070aba652acf14a82e1657e69cdb72d35b23a7e342
12600,4.576133051159559e-06,0.00022661572438664734,1.0,0.9998881220817566,36.962416048382806,15.225559077047944,1.251660606152123,23.345606592632528,23.45707930329156,6.130577463273731,3.088787848582113e-05,4.5459455968327106e-08,checkpoints/modular-addition-training-s0-5f1bc9dee7ab/step_00012600.pt,30fd65ad03888f0332ca625c3ca5d4fe99e037ff79ea81551bb2eb69d470c82e
12650,2.7921280434384244e-06,0.00021085412299726158,1.0,0.9998881220817566,37.20081689150407,15.32904066769443,1.247490973175444,23.43092297864733,23.69826044109074,6.062124735615444,1.944539409842899e-05,1.6559449919615757e-08,checkpoints/modular-addition-training-s0-5f1bc9dee7ab/step_00012650.pt,c0cdd7b4021c00d5dc322ff2309012da36bcc9ccc56cfc0c634b5a912d75b842
12700,1.7319836160822888e-06,0.0001949549186974764,1.0,0.9998881220817566,37.37735622634968,15.416320159537126,1.247430771697879,23.47303860076594,23.892654055332436,6.00044071040373,1.2308274255787807e-05,6.032221202026791e-09,checkpoints/modular-addition-training-s0-5f1bc9dee7ab/step_00012700.pt,e0523059306690be53d5f3b7ff01c7d1abde5594dd2bba0cd90b787aa9bfa857
12750,1.1010182561221882e-06,0.00018390209879726171,1.0,0.9998881220817566,37.48518511321069,15.486319927050836,1.2523146911283924,23.4725980912356,24.029650146546786,5.946239036985603,7.881689166509951e-06,2.1974515660730654e-09,checkpoints/modular-addition-training-s0-5f1bc9dee7ab/step_00012750.pt,998ecf12a77ecf375f2b263c3e0b9a56e12655bde65088d20ca1f1c1ccee8d6d
12800,7.241875437102863e-07,0.00017391408619005233,1.0,0.9998881220817566,37.517881299516695,15.536858564089535,1.2631926844149517,23.430742888386618,24.099330214744718,5.901216680071554,5.142526016095975e-06,8.005251745475103e-10,checkpoints/modular-addition-training-s0-5f1bc9dee7ab/step_00012800.pt,bc8de7f69986a6833cfcb2ae648e307a4de935179a824aab0b8960cdb19fbc4d
12850,4.933019113195769e-07,0.0001579374074935913,1.0,0.9998881220817566,37.47091156604816,15.564761096957833,1.2808775515499606,23.347576721068073,24.095519553939017,5.870551674480666,3.446398554813112e-06,2.9164544763156655e-10,checkpoints/modular-addition-training-s0-5f1bc9dee7ab/step_00012850.pt,4e75fce5808aca370b4cba38dab71eb921ea99b1fc2303cfda0a0fa43ae24aec
12900,3.5398605291447893e-07,0.00014707892842125148,1.0,1.0,37.34751549462537,15.56737487953277,1.3066694022543082,23.226201890193764,24.02061018176659,5.8600512204380175,2.444487112041764e-06,1.0626263374450668e-10,checkpoints/modular-addition-training-s0-5f1bc9dee7ab/step_00012900.pt,7f99c615484e51ac4a770a4caff69221657d11e34240bd32b49c1df1a4e74a06
12950,2.640655907271139e-07,0.00014282041229307652,1.0,1.0,37.165437771912,15.547467185247577,1.343107580813876,23.076429267192555,23.888488895482663,5.878826540606063,1.8983194909318848e-06,3.872903842806776e-11,checkpoints/modular-addition-training-s0-5f1bc9dee7ab/step_00012950.pt,40eb5768795ba8dcf5f676008c76269ee9af43586d12e13bf86c49bd2958ad61
13000,2.0337164130523888e-07,0.00022356642875820398,1.0,0.9997762441635132,36.95797127592243,15.513812095937832,1.3939864376842255,22.915709843136298,23.72493041493734,5.938686394057205,1.6517348168502155e-06,1.412871096948579e-11,checkpoints/modular-addition-training-s0-5f1bc9dee7ab/step_00013000.pt,358ff1ba92a09739ae9111373051229d4817a991becd3ed686bc9eb99803d0d0
13050,1.6191296481338213e-07,0.0003302472468931228,1.0,0.9997762441635132,36.79820169676072,15.490800644133122,1.4698179263088256,22.78390238746778,23.580958949542932,6.067499138938615,1.6053027071347059e-06,5.169984301641227e-12,checkpoints/modular-addition-training-s0-5f1bc9dee7ab/step_00013050.pt,45240ebeaace3c7dc2f545f974112350a8a06445742c5267702117f9cdebccc2
13100,1.4557227245859394e-07,0.00040881073800846934,1.0,0.9997762441635132,36.879788935991904,15.550060346894657,1.6008134550014517,22.789703565087915,23.58322112728593,6.341367686113591,1.8264404326046669e-06,1.9132716203998423e-12,checkpoints/modular-addition-training-s0-5f1bc9dee7ab/step_00013100.pt,e73556308a44a79c49ba3298c0e38af1e354948fc5f03757eb79d8c1769f4e5f
13150,0.0020752130076289177,0.010591513477265835,1.0,0.9967557787895203,36.60038779557139,15.60791974261726,1.5679391932327642,22.310207681865595,23.514715453637393,6.544889999613921,0.17965987194551383,0.06140150459696467,checkpoints/modular-addition-training-s0-5f1bc9dee7ab/step_00013150.pt,c493a13bece8bd6260b17847a628fc2569a8135e25db9b81ace6684da72ed9b6
13200,9.151117410510778e-05,0.0004837690794374794,1.0,1.0,35.050285497535185,14.953684326310743,1.4722719914263422,21.331109193370786,22.53834297975694,6.3046911120504925,0.003966347385540192,0.022418909327114392,checkpoints/modular-addition-training-s0-5f1bc9dee7ab/step_00013200.pt,e14e4cab2421f189970a9dd364ba53d66ef33c221805b5c3ed305216d18edc74
13250,0.0003685002156998962,0.0008464779239147902,1.0,1.0,33.55288540126088,14.284148666942599,1.4155045886008277,20.48941293979768,21.524370658919082,6.053179948621379,0.004006685484211394,0.00816446732775905,checkpoints/modular-addition-training-s0-5f1bc9dee7ab/step_00013250.pt,42d80bf15f59e1f2978a37ff148caf83dd959b964c67f63b51e18ec94328c6e6
13300,0.0007267182809300721,0.0013940156204625964,1.0,1.0,32.81601015136414,13.85719324907364,1.4063221449766787,20.284942128277372,20.878984027588967,5.956519484139443,0.0026477240352827656,0.002973315546334171,checkpoints/modular-addition-training-s0-5f1bc9dee7ab/step_00013300.pt,852ea61974f7146ca78a690204d4e6467a1f1b28a87afece73dd4695bd8cdbf5
13350,0.0007268970948643982,0.0015672552399337292,1.0,0.9997762441635132,32.94914532580792,13.778961798120012,1.4143918703402463,20.613219771300457,20.815043133024872,5.967833370215412,0.002589650872259217,0.001082830371351423,checkpoints/modular-addition-training-s0-5f1bc9dee7ab/step_00013350.pt,ac0caca18d6c0108dc3cdc915ba637b46c7b8981322d381b8838370dc0b62680
13400,0.0004895051242783666,0.0012731881579384208,1.0,0.9997762441635132,33.442735642295496,13.894922575191053,1.4057862728198272,21.04026100822651,21.094119091520536,5.976371414454654,0.0019310859029505055,0.00039436133631998686,checkpoints/modular-addition-training-s0-5f1bc9dee7ab/step_00013400.pt,81a5b4f1613c0f5803cdc36cde8ec946d1039042090d4c49e613206454f80bd9
13450,0.0003011401859112084,0.0009549011010676622,1.0,0.9997762441635132,33.97002753132053,14.045203940942933,1.3894806011171896,21.4289200835448,21.45080713621892,5.952194356109782,0.0012886399657206617,0.00014362844533675855,checkpoints/modular-addition-training-s0-5f1bc9dee7ab/step_00013450.pt,03632936876af827d5b25e565361fdb4478fbad911262a6c0ddcc364e2c1d744
13500,0.00018191839626524597,0.0007100836373865604,1.0,0.9997762441635132,34.484995790778676,14.194382339255991,1.3732849803926641,21.786808669725914,21.823346121836824,5.90974323426442,0.0008386620096430388,5.231160813511383e-05,checkpoints/modular-addition-training-s0-5f1bc9dee7ab/step_00013500.pt,6483c811495f523036e7e0ef521550a985c783a1a1a97e39385848a83091dfdb
13550,0.00010896267485804856,0.0005377588095143437,1.0,0.9998881220817566,34.97909836938154,14.336277572880142,1.3586054090153836,22.11614923493806,22.197064857555365,5.85908816781483,0.0005382933124293136,1.905314946732806e-05,checkpoints/modular-addition-training-s0-5f1bc9dee7ab/step_00013550.pt,b5364eee3270a4decc9ad4a81d9645154f54f1bb11583b9816943c9d57ac2db5
13600,6.497361755464226e-05,0.0004123652179259807,1.0,0.9998881220817566,35.44698444905351,14.46883052348792,1.3457032960748796,22.416444680728166,22.563798492399734,5.805922659077752,0.00034199063425977526,6.939784241813402e-06,checkpoints/modular-addition-training-s0-5f1bc9dee7ab/step_00013600.pt,18e67d21a4fd9ff3afb0e948d896c851d2eb3adc0fd488ea36e421659adb1129
13650,3.866673796437681e-05,0.000324422144331038,1.0,0.9998881220817566,35.88522733749633,14.591262380929694,1.3345633056459962,22.687057660168964,22.91839403458674,5.753970244750211,0.0002155581551447627,2.5277543346516325e-06,checkpoints/modular-addition-training-s0-5f1bc9dee7ab/step_00013650.pt,1fe98ccfe7e31b58d13eae47d297dad4c01b5ab197fbf1cd53cf1cfcc13f86bb
13700,2.301504173374269e-05,0.00026056202477775514,1.0,1.0,36.29063930263557,14.703615534843257,1.3252164651594405,22.926734002224443,23.256689819691115,5.705194049276912,0.0001351145741564734,9.207308732397965e-07,checkpoints/modular-addition-training-s0-5f1bc9dee7ab/step_00013700.pt,c298f03487cc59e0eb2b54ec838f62e7093b722da1ab2f83827a1241f0edc2a1
13750,1.3723956726607867e-05,0.00020865413534920663,1.0,1.0,36.659341859646176,14.805994078649146,1.3176906090980731,23.13316904181929,23.57471347028203,5.660649367415734,8.437439189036268e-05,3.35381295881703e-07,checkpoints/modular-addition-training-s0-5f1bc9dee7ab/step_00013750.pt,77fda336c30d7cdefb79d8fed05ce27dacc988295eb10f051de39c4703cc61ea
13800,8.215050911530852e-06,0.0001698819105513394,1.0,1.0,36.98716806466701,14.898711405099846,1.3121603670867106,23.304194283086645,23.867899375339206,5.620955728997693,5.2605793547358956e-05,1.2216671338191392e-07,checkpoints/modular-addition-training-s0-5f1bc9dee7ab/step_00013800.pt,fa8a3b961bfd1d5975da0fe08a37c9bcadf251ac075b637e61ffe3371f0c6fb6
13850,4.9492900870973244e-06,0.0001369109086226672,1.0,1.0,37.26801572563274,14.981843301064801,1.3088881344392411,23.437020906831982,24.129664327836352,5.585832947603775,3.2854033953468286e-05,4.450154489530579e-08,checkpoints/modular-addition-training-s0-5f1bc9dee7ab/step_00013850.pt,78eff3a2b49112a0e36260fb3d0b378ecb4ce823880199441474e7f46d9ff1e3
13900,3.0130215691315243e-06,0.00011134029045933858,1.0,1.0,37.49487164058887,15.05503549497494,1.3082732704443938,23.529453327540104,24.35157323790471,5.555666799331641,2.0539345139538305e-05,1.621084273709937e-08,checkpoints/modular-addition-training-s0-5f1bc9dee7ab/step_00013900.pt,73f7d99c193d225750f679694c69ea3936b1c17280c15e0e15ce06a2967c96db
13950,1.8667240055947332e-06,9.099594899453223e-05,1.0,1.0,37.66032711595276,15.117907900742832,1.3108143863226478,23.57994130760157,24.52396469560571,5.531038633799563,1.2953446952732318e-05,5.905348316600189e-09,checkpoints/modular-addition-training-s0-5f1bc9dee7ab/step_00013950.pt,61ad4ecb4df81bf81ae4231b80130605a55ad40f5bab8beb66d6574f9115447d
14000,1.1793914609370404e-06,7.665448356419802e-05,1.0,1.0,37.756027200859336,15.168934000206365,1.3173897145626585,23.587736776329972,24.63545207073362,5.513500763628758,8.24001882583106e-06,2.1512819090458803e-09,checkpoints/modular-addition-training-s0-5f1bc9dee7ab/step_00014000.pt,56e94a5c302fcd6b9253e1fdecb7f43b37b1e13bae531a06b136bbcd3d7c9fdb
14050,7.713110790064093e-07,6.516481516882777e-05,1.0,1.0,37.7736457277282,15.205345850166848,1.3286209189441212,23.551045403691752,24.676507838608952,5.504430658914464,5.341173954559903e-06,7.837245550660164e-10,checkpoints/modular-addition-training-s0-5f1bc9dee7ab/step_00014050.pt,8588a974e2a14d5d84414bbddd47b56a13401985262a1acb74b76b54d6945cc1
14100,5.238044877842185e-07,5.731766577810049e-05,1.0,1.0,37.712702473821025,15.22544585115721,1.3459612375884544,23.47185349017566,24.64446037131943,5.508609770307814,3.5468661252370076e-06,2.85527077766951e-10,checkpoints/modular-addition-training-s0-5f1bc9dee7ab/step_00014100.pt,a305be73d942dce601ce99ce94f61e03edae129dae717b3ceccdbd9a49f820cc
14150,3.717584604601143e-07,4.973371324012987e-05,1.0,1.0,37.57820579072073,15.227986780618181,1.3710293682510333,23.353844350482007,24.542656746208163,5.532287178168782,2.4964326156574235e-06,1.0403203852653445e-10,checkpoints/modular-addition-training-s0-5f1bc9dee7ab/step_00014150.pt,14edbbf15e4ec52897df35fa5e210635ab8e68b4312ab4a9563ba9809bdaddf8
14200,2.734342956500768e-07,4.0337043174076825e-05,1.0,1.0,37.38770764499722,15.215205893562851,1.4065708737727733,23.206328749738933,24.385341242114702,5.584011945365807,1.9096403929507147e-06,3.79120365746376e-11,checkpoints/modular-addition-training-s0-5f1bc9dee7ab/step_00014200.pt,e4b45dbd86a1e47423a17352c4a6cfa9ccc7ac7adeba90b69892c94acd682bbc
14250,2.099701532642939e-07,4.225450538797304e-05,1.0,1.0,37.17576999042823,15.195331716888306,1.4570201896391095,23.047101321565567,24.19907452962569,5.679152502358795,1.676646089412615e-06,1.3826119679424675e-11,checkpoints/modular-addition-training-s0-5f1bc9dee7ab/step_00014250.pt,2c860769aa00a43efe5d74e28eb404827b91566016c6ac29da06cb1858a2ab44
14300,1.653056074246706e-07,5.982620859867893e-05,1.0,1.0,37.044737536566174,15.20379118615091,1.5370803843082887,22.933397013731593,24.053908822548273,5.853500523641451,1.713079228261892e-06,5.056725129571964e-12,checkpoints/modular-addition-training-s0-5f1bc9dee7ab/step_00014300.pt,dfa4c360928912f15c5d5f8e06a0046ba741cecc22d09ae181082de402766933
14350,1.5472305392449925e-07,0.00014216348063200712,1.0,0.9998881220817566,37.25319477844549,15.336015149468613,1.68533553563524,23.01193722881514,24.117180053846294,6.211213721634677,2.0132589350898847e-06,1.8708574575996323e-12,checkpoints/modular-addition-training-s0-5f1bc9dee7ab/step_00014350.pt,72e315ef19de420c51de531fe5cc5ebb1f63cfd7f3ec66eae8dc914cd0f6a634
14400,0.00016551338194403797,0.0027013232465833426,1.0,0.9991050362586975,36.43312175503343,15.20990981293033,1.5568298976057149,22.188377798839316,23.709564892280074,6.2561736104644465,0.030523037346406167,0.0527644330316706,checkpoints/modular-addition-training-s0-5f1bc9dee7ab/step_00014400.pt,c6b87d7dc96819b38eab02f9255032b51a56b003904ba19ebb011017be429cfd
14450,0.00011285286018392071,0.0004897670587524772,1.0,1.0,34.80436532150251,14.52703697112708,1.4803702798319038,21.212948880164433,22.62834344376461,6.007197258728014,0.002732699074073282,0.019215400602266137,checkpoints/modular-addition-training-s0-5f1bc9dee7ab/step_00014450.pt,b231d44369ecb20c3b971d62ba64d19ab7e0862839f887bc8f6d58fe244616b4
14500,0.0003790955524891615,0.0008505959995090961,1.0,1.0,33.50220722405221,13.93945114521469,1.439575476135299,20.542805131655687,21.677898961383757,5.837727900894049,0.0027416020600592055,0.006997799482574025,checkpoints/modular-addition-training-s0-5f1bc9dee7ab/step_00014500.pt,103901a87e0089e7098ca44837312f7ab2adabad932035d26348af973fbd94bb
14550,0.0005581175209954381,0.001190295908600092,1.0,1.0,33.08968095352884,13.675398606087104,1.4456399346295286,20.550091337102998,21.196377397514357,5.8504628029952945,0.0020664736724740913,0.002548437863842545,checkpoints/modular-addition-training-s0-5f1bc9dee7ab/step_00014550.pt,69ed967b9cabaf5fd1d2d39b2a699370374151e077eb33230cc4557d9d71b90c
14600,0.000457363756140694,0.0011019030353054404,1.0,1.0,33.35527878273326,13.719380474502785,1.4501815456724927,20.899361065380845,21.218751225506377,5.93561277739655,0.0018282540995064123,0.0009280949643472556,checkpoints/modular-addition-training-s0-5f1bc9dee7ab/step_00014600.pt,857de235e72ad88fd8650e123bf58bb658ff9de8e52501ab34786294dcc85ec4
14650,0.00029517110669985414,0.0008399868966080248,1.0,1.0,33.80893560647488,13.866612676063596,1.4402143319512675,21.276678907186874,21.448709007675347,5.995229686790632,0.0013121459572060614,0.0003380042564294864,checkpoints/modular-addition-training-s0-5f1bc9dee7ab/step_00014650.pt,46b89647a366a49b44163da2d97dbc885ad02ac290abccc20f1ad1d30fd1b7dc
14700,0.0001816146104829386,0.000631241244263947,1.0,1.0,34.27822148315864,14.023280090652426,1.4260545303816927,21.626985122636164,21.73340829490773,6.020210163779807,0.0008873551006930345,0.00012310151457747357,checkpoints/modular-addition-training-s0-5f1bc9dee7ab/step_00014700.pt,9ddb871761a97084c4bb81f6a2e2c38c5da7aa633e0ff6f54e0c69d86b8857da
14750,0.00010978944192174822,0.0004916930920444429,1.0,1.0,34.73743880662228,14.17417074201823,1.4120174478495529,21.95123394261151,22.03728300015043,6.024137424970631,0.0005852206001851453,4.483490854161884e-05,checkpoints/modular-addition-training-s0-5f1bc9dee7ab/step_00014750.pt,f094326699fa37ee9ebf4a83f18ae83c8c2cdf848e217ba5acadd379629bbc59
14800,6.579403270734474e-05,0.0003962333721574396,1.0,1.0,35.17716908046309,14.315475023946453,1.3992077540071202,22.248494603949563,22.346080087130453,6.016627760877235,0.0003789988380536256,1.632977811533279e-05,checkpoints/modular-addition-training-s0-5f1bc9dee7ab/step_00014800.pt,fd2b9a8b57847ffd229fd5e320652f843b77b04a74d39cfcfd0428bd94c11416
14850,3.92619040212594e-05,0.0003332397318445146,1.0,1.0,35.592273713693594,14.446094781776935,1.3879654411166853,22.518206580113443,22.651321651580982,6.003486108305816,0.0002420860632308938,5.947773432692102e-06,checkpoints/modular-addition-training-s0-5f1bc9dee7ab/step_00014850.pt,ed6757758b6576a218c59db4b46547cb60b658395b652c7a4bab3bd5396f1cb0
14900,2.3394815798383206e-05,0.00029066490242257714,1.0,1.0,35.978243456950665,14.56576491469142,1.3783967871424758,22.758548011511042,22.94688673377652,5.9884387472638645,0.00015297673298252692,2.1663940392937622e-06,checkpoints/modular-addition-training-s0-5f1bc9dee7ab/step_00014900.pt,2c5310e610727dd898a8938931d94b4d1949d39ef797e9c4dd3dbd4734c52d03
14950,1.395120307279285e-05,0.0002613493998069316,1.0,1.0,36.33079540709801,14.674791901505674,1.3706406137513916,22.96746923721456,23.227451568668542,5.973221269182363,9.598289846745322e-05,7.890931709005808e-07,checkpoints/modular-addition-training-s0-5f1bc9dee7ab/step_00014950.pt,354cbdddab56983402b4cfe3503854e2d51b01a1c8af9e73e8d3f611b3d75d68
15000,8.348210940312129e-06,0.00023965156287886202,1.0,1.0,36.6450020995796,14.773294595827826,1.364795675763483,23.142382778591415,23.487352818767548,5.95966906148171,5.9980100511838156e-05,2.874260419809209e-07,checkpoints/modular-addition-training-s0-5f1bc9dee7ab/step_00015000.pt,ce38863ea855fa52eca2c46dad6e6c77dbabda6f2076d802206b6ac398edc547
15050,5.0256312533747405e-06,0.00022146868286654353,1.0,1.0,36.914371547297094,14.861144922324296,1.3611177871612083,23.280182609566943,23.71958182701705,5.948032642454554,3.744304316633949e-05,1.0469610911190562e-07,checkpoints/modular-addition-training-s0-5f1bc9dee7ab/step_00015050.pt,dbb9bb608b7cd2562fa5becceaab3735f3414faa57f0b92d554e7db94e3c012e
15100,3.056406967516523e-06,0.00020327702804934233,1.0,1.0,37.131354753597996,14.937896091231018,1.3600378442349013,23.377979516947615,23.915633151035063,5.937981808465631,2.3399435412527204e-05,3.8136539016821626e-08,checkpoints/modular-addition-training-s0-5f1bc9dee7ab/step_00015100.pt,9648f160bf629bfb0b812c709c304089b60cc5c7988eda4af17fdd83153b9fcf
15150,1.8874521856560023e-06,0.00018957277643494308,1.0,1.0,37.288126098855734,15.002620370105227,1.3621046356803461,23.433822542506647,24.065666170011095,5.930436223079935,1.4691969804145229e-05,1.3891786446724853e-08,checkpoints/modular-addition-training-s0-5f1bc9dee7ab/step_00015150.pt,966ce10267e7be3dca3421b6787494f9f9a1a89c708c9895b1f8809087af9026
15200,1.1899423952854704e-06,0.00017959885008167475,1.0,1.0,37.376465727365876,15.053644384289475,1.368015586634559,23.44648152632371,24.158890356338244,5.926806489267105,9.323585661284274e-06,5.060363487094698e-09,checkpoints/modular-addition-training-s0-5f1bc9dee7ab/step_00015200.pt,158458c0537db6612d46a5cea87442682f08b3b67e5c82ecc53039d458bf52de
15250,7.717778203186754e-07,0.00016860048344824463,1.0,1.0,37.389078383247934,15.088261882786671,1.3786589250286716,23.414796999376392,24.186386003325975,5.9289837956985,5.987115478928842e-06,1.8433701632796188e-09,checkpoints/modular-addition-training-s0-5f1bc9dee7ab/step_00015250.pt,3bb2baff57d6d268e3ae077fbe8d8683e7bd675f117ff7e23aaa5b5522ef1b4e
15300,5.23897824677988e-07,0.0001811541005736217,1.0,1.0,37.32408700592528,15.104643518130379,1.3949095215372438,23.338831116350313,24.145544537896917,5.93995652624845,3.966541108759909e-06,6.715101178159929e-10,checkpoints/modular-addition-training-s0-5f1bc9dee7ab/step_00015300.pt,1881243efc080f354f89bd4db8cf92957577e461235e573f9c50ac5da3082ae4
15350,3.689260097416991e-07,0.0001848705142037943,1.0,1.0,37.187408366526036,15.101914957383158,1.4182966953636054,23.222630986467298,24.040322314506863,5.9662595655612,2.780133247440404e-06,2.446336217135059e-10,checkpoints/modular-addition-training-s0-5f1bc9dee7ab/step_00015350.pt,1383355f4f60ceb32891f193a851cc2779af44149a0b7e44dd93fc5478be5681
15400,2.723137413340737e-07,0.00021010596537962556,1.0,0.9998881220817566,36.99025582835529,15.08030423181751,1.4507783683572495,23.070995799379343,23.880604527320184,6.017023590086812,2.129554714280404e-06,8.913585783380097e-11,checkpoints/modular-addition-training-s0-5f1bc9dee7ab/step_00015400.pt,3f681888db29b4ef000f1a3180a6a6173809547f29ea711105ae73429d8e8d5a
15450,2.0729339667013846e-07,0.0003070414823014289,1.0,0.9997762441635132,36.766248933070855,15.04862589403975,1.496323865309261,22.90163952108098,23.691783811930414,6.105016073286766,1.8227819819800242e-06,3.249516728873146e-11,checkpoints/modular-addition-training-s0-5f1bc9dee7ab/step_00015450.pt,ded6d39a68ade14faa9a0c1525e6217e738acb344bd332802e5413fb57107e74
15500,1.629712187423138e-07,0.0004197079688310623,1.0,0.9997762441635132,36.577796352325954,15.027418380283757,1.5628567830042936,22.748511609047643,23.517318711333964,6.253822966356125,1.7358061793657893e-06,1.1867008367894163e-11,checkpoints/modular-addition-training-s0-5f1bc9dee7ab/step_00015500.pt,c6c42cb2c8402f67be6482556550fdcc7dc4d1b05d5c7bcb17f3ad58291a8fd1
15550,1.4028098860308091e-07,0.0007854456198401749,1.0,0.9997762441635132,36.60099662828717,15.08125694726603,1.677629057659849,22.711482853478863,23.472524692625974,6.527123023930487,1.939957203311116e-06,4.362951754585881e-12,checkpoints/modular-addition-training-s0-5f1bc9dee7ab/step_00015550.pt,469bef43d8105447a924fdf77475213518913c472144d6a83bd949e1a0648531
15600,0.12420020997524261,0.21224351227283478,0.9475196003913879,0.9282917380332947,36.55384265870273,15.197393619292416,1.7587253916320766,22.35018975436817,23.580451869670327,6.823549872332691,1.8196805856291565,2.7464932207749615,checkpoints/modular-addition-training-s0-5f1bc9dee7ab/step_00015600.pt,04cdd6d7f9206082dc246cb34094aa4e78e5aecb5b0c75b34c98fc6894d11d98
15650,0.0003043681790586561,0.0011827668640762568,1.0,1.0,34.96641553757485,14.6250902613171,1.6143973350768344,21.236318248646914,22.623169865648475,6.584955892895686,0.023653818642877383,1.0052395690586466,checkpoints/modular-addition-training-s0-5f1bc9dee7ab/step_00015650.pt,6952439d2100acbb59ff616328a8d3c98237b4714d896744dc541d430fce76a7
15700,0.0006865581963211298,0.0015906280605122447,1.0,1.0,33.37929691757579,13.945469535487305,1.542513833616344,20.32460183681852,21.55800371890478,6.283711407286558,0.016266685311512853,0.3660795314540823,checkpoints/modular-addition-training-s0-5f1bc9dee7ab/step_00015700.pt,df3b7d3c4407391499abb0fd356314fdbd9eee9b5966a0b9e866445c2b9d88d0
15750,0.0017484885174781084,0.002987609477713704,1.0,1.0,32.20021041008198,13.398119087148267,1.4938813839236313,19.78529889926846,20.664176191728842,6.053597572906952,0.009089879877637732,0.1333158769107129,checkpoints/modular-addition-training-s0-5f1bc9dee7ab/step_00015750.pt,097970c81007d8763b02c22a6da0471eca956aacf7aff0d3446bbf776c9a7264
15800,0.0027397272642701864,0.004589335527271032,1.0,1.0,31.869491035784655,13.166109214562551,1.476466774270674,19.912908342244826,20.207423562569737,5.939207624835328,0.008131270449648518,0.0485497992604177,checkpoints/modular-addition-training-s0-5f1bc9dee7ab/step_00015800.pt,b1d2aefda4339caeb1fe76c82d3493166e6f7e3b85e5dc1fb76fd0d941b06148
15850,0.0023776046000421047,0.004242718685418367,1.0,1.0,32.29465069514487,13.295364261039172,1.461101510496752,20.422405452035637,20.30105965169617,5.902140936530244,0.007477962926569307,0.01768064116374292,checkpoints/modular-addition-training-s0-5f1bc9dee7ab/step_00015850.pt,118b3ada4fcb23631563192bed210c1a7c15dc9592731e0a7e09ee4e1a0ab715
15900,0.0015385709702968597,0.003008559811860323,1.0,0.9997762441635132,32.93797191613177,13.56582928045602,1.4360224332796816,20.93711280700439,20.642020913100534,5.861773569698653,0.005192409896332833,0.006438838389386151,checkpoints/modular-addition-training-s0-5f1bc9dee7ab/step_00015900.pt,5b9f9270a4a41481b0ebc910552b432e7464157e8f7ec55918338b8ce11b39ad
15950,0.0009436447289772332,0.0020485438872128725,1.0,0.9997762441635132,33.57491332734606,13.843975554195133,1.4086277779595235,21.390239369111356,21.034333225314686,5.800810208526868,0.003397187943613358,0.0023448632152167853,checkpoints/modular-addition-training-s0-5f1bc9dee7ab/step_00015950.pt,31d38838b7d928d88087ed11a0b9cb4df0b658cb45ca87c84986f7fb9f4f7691
16000,0.0005692153936251998,0.001377140055410564,1.0,1.0,34.186256124908866,14.107280894518073,1.3825922544083091,21.800832510143753,21.439995081551807,5.729178390203782,0.002182444405856123,0.000853942469026448,checkpoints/modular-addition-training-s0-5f1bc9dee7ab/step_00016000.pt,b44a505866bc9b4c7f6a2b72d2e85718ab001bd9a34bba187929210d662c4d7d
16050,0.00034069092362187803,0.0009217485785484314,1.0,1.0,34.76899017695229,14.35134272780561,1.3587297154155047,22.176813294358745,21.847161037870162,5.653848254687596,0.0013871587718093778,0.0003109862389256104,checkpoints/modular-addition-training-s0-5f1bc9dee7ab/step_00016050.pt,5b65f7f79e03f2a19dcc03b61f03944b6f376df7c25ed7a47d309f5d06e4d6dc
16100,0.00020312720153015107,0.0006197203765623271,1.0,1.0,35.32098409281055,14.575367756015542,1.3371875456913163,22.521238612688276,22.24881898300535,5.579100890013197,0.0008755128845707544,0.00011325448206719486,checkpoints/modular-addition-training-s0-5f1bc9dee7ab/step_00016100.pt,fe2b4a47b5b7a3c60cdaf3fadcacc952d3d507fbed929be0882b9d8b4873aa46
16150,0.00012085958587704226,0.00041826459346339107,1.0,1.0,35.840912851624154,14.779918430760304,1.3178321069273415,22.835667722655725,22.640365240762332,5.507676931436809,0.0005499464376973279,4.12450226289771e-05,checkpoints/modular-addition-training-s0-5f1bc9dee7ab/step_00016150.pt,93d15bf0a05fd86d629e7f104c26f727a1d6bef7b8c4c092341611e183bf4ffc
16200,7.186729635577649e-05,0.0002840623492375016,1.0,1.0,36.32767250953211,14.966061712654348,1.3005468020787487,23.121166736572278,23.018067193048456,5.4411024824357925,0.00034432268268994954,1.5020697982766398e-05,checkpoints/modular-addition-training-s0-5f1bc9dee7ab/step_00016200.pt,e51cfa6a9833763d1135aa2a5d42edec05b4a4842695033de3370c974ad5f314
16250,4.274868842912838e-05,0.00019543019880075008,1.0,1.0,36.77994640873281,15.135059832237822,1.2851900749473906,23.377600104253872,23.379066895514903,5.380497433855377,0.0002151517176438593,5.470305310617175e-06,checkpoints/modular-addition-training-s0-5f1bc9dee7ab/step_00016250.pt,b5ad911d9245af916044657e7073e61c6e5192871e9b2d998c71e0c4991e5d3f
16300,2.5461304176133126e-05,0.00013644200225826353,1.0,1.0,37.195975874866676,15.288101464489037,1.2717457618885248,23.604620597110557,23.720236142996814,5.326304666389463,0.0001342649638885751,1.9922155851682367e-06,checkpoints/modular-addition-training-s0-5f1bc9dee7ab/step_00016300.pt,71584f5d3f34dd464d188bb2ce9669a072a6c81c47fd12114642de8c03ecad1b
16350,1.5202084796328563e-05,9.753270569490269e-05,1.0,1.0,37.572846275249276,15.426467457197932,1.2602160331317145,23.80055833848004,24.037973970789714,5.278632845880552,8.380522625495855e-05,7.255460563338241e-07,checkpoints/modular-addition-training-s0-5f1bc9dee7ab/step_00016350.pt,9ff4639ddac627453d50a8f996d58b2c903857c70a5c1119da9f5a0f209cd994
16400,9.115559805650264e-06,7.10856111254543e-05,1.0,1.0,37.90625228149635,15.550994985514938,1.250819543900506,23.963624984036986,24.32703000681159,5.237008318654797,5.234337980886196e-05,2.6423972500332873e-07,checkpoints/modular-addition-training-s0-5f1bc9dee7ab/step_00016400.pt,343a3d531f72f34c2196e607bdd4e37a27078a189c7809d2fee3e2fdcbca5b90
16450,5.5006380534905475e-06,5.237059303908609e-05,1.0,1.0,38.18997137796607,15.662314315484313,1.243831133173559,24.090924676592053,24.580445704619613,5.200744699945019,3.277486680224847e-05,9.623575330245275e-08,checkpoints/modular-addition-training-s0-5f1bc9dee7ab/step_00016450.pt,d34db9e5bbba1634f63c7fdb48e85ea3c91da9ba9689adea072c429fef0f8b39
16500,3.354494765517302e-06,3.9547288906760514e-05,1.0,1.0,38.416675676798945,15.760587312794039,1.2396657927043897,24.17969426122161,24.78957616326227,5.169853519609178,2.0592037758538845e-05,3.504938402881022e-08,checkpoints/modular-addition-training-s0-5f1bc9dee7ab/step_00016500.pt,8020249e997280380f1dead86cd804fe7dad24d356cc6b71f4da6a95fbe667da
16550,2.074857320621959e-06,3.0217825042200275e-05,1.0,1.0,38.57744635295918,15.844934022719853,1.2389663560812576,24.227569837589844,24.943525643876175,5.144684977488476,1.304257669101584e-05,1.2765290263937859e-08,checkpoints/modular-addition-training-s0-5f1bc9dee7ab/step_00016550.pt,93b2933bea61e6184fc4444eb53d718d3c8fa837b5b3cb56d45ca04bc3600cbf
16600,1.3117664821038488e-06,2.374951509409584e-05,1.0,1.0,38.66148265348584,15.912625878657288,1.2423394632363012,24.2310524050544,25.03053493377383,5.126752533758019,8.303030052190915e-06,4.64929641930666e-09,checkpoints/modular-addition-training-s0-5f1bc9dee7ab/step_00016600.pt,81815946b838fdd3af58c284cd15fa4df95bff11e427bafbfeebe17c9af5de1d
16650,8.539171290067316e-07,1.832520865718834e-05,1.0,1.0,38.66366049006522,15.961430329827198,1.2508285632178116,24.18983157862695,25.043958429566427,5.118496517372293,5.381558066283843e-06,1.6933538194812221e-09,checkpoints/modular-addition-training-s0-5f1bc9dee7ab/step_00016650.pt,aab1c068a1e95f605d9d739ba314d83384e612d2cfd1e680e33cde4576d8bb1a
16700,5.777131946160807e-07,1.3952780136605725e-05,1.0,1.0,38.58012042146089,15.987355401450003,1.2654732936569175,24.102852054508208,24.980412943569256,5.124473470751802,3.580157784599237e-06,6.167545599295899e-10,checkpoints/modular-addition-training-s0-5f1bc9dee7ab/step_00016700.pt,fd220770ad2d99a70068aba8ab25f18f07960fd67c73a12c247ff47fe1687137
16750,4.0870401107895304e-07,1.0778739124361891e-05,1.0,1.0,38.40920711134774,15.984465489927635,1.2873587693768405,23.96850156404561,24.841292957724626,5.150520195618212,2.4847371605196727e-06,2.2464014521662983e-10,checkpoints/modular-addition-training-s0-5f1bc9dee7ab/step_00016750.pt,77bf8d7f1dbb8eadaac35835f397093f1b83227c42b93cdf1c9f9e9e94ce100a
16800,2.9877014640078414e-07,8.14024588180473e-06,1.0,1.0,38.17265994576089,15.955659043167774,1.3188328714284647,23.798017201038107,24.644983364041188,5.206607722437326,1.8842637565191028e-06,8.183200362380009e-11,checkpoints/modular-addition-training-s0-5f1bc9dee7ab/step_00016800.pt,9f60ab76baac56081224b98b7855c73828e3eabe08e65ef22f4c25b598dad9e2
16850,2.2939225630125293e-07,6.396766821126221e-06,1.0,1.0,37.892065627330346,15.903291156308876,1.361804727035812,23.60108258750825,24.41077278264904,5.304953217559655,1.6552780357519682e-06,2.983163300247107e-11,checkpoints/modular-addition-training-s0-5f1bc9dee7ab/step_00016850.pt,125c35399131e87fcdf85ed927d60acca544572563cd3762fc014df270404487
16900,1.785026739753448e-07,5.420460638561053e-06,1.0,1.0,37.656231475791664,15.859853783926436,1.4274690042667464,23.428507503821237,24.197783639774812,5.476444304361475,1.6739483884233947e-06,1.0907513223720653e-11,checkpoints/modular-addition-training-s0-5f1bc9dee7ab/step_00016900.pt,4f84513018241afe4881980b961f5230ac97b39c2ef7234c68dcec0608d03689
16950,1.5176617296219774e-07,8.532722858944908e-06,1.0,1.0,37.65460813946714,15.897119434370078,1.5449510911128395,23.388996091813926,24.12778185014936,5.793896681938979,1.953782478614844e-06,4.0331843519762396e-12,checkpoints/modular-addition-training-s0-5f1bc9dee7ab/step_00016950.pt,e985e86eb4a084949799ade4afdbfdddb8b72eae56da8a4343925f4e8e545625
17000,0.00036789546720683575,0.005287427920848131,1.0,0.9976507425308228,37.07163424477582,15.819287726852382,1.503047855993086,22.73301301093098,23.84355793027211,6.040853681946679,0.03802663182144236,0.017269430853316815,checkpoints/modular-addition-training-s0-5f1bc9dee7ab/step_00017000.pt,5c44d80f034b5ec1aeb951f83a223d5c6c68a456ebd57d5640ee780f7a8c6022
17050,5.719555338146165e-05,0.0010603005066514015,1.0,0.9995525479316711,35.4558849656963,15.133954693691827,1.4228423888137183,21.74711498018184,22.77822510143174,5.854414132415156,0.0019046137973051489,0.0062900606637034855,checkpoints/modular-addition-training-s0-5f1bc9dee7ab/step_00017050.pt,8a73dec6e1b7c674c2320f50715412179db3d4a152193e7e77083c8ddb50555c
17100,0.00021238559565972537,0.0006596203311346471,1.0,1.0,34.136291325250326,14.511800550342103,1.3880622472991526,21.0740084631241,21.808696345797003,5.747542467878644,0.0015584075867638525,0.002290729467454857,checkpoints/modular-addition-training-s0-5f1bc9dee7ab/step_00017100.pt,e9248b4539ef41d0a080bb19264b988029e7784413664e7d60f35590325438b2
17150,0.0002983457234222442,0.000676595838740468,1.0,1.0,33.76060676770526,14.214590854436223,1.4049489671210469,21.158116234332674,21.297201399098284,5.874812724258035,0.0011952204770028939,0.0008342342241341976,checkpoints/modular-addition-training-s0-5f1bc9dee7ab/step_00017150.pt,ee97e04b4802cab914e20e8ce914977625a65ae87a6dac93c0a835d9ea25a10a
17200,0.00023462233366444707,0.0005615148693323135,1.0,1.0,33.99953336560442,14.189091040176795,1.4156839596473574,21.54358440005365,21.257523576149172,6.051897724354493,0.001032016120821204,0.00030380850471323673,checkpoints/modular-addition-training-s0-5f1bc9dee7ab/step_00017200.pt,c797db492417f9747db0e9be248bba98bdd787e76f9e84e2e7cbfae02945daf2
17250,0.0001504928368376568,0.0004084216197952628,1.0,1.0,34.386356309801606,14.248711204443104,1.4113355334823878,21.921781487365966,21.41865375090031,6.170950429890269,0.0007293173640952902,0.00011064104594347415,checkpoints/modular-addition-training-s0-5f1bc9dee7ab/step_00017250.pt,c27534ebb45d914521205675e35d02365e589df9f85ee602b19ed8654b88c1a9
17300,9.24066043808125e-05,0.00029544427525252104,1.0,1.0,34.7855994904785,14.321064911092222,1.4026145242326344,22.25954218714925,21.646097376931397,6.239948251996947,0.00048516557766334795,4.0293805089129676e-05,checkpoints/modular-addition-training-s0-5f1bc9dee7ab/step_00017300.pt,66a6df08067fe7a08aac3f9451bea6f9f54767c042185001e671f04fbd2d6f87
17350,5.567948392126709e-05,0.00021736281632911414,1.0,1.0,35.17532489048977,14.393554391672573,1.3935804542225214,22.561253522716445,21.90282905193042,6.280360312013063,0.0003139373153516325,1.4674604988615058e-05,checkpoints/modular-addition-training-s0-5f1bc9dee7ab/step_00017350.pt,e944731dfec583649a5a9d6e10a85e276f78e7a26242d9800f0667f89268e103
17400,3.328638194943778e-05,0.0001625614968361333,1.0,1.0,35.5460079473181,14.462649593823256,1.3856227427758236,22.82739564664386,22.171863498373632,6.304678765239353,0.00020011370469074003,5.344423344210188e-06,checkpoints/modular-addition-training-s0-5f1bc9dee7ab/step_00017400.pt,4dedd67ad38bc0f37d57739a0948fd31a276fbb82a43e80cb2b994fcfe50ea54
17450,1.983399852178991e-05,0.00012431893264874816,1.0,1.0,35.8906325059454,14.527076969972722,1.379318039542043,23.055528206756605,22.443432999200063,6.319331645749789,0.0001263581401397084,1.9464418964330533e-06,checkpoints/modular-addition-training-s0-5f1bc9dee7ab/step_00017450.pt,61a1aaa635b414a9c47f541313ca2a550d6a8cd5417da511873e57d033987a4c
17500,1.1819905921583995e-05,9.65887084021233e-05,1.0,1.0,36.2020465651617,14.585885772348641,1.3748851178369565,23.24162226497069,22.709759775247477,6.328001904065344,7.930191602683347e-05,7.08904701828984e-07,checkpoints/modular-addition-training-s0-5f1bc9dee7ab/step_00017500.pt,c02f76d0b622b7aef2348817c82e74b04b542abb9055a350799d05d899a1f1ba
17550,7.06394621374784e-06,7.636260852450505e-05,1.0,1.0,36.473622431652934,14.637972931549141,1.3726910106971857,23.382913880635268,22.9633201335516,6.332129817524285,4.9628278521474804e-05,2.58190334177748e-07,checkpoints/modular-addition-training-s0-5f1bc9dee7ab/step_00017550.pt,b53d5f6dd159fe78ead096232207f25c35831a45d8438e089751c79473181780
17600,4.251586233294802e-06,6.202488293638453e-05,1.0,1.0,36.69837633770568,14.682465794205697,1.3731383654019211,23.476969227734596,23.195590742202683,6.3330088469511265,3.101739593642415e-05,9.403672256773138e-08,checkpoints/modular-addition-training-s0-5f1bc9dee7ab/step_00017600.pt,e042dc7124aba31e9e27b03afe2e08e7c05452fbd7b86a9e33a85277cdc71786
17650,2.588909865153255e-06,5.124298331793398e-05,1.0,1.0,36.86985951581931,14.71889561287521,1.3765859551310324,23.523248805631365,23.39692847938752,6.331363764660672,1.9433443115918987e-05,3.424997689075422e-08,checkpoints/modular-addition-training-s0-5f1bc9dee7ab/step_00017650.pt,312d78c70797dfdb7bd31df8e3ae798630e996cfc8c1605b1c9bc6afb70db8cc
17700,1.6029068774514599e-06,4.324135079514235e-05,1.0,1.0,36.9815698758182,14.746011386249949,1.3837327303605904,23.523590657962913,23.555652455674473,6.32841704943797,1.2239086842663583e-05,1.2474654918670724e-08,checkpoints/modular-addition-training-s0-5f1bc9dee7ab/step_00017700.pt,fee5f427a4d8da4d70d1e30aa7f41bacb381a4804dac57012fd176e835805f28
17750,1.0180073104493204e-06,3.735191057785414e-05,1.0,1.0,37.02672240311203,14.762393560790281,1.3949505160672244,23.47964819330498,23.66010140491429,6.325325569406133,7.796484693539342e-06,4.543628916729237e-09,checkpoints/modular-addition-training-s0-5f1bc9dee7ab/step_00017750.pt,eb23c2cfbc772d78f01cb74bef729ba0c4a7ead180f92d4830631b65d96a4c7c
17800,6.683178526145639e-07,3.322496195323765e-05,1.0,1.0,37.00151570600417,14.766817847141901,1.4109025206721073,23.39452814893829,23.70090488304526,6.326592266105142,5.066314733135389e-06,1.654947409179314e-09,checkpoints/modular-addition-training-s0-5f1bc9dee7ab/step_00017800.pt,00def1315aa6c1f2a70c111d1bdca6392915b1be753a8548d62f24ff8499545a
17850,4.593754283632734e-07,2.993870475620497e-05,1.0,1.0,36.90394900679,14.757714091070925,1.4323537388244878,23.270563650151022,23.672252842937006,6.337586497490146,3.3837875692951133e-06,6.02801771286058e-10,checkpoints/modular-addition-training-s0-5f1bc9dee7ab/step_00017850.pt,82f02a4baffacdc40bac48ca9ec888c689491071a14cc43bab4a468c59c9e1e2
17900,3.292415442501806e-07,2.8165572075522505e-05,1.0,1.0,36.739308466978436,14.734979276799805,1.4600971672633436,23.111631951495955,23.577021556333747,6.364103367874256,2.373764003663491e-06,2.195755701609305e-10,checkpoints/modular-addition-training-s0-5f1bc9dee7ab/step_00017900.pt,c2b09295cb528b17190eb5bec5e681a3ebf723f804ae3eefff2e0b225a3fd483
17950,2.4775599172244256e-07,2.5988430934376083e-05,1.0,1.0,36.52475139402711,14.701641048774308,1.4966710085687767,22.92638229035293,23.428077859977012,6.4175816024446295,1.8429911433217331e-06,7.999484595114708e-11,checkpoints/modular-addition-training-s0-5f1bc9dee7ab/step_00017950.pt,478105ffe1017a128b78b26f8748d8c7c8525745ecc4f81f32653f6a435cafc3
18000,1.921354311207324e-07,2.5556597393006086e-05,1.0,1.0,36.29728242793117,14.668499621606845,1.5457708337460996,22.73476644372154,23.252607165968026,6.510382305830143,1.6073649225695779e-06,2.916120010946145e-11,checkpoints/modular-addition-training-s0-5f1bc9dee7ab/step_00018000.pt,5e9907c4c602b99366d11294d287e8c95b9cfab1866b0d7c3c54e2c90dbc758f
18050,1.5487869120534015e-07,3.2673848181730136e-05,1.0,1.0,36.119695164276024,14.655409443444913,1.6155038644602595,22.570385944098078,23.09560792023787,6.6642383809577295,1.5866739790612466e-06,1.0653410120580526e-11,checkpoints/modular-addition-training-s0-5f1bc9dee7ab/step_00018050.pt,cc73a3ef5c9a2e2c265b98bc7aaf6828b388207f4b471418614a168caaf7841e
18100,1.4015648730492103e-07,0.00023259923909790814,1.0,0.9998881220817566,36.181823164331234,14.731478654166223,1.7327997447431165,22.539355262102838,23.08297177779893,6.946880413210988,1.8310533771179376e-06,3.9248372342108e-12,checkpoints/modular-addition-training-s0-5f1bc9dee7ab/step_00018100.pt,b2798837803bc767d9d659bb84a2802b2485ad5bc018a22602cb794a35e314c3
18150,0.025507265701889992,0.056526970118284225,0.9911227226257324,0.9810940623283386,36.29430413312718,14.926724507828592,1.8028450366920883,22.28032897719522,23.285813204764775,7.251000055837419,0.9355559545342177,0.7352449729945716,checkpoints/modular-addition-training-s0-5f1bc9dee7ab/step_00018150.pt,0993be68764390239d92df08e56b663f97281980ce879f63eaea28a0340b7136
18200,0.0001012013090075925,0.000761869247071445,1.0,1.0,34.8307162931147,14.376069817529794,1.658002922128892,21.255494420345787,22.426223032121655,7.001922440541,0.008935419624429371,0.26987881831857413,checkpoints/modular-addition-training-s0-5f1bc9dee7ab/step_00018200.pt,8d8a141949f7267a705b9d0ee03463255c3ffecf7f2e7d574607ca8d31b0071f
18250,0.00033053275546990335,0.0009738730150274932,1.0,1.0,33.231196861713684,13.704034642318609,1.5814140698073764,20.32449028448199,21.36017553587648,6.683487463626843,0.007502737001198463,0.09828205661372515,checkpoints/modular-addition-training-s0-5f1bc9dee7ab/step_00018250.pt,009b84eb1a4491a44d4645e00b04c8aa78a784e40ca7523f556585842899f486
18300,0.0009453025995753706,0.0019356893608346581,1.0,1.0,32.11950924355259,13.185837108883572,1.5295487208620047,19.86308107239826,20.470502508997626,6.4709807475849335,0.00495203862038178,0.03579157579202453,checkpoints/modular-addition-training-s0-5f1bc9dee7ab/step_00018300.pt,431868493609d109412bae98741be4128dfcef9042d7a30b8bfae223861b4ffd
18350,0.0013285510940477252,0.002736701164394617,1.0,1.0,31.9135985524001,13.013181890202047,1.5052609340462897,20.131699971873026,20.01216210075583,6.410700700568134,0.004039201109327267,0.013034257879833769,checkpoints/modular-addition-training-s0-5f1bc9dee7ab/step_00018350.pt,b6baf72cd8b7f817b9554b24a386c7c997acb0b49ca868207644b8349dd71b76
18400,0.0010188230080530047,0.0023164283484220505,1.0,1.0,32.31426793716405,13.149703711652405,1.4782227879046688,20.677698111816806,20.0117902360977,6.40883096538637,0.00346361695586365,0.004746720273108894,checkpoints/modular-addition-training-s0-5f1bc9dee7ab/step_00018400.pt,ffb93142e445ea7ef55b035b9e1b86928f4c44ec489c54f1e7474d59e6816449
18450,0.0006461170851252973,0.0016752759693190455,1.0,1.0,32.823201789434755,13.36689528151753,1.4453063255837337,21.166648436286003,20.193826172553905,6.386090694272445,0.0023906028205694474,0.0017286323462299346,checkpoints/modular-addition-training-s0-5f1bc9dee7ab/step_00018450.pt,b764b8faa34d5b21269db658e6885e50b82a057f6145c7cbdf54e0cb9ed1266d
18500,0.00039619088056497276,0.001213572220876813,1.0,1.0,33.32957044427669,13.586805280480265,1.413060260094529,21.593024717912012,20.439723650571274,6.342020939067875,0.0015836655339935765,0.0006295256165667896,checkpoints/modular-addition-training-s0-5f1bc9dee7ab/step_00018500.pt,9ebb9b1fc29f387727663e0941ef039637138e330f4abda0c95c60f8dc2a9a2c
18550,0.00023926990979816765,0.0008841851376928389,1.0,1.0,33.8248002009561,13.79677507568615,1.3835324994266085,21.97794117163466,20.719877808885496,6.285595390221672,0.0010308964373707998,0.00022925890242583272,checkpoints/modular-addition-training-s0-5f1bc9dee7ab/step_00018550.pt,8099e98e5fbbc960aa322a110c28676aad9d209589b80baf76348926b5af9c3b
18600,0.00014333515719044954,0.0006484598852694035,1.0,1.0,34.30320842003621,13.992736764312463,1.357015807201859,22.32778691361945,21.019485585465322,6.222788049943995,0.0006637345186698042,8.34913304881698e-05,checkpoints/modular-addition-training-s0-5f1bc9dee7ab/step_00018600.pt,1abf91147e838970126824cdd42c429a8aa41ec9169750a4c1fd3bc686288c3d
18650,8.543407602701336e-05,0.00048279226757586,1.0,1.0,34.76132986093684,14.173287189156929,1.3335116949050074,22.64574924796063,21.329301957495375,6.1579744655662205,0.00042339871589581617,3.04059873869519e-05,checkpoints/modular-addition-training-s0-5f1bc9dee7ab/step_00018650.pt,f827adf57bc337f5ec75bbe074adcc9462b4edecbc805582ec49d95bddbb9f10
18700,5.078796675661579e-05,0.0003713705809786916,1.0,1.0,35.195072320049384,14.337999297790807,1.3127568021396399,22.931336594467282,21.642702078457734,6.094161965591328,0.00026797052680107577,1.1073363083872884e-05,checkpoints/modular-addition-training-s0-5f1bc9dee7ab/step_00018700.pt,5ae884bbec8ecd699a5e5e74fa6875ca11fdccd55380876e455a80b2e60ac534
18750,3.016173286596313e-05,0.0002906694426201284,1.0,1.0,35.60070590501112,14.487294803141987,1.2946225588831561,23.183213024178578,21.954258335470854,6.033380268717097,0.00016849020484669119,4.03276498739734e-06,checkpoints/modular-addition-training-s0-5f1bc9dee7ab/step_00018750.pt,cb3fbe359d134f2fc6454d8f4203162aa3eb295a26c141118f64a06f528758e3
18800,1.7925069187185727e-05,0.00023249904916156083,1.0,1.0,35.97456426097448,14.621712932732638,1.2791003571798454,23.399625988959837,22.259180722953086,5.977044761059851,0.00010548441067966693,1.4686878127218254e-06,checkpoints/modular-addition-training-s0-5f1bc9dee7ab/step_00018800.pt,7fb3f64c13bc369ce7816dee3b1fff58d8c6f3a2e8c46a646ae49b69f9d72b53
18850,1.0683200343919452e-05,0.00018870970234274864,1.0,1.0,36.31208975140147,14.742132858814532,1.2661701285335443,23.577624364781837,22.552567378206025,5.925498127350091,6.588764233278475e-05,5.34883945065931e-07,checkpoints/modular-addition-training-s0-5f1bc9dee7ab/step_00018850.pt,d7f8ad32f96f1833e9632d608708fc6458c8676b4f8632e663fdf27f4060f6a3
18900,6.399932772183092e-06,0.00015779722889419645,1.0,1.0,36.60864266841168,14.849418923223066,1.2561562575239755,23.71529047799082,22.828299488103053,5.8790549537108845,4.1158609942355664e-05,1.948020507397383e-07,checkpoints/modular-addition-training-s0-5f1bc9dee7ab/step_00018900.pt,c7c7f81ac65d8f57c85b2dde4c4a171c40628f1fcb1d60c4c0a99ac4dceb4b12
18950,3.864343398163328e-06,0.00013467983808368444,1.0,1.0,36.85771860243051,14.944004662340445,1.249341452645774,23.809594554302127,23.07871231876374,5.838110655861994,2.575809504066952e-05,7.094664766424687e-08,checkpoints/modular-addition-training-s0-5f1bc9dee7ab/step_00018950.pt,e5ac2679aa730d3023f18c7712233131d33b9b8fc1055d43ef67b51932899eb4
19000,2.3680515823798487e-06,0.00011932475172216073,1.0,1.0,37.052448753846946,15.025919359994448,1.2461889020028363,23.85923217682373,23.29433871889691,5.8020292006885175,1.618735591959315e-05,2.5838964064090863e-08,checkpoints/modular-addition-training-s0-5f1bc9dee7ab/step_00019000.pt,722000156ae2d74fa74799fe8ad72829483ec3bbf442557f503c0600c8c4ba21
19050,1.4802450323259109e-06,0.00010727282642619684,1.0,1.0,37.185972898327485,15.094917020905138,1.247347967931147,23.864059081331057,23.464177379731144,5.772629178224302,1.0245065922715189e-05,9.410740624129043e-09,checkpoints/modular-addition-training-s0-5f1bc9dee7ab/step_00019050.pt,96249ba201fdf94815484eb8503e167f8cf5d33f3c01610662250ed215ea21de
19100,9.503420415057917e-07,9.53437847783789e-05,1.0,1.0,37.25258087502042,15.15038192960309,1.2538304825855893,23.825999288950886,23.577328976832867,5.751515848812505,6.582271078953683e-06,3.4275058653425698e-09,checkpoints/modular-addition-training-s0-5f1bc9dee7ab/step_00019100.pt,6e55b1d35aca025b3bf399bf37aea29d58c1e8976504caf2f7236047b50a7d98
19150,6.293806222856801e-07,8.940346742747352e-05,1.0,1.0,37.24572718714597,15.189840529254464,1.2665002727650974,23.745495239527198,23.62393465222013,5.741958100807824,4.342552914405082e-06,1.24836027504459e-09,checkpoints/modular-addition-training-s0-5f1bc9dee7ab/step_00019150.pt,9e9d1fa06bef6dad79b5e9d95719f5defb38ec91d3a0566ad591d04a1372eb43
19200,4.386150180835102e-07,8.845401316648349e-05,1.0,1.0,37.15732354112703,15.207869864211464,1.2862036351813877,23.620253083567576,23.595882757349504,5.749002375341349,2.9381675458778798e-06,4.546841741089717e-10,checkpoints/modular-addition-training-s0-5f1bc9dee7ab/step_00019200.pt,6bab203420f52f45de5a06b07b0936bcc76fe8138a59e8c3c66979edb51cfe3c
19250,3.196550437678525e-07,8.179365249816328e-05,1.0,1.0,37.00168156803169,15.20661746531921,1.3150582358319327,23.459301716576086,23.503025445353405,5.781245873300703,2.145515162444931e-06,1.6561490208903538e-10,checkpoints/modular-addition-training-s0-5f1bc9dee7ab/step_00019250.pt,1320d3c0d056e01d51287a52d0a87ec178ae7c80d5ad3887aaecbaa0c3d2981b
19300,2.416866493604175e-07,8.495118527207524e-05,1.0,1.0,36.79839714267529,15.188450608062789,1.3554758437805758,23.273454959358485,23.361284648897872,5.847423316410239,1.7514431605417715e-06,6.033611071840506e-11,checkpoints/modular-addition-training-s0-5f1bc9dee7ab/step_00019300.pt,864ee4cb96881037c5e3ddb92b850adceec7d87ddb9fb2d23f7b6d5c13353131
19350,1.8790242961586046e-07,8.672453986946493e-05,1.0,1.0,36.579652229231854,15.16139092824299,1.4104459918031917,23.079461365042373,23.195451242722463,5.960145063901175,1.5937283186777908e-06,2.1997600015658118e-11,checkpoints/modular-addition-training-s0-5f1bc9dee7ab/step_00019350.pt,d6074b8c649462e73810aa982012ad0ca6c74ff175a1b92b9c65f9c400d082c9
19400,1.513304255240655e-07,9.668584971223027e-05,1.0,1.0,36.43590845414285,15.157546451944466,1.4941384795864188,22.92780578035844,23.066808069708163,6.1505973866813735,1.6912063786832753e-06,8.044538987401435e-12,checkpoints/modular-addition-training-s0-5f1bc9dee7ab/step_00019400.pt,1d0a1c8d3296b417b5f74f9a6e7d98f51420a9f20394547114dc295f27bca0ae
19450,1.4084125155022775e-07,0.00026240863371640444,1.0,1.0,36.60696631173819,15.267127062703475,1.6386272389043444,22.95282845062465,23.131902065052532,6.510183372297332,1.8991942107203565e-06,2.9722121750698616e-12,checkpoints/modular-addition-training-s0-5f1bc9dee7ab/step_00019450.pt,b136f1b3df0256a17f3c407e50b3332e2d87255dc7c0692cae6fdc15327331be
19500,0.000801438931375742,0.009538760408759117,1.0,0.9970914125442505,36.4915631548691,15.348822775775263,1.5992754608414876,22.64421068389122,23.138657529917495,6.732933172156997,0.09865309023960918,0.056047707813490326,checkpoints/modular-addition-training-s0-5f1bc9dee7ab/step_00019500.pt,c14c484ef694ba89e2d8c07a250521e79a57009511e8ea7aa0e629470d122444
19550,5.104059164295904e-05,0.00040661171078681946,1.0,1.0,34.901559203294845,14.685211103415028,1.500616397464187,21.62647338064651,22.13603598853988,6.519441688300274,0.0034006824942806784,0.02041968031980972,checkpoints/modular-addition-training-s0-5f1bc9dee7ab/step_00019550.pt,26d0364487bd409c021a10711fe733831991f774910081ba60fe8f1c546362f7
19600,0.0002075641677947715,0.0005893047782592475,1.0,1.0,33.402220133000604,14.02570746167364,1.4389316183493308,20.759037276810243,21.125208527713532,6.301210344951199,0.0033471272866636946,0.007436417856603307,checkpoints/modular-addition-training-s0-5f1bc9dee7ab/step_00019600.pt,f098881bf7158408e291f0ac63bea6e6aab19de434f0bb2015862794cda8517a
19650,0.00043556312448345125,0.0009894182439893484,1.0,1.0,32.706495829143385,13.608658627841155,1.424363855446683,20.5981410465311,20.44303354038619,6.347395723744593,0.0017244668418663664,0.0027082028992443737,checkpoints/modular-addition-training-s0-5f1bc9dee7ab/step_00019650.pt,b90f14017a8514167d62cfbc4733587eb0f15013949e77eb88e88159f82070f6
19700,0.0004067227419000119,0.0009226507390849292,1.0,1.0,32.870034329166984,13.534586821988123,1.429084656924824,21.002002943843973,20.29270611307966,6.506441758516846,0.0016033340779169154,0.0009862655588739055,checkpoints/modular-addition-training-s0-5f1bc9dee7ab/step_00019700.pt,3c09dcc4da694ba5f6b79c0a1e85aaef6e71077798cfff9c42813f9dec4ea2bd
19750,0.0002686910447664559,0.0006627091788686812,1.0,1.0,33.296759911172614,13.614324402468696,1.4195832696614301,21.445243597089377,20.438280104745363,6.60964510458629,0.0012189931735579283,0.0003591827748017704,checkpoints/modular-addition-training-s0-5f1bc9dee7ab/step_00019750.pt,d88460593dadacc01d483073dc39923da9a4db2f21e3d0587cea38bcfc503514
19800,0.00016655141371302307,0.0004692008369602263,1.0,1.0,33.746000690827216,13.724379115819536,1.4047924274927235,21.8349452026488,20.67382947020189,6.654959186994513,0.0008416614814681606,0.00013081173007088912,checkpoints/modular-addition-training-s0-5f1bc9dee7ab/step_00019800.pt,76ef49f95e9b82ddc730eae0ef47e7d9569dc5ada51933d5a980fd4ed55da7c9
19850,0.00010107421985594556,0.0003365016309544444,1.0,1.0,34.18851296804958,13.83949904992022,1.3902017062426995,22.1848571766711,20.94655734487956,6.668123550001799,0.0005613912612333803,4.7641761921271084e-05,checkpoints/modular-addition-training-s0-5f1bc9dee7ab/step_00019850.pt,7efab9a8b5cfdf171e3bccc5af2c339a02716908177b79ded68053caa02b9ab4
19900,6.077237776480615e-05,0.0002447274455334991,1.0,1.0,34.61366597078403,13.95233522843588,1.3770708510638474,22.497047771257144,21.237086241352312,6.664150286169091,0.00036721123579449194,1.735158130876402e-05,checkpoints/modular-addition-training-s0-5f1bc9dee7ab/step_00019900.pt,6e49cfddf19be0fae6a318b6ef4eec992c95cc9aed4624e16b9c8333b1b916ff
19950,3.6347180866869166e-05,0.00018114582053385675,1.0,1.0,35.016432336748466,14.059777420353685,1.3660558199913957,22.773591687630233,21.53455043442205,6.6508453006588795,0.00023644951850350975,6.319751364151429e-06,checkpoints/modular-addition-training-s0-5f1bc9dee7ab/step_00019950.pt,dc2c72bcd1d9be8dc4c9b19dfe5261cea6d32b9a19c56de74b0c56a3b9ba55b4
20000,2.168815626646392e-05,0.0001371521211694926,1.0,1.0,35.39049653604352,14.160150198342837,1.3570988095302265,23.01152183446476,21.83154978190903,6.6324182038854245,0.00015043404299910738,2.3018111829337147e-06,checkpoints/modular-addition-training-s0-5f1bc9dee7ab/step_00020000.pt,a5f5694426ce3fa1b120d882c045ad1aa2ba74ba124ba1b8b75475e624c70dd7
20050,1.2944262380187865e-05,0.00010575343912933022,1.0,1.0,35.730825198054404,14.252839308714398,1.350311443593879,23.20818721248654,22.12216333281073,6.6117347017106916,9.490749567332792e-05,8.383920289233607e-07,checkpoints/modular-addition-training-s0-5f1bc9dee7ab/step_00020050.pt,fa11e364f83003b6d96a908fba886ae70e384ba0a177e7d04cd79fca41e9764e
20100,7.750716576993e-06,8.2798556832131e-05,1.0,1.0,36.032059868519,14.33749847677536,1.345914146603609,23.36075014403055,22.400408578573177,6.590222995326928,5.95965764887185e-05,3.0537364529454435e-07,checkpoints/modular-addition-training-s0-5f1bc9dee7ab/step_00020100.pt,aad8ec02638668003d27e020e2ce1486a365c821ba5c59e0c3ab81dc23438f90
20150,4.666439963330049e-06,6.569332617800683e-05,1.0,1.0,36.28845438765653,14.413874004322766,1.3441564178367231,23.466596314989765,22.659592577545475,6.568646981371411,3.7338999968586356e-05,1.1123016225495589e-07,checkpoints/modular-addition-training-s0-5f1bc9dee7ab/step_00020150.pt,29e28339c435957d05f7c9c6a5e512f2fd11ec1c39766b18b8637970e024dd58
20200,2.841516561602475e-06,5.2127197704976425e-05,1.0,1.0,36.494334945539435,14.481598694672595,1.345472999049921,23.52476071750717,22.891825709843108,6.546711665157023,2.341683031453621e-05,4.051538190386949e-08,checkpoints/modular-addition-training-s0-5f1bc9dee7ab/step_00020200.pt,7dd5e3d3ede52442b3ec0ce400f495a6f8dd600ac124539501a08dd5dc7565bb
20250,1.7559475509187905e-06,4.248536788509227e-05,1.0,1.0,36.645108284758855,14.540457098080621,1.350428759022773,23.536914976594073,23.08800485060436,6.5248046829337785,1.4775051229645356e-05,1.4757895938043514e-08,checkpoints/modular-addition-training-s0-5f1bc9dee7ab/step_00020250.pt,09ffdf1a5e77e0d1c07ab39be9c0d00d4a20ab17bd67484e675a77f24f2aeebf
20300,1.1124091088277055e-06,3.5229979403084144e-05,1.0,1.0,36.734417770305356,14.58903897281945,1.3595224225589515,23.504576195385336,23.236751215357412,6.50518104178133,9.412675988728605e-06,5.375730988256775e-09,checkpoints/modular-addition-training-s0-5f1bc9dee7ab/step_00020300.pt,35dddd9f1e6c993a5d8ceaddf769cd5fbe0331adfd000ee4092f0b048f1be252
20350,7.246541713357146e-07,2.884340392483864e-05,1.0,1.0,36.757370644100305,14.625728803632596,1.3735661426722217,23.43054093775824,23.327866303614673,6.490460289284391,6.084530443284821e-06,1.958224231147939e-09,checkpoints/modular-addition-training-s0-5f1bc9dee7ab/step_00020350.pt,d35ac1fd937f714f49b5bb8932527942393ed02d59157a9e49e47497bb3b4b20
20400,4.923368237541581e-07,2.411808782198932e-05,1.0,1.0,36.71125601642266,14.649014107158155,1.3933785466018995,23.3174464624611,23.354288491144043,6.484990343875387,4.050984509757802e-06,7.133519210402638e-10,checkpoints/modular-addition-training-s0-5f1bc9dee7ab/step_00020400.pt,2d321333655fbb129cf63d389a1c29510f17e7c67b87a2a2a91e26dad5f80aaa
20450,3.485079105303157e-07,2.0907253201585263e-05,1.0,1.0,36.59982486793579,14.65816407950335,1.4203188287586241,23.170129131227668,23.316171848966324,6.493792956224269,2.8196590283520056e-06,2.5988143065282826e-10,checkpoints/modular-addition-training-s0-5f1bc9dee7ab/step_00020450.pt,c6170448fc983b81e6b17dc0ba4973844705d7146f61639b7cd3a38d0c0ec6a4
20500,2.59521272027996e-07,1.8862916476791725e-05,1.0,1.0,36.42944228489693,14.651773892127066,1.4561566382996816,22.993003661789764,23.218015218492315,6.523415268870855,2.128365362187991e-06,9.469244943669852e-11,checkpoints/modular-addition-training-s0-5f1bc9dee7ab/step_00020500.pt,990418fdf8627a28438db538f075042ff01138540ffd00bee37438fb7b729f51
20550,2.007259780612003e-07,1.750650153553579e-05,1.0,1.0,36.229785498330635,14.637981414431016,1.5037529117241935,22.80248750563784,23.081553611091476,6.5843777989907775,1.750242170869415e-06,3.451760181527387e-11,checkpoints/modular-addition-training-s0-5f1bc9dee7ab/step_00020550.pt,38a364359221df67ab96f1a72db2fd04728b09cc6accf1090829d131c8bbeb11
20600,1.613527018662353e-07,1.763197360560298e-05,1.0,1.0,36.0351508056911,14.625224958628719,1.565906539260496,22.616162030491612,22.93275959722923,6.691829157632837,1.6319310503232233e-06,1.2598789810694206e-11,checkpoints/modular-addition-training-s0-5f1bc9dee7ab/step_00020600.pt,53e77f07211885a5fd982c696e0049b98c954fc056475eb2d9e5df9fd3abd754
20650,1.350208407302489e-07,2.10083308047615e-05,1.0,1.0,35.96436249915425,14.656695253735254,1.6588092442725797,22.50005874091059,22.85227255036084,6.88374912677824,1.6460593324661793e-06,4.6186555313455136e-12,checkpoints/modular-addition-training-s0-5f1bc9dee7ab/step_00020650.pt,be2782e0343534daef2bf377619eb126d48e2771793a8533e2e08cd9010e3ff3
20700,1.4473188514330104e-07,7.901499338913709e-05,1.0,1.0,36.2893746469275,14.83078827846238,1.8171959399552504,22.6038266912311,23.01868196983754,7.271281146026611,1.932957127195388e-06,1.7248961717746562e-12,checkpoints/modular-addition-training-s0-5f1bc9dee7ab/step_00020700.pt,db9e73f391c2e0db8cf5183281f150c9d8fc3c882b06cf0b51747771b6b6db00
20750,0.0003292151668574661,0.006027769763022661,1.0,0.9984338283538818,35.73034468886329,14.792862696955957,1.705813100492687,21.988150948979854,22.782000887924486,7.240207170217015,0.032554626528064075,0.03178163895621244,checkpoints/modular-addition-training-s0-5f1bc9dee7ab/step_00020750.pt,f06fa5cf477f9b80f19036985505431467f6dfeaadb244ce5db39430fa840963
20800,6.520039460156113e-05,0.0004831882251892239,1.0,1.0,34.10080227185758,14.125143909539494,1.6145042005831978,20.97942026840183,21.74080104195506,6.923864279527852,0.002512802640236128,0.011576422506858306,checkpoints/modular-addition-training-s0-5f1bc9dee7ab/step_00020800.pt,4b3a85f758a1a149850125338884b7733bf1e9d9fa3d4dd6ce943a8ad8588643
20850,0.00027292282902635634,0.0007475960883311927,1.0,1.0,32.68536057747203,13.511605551720452,1.5512574880704009,20.193341591373994,20.76469152397383,6.664792043873519,0.0024949779119842583,0.004215896150161354,checkpoints/modular-addition-training-s0-5f1bc9dee7ab/step_00020850.pt,64801239fb32c8ad9698f5eb084cb9b385f2212671da5b5bc80885d109622467
20900,0.0004991130554117262,0.0011301512131467462,1.0,1.0,32.1318183955509,13.193872545383671,1.533933224195487,20.145750560117357,20.157460155264154,6.621787068685656,0.0016869046414355957,0.0015353224692405878,checkpoints/modular-addition-training-s0-5f1bc9dee7ab/step_00020900.pt,4e12f381ff8ae7e5042916319d26dd680b271ef1a7bbf047ca650db094b1a116
20950,0.0004269955097697675,0.001051737810485065,1.0,1.0,32.366086290588385,13.212609590593177,1.5264677751615572,20.58900293600395,20.059515630844594,6.66101917613921,0.0016057512193791356,0.0005591384016014207,checkpoints/modular-addition-training-s0-5f1bc9dee7ab/step_00020950.pt,e920b5bf2cea37e5fb6059e69a4f9e93e291c7e6f4bd4d4e30b09d1a3469c65a
21000,0.00027572657563723624,0.0007895602029748261,1.0,1.0,32.80516514446114,13.349846802320823,1.5060824681881169,21.043447780343953,20.211137932871342,6.661484450431108,0.0011476737750746558,0.000203634995133555,checkpoints/modular-addition-training-s0-5f1bc9dee7ab/step_00021000.pt,8be2ba253816633c5a4bbff98415c5b09003dd450ec82de1f8434d4cabc753ca
21050,0.00016917017637751997,0.0005683577619493008,1.0,1.0,33.249321220290575,13.498213776980636,1.4824326819878322,21.437919530293936,20.435842184916723,6.626457589858208,0.0007656119375898285,7.416479714886645e-05,checkpoints/modular-addition-training-s0-5f1bc9dee7ab/step_00021050.pt,f897f9e7eb016643065a95dd2e935e33b56275ecf816b1858402575a9069f96f
21100,0.00010204469435848296,0.00041286207851953804,1.0,1.0,33.68259301626739,13.64237292065879,1.4600325835656542,21.791775343852674,20.692183574688826,6.5744280756990285,0.0004991157715307929,2.7011910012646055e-05,checkpoints/modular-addition-training-s0-5f1bc9dee7ab/step_00021100.pt,6f11db52fce6f6f732d750b6ad127c131e306535a97277383ac6c0ff58c7ce1e
21150,6.104532076278701e-05,0.000305957772070542,1.0,1.0,34.09976365279285,13.778856657531144,1.4399137074785695,22.110958345280558,20.96456512654303,6.51583985459751,0.00032038117373700515,9.838391295823652e-06,checkpoints/modular-addition-training-s0-5f1bc9dee7ab/step_00021150.pt,0d88496fd4aaa9a672cdf507eff5e770c0cd793063b9e2568afe914817bb15a5
21200,3.6377565265865996e-05,0.00023278917069546878,1.0,1.0,34.49694914403525,13.90625169841833,1.4222919928883497,22.39713050280336,21.244279761316957,6.456149943786242,0.00020316874744402528,3.5834599025403135e-06,checkpoints/modular-addition-training-s0-5f1bc9dee7ab/step_00021200.pt,bf68eced5a5ebe6371883433385e18a0663cdf505e62f5371d6ea5f37b6bc9ec
21250,2.1653453586623073e-05,0.00018144104979000986,1.0,1.0,34.87004709048387,14.02413861356727,1.407185723155512,22.649369456133066,21.52507067418305,6.39851109958976,0.0001277141571373743,1.3052354481754036e-06,checkpoints/modular-addition-training-s0-5f1bc9dee7ab/step_00021250.pt,6a7ecbc652f1b371e3a6993f3f4f1b922a934dd474aca8935484d150b25ded98
21300,1.2901979971502442e-05,0.0001424806978320703,1.0,1.0,35.215019661611095,14.132361343250357,1.3946249650139566,22.865931461749593,21.80201112644876,6.3443268411387,7.983015335138853e-05,4.7542445608293863e-07,checkpoints/modular-addition-training-s0-5f1bc9dee7ab/step_00021300.pt,241a93cf0ea54a3cb8900516bbde8ee9868b58359e148911e5a41a69e6aceef4
21350,7.713582817814313e-06,0.00011193166574230418,1.0,1.0,35.52667627188369,14.230862854847373,1.3846932244626615,23.043542939322144,22.070005314303764,6.294433114911637,4.97558419839564e-05,1.731727630140406e-07,checkpoints/modular-addition-training-s0-5f1bc9dee7ab/step_00021350.pt,5ead3a7bd78a3e0b47dedafe3c4fa51017f2d663a158d9b9c88916f09ea6d71c
21400,4.640960924007231e-06,8.878367225406691e-05,1.0,1.0,35.799078612289186,14.319571285481587,1.3775533439672671,23.178802801401297,22.323258616404125,6.248318166697942,3.100848356318937e-05,6.307869329590225e-08,checkpoints/modular-addition-training-s0-5f1bc9dee7ab/step_00021400.pt,2a3ee019f25e7ffcfd6b6707ce36a576eaec6a17cc1bf403acb35ae13f16334d
21450,2.82374912785599e-06,7.067593833198771e-05,1.0,1.0,36.026549216593104,14.398351668646901,1.373673140481095,23.270054912669654,22.55440385719912,6.206138154472515,1.9395603557835275e-05,2.29768787848878e-08,checkpoints/modular-addition-training-s0-5f1bc9dee7ab/step_00021450.pt,6b74309129eb1abaf0ffdec7e6506b0ad437fd959107c2374a1b778e04a0acb8
21500,1.7442151829527575e-06,5.653894186252728e-05,1.0,1.0,36.20347584198751,14.46681499218274,1.373617018460259,23.316976624860438,22.754877876174767,6.168487434210306,1.22076097926145e-05,8.369618464006927e-09,checkpoints/modular-addition-training-s0-5f1bc9dee7ab/step_00021500.pt,e00ec8c3b1a612aff4b3df4b44ffe5bc17c9e412ea029211b1eeae462211339a
21550,1.103975023397652e-06,4.536677079158835e-05,1.0,1.0,36.32326828911185,14.52428333269526,1.378077447473017,23.319798006916237,22.91405689041578,6.136687474735046,7.757851965105401e-06,3.0487874324164763e-09,checkpoints/modular-addition-training-s0-5f1bc9dee7ab/step_00021550.pt,db77ce293dd026ab16dc27b5204a62ae20bd2dde24faa01bf64b73cdbf868050
21600,7.212928494482185e-07,3.7019017327111214e-05,1.0,1.0,36.38135548942491,14.57005108336405,1.3880136912321208,23.280801201714144,23.022342657960714,6.112780923174832,5.025561385927677e-06,1.1106043896247966e-09,checkpoints/modular-addition-training-s0-5f1bc9dee7ab/step_00021600.pt,7864680a0c04f10ed8e62773a19c1c115073d20a4ab9adce8ea6ccf81b6ec5c9
21650,4.918078388982394e-07,2.9096434445818886e-05,1.0,1.0,36.37354286990546,14.602270114166501,1.4043301252094182,23.201290309564133,23.071805307643906,6.1014845028647935,3.369413349527024e-06,4.04585013697383e-10,checkpoints/modular-addition-training-s0-5f1bc9dee7ab/step_00021650.pt,c97cc496dc6cd12ed30819b3af778ac113e8036a169d4c924c1e490edd579013
21700,3.4897487921625725e-07,2.4020720957196318e-05,1.0,1.0,36.30297668391705,14.620961999498416,1.4282722729141881,23.085708687813387,23.061310624873176,6.108979561367177,2.3903718051321457e-06,1.4740217550785697e-10,checkpoints/modular-addition-training-s0-5f1bc9dee7ab/step_00021700.pt,5db4bb1e190a49b71e19412223906ae0b5f43c5ce44a70a1c037ee190f9cdc23
21750,2.5933454139703827e-07,1.9322083971928805e-05,1.0,1.0,36.178347435320006,14.626629804204818,1.461873894258579,22.93999626132507,22.99566589318194,6.144377112311606,1.860197460978662e-06,5.371717662095269e-11,checkpoints/modular-addition-training-s0-5f1bc9dee7ab/step_00021750.pt,d0d8b983b5442eddbb4cb1c20adbb7441906008222775c4547c47bc3c63b1aae
21800,1.9941873574680358e-07,1.7854168618214317e-05,1.0,1.0,36.03418522253428,14.628910836230032,1.5082733301113167,22.783428888283034,22.899427394777522,6.2220717645392964,1.6257182866949562e-06,1.9591739518603828e-11,checkpoints/modular-addition-training-s0-5f1bc9dee7ab/step_00021800.pt,e5bf8baad66034315155fe03306a53e1c89fbf123a5b4ced23f9f27b44efaa25
21850,1.5867593106122513e-07,1.8229085981147364e-05,1.0,1.0,35.93661510531419,14.64932313912898,1.575997837320026,22.65290921451456,22.818818790588246,6.364045940350914,1.595157315427723e-06,7.163793735764787e-12,checkpoints/modular-addition-training-s0-5f1bc9dee7ab/step_00021850.pt,c954491056ed48f199a71a9e9885e7d66d91cf4456186f61855c54e189623968
21900,1.3632809725550032e-07,5.660140959662385e-05,1.0,1.0,36.054949142479344,14.74898888301684,1.6852478905569237,22.642036487958134,22.866618892686656,6.636455999808109,1.7350621127292805e-06,2.641618296005109e-12,checkpoints/modular-addition-training-s0-5f1bc9dee7ab/step_00021900.pt,12d289dc6e5a0d427191ce8d6a71cf10617379e179a74e98c6d8dcc57c0011ab
21950,0.017133938148617744,0.04611007124185562,0.9937337040901184,0.9854570031166077,36.07643098711877,14.903650760568352,1.7377303866575649,22.33627449218875,22.998315913632258,6.966969701743224,0.4507025352688909,0.12730563239051848,checkpoints/modular-addition-training-s0-5f1bc9dee7ab/step_00021950.pt,ba31b2d326a74dd915253b5b5d3968dd6d5d819753c14e182d6879d7fcc3128c
22000,6.843522714916617e-05,0.000740226823836565,1.0,1.0,34.60825958607895,14.334359727439782,1.6040921635698817,21.326739189122577,22.118240948318007,6.755609818798277,0.005996875451737984,0.04797945291374504,checkpoints/modular-addition-training-s0-5f1bc9dee7ab/step_00022000.pt,4ff660b3c6b2e28b5e5417e88b6d98a1641658cf9c9df2b0712dffa326734ae3
22050,0.0002515533415134996,0.0007601928082294762,1.0,1.0,33.0570699133985,13.672827496326953,1.5337863280817858,20.42248574883874,21.08278600262353,6.473744605778907,0.005000767414110552,0.017472908490573858,checkpoints/modular-addition-training-s0-5f1bc9dee7ab/step_00022050.pt,d7a0a484d390a997af1fc82afdc4394fdda92ff29e79b3e0d742206dacecb465
22100,0.000614425225649029,0.0013315282994881272,1.0,1.0,32.13442223261168,13.202394157837908,1.498731975563767,20.091625665037913,20.28772962489492,6.387979961883815,0.0028506335828744106,0.006363267454981512,checkpoints/modular-addition-training-s0-5f1bc9dee7ab/step_00022100.pt,e0c85dcf9f2364042d15c36fa13f003044a4d7c3b80f8243d0c7ebd3a989c428
22150,0.0007178690866567194,0.0015331286704167724,1.0,1.0,32.11583797097145,13.07399843908838,1.4891364921868175,20.433690285597457,19.97696141190502,6.4548741242243715,0.0024520326957724534,0.0023173495918529627,checkpoints/modular-addition-training-s0-5f1bc9dee7ab/step_00022150.pt,75dc376cf2aa8669e2a6bae5e61f21448acd3ad41e2dda830c37da841b057e82
22200,0.0005140449502505362,0.0012005922617390752,1.0,1.0,32.54385244135018,13.174469472137723,1.4717300882699376,20.950378153427284,20.050775448168224,6.512891489568808,0.001968551003800365,0.0008439309944507521,checkpoints/modular-addition-training-s0-5f1bc9dee7ab/step_00022200.pt,6a1c37ceb19897351bc9a008cdd782230d2e9e2c47d3b24170c393b065454c36
22250,0.0003238283970858902,0.0008533240179531276,1.0,1.0,33.02665823725856,13.32674694915024,1.4481473641222598,21.406852668557807,20.25499183251636,6.522484494204195,0.0013596199366152648,0.00030734693228548965,checkpoints/modular-addition-training-s0-5f1bc9dee7ab/step_00022250.pt,03e97f0dff21af58e7d3a86f047a0b8b4ab8052893b2e1d29e4a2e9747e9668d
22300,0.00019783253083005548,0.00060228630900383,1.0,1.0,33.50116711933947,13.484605991139333,1.4247926714841976,21.811368652972355,20.505000145110177,6.501748380096926,0.0009016755007594668,0.00011193283574018548,checkpoints/modular-addition-training-s0-5f1bc9dee7ab/step_00022300.pt,4f1677e42d4a1ddbd71eab41c88d118f19f45e7aafbce156ccc6ef6acb8e4cde
22350,0.00011908197484444827,0.0004306262999307364,1.0,1.0,33.96062358668212,13.638989448333778,1.4032882538577527,22.17811224270881,20.776719302735234,6.464671350215198,0.0005855373743832684,4.0765509560941626e-05,checkpoints/modular-addition-training-s0-5f1bc9dee7ab/step_00022350.pt,e948c2c95254a52fd022d9f89a99b15d370fd5b1a4beff5eaf2d8679fccb7e3b
22400,7.120335067156702e-05,0.0003123072674497962,1.0,1.0,34.399931674222294,13.78588949745039,1.3839091364526006,22.51039620917884,21.058395161129372,6.419922211429247,0.0003754948049633189,1.4846878852105667e-05,checkpoints/modular-addition-training-s0-5f1bc9dee7ab/step_00022400.pt,9df91dc0689912d92fbb248a0a2a50228421010da0208d449064de62cb925740
22450,4.243765215505846e-05,0.00022975819592829794,1.0,1.0,34.81600149651838,13.924014835941184,1.3667645482104231,22.809096805254946,21.3434002261131,6.372761994636183,0.00023866924541518684,5.4073495565834165e-06,checkpoints/modular-addition-training-s0-5f1bc9dee7ab/step_00022450.pt,140f00c06ba7312602cc63e2a6c6fa98126673ad6712095db8128b19c4de2d4d
22500,2.5258246751036495e-05,0.00017166062025353312,1.0,1.0,35.20526461031343,14.052577548728374,1.3519188287043025,23.073572221669576,21.62629637177425,6.326263207560918,0.00015068813739103662,1.969431045777096e-06,checkpoints/modular-addition-training-s0-5f1bc9dee7ab/step_00022500.pt,d743700cf58ea01fe811df5589b905b7a7a77465cca2e066b6dd778e05ffce1a
22550,1.5046609405544586e-05,0.00013041231431998312,1.0,1.0,35.56319501206199,14.171239102106048,1.3393734116295164,23.30121780164188,21.90246073567974,6.281589235501329,9.470372312215114e-05,7.173053261959293e-07,checkpoints/modular-addition-training-s0-5f1bc9dee7ab/step_00022550.pt,7094c1efe8918a51632ad256056611d55cfcd62bc1e199b10876ebca95025941
22600,8.99095721251797e-06,0.00010071882570628077,1.0,1.0,35.88492336063764,14.279806121547225,1.3292300113314546,23.488854774769198,22.16725961548784,6.239736518171232,5.940065217058185e-05,2.6126088309128074e-07,checkpoints/modular-addition-training-s0-5f1bc9dee7ab/step_00022600.pt,bc7af8e0f51eb3783fd631410228f905815ea3995fffc76912bbc61a342cbe83
22650,5.40415612704237e-06,7.899192860350013e-05,1.0,1.0,36.16549175866788,14.378472528537348,1.3218576238244804,23.634254576455607,22.415038536453263,6.200247764348692,3.721145804364969e-05,9.515940055120741e-08,checkpoints/modular-addition-training-s0-5f1bc9dee7ab/step_00022650.pt,102a571e057bbc8550fe48f36dd392021e5e2d25396f05a67e71c2cd9a79d1ad
22700,3.2770776670076884e-06,6.303364352788776e-05,1.0,1.0,36.39961585762655,14.467540875013874,1.3176947735832698,23.73570484539825,22.63883014428504,6.163250870003698,2.3327357184305186e-05,3.466058552820272e-08,checkpoints/modular-addition-training-s0-5f1bc9dee7ab/step_00022700.pt,f42e09e052f3d102de4463bbd94a6eb958e2797f6ba10e2774526e80ee94f689
22750,2.0143468191236025e-06,5.122125003254041e-05,1.0,1.0,36.58082232745869,14.54642657420833,1.3172611201826165,23.791941570078503,22.829704041928544,6.129517835804308,1.469236781567255e-05,1.262488874298817e-08,checkpoints/modular-addition-training-s0-5f1bc9dee7ab/step_00022750.pt,0bcace77ed8c9a2a8b6cd95ff928b734a1c7d7a587bbc36a36d1305d4547f21d
22800,1.266913841391215e-06,4.193626227788627e-05,1.0,1.0,36.70201786633111,14.614116401283932,1.3212311777263075,23.802587973029638,22.977441259701354,6.098693662447287,9.317066713705367e-06,4.598606461713097e-09,checkpoints/modular-addition-training-s0-5f1bc9dee7ab/step_00022800.pt,eb36e7079698bb36c34a2b74b986ce63e8b461851a9f6217b9b34c017712ab05
22850,8.185895694623468e-07,3.5369041142985225e-05,1.0,1.0,36.759066788880276,14.670001528596128,1.3306096329391095,23.769730549705393,23.072662489442408,6.074675266033354,6.0230985109083e-06,1.6750773559340843e-09,checkpoints/modular-addition-training-s0-5f1bc9dee7ab/step_00022850.pt,985d1d94877af6b73a6b8819125fdec3cc52c420316b87adcbe4031acf04fdb4
22900,5.487354997057992e-07,2.9442440791171975e-05,1.0,1.0,36.74476191118915,14.710882370843404,1.3462595437239784,23.69206680808544,23.106112626127327,6.062060927774745,3.977490122553671e-06,6.101767843362004e-10,checkpoints/modular-addition-training-s0-5f1bc9dee7ab/step_00022900.pt,d4b7486f9a5dbe15b4bf953375604b1d1e892f1aaea0ba45f40e37e33ec9b395
22950,3.8613816855104233e-07,2.4945780751295388e-05,1.0,1.0,36.66196077092474,14.73635519905059,1.36991481428831,23.57311836564004,23.07795955927396,6.064520551360419,2.761021802873467e-06,2.2227807025671531e-10,checkpoints/modular-addition-training-s0-5f1bc9dee7ab/step_00022950.pt,d2d7ed2455881e048715a9cc14657ebac82db36c1d703051c2b8852f58eda478
23000,2.8221145953466475e-07,2.1380345060606487e-05,1.0,1.0,36.52285953104961,14.74742525128312,1.403012269800724,23.420004272158582,22.997334268364597,6.090179783435325,2.0688842545058172e-06,8.098395414919422e-11,checkpoints/modular-addition-training-s0-5f1bc9dee7ab/step_00023000.pt,5e0944d482dbcc19a046113b5669b68054d8adf8adb8ec308176af6a393b8693
23050,2.1501240610177774e-07,1.7785787349566817e-05,1.0,1.0,36.34350342160628,14.745294178421213,1.4473205366284032,23.240796684390855,22.877211991241165,6.1506377551434905,1.7107714089182848e-06,2.951794623821937e-11,checkpoints/modular-addition-training-s0-5f1bc9dee7ab/step_00023050.pt,85f50e575217ff9558d7af0c40c20cccce1c7d56b1f410e53e10ce384b70ed6c
23100,1.696942319995287e-07,1.5680305295973085e-05,1.0,1.0,36.17457586206959,14.74540205531523,1.5078336515392738,23.06355019350314,22.753853386504556,6.2637291803074895,1.6062414216683981e-06,1.0774815731831427e-11,checkpoints/modular-addition-training-s0-5f1bc9dee7ab/step_00023100.pt,c72aeb346f9845930132b15cc7155b4dda65d5cf808e4075e7923b3a6581683e
23150,1.382267384997249e-07,2.2388658180716448e-05,1.0,1.0,36.11933698984164,14.784066311933406,1.596409147218546,22.946326339376352,22.696781252223566,6.466188523414041,1.6287796022509512e-06,3.951179654638036e-12,checkpoints/modular-addition-training-s0-5f1bc9dee7ab/step_00023150.pt,0fa203ebcaeec689714d6dc2930872e4ffaf325821f339e770d1fa2549fbea3f
23200,1.5618590509802743e-07,0.00027812409098260105,1.0,0.9997762441635132,36.485487980858814,14.974516735168919,1.7500594634197972,23.061708740360704,22.912186861625838,6.861578303622652,1.9700273430543642e-06,1.9200345680551605e-12,checkpoints/modular-addition-training-s0-5f1bc9dee7ab/step_00023200.pt,bbbbd6821ca2232bb70d5a6aa391cb21b4ef5f520749109eb69e95cbd00fbd1f
23250,0.00048059161053970456,0.005401660222560167,1.0,0.9985457062721252,35.879154003303995,14.9079489746922,1.6651937720889158,22.217982771786847,22.82836562838413,6.893536345850939,0.09595339211059929,0.277333282103794,checkpoints/modular-addition-training-s0-5f1bc9dee7ab/step_00023250.pt,8abf225eaf770867bc1f69a34c516bcd624fb8c36c318e5df08b84f85102925c
23300,0.00016190187307074666,0.0008578525739721954,1.0,0.9998881220817566,34.25821102312152,14.236139249135189,1.5800828626637702,21.221440655277913,21.789475415241665,6.582546435397982,0.0077032542006585745,0.10099988348612186,checkpoints/modular-addition-training-s0-5f1bc9dee7ab/step_00023300.pt,b10cfb05c1e7fea00abfe812471c26740fc278d68361be32792b450c268dfdca
23350,0.0005189056973904371,0.0012833665823563933,1.0,1.0,32.79668575125808,13.603413530189401,1.516468826868641,20.402851766850326,20.7919804157496,6.299781667771383,0.008288915340697414,0.036782167833378274,checkpoints/modular-addition-training-s0-5f1bc9dee7ab/step_00023350.pt,a9fec7569a1351d1607a13e063773f219bcfdd8597af6e5133106cbadb5143bc
23400,0.0010740527650341392,0.002219075569882989,1.0,1.0,32.01849816913964,13.199628637084226,1.487994335965242,20.19255587973945,20.085777201705255,6.12879620753187,0.0036362180838013618,0.013395217658989355,checkpoints/modular-addition-training-s0-5f1bc9dee7ab/step_00023400.pt,dcde16e40fa555bb6d88a09a7456194f7355ba054343349c78fb36b5c6dd7876
23450,0.0011276986915618181,0.0023453468456864357,1.0,1.0,32.116358015713935,13.154879652132388,1.4779269333599239,20.584256665008457,19.89831783573771,6.047367226164855,0.003753065259887398,0.0048782437872515036,checkpoints/modular-addition-training-s0-5f1bc9dee7ab/step_00023450.pt,183babc79c5e6bf6eaea7338d3b5bf8774e43f70acb565ae3dd2432541a53271
23500,0.0007788159418851137,0.0017692900728434324,1.0,1.0,32.61223344007134,13.315664956931505,1.4582258809535373,21.10546219051801,20.072171681921336,5.98262514960289,0.0028631025329394115,0.001776594273428135,checkpoints/modular-addition-training-s0-5f1bc9dee7ab/step_00023500.pt,f47f5931633cda2ac0aeb434cead3120096fcc53fdcdce6587c27ff98321285e
23550,0.0004848132375627756,0.0012379541294649243,1.0,1.0,33.15543537398958,13.513949716570018,1.433014897395447,21.572257962785912,20.356775649617138,5.902702579228765,0.0019363391918529908,0.0006470246720234491,checkpoints/modular-addition-training-s0-5f1bc9dee7ab/step_00023550.pt,d4a08ece05c24114663edc1d4e78d4effffb94e2088ce34e912b573b572fbef1
23600,0.00029476851341314614,0.0008588829659856856,1.0,1.0,33.689060753598056,13.71103833009275,1.408035257448267,21.99036004394529,20.678846632385582,5.812662572011283,0.001275199555102787,0.00023564620187192892,checkpoints/modular-addition-training-s0-5f1bc9dee7ab/step_00023600.pt,03868ae58fef11f3e87c696b3997d4470eb9da4cf7bcbec0e51086eac306cb01
23650,0.00017729804676491767,0.0006000550929456949,1.0,1.0,34.206250479324275,13.900192986232522,1.3850575419041375,22.37126349117298,21.01787253624968,5.719215528711201,0.000827438428851917,8.582362050582455e-05,checkpoints/modular-addition-training-s0-5f1bc9dee7ab/step_00023650.pt,64631f1d3e70992cedd1d3b76966393c98c346439cd9723f4ce2273c12043d39
23700,0.00010604687122395262,0.0004246215394232422,1.0,1.0,34.702078295262126,14.078409176476855,1.364422232731003,22.718152719651002,21.363537344429606,5.626348210055935,0.0005311933350029035,3.1257883752061e-05,checkpoints/modular-addition-training-s0-5f1bc9dee7ab/step_00023700.pt,9d307e64ac29ee23613e995a06a2b0b283d05889f078c854d6519850496f54c2
23750,6.322847912088037e-05,0.00030518791754730046,1.0,1.0,35.17389335805196,14.244711389085701,1.3461626530795603,23.033147166722664,21.709439286913188,5.536532756215211,0.0003380577155682077,1.138461457522905e-05,checkpoints/modular-addition-training-s0-5f1bc9dee7ab/step_00023750.pt,491cf0895003a519ed248b3023c89980c6f90b536e6b472ae97163bc75592a3a
23800,3.765171641134657e-05,0.00022354077373165637,1.0,1.0,35.618880941543416,14.398727144674401,1.3301887077463987,23.316580026173717,22.050597865270316,5.45162029217169,0.0002136654252742152,4.146509824030829e-06,checkpoints/modular-addition-training-s0-5f1bc9dee7ab/step_00023800.pt,2bb44bda5577c4132ac3e8e056476f7d2d9d9a6a498b299527ac325e204a512c
23850,2.2430522221839055e-05,0.00016728640184737742,1.0,1.0,36.033565114672925,14.540350501290916,1.3164654534768303,23.567245784825403,22.38267466584054,5.37249865551907,0.00013437867075586114,1.5102617151774827e-06,checkpoints/modular-addition-training-s0-5f1bc9dee7ab/step_00023850.pt,5f38f6c9de621be1406946af5a67b020ae9ac8fb79a6dda09b9032b9df17a4cf
23900,1.3387998478719965e-05,0.00012866358156315982,1.0,1.0,36.414418922879214,14.670060380157375,1.305005440005829,23.783407434728055,22.701441748159343,5.300025290853467,8.423990729549506e-05,5.500810229457991e-07,checkpoints/modular-addition-training-s0-5f1bc9dee7ab/step_00023900.pt,d9887cd09cdb9176e322016eec1e786fab734ad549cdfac1fb32722e10dea075
23950,8.021886969800107e-06,0.00010144063708139583,1.0,1.0,36.757091169060494,14.788210831805433,1.2959492990722492,23.962701139073264,23.00226174060394,5.234309501274862,5.275831456820264e-05,2.0035761298130956e-07,checkpoints/modular-addition-training-s0-5f1bc9dee7ab/step_00023950.pt,e2294f45faba88f737b71f1c32dac69c1cebc7fb0ca98df3f9e8d1cd3b4ccce5
24000,4.8405695451947395e-06,8.154898387147114e-05,1.0,1.0,37.05574112793635,14.89507282446041,1.2895401604761596,24.10190753365324,23.27907163581266,5.175395567790495,3.305262230003157e-05,7.297764937876917e-08,checkpoints/modular-addition-training-s0-5f1bc9dee7ab/step_00024000.pt,1a4e8b7452b1213f113080ebfaa912ce96d4d446518aaff0f4eec28dda2778c5
24050,2.951300984932459e-06,6.688653229502961e-05,1.0,1.0,37.304286306528,14.990791909466985,1.2862940683522297,24.198874581712857,23.52441298583967,5.123265070868659,2.0768610652105543e-05,2.6581454230997635e-08,checkpoints/modular-addition-training-s0-5f1bc9dee7ab/step_00024050.pt,74587f9f5483338cd29b835d2fac432bdaf4719015551275d5ac6a2e30eba7f6
24100,1.8266661072630086e-06,5.514802614925429e-05,1.0,1.0,37.494996389774535,15.074808937261194,1.286766956892786,24.251112379616607,23.72879675123431,5.079062281833395,1.309467102636448e-05,9.682161511846701e-09,checkpoints/modular-addition-training-s0-5f1bc9dee7ab/step_00024100.pt,d1cd3afc6ecb78f64f2a18e6697361fc98a32913ed941c3f540fe93cef500e6d
24150,1.1588175539145595e-06,4.781187453772873e-05,1.0,1.0,37.621426288664736,15.146743834416789,1.291725504132305,24.25815846241447,23.88244397424544,5.044792390116962,8.341398675591951e-06,3.5267148810658226e-09,checkpoints/modular-addition-training-s0-5f1bc9dee7ab/step_00024150.pt,e450d8f0a6c057635f6d7df69051ccd4737db68883770ce3a401ba3ffac260a6
24200,7.606351459799043e-07,4.101335071027279e-05,1.0,1.0,37.67557453522147,15.20429371788744,1.3020003571568064,24.218892136818546,23.974931754576666,5.023054369379309,5.439616042064375e-06,1.2846235378416138e-09,checkpoints/modular-addition-training-s0-5f1bc9dee7ab/step_00024200.pt,e5fcef34a2935ede9626b50932e938ec24c0782c9e8e928e0075d47cd1b91615
24250,5.172993269297876e-07,3.552950875018723e-05,1.0,1.0,37.652442308686986,15.244944479298816,1.3187430192761043,24.133508753022667,23.999198241835366,5.017094328201646,3.6416236621707297e-06,4.679448496491439e-10,checkpoints/modular-addition-training-s0-5f1bc9dee7ab/step_00024250.pt,5732a6b3b7a504d06399fd12ab7f5e25aeee3ce637c94f934a9be8e3af6248a8
24300,3.6957968063688895e-07,3.099389869021252e-05,1.0,1.0,37.55558845242383,15.267559969782916,1.3434631253996663,24.00549967096483,23.956676636352285,5.0331474741123605,2.6041022847491676e-06,1.7046889115305547e-10,checkpoints/modular-addition-training-s0-5f1bc9dee7ab/step_00024300.pt,dc183030bfd565907922aca67d89bf26b7dc44a620ed39cba45a14eeb87c8346
24350,2.734031454565411e-07,2.9423177693388425e-05,1.0,1.0,37.40507381208135,15.275593661816162,1.378904260250418,23.84739753484717,23.861614009401062,5.081280929915147,2.04686251597629e-06,6.211601580752678e-11,checkpoints/modular-addition-training-s0-5f1bc9dee7ab/step_00024350.pt,53fc5c0dc07bf9ae98b9b919e3b2515e3da79c5e3b95f1ca03ed8f845a47873c
24400,2.0838278658175113e-07,2.954088631668128e-05,1.0,1.0,37.22320384736149,15.272576930877026,1.4279326130583145,23.671557854711043,23.73099645718149,5.17430796199278,1.761291435969755e-06,2.2650518723847445e-11,checkpoints/modular-addition-training-s0-5f1bc9dee7ab/step_00024400.pt,484b0cd70c756794926cf790106a686568b16c8cdebd3423180ed7ffea0b2e68
24450,1.643718405830441e-07,3.424943133722991e-05,1.0,1.0,37.0803898121656,15.281776077145379,1.4998216746895876,23.517716363956204,23.613230860305713,5.339055052786556,1.7466823726977361e-06,8.280212968061677e-12,checkpoints/modular-addition-training-s0-5f1bc9dee7ab/step_00024450.pt,b09725e6f06fb66347c35653a2dcfb6090d4725d236ad6f499d1c8af4a7355e2
24500,1.4302000295174366e-07,8.799723582342267e-05,1.0,1.0,37.17581800822482,15.377162631471853,1.6218875843762974,23.498815963758165,23.639633894098772,5.6504116933163235,1.949328977871978e-06,3.0549651864559744e-12,checkpoints/modular-addition-training-s0-5f1bc9dee7ab/step_00024500.pt,9491add663b9bfba04dd9e6a3f93c8d08c00138a39a53e475ddc2ca4078e7f5e
24550,0.0002801143273245543,0.003780798055231571,1.0,0.9985457062721252,36.33422904634283,15.258249023870581,1.5470020474241815,22.63014175179551,23.221593931939353,5.796816482922318,0.069880636305747,0.09351821699733624,checkpoints/modular-addition-training-s0-5f1bc9dee7ab/step_00024550.pt,ec525c477fc9d9e79eceba99541655be9155916aa87f978a3cabe0d76fa377ac
24600,0.00013190240133553743,0.0006882758461870253,1.0,1.0,34.7235963784262,14.574323555503863,1.4692807245437425,21.639355713836025,22.16951967248256,5.604385272739881,0.006355539272588442,0.03405924902446609,checkpoints/modular-addition-training-s0-5f1bc9dee7ab/step_00024600.pt,333f11e04c354cc96e01af9bdf3e2c09d3638ad050f20a5ee138b83c282a7465
24650,0.0003863927267957479,0.0010694380616769195,1.0,1.0,33.40710898423184,13.960173969471898,1.422810999905738,20.93743722360667,21.224158814169385,5.5029889535974865,0.0046131939697201755,0.012403963100819164,checkpoints/modular-addition-training-s0-5f1bc9dee7ab/step_00024650.pt,d846d128532e6314e20684ecaecb7e4013181a2ddd8855fde79874336b3fc313
24700,0.0006059402949176729,0.0014031657483428717,1.0,1.0,32.91058919025444,13.61329486599168,1.4162756115287163,20.880631125384774,20.69690085027271,5.6050678972729235,0.0024343825650890677,0.004517257628582961,checkpoints/modular-addition-training-s0-5f1bc9dee7ab/step_00024700.pt,153cbe76d0cabaf0b2bcd593f9b42baa1e23bea60e9e9f86517de7d179b8e38b
24750,0.0005344254896044731,0.0013129276921972632,1.0,1.0,33.133276289413345,13.574654246558064,1.4143703371821161,21.201295688198865,20.705432995293403,5.773423761103845,0.002243693597041272,0.0016450804346471398,checkpoints/modular-addition-training-s0-5f1bc9dee7ab/step_00024750.pt,e5bf67c86997f5ef1b1287044b05317213d3cf5aed7e318fad0ea9a90a7048d0
24800,0.0003506825305521488,0.0009949966333806515,1.0,1.0,33.58704679430573,13.672476077433927,1.398794549139472,21.547769894901442,20.979568326210615,5.8947272614105435,0.0016558631360003811,0.0005991116668475343,checkpoints/modular-addition-training-s0-5f1bc9dee7ab/step_00024800.pt,cd6d4ef0052ae33d93b1dade942092b434e5ceca67a0a48186b38dee0354800a
24850,0.00021593995916191489,0.0007346188649535179,1.0,1.0,34.058412604962626,13.794549742078962,1.3786847729005591,21.858247286528602,21.317932495074523,5.962203835543443,0.0011241112393644232,0.0002181917011693513,checkpoints/modular-addition-training-s0-5f1bc9dee7ab/step_00024850.pt,e9f8cf09ee01d8651683bd8a870ee114509229c656cbcdacff3d2f2943b5a967
24900,0.00013021801714785397,0.0005521224811673164,1.0,1.0,34.52029299384173,13.918019417071031,1.359281013272575,22.145337836961673,21.672529858437297,5.9980980848637575,0.0007425618046457221,7.946575874426598e-05,checkpoints/modular-addition-training-s0-5f1bc9dee7ab/step_00024900.pt,ed6ece82dc88b5e89f412ec83337cdec731cb6d88a46d6bbfcb3212092ac2240
24950,7.771261152811348e-05,0.00042582181049510837,1.0,1.0,34.96360237066179,14.03628276647283,1.3417302676889176,22.40982186723695,22.0279976839093,6.016911054563363,0.0004809335844342707,2.8942335537752678e-05,checkpoints/modular-addition-training-s0-5f1bc9dee7ab/step_00024950.pt,aab928450aecdc9ad83fcd61b9e6cc52df0f1b2be4ff7aebc2898c859357cf5b
25000,4.6138546167640015e-05,0.0003368170582689345,1.0,1.0,35.38223997424173,14.14638462605507,1.3262808567544158,22.64948667889268,22.37636520126704,6.026833352411296,0.0003064041648047837,1.0541385321202487e-05,checkpoints/modular-addition-training-s0-5f1bc9dee7ab/step_00025000.pt,9f759dffeea708792202661efaff5d7cf475b4ed72b29c75440b701854a8223d
25050,2.7349567972123623e-05,0.00027587337535806,1.0,1.0,35.77193855636147,14.247567600480744,1.312958711424408,22.861821515804056,22.712593121482836,6.032393857285486,0.0001926898791209106,3.839461997641312e-06,checkpoints/modular-addition-training-s0-5f1bc9dee7ab/step_00025050.pt,0b975c3aa0af70d1b74964b2ace573faef99e36c47e52ec99a71ecaa6ab32240
25100,1.6223042621277273e-05,0.00023317131854128093,1.0,1.0,36.128906574592946,14.339680698072675,1.3018872651298474,23.044737910526663,23.03236936485054,6.0354414402021614,0.00012020801272385253,1.3984595593657412e-06,checkpoints/modular-addition-training-s0-5f1bc9dee7ab/step_00025100.pt,0ccac72ea38c8fec6abd5b31e7f06cc1692959c53d8d9cfc70cc55ba4b786a08
25150,9.652305379859172e-06,0.00020216518896631896,1.0,1.0,36.44848235971633,14.422736596377169,1.2932217186071044,23.19529065877506,23.330969247130287,6.037257508919189,7.461686691648683e-05,5.093718811869496e-07,checkpoints/modular-addition-training-s0-5f1bc9dee7ab/step_00025150.pt,f0087ddc742e42d175fb39eadfa263cf4574338a71674a2b62192873833820cd
25200,5.77911077925819e-06,0.00017746460798662156,1.0,1.0,36.724535552132615,14.496914501070073,1.287122645639977,23.309655616872877,23.60246660283957,6.038031305668021,4.6236049539898235e-05,1.8553440040508686e-07,checkpoints/modular-addition-training-s0-5f1bc9dee7ab/step_00025200.pt,3b3eb1f7c4506d2023e28e412c2d4b3ca8f2d565c30176aa15683f9bded07608
25250,3.4907482131529832e-06,0.00015463383169844747,1.0,1.0,36.95064392590409,14.562313148350936,1.2839920463562613,23.38533944057785,23.839423650354437,6.037239932376995,2.8731000554862112e-05,6.758002557106822e-08,checkpoints/modular-addition-training-s0-5f1bc9dee7ab/step_00025250.pt,45f64cef4e18457624ddbc77243e65ebe845cc4c919ed49891aab3ce00a5b62e
25300,2.139126308975392e-06,0.00013344475883059204,1.0,1.0,37.11922251294724,14.618593388388838,1.2844067497591707,23.42042336298717,24.03204970302871,6.035566517023805,1.7930354010149238e-05,2.4615949261228356e-08,checkpoints/modular-addition-training-s0-5f1bc9dee7ab/step_00025300.pt,1412b5cd716392e018c9ebe53af229cc95c0db4fc496f2581ce038bb6b672e16
25350,1.3380966947806883e-06,0.00011433885811129585,1.0,1.0,37.22222299477221,14.665074342317277,1.2891193510223473,23.413991246989077,24.168843409266625,6.0348713863630845,1.1276208982095936e-05,8.966432915275605e-09,checkpoints/modular-addition-training-s0-5f1bc9dee7ab/step_00025350.pt,249c66d8b84469a219bef2d6cb0b301a923b2476c60428bf3a8680dcc14f5f67
25400,8.615110118626035e-07,9.376327216159552e-05,1.0,1.0,37.252647637814796,14.700473395144105,1.2990413374217333,23.366033198463487,24.239548202798847,6.036648497470386,7.172609056532015e-06,3.266091761332232e-09,checkpoints/modular-addition-training-s0-5f1bc9dee7ab/step_00025400.pt,2e0327b58ca70ba6b44ceb42f7388604d9d18f8592585a496bbdb9fae6f95991
25450,5.762189516644867e-07,7.168969023041427e-05,1.0,1.0,37.20473341407278,14.722324641565109,1.3149861676019903,23.27622461450745,24.23648837293161,6.043687283716135,4.681743888070117e-06,1.1897204714006975e-09,checkpoints/modular-addition-training-s0-5f1bc9dee7ab/step_00025450.pt,8e8b2c820d10ef18d40413ac8e99db6cf79529d0982d77cb8836e848c73d992e
25500,4.0307014614882064e-07,5.00370078952983e-05,1.0,1.0,37.079491890611294,14.728465250950487,1.3380704539757033,23.14633442719057,24.15885286914468,6.063631610621009,3.176655678848898e-06,4.3338732903087073e-10,checkpoints/modular-addition-training-s0-5f1bc9dee7ab/step_00025500.pt,103e6452a3c2dba24336d8bb0093448849f2fb4d6215d4dc6f3ad1d2c3b6520f
25550,2.939767966836371e-07,3.583401849027723e-05,1.0,1.0,36.883450411217574,14.717610008132862,1.3696820289446403,22.979992630654827,24.011892802897087,6.103587776223764,2.291187229356923e-06,1.578851789432643e-10,checkpoints/modular-addition-training-s0-5f1bc9dee7ab/step_00025550.pt,444b59e4fc0065e8d545193c49bf73c05248111dfc6eddcee5aec5c52e861068
25600,2.2450556969033642e-07,2.566177681728732e-05,1.0,1.0,36.642228622081475,14.694534827230115,1.4126310941998077,22.790488449450898,23.816218458173246,6.173282156512936,1.8485823912576707e-06,5.753366734947647e-11,checkpoints/modular-addition-training-s0-5f1bc9dee7ab/step_00025600.pt,97aee8df58353198d667fe302d8f6667cc0b53578a394cf3a5569d159ac6d246
25650,1.7691525044938317e-07,1.674797931627836e-05,1.0,1.0,36.39119413105604,14.667853279214066,1.4701967665308877,22.596001147740672,23.599330784703877,6.285215237107556,1.6805631695834585e-06,2.0983945238187544e-11,checkpoints/modular-addition-training-s0-5f1bc9dee7ab/step_00025650.pt,0029ed8b93262c61979aef526587181ec3e5b14a870373b7419f3f9658573558
25700,1.4295775940809108e-07,1.517635701020481e-05,1.0,1.0,36.218834472594494,14.667994882583795,1.5538718754636849,22.445665968011273,23.42160250325078,6.469930007698319,1.6811874425684977e-06,7.675790866362726e-12,checkpoints/modular-addition-training-s0-5f1bc9dee7ab/step_00025700.pt,2293813127a8252793bb9d6a4cda395c704afe7ff9c164f8b02441c13b4b8d22
25750,1.3838236156971107e-07,3.2950385502772406e-05,1.0,1.0,36.352921119711596,14.778865157263585,1.6956541625701345,22.46748403551492,23.433046428110778,6.808029947954029,1.951803041833099e-06,2.839727612776153e-12,checkpoints/modular-addition-training-s0-5f1bc9dee7ab/step_00025750.pt,d9f2c3db51890b07ecc7b9c0b77e61b5bf6a73882eef634823fb35ee67b137cb
25800,0.00038358563324436545,0.005134868901222944,1.0,0.9984338283538818,35.9230522570381,14.802446522627745,1.6406152196397703,21.858646074305014,23.29401899875535,6.946215717325291,0.06245176517947562,0.04365199995933772,checkpoints/modular-addition-training-s0-5f1bc9dee7ab/step_00025800.pt,ca2b92e4f8745771383d743506ec01cc2606ddec0eb7db1fd5d2ed163f52d41d
25850,6.986858352320269e-05,0.0005776524776592851,1.0,1.0,34.33882153641001,14.15811923825516,1.550804079673245,20.898965060203707,22.25305653583994,6.658232879400474,0.0023366944378806357,0.01589705482687522,checkpoints/modular-addition-training-s0-5f1bc9dee7ab/step_00025850.pt,f89b32adb8ecba39e93f180fce9e2218df3b30ff4fc2a848af3cf81706472c17
25900,0.00028658960945904255,0.0008178752032108605,1.0,1.0,32.919803012466716,13.540180757539785,1.489659757802466,20.13445815982236,21.25098695327973,6.415371958089652,0.0021989912397549823,0.005789281130962485,checkpoints/modular-addition-training-s0-5f1bc9dee7ab/step_00025900.pt,d40a8adadceea929cf681086b4ccdc4410a0985e0a3be0267f6ccbffa0b75dae
25950,0.0005459067760966718,0.0012461222941055894,1.0,1.0,32.383733309726864,13.209024314179517,1.4698434131165472,20.129165380772733,20.646270675316895,6.373039177574214,0.001805914969672568,0.0021083056554403764,checkpoints/modular-addition-training-s0-5f1bc9dee7ab/step_00025950.pt,5304845aa6db935cc4ac217dabebcd60279cfcd6cc182d557b105cafd16844d7
26000,0.0004821239272132516,0.0011694004060700536,1.0,1.0,32.66198638530208,13.219032557714824,1.458399681343879,20.59963755805161,20.59652318707905,6.4322444233886555,0.0017747303107709766,0.0007678003016556133,checkpoints/modular-addition-training-s0-5f1bc9dee7ab/step_00026000.pt,1bb9835affebb1ddc4298837f625fcf36504e240bfb31740d2e662c4015ce024
26050,0.00031369493808597326,0.0008561566355638206,1.0,1.0,33.155684610800634,13.353181182051305,1.436872782207561,21.073791469525705,20.809143424704597,6.46546471392145,0.0012857652009649228,0.0002796243498078076,checkpoints/modular-addition-training-s0-5f1bc9dee7ab/step_00026050.pt,18ac156231fffeeb020a5fafa8494526f07d0c02eebea7276df1e57547c0c493
26100,0.00019353689276613295,0.0006023876485414803,1.0,1.0,33.65205629927526,13.499483075245625,1.4132491397621698,21.485310324178073,21.091749857390436,6.461199963377369,0.0008665987785494658,0.00010183883924442486,checkpoints/modular-addition-training-s0-5f1bc9dee7ab/step_00026100.pt,c9f91bb689eed1057e10081350daf4ae99c252c9731f0382ee5d7b2cb3546f2a
26150,0.0001171648982563056,0.0004214446234982461,1.0,1.0,34.131751513876104,13.642121906317987,1.3911885420945205,21.852512327859795,21.40062383617373,6.435415302978985,0.000570224934107378,3.709064390916685e-05,checkpoints/modular-addition-training-s0-5f1bc9dee7ab/step_00026150.pt,605b9cb7b07d2a46d29bd7d25734bd81ffdd206e34b317ac289201f3c72a2909
26200,7.026048115221784e-05,0.00029694740078411996,1.0,1.0,34.589093645750225,13.777314567497537,1.3714459784135824,22.182700228645427,21.71860183856378,6.398459440754482,0.0003688390287599738,1.3509139704155076e-05,checkpoints/modular-addition-training-s0-5f1bc9dee7ab/step_00026200.pt,763c0fff93e653566a58f70b4b8cdd4817c31924120de2af0227cb89f6b2817a
26250,4.1950905142584816e-05,0.00021209221449680626,1.0,1.0,35.020253042623004,13.9037017116635,1.3542721873027952,22.478163997151153,22.036257647632173,6.35662181740265,0.00023549707640079423,4.920423242704905e-06,checkpoints/modular-addition-training-s0-5f1bc9dee7ab/step_00026250.pt,9c802ae749d63a7dcb5613a461b8345bd24d5be35320f0948377d2088a9b95a7
26300,2.5005825591506436e-05,0.00015422179421875626,1.0,1.0,35.4217078208057,14.020949000228406,1.3397167190282795,22.738611721645913,22.3474113577908,6.313816260090866,0.00014877367877593397,1.7922029592917823e-06,checkpoints/modular-addition-training-s0-5f1bc9dee7ab/step_00026300.pt,da714c358574f2295de993b5f9159b0e9ab7d3d651d36f3590c0f42e1faf84aa
26350,1.4914736311766319e-05,0.00011363677913323045,1.0,1.0,35.788840310806485,14.128973237477368,1.3277329581413728,22.96100685876646,22.64722119995012,6.272628411689159,9.340381344038407e-05,6.528005522709014e-07,checkpoints/modular-addition-training-s0-5f1bc9dee7ab/step_00026350.pt,3b3a5cf85f5bb39b9503e1be6a9a679cae5fdcd03e2078f61ec844e19309e190
26400,8.923252607928589e-06,8.441056706942618e-05,1.0,1.0,36.11655516547904,14.22764807438538,1.3184343832397325,23.142176688695177,22.930732573525262,6.233977848877988,5.836796976754092e-05,2.3778321760145864e-07,checkpoints/modular-addition-training-s0-5f1bc9dee7ab/step_00026400.pt,9d50be279a6515bcd27521275c2139bdb9f982d3370f1f7976732969eceb1509
26450,5.368371148506412e-06,6.408944318536669e-05,1.0,1.0,36.39929880506607,14.316928275089651,1.3120354263182845,23.27915783207922,23.192192424811743,6.1980724799051625,3.643240674832291e-05,8.661409368116016e-08,checkpoints/modular-addition-training-s0-5f1bc9dee7ab/step_00026450.pt,d901c60a1c70fd1c094235128d065905d4fe086c5920b9633fc3f5f1c2ec9b66
26500,3.2570053463132353e-06,4.94176238134969e-05,1.0,1.0,36.63067645166114,14.39650394190103,1.3088024595721537,23.36947812913507,23.424038414722084,6.165718449331693,2.2785936789926958e-05,3.1550228499924074e-08,checkpoints/modular-addition-training-s0-5f1bc9dee7ab/step_00026500.pt,d74d3456651aea7eb45dc7892af26d30bfb74e6498a6f82548f2af3d92df0757
26550,2.007375996981864e-06,3.830604691756889e-05,1.0,1.0,36.804234983584635,14.46617351670268,1.3093273739229245,23.41316625786442,23.616152622272896,6.137440789333401,1.4290793949423198e-05,1.1492720288295827e-08,checkpoints/modular-addition-training-s0-5f1bc9dee7ab/step_00026550.pt,950e92782cc48191198dc2cd5878869e6c50823b5aa9f21d788c542ff2fcd9c9
26600,1.2622764415937127e-06,2.9761587938992307e-05,1.0,1.0,36.914564927408136,14.52523539369437,1.314194523396431,23.411559181156502,23.75890918428871,6.114627083657897,9.053875928436591e-06,4.18649519560844e-09,checkpoints/modular-addition-training-s0-5f1bc9dee7ab/step_00026600.pt,c93668fa96fec40338152973d64b7969c1b2637ef60feb18258c1efba46ac572
26650,8.18620947029558e-07,2.3432894522557035e-05,1.0,1.0,36.95425086845689,14.57161245337817,1.3241792816065268,23.36583624224042,23.840535871386614,6.099005087184051,5.818042963016709e-06,1.5250622510503814e-09,checkpoints/modular-addition-training-s0-5f1bc9dee7ab/step_00026650.pt,b05d2d291237f37aeca4eaae3b2e37cac2153842429dc1550f8482a494c214b5
26700,5.518792249858961e-07,1.869163133960683e-05,1.0,1.0,36.92043966863826,14.603997633628016,1.340294266303754,23.27816671519375,23.85434859940967,6.094484145499587,3.830940817423402e-06,5.555679755179781e-10,checkpoints/modular-addition-training-s0-5f1bc9dee7ab/step_00026700.pt,5cf2f9d342b72e9388bbeef7d407a5b56c603c1d0cc4378b5c112dadd9e7546c
26750,3.8713420735803084e-07,1.4922126865712926e-05,1.0,1.0,36.81783463318621,14.622501019827936,1.363877122052247,23.153392437506472,23.801296259595823,6.106878514878712,2.6643264628524253e-06,2.0240323885213873e-10,checkpoints/modular-addition-training-s0-5f1bc9dee7ab/step_00026750.pt,53a02eac17514d6e403f90aad3f39abb616e81384a305d74c9800ac5174265cd
26800,2.835188297467539e-07,1.211512881127419e-05,1.0,1.0,36.654368198632675,14.626085356289773,1.3967153354764852,22.996461480121397,23.687093873625265,6.144417358746243,2.000457571321491e-06,7.375298107203637e-11,checkpoints/modular-addition-training-s0-5f1bc9dee7ab/step_00026800.pt,c8518cbbfed1235a8ea5f8aa439f7bb88cbe6ec5e244cb4f0bf70caf956006fa
26850,2.1566603436440346e-07,1.0825972822203767e-05,1.0,1.0,36.450282153566235,14.618160759947278,1.4408929005272217,22.81752170375584,23.527598442314623,6.218447358944407,1.68332088060067e-06,2.6890326220133913e-11,checkpoints/modular-addition-training-s0-5f1bc9dee7ab/step_00026850.pt,5380b617cd4e737394368f3bb04f9d3a67f694f37dd9010fe1b864760c30d760
26900,1.7090812320930127e-07,1.1909483873751014e-05,1.0,1.0,36.26462148431085,14.617885435878298,1.5041479041275083,22.6494943416029,23.364665628470647,6.345907500574415,1.5991282332978165e-06,9.823651525966456e-12,checkpoints/modular-addition-training-s0-5f1bc9dee7ab/step_00026900.pt,616a1f86de7dbcf22373a049044fef4418f24d9088b44e68c33b6b9e9506382e
26950,1.4127699898836e-07,1.7901889805216342e-05,1.0,1.0,36.21528767336847,14.666403913376062,1.6018536676642336,22.558096309107942,23.277396269691195,6.570603941397601,1.7140912348123082e-06,3.612768324539036e-12,checkpoints/modular-addition-training-s0-5f1bc9dee7ab/step_00026950.pt,65aa5704a36fc4cdcce6e9c3026fb519aa68a36bb153f1a5fd20336c0d111370
27000,1.5428730648636702e-07,0.00018857402028515935,1.0,1.0,36.690109943435054,14.907945876653882,1.7795059569209597,22.76315353126586,23.52402903209768,7.014953696100737,2.0660606653704206e-06,1.516474793315429e-12,checkpoints/modular-addition-training-s0-5f1bc9dee7ab/step_00027000.pt,3381d4ab552a1be08026c08a1b8cc92ae03650043ff62dedb696b2eaceefc5f8
27050,9.500989835942164e-05,0.001271811663173139,1.0,0.9997762441635132,35.45865537045263,14.612918875521814,1.6297950009185762,21.59938060151471,22.953562566885886,6.908207726457947,0.014307571173591894,0.05706176449199891,checkpoints/modular-addition-training-s0-5f1bc9dee7ab/step_00027050.pt,63a16e4df634a72dbb1081b1a240a16b5eade0fa9170e2b76a8fdda26c988b52
27100,0.00015210406854748726,0.0005939858965575695,1.0,1.0,33.8373902848908,13.935421812688997,1.5526882182129178,20.6418622869447,21.876953679021412,6.6086744922290235,0.004622684851814106,0.02078054066038766,checkpoints/modular-addition-training-s0-5f1bc9dee7ab/step_00027100.pt,aa2df3a8eb27a9713bdc4817b2e0004bd6225b8cbb4d6490c81407961b6470b3
27150,0.00047885417006909847,0.0011136392131447792,1.0,1.0,32.61499478311085,13.374588099981064,1.4998373779457934,20.047960264304677,20.956943530006182,6.441628118643798,0.0032344231193654595,0.007567856963192264,checkpoints/modular-addition-training-s0-5f1bc9dee7ab/step_00027150.pt,5c9b1c1a2d77adebf2237770ed71c465753d00055f9ab419ab6568a488442424
27200,0.0007155780913308263,0.0015295532066375017,1.0,1.0,32.31605675031808,13.1314945836797,1.4812076152207256,20.181743239268705,20.5044897699075,6.477695345504618,0.002432099571718793,0.002756020810813025,checkpoints/modular-addition-training-s0-5f1bc9dee7ab/step_00027200.pt,ce93a837a8507f23acdf307ecdecbbb1816919f8fa711ea6e020d18100507bae
27250,0.0005880340468138456,0.0013462745118886232,1.0,1.0,32.70590589037226,13.193624192171692,1.4648566398196388,20.6700759029933,20.576267416704002,6.544000089485453,0.002224054148467956,0.0010036990892805487,checkpoints/modular-addition-training-s0-5f1bc9dee7ab/step_00027250.pt,a703a85070b081262bc7a8fef68bcd0e329f405bc9bcdf535f7df2e3aaf39113
27300,0.00037792371585965157,0.000977009884081781,1.0,1.0,33.25336081510914,13.355636013569756,1.4398954832023354,21.13673036954641,20.87095113683649,6.556044623033474,0.0015765580771939511,0.00036554171187141624,checkpoints/modular-addition-training-s0-5f1bc9dee7ab/step_00027300.pt,efddc4b7c29bd938a1a2494461fdcba2e56d3e41c38bc66c71c5d674398bfb62
27350,0.00023176378454081714,0.0006873374222777784,1.0,1.0,33.789822726769884,13.52520217558747,1.4132646033728369,21.538115086817996,21.221329620053343,6.525984741087104,0.0010523240124042457,0.00013313163243146208,checkpoints/modular-addition-training-s0-5f1bc9dee7ab/step_00027350.pt,074a88baa81afeba064e67257b0e8daf9bb536d15c61f51152aaee5b14b2b680
27400,0.00013969956489745528,0.0004819151945412159,1.0,1.0,34.305758802478884,13.688972797514904,1.38842987572919,21.898228073168752,21.590009523539525,6.473675097801387,0.0006872362168751124,4.848824003654727e-05,checkpoints/modular-addition-training-s0-5f1bc9dee7ab/step_00027400.pt,80637f01fd220da02a9e038570348961f21d9b9faf23784f8c2adf91a6f9574a
27450,8.352620352525264e-05,0.0003427252813708037,1.0,1.0,34.797199077224384,13.843305900565046,1.3661045692208897,22.224133544964584,21.96215959024471,6.410392965920451,0.0004418034019400313,1.7660446357822665e-05,checkpoints/modular-addition-training-s0-5f1bc9dee7ab/step_00027450.pt,de4e2f7a10da6aece48935e7fdbab8e5825a2d908f7d169aec9c233a7d262f78
27500,4.973010436515324e-05,0.00024920725263655186,1.0,1.0,35.261047438572106,13.98690552162119,1.3463868356850244,22.517828038216077,22.329655803931402,6.342639435002705,0.00028069272988971635,6.432442260659207e-06,checkpoints/modular-addition-training-s0-5f1bc9dee7ab/step_00027500.pt,e98da2ebf7699e47bd028c9ed1ea084f75cf4c2cffa0ffc85e816c00d1999488
27550,2.956519165309146e-05,0.00018622902280185372,1.0,1.0,35.69401678241794,14.119201661853158,1.3291853199284085,22.778877764790238,22.68699692337036,6.274324127463606,0.00017681316761878352,2.3429219821072894e-06,checkpoints/modular-addition-training-s0-5f1bc9dee7ab/step_00027550.pt,4e0748e07a5531eb192ad8af7d8ad28c126d332bcf59d13af131fbed449a36b1
27600,1.7583221051609144e-05,0.00014286109944805503,1.0,1.0,36.09278877476274,14.240403300366328,1.3145664655141358,23.00606287504935,23.029381170788565,6.20813210797787,0.00011073923438133476,8.53387575256783e-07,checkpoints/modular-addition-training-s0-5f1bc9dee7ab/step_00027600.pt,4365dcefd7aa233b4631c299f1157e664bbb26e607a8dc889ad8a140ad93207c
27650,1.0480745913810097e-05,0.00011365636601112783,1.0,1.0,36.45243178274059,14.350505385362691,1.3025632882248541,23.19635291563338,23.351932993128642,6.145123581997205,6.908295663780272e-05,3.108425735772551e-07,checkpoints/modular-addition-training-s0-5f1bc9dee7ab/step_00027650.pt,17c414be0c3ecae6e531c9ada1da4c961241cec4eb03ccae7f0f76ec226ad175
27700,6.28211819275748e-06,9.437969129066914e-05,1.0,1.0,36.76748998156584,14.450130560569734,1.2932861608522803,23.34642610669824,23.64899809286322,6.085945652190119,4.306370284641544e-05,1.1322433498726362e-07,checkpoints/modular-addition-training-s0-5f1bc9dee7ab/step_00027700.pt,42dbd421d27a0b92fc5b75dd713bfcc2b88b1369e8c2b7f20002a26300b179b6
27750,3.7975462419126416e-06,7.8469434811268e-05,1.0,1.0,37.03173303160159,14.539569714316267,1.2870000306440217,23.45351140627118,23.91354644361953,6.030662813674076,2.6932697137208006e-05,4.124248192914068e-08,checkpoints/modular-addition-training-s0-5f1bc9dee7ab/step_00027750.pt,1203c33a6bfc88296938c67209aeaca6a3356ad9de8f9c95edf468eaf7c3369b
27800,2.328055416001007e-06,6.604248483199626e-05,1.0,1.0,37.23745283570316,14.618632997319885,1.284153918969123,23.51572580663584,24.136021770430176,5.978085360525182,1.6880474362091112e-05,1.5022964429667266e-08,checkpoints/modular-addition-training-s0-5f1bc9dee7ab/step_00027800.pt,8e70348d94e938db9a33e0af63092d9a8cd24c9a8dabaa521f0ecb00a582152d
27850,1.4524812286254019e-06,5.683069321094081e-05,1.0,1.0,37.37862133535146,14.687226393720616,1.2855387168579295,23.534105653557052,24.30601835906489,5.929371519365385,1.0690944811185493e-05,5.472348275006953e-09,checkpoints/modular-addition-training-s0-5f1bc9dee7ab/step_00027850.pt,053f8714e8707ffe144a6f274861dad218f90bfa6242844bd8a89789ebdad22f
27900,9.310755331171094e-07,4.941387305734679e-05,1.0,1.0,37.44713411396869,14.743847926970602,1.2919307395086324,23.50866320690141,24.411470963619067,5.887321652253928,6.874009520254508e-06,1.9934328627298786e-09,checkpoints/modular-addition-training-s0-5f1bc9dee7ab/step_00027900.pt,df781fe437d753dbe28aa20d5bcf4e0125529fae8615efa903783b41624c8220
27950,6.195450623636134e-07,4.2399929952807724e-05,1.0,1.0,37.43725951313841,14.786845797108025,1.304277247855981,23.440199776432557,24.44321995685165,5.855124650188642,4.489949609681113e-06,7.261756726904887e-10,checkpoints/modular-addition-training-s0-5f1bc9dee7ab/step_00027950.pt,9c8c1f356ea7dcf2c77a9631b3b61c0483e5ac16b353b4cb5b6d27aae9a24231
28000,4.3086495793431823e-07,3.691831443575211e-05,1.0,1.0,37.349450449197775,14.814403751008447,1.3237853882785702,23.331363604991118,24.39918643784376,5.838634781179896,3.05456020151225e-06,2.645474192659947e-10,checkpoints/modular-addition-training-s0-5f1bc9dee7ab/step_00028000.pt,3d6f2772272852342c072e9d032e9c1ee3534d7199d65dd795524b59a59d2275
28050,3.1411474310516496e-07,3.3021362469298765e-05,1.0,1.0,37.19057828118947,14.825986858940574,1.3521239622492356,23.186794272271083,24.28404759874065,5.844535134293384,2.214199824981335e-06,9.638698451390563e-11,checkpoints/modular-addition-training-s0-5f1bc9dee7ab/step_00028050.pt,e8d2ffbaacdcee622f2930c6d459e16f75069831f178b5c40a209571efe43f0e
28100,2.3577284480325034e-07,2.8333377485978417e-05,1.0,1.0,36.98047940141149,14.823641626194698,1.3916497274788202,23.016985784559388,24.114162556009294,5.882545907013892,1.7719404856172697e-06,3.5130522625736837e-11,checkpoints/modular-addition-training-s0-5f1bc9dee7ab/step_00028100.pt,957e08e69fbb6c5b4dc2c1afcbe8bb1f72d4fd692dfb2964344a5a13ff97d1c8
28150,1.852879307762123e-07,3.194615783286281e-05,1.0,1.0,36.75967218687274,14.818147341953432,1.4472569967419242,22.843268834999748,23.91994768392829,5.968469448187572,1.6146674728026172e-06,1.281874884695074e-11,checkpoints/modular-addition-training-s0-5f1bc9dee7ab/step_00028150.pt,9ce7a942e27d9f5307afe65dd911bc24b687bb6aa135243ad79b060c7566d462
28200,1.4859141117540275e-07,5.148351192474365e-05,1.0,1.0,36.622330811370595,14.841822018345894,1.5293874168597898,22.71720260694955,23.765871512528292,6.1390931192773905,1.5989683655151663e-06,4.693858704783313e-12,checkpoints/modular-addition-training-s0-5f1bc9dee7ab/step_00028200.pt,c1f6a28831ce12cb9ef50ac07831aa508d533a5a0727778d000354cec23d0d39
28250,1.4258425551361142e-07,0.00041994915227405727,1.0,0.9997762441635132,36.80998359982132,14.982720944508511,1.6710090588551112,22.77455357924393,23.809207206855717,6.491691296609989,1.8531740926538776e-06,1.7467024259964584e-12,checkpoints/modular-addition-training-s0-5f1bc9dee7ab/step_00028250.pt,25be49e810e8f12e4de80a83d15f381d62495eae33acbd2696e12e08f758a5ad
28300,0.00032503227703273296,0.0036014472134411335,1.0,0.9989931583404541,36.16472543448732,14.903382067330455,1.5779892942535765,21.9759325477344,23.593146801889837,6.611227657262435,0.05334412036806222,0.07985852709278467,checkpoints/modular-addition-training-s0-5f1bc9dee7ab/step_00028300.pt,f07b0585b5f77cf4fa328ef39d975e3622d0082c0acbcebd28604d88fb8ca1ec
28350,0.0001001332639134489,0.000749201572034508,1.0,1.0,34.543947663534446,14.229460031315874,1.4967077726717155,20.989868351843747,22.53364647348293,6.342464538471921,0.003493802343448933,0.029082407292659634,checkpoints/modular-addition-training-s0-5f1bc9dee7ab/step_00028350.pt,a43eccf9af2a1fb82378f06de404e03c87d7d833909b1e74327acec8c47e2878
28400,0.00037675161729566753,0.0010189067106693983,1.0,1.0,33.17835644463388,13.618878170970433,1.4441187885726277,20.289498639769086,21.547257280489916,6.107042106545309,0.0034159205709050826,0.010591031099812673,checkpoints/modular-addition-training-s0-5f1bc9dee7ab/step_00028400.pt,98716483eafa7ec2785038ee7bf69e02a0bfa2ce9c66416f214d5dce7b1ac725
28450,0.0006296768551692367,0.0014038387453183532,1.0,1.0,32.69809732826667,13.281930814464074,1.4337618109815764,20.33734605213972,20.988410621198884,6.048072829374934,0.0022922531772428035,0.0038569721315227013,checkpoints/modular-addition-training-s0-5f1bc9dee7ab/step_00028450.pt,874f00aa9adb03c1fd1afae0242a990e83352b868321ce1680ab03720b73e9d1
28500,0.0005484362482093275,0.001296655391342938,1.0,1.0,32.990153967812695,13.248853543686113,1.4301725895632196,20.82317242514764,20.980429003257154,6.081926829045464,0.0021303454775139902,0.0014046234537718446,checkpoints/modular-addition-training-s0-5f1bc9dee7ab/step_00028500.pt,6954437f0b67285075fdd3f8712a32cbbe9544f980f3d8eeec5cf043abc20bf1
28550,0.0003587465325836092,0.0009545531938783824,1.0,1.0,33.50865008288977,13.344094153080826,1.4148090987387136,21.318932887731883,21.238364533469145,6.099021995144229,0.0015453139394167427,0.0005115403714507536,checkpoints/modular-addition-training-s0-5f1bc9dee7ab/step_00028550.pt,03d8c573ed2abe8685a5dbdd1806aaaf5e79dcbf64a6ee4658f819a22b1d6a57
28600,0.0002211644168710336,0.0006768054445274174,1.0,1.0,34.03769439412788,13.464458787885134,1.3951067806247837,21.75349251689565,21.566084339179397,6.084096965105681,0.0010389067507539838,0.00018629704647314245,checkpoints/modular-addition-training-s0-5f1bc9dee7ab/step_00028600.pt,5754d8fcf105b9d4f613ba805585d5245f8dfa848a79be3e8ce97b916532a037
28650,0.00013378297444432974,0.0004810039245057851,1.0,1.0,34.55141942301344,13.588421746139234,1.375756335255029,22.14340405894457,21.91626748147086,6.050582572198026,0.0006812591691583255,6.78481945854458e-05,checkpoints/modular-addition-training-s0-5f1bc9dee7ab/step_00028650.pt,cabce59b48f2483eed4038e9b897b122a9a9489b8d96150f6627feb24fc0bceb
28700,8.01905698608607e-05,0.00034636215423233807,1.0,1.0,35.04275203365357,13.709945822188672,1.3580159426889251,22.49533941554811,22.272285699250205,6.007715260766602,0.0004399205777437493,2.471023964653959e-05,checkpoints/modular-addition-training-s0-5f1bc9dee7ab/step_00028700.pt,02dddf6b83889a42cd4b76949e40b3f261ece4652e4e4a09e1cd8594d9cfc0ae
28750,4.784831253346056e-05,0.0002545938186813146,1.0,1.0,35.50661212150884,13.82620083879155,1.342183157325662,22.810551261039443,22.62513423305104,5.961230677367148,0.000280966598845865,8.99957413404088e-06,checkpoints/modular-addition-training-s0-5f1bc9dee7ab/step_00028750.pt,240f5c76a2efc9ebf51d6e78e45dcb70096256d07a1660d9d6181f6b58203adb
28800,2.850077726179734e-05,0.00019126875849906355,1.0,1.0,35.93885009270217,13.935764109228316,1.3283513163786596,23.08868733230779,22.968663891509532,5.914719246738044,0.00017794324048238405,3.277728396752234e-06,checkpoints/modular-addition-training-s0-5f1bc9dee7ab/step_00028800.pt,1ddf97413fafb127b26882ef88eca1e3d76ac96a7beb50638a88bb6b1a4c3a47
28850,1.697916377452202e-05,0.0001469292474212125,1.0,1.0,36.335381834926125,14.038105100235159,1.3166374409625534,23.328436394236633,23.297674897927884,5.870301856310558,0.00011202297976557113,1.1937946474169527e-06,checkpoints/modular-addition-training-s0-5f1bc9dee7ab/step_00028850.pt,4545dad1d378a14b5c822408fe5bfd1ec535946d69d0d46dc16e5bffeaa0788e
28900,1.014087138173636e-05,0.0001154770070570521,1.0,1.0,36.69087038046072,14.13299102886758,1.30711736785462,23.52659632836906,23.606875862859063,5.829635943856631,7.024173418929811e-05,4.348019698708559e-07,checkpoints/modular-addition-training-s0-5f1bc9dee7ab/step_00028900.pt,f636365f76fe90c899b2ca3275140e01a419edc289a995275df4943040546a69
28950,6.086343091737945e-06,9.258872887585312e-05,1.0,1.0,36.99991817152698,14.220642401627092,1.2999861020627672,23.68059382144758,23.890328644559975,5.793011655237464,4.3962398071290086e-05,1.583646426516179e-07,checkpoints/modular-addition-training-s0-5f1bc9dee7ab/step_00028950.pt,8c76038d7a3cbcd5192c60babcbe353e03a7a03c5d6bbe1146b066739ddeccc2
29000,3.68375390280562e-06,7.531283335993066e-05,1.0,1.0,37.25605305626814,14.301113484310124,1.2956439040565633,23.78830023533149,24.13995392163515,5.761279882915751,2.757142513230035e-05,5.768063160479797e-08,checkpoints/modular-addition-training-s0-5f1bc9dee7ab/step_00029000.pt,743e03cb78e5651c4486f7a1ea6af54fb771e179e1ea38ede12b70901c0a1d7c
29050,2.2607005121244583e-06,6.307930743787438e-05,1.0,1.0,37.45191260880432,14.374317881664599,1.2945646774091444,23.848319266895338,24.346053766628796,5.733775364192977,1.7320090050803515e-05,2.1009054403276112e-08,checkpoints/modular-addition-training-s0-5f1bc9dee7ab/step_00029050.pt,1b055757ac1e95cf6213ab742f3bdaed96a925f47ad06eb7ada1dc044ffb94b4
29100,1.414664211552008e-06,5.3305418987292796e-05,1.0,1.0,37.5813133919969,14.439892361556549,1.2974876219581355,23.861539975799378,24.498207277935183,5.711908689366776,1.0975663134018904e-05,7.652228257733092e-09,checkpoints/modular-addition-training-s0-5f1bc9dee7ab/step_00029100.pt,ef8bd702a85ad8e2e67e3d27e464cb3d2eb2af06c7d38bcb5478809c5b0c1df3
29150,9.09505843083025e-07,4.454564259503968e-05,1.0,1.0,37.636936405559396,14.496675030911481,1.3051173128009117,23.828491878879476,24.584926519280582,5.697931788276021,7.039918127297871e-06,2.7872482355085663e-09,checkpoints/modular-addition-training-s0-5f1bc9dee7ab/step_00029150.pt,85c5f726e5319ee6eefbdd7015f515466fd1b06c493ffbb8ad3d01a6613dbfa1
29200,6.064102535674465e-07,3.9576472772751004e-05,1.0,1.0,37.61478530024391,14.543059822174728,1.3186110280006191,23.751125312895343,24.598593965037935,5.694380604005072,4.618733575374668e-06,1.0152459709395674e-09,checkpoints/modular-addition-training-s0-5f1bc9dee7ab/step_00029200.pt,264b01745b186c89f6e113b150f81fb43e78f835b055cc63fdd3a8b1d59f4497
29250,4.225856002904038e-07,3.486173591227271e-05,1.0,1.0,37.51391454791658,14.577029023026197,1.3386947306080474,23.630837839588025,24.536788527891698,5.7045085436957885,3.1662902227801847e-06,3.698155755762611e-10,checkpoints/modular-addition-training-s0-5f1bc9dee7ab/step_00029250.pt,50ac1a11599eb58fdc0ca6a1ccfcde0601a8791b83b9ebc1db6b0a6ecb66c4ee
29300,3.0555531793652335e-07,3.150452539557591e-05,1.0,1.0,37.34040981937855,14.596370077832514,1.36725812870941,23.47166395813239,24.40430044150635,5.735320587096902,2.290835965811348e-06,1.347231402095203e-10,checkpoints/modular-addition-training-s0-5f1bc9dee7ab/step_00029300.pt,86e15587e85e7a8f9c2297e47bf6f9cb4ee2c2998c9570848fbbc58a0e4c99a3
29350,2.3238024482452602e-07,2.772963489405811e-05,1.0,1.0,37.10954544049359,14.601242341903886,1.4068338053189797,23.281830554374164,24.21414997897073,5.794325702839371,1.8494615692939398e-06,4.9094272147077856e-11,checkpoints/modular-addition-training-s0-5f1bc9dee7ab/step_00029350.pt,6b084c549857d2b4ae33f614bf3f882673466aa7c980571615662313dee5690f
29400,1.8248665867304226e-07,2.616914025566075e-05,1.0,1.0,36.86664774105238,14.60334513701206,1.4619206845702322,23.08552658153984,24.000926658200857,5.8965071343004105,1.679356453771616e-06,1.790793764881208e-11,checkpoints/modular-addition-training-s0-5f1bc9dee7ab/step_00029400.pt,74fff1ae255afa3d4e027b8feba707989196aa7def96ebd8fe5f4072d13fcbcc
29450,1.481867855090968e-07,2.9114307835698128e-05,1.0,1.0,36.707499282127195,14.635785356961218,1.5462807824133686,22.93685629395564,23.83020403373606,6.071680602205958,1.7089777063173588e-06,6.554827990121613e-12,checkpoints/modular-addition-training-s0-5f1bc9dee7ab/step_00029450.pt,d8c3674108a290ab20c823fda524e0fa884d904d44dea3e09df61fef1074fe4a
29500,1.3642147678183392e-07,0.00018355206702835858,1.0,1.0,36.83766164871344,14.772400109451338,1.684729060553242,22.950337829282226,23.837003481728622,6.405502109731713,1.8910600257326567e-06,2.4260208967834334e-12,checkpoints/modular-addition-training-s0-5f1bc9dee7ab/step_00029500.pt,e694e629d808e1c612e54e2de0bc9c06f96664b64fa9c96a9a54e05ff313df58
29550,0.00011740431364160031,0.0030930950306355953,1.0,0.9995525479316711,36.33161044341649,14.732172722953488,1.5942855253808976,22.44421769071604,23.53973057234528,6.522686162152673,0.01854736011764827,0.01274486208006794,checkpoints/modular-addition-training-s0-5f1bc9dee7ab/step_00029550.pt,3fa6a396eca56a153e45ac73846192ba0cbac35d7d8bd7fca5311a77c868d38e
29600,4.5437878725351766e-05,0.0005166183109395206,1.0,0.9998881220817566,34.69000129733892,14.077040259389072,1.506774702942513,21.42742967871638,22.45974233027294,6.2759851307104055,0.0011688532263090055,0.004641359461680732,checkpoints/modular-addition-training-s0-5f1bc9dee7ab/step_00029600.pt,06e8172a527610da004f79c1fd618f6fc3929c1373b63bd28852762daa6ee34b
29650,0.00019439718744251877,0.0008869278826750815,1.0,0.9997762441635132,33.353781921545576,13.49714266401052,1.4591836715235469,20.726836971873002,21.47842487845179,6.103129137764319,0.0011892555936033392,0.0016902618260670136,checkpoints/modular-addition-training-s0-5f1bc9dee7ab/step_00029650.pt,f987e8d811b58a6ae301d727d2e89e51d2e66ed0021245c175cc0fc36e683d3c
29700,0.00028412591200321913,0.0009708263678476214,1.0,1.0,33.02556029023908,13.261498466085568,1.4664242288712346,20.88783323077245,20.929326487592668,6.191252425672509,0.0010702539020143837,0.0006155484630390224,checkpoints/modular-addition-training-s0-5f1bc9dee7ab/step_00029700.pt,7d3535d218e671d6653e7499122dcfaff75da27835c7cf8f4537013fed23e43d
29750,0.0002087158791255206,0.0007544345571659505,1.0,1.0,33.30081430181187,13.287542954260807,1.4682137942341131,21.3698021275784,20.81893939931046,6.335069295030395,0.0009051147484238064,0.00022416962479526704,checkpoints/modular-addition-training-s0-5f1bc9dee7ab/step_00029750.pt,f3a05fe8d080d9ac1bdfd87a5d47ce526bddf1f590484cf98584893a156d7c5e
29800,0.00013239977124612778,0.0005963602452538908,1.0,1.0,33.67195773400288,13.37159536998472,1.4577468872944859,21.813829124791027,20.873903535781636,6.427531330749345,0.0006330915947833611,8.16394649645425e-05,checkpoints/modular-addition-training-s0-5f1bc9dee7ab/step_00029800.pt,2ecd06b6092408b404d780e526225dfe6126ce8ce897cda142a225851c205c77
29850,8.133141818689182e-05,0.0004779281443916261,1.0,1.0,34.05151633367792,13.464765053592663,1.4448770288497277,22.208700574374653,20.997122256255988,6.481718352365854,0.00042639965880889534,2.9732658324795928e-05,checkpoints/modular-addition-training-s0-5f1bc9dee7ab/step_00029850.pt,4110ba30dd982790096aa8f0c482df65f69d0a977961531d08748d9f628a3b02
29900,4.918408740195446e-05,0.0003987103991676122,1.0,1.0,34.42268038626692,13.557993857987416,1.4327025295043754,22.560493732751468,21.158274229415444,6.511577777401493,0.0002804508150915005,1.0828743843444104e-05,checkpoints/modular-addition-training-s0-5f1bc9dee7ab/step_00029900.pt,fb3817e2b12dfa49d87188e53b60b52ec16825e6d0226359cd879f9eaf2094ab
29950,2.95025238301605e-05,0.0003504901542328298,1.0,1.0,34.77650325199137,13.647769195985468,1.4222712584322366,22.870782834243524,21.341395539775018,6.526319624417504,0.00018106531753117898,3.943961220953338e-06,checkpoints/modular-addition-training-s0-5f1bc9dee7ab/step_00029950.pt,cd34cfac9c39eb6a56e3370acca90c7b7e291021c218c9624f4f46a751f6df73
30000,1.763970431056805e-05,0.0003326588775962591,1.0,1.0,35.106525225777446,13.732585490451171,1.4139907817874684,23.138623198446464,21.53656850287238,6.531858299597352,0.00011530244919716906,1.4364687785446146e-06,checkpoints/modular-addition-training-s0-5f1bc9dee7ab/step_00030000.pt,e931e0b604df04d5bef75f691e569e9b519d32c08ad2b749ebc81566c53ffa88
30050,1.0550800652708858e-05,0.00033634595456533134,1.0,1.0,35.40600530864883,13.811765168556109,1.4079724004388086,23.3598484652975,21.736715255059718,6.532278175577362,7.279384873092019e-05,5.231999531291475e-07,checkpoints/modular-addition-training-s0-5f1bc9dee7ab/step_00030050.pt,0939560a1083efdcf96aa63adee02f01d5d105ea044fafe1bae20ff0aa9b12b8
30100,6.330365977191832e-06,0.00035716890124604106,1.0,1.0,35.669722901543054,13.884813890810372,1.4045346140510713,23.532541938687064,21.935229198467876,6.52943699892826,4.575345302410754e-05,1.9056644709119122e-07,checkpoints/modular-addition-training-s0-5f1bc9dee7ab/step_00030100.pt,9459e63aca148149cfa0f4459b86715b14e125cd350371d776169085412bf6c0
30150,3.823836777883116e-06,0.00039719499181956053,1.0,0.9997762441635132,35.89185655248393,13.951153886401602,1.4041097769079058,23.65459255721368,22.124915288491703,6.524379065144373,2.871400089192901e-05,6.94115994256918e-08,checkpoints/modular-addition-training-s0-5f1bc9dee7ab/step_00030150.pt,3eaeb145a75c0ca0010be1bf17367ac1bb42e4edef183668f06470972b1782ad
30200,2.3414349925587885e-06,0.0004414464929141104,1.0,0.9997762441635132,36.06632258464001,14.010224976108244,1.4070828863856275,23.724640942833286,22.297637616983593,6.516909350628161,1.8068603130021675e-05,2.528277437682252e-08,checkpoints/modular-addition-training-s0-5f1bc9dee7ab/step_00030200.pt,279271dbaf926178148e7b9b320f83479c0224e4a3a03905a6c7527b337d5d38
30250,1.4582377616534359e-06,0.00048484711442142725,1.0,0.9997762441635132,36.188701112445834,14.061421198585236,1.4141544600625744,23.74482368696965,22.44370857066626,6.50860837005334,1.1422171731029145e-05,9.209267945723615e-09,checkpoints/modular-addition-training-s0-5f1bc9dee7ab/step_00030250.pt,8c3ac2ccf532fcad86c2ebbe29698aa5cf44647e10bd89eb782aa38e0ddb46a6
30300,9.330980788035959e-07,0.0005222304607741535,1.0,0.9997762441635132,36.253329168056915,14.103638795776803,1.42586381772486,23.71676063287068,22.552497159065314,6.500638263471932,7.311710040636348e-06,3.354550966847436e-09,checkpoints/modular-addition-training-s0-5f1bc9dee7ab/step_00030300.pt,4081969c85ca53bb0581924576b388e83cb18a2137b599f5fa6e5fb45b42306f
30350,6.168680783957825e-07,0.0005537423421628773,1.0,0.9997762441635132,36.25708631889541,14.136038255339388,1.4428722665598963,23.643371221476155,22.615326424526828,6.496526641011957,4.788635062109255e-06,1.2219577272593149e-09,checkpoints/modular-addition-training-s0-5f1bc9dee7ab/step_00030350.pt,b0a571c4cd1cb7595ebfcd4ebe144c27006701ed403229af5967be031001226c
30400,4.262894321982458e-07,0.0005708157550543547,1.0,0.9997762441635132,36.19680124017498,14.157575473074832,1.466460371031369,23.526694850840663,22.62423790180441,6.50072761182174,3.261394615404765e-06,4.451425539299308e-10,checkpoints/modular-addition-training-s0-5f1bc9dee7ab/step_00030400.pt,51b056b31c8336abf8727cf439dc15cf29d0bccf1fe0799468ae25c271c26ad7
30450,3.0919693472242216e-07,0.0005896989605389535,1.0,0.9997762441635132,36.08240830934641,14.170835508600577,1.4981615177875918,23.374029185719376,22.583414007916737,6.521295410374014,2.3985198966691172e-06,1.621783467243579e-10,checkpoints/modular-addition-training-s0-5f1bc9dee7ab/step_00030450.pt,f6ec4964dc5bbdff519f318ab26550ac8381aa2a7e8d8e57dd973a5a9c5314d8
30500,2.3241130975293345e-07,0.0006181312492117286,1.0,0.9997762441635132,35.92952443890847,14.179035024986488,1.539637784362817,23.195197765347036,22.502791683367775,6.5667628814115,1.9274188340019684e-06,5.910551961449385e-11,checkpoints/modular-addition-training-s0-5f1bc9dee7ab/step_00030500.pt,bea2ca633d9c2e7f1211334a8dcede3b1d741e0c8370be27a43b89bba50840cf
30550,1.8065026097247028e-07,0.0006620129570364952,1.0,0.9997762441635132,35.768317244365974,14.189664037854506,1.5951756850178958,23.007527877571146,22.40245129500023,6.653210086738868,1.7441881400471572e-06,2.15621524840779e-11,checkpoints/modular-addition-training-s0-5f1bc9dee7ab/step_00030550.pt,dc1e3279e04b510ee3971714db20de281573580b2e81d3c80faed4c86f5dd5c7
30600,1.465371326503373e-07,0.0008788820123299956,1.0,0.9997762441635132,35.69536092164136,14.236374089914646,1.6757764038736473,22.865198440817792,22.347935427610153,6.813860867955772,1.7676788824169118e-06,7.89323526418389e-12,checkpoints/modular-addition-training-s0-5f1bc9dee7ab/step_00030600.pt,9017b70920fbf61d5965097a239b98dedea311220c9ee8008b015b45d23e066b
30650,1.4522987612508587e-07,0.0014162989100441337,1.0,0.9997762441635132,35.95123336982654,14.406497477205368,1.8074827642545213,22.902152960507767,22.498313063300973,7.141030484960413,1.9940928515494107e-06,2.9259533891881625e-12,checkpoints/modular-addition-training-s0-5f1bc9dee7ab/step_00030650.pt,49fd803c7f481830fd14bb726d7998ded22872ae67583da7da918c19b2291772
30700,0.00029073964105919003,0.005090192425996065,1.0,0.9984338283538818,35.34466558253842,14.374170247712417,1.7260150617835301,22.138015368864636,22.287840580368247,7.267043733854553,0.04335329551985744,0.04895212370455882,checkpoints/modular-addition-training-s0-5f1bc9dee7ab/step_00030700.pt,086f87eb28590ae94d1ae844111b07f35be41f73b944b3c1af7c96c4ed1cc1cc
30750,8.543066360289231e-05,0.0006437248084694147,1.0,1.0,33.782381483938025,13.736720063166386,1.6369380074241888,21.172060577426944,21.277853143344274,6.9906416807335265,0.0037389356825831602,0.01782782107369248,checkpoints/modular-addition-training-s0-5f1bc9dee7ab/step_00030750.pt,1993eee969efcc69e336c08e38affcd3f2989c768eecfca07014184899b6f0e2
30800,0.00031215744093060493,0.000932446913793683,1.0,1.0,32.45488169334407,13.152842013553794,1.5732399272502244,20.439403794505534,20.34102228366292,6.805923435320241,0.003911090069858774,0.0064927239959591205,checkpoints/modular-addition-training-s0-5f1bc9dee7ab/step_00030800.pt,b9b8e86bc82adf9a658fb238f6ceb03de5c74e5542931f1098d6a1f5b77c5a29
30850,0.0005509851034730673,0.001331432955339551,1.0,1.0,31.98484678929484,12.84709021329486,1.5459729045687294,20.431794284159302,19.785449887496032,6.831575224181144,0.0018592796536450642,0.0023645108238238557,checkpoints/modular-addition-training-s0-5f1bc9dee7ab/step_00030850.pt,5232dfbee25d2b0fc5d9e2202a3d5201e987f2d641929977522a5e446ac40fb4
30900,0.0004961295053362846,0.0013783215545117855,1.0,1.0,32.2877600073432,12.871340914550474,1.5275006227263572,20.885327210823792,19.75550762637569,6.929487493445359,0.0018830170926867403,0.0008611179610585676,checkpoints/modular-addition-training-s0-5f1bc9dee7ab/step_00030900.pt,70503c71a0371fb07426274334869b85fb0cf59ce7d5a4740d4f73b3b36801ef
30950,0.00032561845728196204,0.0010686438763514161,1.0,1.0,32.794840239216164,13.025323425097175,1.500090853271681,21.345089032979356,19.982125970427845,6.978111441887005,0.0013879402430570591,0.00031361750398218934,checkpoints/modular-addition-training-s0-5f1bc9dee7ab/step_00030950.pt,8d83445f4c1d21adfd560836c605f2f5dd2d022ea1de83384177523dba1fada4
31000,0.00020090288307983428,0.0007967996061779559,1.0,1.0,33.29561608176724,13.191482559444665,1.470838165174824,21.742672181312123,20.272466127358598,6.978738909807706,0.0009425757927047915,0.00011422261434554478,checkpoints/modular-addition-training-s0-5f1bc9dee7ab/step_00031000.pt,12b0eef4304a74f14d3e49069a24cc69dc37c0c237080c99089203541cd1abcb
31050,0.0001213841896969825,0.0006011675577610731,1.0,1.0,33.77685828051854,13.352519661120516,1.4435848790158041,22.100233540590924,20.584420505639468,6.95440483413572,0.000620018838530923,4.1602265864465716e-05,checkpoints/modular-addition-training-s0-5f1bc9dee7ab/step_00031050.pt,28d21a015df7a137913284ca33d6d65eff5e0f4cca4bd576c5545fd821ee94e9
31100,7.263621228048578e-05,0.0004658722900785506,1.0,1.0,34.23457476723037,13.504634099404358,1.4191414099307174,22.4239093728787,20.902981495821308,6.917417004575176,0.00039918706419298574,1.51528095426184e-05,checkpoints/modular-addition-training-s0-5f1bc9dee7ab/step_00031100.pt,3b2b0f9ca004d8f2437acf7d878836b025a9dd19a221e3254ed03196a6c26037
31150,4.328955401433632e-05,0.0003724830166902393,1.0,1.0,34.665635144476596,13.64672709238385,1.3976826631960033,22.715004809534598,21.22002768067666,6.8744864930484395,0.00025333112448063205,5.519229225768851e-06,checkpoints/modular-addition-training-s0-5f1bc9dee7ab/step_00031150.pt,c737eab33c61976973337bb3180477e14cf67df56784ff60f76d076aa00b5d3d
31200,2.575880898803007e-05,0.00030748703284189105,1.0,1.0,35.0670234930714,13.778483029147667,1.3791810370225974,22.972890506970867,21.530299712800307,6.829340947554688,0.0001592881192365061,2.0103469771829474e-06,checkpoints/modular-addition-training-s0-5f1bc9dee7ab/step_00031200.pt,f06c4294cbae3a8c958bd66cf240eef2bfc8f21a7ac2a20325c216635179ecaa
31250,1.5338624507421628e-05,0.00025768144405446947,1.0,1.0,35.434367089211605,13.899938639113063,1.3635022121543379,23.19436813068111,21.829542438623566,6.7837528329179095,9.955304024791592e-05,7.322674681707418e-07,checkpoints/modular-addition-training-s0-5f1bc9dee7ab/step_00031250.pt,07507b920fbaa0e27617759b8f62babcfc2d01f7e7c58600d69d63ec0b753f6c
31300,9.159572982753161e-06,0.00022595904010813683,1.0,1.0,35.76316097715296,14.011116373162464,1.3507031091232968,23.3760302475975,22.11351541544567,6.739551023674548,6.202364107955008e-05,2.667311673007501e-07,checkpoints/modular-addition-training-s0-5f1bc9dee7ab/step_00031300.pt,b0151688763a2d3cf5b5885d7537130762924ad314d502ec58202950cb4bc349
31350,5.4988950068946e-06,0.00020502314146142453,1.0,1.0,36.048230265640484,14.112281190650299,1.3411063056743902,23.51492685316215,22.376880850382946,6.696512320285496,3.861300309409485e-05,9.715890757089136e-08,checkpoints/modular-addition-training-s0-5f1bc9dee7ab/step_00031350.pt,87511c012d0be758079f81ce5bcd3b9b61dc33b5670648ed19d8949361921f81
31400,3.3339410947519355e-06,0.00019467619131319225,1.0,1.0,36.284103597363696,14.203535372384518,1.3350968775788261,23.608384360532227,22.61325462837099,6.655687501299766,2.405044596311612e-05,3.539126929506201e-08,checkpoints/modular-addition-training-s0-5f1bc9dee7ab/step_00031400.pt,3c164538fdee281eb3f84d1a6abe7d899356513acf1c303c56869572ee1226c1
31450,2.0465604393393733e-06,0.00018486780754756182,1.0,1.0,36.463869533151914,14.284220208140336,1.3330646457691913,23.65451366214735,22.814094710584186,6.61655793974925,1.505869921552986e-05,1.2891841568853123e-08,checkpoints/modular-addition-training-s0-5f1bc9dee7ab/step_00031450.pt,9f5bea4f5e38922c0d8a2ef15ea2092de194d53f657624e81dfec6572bb367e8
31500,1.283783262806537e-06,0.00018213731527794152,1.0,1.0,36.582694250454544,14.354047854706675,1.335857921023776,23.654326245388233,22.97047241355631,6.580316055985053,9.51087899691681e-06,4.696119656662677e-09,checkpoints/modular-addition-training-s0-5f1bc9dee7ab/step_00031500.pt,43500f2c8644bb4c3c573cd77e6171d28bcd798dd7e46d997731f772235cfefd
31550,8.278025234176312e-07,0.00018169776012655348,1.0,1.0,36.63430823683049,14.4113392141825,1.3439163228795075,23.608239389848606,23.072523585100615,6.5490013962852975,6.098474990935422e-06,1.710689875991531e-09,checkpoints/modular-addition-training-s0-5f1bc9dee7ab/step_00031550.pt,01383c68b0944b0c3358aba4adeb151d2c79296c150bf0a788dcff781749be50
31600,5.547115051740548e-07,0.0001710584620013833,1.0,1.0,36.61501409578554,14.454183228090951,1.3584507372679124,23.517843148781434,23.11288362088205,6.526570339362085,4.001925521294332e-06,6.231819686518841e-10,checkpoints/modular-addition-training-s0-5f1bc9dee7ab/step_00031600.pt,35ca99cf1a4d887768dea302c2b5a27173ca10b6485356b369a3f105d6c4ec5e
31650,3.891883864071133e-07,0.00015877974510658532,1.0,1.0,36.52844181602424,14.482238453009264,1.381172788863558,23.38755010382138,23.091632946674995,6.517912290099463,2.757770461926898e-06,2.2702966418381365e-10,checkpoints/modular-addition-training-s0-5f1bc9dee7ab/step_00031650.pt,4a7c44fa75af642c2b325ae8334bdbcdabfcba152905264a9e9b31164e450839
31700,2.851061253750231e-07,0.00015861584688536823,1.0,1.0,36.384641556306704,14.49644886873461,1.4136626072670848,23.224371697279924,23.015614858265423,6.527380896843211,2.0558478992948976e-06,8.272259863733284e-11,checkpoints/modular-addition-training-s0-5f1bc9dee7ab/step_00031700.pt,bd858121b6a9a91adba9fd2206f44734266a373c5b671a6c45463775e17f499f
31750,2.1687989715246658e-07,0.0001537340140203014,1.0,1.0,36.19752568934284,14.4976824099665,1.4568290917911055,23.035485578514884,22.89581693039718,6.565340129762104,1.6885745050012856e-06,3.0155683724629854e-11,checkpoints/modular-addition-training-s0-5f1bc9dee7ab/step_00031750.pt,553a7adaf272efe4a863e11540492a405519b8cf86f03b1e3ea655a037a40641
31800,1.7202862068188551e-07,0.00019401048484724015,1.0,0.9998881220817566,36.0165727106369,14.500798895106787,1.5165330486598252,22.848360002071217,22.767419979607926,6.649624156633876,1.5583864103450743e-06,1.1009759904222484e-11,checkpoints/modular-addition-training-s0-5f1bc9dee7ab/step_00031800.pt,c5b5b4195c12ef7ba5f9ca28b3ed5229c19ada661feeac3ceab70e72b4f61fe4
31850,1.4161938111101335e-07,0.00041205898742191494,1.0,0.9997762441635132,35.93435258336846,14.537659988797522,1.6039858263112183,22.714790900670568,22.69296034473018,6.813896993370569,1.614834528714272e-06,4.0393018341368074e-12,checkpoints/modular-addition-training-s0-5f1bc9dee7ab/step_00031850.pt,9c5f8af95bf30d6a1cac10b9302b68afbc41933c0d813e416a732f70ba173f94
31900,1.467239059138592e-07,0.001400240114890039,1.0,0.9997762441635132,36.26906486884446,14.724385835844938,1.7595932240015972,22.81144702664982,22.88267043314606,7.18071293828378,1.9584687015756756e-06,1.5165757451646042e-12,checkpoints/modular-addition-training-s0-5f1bc9dee7ab/step_00031900.pt,5b7b1073345cec998637cd9512f00bbe7fe85354ed6ef21f816047728e02f826
31950,6.284307164605707e-05,0.001870577223598957,1.0,0.9994406700134277,35.260312616216105,14.521379804269815,1.6191376289802801,21.883869460983714,22.361407616683465,7.131709088781493,0.009411713845163459,0.017953559823156055,checkpoints/modular-addition-training-s0-5f1bc9dee7ab/step_00031950.pt,e8929a2436836ecee2fbe748ba6d940805a0c1f2e12a67fb92463c622e6f02cb
32000,8.541835995856673e-05,0.0005215451819822192,1.0,1.0,33.6809233311635,13.862223870399504,1.5415894233259293,20.934774425548746,21.325509053035805,6.842859872656126,0.00252204814108517,0.0065382842745911685,checkpoints/modular-addition-training-s0-5f1bc9dee7ab/step_00032000.pt,be4658ea835c3422c3a9c452c0e2d14a9fc9f4b3b93001192ae042826f8759d6
32050,0.00027629113174043596,0.0008228340884670615,1.0,1.0,32.575695987706986,13.338743734755408,1.4960283566650987,20.432500213991744,20.458230175850918,6.707424013376273,0.0016517364011830315,0.002381162171694929,checkpoints/modular-addition-training-s0-5f1bc9dee7ab/step_00032050.pt,101e3da00f76fb3865ae2b94f6d473ebc71d0481a01fa58994a1838a02751250
32100,0.0003732784534804523,0.0010517123155295849,1.0,1.0,32.506162690673186,13.184544003818912,1.4881547990990491,20.75854358630787,20.09588692350478,6.770672382478788,0.001363500457782909,0.0008671603734469814,checkpoints/modular-addition-training-s0-5f1bc9dee7ab/step_00032100.pt,c08dacc1a378efa9dd890794072fe501b219517f35c32446e98f38b958981ec7
32150,0.0002666134387254715,0.0008956651436164975,1.0,1.0,32.99042243261634,13.293455183095707,1.4752769387237685,21.330414346690517,20.193357815143536,6.83500574101091,0.0011138434096515577,0.0003158040759203669,checkpoints/modular-addition-training-s0-5f1bc9dee7ab/step_00032150.pt,1ae9444dd1baf3ac37122dc6cc6a908641d1d6695e3122717df987e22bacb0d1
32200,0.0001664042065385729,0.0007101913215592504,1.0,1.0,33.508428539120665,13.441252481004788,1.4541435667337754,21.815501096153515,20.429322787554955,6.838103812913206,0.0007572621043888196,0.0001150121025897983,checkpoints/modular-addition-training-s0-5f1bc9dee7ab/step_00032200.pt,250a5a70fe45b9c30cadfd1b9de505a0e145c06b2bd4de358b6eb3684d7c283f
32250,0.00010121666127815843,0.0005516776582226157,1.0,1.0,33.998950153421006,13.585235831365884,1.4322929568646363,22.230557374095827,20.706590829039886,6.808665868028002,0.0004976349197086051,4.188673677276707e-05,checkpoints/modular-addition-training-s0-5f1bc9dee7ab/step_00032250.pt,9af28fafa357288286658a1557b53f145c5ffedb6eebfeaaa9165663c0a7e1a2
32300,6.087263682275079e-05,0.00043627741979435086,1.0,1.0,34.46139663202686,13.721145229103213,1.4121567308572136,22.595498390511146,21.00059302680839,6.763312044109769,0.0003219652467859216,1.525516052637725e-05,checkpoints/modular-addition-training-s0-5f1bc9dee7ab/step_00032300.pt,daa469cb07dcb3419068e5de53297cec5c8fd2694659216d6529e0e0992c0538
32350,3.641461080405861e-05,0.00035467438283376396,1.0,1.0,34.89443486786699,13.848298862511639,1.3945836889595393,22.916963508194794,21.299793966352524,6.71065572443254,0.00020595968214366417,5.556023848204985e-06,checkpoints/modular-addition-training-s0-5f1bc9dee7ab/step_00032350.pt,f9d58c3301db4fc5ce4f649c1fc81b78c8696aabe0088a5feef17dd2ff9099ae
32400,2.174576911784243e-05,0.00030257555772550404,1.0,1.0,35.294019834326335,13.966406468371902,1.3797179790680052,23.194389772474164,21.597015544114218,6.655291683623753,0.00013075506970383448,2.02356903033202e-06,checkpoints/modular-addition-training-s0-5f1bc9dee7ab/step_00032400.pt,3fde616bd714cd7bae88f132817eb2d10d8ff3fb727175946fcc161e4aa8136f
32450,1.2994073586014565e-05,0.00026389709091745317,1.0,1.0,35.65623607494433,14.075558583415171,1.3677445672606738,23.426135582664024,21.886714533266606,6.600226889863459,8.25079185786138e-05,7.370180651786487e-07,checkpoints/modular-addition-training-s0-5f1bc9dee7ab/step_00032450.pt,f2dd1f48806bf438332275561aab3bcd46c4555c6339fa4e7fe10f1f9c6e9ff7
32500,7.78750290919561e-06,0.00023934913042467088,1.0,1.0,35.97633182963118,14.175619216048808,1.3587791670714373,23.60940802514477,22.16394252414779,6.5465636345304725,5.1849467168460896e-05,2.6843796396879537e-07,checkpoints/modular-addition-training-s0-5f1bc9dee7ab/step_00032500.pt,918a74c38140f9e4dff139114bb5865994b8f0eafc9752da5660a69116eac76a
32550,4.692533366323914e-06,0.0002124490711139515,1.0,1.0,36.249309188854575,14.266507515463438,1.3531200512344796,23.741544335858435,22.423341547265824,6.494695721161992,3.2518350411796756e-05,9.777211093286932e-08,checkpoints/modular-addition-training-s0-5f1bc9dee7ab/step_00032550.pt,653ccc8a53851505549d281a68f0e0c2f6e55d6b1edd747e60c237277cad9153
32600,2.85985333903227e-06,0.00019738718401640654,1.0,1.0,36.469703618198004,14.347863216893716,1.3510153366531081,23.820645963022276,22.65780806384451,6.446194250484089,2.045518546228933e-05,3.561158117942973e-08,checkpoints/modular-addition-training-s0-5f1bc9dee7ab/step_00032600.pt,cae306fb1f5a61f86931778c1f45e930d1fd3674deddbc23597dbfec5588508c
32650,1.7684923250271822e-06,0.00017594775999896228,1.0,1.0,36.633228574798174,14.41880646052547,1.353134574763272,23.84840936737358,22.85914384953267,6.401046477134789,1.2893701159106898e-05,1.2970973191511103e-08,checkpoints/modular-addition-training-s0-5f1bc9dee7ab/step_00032650.pt,6c796b03503e63a17fb4b857d6365674da48c4a0ceb98ba105fbc7ae7caf39c8
32700,1.1197863614142989e-06,0.0001554279588162899,1.0,1.0,36.735191715270645,14.47858548131197,1.3600071387305717,23.82758542604037,23.017394323747094,6.359322661299467,8.230178074463708e-06,4.724542321500315e-09,checkpoints/modular-addition-training-s0-5f1bc9dee7ab/step_00032700.pt,1ef7e8b231dc9b2468010457bf8fe1f348aeed0fec0326ff9b728f00d04a99e9
32750,7.333694043154537e-07,0.00014590108185075223,1.0,1.0,36.7699486767137,14.525269501808118,1.3720657433658703,23.760151055521924,23.12193081997511,6.3241318897497845,5.342538368758733e-06,1.7208955254146097e-09,checkpoints/modular-addition-training-s0-5f1bc9dee7ab/step_00032750.pt,c42cd05b7d0fadf59c6be5c7874cd6eb13d90865af9f1f44046048453db6dd62
32800,4.994957407689071e-07,0.00013715236855205148,1.0,1.0,36.73328045393916,14.55614899664501,1.3898716859442262,23.64832383830696,23.164479740228515,6.29955030100842,3.5729250595004945e-06,6.26847348721426e-10,checkpoints/modular-addition-training-s0-5f1bc9dee7ab/step_00032800.pt,a02d28ffeffd8ee57563e9e565a262cec65a504a2305790d9570e71a13caf056
32850,3.547018820881931e-07,0.0001451220887247473,1.0,1.0,36.631928310254196,14.57303250515086,1.4153045785975835,23.499124139755452,23.145636604815095,6.29225548618508,2.5379558553530088e-06,2.2834892393440883e-10,checkpoints/modular-addition-training-s0-5f1bc9dee7ab/step_00032850.pt,3dd715af90169b2efe9f698d2191d1dfab44c7718a5bedb305fd6c9c66dce740
32900,2.63909953446273e-07,0.0001782439649105072,1.0,1.0,36.47461842978905,14.575965932643184,1.4496883836675656,23.318721598790546,23.070480632055972,6.310907757479954,1.9582613163742147e-06,8.319984695063646e-11,checkpoints/modular-addition-training-s0-5f1bc9dee7ab/step_00032900.pt,228da4dc763cc181c1081ba723be0fd232cc1ea92c09985a9ea609cafdda99e9
32950,2.0436760905795381e-07,0.00021889476920478046,1.0,0.9998881220817566,36.28080076665713,14.568430363806424,1.495268777411434,23.1180654460498,22.95329822406764,6.365741351740681,1.6892207742436258e-06,3.0332455294455e-11,checkpoints/modular-addition-training-s0-5f1bc9dee7ab/step_00032950.pt,37e4875f22c7b9983efbed1fb2c3aec5c13d8274a7194629e0e258b1f420bc74
33000,1.6402945846039074e-07,0.00040219174115918577,1.0,0.9997762441635132,36.11022884044918,14.570080146473012,1.559657069123176,22.930244911797704,22.835773059745918,6.477669203537114,1.6406875162126792e-06,1.108086346919167e-11,checkpoints/modular-addition-training-s0-5f1bc9dee7ab/step_00033000.pt,272068d01fda6d13a078d0e6747695ce851f3f081fa9f381c386262d63dcdf4e
33050,1.3757311023709917e-07,0.0007825173088349402,1.0,0.9996643662452698,36.083415259274844,14.62319835892643,1.6560444263840874,22.82185750215845,22.799846170753238,6.690461727546563,1.6953326796139072e-06,4.0733858839357364e-12,checkpoints/modular-addition-training-s0-5f1bc9dee7ab/step_00033050.pt,94f4e54b5ba1773fa1158ffbe2afae9e5f0404a419ceebe89ced5f136ecaf539
33100,2.9322950467758346e-07,0.002262570196762681,1.0,0.9995525479316711,36.55812204467971,14.85869619103221,1.8264193765534773,22.992826977740986,23.08382615487528,7.130673518007568,2.4365509736787923e-06,1.7962037057650642e-12,checkpoints/modular-addition-training-s0-5f1bc9dee7ab/step_00033100.pt,f8a15d7698cb1f05464862d2fa666dab1ad424c3b1bf7f99283be79dc547d1ac
33150,0.00013735580432694405,0.0013804737245664,1.0,0.9998881220817566,35.20244708990667,14.475087243474546,1.6348195280694262,21.76007503192898,22.468658933065477,6.976388455104811,0.02224641561704908,0.18566953220524224,checkpoints/modular-addition-training-s0-5f1bc9dee7ab/step_00033150.pt,276dc8593b9a5caa96fc0c5d2c5d408c42b58f4f4ffb7bc3bb9874e28624d854
33200,0.00022779162100050598,0.0009009798523038626,1.0,1.0,33.5860209440463,13.79958251491233,1.5572065509782949,20.793809707952317,21.407556557879772,6.670939444806808,0.007187738123144725,0.06761597062392713,checkpoints/modular-addition-training-s0-5f1bc9dee7ab/step_00033200.pt,16676d0302dbf6925587b41aec86a4885fba200cee35bedb39f0501c6d285b60
33250,0.0007237118552438915,0.0015882051084190607,1.0,1.0,32.33442728914556,13.228282792860604,1.5028578075530277,20.174847721080322,20.48005699687139,6.466214171796765,0.0051509939347741,0.02462416780488177,checkpoints/modular-addition-training-s0-5f1bc9dee7ab/step_00033250.pt,85ba9731c635b5dea7c89742b71e557e789857774a009fe8fc0b48fe173b38dc
33300,0.0011870514135807753,0.00239201239310205,1.0,1.0,31.98214388324624,12.950314876143079,1.4861833736951737,20.33077672723067,19.960891599265164,6.415641447824639,0.0039025418107684145,0.008967508112520799,checkpoints/modular-addition-training-s0-5f1bc9dee7ab/step_00033300.pt,51922f5406dcc9a55a5fc4bfc2c3389aecb5575a18581dfa8e1cbb97482a57ce
33350,0.0010259818518534303,0.0021629934199154377,1.0,1.0,32.37262495975678,12.999976515156675,1.4745925355835343,20.905251978397057,19.96601911778261,6.414168266619519,0.003646770099514894,0.0032658115616147876,checkpoints/modular-addition-training-s0-5f1bc9dee7ab/step_00033350.pt,59d1dc3102a0522f7e226192d54496dd5c14e96a0bf2144de34a81cc5e2112e1
33400,0.0006681223749183118,0.0015372899360954762,1.0,1.0,32.95413334193135,13.179057906978226,1.452774395064569,21.460231951356853,20.220606244034897,6.384536888217572,0.002616358323734503,0.001189384477609633,checkpoints/modular-addition-training-s0-5f1bc9dee7ab/step_00033400.pt,5931d308fa6a37a826a4cdbb569d389e9b5fdc842c34e5b2070e1af5ad1fb86a
33450,0.00041101648821495473,0.0010481082135811448,1.0,1.0,33.52354813275761,13.373510405777443,1.427635215003748,21.93260205575968,20.539915865952494,6.325518145736301,0.0017453058513075387,0.0004331739421082556,checkpoints/modular-addition-training-s0-5f1bc9dee7ab/step_00033450.pt,c6ca8bc724f5a492e23d53f6c9ce7d3f233b533a157d25ecbfce013deac3b0ec
33500,0.00024834158830344677,0.0007137071806937456,1.0,1.0,34.06831090169843,13.563311215800196,1.4033472111452814,22.351087331679278,20.88211390943019,6.251657934366856,0.001139256150911293,0.00015776499471303039,checkpoints/modular-addition-training-s0-5f1bc9dee7ab/step_00033500.pt,9eed645610c0656012f55a803d9efc8c9a68cd77d2e2db4a45e053d514831225
33550,0.00014871395251248032,0.0004898841143585742,1.0,1.0,34.58747339227948,13.743769261608444,1.3810211753344814,22.72845837939314,21.23255138112962,6.171778042223308,0.0007333199215684931,5.746013886229657e-05,checkpoints/modular-addition-training-s0-5f1bc9dee7ab/step_00033550.pt,d0d2e05f53be10e3f028a9af2839220718d3f216f91f0860f91a36bcb0e31578
33600,8.864620031090453e-05,0.00034070215770043433,1.0,1.0,35.07961097790686,13.912861144459207,1.361022560783613,23.069934647721176,21.58330323831119,6.090825510413076,0.00046714318171946933,2.0928104630849568e-05,checkpoints/modular-addition-training-s0-5f1bc9dee7ab/step_00033600.pt,2fa44abe0f1b8eca61bf5e7cdfeaf54d48d91dfaddefbfe5a03bfa98fbfc7c3d
33650,5.2714833145728335e-05,0.00024112281971611083,1.0,1.0,35.5422718810006,14.069894608873142,1.3433450743087345,23.3762445527026,21.929326878525867,6.0118544091240445,0.000295230223021987,7.622540614763193e-06,checkpoints/modular-addition-training-s0-5f1bc9dee7ab/step_00033650.pt,8eeb3f5fd10cd699bdb2aa101af1d0b68364d079c242a07c8b63cf02ae48df77
33700,3.1346095056505874e-05,0.0001729748910292983,1.0,1.0,35.97378000512621,14.21503254070415,1.328008652489366,23.64814414071088,22.266598773982277,5.936829834306067,0.00018550538431015166,2.7763597933654316e-06,checkpoints/modular-addition-training-s0-5f1bc9dee7ab/step_00033700.pt,42427b92ccbcba8c5b71861a133239c670ff78aa88ddbc88ca909b22606a5f4c
33750,1.865708145487588e-05,0.000124823534861207,1.0,1.0,36.370823082784206,14.34851738683242,1.3149646890570843,23.883926252464967,22.59146494971181,5.866128755682603,0.00011623116761373616,1.0112484047185304e-06,checkpoints/modular-addition-training-s0-5f1bc9dee7ab/step_00033750.pt,be3c9c68ba2df62c30f0b7f3b1bf28d8d52bb1060282c630a7ad17b9bb5a17c2
33800,1.1137693945784122e-05,9.147048695012927e-05,1.0,1.0,36.7292114606712,14.470882585660346,1.3043141315349682,24.08090941423762,22.899626141014608,5.800363846005984,7.264565823530753e-05,3.6833740045515513e-07,checkpoints/modular-addition-training-s0-5f1bc9dee7ab/step_00033800.pt,8f9ba698851c3be37e6269d52c977c041129b38f30820a23c4b5fca9c4a7897c
33850,6.6838451857620385e-06,6.780938565498218e-05,1.0,1.0,37.043640736790294,14.582657890128269,1.2962639652695183,24.23592341782443,23.18590720511016,5.73853908147214,4.5364492060499905e-05,1.3416514200486244e-07,checkpoints/modular-addition-training-s0-5f1bc9dee7ab/step_00033850.pt,222a1340edd7952b6ac2f6fb70ed185314bc9cf9374b8079755ca53147ba31af
33900,4.041939519083826e-06,5.084097938379273e-05,1.0,1.0,37.3081545929342,14.684152864332452,1.2911812530540563,24.346536971187646,23.44321986143755,5.68053560836029,2.840552178040623e-05,4.8869701094357334e-08,checkpoints/modular-addition-training-s0-5f1bc9dee7ab/step_00033900.pt,3dba0dcfc0a02899961d16be51cc9810632d67d79508c6f495d63aa9f694c759
33950,2.4773307814029977e-06,3.7968151445966214e-05,1.0,1.0,37.51558678263781,14.77509463498464,1.289547560071263,24.410698288144097,23.662433668116766,5.62671656033642,1.7803236387654936e-05,1.780105650108921e-08,checkpoints/modular-addition-training-s0-5f1bc9dee7ab/step_00033950.pt,232514877350fafe7f7426e66d60d43552ed5f9da925b83ddd7ab82b61e9071c
34000,1.5449537613676512e-06,2.9238279239507392e-05,1.0,1.0,37.66035619219598,14.855614093117257,1.2919808393140007,24.42888402511075,23.83393478812573,5.578272291073116,1.1298752844197682e-05,6.484250991767912e-09,checkpoints/modular-addition-training-s0-5f1bc9dee7ab/step_00034000.pt,997cacc2a501d661f14ad5c49fad7e033496984b118e85a22b83ff0beb378bbc
34050,9.89746240520617e-07,2.2129592252895236e-05,1.0,1.0,37.733969376984234,14.923802419962536,1.2992254756036765,24.40059200614339,23.945652316445408,5.53727589400152,7.2128366306556695e-06,2.3620103260092264e-09,checkpoints/modular-addition-training-s0-5f1bc9dee7ab/step_00034050.pt,0366a8409ba22ff8301509437e6158b30913b0ff3efaa8777d45745337dfa31c
34100,6.593541002075654e-07,1.7347143511869945e-05,1.0,1.0,37.73241868120815,14.978314032063857,1.3121688054848903,24.326847609986842,23.990518886891934,5.506653268087243,4.739052843647348e-06,8.604319787189372e-10,checkpoints/modular-addition-training-s0-5f1bc9dee7ab/step_00034100.pt,603da563876af4330852255218e94f89b1bce3cca3512ad88e2e819a638c9d46
34150,4.5598289943882264e-07,1.3557219062931836e-05,1.0,1.0,37.65500493267449,15.016812686807961,1.3321958664899225,24.20964562532874,23.965597292236502,5.492102739818143,3.2305458478456144e-06,3.1345544184641744e-10,checkpoints/modular-addition-training-s0-5f1bc9dee7ab/step_00034150.pt,4f0d16f21468daaf063af481b4923853ea92f3589be676bc249cc4a7df73a30e
34200,3.277164353221451e-07,1.107978187064873e-05,1.0,1.0,37.50610167715462,15.0374513338706,1.3605591529018903,24.051608750357268,23.874581392963467,5.500552610464605,2.3486857656170173e-06,1.1420771136447755e-10,checkpoints/modular-addition-training-s0-5f1bc9dee7ab/step_00034200.pt,7b09468ea68b1f0d3f6ccc3223b8b055c0a447d27ef402ae1ebdfd48bfe349fd
34250,2.4732028691687447e-07,9.000193131214473e-06,1.0,1.0,37.30112134806437,15.040895292774053,1.3993281175557397,23.860683184849776,23.73080274055691,5.541101215034111,1.9002742268544586e-06,4.1628261490053176e-11,checkpoints/modular-addition-training-s0-5f1bc9dee7ab/step_00034250.pt,52a175d2335f3ea6a36b49fa392458d2063f528d0a9251642f486360116ff9fd
34300,1.9173081966528116e-07,8.149303539539687e-06,1.0,1.0,37.08590100931733,15.039408302318215,1.4534291082907216,23.66229398497838,23.568440523504318,5.62958702523683,1.7386447576637763e-06,1.5193249928767477e-11,checkpoints/modular-addition-training-s0-5f1bc9dee7ab/step_00034300.pt,0ad29f73fd88d7835263783ced564ebc73b377a4ff3e6b9557ed6049354bbe3b
34350,1.5497205652081902e-07,1.1447415090515278e-05,1.0,1.0,36.96599831935015,15.070993873127478,1.5367834287318969,23.516090267546755,23.45878811731407,5.802347000230503,1.8160753134718395e-06,5.571213609541979e-12,checkpoints/modular-addition-training-s0-5f1bc9dee7ab/step_00034350.pt,34b1935ea71e9cc4dbd016f104b811b7e6534a475a11b55d8faa526831cfd6f3
34400,1.4709739559748414e-07,6.771682092221454e-05,1.0,1.0,37.205831805979784,15.232562618298275,1.6846040863006235,23.570523030521752,23.575569895582756,6.1666857949010225,2.0644950474624743e-06,2.1028161584163825e-12,checkpoints/modular-addition-training-s0-5f1bc9dee7ab/step_00034400.pt,71a47d6ae37d370b2ab59bd45fd19def73e77b434e85fec81d8f85e35577941b
34450,0.00018674766761250794,0.0017873323522508144,1.0,0.9996643662452698,36.173149357120806,14.980345324207029,1.5695794600151718,22.544033466114684,23.12591112610182,6.211376527398573,0.03844100881469528,0.1682266793952252,checkpoints/modular-addition-training-s0-5f1bc9dee7ab/step_00034450.pt,4cf744697448c8d8abef324b7e1905468f00c708f4a7a49aaec0662671ac65eb
34500,0.000179930982994847,0.000670121400617063,1.0,1.0,34.52161642301942,14.288150768451416,1.4936885750635052,21.54049316746742,22.045994632612917,5.944822728887874,0.007226256249777048,0.061263958325309745,checkpoints/modular-addition-training-s0-5f1bc9dee7ab/step_00034500.pt,1b820c9d2c5f98deea0e06e57412e2648159150f75e0311980e73864fadb91a6
34550,0.0005892523913644254,0.0012667974224314094,1.0,1.0,33.20985341665404,13.687603499282558,1.4406555994883814,20.878302387154488,21.07843126332203,5.7675480712072655,0.005817602456144921,0.02231107859909128,checkpoints/modular-addition-training-s0-5f1bc9dee7ab/step_00034550.pt,40f625a507b87ce72b84f472bcb662e2ecfd0293fadd86b996f5b9be9029c00f
34600,0.0010308390483260155,0.0019896773155778646,1.0,1.0,32.81764613068226,13.388468331259125,1.4252519399320815,21.015450862867862,20.511927244527474,5.77296595822926,0.00364873604691451,0.008125135807159177,checkpoints/modular-addition-training-s0-5f1bc9dee7ab/step_00034600.pt,bf04cb5eb00220238e63d10cad965d18d98d0c63e9f7ae874737ec4cb1e59aa0
34650,0.0008999630226753652,0.0018684061942622066,1.0,1.0,33.229354607060245,13.451193748200966,1.415845575810721,21.59969742075841,20.506649403973512,5.846467070784484,0.003640034961666679,0.0029590505482052667,checkpoints/modular-addition-training-s0-5f1bc9dee7ab/step_00034650.pt,a7276ee60ad82e4371635f1f747488c263506b7f5035d208cf6ab21e206d2fee
34700,0.000582765438593924,0.0013691182248294353,1.0,1.0,33.82810743312692,13.648684194612477,1.3950071219591178,22.143154863197875,20.76680965151108,5.876098790433841,0.00264870799107146,0.0010776774739756616,checkpoints/modular-addition-training-s0-5f1bc9dee7ab/step_00034700.pt,477838f6e309f69d6ea9407a75faaf88924b01db2115db81e90c2a43af839973
34750,0.00035732638207264245,0.0009647779515944421,1.0,1.0,34.40579022810119,13.857252107272755,1.3708506247284769,22.59756706249004,21.090181810678008,5.865997602205586,0.0017737842525020141,0.0003924969279684117,checkpoints/modular-addition-training-s0-5f1bc9dee7ab/step_00034750.pt,b2279012f000ea26c23900bf33c50dfe8fa7f501b4ebb01d3c4c964da7bea30b
34800,0.00021540894522331655,0.0006809716578572989,1.0,1.0,34.954006573434604,14.057150582092701,1.3479112296622051,22.997510271999722,21.433676638606162,5.837315770623222,0.0011558975535341208,0.00014295312034528942,checkpoints/modular-addition-training-s0-5f1bc9dee7ab/step_00034800.pt,d3ba171990ef2dd956f85bcedc564d6039a037ec44c75314a5aa80eb0fd8f08c
34850,0.00012879892892669886,0.00048741165664978325,1.0,1.0,35.4712085117087,14.243826591527803,1.3272921538641589,23.354323281920763,21.78280042046535,5.800303676153567,0.0007417572954501626,5.206672262728248e-05,checkpoints/modular-addition-training-s0-5f1bc9dee7ab/step_00034850.pt,1b08b90f577d4f525e82035f163d1b859981a660235a650d9891273659ff6005
34900,7.665254088351503e-05,0.0003569683467503637,1.0,1.0,35.955228549818415,14.415597052862756,1.3090572045080724,23.671614057448387,22.12983797800296,5.760238701394831,0.0004707049372449451,1.8964234587767367e-05,checkpoints/modular-addition-training-s0-5f1bc9dee7ab/step_00034900.pt,ec0d6f0064c0984e3158a33ab4dd26a50dd4be420a179fa16978fbef70cd2b68
34950,4.551964593701996e-05,0.00026893732137978077,1.0,1.0,36.40396441443265,14.572268778195888,1.293130089998886,23.950614795268002,22.469345892504023,5.720311915039003,0.00029622023731979905,6.9074532789276125e-06,checkpoints/modular-addition-training-s0-5f1bc9dee7ab/step_00034950.pt,ba63066a1f86fdc84d0033279b3e9d41b972e7cdd6f45be9c74e8fe2340da33f
35000,2.702478741412051e-05,0.00021016536629758775,1.0,1.0,36.81497716976198,14.714356291686233,1.2794658040284292,24.190789483272052,22.79713892770587,5.682375478144984,0.00018531841884100514,2.515980602670687e-06,checkpoints/modular-addition-training-s0-5f1bc9dee7ab/step_00035000.pt,518796b4fed750ce1e5a69df55c3813c7112a4e216bac07144673e84794402b5
35050,1.6067633623606525e-05,0.00016963128291536123,1.0,1.0,37.18466010674337,14.842448805048308,1.268037411535004,24.389860174152286,23.109277099321922,5.647014651880692,0.00011544780856934151,9.164368404112186e-07,checkpoints/modular-addition-training-s0-5f1bc9dee7ab/step_00035050.pt,e88d53ed538947baebf24f25b702a804ab7d9599ae55d5c4608d582961528e9c
35100,9.588530701876152e-06,0.00014184282917995006,1.0,1.0,37.509224009611444,14.95723945006224,1.2590975130630906,24.545445493992258,23.40157162246838,5.6147215771798935,7.175714383347478e-05,3.3381284719248374e-07,checkpoints/modular-addition-training-s0-5f1bc9dee7ab/step_00035100.pt,065c11a1b02d5bd26bf34b4a247b28481a9f62de457c013003119d96ebc35557
35150,5.754127869295189e-06,0.00011929628090001643,1.0,1.0,37.783888374544304,15.05947364267333,1.2528681111428692,24.654679731994324,23.66873608284081,5.5859193831768295,4.4634189854515775e-05,1.2159304063921115e-07,checkpoints/modular-addition-training-s0-5f1bc9dee7ab/step_00035150.pt,0fa8a84edc1bdf143c084c617217499ed9f91c80eb33bf80dc388c738fe67380
35200,3.4892582334578037e-06,0.00010146799468202516,1.0,1.0,38.002049436307296,15.149212260135196,1.2497905694973725,24.715296779276034,23.902648845378387,5.559913315524572,2.778975426979141e-05,4.429140156416932e-08,checkpoints/modular-addition-training-s0-5f1bc9dee7ab/step_00035200.pt,7385f4be63a9bb64cee0962823c75147f233a388e3e18584c516f328659e8902
35250,2.144730160580366e-06,8.43379384605214e-05,1.0,1.0,38.15887308605277,15.226732478690609,1.2503938659057334,24.727446388520015,24.09507065692989,5.537480793682377,1.740889936119864e-05,1.6133761909676203e-08,checkpoints/modular-addition-training-s0-5f1bc9dee7ab/step_00035250.pt,1613fa8c8d5238ac6feb409076f4a86a42ef0fb70b253d1a6ea375ffd601da9e
35300,1.345816031061986e-06,7.922884833533317e-05,1.0,1.0,38.2470215585075,15.290995994660554,1.2553424650050313,24.6917449348932,24.234493880364127,5.518265426430428,1.1025238354829965e-05,5.877043880054444e-09,checkpoints/modular-addition-training-s0-5f1bc9dee7ab/step_00035300.pt,76d230dd323b162ad13347e528f8134d967d6eece2ad77f9e2cc39e2a899435a
35350,8.712844987712742e-07,6.821486749686301e-05,1.0,1.0,38.25866249233083,15.339331673252062,1.2651848762385787,24.608251911350322,24.309675002195856,5.504825692437663,7.0428798923253405e-06,2.1408704774940025e-09,checkpoints/modular-addition-training-s0-5f1bc9dee7ab/step_00035350.pt,22fa3c1719760d4f3404b9aac03f4e7d04fb7100303bfe9f0b126809c8ed4490
35400,5.833155114487454e-07,4.576359788188711e-05,1.0,1.0,38.19248783952502,15.370474727126501,1.2808845348456803,24.480309361777124,24.31518648657351,5.500920697325627,4.640840917880887e-06,7.798928004538408e-10,checkpoints/modular-addition-training-s0-5f1bc9dee7ab/step_00035400.pt,4d085c3bf6b81dafa2eb000e0f84f7fac4751c502381b211c8e0eb13ce7cd2a6
35450,4.0982436644299014e-07,3.822805956588127e-05,1.0,1.0,38.04463954236388,15.380089637444492,1.3034632599522185,24.30807302846621,24.246509676270072,5.51115036483492,3.170208142775449e-06,2.8412103621480247e-10,checkpoints/modular-addition-training-s0-5f1bc9dee7ab/step_00035450.pt,a644657a2704e958b18e338afdf3199f7f1806e390af34e2bb669c124168b303
35500,3.006375663971994e-07,3.44436957675498e-05,1.0,1.0,37.821353878048726,15.365673099424354,1.3346071116245912,24.095913455538867,24.10871577996762,5.543149051914501,2.302316796298322e-06,1.0351989369599115e-10,checkpoints/modular-addition-training-s0-5f1bc9dee7ab/step_00035500.pt,4b4c1bca83e9ab1fab404fbd5e0135e918863d0a18f6933657b8fd1ae3ca9fbd
35550,2.2923660480955732e-07,2.5398092475370504e-05,1.0,1.0,37.546931122446445,15.331959197603274,1.3761246977808497,23.857206815339502,23.921125703578404,5.6056019067217475,1.83991833559759e-06,3.773024494548982e-11,checkpoints/modular-addition-training-s0-5f1bc9dee7ab/step_00035550.pt,f966b0c79d5b60806817fe56ff53ab13598b0a3406833b8c500314f7ad5a98c5
35600,1.813039034459507e-07,1.5824405636521988e-05,1.0,1.0,37.25197370375427,15.285739729980035,1.430516654430989,23.60814123758902,23.707877951028742,5.7097739183858245,1.6595726904453271e-06,1.3765846865754592e-11,checkpoints/modular-addition-training-s0-5f1bc9dee7ab/step_00035600.pt,1a6cc62f016696461fdc400aa4a45bf94d307516bb79785d97cb64fd75d9fda4
35650,1.466616481593519e-07,1.1881805221491959e-05,1.0,1.0,37.037514586796846,15.264477093752102,1.5113073048960084,23.40602307202312,23.536544481810513,5.888831281277364,1.660388763605877e-06,5.039795739920986e-12,checkpoints/modular-addition-training-s0-5f1bc9dee7ab/step_00035650.pt,75a2f2978bcbeda8268a7e6fc5dc6d25b72ff5ee93e8388834eaf355a4869dba
35700,1.3520759978291608e-07,0.00011140099377371371,1.0,1.0,37.105783290431056,15.341883742949175,1.6463366606673784,23.36369083410911,23.53950554289386,6.227757366680438,1.8652988353932175e-06,1.8669273652377434e-12,checkpoints/modular-addition-training-s0-5f1bc9dee7ab/step_00035700.pt,e4d4585e3346d168c1931a00336474dfbb0b62cef139b5e3b8c56a5fe888a509
35750,0.0001690211211098358,0.006095674354583025,1.0,0.9989931583404541,36.326390996607905,15.16613030518656,1.5535147574783954,22.53904579859022,23.208013643009753,6.36877410007299,0.03323596922693703,0.0678487392689621,checkpoints/modular-addition-training-s0-5f1bc9dee7ab/step_00035750.pt,90803369989e1833ec072b08995f01a5165f53aa49eec8b9e43d2a12a3244392
35800,9.460527508053929e-05,0.0005988366901874542,1.0,1.0,34.69167537509891,14.476838043447078,1.4770873029119176,21.541511748721966,22.144095586760546,6.111793183568118,0.0036885431646491718,0.024709014723030578,checkpoints/modular-addition-training-s0-5f1bc9dee7ab/step_00035800.pt,2705b17c44789e35c1fa2689064ed9380d7c39b172839fb4fab2357acabfc13d
35850,0.0003887865168508142,0.0009810441406443715,1.0,1.0,33.3553828715108,13.875478461553953,1.4289115546497726,20.827314451670144,21.19076407218925,5.931725423945562,0.003145105457695188,0.008998482755669127,checkpoints/modular-addition-training-s0-5f1bc9dee7ab/step_00035850.pt,1bd5cadb91ff9909244b4b048cc1ed3baac7999b42a931bc30c130c46e13a453
35900,0.0005913480999879539,0.0013543071690946817,1.0,1.0,33.02968823443976,13.613039755947137,1.4306155293257392,20.946811601144,20.716103525006194,5.972682074407478,0.0023190508401863368,0.003277030586157928,checkpoints/modular-addition-training-s0-5f1bc9dee7ab/step_00035900.pt,23b680945fe524b088461d10f09965d91d4205d8d6073875274cc20f703dfe9b
35950,0.00047061513760127127,0.001172813237644732,1.0,1.0,33.402447396951004,13.66204568448377,1.4311877094783316,21.42824739887867,20.76064194794054,6.070392152345395,0.002091125282963889,0.0011934391534290701,checkpoints/modular-addition-training-s0-5f1bc9dee7ab/step_00035950.pt,04142c13176633a1febf2b812fc446c54ae2e4c216e2bd5e24e512c5331b7333
36000,0.0003007345658261329,0.000846950220875442,1.0,1.0,33.9138768499583,13.802851378994035,1.417576280504715,21.876717756828768,21.012257112961542,6.125119223275599,0.0014977605597899775,0.00043464236294468066,checkpoints/modular-addition-training-s0-5f1bc9dee7ab/step_00036000.pt,64acdd990d924167061c014e8549072cc917cb3bf2ed9349251e2397e3d9b99d
36050,0.00018406144226901233,0.0006022982415743172,1.0,1.0,34.414683185097516,13.950195339578782,1.4001988123990943,22.264335746258187,21.315495552677945,6.144177335139453,0.0010082003569806244,0.00015829814112512327,checkpoints/modular-addition-training-s0-5f1bc9dee7ab/step_00036050.pt,f8227a53565ffd5ce5f9ce35b5188669f1bdff2666a53d0fdb18329326668199
36100,0.0001107864300138317,0.0004351545649114996,1.0,1.0,34.892413938293245,14.091841632035667,1.383389075957354,22.609240771163858,21.634725287822643,6.143913898756929,0.0006601409063886211,5.765428125757446e-05,checkpoints/modular-addition-training-s0-5f1bc9dee7ab/step_00036100.pt,fc7e7e7b3dc4255f181e8f5269430c21f6758dc4938c84cad7e54d1339f547e9
36150,6.616290920646861e-05,0.00032228787313215435,1.0,1.0,35.34233442327576,14.224230102626443,1.3682724699707665,22.91706957180382,21.956113468780284,6.133246653222689,0.0004239492090139597,2.099897948884861e-05,checkpoints/modular-addition-training-s0-5f1bc9dee7ab/step_00036150.pt,3963e0ee115da591ce6a3c6a18e1ddadc6cbdcabba08ee035c399049353f9a70
36200,3.9382779505103827e-05,0.0002442317199893296,1.0,1.0,35.76099523687592,14.346161114686753,1.3551808624195667,23.18892732996211,22.272011402786163,6.118094784599453,0.0002684668454250178,7.648456116478409e-06,checkpoints/modular-addition-training-s0-5f1bc9dee7ab/step_00036200.pt,38807dda285ed9c59ec743de28d0e52ea69721f99b23790aafb57c017677f161
36250,2.3419879653374664e-05,0.00018976257706526667,1.0,1.0,36.145396179091726,14.457389690644254,1.344178705914862,23.42418179209121,22.577602708943992,6.1013355235607625,0.00016843970906933197,2.7858430516371476e-06,checkpoints/modular-addition-training-s0-5f1bc9dee7ab/step_00036250.pt,056a44d56ec136bbc90a0fca171760af7ac5ef59e6a9a631103d51d647ec3c7f
36300,1.394482660543872e-05,0.0001526942360214889,1.0,1.0,36.492139289800285,14.558232646352659,1.3353021991925802,23.62131491888195,22.868460859923694,6.084245195489076,0.00010502701268516497,1.0147181579294945e-06,checkpoints/modular-addition-training-s0-5f1bc9dee7ab/step_00036300.pt,c86a44794bcdd7d9315ee6da56b3bf6b31a804f228c0015831e9a523f8d1df89
36350,8.330157470481936e-06,0.00012923353642690927,1.0,1.0,36.79693450054112,14.648866478079063,1.328613932383808,23.777396174370615,23.14030296891768,6.06808818631746,6.523885294549364e-05,3.6960609146155513e-07,checkpoints/modular-addition-training-s0-5f1bc9dee7ab/step_00036350.pt,8371eadcaf45232ea0eeb3c60029eed6612ac8d69a6a6cfbbb72f2cfd61586cf
36400,5.0094654397980776e-06,0.00011622784222709015,1.0,1.0,37.054390767455885,14.729604633596432,1.3244768264974742,23.889786701703397,23.38711906822799,6.052531425525014,4.0505758398686e-05,1.3462854783441896e-07,checkpoints/modular-addition-training-s0-5f1bc9dee7ab/step_00036400.pt,baec2a9601b30ef86ce4cd98b7ce606f8963e2e163b70640b84273ddba4ba154
36450,3.041960781047237e-06,0.00011205370537936687,1.0,1.0,37.25895325932816,14.800647014233322,1.323422719806295,23.9567076718185,23.601426711500395,6.038858580416965,2.517451356072154e-05,4.9038720982228673e-08,checkpoints/modular-addition-training-s0-5f1bc9dee7ab/step_00036450.pt,f6b82d0c0556023170710b865f88854463efa9b48f229a1d05822730cdd79aa0
36500,1.8760275679596816e-06,0.00011470983736217022,1.0,1.0,37.40351727707149,14.861354696376168,1.3259764332003339,23.976972248564138,23.77344303857671,6.027705671846815,1.5731515489352148e-05,1.7862628045768863e-08,checkpoints/modular-addition-training-s0-5f1bc9dee7ab/step_00036500.pt,bfc8c5c0ea5c9119d64f923af1c89d2cda3224c9be26343b7f470de520ad73a5
36550,1.1823472050309647e-06,0.0001228542678290978,1.0,1.0,37.48123774390806,14.910894482487283,1.3328242397225232,23.95079073200234,23.892763379588775,6.018925941753177,9.93030000696647e-06,6.506642053834124e-09,checkpoints/modular-addition-training-s0-5f1bc9dee7ab/step_00036550.pt,227c8e395efd54dbca350886b608c71011ddb2044cd7feb896f9ab801fec6d79
36600,7.711550438216364e-07,0.00014782838115934283,1.0,1.0,37.4852158185613,14.947146945404356,1.3447485784653002,23.878334442912234,23.948849415920613,6.016112557400608,6.360703417323916e-06,2.3701461230451023e-09,checkpoints/modular-addition-training-s0-5f1bc9dee7ab/step_00036600.pt,4a9a18f40d7135be48cafdd84fd425743b05f8a6475e2078224c5adb63d168b6
36650,5.214388352214883e-07,0.00016425068315584213,1.0,1.0,37.412715077399525,14.96854249379211,1.3626728954587828,23.761489382055927,23.936012035287188,6.021300345210317,4.2207934316808424e-06,8.633904351180768e-10,checkpoints/modular-addition-training-s0-5f1bc9dee7ab/step_00036650.pt,e1490dd950a2fb73e967fde514cada76f6a484760360cc26b6bb020949bedd94
36700,3.679611211282463e-07,0.0001631592313060537,1.0,1.0,37.26208226116659,14.971116760568204,1.387561069425364,23.601188890455436,23.851828577565467,6.039641390138075,2.919328634559194e-06,3.1453427880888736e-10,checkpoints/modular-addition-training-s0-5f1bc9dee7ab/step_00036700.pt,a39717b177af9c4098c63bb22441f665787a41c3bd434198c81567d8e73aedfd
36750,2.723137129123643e-07,0.0001291723019676283,1.0,1.0,37.048460439866226,14.956586216604245,1.4215126456298857,23.40636086722751,23.707865738868467,6.078455771726737,2.203231651884912e-06,1.1460782785950329e-10,checkpoints/modular-addition-training-s0-5f1bc9dee7ab/step_00036750.pt,7d5143340a5495dfb8bcc26f6322fcb709cfd635cfa35c61ece2f5a0b849ab60
36800,2.0944101208897337e-07,0.00010665557056199759,1.0,1.0,36.79184582873093,14.927334697942678,1.4660319671659205,23.18768308124828,23.51995766556409,6.1488448757156515,1.855328961211717e-06,4.178432744475736e-11,checkpoints/modular-addition-training-s0-5f1bc9dee7ab/step_00036800.pt,7300490536d390d4f8d5331b38dd9d32347ffbc7f4a9e5826fc320dfacfb1988
36850,1.667062150545462e-07,5.628257349599153e-05,1.0,1.0,36.53696989842388,14.896034440984433,1.5256199331874223,22.970044732392235,23.320906325719356,6.264438063363876,1.6964048831315959e-06,1.5259054968207053e-11,checkpoints/modular-addition-training-s0-5f1bc9dee7ab/step_00036850.pt,342b53b45f9cb7d54c71a6c96407d31a3349cef1c2c70d418110760e93b85b2f
36900,1.3912936935867037e-07,5.078367394162342e-05,1.0,1.0,36.39680106112273,14.903663853507954,1.6180022659813902,22.81726475943188,23.18526855691833,6.465736673684346,1.8196916171831051e-06,5.6049718714963864e-12,checkpoints/modular-addition-training-s0-5f1bc9dee7ab/step_00036900.pt,81a551834b0052c668bb8bdec9d7a20317ddb57dc34dcd0abc1740ace9f74965
36950,1.9680418006373657e-07,0.0005101448623463511,1.0,0.9996643662452698,36.713653082815064,15.077068639787374,1.7844306070863487,22.921638950645818,23.33672738221348,6.883731127042501,2.2246728385005312e-06,2.1234207773450598e-12,checkpoints/modular-addition-training-s0-5f1bc9dee7ab/step_00036950.pt,9704ec6f4a46c2c7fad810e190f7df1790e2633c98f2a9f8330ce776951f959a
37000,8.40199354570359e-05,0.004043614026159048,1.0,0.9987694621086121,35.40342343384341,14.700875828159148,1.617153238992277,21.834728904404543,22.61503403656886,6.817353248781247,0.01074967451507568,0.08237496582117033,checkpoints/modular-addition-training-s0-5f1bc9dee7ab/step_00037000.pt,088c6bf78e225755a1b4b82668eb8156f91fc57fefbaf6dfec459a65e94397cb
37050,0.00013229649630375206,0.0012766988947987556,1.0,0.9995525479316711,33.790429733204164,14.022311467023536,1.5412203662552992,20.8630353112876,21.55497904381913,6.550511314356554,0.0044957364479461855,0.029999411039374483,checkpoints/modular-addition-training-s0-5f1bc9dee7ab/step_00037050.pt,013c9c64b14c12add4f4d86eac18d425cb8ce7a3147766a173887318cf6d1415
37100,0.0004075667238794267,0.001238240278325975,1.0,1.0,32.667339362132616,13.491010508542882,1.4997068027385854,20.321286122985555,20.686531241016517,6.481614882662091,0.00337390068314716,0.010925538525187361,checkpoints/modular-addition-training-s0-5f1bc9dee7ab/step_00037100.pt,0de28e1d14ce8cadc0e497f611613f9f43470c2e7ca555fe5070442ad6c12c88
37150,0.0005018232041038573,0.0013373226393014193,1.0,1.0,32.49042575905321,13.287582860015727,1.501563745914849,20.518187759424467,20.297006567090424,6.621835813746141,0.0018563633157873455,0.003978800995746149,checkpoints/modular-addition-training-s0-5f1bc9dee7ab/step_00037150.pt,371e9056579ea2407b66a24cff27fb9ad7278733a5497fa297ddc9e0348b8456
37200,0.0003746883594430983,0.0010744542814791203,1.0,1.0,32.844492812363534,13.325468613482338,1.4992489586426687,20.9762304897946,20.329692836732608,6.756196451822583,0.001593977480094909,0.0014489842931901234,checkpoints/modular-addition-training-s0-5f1bc9dee7ab/step_00037200.pt,a205f9f9a02da84e64f3a2531cd85ca7199d94a265fd15f189c90e304086826f
37250,0.0002371846348978579,0.00078071333700791,1.0,1.0,33.300700852793526,13.430119565831024,1.4858385429192462,21.41199253847898,20.526449459063247,6.822924424009422,0.0011227043204342594,0.0005276928934139941,checkpoints/modular-addition-training-s0-5f1bc9dee7ab/step_00037250.pt,f1e7ab6a40393c453be2cc7105fcfa9fc998fbea3c865d885922a06d5b3094e6
37300,0.00014493321941699833,0.000562343979254365,1.0,1.0,33.752960083954875,13.54341971617856,1.4694028369710117,21.7992794403143,20.775629124390345,6.844238634943464,0.0007531079127141169,0.00019217882805904805,checkpoints/modular-addition-training-s0-5f1bc9dee7ab/step_00037300.pt,2bef80f7ad0fe3a53229c02bb1b1c4539019584676e2728e15690a9e67ea5f72
37350,8.729656838113442e-05,0.00040752513450570405,1.0,1.0,34.188559251210556,13.655361779135383,1.4531813157086564,22.146911555216587,21.047578377031854,6.840372464000337,0.0004950873948484135,6.999016362688701e-05,checkpoints/modular-addition-training-s0-5f1bc9dee7ab/step_00037350.pt,286dfd81b72850a24e207c7e397a3f35cbe7819de941f3244698173c83e5b648
37400,5.218855949351564e-05,0.00029759600874967873,1.0,1.0,34.601906169821866,13.762351416079563,1.438341874525329,22.458513646976076,21.328321827281886,6.821921982693509,0.0003204828102852054,2.5490335449083965e-05,checkpoints/modular-addition-training-s0-5f1bc9dee7ab/step_00037400.pt,8cbf52e4ff82a6d72d74cd61fef8c19737f6cc2c8dbf9133743d5a414a450db6
37450,3.109825775027275e-05,0.00022130925208330154,1.0,1.0,34.98924175026911,13.862942813671422,1.4253761788155883,22.73488985925976,21.609712837831974,6.795531745660801,0.00020471082993039395,9.283686782590642e-06,checkpoints/modular-addition-training-s0-5f1bc9dee7ab/step_00037450.pt,a4ed72c4df4950fd73403997aa8aa60769ac5c080603d360401ce137d04bfb97
37500,1.851642446126789e-05,0.00016722310101613402,1.0,1.0,35.34694294830709,13.956656841567264,1.4144553057531883,22.97485791609532,21.88607318026341,6.7655839562467435,0.00012950629590387596,3.381200744813341e-06,checkpoints/modular-addition-training-s0-5f1bc9dee7ab/step_00037500.pt,d271a4e597123e71549026f18fcda108879be168dd2a16841c52c6da20bbbc44
37550,1.1038945558539126e-05,0.0001286206388613209,1.0,1.0,35.670383509230575,14.043131643368252,1.4056444068807596,23.175899258095466,22.152427320463904,6.733389527882462,8.13291072348174e-05,1.2314762500508938e-06,checkpoints/modular-addition-training-s0-5f1bc9dee7ab/step_00037550.pt,65401d0a477336f820a0c0b824eda4a137f39306535855066c03bf6cd721c700
37600,6.61029844195582e-06,0.00010077068145619705,1.0,1.0,35.95501257974022,14.122243996186327,1.3991829931520054,23.33558817717254,22.403691086429806,6.700178445561115,5.0902464359707216e-05,4.485233429734791e-07,checkpoints/modular-addition-training-s0-5f1bc9dee7ab/step_00037600.pt,78592db332a43a8f0353e69402aa1da25c36bc073070b346594cc15c7ed86cf8
37650,3.988114258390851e-06,7.99189365352504e-05,1.0,1.0,36.194808092658015,14.193767708719053,1.3953423528344817,23.450688292594638,22.63342175170373,6.666899521270879,3.179007712916822e-05,1.6336068710711153e-07,checkpoints/modular-addition-training-s0-5f1bc9dee7ab/step_00037650.pt,d0e69eef8a3cfdeb29edc145c0ff5591cd35f213f3b0d2c554d41ff3e1617f32
37700,2.4328801373485476e-06,6.422724254662171e-05,1.0,1.0,36.383641073718934,14.25741747626519,1.3946149601197726,23.51936402946265,22.83387131868049,6.633571440277417,1.9879743211749282e-05,5.949942677874126e-08,checkpoints/modular-addition-training-s0-5f1bc9dee7ab/step_00037700.pt,3c39551e6f95fa23ce1511dedad22b79734e82f38769cc4abb061a605fba6936
37750,1.5128621271287557e-06,5.2370396588230506e-05,1.0,1.0,36.51513033972216,14.312497460117232,1.3976076290798338,23.54068399524326,22.995993889782042,6.60108439223272,1.249233473213679e-05,2.167103512054339e-08,checkpoints/modular-addition-training-s0-5f1bc9dee7ab/step_00037750.pt,47ba6f6a29181159bf6011193f07679ac8c9d98b4aedaf2f7b19c121fbcde37e
37800,9.632893807065557e-07,4.349986556917429e-05,1.0,1.0,36.58282276158981,14.357792130034278,1.4049440078526747,23.514998494213366,23.109766800034876,6.570112857216933,7.934981932609873e-06,7.893121109431489e-09,checkpoints/modular-addition-training-s0-5f1bc9dee7ab/step_00037800.pt,3876019e4144ddd7591ccd0834b3179d00b3cb90c2896ca8188934fcf6ab30ca
37850,6.35978892660205e-07,3.679993096739054e-05,1.0,1.0,36.58248701790154,14.391665845794872,1.4176367860388255,23.443667041211285,23.166584106472126,6.546180034139214,5.1495911971574456e-06,2.8748813022468665e-09,checkpoints/modular-addition-training-s0-5f1bc9dee7ab/step_00037850.pt,249cc67e677d6f2e6ce845c454c4325ab59e3605717b3f055fa3179af9184ccb
37900,4.371832460492442e-07,3.171543721691705e-05,1.0,1.0,36.51122427308997,14.412250561583818,1.4365232116394726,23.327976604026553,23.16048286820301,6.533794732472633,3.472174716663154e-06,1.047128844527237e-09,checkpoints/modular-addition-training-s0-5f1bc9dee7ab/step_00037900.pt,d624ef7cc8c9dfe0775ad4626cc5c39222572f44234bc49f6ef933d38d8a9658
37950,3.1308758252635016e-07,2.7874277293449268e-05,1.0,1.0,36.37278498193891,14.41830544873576,1.46298398350402,23.17223046881169,23.09196197513893,6.5391635881312276,2.498515449710399e-06,3.814256468687141e-10,checkpoints/modular-addition-training-s0-5f1bc9dee7ab/step_00037950.pt,92e56311f7815ad3a0223e514075d76519ad6e642d1e398fc8db9fc20c446c19
38000,2.376403642756486e-07,2.6634947062120773e-05,1.0,1.0,36.182877059164426,14.411890323771338,1.499638567401151,22.985526711605715,22.97271200624303,6.570324087108178,2.0479899147813398e-06,1.3897570753089812e-10,checkpoints/modular-addition-training-s0-5f1bc9dee7ab/step_00038000.pt,7c5176a257b4e9e7be538a545b8dc56f52f73e354859e81cd7abcccbe1f6706b
38050,1.851322792845167e-07,3.077790097449906e-05,1.0,1.0,35.97966396894179,14.403782040045424,1.549514770878566,22.789997197833152,22.829745558068844,6.639655993517665,1.8414561999343029e-06,5.0679555411444885e-11,checkpoints/modular-addition-training-s0-5f1bc9dee7ab/step_00038050.pt,ac2914bc6394f0244192f7314c63c082980b84bf5332a88e2c34b212ba9755f5
38100,1.5008541254246666e-07,5.077235618955456e-05,1.0,1.0,35.83406532797398,14.41699899256434,1.6224180605876837,22.625236032397492,22.711815482496554,6.772759377234412,1.8683245422999617e-06,1.853366744659375e-11,checkpoints/modular-addition-training-s0-5f1bc9dee7ab/step_00038100.pt,9710d186955edff06c909bcb82684860a7f7479d7c3d55b71fa0a1904b9bbc26
38150,1.3321559322321264e-07,0.00016673064965289086,1.0,1.0,35.904464355061364,14.508512979394125,1.7362300003909918,22.579733169609405,22.72311846418902,7.0309781956737165,1.976294380814238e-06,6.831841513118698e-12,checkpoints/modular-addition-training-s0-5f1bc9dee7ab/step_00038150.pt,dac5bd25b5792d3eacf74252ec03415c2b97cd5f583268edee8999928445b3c7
38200,0.041720110923051834,0.08380981534719467,0.9838120341300964,0.971585214138031,36.17684431398915,14.758017412836775,1.8424063588942718,22.446429041840393,23.01194939393443,7.360606886007895,0.9554036269390626,0.27940587604973527,checkpoints/modular-addition-training-s0-5f1bc9dee7ab/step_00038200.pt,d2ba31995786e9c5765675e09b66d11b238aa0d7fac8a0795397f834cb70620c
38250,8.385880937566981e-05,0.0009219596977345645,1.0,1.0,34.70443327670743,14.231222512047829,1.6865509771989429,21.389756659260147,22.157439514176623,7.1099736219321334,0.008770776509745377,0.10443530714464588,checkpoints/modular-addition-training-s0-5f1bc9dee7ab/step_00038250.pt,d35c2007501fbced9cd4a17bb18782d939fd513935faf202e15c072afb65a770
38300,0.00023232032253872603,0.0007037937757559121,1.0,1.0,33.13385693078042,13.571248019428939,1.60998445148655,20.469245407487477,21.117060670114267,6.794217649833499,0.006138003855645896,0.0380330650678981,checkpoints/modular-addition-training-s0-5f1bc9dee7ab/step_00038300.pt,3d42e8be13da637ba26cb229bf458582280d574f9c3b3f63e00bb01826af4a81
38350,0.0006391970091499388,0.0013485579984262586,1.0,1.0,32.09657762808847,13.070136460874867,1.5610945696006475,20.039953282292405,20.291789317059774,6.600634123353523,0.003990734125052665,0.013851172947601844,checkpoints/modular-addition-training-s0-5f1bc9dee7ab/step_00038350.pt,caa5e22335c32448351eeed2a8d30280d9ca4e4f5b02c73eaf70698bc6b52224
38400,0.0008565969183109701,0.0018061241135001183,1.0,1.0,32.028782756017236,12.915027027063893,1.5407187757616139,20.35036268114111,19.988791958239165,6.5560752110256,0.00291494246553267,0.005044262564386804,checkpoints/modular-addition-training-s0-5f1bc9dee7ab/step_00038400.pt,e87d56b5893777fce04220d6b0cf2ed54127db6c51cf1695f3d7b196ef4c7813
38450,0.0006378928082995117,0.0014882746618241072,1.0,1.0,32.53259579862876,13.032356124269796,1.5171147754297467,20.899759220432742,20.167257320633986,6.535108468618531,0.0023814352828423024,0.0018370225408135068,checkpoints/modular-addition-training-s0-5f1bc9dee7ab/step_00038450.pt,320be73b3966b822efad5c9ca5383d047467ccf5f03ade6bdc621759e88806bd
38500,0.00040093230200000107,0.0010586207499727607,1.0,1.0,33.10462887230605,13.211481423946385,1.487428417982114,21.378577020662554,20.4962689511502,6.482296793030504,0.0016484351115027417,0.0006690167473505788,checkpoints/modular-addition-training-s0-5f1bc9dee7ab/step_00038500.pt,3a7084a2ce8342001ad6b6778595329e6fddfb06ccab4fecc91d2cb2d4148232
38550,0.00024433096405118704,0.000739885086659342,1.0,1.0,33.65448870071374,13.392382361359967,1.4579405753220824,21.79259904532127,20.859826245185314,6.41041258757761,0.0010972740836248291,0.0002436493824242544,checkpoints/modular-addition-training-s0-5f1bc9dee7ab/step_00038550.pt,4ebcc264ba8fb4bb833f4c7d49e3110b1826c472517a5ffa3de41bee987012a5
38600,0.00014698693121317774,0.0005201415624469519,1.0,1.0,34.18014468189569,13.566820963393585,1.4305435965000928,22.163006129176452,21.234444701741115,6.330617818810791,0.0007172570526993709,8.873598219994065e-05,checkpoints/modular-addition-training-s0-5f1bc9dee7ab/step_00038600.pt,8785442c81fa30a9f7669979721660260c4ca59f4209bdc3bd32877a8933bc16
38650,8.787470142124221e-05,0.00036990756052546203,1.0,1.0,34.67947827727161,13.731741705249958,1.4057458830666831,22.497255898939088,21.609203734556957,6.2486120708805375,0.0004625878148391802,3.2317685950513e-05,checkpoints/modular-addition-training-s0-5f1bc9dee7ab/step_00038650.pt,b97ff550f5cfed0183de418f276cc01806314c9b177b5b74aa62b7116a02b906
38700,5.2376140956766903e-05,0.00026675034314393997,1.0,1.0,35.15100696710725,13.886194253106561,1.383634745343735,22.798663624859966,21.977883649685854,6.16814575536671,0.0002952806052931682,1.1770274132308065e-05,checkpoints/modular-addition-training-s0-5f1bc9dee7ab/step_00038700.pt,1969b9bcb7b72095ed6dafb962ba3ed4055b720358bf287fbf98175a136c9ab3
38750,3.118561289738864e-05,0.0001969647710211575,1.0,1.0,35.592192052056134,14.029791392035065,1.3642330661206714,23.06770818663795,22.335705095082602,6.091393406220568,0.00018696795601553026,4.286850099519429e-06,checkpoints/modular-addition-training-s0-5f1bc9dee7ab/step_00038750.pt,0595499a6da59aa9c6c3d35e388e12170e9b01564f41f594b4ced71f4c1cd8c0
38800,1.858495124906767e-05,0.00014739474863745272,1.0,1.0,35.999443583823364,14.162523947339524,1.3475396501437742,23.302392281467387,22.678756604593744,6.019925540022134,0.00011780359577185463,1.5613316927205931e-06,checkpoints/modular-addition-training-s0-5f1bc9dee7ab/step_00038800.pt,83f64ebfc02d28ecda4b6c32fe0c06618e64db541c7b11a019b44cd2a1f50eb3
38850,1.1101687050540932e-05,0.0001112698664655909,1.0,1.0,36.36832257352191,14.284606426150416,1.3335923621492343,23.499767067358377,23.00298295899729,5.954003715259321,7.395686185550115e-05,5.686656099959441e-07,checkpoints/modular-addition-training-s0-5f1bc9dee7ab/step_00038850.pt,8434265ca5b45c53490bf1168c2222fba9327db4515b62c11c13d656afb3440e
38900,6.662713531113695e-06,8.518064714735374e-05,1.0,1.0,36.69340106863025,14.39650694684336,1.3224924733951122,23.656159646785774,23.3031516639472,5.894617601127236,4.6358907699258834e-05,2.0712072059564324e-07,checkpoints/modular-addition-training-s0-5f1bc9dee7ab/step_00038900.pt,c8b2db1fc73deec03dbabb359a7f924ec14e4c37e0d9c306ddb62e465c99004f
38950,4.032290235045366e-06,6.577850581379607e-05,1.0,1.0,36.96816065264315,14.49832408388719,1.3145358344231226,23.768040608374207,23.572775262968314,5.841233463789248,2.9065882796542844e-05,7.543882698509575e-08,checkpoints/modular-addition-training-s0-5f1bc9dee7ab/step_00038950.pt,2e62315f909d52a3ef9aa56afea4d10715cf47cef6b3a4349a38f978fb372859
39000,2.468522325216327e-06,5.1644536142703146e-05,1.0,1.0,37.187101559369125,14.590445057311198,1.310319335176165,23.83466042037492,23.8036608567836,5.794582911385578,1.8306528539681738e-05,2.747714047094541e-08,checkpoints/modular-addition-training-s0-5f1bc9dee7ab/step_00039000.pt,f8bd4dfe3f6005fc2080a442c1757dc886f6efa9a754a83f2f9beb2ba7046956
39050,1.540067160021863e-06,4.102390448679216e-05,1.0,1.0,37.34151617489692,14.671581292118452,1.310476997657403,23.85486436306416,23.984339156817146,5.754398673887515,1.16123821171615e-05,1.000815640650304e-08,checkpoints/modular-addition-training-s0-5f1bc9dee7ab/step_00039050.pt,cc640f8b8783ecf45a69181408a7e4c2fb633e7f1d5409541ef78d544b9ddbfb
39100,9.88003307611507e-07,3.3154781704070047e-05,1.0,1.0,37.42509808580627,14.740950754776073,1.315624592340003,23.829071022436633,24.104713789429812,5.722728094786588,7.437196141771272e-06,3.6453857658545198e-09,checkpoints/modular-addition-training-s0-5f1bc9dee7ab/step_00039100.pt,3b4a72022d16f8349b7aa1e768d328028ca3d6912d685d1a1ef78caa4ed87b24
39150,6.545296855620109e-07,2.771192703221459e-05,1.0,1.0,37.434603372652596,14.797121474217096,1.3269955038477228,23.760285788636317,24.157143168624348,5.702197984177448,4.889910281614778e-06,1.327832293691571e-09,checkpoints/modular-addition-training-s0-5f1bc9dee7ab/step_00039150.pt,23eb8c9baeb6a4271b3cb49eb6c96a3590fb835ab9229182120a6d981e5755c2
39200,4.5016244598627964e-07,2.3406737454934046e-05,1.0,1.0,37.366129167831474,14.836988987855763,1.3456278448253742,23.648920744974248,24.13622288103978,5.696660872760627,3.3391577678113406e-06,4.836887322710269e-10,checkpoints/modular-addition-training-s0-5f1bc9dee7ab/step_00039200.pt,dc44ea1c1074fab0668960040a0acee84718139070d51f72964d835d4f8c5bfa
39250,3.2771646374385455e-07,2.054816832242068e-05,1.0,1.0,37.22410081790566,14.858349293943496,1.3730464254066503,23.498413361753318,24.04535077636361,5.711703510884902,2.445234961478197e-06,1.7621753240709868e-10,checkpoints/modular-addition-training-s0-5f1bc9dee7ab/step_00039250.pt,bb19b9f9a2154a16a6a3b92de298220841322386e50c0008bb975cb26b3f75bb
39300,2.4601305881333246e-07,1.8547048966865987e-05,1.0,1.0,37.02765091899698,14.863614997514789,1.4105598996661841,23.31921094226874,23.899858615140616,5.756853460048114,1.9361444636624734e-06,6.422327367315818e-11,checkpoints/modular-addition-training-s0-5f1bc9dee7ab/step_00039300.pt,9030052ce294431633721bded764a62945bd255d00f7a1ffd76cd59e8d5f9442
39350,1.9191757871794835e-07,2.0658326320699416e-05,1.0,1.0,36.80394822282762,14.857485568527656,1.4624163485296224,23.12569143221698,23.720389620713345,5.8474419891575655,1.7152152450247264e-06,2.3432379202215503e-11,checkpoints/modular-addition-training-s0-5f1bc9dee7ab/step_00039350.pt,dc78fb62467b6902a743de75b9d66c140a56e2f84046d1783816b2eafe2d33f2
39400,1.5568794253795204e-07,5.041073382017203e-05,1.0,1.0,36.64002238839771,14.86970901067814,1.5404300609294594,22.96615608010445,23.56730836499594,6.012297491051281,1.7863455466135638e-06,8.583572509925272e-12,checkpoints/modular-addition-training-s0-5f1bc9dee7ab/step_00039400.pt,19de84cc440a26d0c3d9c0e8db23a5b0b84dc40c462e6e3e6e0224eb935e7f3f
39450,1.4323788377623714e-07,0.00039963648305274546,1.0,0.9997762441635132,36.751884832608276,14.980230591956923,1.672138135696247,22.962828946536114,23.581829796731984,6.332730408468132,2.0550294363616524e-06,3.1882207316681533e-12,checkpoints/modular-addition-training-s0-5f1bc9dee7ab/step_00039450.pt,778276e4cb046555c574491dc0dfba28c1fdd3f20b9a31e7c43b76b178b7c986
39500,0.0004859315522480756,0.005695304833352566,1.0,0.998210072517395,36.22428040031784,14.930683937727192,1.5929749581561863,22.304096564369267,23.389187060864565,6.496830268246983,0.08747624789703877,0.1571638147395907,checkpoints/modular-addition-training-s0-5f1bc9dee7ab/step_00039500.pt,d31427949cf0a8920ded50c3f47be114c3a5968231cd78e4a6102058b4430764
39550,0.00011937710223719478,0.0012397251557558775,1.0,0.9997762441635132,34.605142189038375,14.265789391346775,1.5046929909817421,21.30177804687012,22.336692782174296,6.248633895887692,0.005248209428504123,0.05723620895247096,checkpoints/modular-addition-training-s0-5f1bc9dee7ab/step_00039550.pt,ec3faabe87261a4dd24742888204f9de6ca8545fb7df22468f6d9636a487804c
39600,0.0004244298324920237,0.0012172878487035632,1.0,1.0,33.18420403649201,13.642311666187917,1.4532695676149885,20.5180704003534,21.33572901864079,6.06318330509982,0.00525190596548143,0.02084395192335821,checkpoints/modular-addition-training-s0-5f1bc9dee7ab/step_00039600.pt,b52b589d8316ff5d6d25fc83120181024c2524807269330954a68b57d40b0390
39650,0.0007406867807731032,0.0016628879820927978,1.0,1.0,32.5739105706856,13.273673334296806,1.455316044467935,20.41393429057628,20.715319957774796,6.074381212861621,0.003014237547832485,0.007590876394507303,checkpoints/modular-addition-training-s0-5f1bc9dee7ab/step_00039650.pt,1e88a06c7af6dae61656d641e0ae2d576dd8be5715f5132e6b43a1c55cdb7d97
39700,0.0006636428879573941,0.0015421826392412186,1.0,1.0,32.761189720536535,13.208871567015654,1.4704243181638463,20.807075346154495,20.635355315481657,6.156853311465128,0.00256544614876096,0.0027644133578071752,checkpoints/modular-addition-training-s0-5f1bc9dee7ab/step_00039700.pt,279998b1c8a87b8f9a1f39b6cff47ba49cf9671cad579badc0e009a0218e5fca
39750,0.0004416768788360059,0.001188500551506877,1.0,1.0,33.22865981958196,13.2866830783407,1.4677920163909306,21.260174925422156,20.853849371277605,6.210909862360759,0.001853435795334816,0.0010067351131042759,checkpoints/modular-addition-training-s0-5f1bc9dee7ab/step_00039750.pt,7329f440484a2255b893d1ad8a5c23cf5e547a2877a96d011a6f3c68a9f70633
39800,0.0002737493778113276,0.0008747481624595821,1.0,1.0,33.73001931068458,13.397419678503882,1.4562049273702447,21.66649315975113,21.16379558439883,6.225724575254833,0.0012419339758401981,0.00036663276503837774,checkpoints/modular-addition-training-s0-5f1bc9dee7ab/step_00039800.pt,71d5cb86b06c39fe1e3e3b59c42b171c501b004ba4d011ec3a15763d16340e08
39850,0.000166073368745856,0.0006454309332184494,1.0,1.0,34.22379630873245,13.514312043159434,1.4428597509854209,22.033030196778306,21.505594463911528,6.213271813009991,0.0008139935663936866,0.00013352158020196365,checkpoints/modular-addition-training-s0-5f1bc9dee7ab/step_00039850.pt,119995374a673dba480dd3d444c7b84589ba3205fefa079800e51072d05908fd
39900,9.964509081328288e-05,0.0004866856907028705,1.0,1.0,34.70101673137618,13.629879597977679,1.4300956741534268,22.36640988154218,21.859568813946645,6.184232448560848,0.0005256923485018845,4.862682869184846e-05,checkpoints/modular-addition-training-s0-5f1bc9dee7ab/step_00039900.pt,49f4a56b17f21a8c5e9823928f7041f5f77600c23f6aa32b3c34c44275c78869
39950,5.945531665929593e-05,0.00037840998265892267,1.0,1.0,35.155998522205685,13.740695842208742,1.4185210752140387,22.668117871882195,22.214931221466678,6.1464274823973275,0.0003357208016832333,1.770943841708998e-05,checkpoints/modular-addition-training-s0-5f1bc9dee7ab/step_00039950.pt,2b6d5dc9cbbd26cc53652a2f878521d8833b695f9eb23f4fe7cb3da92b27e224
40000,3.538261807989329e-05,0.00030420985422097147,1.0,1.0,35.584567201159295,13.845156037821953,1.4084246574204853,22.93805329406597,22.564867574964342,6.104250942537201,0.00021276797914832835,6.449678732538059e-06,checkpoints/modular-addition-training-s0-5f1bc9dee7ab/step_00040000.pt,fc99f983732265de987753f3f3d34a7ee11eaf314f87fb8538ea9b0ba74e1079
