cell_index,cell_id,requested_member_index,member_label,accepted_circuit,representative_restart_index,primary_fidelity,retained_component_count,retained_component_proportion,maximum_prior_overlap_numerator,maximum_prior_overlap_denominator,maximum_prior_overlap,mean_prior_overlap,cumulative_exact_evaluations,member_exact_evaluations,member_ranking_passes,restart_count,status,failure_reason,family_right_censored,search_execution_mode,stage18_run_id,model_seed,checkpoint_index,checkpoint_step,global_cell_index
1,s0-step200-f4of5-d1of4,1,C1,False,0,0.8002975957396821,494,,0,1,0.0,,1806,1806,23,1,sparsity_failure,requested_member_1_sparsity_failure,False,fresh_execution,stage18-scaling-24a9adb84176,0,1,200,1
2,s0-step200-f4of5-d1of2,1,C1,False,0,0.8002975957396821,494,,0,1,0.0,,1806,1806,23,1,sparsity_failure,requested_member_1_sparsity_failure,False,fresh_execution,stage18-scaling-24a9adb84176,0,1,200,2
3,s0-step200-f4of5-d3of4,1,C1,False,0,0.8002975957396821,494,,0,1,0.0,,1806,1806,23,1,sparsity_failure,requested_member_1_sparsity_failure,False,fresh_execution,stage18-scaling-24a9adb84176,0,1,200,3
4,s0-step200-f17of20-d1of4,1,C1,False,0,0.8500274101339181,502,,0,1,0.0,,1750,1750,15,1,sparsity_failure,requested_member_1_sparsity_failure,False,fresh_execution,stage18-scaling-24a9adb84176,0,1,200,4
5,s0-step200-f17of20-d1of2,1,C1,False,0,0.8500274101339181,502,,0,1,0.0,,1750,1750,15,1,sparsity_failure,requested_member_1_sparsity_failure,False,fresh_execution,stage18-scaling-24a9adb84176,0,1,200,5
6,s0-step200-f17of20-d3of4,1,C1,False,0,0.8500274101339181,502,,0,1,0.0,,1750,1750,15,1,sparsity_failure,requested_member_1_sparsity_failure,False,fresh_execution,stage18-scaling-24a9adb84176,0,1,200,6
7,s0-step200-f9of10-d1of4,1,C1,False,0,0.9002271125381784,507,,0,1,0.0,,1547,1547,10,1,sparsity_failure,requested_member_1_sparsity_failure,False,fresh_execution,stage18-scaling-24a9adb84176,0,1,200,7
8,s0-step200-f9of10-d1of2,1,C1,False,0,0.9002271125381784,507,,0,1,0.0,,1547,1547,10,1,sparsity_failure,requested_member_1_sparsity_failure,False,fresh_execution,stage18-scaling-24a9adb84176,0,1,200,8
9,s0-step200-f9of10-d3of4,1,C1,False,0,0.9002271125381784,507,,0,1,0.0,,1547,1547,10,1,sparsity_failure,requested_member_1_sparsity_failure,False,fresh_execution,stage18-scaling-24a9adb84176,0,1,200,9
10,s0-step200-f19of20-d1of4,1,C1,False,0,0.9502701856057639,511,,0,1,0.0,,1263,1263,6,1,sparsity_failure,requested_member_1_sparsity_failure,False,fresh_execution,stage18-scaling-24a9adb84176,0,1,200,10
11,s0-step200-f19of20-d1of2,1,C1,False,0,0.9502701856057639,511,,0,1,0.0,,1263,1263,6,1,sparsity_failure,requested_member_1_sparsity_failure,False,fresh_execution,stage18-scaling-24a9adb84176,0,1,200,11
12,s0-step200-f19of20-d3of4,1,C1,False,0,0.9502701856057639,511,,0,1,0.0,,1263,1263,6,1,sparsity_failure,requested_member_1_sparsity_failure,False,fresh_execution,stage18-scaling-24a9adb84176,0,1,200,12
13,s0-step200-f39of40-d1of4,1,C1,False,0,0.9758790821520871,513,,0,1,0.0,,849,849,4,1,sparsity_failure,requested_member_1_sparsity_failure,False,fresh_execution,stage18-scaling-24a9adb84176,0,1,200,13
14,s0-step200-f39of40-d1of2,1,C1,False,0,0.9758790821520871,513,,0,1,0.0,,849,849,4,1,sparsity_failure,requested_member_1_sparsity_failure,False,fresh_execution,stage18-scaling-24a9adb84176,0,1,200,14
15,s0-step200-f39of40-d3of4,1,C1,False,0,0.9758790821520871,513,,0,1,0.0,,849,849,4,1,sparsity_failure,requested_member_1_sparsity_failure,False,fresh_execution,stage18-scaling-24a9adb84176,0,1,200,15
16,s0-step200-f99of100-d1of4,1,C1,False,0,0.9917769598245751,513,,0,1,0.0,,993,993,4,1,sparsity_failure,requested_member_1_sparsity_failure,False,fresh_execution,stage18-scaling-24a9adb84176,0,1,200,16
17,s0-step200-f99of100-d1of2,1,C1,False,0,0.9917769598245751,513,,0,1,0.0,,993,993,4,1,sparsity_failure,requested_member_1_sparsity_failure,False,fresh_execution,stage18-scaling-24a9adb84176,0,1,200,17
18,s0-step200-f99of100-d3of4,1,C1,False,0,0.9917769598245751,513,,0,1,0.0,,993,993,4,1,sparsity_failure,requested_member_1_sparsity_failure,False,fresh_execution,stage18-scaling-24a9adb84176,0,1,200,18
19,s0-step3400-f4of5-d1of4,1,C1,False,0,0.8002975957396821,466,,0,1,0.0,,2786,2786,51,1,sparsity_failure,requested_member_1_sparsity_failure,False,fresh_execution,stage18-scaling-24a9adb84176,0,2,3400,19
20,s0-step3400-f4of5-d1of2,1,C1,False,0,0.8002975957396821,466,,0,1,0.0,,2786,2786,51,1,sparsity_failure,requested_member_1_sparsity_failure,False,fresh_execution,stage18-scaling-24a9adb84176,0,2,3400,20
21,s0-step3400-f4of5-d3of4,1,C1,False,0,0.8002975957396821,466,,0,1,0.0,,2786,2786,51,1,sparsity_failure,requested_member_1_sparsity_failure,False,fresh_execution,stage18-scaling-24a9adb84176,0,2,3400,21
22,s0-step3400-f17of20-d1of4,1,C1,False,0,0.8500274101339181,490,,0,1,0.0,,1626,1626,27,1,sparsity_failure,requested_member_1_sparsity_failure,False,fresh_execution,stage18-scaling-24a9adb84176,0,2,3400,22
23,s0-step3400-f17of20-d1of2,1,C1,False,0,0.8500274101339181,490,,0,1,0.0,,1626,1626,27,1,sparsity_failure,requested_member_1_sparsity_failure,False,fresh_execution,stage18-scaling-24a9adb84176,0,2,3400,23
24,s0-step3400-f17of20-d3of4,1,C1,False,0,0.8500274101339181,490,,0,1,0.0,,1626,1626,27,1,sparsity_failure,requested_member_1_sparsity_failure,False,fresh_execution,stage18-scaling-24a9adb84176,0,2,3400,24
25,s0-step3400-f9of10-d1of4,1,C1,False,0,0.9003054272065157,508,,0,1,0.0,,684,684,9,1,sparsity_failure,requested_member_1_sparsity_failure,False,fresh_execution,stage18-scaling-24a9adb84176,0,2,3400,25
26,s0-step3400-f9of10-d1of2,1,C1,False,0,0.9003054272065157,508,,0,1,0.0,,684,684,9,1,sparsity_failure,requested_member_1_sparsity_failure,False,fresh_execution,stage18-scaling-24a9adb84176,0,2,3400,26
27,s0-step3400-f9of10-d3of4,1,C1,False,0,0.9003054272065157,508,,0,1,0.0,,684,684,9,1,sparsity_failure,requested_member_1_sparsity_failure,False,fresh_execution,stage18-scaling-24a9adb84176,0,2,3400,27
28,s0-step3400-f19of20-d1of4,1,C1,False,0,0.9508183882841256,513,,0,1,0.0,,561,561,4,1,sparsity_failure,requested_member_1_sparsity_failure,False,fresh_execution,stage18-scaling-24a9adb84176,0,2,3400,28
29,s0-step3400-f19of20-d1of2,1,C1,False,0,0.9508183882841256,513,,0,1,0.0,,561,561,4,1,sparsity_failure,requested_member_1_sparsity_failure,False,fresh_execution,stage18-scaling-24a9adb84176,0,2,3400,29
30,s0-step3400-f19of20-d3of4,1,C1,False,0,0.9508183882841256,513,,0,1,0.0,,561,561,4,1,sparsity_failure,requested_member_1_sparsity_failure,False,fresh_execution,stage18-scaling-24a9adb84176,0,2,3400,30
31,s0-step3400-f39of40-d1of4,1,C1,False,0,0.9751742501370507,514,,0,1,0.0,,738,738,3,1,sparsity_failure,requested_member_1_sparsity_failure,False,fresh_execution,stage18-scaling-24a9adb84176,0,2,3400,31
32,s0-step3400-f39of40-d1of2,1,C1,False,0,0.9751742501370507,514,,0,1,0.0,,738,738,3,1,sparsity_failure,requested_member_1_sparsity_failure,False,fresh_execution,stage18-scaling-24a9adb84176,0,2,3400,32
33,s0-step3400-f39of40-d3of4,1,C1,False,0,0.9751742501370507,514,,0,1,0.0,,738,738,3,1,sparsity_failure,requested_member_1_sparsity_failure,False,fresh_execution,stage18-scaling-24a9adb84176,0,2,3400,33
34,s0-step3400-f99of100-d1of4,1,C1,False,0,0.9900540371211528,515,,0,1,0.0,,611,611,2,1,sparsity_failure,requested_member_1_sparsity_failure,False,fresh_execution,stage18-scaling-24a9adb84176,0,2,3400,34
35,s0-step3400-f99of100-d1of2,1,C1,False,0,0.9900540371211528,515,,0,1,0.0,,611,611,2,1,sparsity_failure,requested_member_1_sparsity_failure,False,fresh_execution,stage18-scaling-24a9adb84176,0,2,3400,35
36,s0-step3400-f99of100-d3of4,1,C1,False,0,0.9900540371211528,515,,0,1,0.0,,611,611,2,1,sparsity_failure,requested_member_1_sparsity_failure,False,fresh_execution,stage18-scaling-24a9adb84176,0,2,3400,36
37,s0-step7450-f4of5-d1of4,1,C1,True,0,0.8053097345132744,47,0.09108527131782945,0,1,0.0,,7551,7551,470,1,accepted,,False,fresh_execution,stage18-scaling-24a9adb84176,0,3,7450,37
37,s0-step7450-f4of5-d1of4,2,C2,True,0,0.8073459158900462,46,0.08914728682170543,10,83,0.12048192771084337,0.12048192771084337,15117,7566,471,1,accepted,,False,fresh_execution,stage18-scaling-24a9adb84176,0,3,7450,37
37,s0-step7450-f4of5-d1of4,3,C3,True,0,0.8024904064531286,47,0.09108527131782945,9,38,0.23684210526315788,0.192495126705653,22668,7551,470,1,accepted,,False,fresh_execution,stage18-scaling-24a9adb84176,0,3,7450,37
37,s0-step7450-f4of5-d1of4,4,C4,False,1,1.0,362,,34,375,0.09066666666666667,,32668,10000,623,2,budget_exhaustion,requested_member_4_budget_exhaustion,False,fresh_execution,stage18-scaling-24a9adb84176,0,3,7450,37
38,s0-step7450-f4of5-d1of2,1,C1,True,0,0.8053097345132744,47,0.09108527131782945,0,1,0.0,,7551,7551,470,1,accepted,,False,fresh_execution,stage18-scaling-24a9adb84176,0,3,7450,38
38,s0-step7450-f4of5-d1of2,2,C2,True,0,0.8073459158900462,46,0.08914728682170543,10,83,0.12048192771084337,0.12048192771084337,15117,7566,471,1,accepted,,False,fresh_execution,stage18-scaling-24a9adb84176,0,3,7450,38
38,s0-step7450-f4of5-d1of2,3,C3,True,0,0.8024904064531286,47,0.09108527131782945,9,38,0.23684210526315788,0.192495126705653,22668,7551,470,1,accepted,,False,fresh_execution,stage18-scaling-24a9adb84176,0,3,7450,38
38,s0-step7450-f4of5-d1of2,4,C4,True,0,0.8002975957396821,48,0.09302325581395349,22,73,0.3013698630136986,0.23671203225997745,30204,7536,469,1,accepted,,False,fresh_execution,stage18-scaling-24a9adb84176,0,3,7450,38
38,s0-step7450-f4of5-d1of2,5,C5,True,0,0.807737489231733,47,0.09108527131782945,23,71,0.323943661971831,0.27145996019375085,37755,7551,470,1,accepted,,False,fresh_execution,stage18-scaling-24a9adb84176,0,3,7450,38
38,s0-step7450-f4of5-d1of2,6,C6,True,0,0.8155689560654711,49,0.09496124031007752,19,77,0.24675324675324675,0.21600841194337128,45276,7521,468,1,accepted,,False,fresh_execution,stage18-scaling-24a9adb84176,0,3,7450,38
38,s0-step7450-f4of5-d1of2,7,C7,False,0,0.9999216853316626,221,,15,119,0.12605042016806722,,50000,4724,296,1,budget_exhaustion,requested_member_7_budget_exhaustion,False,fresh_execution,stage18-scaling-24a9adb84176,0,3,7450,38
39,s0-step7450-f4of5-d3of4,1,C1,True,0,0.8053097345132744,47,0.09108527131782945,0,1,0.0,,7551,7551,470,1,accepted,,False,fresh_execution,stage18-scaling-24a9adb84176,0,3,7450,39
39,s0-step7450-f4of5-d3of4,2,C2,True,0,0.8073459158900462,46,0.08914728682170543,10,83,0.12048192771084337,0.12048192771084337,15117,7566,471,1,accepted,,False,fresh_execution,stage18-scaling-24a9adb84176,0,3,7450,39
39,s0-step7450-f4of5-d3of4,3,C3,True,0,0.8024904064531286,47,0.09108527131782945,9,38,0.23684210526315788,0.192495126705653,22668,7551,470,1,accepted,,False,fresh_execution,stage18-scaling-24a9adb84176,0,3,7450,39
39,s0-step7450-f4of5-d3of4,4,C4,True,0,0.8002975957396821,48,0.09302325581395349,22,73,0.3013698630136986,0.23671203225997745,30204,7536,469,1,accepted,,False,fresh_execution,stage18-scaling-24a9adb84176,0,3,7450,39
39,s0-step7450-f4of5-d3of4,5,C5,True,0,0.807737489231733,47,0.09108527131782945,23,71,0.323943661971831,0.27145996019375085,37755,7551,470,1,accepted,,False,fresh_execution,stage18-scaling-24a9adb84176,0,3,7450,39
39,s0-step7450-f4of5-d3of4,6,C6,True,0,0.8155689560654711,49,0.09496124031007752,19,77,0.24675324675324675,0.21600841194337128,45276,7521,468,1,accepted,,False,fresh_execution,stage18-scaling-24a9adb84176,0,3,7450,39
39,s0-step7450-f4of5-d3of4,7,C7,False,0,0.9999216853316626,221,,15,119,0.12605042016806722,,50000,4724,296,1,budget_exhaustion,requested_member_7_budget_exhaustion,False,fresh_execution,stage18-scaling-24a9adb84176,0,3,7450,39
40,s0-step7450-f17of20-d1of4,1,C1,True,0,0.8579371916359935,50,0.09689922480620156,0,1,0.0,,7506,7506,467,1,accepted,,False,fresh_execution,stage18-scaling-24a9adb84176,0,3,7450,40
40,s0-step7450-f17of20-d1of4,2,C2,True,0,0.8537865142141123,51,0.09883720930232558,12,89,0.1348314606741573,0.1348314606741573,14997,7491,466,1,accepted,,False,fresh_execution,stage18-scaling-24a9adb84176,0,3,7450,40
40,s0-step7450-f17of20-d1of4,3,C3,True,0,0.856214268932571,48,0.09302325581395349,19,79,0.24050632911392406,0.2095388788426763,22533,7536,469,1,accepted,,False,fresh_execution,stage18-scaling-24a9adb84176,0,3,7450,40
40,s0-step7450-f17of20-d1of4,4,C4,False,1,1.0,359,,40,369,0.10840108401084012,,32533,10000,623,2,budget_exhaustion,requested_member_4_budget_exhaustion,False,fresh_execution,stage18-scaling-24a9adb84176,0,3,7450,40
41,s0-step7450-f17of20-d1of2,1,C1,True,0,0.8579371916359935,50,0.09689922480620156,0,1,0.0,,7506,7506,467,1,accepted,,False,fresh_execution,stage18-scaling-24a9adb84176,0,3,7450,41
41,s0-step7450-f17of20-d1of2,2,C2,True,0,0.8537865142141123,51,0.09883720930232558,12,89,0.1348314606741573,0.1348314606741573,14997,7491,466,1,accepted,,False,fresh_execution,stage18-scaling-24a9adb84176,0,3,7450,41
41,s0-step7450-f17of20-d1of2,3,C3,True,0,0.856214268932571,48,0.09302325581395349,19,79,0.24050632911392406,0.2095388788426763,22533,7536,469,1,accepted,,False,fresh_execution,stage18-scaling-24a9adb84176,0,3,7450,41
41,s0-step7450-f17of20-d1of2,4,C4,True,0,0.8562925836009084,52,0.10077519379844961,4,13,0.3076923076923077,0.23672866780179752,30009,7476,465,1,accepted,,False,fresh_execution,stage18-scaling-24a9adb84176,0,3,7450,41
41,s0-step7450-f17of20-d1of2,5,C5,True,0,0.8545696608974861,54,0.10465116279069768,1,3,0.3333333333333333,0.2798893988653025,37455,7446,463,1,accepted,,False,fresh_execution,stage18-scaling-24a9adb84176,0,3,7450,41
41,s0-step7450-f17of20-d1of2,6,C6,True,0,0.8607565196961391,49,0.09496124031007752,23,76,0.3026315789473684,0.24790260155933375,44976,7521,468,1,accepted,,False,fresh_execution,stage18-scaling-24a9adb84176,0,3,7450,41
41,s0-step7450-f17of20-d1of2,7,C7,False,0,0.9998433706633253,202,,1,7,0.14285714285714285,,50000,5024,314,1,budget_exhaustion,requested_member_7_budget_exhaustion,False,fresh_execution,stage18-scaling-24a9adb84176,0,3,7450,41
42,s0-step7450-f17of20-d3of4,1,C1,True,0,0.8579371916359935,50,0.09689922480620156,0,1,0.0,,7506,7506,467,1,accepted,,False,fresh_execution,stage18-scaling-24a9adb84176,0,3,7450,42
42,s0-step7450-f17of20-d3of4,2,C2,True,0,0.8537865142141123,51,0.09883720930232558,12,89,0.1348314606741573,0.1348314606741573,14997,7491,466,1,accepted,,False,fresh_execution,stage18-scaling-24a9adb84176,0,3,7450,42
42,s0-step7450-f17of20-d3of4,3,C3,True,0,0.856214268932571,48,0.09302325581395349,19,79,0.24050632911392406,0.2095388788426763,22533,7536,469,1,accepted,,False,fresh_execution,stage18-scaling-24a9adb84176,0,3,7450,42
42,s0-step7450-f17of20-d3of4,4,C4,True,0,0.8562925836009084,52,0.10077519379844961,4,13,0.3076923076923077,0.23672866780179752,30009,7476,465,1,accepted,,False,fresh_execution,stage18-scaling-24a9adb84176,0,3,7450,42
42,s0-step7450-f17of20-d3of4,5,C5,True,0,0.8545696608974861,54,0.10465116279069768,1,3,0.3333333333333333,0.2798893988653025,37455,7446,463,1,accepted,,False,fresh_execution,stage18-scaling-24a9adb84176,0,3,7450,42
42,s0-step7450-f17of20-d3of4,6,C6,True,0,0.8607565196961391,49,0.09496124031007752,23,76,0.3026315789473684,0.24790260155933375,44976,7521,468,1,accepted,,False,fresh_execution,stage18-scaling-24a9adb84176,0,3,7450,42
42,s0-step7450-f17of20-d3of4,7,C7,False,0,0.9998433706633253,202,,1,7,0.14285714285714285,,50000,5024,314,1,budget_exhaustion,requested_member_7_budget_exhaustion,False,fresh_execution,stage18-scaling-24a9adb84176,0,3,7450,42
43,s0-step7450-f9of10-d1of4,1,C1,True,0,0.9073537473568799,54,0.10465116279069768,0,1,0.0,,7446,7446,463,1,accepted,,False,fresh_execution,stage18-scaling-24a9adb84176,0,3,7450,43
43,s0-step7450-f9of10-d1of4,2,C2,True,0,0.9076670060302294,54,0.10465116279069768,17,91,0.18681318681318682,0.18681318681318682,14892,7446,463,1,accepted,,False,fresh_execution,stage18-scaling-24a9adb84176,0,3,7450,43
43,s0-step7450-f9of10-d1of4,3,C3,True,0,0.9010102592215522,59,0.11434108527131782,18,95,0.18947368421052632,0.18327850877192983,22263,7371,458,1,accepted,,False,fresh_execution,stage18-scaling-24a9adb84176,0,3,7450,43
43,s0-step7450-f9of10-d1of4,4,C4,True,0,0.9064922860051687,59,0.11434108527131782,18,95,0.18947368421052632,0.16259683863123156,29634,7371,458,1,accepted,,False,fresh_execution,stage18-scaling-24a9adb84176,0,3,7450,43
43,s0-step7450-f9of10-d1of4,5,C5,False,1,1.0,355,,51,358,0.1424581005586592,,39634,10000,623,2,budget_exhaustion,requested_member_5_budget_exhaustion,False,fresh_execution,stage18-scaling-24a9adb84176,0,3,7450,43
44,s0-step7450-f9of10-d1of2,1,C1,True,0,0.9073537473568799,54,0.10465116279069768,0,1,0.0,,7446,7446,463,1,accepted,,False,fresh_execution,stage18-scaling-24a9adb84176,0,3,7450,44
44,s0-step7450-f9of10-d1of2,2,C2,True,0,0.9076670060302294,54,0.10465116279069768,17,91,0.18681318681318682,0.18681318681318682,14892,7446,463,1,accepted,,False,fresh_execution,stage18-scaling-24a9adb84176,0,3,7450,44
44,s0-step7450-f9of10-d1of2,3,C3,True,0,0.9010102592215522,59,0.11434108527131782,18,95,0.18947368421052632,0.18327850877192983,22263,7371,458,1,accepted,,False,fresh_execution,stage18-scaling-24a9adb84176,0,3,7450,44
44,s0-step7450-f9of10-d1of2,4,C4,True,0,0.9064922860051687,59,0.11434108527131782,18,95,0.18947368421052632,0.16259683863123156,29634,7371,458,1,accepted,,False,fresh_execution,stage18-scaling-24a9adb84176,0,3,7450,44
44,s0-step7450-f9of10-d1of2,5,C5,True,0,0.9064922860051687,56,0.10852713178294573,5,17,0.29411764705882354,0.2241049344332518,37050,7416,461,1,accepted,,False,fresh_execution,stage18-scaling-24a9adb84176,0,3,7450,44
44,s0-step7450-f9of10-d1of2,6,C6,True,0,0.9039079019500352,56,0.10852713178294573,14,41,0.34146341463414637,0.254958696340295,44466,7416,461,1,accepted,,False,fresh_execution,stage18-scaling-24a9adb84176,0,3,7450,44
44,s0-step7450-f9of10-d1of2,7,C7,False,0,0.9999216853316626,171,,37,188,0.19680851063829788,,50000,5534,346,1,budget_exhaustion,requested_member_7_budget_exhaustion,False,fresh_execution,stage18-scaling-24a9adb84176,0,3,7450,44
45,s0-step7450-f9of10-d3of4,1,C1,True,0,0.9073537473568799,54,0.10465116279069768,0,1,0.0,,7446,7446,463,1,accepted,,False,fresh_execution,stage18-scaling-24a9adb84176,0,3,7450,45
45,s0-step7450-f9of10-d3of4,2,C2,True,0,0.9076670060302294,54,0.10465116279069768,17,91,0.18681318681318682,0.18681318681318682,14892,7446,463,1,accepted,,False,fresh_execution,stage18-scaling-24a9adb84176,0,3,7450,45
45,s0-step7450-f9of10-d3of4,3,C3,True,0,0.9010102592215522,59,0.11434108527131782,18,95,0.18947368421052632,0.18327850877192983,22263,7371,458,1,accepted,,False,fresh_execution,stage18-scaling-24a9adb84176,0,3,7450,45
45,s0-step7450-f9of10-d3of4,4,C4,True,0,0.9064922860051687,59,0.11434108527131782,18,95,0.18947368421052632,0.16259683863123156,29634,7371,458,1,accepted,,False,fresh_execution,stage18-scaling-24a9adb84176,0,3,7450,45
45,s0-step7450-f9of10-d3of4,5,C5,True,0,0.9064922860051687,56,0.10852713178294573,5,17,0.29411764705882354,0.2241049344332518,37050,7416,461,1,accepted,,False,fresh_execution,stage18-scaling-24a9adb84176,0,3,7450,45
45,s0-step7450-f9of10-d3of4,6,C6,True,0,0.9039079019500352,56,0.10852713178294573,14,41,0.34146341463414637,0.254958696340295,44466,7416,461,1,accepted,,False,fresh_execution,stage18-scaling-24a9adb84176,0,3,7450,45
45,s0-step7450-f9of10-d3of4,7,C7,False,0,0.9999216853316626,171,,37,188,0.19680851063829788,,50000,5534,346,1,budget_exhaustion,requested_member_7_budget_exhaustion,False,fresh_execution,stage18-scaling-24a9adb84176,0,3,7450,45
46,s0-step7450-f19of20-d1of4,1,C1,True,0,0.9502701856057639,60,0.11627906976744186,0,1,0.0,,7356,7356,457,1,accepted,,False,fresh_execution,stage18-scaling-24a9adb84176,0,3,7450,46
46,s0-step7450-f19of20-d1of4,2,C2,True,0,0.9526979403242227,67,0.1298449612403101,14,113,0.12389380530973451,0.12389380530973451,14607,7251,450,1,accepted,,False,fresh_execution,stage18-scaling-24a9adb84176,0,3,7450,46
46,s0-step7450-f19of20-d1of4,3,C3,True,0,0.9516015349674994,62,0.12015503875968993,23,99,0.23232323232323232,0.1819510898458267,21949,7342,455,1,accepted,,False,fresh_execution,stage18-scaling-24a9adb84176,0,3,7450,46
46,s0-step7450-f19of20-d1of4,4,C4,False,1,1.0,351,,43,368,0.11684782608695653,,31949,10000,623,2,budget_exhaustion,requested_member_4_budget_exhaustion,False,fresh_execution,stage18-scaling-24a9adb84176,0,3,7450,46
47,s0-step7450-f19of20-d1of2,1,C1,True,0,0.9502701856057639,60,0.11627906976744186,0,1,0.0,,7356,7356,457,1,accepted,,False,fresh_execution,stage18-scaling-24a9adb84176,0,3,7450,47
47,s0-step7450-f19of20-d1of2,2,C2,True,0,0.9526979403242227,67,0.1298449612403101,14,113,0.12389380530973451,0.12389380530973451,14607,7251,450,1,accepted,,False,fresh_execution,stage18-scaling-24a9adb84176,0,3,7450,47
47,s0-step7450-f19of20-d1of2,3,C3,True,0,0.9516015349674994,62,0.12015503875968993,23,99,0.23232323232323232,0.1819510898458267,21949,7342,455,1,accepted,,False,fresh_execution,stage18-scaling-24a9adb84176,0,3,7450,47
47,s0-step7450-f19of20-d1of2,4,C4,True,0,0.9516798496358367,60,0.11627906976744186,5,19,0.2631578947368421,0.2160985031385804,29305,7356,457,1,accepted,,False,fresh_execution,stage18-scaling-24a9adb84176,0,3,7450,47
47,s0-step7450-f19of20-d1of2,5,C5,True,0,0.9544991776959825,62,0.12015503875968993,29,93,0.3118279569892473,0.23665271265307766,36631,7326,455,1,accepted,,False,fresh_execution,stage18-scaling-24a9adb84176,0,3,7450,47
47,s0-step7450-f19of20-d1of2,6,C6,True,0,0.9518364789725116,63,0.12209302325581395,25,98,0.25510204081632654,0.21205110355622045,43942,7311,454,1,accepted,,False,fresh_execution,stage18-scaling-24a9adb84176,0,3,7450,47
47,s0-step7450-f19of20-d1of2,7,C7,False,0,0.9999216853316626,138,,37,161,0.22981366459627328,,50000,6058,379,1,budget_exhaustion,requested_member_7_budget_exhaustion,False,fresh_execution,stage18-scaling-24a9adb84176,0,3,7450,47
48,s0-step7450-f19of20-d3of4,1,C1,True,0,0.9502701856057639,60,0.11627906976744186,0,1,0.0,,7356,7356,457,1,accepted,,False,fresh_execution,stage18-scaling-24a9adb84176,0,3,7450,48
48,s0-step7450-f19of20-d3of4,2,C2,True,0,0.9526979403242227,67,0.1298449612403101,14,113,0.12389380530973451,0.12389380530973451,14607,7251,450,1,accepted,,False,fresh_execution,stage18-scaling-24a9adb84176,0,3,7450,48
48,s0-step7450-f19of20-d3of4,3,C3,True,0,0.9516015349674994,62,0.12015503875968993,23,99,0.23232323232323232,0.1819510898458267,21949,7342,455,1,accepted,,False,fresh_execution,stage18-scaling-24a9adb84176,0,3,7450,48
48,s0-step7450-f19of20-d3of4,4,C4,True,0,0.9516798496358367,60,0.11627906976744186,5,19,0.2631578947368421,0.2160985031385804,29305,7356,457,1,accepted,,False,fresh_execution,stage18-scaling-24a9adb84176,0,3,7450,48
48,s0-step7450-f19of20-d3of4,5,C5,True,0,0.9544991776959825,62,0.12015503875968993,29,93,0.3118279569892473,0.23665271265307766,36631,7326,455,1,accepted,,False,fresh_execution,stage18-scaling-24a9adb84176,0,3,7450,48
48,s0-step7450-f19of20-d3of4,6,C6,True,0,0.9518364789725116,63,0.12209302325581395,25,98,0.25510204081632654,0.21205110355622045,43942,7311,454,1,accepted,,False,fresh_execution,stage18-scaling-24a9adb84176,0,3,7450,48
48,s0-step7450-f19of20-d3of4,7,C7,False,0,0.9999216853316626,138,,37,161,0.22981366459627328,,50000,6058,379,1,budget_exhaustion,requested_member_7_budget_exhaustion,False,fresh_execution,stage18-scaling-24a9adb84176,0,3,7450,48
49,s0-step7450-f39of40-d1of4,1,C1,True,0,0.9750176208003759,67,0.1298449612403101,0,1,0.0,,7267,7267,450,1,accepted,,False,fresh_execution,stage18-scaling-24a9adb84176,0,3,7450,49
49,s0-step7450-f39of40-d1of4,2,C2,True,0,0.9750959354687133,70,0.13565891472868216,17,120,0.14166666666666666,0.14166666666666666,14473,7206,447,1,accepted,,False,fresh_execution,stage18-scaling-24a9adb84176,0,3,7450,49
49,s0-step7450-f39of40-d1of4,3,C3,True,0,0.9757224528154124,76,0.14728682170542637,2,9,0.2222222222222222,0.17700258397932817,21589,7116,441,1,accepted,,False,fresh_execution,stage18-scaling-24a9adb84176,0,3,7450,49
49,s0-step7450-f39of40-d1of4,4,C4,True,0,0.9758790821520871,68,0.13178294573643412,5,22,0.22727272727272727,0.18588943337867297,28825,7236,449,1,accepted,,False,fresh_execution,stage18-scaling-24a9adb84176,0,3,7450,49
49,s0-step7450-f39of40-d1of4,5,C5,False,1,1.0,340,,54,353,0.1529745042492918,,38825,10000,620,2,budget_exhaustion,requested_member_5_budget_exhaustion,False,fresh_execution,stage18-scaling-24a9adb84176,0,3,7450,49
50,s0-step7450-f39of40-d1of2,1,C1,True,0,0.9750176208003759,67,0.1298449612403101,0,1,0.0,,7267,7267,450,1,accepted,,False,fresh_execution,stage18-scaling-24a9adb84176,0,3,7450,50
50,s0-step7450-f39of40-d1of2,2,C2,True,0,0.9750959354687133,70,0.13565891472868216,17,120,0.14166666666666666,0.14166666666666666,14473,7206,447,1,accepted,,False,fresh_execution,stage18-scaling-24a9adb84176,0,3,7450,50
50,s0-step7450-f39of40-d1of2,3,C3,True,0,0.9757224528154124,76,0.14728682170542637,2,9,0.2222222222222222,0.17700258397932817,21589,7116,441,1,accepted,,False,fresh_execution,stage18-scaling-24a9adb84176,0,3,7450,50
50,s0-step7450-f39of40-d1of2,4,C4,True,0,0.9758790821520871,68,0.13178294573643412,5,22,0.22727272727272727,0.18588943337867297,28825,7236,449,1,accepted,,False,fresh_execution,stage18-scaling-24a9adb84176,0,3,7450,50
50,s0-step7450-f39of40-d1of2,5,C5,True,0,0.9760357114887619,74,0.1434108527131783,10,37,0.2702702702702703,0.22838542817022014,36003,7178,443,1,accepted,,False,fresh_execution,stage18-scaling-24a9adb84176,0,3,7450,50
50,s0-step7450-f39of40-d1of2,6,C6,True,0,0.9750959354687133,68,0.13178294573643412,32,103,0.3106796116504854,0.23642556647620055,43239,7236,449,1,accepted,,False,fresh_execution,stage18-scaling-24a9adb84176,0,3,7450,50
50,s0-step7450-f39of40-d1of2,7,C7,False,0,0.9945179732163835,94,,34,127,0.2677165354330709,,50000,6761,423,1,budget_exhaustion,requested_member_7_budget_exhaustion,False,fresh_execution,stage18-scaling-24a9adb84176,0,3,7450,50
51,s0-step7450-f39of40-d3of4,1,C1,True,0,0.9750176208003759,67,0.1298449612403101,0,1,0.0,,7267,7267,450,1,accepted,,False,fresh_execution,stage18-scaling-24a9adb84176,0,3,7450,51
51,s0-step7450-f39of40-d3of4,2,C2,True,0,0.9750959354687133,70,0.13565891472868216,17,120,0.14166666666666666,0.14166666666666666,14473,7206,447,1,accepted,,False,fresh_execution,stage18-scaling-24a9adb84176,0,3,7450,51
51,s0-step7450-f39of40-d3of4,3,C3,True,0,0.9757224528154124,76,0.14728682170542637,2,9,0.2222222222222222,0.17700258397932817,21589,7116,441,1,accepted,,False,fresh_execution,stage18-scaling-24a9adb84176,0,3,7450,51
51,s0-step7450-f39of40-d3of4,4,C4,True,0,0.9758790821520871,68,0.13178294573643412,5,22,0.22727272727272727,0.18588943337867297,28825,7236,449,1,accepted,,False,fresh_execution,stage18-scaling-24a9adb84176,0,3,7450,51
51,s0-step7450-f39of40-d3of4,5,C5,True,0,0.9760357114887619,74,0.1434108527131783,10,37,0.2702702702702703,0.22838542817022014,36003,7178,443,1,accepted,,False,fresh_execution,stage18-scaling-24a9adb84176,0,3,7450,51
51,s0-step7450-f39of40-d3of4,6,C6,True,0,0.9750959354687133,68,0.13178294573643412,32,103,0.3106796116504854,0.23642556647620055,43239,7236,449,1,accepted,,False,fresh_execution,stage18-scaling-24a9adb84176,0,3,7450,51
51,s0-step7450-f39of40-d3of4,7,C7,False,0,0.9945179732163835,94,,34,127,0.2677165354330709,,50000,6761,423,1,budget_exhaustion,requested_member_7_budget_exhaustion,False,fresh_execution,stage18-scaling-24a9adb84176,0,3,7450,51
52,s0-step7450-f99of100-d1of4,1,C1,True,0,0.9901323517894902,77,0.14922480620155038,0,1,0.0,,7117,7117,440,1,accepted,,False,fresh_execution,stage18-scaling-24a9adb84176,0,3,7450,52
52,s0-step7450-f99of100-d1of4,2,C2,True,0,0.9904456104628397,81,0.1569767441860465,7,72,0.09722222222222222,0.09722222222222222,14174,7057,436,1,accepted,,False,fresh_execution,stage18-scaling-24a9adb84176,0,3,7450,52
52,s0-step7450-f99of100-d1of4,3,C3,True,0,0.9904456104628397,83,0.16085271317829458,23,137,0.1678832116788321,0.13799565989347012,21185,7011,434,1,accepted,,False,fresh_execution,stage18-scaling-24a9adb84176,0,3,7450,52
52,s0-step7450-f99of100-d1of4,4,C4,True,0,0.9903672957945023,91,0.17635658914728683,1,6,0.16666666666666666,0.12349886400519311,28076,6891,426,1,accepted,,False,fresh_execution,stage18-scaling-24a9adb84176,0,3,7450,52
52,s0-step7450-f99of100-d1of4,5,C5,False,1,1.0,333,,61,349,0.17478510028653296,,38076,10000,620,2,budget_exhaustion,requested_member_5_budget_exhaustion,False,fresh_execution,stage18-scaling-24a9adb84176,0,3,7450,52
53,s0-step7450-f99of100-d1of2,1,C1,True,0,0.9901323517894902,77,0.14922480620155038,0,1,0.0,,7117,7117,440,1,accepted,,False,fresh_execution,stage18-scaling-24a9adb84176,0,3,7450,53
53,s0-step7450-f99of100-d1of2,2,C2,True,0,0.9904456104628397,81,0.1569767441860465,7,72,0.09722222222222222,0.09722222222222222,14174,7057,436,1,accepted,,False,fresh_execution,stage18-scaling-24a9adb84176,0,3,7450,53
53,s0-step7450-f99of100-d1of2,3,C3,True,0,0.9904456104628397,83,0.16085271317829458,23,137,0.1678832116788321,0.13799565989347012,21185,7011,434,1,accepted,,False,fresh_execution,stage18-scaling-24a9adb84176,0,3,7450,53
53,s0-step7450-f99of100-d1of2,4,C4,True,0,0.9903672957945023,91,0.17635658914728683,1,6,0.16666666666666666,0.12349886400519311,28076,6891,426,1,accepted,,False,fresh_execution,stage18-scaling-24a9adb84176,0,3,7450,53
53,s0-step7450-f99of100-d1of2,5,C5,True,0,0.9901323517894902,80,0.15503875968992248,41,116,0.35344827586206895,0.22231100515125424,35148,7072,437,1,accepted,,False,fresh_execution,stage18-scaling-24a9adb84176,0,3,7450,53
53,s0-step7450-f99of100-d1of2,6,C6,True,0,0.9906805544678519,80,0.15503875968992248,39,118,0.3305084745762712,0.21396383805976993,42204,7056,437,1,accepted,,False,fresh_execution,stage18-scaling-24a9adb84176,0,3,7450,53
53,s0-step7450-f99of100-d1of2,7,C7,True,0,0.9900540371211528,85,0.16472868217054262,11,43,0.2558139534883721,0.18773907397241615,49185,6981,432,1,accepted,,False,fresh_execution,stage18-scaling-24a9adb84176,0,3,7450,53
53,s0-step7450-f99of100-d1of2,8,C8,False,0,1.0,466,,76,481,0.158004158004158,,50000,815,51,1,budget_exhaustion,requested_member_8_budget_exhaustion,False,fresh_execution,stage18-scaling-24a9adb84176,0,3,7450,53
54,s0-step7450-f99of100-d3of4,1,C1,True,0,0.9901323517894902,77,0.14922480620155038,0,1,0.0,,7117,7117,440,1,accepted,,False,fresh_execution,stage18-scaling-24a9adb84176,0,3,7450,54
54,s0-step7450-f99of100-d3of4,2,C2,True,0,0.9904456104628397,81,0.1569767441860465,7,72,0.09722222222222222,0.09722222222222222,14174,7057,436,1,accepted,,False,fresh_execution,stage18-scaling-24a9adb84176,0,3,7450,54
54,s0-step7450-f99of100-d3of4,3,C3,True,0,0.9904456104628397,83,0.16085271317829458,23,137,0.1678832116788321,0.13799565989347012,21185,7011,434,1,accepted,,False,fresh_execution,stage18-scaling-24a9adb84176,0,3,7450,54
54,s0-step7450-f99of100-d3of4,4,C4,True,0,0.9903672957945023,91,0.17635658914728683,1,6,0.16666666666666666,0.12349886400519311,28076,6891,426,1,accepted,,False,fresh_execution,stage18-scaling-24a9adb84176,0,3,7450,54
54,s0-step7450-f99of100-d3of4,5,C5,True,0,0.9901323517894902,80,0.15503875968992248,41,116,0.35344827586206895,0.22231100515125424,35148,7072,437,1,accepted,,False,fresh_execution,stage18-scaling-24a9adb84176,0,3,7450,54
54,s0-step7450-f99of100-d3of4,6,C6,True,0,0.9906805544678519,80,0.15503875968992248,39,118,0.3305084745762712,0.21396383805976993,42204,7056,437,1,accepted,,False,fresh_execution,stage18-scaling-24a9adb84176,0,3,7450,54
54,s0-step7450-f99of100-d3of4,7,C7,True,0,0.9900540371211528,85,0.16472868217054262,11,43,0.2558139534883721,0.18773907397241615,49185,6981,432,1,accepted,,False,fresh_execution,stage18-scaling-24a9adb84176,0,3,7450,54
54,s0-step7450-f99of100-d3of4,8,C8,False,0,1.0,466,,76,481,0.158004158004158,,50000,815,51,1,budget_exhaustion,requested_member_8_budget_exhaustion,False,fresh_execution,stage18-scaling-24a9adb84176,0,3,7450,54
55,s0-step8150-f4of5-d1of4,1,C1,True,0,0.818858172135641,47,0.09108527131782945,0,1,0.0,,7551,7551,470,1,accepted,,False,fresh_execution,stage18-scaling-24a9adb84176,0,4,8150,55
55,s0-step8150-f4of5-d1of4,2,C2,True,0,0.8127496280053254,44,0.08527131782945736,17,74,0.22972972972972974,0.22972972972972974,15147,7596,473,1,accepted,,False,fresh_execution,stage18-scaling-24a9adb84176,0,4,8150,55
55,s0-step8150-f4of5-d1of4,3,C3,False,1,1.0,366,,37,376,0.09840425531914894,,25147,10000,624,2,budget_exhaustion,requested_member_3_budget_exhaustion,False,fresh_execution,stage18-scaling-24a9adb84176,0,4,8150,55
56,s0-step8150-f4of5-d1of2,1,C1,True,0,0.818858172135641,47,0.09108527131782945,0,1,0.0,,7551,7551,470,1,accepted,,False,fresh_execution,stage18-scaling-24a9adb84176,0,4,8150,56
56,s0-step8150-f4of5-d1of2,2,C2,True,0,0.8127496280053254,44,0.08527131782945736,17,74,0.22972972972972974,0.22972972972972974,15147,7596,473,1,accepted,,False,fresh_execution,stage18-scaling-24a9adb84176,0,4,8150,56
56,s0-step8150-f4of5-d1of2,3,C3,True,0,0.8010024277547184,44,0.08527131782945736,23,68,0.3382352941176471,0.2888359569179785,22743,7596,473,1,accepted,,False,fresh_execution,stage18-scaling-24a9adb84176,0,4,8150,56
56,s0-step8150-f4of5-d1of2,4,C4,True,0,0.8089122092567937,45,0.0872093023255814,4,19,0.21052631578947367,0.19996522838628103,30324,7581,472,1,accepted,,False,fresh_execution,stage18-scaling-24a9adb84176,0,4,8150,56
56,s0-step8150-f4of5-d1of2,5,C5,True,0,0.8035084971415146,45,0.0872093023255814,21,71,0.29577464788732394,0.2683186269989699,37905,7581,472,1,accepted,,False,fresh_execution,stage18-scaling-24a9adb84176,0,4,8150,56
56,s0-step8150-f4of5-d1of2,6,C6,True,0,0.8132195160153497,45,0.0872093023255814,20,69,0.2898550724637681,0.25056737797952805,45486,7581,472,1,accepted,,False,fresh_execution,stage18-scaling-24a9adb84176,0,4,8150,56
56,s0-step8150-f4of5-d1of2,7,C7,False,0,1.0,234,,34,247,0.13765182186234817,,50000,4514,283,1,budget_exhaustion,requested_member_7_budget_exhaustion,False,fresh_execution,stage18-scaling-24a9adb84176,0,4,8150,56
57,s0-step8150-f4of5-d3of4,1,C1,True,0,0.818858172135641,47,0.09108527131782945,0,1,0.0,,7551,7551,470,1,accepted,,False,fresh_execution,stage18-scaling-24a9adb84176,0,4,8150,57
57,s0-step8150-f4of5-d3of4,2,C2,True,0,0.8127496280053254,44,0.08527131782945736,17,74,0.22972972972972974,0.22972972972972974,15147,7596,473,1,accepted,,False,fresh_execution,stage18-scaling-24a9adb84176,0,4,8150,57
57,s0-step8150-f4of5-d3of4,3,C3,True,0,0.8010024277547184,44,0.08527131782945736,23,68,0.3382352941176471,0.2888359569179785,22743,7596,473,1,accepted,,False,fresh_execution,stage18-scaling-24a9adb84176,0,4,8150,57
57,s0-step8150-f4of5-d3of4,4,C4,True,0,0.8089122092567937,45,0.0872093023255814,4,19,0.21052631578947367,0.19996522838628103,30324,7581,472,1,accepted,,False,fresh_execution,stage18-scaling-24a9adb84176,0,4,8150,57
57,s0-step8150-f4of5-d3of4,5,C5,True,0,0.8035084971415146,45,0.0872093023255814,21,71,0.29577464788732394,0.2683186269989699,37905,7581,472,1,accepted,,False,fresh_execution,stage18-scaling-24a9adb84176,0,4,8150,57
57,s0-step8150-f4of5-d3of4,6,C6,True,0,0.8132195160153497,45,0.0872093023255814,20,69,0.2898550724637681,0.25056737797952805,45486,7581,472,1,accepted,,False,fresh_execution,stage18-scaling-24a9adb84176,0,4,8150,57
57,s0-step8150-f4of5-d3of4,7,C7,False,0,1.0,234,,34,247,0.13765182186234817,,50000,4514,283,1,budget_exhaustion,requested_member_7_budget_exhaustion,False,fresh_execution,stage18-scaling-24a9adb84176,0,4,8150,57
58,s0-step8150-f17of20-d1of4,1,C1,True,0,0.8540997728874619,51,0.09883720930232558,0,1,0.0,,7491,7491,466,1,accepted,,False,fresh_execution,stage18-scaling-24a9adb84176,0,4,8150,58
58,s0-step8150-f17of20-d1of4,2,C2,True,0,0.8552744929125226,51,0.09883720930232558,1,5,0.2,0.2,14982,7491,466,1,accepted,,False,fresh_execution,stage18-scaling-24a9adb84176,0,4,8150,58
58,s0-step8150-f17of20-d1of4,3,C3,True,0,0.8716422585950349,49,0.09496124031007752,17,83,0.20481927710843373,0.1642073913632056,22503,7521,468,1,accepted,,False,fresh_execution,stage18-scaling-24a9adb84176,0,4,8150,58
58,s0-step8150-f17of20-d1of4,4,C4,False,1,1.0,359,,37,373,0.09919571045576407,,32503,10000,623,2,budget_exhaustion,requested_member_4_budget_exhaustion,False,fresh_execution,stage18-scaling-24a9adb84176,0,4,8150,58
59,s0-step8150-f17of20-d1of2,1,C1,True,0,0.8540997728874619,51,0.09883720930232558,0,1,0.0,,7491,7491,466,1,accepted,,False,fresh_execution,stage18-scaling-24a9adb84176,0,4,8150,59
59,s0-step8150-f17of20-d1of2,2,C2,True,0,0.8552744929125226,51,0.09883720930232558,1,5,0.2,0.2,14982,7491,466,1,accepted,,False,fresh_execution,stage18-scaling-24a9adb84176,0,4,8150,59
59,s0-step8150-f17of20-d1of2,3,C3,True,0,0.8716422585950349,49,0.09496124031007752,17,83,0.20481927710843373,0.1642073913632056,22503,7521,468,1,accepted,,False,fresh_execution,stage18-scaling-24a9adb84176,0,4,8150,59
59,s0-step8150-f17of20-d1of2,4,C4,True,0,0.8668650638264547,52,0.10077519379844961,22,81,0.2716049382716049,0.22954067982569992,29979,7476,465,1,accepted,,False,fresh_execution,stage18-scaling-24a9adb84176,0,4,8150,59
59,s0-step8150-f17of20-d1of2,5,C5,True,0,0.8544130315608114,44,0.08527131782945736,21,74,0.28378378378378377,0.2237419985775249,37575,7596,473,1,accepted,,False,fresh_execution,stage18-scaling-24a9adb84176,0,4,8150,59
59,s0-step8150-f17of20-d1of2,6,C6,True,0,0.8544130315608114,53,0.10271317829457365,5,16,0.3125,0.22346544260337364,45052,7477,464,1,accepted,,False,fresh_execution,stage18-scaling-24a9adb84176,0,4,8150,59
59,s0-step8150-f17of20-d1of2,7,C7,False,0,1.0,207,,11,75,0.14666666666666667,,50000,4948,310,1,budget_exhaustion,requested_member_7_budget_exhaustion,False,fresh_execution,stage18-scaling-24a9adb84176,0,4,8150,59
60,s0-step8150-f17of20-d3of4,1,C1,True,0,0.8540997728874619,51,0.09883720930232558,0,1,0.0,,7491,7491,466,1,accepted,,False,fresh_execution,stage18-scaling-24a9adb84176,0,4,8150,60
60,s0-step8150-f17of20-d3of4,2,C2,True,0,0.8552744929125226,51,0.09883720930232558,1,5,0.2,0.2,14982,7491,466,1,accepted,,False,fresh_execution,stage18-scaling-24a9adb84176,0,4,8150,60
60,s0-step8150-f17of20-d3of4,3,C3,True,0,0.8716422585950349,49,0.09496124031007752,17,83,0.20481927710843373,0.1642073913632056,22503,7521,468,1,accepted,,False,fresh_execution,stage18-scaling-24a9adb84176,0,4,8150,60
60,s0-step8150-f17of20-d3of4,4,C4,True,0,0.8668650638264547,52,0.10077519379844961,22,81,0.2716049382716049,0.22954067982569992,29979,7476,465,1,accepted,,False,fresh_execution,stage18-scaling-24a9adb84176,0,4,8150,60
60,s0-step8150-f17of20-d3of4,5,C5,True,0,0.8544130315608114,44,0.08527131782945736,21,74,0.28378378378378377,0.2237419985775249,37575,7596,473,1,accepted,,False,fresh_execution,stage18-scaling-24a9adb84176,0,4,8150,60
60,s0-step8150-f17of20-d3of4,6,C6,True,0,0.8544130315608114,53,0.10271317829457365,5,16,0.3125,0.22346544260337364,45052,7477,464,1,accepted,,False,fresh_execution,stage18-scaling-24a9adb84176,0,4,8150,60
60,s0-step8150-f17of20-d3of4,7,C7,False,0,1.0,207,,11,75,0.14666666666666667,,50000,4948,310,1,budget_exhaustion,requested_member_7_budget_exhaustion,False,fresh_execution,stage18-scaling-24a9adb84176,0,4,8150,60
61,s0-step8150-f9of10-d1of4,1,C1,True,0,0.9140104941655572,56,0.10852713178294573,0,1,0.0,,7416,7416,461,1,accepted,,False,fresh_execution,stage18-scaling-24a9adb84176,0,4,8150,61
61,s0-step8150-f9of10-d1of4,2,C2,True,0,0.9024982379199624,53,0.10271317829457365,13,96,0.13541666666666666,0.13541666666666666,14877,7461,464,1,accepted,,False,fresh_execution,stage18-scaling-24a9adb84176,0,4,8150,61
61,s0-step8150-f9of10-d1of4,3,C3,True,0,0.9082152087085911,56,0.10852713178294573,9,47,0.19148936170212766,0.17553191489361702,22293,7416,461,1,accepted,,False,fresh_execution,stage18-scaling-24a9adb84176,0,4,8150,61
61,s0-step8150-f9of10-d1of4,4,C4,False,1,1.0,352,,19,185,0.10270270270270271,,32293,10000,623,2,budget_exhaustion,requested_member_4_budget_exhaustion,False,fresh_execution,stage18-scaling-24a9adb84176,0,4,8150,61
62,s0-step8150-f9of10-d1of2,1,C1,True,0,0.9140104941655572,56,0.10852713178294573,0,1,0.0,,7416,7416,461,1,accepted,,False,fresh_execution,stage18-scaling-24a9adb84176,0,4,8150,62
62,s0-step8150-f9of10-d1of2,2,C2,True,0,0.9024982379199624,53,0.10271317829457365,13,96,0.13541666666666666,0.13541666666666666,14877,7461,464,1,accepted,,False,fresh_execution,stage18-scaling-24a9adb84176,0,4,8150,62
62,s0-step8150-f9of10-d1of2,3,C3,True,0,0.9082152087085911,56,0.10852713178294573,9,47,0.19148936170212766,0.17553191489361702,22293,7416,461,1,accepted,,False,fresh_execution,stage18-scaling-24a9adb84176,0,4,8150,62
62,s0-step8150-f9of10-d1of2,4,C4,True,0,0.9026548672566371,59,0.11434108527131782,5,18,0.2777777777777778,0.21821393762183236,29664,7371,458,1,accepted,,False,fresh_execution,stage18-scaling-24a9adb84176,0,4,8150,62
62,s0-step8150-f9of10-d1of2,5,C5,True,0,0.9012452032265643,59,0.11434108527131782,24,91,0.26373626373626374,0.1989478775193061,37035,7371,458,1,accepted,,False,fresh_execution,stage18-scaling-24a9adb84176,0,4,8150,62
62,s0-step8150-f9of10-d1of2,6,C6,True,0,0.9072754326885426,56,0.10852713178294573,23,89,0.25842696629213485,0.2114949044819728,44467,7432,461,1,accepted,,False,fresh_execution,stage18-scaling-24a9adb84176,0,4,8150,62
62,s0-step8150-f9of10-d1of2,7,C7,False,0,0.9996867413266505,171,,37,193,0.19170984455958548,,50000,5533,346,1,budget_exhaustion,requested_member_7_budget_exhaustion,False,fresh_execution,stage18-scaling-24a9adb84176,0,4,8150,62
63,s0-step8150-f9of10-d3of4,1,C1,True,0,0.9140104941655572,56,0.10852713178294573,0,1,0.0,,7416,7416,461,1,accepted,,False,fresh_execution,stage18-scaling-24a9adb84176,0,4,8150,63
63,s0-step8150-f9of10-d3of4,2,C2,True,0,0.9024982379199624,53,0.10271317829457365,13,96,0.13541666666666666,0.13541666666666666,14877,7461,464,1,accepted,,False,fresh_execution,stage18-scaling-24a9adb84176,0,4,8150,63
63,s0-step8150-f9of10-d3of4,3,C3,True,0,0.9082152087085911,56,0.10852713178294573,9,47,0.19148936170212766,0.17553191489361702,22293,7416,461,1,accepted,,False,fresh_execution,stage18-scaling-24a9adb84176,0,4,8150,63
63,s0-step8150-f9of10-d3of4,4,C4,True,0,0.9026548672566371,59,0.11434108527131782,5,18,0.2777777777777778,0.21821393762183236,29664,7371,458,1,accepted,,False,fresh_execution,stage18-scaling-24a9adb84176,0,4,8150,63
63,s0-step8150-f9of10-d3of4,5,C5,True,0,0.9012452032265643,59,0.11434108527131782,24,91,0.26373626373626374,0.1989478775193061,37035,7371,458,1,accepted,,False,fresh_execution,stage18-scaling-24a9adb84176,0,4,8150,63
63,s0-step8150-f9of10-d3of4,6,C6,True,0,0.9072754326885426,56,0.10852713178294573,23,89,0.25842696629213485,0.2114949044819728,44467,7432,461,1,accepted,,False,fresh_execution,stage18-scaling-24a9adb84176,0,4,8150,63
63,s0-step8150-f9of10-d3of4,7,C7,False,0,0.9996867413266505,171,,37,193,0.19170984455958548,,50000,5533,346,1,budget_exhaustion,requested_member_7_budget_exhaustion,False,fresh_execution,stage18-scaling-24a9adb84176,0,4,8150,63
64,s0-step8150-f19of20-d1of4,1,C1,True,0,0.9512099616258125,67,0.1298449612403101,0,1,0.0,,7251,7251,450,1,accepted,,False,fresh_execution,stage18-scaling-24a9adb84176,0,4,8150,64
64,s0-step8150-f19of20-d1of4,2,C2,True,0,0.9516015349674994,63,0.12209302325581395,3,23,0.13043478260869565,0.13043478260869565,14562,7311,454,1,accepted,,False,fresh_execution,stage18-scaling-24a9adb84176,0,4,8150,64
64,s0-step8150-f19of20-d1of4,3,C3,False,1,1.0,347,,7,62,0.11290322580645161,,24562,10000,622,2,budget_exhaustion,requested_member_3_budget_exhaustion,False,fresh_execution,stage18-scaling-24a9adb84176,0,4,8150,64
65,s0-step8150-f19of20-d1of2,1,C1,True,0,0.9512099616258125,67,0.1298449612403101,0,1,0.0,,7251,7251,450,1,accepted,,False,fresh_execution,stage18-scaling-24a9adb84176,0,4,8150,65
65,s0-step8150-f19of20-d1of2,2,C2,True,0,0.9516015349674994,63,0.12209302325581395,3,23,0.13043478260869565,0.13043478260869565,14562,7311,454,1,accepted,,False,fresh_execution,stage18-scaling-24a9adb84176,0,4,8150,65
65,s0-step8150-f19of20-d1of2,3,C3,True,0,0.9535594016759339,64,0.12403100775193798,27,104,0.25961538461538464,0.1917545949625596,21858,7296,453,1,accepted,,False,fresh_execution,stage18-scaling-24a9adb84176,0,4,8150,65
65,s0-step8150-f19of20-d1of2,4,C4,True,0,0.9522280523141985,62,0.12015503875968993,17,109,0.1559633027522936,0.144625047721378,29184,7326,455,1,accepted,,False,fresh_execution,stage18-scaling-24a9adb84176,0,4,8150,65
65,s0-step8150-f19of20-d1of2,5,C5,True,0,0.9524629963192106,71,0.1375968992248062,7,39,0.1794871794871795,0.14187038244241634,36375,7191,446,1,accepted,,False,fresh_execution,stage18-scaling-24a9adb84176,0,4,8150,65
65,s0-step8150-f19of20-d1of2,6,C6,True,0,0.9509750176208004,63,0.12209302325581395,16,49,0.32653061224489793,0.22084202101893388,43702,7327,454,1,accepted,,False,fresh_execution,stage18-scaling-24a9adb84176,0,4,8150,65
65,s0-step8150-f19of20-d1of2,7,C7,False,0,0.9984337066332524,123,,18,77,0.23376623376623376,,50000,6298,394,1,budget_exhaustion,requested_member_7_budget_exhaustion,False,fresh_execution,stage18-scaling-24a9adb84176,0,4,8150,65
66,s0-step8150-f19of20-d3of4,1,C1,True,0,0.9512099616258125,67,0.1298449612403101,0,1,0.0,,7251,7251,450,1,accepted,,False,fresh_execution,stage18-scaling-24a9adb84176,0,4,8150,66
66,s0-step8150-f19of20-d3of4,2,C2,True,0,0.9516015349674994,63,0.12209302325581395,3,23,0.13043478260869565,0.13043478260869565,14562,7311,454,1,accepted,,False,fresh_execution,stage18-scaling-24a9adb84176,0,4,8150,66
66,s0-step8150-f19of20-d3of4,3,C3,True,0,0.9535594016759339,64,0.12403100775193798,27,104,0.25961538461538464,0.1917545949625596,21858,7296,453,1,accepted,,False,fresh_execution,stage18-scaling-24a9adb84176,0,4,8150,66
66,s0-step8150-f19of20-d3of4,4,C4,True,0,0.9522280523141985,62,0.12015503875968993,17,109,0.1559633027522936,0.144625047721378,29184,7326,455,1,accepted,,False,fresh_execution,stage18-scaling-24a9adb84176,0,4,8150,66
66,s0-step8150-f19of20-d3of4,5,C5,True,0,0.9524629963192106,71,0.1375968992248062,7,39,0.1794871794871795,0.14187038244241634,36375,7191,446,1,accepted,,False,fresh_execution,stage18-scaling-24a9adb84176,0,4,8150,66
66,s0-step8150-f19of20-d3of4,6,C6,True,0,0.9509750176208004,63,0.12209302325581395,16,49,0.32653061224489793,0.22084202101893388,43702,7327,454,1,accepted,,False,fresh_execution,stage18-scaling-24a9adb84176,0,4,8150,66
66,s0-step8150-f19of20-d3of4,7,C7,False,0,0.9984337066332524,123,,18,77,0.23376623376623376,,50000,6298,394,1,budget_exhaustion,requested_member_7_budget_exhaustion,False,fresh_execution,stage18-scaling-24a9adb84176,0,4,8150,66
67,s0-step8150-f39of40-d1of4,1,C1,True,0,0.9761140261570992,72,0.13953488372093023,0,1,0.0,,7176,7176,445,1,accepted,,False,fresh_execution,stage18-scaling-24a9adb84176,0,4,8150,67
67,s0-step8150-f39of40-d1of4,2,C2,True,0,0.9755658234787375,75,0.14534883720930233,4,45,0.08888888888888889,0.08888888888888889,14307,7131,442,1,accepted,,False,fresh_execution,stage18-scaling-24a9adb84176,0,4,8150,67
67,s0-step8150-f39of40-d1of4,3,C3,True,0,0.9761923408254366,73,0.14147286821705427,24,121,0.19834710743801653,0.1432912007778318,21484,7177,444,1,accepted,,False,fresh_execution,stage18-scaling-24a9adb84176,0,4,8150,67
67,s0-step8150-f39of40-d1of4,4,C4,True,0,0.9757224528154124,76,0.14728682170542637,7,30,0.23333333333333334,0.1778091171439391,28632,7148,441,1,accepted,,False,fresh_execution,stage18-scaling-24a9adb84176,0,4,8150,67
67,s0-step8150-f39of40-d1of4,5,C5,True,0,0.975644138147075,76,0.14728682170542637,22,127,0.1732283464566929,0.15852789393692202,35764,7132,441,1,accepted,,False,fresh_execution,stage18-scaling-24a9adb84176,0,4,8150,67
67,s0-step8150-f39of40-d1of4,6,C6,False,1,1.0,336,,1,7,0.14285714285714285,,45764,10000,621,2,budget_exhaustion,requested_member_6_budget_exhaustion,False,fresh_execution,stage18-scaling-24a9adb84176,0,4,8150,67
68,s0-step8150-f39of40-d1of2,1,C1,True,0,0.9761140261570992,72,0.13953488372093023,0,1,0.0,,7176,7176,445,1,accepted,,False,fresh_execution,stage18-scaling-24a9adb84176,0,4,8150,68
68,s0-step8150-f39of40-d1of2,2,C2,True,0,0.9755658234787375,75,0.14534883720930233,4,45,0.08888888888888889,0.08888888888888889,14307,7131,442,1,accepted,,False,fresh_execution,stage18-scaling-24a9adb84176,0,4,8150,68
68,s0-step8150-f39of40-d1of2,3,C3,True,0,0.9761923408254366,73,0.14147286821705427,24,121,0.19834710743801653,0.1432912007778318,21484,7177,444,1,accepted,,False,fresh_execution,stage18-scaling-24a9adb84176,0,4,8150,68
68,s0-step8150-f39of40-d1of2,4,C4,True,0,0.9757224528154124,76,0.14728682170542637,7,30,0.23333333333333334,0.1778091171439391,28632,7148,441,1,accepted,,False,fresh_execution,stage18-scaling-24a9adb84176,0,4,8150,68
68,s0-step8150-f39of40-d1of2,5,C5,True,0,0.975644138147075,76,0.14728682170542637,22,127,0.1732283464566929,0.15852789393692202,35764,7132,441,1,accepted,,False,fresh_execution,stage18-scaling-24a9adb84176,0,4,8150,68
68,s0-step8150-f39of40-d1of2,6,C6,True,0,0.9753308794737254,77,0.14922480620155038,35,114,0.30701754385964913,0.20832472089314194,42881,7117,440,1,accepted,,False,fresh_execution,stage18-scaling-24a9adb84176,0,4,8150,68
68,s0-step8150-f39of40-d1of2,7,C7,False,0,0.9768188581721357,75,,29,119,0.24369747899159663,,50000,7119,442,1,budget_exhaustion,requested_member_7_budget_exhaustion,False,fresh_execution,stage18-scaling-24a9adb84176,0,4,8150,68
69,s0-step8150-f39of40-d3of4,1,C1,True,0,0.9761140261570992,72,0.13953488372093023,0,1,0.0,,7176,7176,445,1,accepted,,False,fresh_execution,stage18-scaling-24a9adb84176,0,4,8150,69
69,s0-step8150-f39of40-d3of4,2,C2,True,0,0.9755658234787375,75,0.14534883720930233,4,45,0.08888888888888889,0.08888888888888889,14307,7131,442,1,accepted,,False,fresh_execution,stage18-scaling-24a9adb84176,0,4,8150,69
69,s0-step8150-f39of40-d3of4,3,C3,True,0,0.9761923408254366,73,0.14147286821705427,24,121,0.19834710743801653,0.1432912007778318,21484,7177,444,1,accepted,,False,fresh_execution,stage18-scaling-24a9adb84176,0,4,8150,69
69,s0-step8150-f39of40-d3of4,4,C4,True,0,0.9757224528154124,76,0.14728682170542637,7,30,0.23333333333333334,0.1778091171439391,28632,7148,441,1,accepted,,False,fresh_execution,stage18-scaling-24a9adb84176,0,4,8150,69
69,s0-step8150-f39of40-d3of4,5,C5,True,0,0.975644138147075,76,0.14728682170542637,22,127,0.1732283464566929,0.15852789393692202,35764,7132,441,1,accepted,,False,fresh_execution,stage18-scaling-24a9adb84176,0,4,8150,69
69,s0-step8150-f39of40-d3of4,6,C6,True,0,0.9753308794737254,77,0.14922480620155038,35,114,0.30701754385964913,0.20832472089314194,42881,7117,440,1,accepted,,False,fresh_execution,stage18-scaling-24a9adb84176,0,4,8150,69
69,s0-step8150-f39of40-d3of4,7,C7,False,0,0.9768188581721357,75,,29,119,0.24369747899159663,,50000,7119,442,1,budget_exhaustion,requested_member_7_budget_exhaustion,False,fresh_execution,stage18-scaling-24a9adb84176,0,4,8150,69
70,s0-step8150-f99of100-d1of4,1,C1,True,0,0.990523925131177,82,0.15891472868217055,0,1,0.0,,7042,7042,435,1,accepted,,False,fresh_execution,stage18-scaling-24a9adb84176,0,4,8150,70
70,s0-step8150-f99of100-d1of4,2,C2,True,0,0.9903672957945023,79,0.15310077519379844,17,144,0.11805555555555555,0.11805555555555555,14129,7087,438,1,accepted,,False,fresh_execution,stage18-scaling-24a9adb84176,0,4,8150,70
70,s0-step8150-f99of100-d1of4,3,C3,True,0,0.9903672957945023,87,0.1686046511627907,27,142,0.19014084507042253,0.1521174024009831,21080,6951,430,1,accepted,,False,fresh_execution,stage18-scaling-24a9adb84176,0,4,8150,70
70,s0-step8150-f99of100-d1of4,4,C4,True,0,0.990523925131177,86,0.16666666666666666,11,73,0.1506849315068493,0.1349149994158908,28078,6998,431,1,accepted,,False,fresh_execution,stage18-scaling-24a9adb84176,0,4,8150,70
70,s0-step8150-f99of100-d1of4,5,C5,True,0,0.9903672957945023,84,0.16279069767441862,23,140,0.16428571428571428,0.13666700946112711,35090,7012,433,1,accepted,,False,fresh_execution,stage18-scaling-24a9adb84176,0,4,8150,70
70,s0-step8150-f99of100-d1of4,6,C6,False,1,1.0,327,,59,350,0.16857142857142857,,45090,10000,619,2,budget_exhaustion,requested_member_6_budget_exhaustion,False,fresh_execution,stage18-scaling-24a9adb84176,0,4,8150,70
71,s0-step8150-f99of100-d1of2,1,C1,True,0,0.990523925131177,82,0.15891472868217055,0,1,0.0,,7042,7042,435,1,accepted,,False,fresh_execution,stage18-scaling-24a9adb84176,0,4,8150,71
71,s0-step8150-f99of100-d1of2,2,C2,True,0,0.9903672957945023,79,0.15310077519379844,17,144,0.11805555555555555,0.11805555555555555,14129,7087,438,1,accepted,,False,fresh_execution,stage18-scaling-24a9adb84176,0,4,8150,71
71,s0-step8150-f99of100-d1of2,3,C3,True,0,0.9903672957945023,87,0.1686046511627907,27,142,0.19014084507042253,0.1521174024009831,21080,6951,430,1,accepted,,False,fresh_execution,stage18-scaling-24a9adb84176,0,4,8150,71
71,s0-step8150-f99of100-d1of2,4,C4,True,0,0.990523925131177,86,0.16666666666666666,11,73,0.1506849315068493,0.1349149994158908,28078,6998,431,1,accepted,,False,fresh_execution,stage18-scaling-24a9adb84176,0,4,8150,71
71,s0-step8150-f99of100-d1of2,5,C5,True,0,0.9903672957945023,84,0.16279069767441862,23,140,0.16428571428571428,0.13666700946112711,35090,7012,433,1,accepted,,False,fresh_execution,stage18-scaling-24a9adb84176,0,4,8150,71
71,s0-step8150-f99of100-d1of2,6,C6,True,0,0.9900540371211528,88,0.17054263565891473,39,131,0.29770992366412213,0.1791273486219858,42058,6968,429,1,accepted,,False,fresh_execution,stage18-scaling-24a9adb84176,0,4,8150,71
71,s0-step8150-f99of100-d1of2,7,C7,True,0,0.9902106664578275,87,0.1686046511627907,41,128,0.3203125,0.19226574657640833,49057,6999,430,1,accepted,,False,fresh_execution,stage18-scaling-24a9adb84176,0,4,8150,71
71,s0-step8150-f99of100-d1of2,8,C8,False,0,1.0,458,,16,93,0.17204301075268819,,50000,943,59,1,budget_exhaustion,requested_member_8_budget_exhaustion,False,fresh_execution,stage18-scaling-24a9adb84176,0,4,8150,71
72,s0-step8150-f99of100-d3of4,1,C1,True,0,0.990523925131177,82,0.15891472868217055,0,1,0.0,,7042,7042,435,1,accepted,,False,fresh_execution,stage18-scaling-24a9adb84176,0,4,8150,72
72,s0-step8150-f99of100-d3of4,2,C2,True,0,0.9903672957945023,79,0.15310077519379844,17,144,0.11805555555555555,0.11805555555555555,14129,7087,438,1,accepted,,False,fresh_execution,stage18-scaling-24a9adb84176,0,4,8150,72
72,s0-step8150-f99of100-d3of4,3,C3,True,0,0.9903672957945023,87,0.1686046511627907,27,142,0.19014084507042253,0.1521174024009831,21080,6951,430,1,accepted,,False,fresh_execution,stage18-scaling-24a9adb84176,0,4,8150,72
72,s0-step8150-f99of100-d3of4,4,C4,True,0,0.990523925131177,86,0.16666666666666666,11,73,0.1506849315068493,0.1349149994158908,28078,6998,431,1,accepted,,False,fresh_execution,stage18-scaling-24a9adb84176,0,4,8150,72
72,s0-step8150-f99of100-d3of4,5,C5,True,0,0.9903672957945023,84,0.16279069767441862,23,140,0.16428571428571428,0.13666700946112711,35090,7012,433,1,accepted,,False,fresh_execution,stage18-scaling-24a9adb84176,0,4,8150,72
72,s0-step8150-f99of100-d3of4,6,C6,True,0,0.9900540371211528,88,0.17054263565891473,39,131,0.29770992366412213,0.1791273486219858,42058,6968,429,1,accepted,,False,fresh_execution,stage18-scaling-24a9adb84176,0,4,8150,72
72,s0-step8150-f99of100-d3of4,7,C7,True,0,0.9902106664578275,87,0.1686046511627907,41,128,0.3203125,0.19226574657640833,49057,6999,430,1,accepted,,False,fresh_execution,stage18-scaling-24a9adb84176,0,4,8150,72
72,s0-step8150-f99of100-d3of4,8,C8,False,0,1.0,458,,16,93,0.17204301075268819,,50000,943,59,1,budget_exhaustion,requested_member_8_budget_exhaustion,False,fresh_execution,stage18-scaling-24a9adb84176,0,4,8150,72
73,s0-step8500-f4of5-d1of4,1,C1,True,0,0.8093037825984807,44,0.08527131782945736,0,1,0.0,,7596,7596,473,1,accepted,,False,fresh_execution,stage18-scaling-24a9adb84176,0,5,8500,73
73,s0-step8500-f4of5-d1of4,2,C2,True,0,0.801942203774767,43,0.08333333333333333,8,79,0.10126582278481013,0.10126582278481013,15207,7611,474,1,accepted,,False,fresh_execution,stage18-scaling-24a9adb84176,0,5,8500,73
73,s0-step8500-f4of5-d1of4,3,C3,True,0,0.808755579920119,43,0.08333333333333333,14,73,0.1917808219178082,0.16922374429223744,22818,7611,474,1,accepted,,False,fresh_execution,stage18-scaling-24a9adb84176,0,5,8500,73
73,s0-step8500-f4of5-d1of4,4,C4,True,0,0.8127496280053254,44,0.08527131782945736,5,24,0.20833333333333334,0.19114916286149164,30414,7596,473,1,accepted,,False,fresh_execution,stage18-scaling-24a9adb84176,0,5,8500,73
73,s0-step8500-f4of5-d1of4,5,C5,True,0,0.8184665987939541,43,0.08333333333333333,15,71,0.2112676056338028,0.18555742852532967,38025,7611,474,1,accepted,,False,fresh_execution,stage18-scaling-24a9adb84176,0,5,8500,73
73,s0-step8500-f4of5-d1of4,6,C6,True,0,0.8065627692066724,41,0.07945736434108527,1,5,0.2,0.17273082942097026,45666,7641,476,1,accepted,,False,fresh_execution,stage18-scaling-24a9adb84176,0,5,8500,73
73,s0-step8500-f4of5-d1of4,7,C7,False,0,1.0,246,,36,253,0.1422924901185771,,50000,4334,271,1,budget_exhaustion,requested_member_7_budget_exhaustion,False,fresh_execution,stage18-scaling-24a9adb84176,0,5,8500,73
74,s0-step8500-f4of5-d1of2,1,C1,True,0,0.8093037825984807,44,0.08527131782945736,0,1,0.0,,7596,7596,473,1,accepted,,False,fresh_execution,stage18-scaling-24a9adb84176,0,5,8500,74
74,s0-step8500-f4of5-d1of2,2,C2,True,0,0.801942203774767,43,0.08333333333333333,8,79,0.10126582278481013,0.10126582278481013,15207,7611,474,1,accepted,,False,fresh_execution,stage18-scaling-24a9adb84176,0,5,8500,74
74,s0-step8500-f4of5-d1of2,3,C3,True,0,0.808755579920119,43,0.08333333333333333,14,73,0.1917808219178082,0.16922374429223744,22818,7611,474,1,accepted,,False,fresh_execution,stage18-scaling-24a9adb84176,0,5,8500,74
74,s0-step8500-f4of5-d1of2,4,C4,True,0,0.8127496280053254,44,0.08527131782945736,5,24,0.20833333333333334,0.19114916286149164,30414,7596,473,1,accepted,,False,fresh_execution,stage18-scaling-24a9adb84176,0,5,8500,74
74,s0-step8500-f4of5-d1of2,5,C5,True,0,0.8184665987939541,43,0.08333333333333333,15,71,0.2112676056338028,0.18555742852532967,38025,7611,474,1,accepted,,False,fresh_execution,stage18-scaling-24a9adb84176,0,5,8500,74
74,s0-step8500-f4of5-d1of2,6,C6,True,0,0.8065627692066724,41,0.07945736434108527,1,5,0.2,0.17273082942097026,45666,7641,476,1,accepted,,False,fresh_execution,stage18-scaling-24a9adb84176,0,5,8500,74
74,s0-step8500-f4of5-d1of2,7,C7,False,0,1.0,246,,36,253,0.1422924901185771,,50000,4334,271,1,budget_exhaustion,requested_member_7_budget_exhaustion,False,fresh_execution,stage18-scaling-24a9adb84176,0,5,8500,74
75,s0-step8500-f4of5-d3of4,1,C1,True,0,0.8093037825984807,44,0.08527131782945736,0,1,0.0,,7596,7596,473,1,accepted,,False,fresh_execution,stage18-scaling-24a9adb84176,0,5,8500,75
75,s0-step8500-f4of5-d3of4,2,C2,True,0,0.801942203774767,43,0.08333333333333333,8,79,0.10126582278481013,0.10126582278481013,15207,7611,474,1,accepted,,False,fresh_execution,stage18-scaling-24a9adb84176,0,5,8500,75
75,s0-step8500-f4of5-d3of4,3,C3,True,0,0.808755579920119,43,0.08333333333333333,14,73,0.1917808219178082,0.16922374429223744,22818,7611,474,1,accepted,,False,fresh_execution,stage18-scaling-24a9adb84176,0,5,8500,75
75,s0-step8500-f4of5-d3of4,4,C4,True,0,0.8127496280053254,44,0.08527131782945736,5,24,0.20833333333333334,0.19114916286149164,30414,7596,473,1,accepted,,False,fresh_execution,stage18-scaling-24a9adb84176,0,5,8500,75
75,s0-step8500-f4of5-d3of4,5,C5,True,0,0.8184665987939541,43,0.08333333333333333,15,71,0.2112676056338028,0.18555742852532967,38025,7611,474,1,accepted,,False,fresh_execution,stage18-scaling-24a9adb84176,0,5,8500,75
75,s0-step8500-f4of5-d3of4,6,C6,True,0,0.8065627692066724,41,0.07945736434108527,1,5,0.2,0.17273082942097026,45666,7641,476,1,accepted,,False,fresh_execution,stage18-scaling-24a9adb84176,0,5,8500,75
75,s0-step8500-f4of5-d3of4,7,C7,False,0,1.0,246,,36,253,0.1422924901185771,,50000,4334,271,1,budget_exhaustion,requested_member_7_budget_exhaustion,False,fresh_execution,stage18-scaling-24a9adb84176,0,5,8500,75
76,s0-step8500-f17of20-d1of4,1,C1,True,0,0.8577805622993186,50,0.09689922480620156,0,1,0.0,,7506,7506,467,1,accepted,,False,fresh_execution,stage18-scaling-24a9adb84176,0,5,8500,76
76,s0-step8500-f17of20-d1of4,2,C2,True,0,0.8505756128122798,46,0.08914728682170543,3,29,0.10344827586206896,0.10344827586206896,15072,7566,471,1,accepted,,False,fresh_execution,stage18-scaling-24a9adb84176,0,5,8500,76
76,s0-step8500-f17of20-d1of4,3,C3,True,0,0.8515937035006657,48,0.09302325581395349,13,81,0.16049382716049382,0.150014355440712,22608,7536,469,1,accepted,,False,fresh_execution,stage18-scaling-24a9adb84176,0,5,8500,76
76,s0-step8500-f17of20-d1of4,4,C4,True,0,0.8515937035006657,45,0.0872093023255814,17,76,0.2236842105263158,0.187694314901177,30189,7581,472,1,accepted,,False,fresh_execution,stage18-scaling-24a9adb84176,0,5,8500,76
76,s0-step8500-f17of20-d1of4,5,C5,True,0,0.8542564022241366,43,0.08333333333333333,6,25,0.24,0.20760153809180484,37800,7611,474,1,accepted,,False,fresh_execution,stage18-scaling-24a9adb84176,0,5,8500,76
76,s0-step8500-f17of20-d1of4,6,C6,True,0,0.8524551648523768,47,0.09108527131782945,18,79,0.22784810126582278,0.19152853463313158,45351,7551,470,1,accepted,,False,fresh_execution,stage18-scaling-24a9adb84176,0,5,8500,76
76,s0-step8500-f17of20-d1of4,7,C7,False,0,1.0,226,,18,119,0.15126050420168066,,50000,4649,291,1,budget_exhaustion,requested_member_7_budget_exhaustion,False,fresh_execution,stage18-scaling-24a9adb84176,0,5,8500,76
77,s0-step8500-f17of20-d1of2,1,C1,True,0,0.8577805622993186,50,0.09689922480620156,0,1,0.0,,7506,7506,467,1,accepted,,False,fresh_execution,stage18-scaling-24a9adb84176,0,5,8500,77
77,s0-step8500-f17of20-d1of2,2,C2,True,0,0.8505756128122798,46,0.08914728682170543,3,29,0.10344827586206896,0.10344827586206896,15072,7566,471,1,accepted,,False,fresh_execution,stage18-scaling-24a9adb84176,0,5,8500,77
77,s0-step8500-f17of20-d1of2,3,C3,True,0,0.8515937035006657,48,0.09302325581395349,13,81,0.16049382716049382,0.150014355440712,22608,7536,469,1,accepted,,False,fresh_execution,stage18-scaling-24a9adb84176,0,5,8500,77
77,s0-step8500-f17of20-d1of2,4,C4,True,0,0.8515937035006657,45,0.0872093023255814,17,76,0.2236842105263158,0.187694314901177,30189,7581,472,1,accepted,,False,fresh_execution,stage18-scaling-24a9adb84176,0,5,8500,77
77,s0-step8500-f17of20-d1of2,5,C5,True,0,0.8542564022241366,43,0.08333333333333333,6,25,0.24,0.20760153809180484,37800,7611,474,1,accepted,,False,fresh_execution,stage18-scaling-24a9adb84176,0,5,8500,77
77,s0-step8500-f17of20-d1of2,6,C6,True,0,0.8524551648523768,47,0.09108527131782945,18,79,0.22784810126582278,0.19152853463313158,45351,7551,470,1,accepted,,False,fresh_execution,stage18-scaling-24a9adb84176,0,5,8500,77
77,s0-step8500-f17of20-d1of2,7,C7,False,0,1.0,226,,18,119,0.15126050420168066,,50000,4649,291,1,budget_exhaustion,requested_member_7_budget_exhaustion,False,fresh_execution,stage18-scaling-24a9adb84176,0,5,8500,77
78,s0-step8500-f17of20-d3of4,1,C1,True,0,0.8577805622993186,50,0.09689922480620156,0,1,0.0,,7506,7506,467,1,accepted,,False,fresh_execution,stage18-scaling-24a9adb84176,0,5,8500,78
78,s0-step8500-f17of20-d3of4,2,C2,True,0,0.8505756128122798,46,0.08914728682170543,3,29,0.10344827586206896,0.10344827586206896,15072,7566,471,1,accepted,,False,fresh_execution,stage18-scaling-24a9adb84176,0,5,8500,78
78,s0-step8500-f17of20-d3of4,3,C3,True,0,0.8515937035006657,48,0.09302325581395349,13,81,0.16049382716049382,0.150014355440712,22608,7536,469,1,accepted,,False,fresh_execution,stage18-scaling-24a9adb84176,0,5,8500,78
78,s0-step8500-f17of20-d3of4,4,C4,True,0,0.8515937035006657,45,0.0872093023255814,17,76,0.2236842105263158,0.187694314901177,30189,7581,472,1,accepted,,False,fresh_execution,stage18-scaling-24a9adb84176,0,5,8500,78
78,s0-step8500-f17of20-d3of4,5,C5,True,0,0.8542564022241366,43,0.08333333333333333,6,25,0.24,0.20760153809180484,37800,7611,474,1,accepted,,False,fresh_execution,stage18-scaling-24a9adb84176,0,5,8500,78
78,s0-step8500-f17of20-d3of4,6,C6,True,0,0.8524551648523768,47,0.09108527131782945,18,79,0.22784810126582278,0.19152853463313158,45351,7551,470,1,accepted,,False,fresh_execution,stage18-scaling-24a9adb84176,0,5,8500,78
78,s0-step8500-f17of20-d3of4,7,C7,False,0,1.0,226,,18,119,0.15126050420168066,,50000,4649,291,1,budget_exhaustion,requested_member_7_budget_exhaustion,False,fresh_execution,stage18-scaling-24a9adb84176,0,5,8500,78
79,s0-step8500-f9of10-d1of4,1,C1,True,0,0.9077453206985668,54,0.10465116279069768,0,1,0.0,,7446,7446,463,1,accepted,,False,fresh_execution,stage18-scaling-24a9adb84176,0,5,8500,79
79,s0-step8500-f9of10-d1of4,2,C2,True,0,0.9064922860051687,48,0.09302325581395349,5,46,0.10869565217391304,0.10869565217391304,14982,7536,469,1,accepted,,False,fresh_execution,stage18-scaling-24a9adb84176,0,5,8500,79
79,s0-step8500-f9of10-d1of4,3,C3,True,0,0.905709139321795,51,0.09883720930232558,1,10,0.1,0.096875,22473,7491,466,1,accepted,,False,fresh_execution,stage18-scaling-24a9adb84176,0,5,8500,79
79,s0-step8500-f9of10-d1of4,4,C4,True,0,0.9052392513117707,52,0.10077519379844961,7,46,0.15217391304347827,0.13177821201758672,29949,7476,465,1,accepted,,False,fresh_execution,stage18-scaling-24a9adb84176,0,5,8500,79
79,s0-step8500-f9of10-d1of4,5,C5,True,0,0.9093899287336518,52,0.10077519379844961,9,41,0.21951219512195122,0.1744867796251737,37425,7476,465,1,accepted,,False,fresh_execution,stage18-scaling-24a9adb84176,0,5,8500,79
79,s0-step8500-f9of10-d1of4,6,C6,True,0,0.9007753152165401,50,0.09689922480620156,19,79,0.24050632911392406,0.18849311535256538,44931,7506,467,1,accepted,,False,fresh_execution,stage18-scaling-24a9adb84176,0,5,8500,79
79,s0-step8500-f9of10-d1of4,7,C7,False,0,1.0,200,,37,217,0.17050691244239632,,50000,5069,317,1,budget_exhaustion,requested_member_7_budget_exhaustion,False,fresh_execution,stage18-scaling-24a9adb84176,0,5,8500,79
80,s0-step8500-f9of10-d1of2,1,C1,True,0,0.9077453206985668,54,0.10465116279069768,0,1,0.0,,7446,7446,463,1,accepted,,False,fresh_execution,stage18-scaling-24a9adb84176,0,5,8500,80
80,s0-step8500-f9of10-d1of2,2,C2,True,0,0.9064922860051687,48,0.09302325581395349,5,46,0.10869565217391304,0.10869565217391304,14982,7536,469,1,accepted,,False,fresh_execution,stage18-scaling-24a9adb84176,0,5,8500,80
80,s0-step8500-f9of10-d1of2,3,C3,True,0,0.905709139321795,51,0.09883720930232558,1,10,0.1,0.096875,22473,7491,466,1,accepted,,False,fresh_execution,stage18-scaling-24a9adb84176,0,5,8500,80
80,s0-step8500-f9of10-d1of2,4,C4,True,0,0.9052392513117707,52,0.10077519379844961,7,46,0.15217391304347827,0.13177821201758672,29949,7476,465,1,accepted,,False,fresh_execution,stage18-scaling-24a9adb84176,0,5,8500,80
80,s0-step8500-f9of10-d1of2,5,C5,True,0,0.9093899287336518,52,0.10077519379844961,9,41,0.21951219512195122,0.1744867796251737,37425,7476,465,1,accepted,,False,fresh_execution,stage18-scaling-24a9adb84176,0,5,8500,80
80,s0-step8500-f9of10-d1of2,6,C6,True,0,0.9007753152165401,50,0.09689922480620156,19,79,0.24050632911392406,0.18849311535256538,44931,7506,467,1,accepted,,False,fresh_execution,stage18-scaling-24a9adb84176,0,5,8500,80
80,s0-step8500-f9of10-d1of2,7,C7,False,0,1.0,200,,37,217,0.17050691244239632,,50000,5069,317,1,budget_exhaustion,requested_member_7_budget_exhaustion,False,fresh_execution,stage18-scaling-24a9adb84176,0,5,8500,80
81,s0-step8500-f9of10-d3of4,1,C1,True,0,0.9077453206985668,54,0.10465116279069768,0,1,0.0,,7446,7446,463,1,accepted,,False,fresh_execution,stage18-scaling-24a9adb84176,0,5,8500,81
81,s0-step8500-f9of10-d3of4,2,C2,True,0,0.9064922860051687,48,0.09302325581395349,5,46,0.10869565217391304,0.10869565217391304,14982,7536,469,1,accepted,,False,fresh_execution,stage18-scaling-24a9adb84176,0,5,8500,81
81,s0-step8500-f9of10-d3of4,3,C3,True,0,0.905709139321795,51,0.09883720930232558,1,10,0.1,0.096875,22473,7491,466,1,accepted,,False,fresh_execution,stage18-scaling-24a9adb84176,0,5,8500,81
81,s0-step8500-f9of10-d3of4,4,C4,True,0,0.9052392513117707,52,0.10077519379844961,7,46,0.15217391304347827,0.13177821201758672,29949,7476,465,1,accepted,,False,fresh_execution,stage18-scaling-24a9adb84176,0,5,8500,81
81,s0-step8500-f9of10-d3of4,5,C5,True,0,0.9093899287336518,52,0.10077519379844961,9,41,0.21951219512195122,0.1744867796251737,37425,7476,465,1,accepted,,False,fresh_execution,stage18-scaling-24a9adb84176,0,5,8500,81
81,s0-step8500-f9of10-d3of4,6,C6,True,0,0.9007753152165401,50,0.09689922480620156,19,79,0.24050632911392406,0.18849311535256538,44931,7506,467,1,accepted,,False,fresh_execution,stage18-scaling-24a9adb84176,0,5,8500,81
81,s0-step8500-f9of10-d3of4,7,C7,False,0,1.0,200,,37,217,0.17050691244239632,,50000,5069,317,1,budget_exhaustion,requested_member_7_budget_exhaustion,False,fresh_execution,stage18-scaling-24a9adb84176,0,5,8500,81
82,s0-step8500-f19of20-d1of4,1,C1,True,0,0.9563787297360795,58,0.1124031007751938,0,1,0.0,,7386,7386,459,1,accepted,,False,fresh_execution,stage18-scaling-24a9adb84176,0,5,8500,82
82,s0-step8500-f19of20-d1of4,2,C2,True,0,0.9538726603492834,59,0.11434108527131782,1,12,0.08333333333333333,0.08333333333333333,14757,7371,458,1,accepted,,False,fresh_execution,stage18-scaling-24a9adb84176,0,5,8500,82
82,s0-step8500-f19of20-d1of4,3,C3,True,0,0.9501135562690892,56,0.10852713178294573,5,33,0.15151515151515152,0.12864219114219114,22173,7416,461,1,accepted,,False,fresh_execution,stage18-scaling-24a9adb84176,0,5,8500,82
82,s0-step8500-f19of20-d1of4,4,C4,True,0,0.9512882762941499,59,0.11434108527131782,16,99,0.16161616161616163,0.13683908683908685,29544,7371,458,1,accepted,,False,fresh_execution,stage18-scaling-24a9adb84176,0,5,8500,82
82,s0-step8500-f19of20-d1of4,5,C5,True,0,0.9504268149424387,60,0.11627906976744186,11,48,0.22916666666666666,0.1967364082863256,36900,7356,457,1,accepted,,False,fresh_execution,stage18-scaling-24a9adb84176,0,5,8500,82
82,s0-step8500-f19of20-d1of4,6,C6,True,0,0.9508183882841256,58,0.1124031007751938,21,95,0.22105263157894736,0.19057365752686978,44302,7402,459,1,accepted,,False,fresh_execution,stage18-scaling-24a9adb84176,0,5,8500,82
82,s0-step8500-f19of20-d1of4,7,C7,False,0,1.0,160,,17,92,0.18478260869565216,,50000,5698,357,1,budget_exhaustion,requested_member_7_budget_exhaustion,False,fresh_execution,stage18-scaling-24a9adb84176,0,5,8500,82
83,s0-step8500-f19of20-d1of2,1,C1,True,0,0.9563787297360795,58,0.1124031007751938,0,1,0.0,,7386,7386,459,1,accepted,,False,fresh_execution,stage18-scaling-24a9adb84176,0,5,8500,83
83,s0-step8500-f19of20-d1of2,2,C2,True,0,0.9538726603492834,59,0.11434108527131782,1,12,0.08333333333333333,0.08333333333333333,14757,7371,458,1,accepted,,False,fresh_execution,stage18-scaling-24a9adb84176,0,5,8500,83
83,s0-step8500-f19of20-d1of2,3,C3,True,0,0.9501135562690892,56,0.10852713178294573,5,33,0.15151515151515152,0.12864219114219114,22173,7416,461,1,accepted,,False,fresh_execution,stage18-scaling-24a9adb84176,0,5,8500,83
83,s0-step8500-f19of20-d1of2,4,C4,True,0,0.9512882762941499,59,0.11434108527131782,16,99,0.16161616161616163,0.13683908683908685,29544,7371,458,1,accepted,,False,fresh_execution,stage18-scaling-24a9adb84176,0,5,8500,83
83,s0-step8500-f19of20-d1of2,5,C5,True,0,0.9504268149424387,60,0.11627906976744186,11,48,0.22916666666666666,0.1967364082863256,36900,7356,457,1,accepted,,False,fresh_execution,stage18-scaling-24a9adb84176,0,5,8500,83
83,s0-step8500-f19of20-d1of2,6,C6,True,0,0.9508183882841256,58,0.1124031007751938,21,95,0.22105263157894736,0.19057365752686978,44302,7402,459,1,accepted,,False,fresh_execution,stage18-scaling-24a9adb84176,0,5,8500,83
83,s0-step8500-f19of20-d1of2,7,C7,False,0,1.0,160,,17,92,0.18478260869565216,,50000,5698,357,1,budget_exhaustion,requested_member_7_budget_exhaustion,False,fresh_execution,stage18-scaling-24a9adb84176,0,5,8500,83
84,s0-step8500-f19of20-d3of4,1,C1,True,0,0.9563787297360795,58,0.1124031007751938,0,1,0.0,,7386,7386,459,1,accepted,,False,fresh_execution,stage18-scaling-24a9adb84176,0,5,8500,84
84,s0-step8500-f19of20-d3of4,2,C2,True,0,0.9538726603492834,59,0.11434108527131782,1,12,0.08333333333333333,0.08333333333333333,14757,7371,458,1,accepted,,False,fresh_execution,stage18-scaling-24a9adb84176,0,5,8500,84
84,s0-step8500-f19of20-d3of4,3,C3,True,0,0.9501135562690892,56,0.10852713178294573,5,33,0.15151515151515152,0.12864219114219114,22173,7416,461,1,accepted,,False,fresh_execution,stage18-scaling-24a9adb84176,0,5,8500,84
84,s0-step8500-f19of20-d3of4,4,C4,True,0,0.9512882762941499,59,0.11434108527131782,16,99,0.16161616161616163,0.13683908683908685,29544,7371,458,1,accepted,,False,fresh_execution,stage18-scaling-24a9adb84176,0,5,8500,84
84,s0-step8500-f19of20-d3of4,5,C5,True,0,0.9504268149424387,60,0.11627906976744186,11,48,0.22916666666666666,0.1967364082863256,36900,7356,457,1,accepted,,False,fresh_execution,stage18-scaling-24a9adb84176,0,5,8500,84
84,s0-step8500-f19of20-d3of4,6,C6,True,0,0.9508183882841256,58,0.1124031007751938,21,95,0.22105263157894736,0.19057365752686978,44302,7402,459,1,accepted,,False,fresh_execution,stage18-scaling-24a9adb84176,0,5,8500,84
84,s0-step8500-f19of20-d3of4,7,C7,False,0,1.0,160,,17,92,0.18478260869565216,,50000,5698,357,1,budget_exhaustion,requested_member_7_budget_exhaustion,False,fresh_execution,stage18-scaling-24a9adb84176,0,5,8500,84
85,s0-step8500-f39of40-d1of4,1,C1,True,0,0.9789333542172449,63,0.12209302325581395,0,1,0.0,,7311,7311,454,1,accepted,,False,fresh_execution,stage18-scaling-24a9adb84176,0,5,8500,85
85,s0-step8500-f39of40-d1of4,2,C2,True,0,0.9768188581721357,69,0.13372093023255813,1,11,0.09090909090909091,0.09090909090909091,14532,7221,448,1,accepted,,False,fresh_execution,stage18-scaling-24a9adb84176,0,5,8500,85
85,s0-step8500-f39of40-d1of4,3,C3,True,0,0.9784634662072206,63,0.12209302325581395,8,55,0.14545454545454545,0.12272727272727273,21843,7311,454,1,accepted,,False,fresh_execution,stage18-scaling-24a9adb84176,0,5,8500,85
85,s0-step8500-f39of40-d1of4,4,C4,True,0,0.9753308794737254,66,0.12790697674418605,19,110,0.17272727272727273,0.14304584304584306,29109,7266,451,1,accepted,,False,fresh_execution,stage18-scaling-24a9adb84176,0,5,8500,85
85,s0-step8500-f39of40-d1of4,5,C5,True,0,0.9759573968204245,68,0.13178294573643412,21,110,0.19090909090909092,0.1567016317016317,36345,7236,449,1,accepted,,False,fresh_execution,stage18-scaling-24a9adb84176,0,5,8500,85
85,s0-step8500-f39of40-d1of4,6,C6,False,1,1.0,347,,31,177,0.1751412429378531,,46345,10000,622,2,budget_exhaustion,requested_member_6_budget_exhaustion,False,fresh_execution,stage18-scaling-24a9adb84176,0,5,8500,85
86,s0-step8500-f39of40-d1of2,1,C1,True,0,0.9789333542172449,63,0.12209302325581395,0,1,0.0,,7311,7311,454,1,accepted,,False,fresh_execution,stage18-scaling-24a9adb84176,0,5,8500,86
86,s0-step8500-f39of40-d1of2,2,C2,True,0,0.9768188581721357,69,0.13372093023255813,1,11,0.09090909090909091,0.09090909090909091,14532,7221,448,1,accepted,,False,fresh_execution,stage18-scaling-24a9adb84176,0,5,8500,86
86,s0-step8500-f39of40-d1of2,3,C3,True,0,0.9784634662072206,63,0.12209302325581395,8,55,0.14545454545454545,0.12272727272727273,21843,7311,454,1,accepted,,False,fresh_execution,stage18-scaling-24a9adb84176,0,5,8500,86
86,s0-step8500-f39of40-d1of2,4,C4,True,0,0.9753308794737254,66,0.12790697674418605,19,110,0.17272727272727273,0.14304584304584306,29109,7266,451,1,accepted,,False,fresh_execution,stage18-scaling-24a9adb84176,0,5,8500,86
86,s0-step8500-f39of40-d1of2,5,C5,True,0,0.9759573968204245,68,0.13178294573643412,21,110,0.19090909090909092,0.1567016317016317,36345,7236,449,1,accepted,,False,fresh_execution,stage18-scaling-24a9adb84176,0,5,8500,86
86,s0-step8500-f39of40-d1of2,6,C6,True,0,0.9750959354687133,64,0.12403100775193798,28,99,0.2828282828282828,0.21214760214760214,43641,7296,453,1,accepted,,False,fresh_execution,stage18-scaling-24a9adb84176,0,5,8500,86
86,s0-step8500-f39of40-d1of2,7,C7,False,0,0.9995301119899758,119,,17,74,0.22972972972972974,,50000,6359,398,1,budget_exhaustion,requested_member_7_budget_exhaustion,False,fresh_execution,stage18-scaling-24a9adb84176,0,5,8500,86
87,s0-step8500-f39of40-d3of4,1,C1,True,0,0.9789333542172449,63,0.12209302325581395,0,1,0.0,,7311,7311,454,1,accepted,,False,fresh_execution,stage18-scaling-24a9adb84176,0,5,8500,87
87,s0-step8500-f39of40-d3of4,2,C2,True,0,0.9768188581721357,69,0.13372093023255813,1,11,0.09090909090909091,0.09090909090909091,14532,7221,448,1,accepted,,False,fresh_execution,stage18-scaling-24a9adb84176,0,5,8500,87
87,s0-step8500-f39of40-d3of4,3,C3,True,0,0.9784634662072206,63,0.12209302325581395,8,55,0.14545454545454545,0.12272727272727273,21843,7311,454,1,accepted,,False,fresh_execution,stage18-scaling-24a9adb84176,0,5,8500,87
87,s0-step8500-f39of40-d3of4,4,C4,True,0,0.9753308794737254,66,0.12790697674418605,19,110,0.17272727272727273,0.14304584304584306,29109,7266,451,1,accepted,,False,fresh_execution,stage18-scaling-24a9adb84176,0,5,8500,87
87,s0-step8500-f39of40-d3of4,5,C5,True,0,0.9759573968204245,68,0.13178294573643412,21,110,0.19090909090909092,0.1567016317016317,36345,7236,449,1,accepted,,False,fresh_execution,stage18-scaling-24a9adb84176,0,5,8500,87
87,s0-step8500-f39of40-d3of4,6,C6,True,0,0.9750959354687133,64,0.12403100775193798,28,99,0.2828282828282828,0.21214760214760214,43641,7296,453,1,accepted,,False,fresh_execution,stage18-scaling-24a9adb84176,0,5,8500,87
87,s0-step8500-f39of40-d3of4,7,C7,False,0,0.9995301119899758,119,,17,74,0.22972972972972974,,50000,6359,398,1,budget_exhaustion,requested_member_7_budget_exhaustion,False,fresh_execution,stage18-scaling-24a9adb84176,0,5,8500,87
88,s0-step8500-f99of100-d1of4,1,C1,True,0,0.9908371838045266,75,0.14534883720930233,0,1,0.0,,7131,7131,442,1,accepted,,False,fresh_execution,stage18-scaling-24a9adb84176,0,5,8500,88
88,s0-step8500-f99of100-d1of4,2,C2,True,0,0.9906022397995145,82,0.15891472868217055,9,148,0.060810810810810814,0.060810810810810814,14157,7026,435,1,accepted,,False,fresh_execution,stage18-scaling-24a9adb84176,0,5,8500,88
88,s0-step8500-f99of100-d1of4,3,C3,True,0,0.990523925131177,76,0.14728682170542637,18,133,0.13533834586466165,0.10876506334328973,21305,7148,441,1,accepted,,False,fresh_execution,stage18-scaling-24a9adb84176,0,5,8500,88
88,s0-step8500-f99of100-d1of4,4,C4,True,0,0.9902889811261649,76,0.14728682170542637,29,122,0.23770491803278687,0.16677383048024239,28437,7132,441,1,accepted,,False,fresh_execution,stage18-scaling-24a9adb84176,0,5,8500,88
88,s0-step8500-f99of100-d1of4,5,C5,True,0,0.9902106664578275,76,0.14728682170542637,26,125,0.208,0.1642870089503052,35553,7116,441,1,accepted,,False,fresh_execution,stage18-scaling-24a9adb84176,0,5,8500,88
88,s0-step8500-f99of100-d1of4,6,C6,False,1,1.0,338,,68,345,0.19710144927536233,,45553,10000,621,2,budget_exhaustion,requested_member_6_budget_exhaustion,False,fresh_execution,stage18-scaling-24a9adb84176,0,5,8500,88
89,s0-step8500-f99of100-d1of2,1,C1,True,0,0.9908371838045266,75,0.14534883720930233,0,1,0.0,,7131,7131,442,1,accepted,,False,fresh_execution,stage18-scaling-24a9adb84176,0,5,8500,89
89,s0-step8500-f99of100-d1of2,2,C2,True,0,0.9906022397995145,82,0.15891472868217055,9,148,0.060810810810810814,0.060810810810810814,14157,7026,435,1,accepted,,False,fresh_execution,stage18-scaling-24a9adb84176,0,5,8500,89
89,s0-step8500-f99of100-d1of2,3,C3,True,0,0.990523925131177,76,0.14728682170542637,18,133,0.13533834586466165,0.10876506334328973,21305,7148,441,1,accepted,,False,fresh_execution,stage18-scaling-24a9adb84176,0,5,8500,89
89,s0-step8500-f99of100-d1of2,4,C4,True,0,0.9902889811261649,76,0.14728682170542637,29,122,0.23770491803278687,0.16677383048024239,28437,7132,441,1,accepted,,False,fresh_execution,stage18-scaling-24a9adb84176,0,5,8500,89
89,s0-step8500-f99of100-d1of2,5,C5,True,0,0.9902106664578275,76,0.14728682170542637,26,125,0.208,0.1642870089503052,35553,7116,441,1,accepted,,False,fresh_execution,stage18-scaling-24a9adb84176,0,5,8500,89
89,s0-step8500-f99of100-d1of2,6,C6,True,0,0.9903672957945023,75,0.14534883720930233,16,59,0.2711864406779661,0.177384703039491,42700,7147,442,1,accepted,,False,fresh_execution,stage18-scaling-24a9adb84176,0,5,8500,89
89,s0-step8500-f99of100-d1of2,7,C7,True,0,0.9902106664578275,79,0.15310077519379844,29,125,0.232,0.18340882493134184,49787,7087,438,1,accepted,,False,fresh_execution,stage18-scaling-24a9adb84176,0,5,8500,89
89,s0-step8500-f99of100-d1of2,8,C8,False,0,1.0,503,,9,56,0.16071428571428573,,50000,213,14,1,budget_exhaustion,requested_member_8_budget_exhaustion,False,fresh_execution,stage18-scaling-24a9adb84176,0,5,8500,89
90,s0-step8500-f99of100-d3of4,1,C1,True,0,0.9908371838045266,75,0.14534883720930233,0,1,0.0,,7131,7131,442,1,accepted,,False,fresh_execution,stage18-scaling-24a9adb84176,0,5,8500,90
90,s0-step8500-f99of100-d3of4,2,C2,True,0,0.9906022397995145,82,0.15891472868217055,9,148,0.060810810810810814,0.060810810810810814,14157,7026,435,1,accepted,,False,fresh_execution,stage18-scaling-24a9adb84176,0,5,8500,90
90,s0-step8500-f99of100-d3of4,3,C3,True,0,0.990523925131177,76,0.14728682170542637,18,133,0.13533834586466165,0.10876506334328973,21305,7148,441,1,accepted,,False,fresh_execution,stage18-scaling-24a9adb84176,0,5,8500,90
90,s0-step8500-f99of100-d3of4,4,C4,True,0,0.9902889811261649,76,0.14728682170542637,29,122,0.23770491803278687,0.16677383048024239,28437,7132,441,1,accepted,,False,fresh_execution,stage18-scaling-24a9adb84176,0,5,8500,90
90,s0-step8500-f99of100-d3of4,5,C5,True,0,0.9902106664578275,76,0.14728682170542637,26,125,0.208,0.1642870089503052,35553,7116,441,1,accepted,,False,fresh_execution,stage18-scaling-24a9adb84176,0,5,8500,90
90,s0-step8500-f99of100-d3of4,6,C6,True,0,0.9903672957945023,75,0.14534883720930233,16,59,0.2711864406779661,0.177384703039491,42700,7147,442,1,accepted,,False,fresh_execution,stage18-scaling-24a9adb84176,0,5,8500,90
90,s0-step8500-f99of100-d3of4,7,C7,True,0,0.9902106664578275,79,0.15310077519379844,29,125,0.232,0.18340882493134184,49787,7087,438,1,accepted,,False,fresh_execution,stage18-scaling-24a9adb84176,0,5,8500,90
90,s0-step8500-f99of100-d3of4,8,C8,False,0,1.0,503,,9,56,0.16071428571428573,,50000,213,14,1,budget_exhaustion,requested_member_8_budget_exhaustion,False,fresh_execution,stage18-scaling-24a9adb84176,0,5,8500,90
91,s0-step8650-f4of5-d1of4,1,C1,True,0,0.8172918787688934,44,0.08527131782945736,0,1,0.0,,7596,7596,473,1,accepted,,False,fresh_execution,stage18-scaling-24a9adb84176,0,6,8650,91
91,s0-step8650-f4of5-d1of4,2,C2,True,0,0.813924348030386,46,0.08914728682170543,1,14,0.07142857142857142,0.07142857142857142,15162,7566,471,1,accepted,,False,fresh_execution,stage18-scaling-24a9adb84176,0,6,8650,91
91,s0-step8650-f4of5-d1of4,3,C3,True,0,0.8117315373169395,39,0.0755813953488372,11,74,0.14864864864864866,0.12765765765765766,22833,7671,478,1,accepted,,False,fresh_execution,stage18-scaling-24a9adb84176,0,6,8650,91
91,s0-step8650-f4of5-d1of4,4,C4,True,0,0.8046832171665753,42,0.08139534883720931,15,71,0.2112676056338028,0.17688306814238877,30459,7626,475,1,accepted,,False,fresh_execution,stage18-scaling-24a9adb84176,0,6,8650,91
91,s0-step8650-f4of5-d1of4,5,C5,True,0,0.8006108544130316,42,0.08139534883720931,15,71,0.2112676056338028,0.18632530476979525,38085,7626,475,1,accepted,,False,fresh_execution,stage18-scaling-24a9adb84176,0,6,8650,91
91,s0-step8650-f4of5-d1of4,6,C6,False,1,1.0,370,,7,62,0.11290322580645161,,48085,10000,624,2,budget_exhaustion,requested_member_6_budget_exhaustion,False,fresh_execution,stage18-scaling-24a9adb84176,0,6,8650,91
92,s0-step8650-f4of5-d1of2,1,C1,True,0,0.8172918787688934,44,0.08527131782945736,0,1,0.0,,7596,7596,473,1,accepted,,False,fresh_execution,stage18-scaling-24a9adb84176,0,6,8650,92
92,s0-step8650-f4of5-d1of2,2,C2,True,0,0.813924348030386,46,0.08914728682170543,1,14,0.07142857142857142,0.07142857142857142,15162,7566,471,1,accepted,,False,fresh_execution,stage18-scaling-24a9adb84176,0,6,8650,92
92,s0-step8650-f4of5-d1of2,3,C3,True,0,0.8117315373169395,39,0.0755813953488372,11,74,0.14864864864864866,0.12765765765765766,22833,7671,478,1,accepted,,False,fresh_execution,stage18-scaling-24a9adb84176,0,6,8650,92
92,s0-step8650-f4of5-d1of2,4,C4,True,0,0.8046832171665753,42,0.08139534883720931,15,71,0.2112676056338028,0.17688306814238877,30459,7626,475,1,accepted,,False,fresh_execution,stage18-scaling-24a9adb84176,0,6,8650,92
92,s0-step8650-f4of5-d1of2,5,C5,True,0,0.8006108544130316,42,0.08139534883720931,15,71,0.2112676056338028,0.18632530476979525,38085,7626,475,1,accepted,,False,fresh_execution,stage18-scaling-24a9adb84176,0,6,8650,92
92,s0-step8650-f4of5-d1of2,6,C6,True,0,0.8035084971415146,40,0.07751937984496124,17,67,0.2537313432835821,0.1786014625575403,45741,7656,477,1,accepted,,False,fresh_execution,stage18-scaling-24a9adb84176,0,6,8650,92
92,s0-step8650-f4of5-d1of2,7,C7,False,0,1.0,250,,37,257,0.14396887159533073,,50000,4259,267,1,budget_exhaustion,requested_member_7_budget_exhaustion,False,fresh_execution,stage18-scaling-24a9adb84176,0,6,8650,92
93,s0-step8650-f4of5-d3of4,1,C1,True,0,0.8172918787688934,44,0.08527131782945736,0,1,0.0,,7596,7596,473,1,accepted,,False,fresh_execution,stage18-scaling-24a9adb84176,0,6,8650,93
93,s0-step8650-f4of5-d3of4,2,C2,True,0,0.813924348030386,46,0.08914728682170543,1,14,0.07142857142857142,0.07142857142857142,15162,7566,471,1,accepted,,False,fresh_execution,stage18-scaling-24a9adb84176,0,6,8650,93
93,s0-step8650-f4of5-d3of4,3,C3,True,0,0.8117315373169395,39,0.0755813953488372,11,74,0.14864864864864866,0.12765765765765766,22833,7671,478,1,accepted,,False,fresh_execution,stage18-scaling-24a9adb84176,0,6,8650,93
93,s0-step8650-f4of5-d3of4,4,C4,True,0,0.8046832171665753,42,0.08139534883720931,15,71,0.2112676056338028,0.17688306814238877,30459,7626,475,1,accepted,,False,fresh_execution,stage18-scaling-24a9adb84176,0,6,8650,93
93,s0-step8650-f4of5-d3of4,5,C5,True,0,0.8006108544130316,42,0.08139534883720931,15,71,0.2112676056338028,0.18632530476979525,38085,7626,475,1,accepted,,False,fresh_execution,stage18-scaling-24a9adb84176,0,6,8650,93
93,s0-step8650-f4of5-d3of4,6,C6,True,0,0.8035084971415146,40,0.07751937984496124,17,67,0.2537313432835821,0.1786014625575403,45741,7656,477,1,accepted,,False,fresh_execution,stage18-scaling-24a9adb84176,0,6,8650,93
93,s0-step8650-f4of5-d3of4,7,C7,False,0,1.0,250,,37,257,0.14396887159533073,,50000,4259,267,1,budget_exhaustion,requested_member_7_budget_exhaustion,False,fresh_execution,stage18-scaling-24a9adb84176,0,6,8650,93
94,s0-step8650-f17of20-d1of4,1,C1,True,0,0.859503485002741,48,0.09302325581395349,0,1,0.0,,7536,7536,469,1,accepted,,False,fresh_execution,stage18-scaling-24a9adb84176,0,6,8650,94
94,s0-step8650-f17of20-d1of4,2,C2,True,0,0.8589552823243793,45,0.0872093023255814,10,83,0.12048192771084337,0.12048192771084337,15117,7581,472,1,accepted,,False,fresh_execution,stage18-scaling-24a9adb84176,0,6,8650,94
94,s0-step8650-f17of20-d1of4,3,C3,True,0,0.8692928185449135,46,0.08914728682170543,5,42,0.11904761904761904,0.10771658060814687,22683,7566,471,1,accepted,,False,fresh_execution,stage18-scaling-24a9adb84176,0,6,8650,94
94,s0-step8650-f17of20-d1of4,4,C4,True,0,0.8540997728874619,46,0.08914728682170543,15,76,0.19736842105263158,0.16456996148908856,30265,7582,471,1,accepted,,False,fresh_execution,stage18-scaling-24a9adb84176,0,6,8650,94
94,s0-step8650-f17of20-d1of4,5,C5,True,0,0.8547262902341609,44,0.08527131782945736,9,37,0.24324324324324326,0.20809901237532816,37877,7612,473,1,accepted,,False,fresh_execution,stage18-scaling-24a9adb84176,0,6,8650,94
94,s0-step8650-f17of20-d1of4,6,C6,True,0,0.8609914637011512,47,0.09108527131782945,16,79,0.20253164556962025,0.18094155178598884,45428,7551,470,1,accepted,,False,fresh_execution,stage18-scaling-24a9adb84176,0,6,8650,94
94,s0-step8650-f17of20-d1of4,7,C7,False,0,1.0,231,,40,239,0.16736401673640167,,50000,4572,286,1,budget_exhaustion,requested_member_7_budget_exhaustion,False,fresh_execution,stage18-scaling-24a9adb84176,0,6,8650,94
95,s0-step8650-f17of20-d1of2,1,C1,True,0,0.859503485002741,48,0.09302325581395349,0,1,0.0,,7536,7536,469,1,accepted,,False,fresh_execution,stage18-scaling-24a9adb84176,0,6,8650,95
95,s0-step8650-f17of20-d1of2,2,C2,True,0,0.8589552823243793,45,0.0872093023255814,10,83,0.12048192771084337,0.12048192771084337,15117,7581,472,1,accepted,,False,fresh_execution,stage18-scaling-24a9adb84176,0,6,8650,95
95,s0-step8650-f17of20-d1of2,3,C3,True,0,0.8692928185449135,46,0.08914728682170543,5,42,0.11904761904761904,0.10771658060814687,22683,7566,471,1,accepted,,False,fresh_execution,stage18-scaling-24a9adb84176,0,6,8650,95
95,s0-step8650-f17of20-d1of2,4,C4,True,0,0.8540997728874619,46,0.08914728682170543,15,76,0.19736842105263158,0.16456996148908856,30265,7582,471,1,accepted,,False,fresh_execution,stage18-scaling-24a9adb84176,0,6,8650,95
95,s0-step8650-f17of20-d1of2,5,C5,True,0,0.8547262902341609,44,0.08527131782945736,9,37,0.24324324324324326,0.20809901237532816,37877,7612,473,1,accepted,,False,fresh_execution,stage18-scaling-24a9adb84176,0,6,8650,95
95,s0-step8650-f17of20-d1of2,6,C6,True,0,0.8609914637011512,47,0.09108527131782945,16,79,0.20253164556962025,0.18094155178598884,45428,7551,470,1,accepted,,False,fresh_execution,stage18-scaling-24a9adb84176,0,6,8650,95
95,s0-step8650-f17of20-d1of2,7,C7,False,0,1.0,231,,40,239,0.16736401673640167,,50000,4572,286,1,budget_exhaustion,requested_member_7_budget_exhaustion,False,fresh_execution,stage18-scaling-24a9adb84176,0,6,8650,95
96,s0-step8650-f17of20-d3of4,1,C1,True,0,0.859503485002741,48,0.09302325581395349,0,1,0.0,,7536,7536,469,1,accepted,,False,fresh_execution,stage18-scaling-24a9adb84176,0,6,8650,96
96,s0-step8650-f17of20-d3of4,2,C2,True,0,0.8589552823243793,45,0.0872093023255814,10,83,0.12048192771084337,0.12048192771084337,15117,7581,472,1,accepted,,False,fresh_execution,stage18-scaling-24a9adb84176,0,6,8650,96
96,s0-step8650-f17of20-d3of4,3,C3,True,0,0.8692928185449135,46,0.08914728682170543,5,42,0.11904761904761904,0.10771658060814687,22683,7566,471,1,accepted,,False,fresh_execution,stage18-scaling-24a9adb84176,0,6,8650,96
96,s0-step8650-f17of20-d3of4,4,C4,True,0,0.8540997728874619,46,0.08914728682170543,15,76,0.19736842105263158,0.16456996148908856,30265,7582,471,1,accepted,,False,fresh_execution,stage18-scaling-24a9adb84176,0,6,8650,96
96,s0-step8650-f17of20-d3of4,5,C5,True,0,0.8547262902341609,44,0.08527131782945736,9,37,0.24324324324324326,0.20809901237532816,37877,7612,473,1,accepted,,False,fresh_execution,stage18-scaling-24a9adb84176,0,6,8650,96
96,s0-step8650-f17of20-d3of4,6,C6,True,0,0.8609914637011512,47,0.09108527131782945,16,79,0.20253164556962025,0.18094155178598884,45428,7551,470,1,accepted,,False,fresh_execution,stage18-scaling-24a9adb84176,0,6,8650,96
96,s0-step8650-f17of20-d3of4,7,C7,False,0,1.0,231,,40,239,0.16736401673640167,,50000,4572,286,1,budget_exhaustion,requested_member_7_budget_exhaustion,False,fresh_execution,stage18-scaling-24a9adb84176,0,6,8650,96
97,s0-step8650-f9of10-d1of4,1,C1,True,0,0.9055525099851202,51,0.09883720930232558,0,1,0.0,,7491,7491,466,1,accepted,,False,fresh_execution,stage18-scaling-24a9adb84176,0,6,8650,97
97,s0-step8650-f9of10-d1of4,2,C2,True,0,0.9020283499099381,48,0.09302325581395349,1,10,0.1,0.1,15027,7536,469,1,accepted,,False,fresh_execution,stage18-scaling-24a9adb84176,0,6,8650,97
97,s0-step8650-f9of10-d1of4,3,C3,True,0,0.9027331819249745,48,0.09302325581395349,4,29,0.13793103448275862,0.11442006269592477,22563,7536,469,1,accepted,,False,fresh_execution,stage18-scaling-24a9adb84176,0,6,8650,97
97,s0-step8650-f9of10-d1of4,4,C4,True,0,0.9054741953167829,51,0.09883720930232558,3,14,0.21428571428571427,0.17671812911210996,30054,7491,466,1,accepted,,False,fresh_execution,stage18-scaling-24a9adb84176,0,6,8650,97
97,s0-step8650-f9of10-d1of4,5,C5,True,0,0.9039862166183726,48,0.09302325581395349,17,82,0.2073170731707317,0.18900126250258487,37590,7536,469,1,accepted,,False,fresh_execution,stage18-scaling-24a9adb84176,0,6,8650,97
97,s0-step8650-f9of10-d1of4,6,C6,True,0,0.9030464405983241,48,0.09302325581395349,3,13,0.23076923076923078,0.19444565838923758,45126,7536,469,1,accepted,,False,fresh_execution,stage18-scaling-24a9adb84176,0,6,8650,97
97,s0-step8650-f9of10-d1of4,7,C7,False,0,1.0,212,,7,45,0.15555555555555556,,50000,4874,305,1,budget_exhaustion,requested_member_7_budget_exhaustion,False,fresh_execution,stage18-scaling-24a9adb84176,0,6,8650,97
98,s0-step8650-f9of10-d1of2,1,C1,True,0,0.9055525099851202,51,0.09883720930232558,0,1,0.0,,7491,7491,466,1,accepted,,False,fresh_execution,stage18-scaling-24a9adb84176,0,6,8650,98
98,s0-step8650-f9of10-d1of2,2,C2,True,0,0.9020283499099381,48,0.09302325581395349,1,10,0.1,0.1,15027,7536,469,1,accepted,,False,fresh_execution,stage18-scaling-24a9adb84176,0,6,8650,98
98,s0-step8650-f9of10-d1of2,3,C3,True,0,0.9027331819249745,48,0.09302325581395349,4,29,0.13793103448275862,0.11442006269592477,22563,7536,469,1,accepted,,False,fresh_execution,stage18-scaling-24a9adb84176,0,6,8650,98
98,s0-step8650-f9of10-d1of2,4,C4,True,0,0.9054741953167829,51,0.09883720930232558,3,14,0.21428571428571427,0.17671812911210996,30054,7491,466,1,accepted,,False,fresh_execution,stage18-scaling-24a9adb84176,0,6,8650,98
98,s0-step8650-f9of10-d1of2,5,C5,True,0,0.9039862166183726,48,0.09302325581395349,17,82,0.2073170731707317,0.18900126250258487,37590,7536,469,1,accepted,,False,fresh_execution,stage18-scaling-24a9adb84176,0,6,8650,98
98,s0-step8650-f9of10-d1of2,6,C6,True,0,0.9030464405983241,48,0.09302325581395349,3,13,0.23076923076923078,0.19444565838923758,45126,7536,469,1,accepted,,False,fresh_execution,stage18-scaling-24a9adb84176,0,6,8650,98
98,s0-step8650-f9of10-d1of2,7,C7,False,0,1.0,212,,7,45,0.15555555555555556,,50000,4874,305,1,budget_exhaustion,requested_member_7_budget_exhaustion,False,fresh_execution,stage18-scaling-24a9adb84176,0,6,8650,98
99,s0-step8650-f9of10-d3of4,1,C1,True,0,0.9055525099851202,51,0.09883720930232558,0,1,0.0,,7491,7491,466,1,accepted,,False,fresh_execution,stage18-scaling-24a9adb84176,0,6,8650,99
99,s0-step8650-f9of10-d3of4,2,C2,True,0,0.9020283499099381,48,0.09302325581395349,1,10,0.1,0.1,15027,7536,469,1,accepted,,False,fresh_execution,stage18-scaling-24a9adb84176,0,6,8650,99
99,s0-step8650-f9of10-d3of4,3,C3,True,0,0.9027331819249745,48,0.09302325581395349,4,29,0.13793103448275862,0.11442006269592477,22563,7536,469,1,accepted,,False,fresh_execution,stage18-scaling-24a9adb84176,0,6,8650,99
99,s0-step8650-f9of10-d3of4,4,C4,True,0,0.9054741953167829,51,0.09883720930232558,3,14,0.21428571428571427,0.17671812911210996,30054,7491,466,1,accepted,,False,fresh_execution,stage18-scaling-24a9adb84176,0,6,8650,99
99,s0-step8650-f9of10-d3of4,5,C5,True,0,0.9039862166183726,48,0.09302325581395349,17,82,0.2073170731707317,0.18900126250258487,37590,7536,469,1,accepted,,False,fresh_execution,stage18-scaling-24a9adb84176,0,6,8650,99
99,s0-step8650-f9of10-d3of4,6,C6,True,0,0.9030464405983241,48,0.09302325581395349,3,13,0.23076923076923078,0.19444565838923758,45126,7536,469,1,accepted,,False,fresh_execution,stage18-scaling-24a9adb84176,0,6,8650,99
99,s0-step8650-f9of10-d3of4,7,C7,False,0,1.0,212,,7,45,0.15555555555555556,,50000,4874,305,1,budget_exhaustion,requested_member_7_budget_exhaustion,False,fresh_execution,stage18-scaling-24a9adb84176,0,6,8650,99
100,s0-step8650-f19of20-d1of4,1,C1,True,0,0.9526196256558853,58,0.1124031007751938,0,1,0.0,,7386,7386,459,1,accepted,,False,fresh_execution,stage18-scaling-24a9adb84176,0,6,8650,100
100,s0-step8650-f19of20-d1of4,2,C2,True,0,0.9505834442791135,57,0.11046511627906977,2,21,0.09523809523809523,0.09523809523809523,14787,7401,460,1,accepted,,False,fresh_execution,stage18-scaling-24a9adb84176,0,6,8650,100
100,s0-step8650-f19of20-d1of4,3,C3,True,0,0.9550473803743441,58,0.1124031007751938,13,102,0.12745098039215685,0.11610644257703082,22173,7386,459,1,accepted,,False,fresh_execution,stage18-scaling-24a9adb84176,0,6,8650,100
100,s0-step8650-f19of20-d1of4,4,C4,True,0,0.9571618764194534,53,0.10271317829457365,3,19,0.15789473684210525,0.14885151021884607,29634,7461,464,1,accepted,,False,fresh_execution,stage18-scaling-24a9adb84176,0,6,8650,100
100,s0-step8650-f19of20-d1of4,5,C5,True,0,0.9547341217009946,59,0.11434108527131782,19,98,0.19387755102040816,0.1470408163265306,37005,7371,458,1,accepted,,False,fresh_execution,stage18-scaling-24a9adb84176,0,6,8650,100
100,s0-step8650-f19of20-d1of4,6,C6,True,0,0.951914793640849,54,0.10465116279069768,7,30,0.23333333333333334,0.16472795971692147,44451,7446,463,1,accepted,,False,fresh_execution,stage18-scaling-24a9adb84176,0,6,8650,100
100,s0-step8650-f19of20-d1of4,7,C7,False,0,1.0,170,,7,31,0.22580645161290322,,50000,5549,347,1,budget_exhaustion,requested_member_7_budget_exhaustion,False,fresh_execution,stage18-scaling-24a9adb84176,0,6,8650,100
101,s0-step8650-f19of20-d1of2,1,C1,True,0,0.9526196256558853,58,0.1124031007751938,0,1,0.0,,7386,7386,459,1,accepted,,False,fresh_execution,stage18-scaling-24a9adb84176,0,6,8650,101
101,s0-step8650-f19of20-d1of2,2,C2,True,0,0.9505834442791135,57,0.11046511627906977,2,21,0.09523809523809523,0.09523809523809523,14787,7401,460,1,accepted,,False,fresh_execution,stage18-scaling-24a9adb84176,0,6,8650,101
101,s0-step8650-f19of20-d1of2,3,C3,True,0,0.9550473803743441,58,0.1124031007751938,13,102,0.12745098039215685,0.11610644257703082,22173,7386,459,1,accepted,,False,fresh_execution,stage18-scaling-24a9adb84176,0,6,8650,101
101,s0-step8650-f19of20-d1of2,4,C4,True,0,0.9571618764194534,53,0.10271317829457365,3,19,0.15789473684210525,0.14885151021884607,29634,7461,464,1,accepted,,False,fresh_execution,stage18-scaling-24a9adb84176,0,6,8650,101
101,s0-step8650-f19of20-d1of2,5,C5,True,0,0.9547341217009946,59,0.11434108527131782,19,98,0.19387755102040816,0.1470408163265306,37005,7371,458,1,accepted,,False,fresh_execution,stage18-scaling-24a9adb84176,0,6,8650,101
101,s0-step8650-f19of20-d1of2,6,C6,True,0,0.951914793640849,54,0.10465116279069768,7,30,0.23333333333333334,0.16472795971692147,44451,7446,463,1,accepted,,False,fresh_execution,stage18-scaling-24a9adb84176,0,6,8650,101
101,s0-step8650-f19of20-d1of2,7,C7,False,0,1.0,170,,7,31,0.22580645161290322,,50000,5549,347,1,budget_exhaustion,requested_member_7_budget_exhaustion,False,fresh_execution,stage18-scaling-24a9adb84176,0,6,8650,101
102,s0-step8650-f19of20-d3of4,1,C1,True,0,0.9526196256558853,58,0.1124031007751938,0,1,0.0,,7386,7386,459,1,accepted,,False,fresh_execution,stage18-scaling-24a9adb84176,0,6,8650,102
102,s0-step8650-f19of20-d3of4,2,C2,True,0,0.9505834442791135,57,0.11046511627906977,2,21,0.09523809523809523,0.09523809523809523,14787,7401,460,1,accepted,,False,fresh_execution,stage18-scaling-24a9adb84176,0,6,8650,102
102,s0-step8650-f19of20-d3of4,3,C3,True,0,0.9550473803743441,58,0.1124031007751938,13,102,0.12745098039215685,0.11610644257703082,22173,7386,459,1,accepted,,False,fresh_execution,stage18-scaling-24a9adb84176,0,6,8650,102
102,s0-step8650-f19of20-d3of4,4,C4,True,0,0.9571618764194534,53,0.10271317829457365,3,19,0.15789473684210525,0.14885151021884607,29634,7461,464,1,accepted,,False,fresh_execution,stage18-scaling-24a9adb84176,0,6,8650,102
102,s0-step8650-f19of20-d3of4,5,C5,True,0,0.9547341217009946,59,0.11434108527131782,19,98,0.19387755102040816,0.1470408163265306,37005,7371,458,1,accepted,,False,fresh_execution,stage18-scaling-24a9adb84176,0,6,8650,102
102,s0-step8650-f19of20-d3of4,6,C6,True,0,0.951914793640849,54,0.10465116279069768,7,30,0.23333333333333334,0.16472795971692147,44451,7446,463,1,accepted,,False,fresh_execution,stage18-scaling-24a9adb84176,0,6,8650,102
102,s0-step8650-f19of20-d3of4,7,C7,False,0,1.0,170,,7,31,0.22580645161290322,,50000,5549,347,1,budget_exhaustion,requested_member_7_budget_exhaustion,False,fresh_execution,stage18-scaling-24a9adb84176,0,6,8650,102
103,s0-step8650-f39of40-d1of4,1,C1,True,0,0.9790116688855822,65,0.12596899224806202,0,1,0.0,,7281,7281,452,1,accepted,,False,fresh_execution,stage18-scaling-24a9adb84176,0,6,8650,103
103,s0-step8650-f39of40-d1of4,2,C2,True,0,0.9788550395489075,65,0.12596899224806202,11,119,0.09243697478991597,0.09243697478991597,14562,7281,452,1,accepted,,False,fresh_execution,stage18-scaling-24a9adb84176,0,6,8650,103
103,s0-step8650-f39of40-d1of4,3,C3,True,0,0.9757224528154124,62,0.12015503875968993,18,109,0.1651376146788991,0.1253038500744923,21904,7342,455,1,accepted,,False,fresh_execution,stage18-scaling-24a9adb84176,0,6,8650,103
103,s0-step8650-f39of40-d1of4,4,C4,True,0,0.9772104315138226,63,0.12209302325581395,5,27,0.18518518518518517,0.17953155647859698,29215,7311,454,1,accepted,,False,fresh_execution,stage18-scaling-24a9adb84176,0,6,8650,103
103,s0-step8650-f39of40-d1of4,5,C5,True,0,0.9772104315138226,62,0.12015503875968993,19,106,0.1792452830188679,0.16981132075471697,36541,7326,455,1,accepted,,False,fresh_execution,stage18-scaling-24a9adb84176,0,6,8650,103
103,s0-step8650-f39of40-d1of4,6,C6,True,0,0.9757224528154124,62,0.12015503875968993,19,108,0.17592592592592593,0.13831798305482515,43867,7326,455,1,accepted,,False,fresh_execution,stage18-scaling-24a9adb84176,0,6,8650,103
103,s0-step8650-f39of40-d1of4,7,C7,False,0,0.9997650559949879,133,,1,5,0.2,,50000,6133,384,1,budget_exhaustion,requested_member_7_budget_exhaustion,False,fresh_execution,stage18-scaling-24a9adb84176,0,6,8650,103
104,s0-step8650-f39of40-d1of2,1,C1,True,0,0.9790116688855822,65,0.12596899224806202,0,1,0.0,,7281,7281,452,1,accepted,,False,fresh_execution,stage18-scaling-24a9adb84176,0,6,8650,104
104,s0-step8650-f39of40-d1of2,2,C2,True,0,0.9788550395489075,65,0.12596899224806202,11,119,0.09243697478991597,0.09243697478991597,14562,7281,452,1,accepted,,False,fresh_execution,stage18-scaling-24a9adb84176,0,6,8650,104
104,s0-step8650-f39of40-d1of2,3,C3,True,0,0.9757224528154124,62,0.12015503875968993,18,109,0.1651376146788991,0.1253038500744923,21904,7342,455,1,accepted,,False,fresh_execution,stage18-scaling-24a9adb84176,0,6,8650,104
104,s0-step8650-f39of40-d1of2,4,C4,True,0,0.9772104315138226,63,0.12209302325581395,5,27,0.18518518518518517,0.17953155647859698,29215,7311,454,1,accepted,,False,fresh_execution,stage18-scaling-24a9adb84176,0,6,8650,104
104,s0-step8650-f39of40-d1of2,5,C5,True,0,0.9772104315138226,62,0.12015503875968993,19,106,0.1792452830188679,0.16981132075471697,36541,7326,455,1,accepted,,False,fresh_execution,stage18-scaling-24a9adb84176,0,6,8650,104
104,s0-step8650-f39of40-d1of2,6,C6,True,0,0.9757224528154124,62,0.12015503875968993,19,108,0.17592592592592593,0.13831798305482515,43867,7326,455,1,accepted,,False,fresh_execution,stage18-scaling-24a9adb84176,0,6,8650,104
104,s0-step8650-f39of40-d1of2,7,C7,False,0,0.9997650559949879,133,,1,5,0.2,,50000,6133,384,1,budget_exhaustion,requested_member_7_budget_exhaustion,False,fresh_execution,stage18-scaling-24a9adb84176,0,6,8650,104
105,s0-step8650-f39of40-d3of4,1,C1,True,0,0.9790116688855822,65,0.12596899224806202,0,1,0.0,,7281,7281,452,1,accepted,,False,fresh_execution,stage18-scaling-24a9adb84176,0,6,8650,105
105,s0-step8650-f39of40-d3of4,2,C2,True,0,0.9788550395489075,65,0.12596899224806202,11,119,0.09243697478991597,0.09243697478991597,14562,7281,452,1,accepted,,False,fresh_execution,stage18-scaling-24a9adb84176,0,6,8650,105
105,s0-step8650-f39of40-d3of4,3,C3,True,0,0.9757224528154124,62,0.12015503875968993,18,109,0.1651376146788991,0.1253038500744923,21904,7342,455,1,accepted,,False,fresh_execution,stage18-scaling-24a9adb84176,0,6,8650,105
105,s0-step8650-f39of40-d3of4,4,C4,True,0,0.9772104315138226,63,0.12209302325581395,5,27,0.18518518518518517,0.17953155647859698,29215,7311,454,1,accepted,,False,fresh_execution,stage18-scaling-24a9adb84176,0,6,8650,105
105,s0-step8650-f39of40-d3of4,5,C5,True,0,0.9772104315138226,62,0.12015503875968993,19,106,0.1792452830188679,0.16981132075471697,36541,7326,455,1,accepted,,False,fresh_execution,stage18-scaling-24a9adb84176,0,6,8650,105
105,s0-step8650-f39of40-d3of4,6,C6,True,0,0.9757224528154124,62,0.12015503875968993,19,108,0.17592592592592593,0.13831798305482515,43867,7326,455,1,accepted,,False,fresh_execution,stage18-scaling-24a9adb84176,0,6,8650,105
105,s0-step8650-f39of40-d3of4,7,C7,False,0,0.9997650559949879,133,,1,5,0.2,,50000,6133,384,1,budget_exhaustion,requested_member_7_budget_exhaustion,False,fresh_execution,stage18-scaling-24a9adb84176,0,6,8650,105
106,s0-step8650-f99of100-d1of4,1,C1,True,0,0.9912287571462135,70,0.13565891472868216,0,1,0.0,,7222,7222,447,1,accepted,,False,fresh_execution,stage18-scaling-24a9adb84176,0,6,8650,106
106,s0-step8650-f99of100-d1of4,2,C2,True,0,0.9906805544678519,71,0.1375968992248062,13,128,0.1015625,0.1015625,14429,7207,446,1,accepted,,False,fresh_execution,stage18-scaling-24a9adb84176,0,6,8650,106
106,s0-step8650-f99of100-d1of4,3,C3,True,0,0.9903672957945023,76,0.14728682170542637,17,130,0.13076923076923078,0.12263652378156195,21577,7148,441,1,accepted,,False,fresh_execution,stage18-scaling-24a9adb84176,0,6,8650,106
106,s0-step8650-f99of100-d1of4,4,C4,True,0,0.9908371838045266,73,0.14147286821705427,19,124,0.1532258064516129,0.13026259262395068,28754,7177,444,1,accepted,,False,fresh_execution,stage18-scaling-24a9adb84176,0,6,8650,106
106,s0-step8650-f99of100-d1of4,5,C5,True,0,0.9902106664578275,75,0.14534883720930233,5,32,0.15625,0.15014733598641078,35885,7131,442,1,accepted,,False,fresh_execution,stage18-scaling-24a9adb84176,0,6,8650,106
106,s0-step8650-f99of100-d1of4,6,C6,True,0,0.9900540371211528,79,0.15310077519379844,28,121,0.23140495867768596,0.18347189116999868,42956,7071,438,1,accepted,,False,fresh_execution,stage18-scaling-24a9adb84176,0,6,8650,106
106,s0-step8650-f99of100-d1of4,7,C7,False,0,0.9903672957945023,76,,29,117,0.24786324786324787,,50000,7044,441,1,budget_exhaustion,requested_member_7_budget_exhaustion,False,fresh_execution,stage18-scaling-24a9adb84176,0,6,8650,106
107,s0-step8650-f99of100-d1of2,1,C1,True,0,0.9912287571462135,70,0.13565891472868216,0,1,0.0,,7222,7222,447,1,accepted,,False,fresh_execution,stage18-scaling-24a9adb84176,0,6,8650,107
107,s0-step8650-f99of100-d1of2,2,C2,True,0,0.9906805544678519,71,0.1375968992248062,13,128,0.1015625,0.1015625,14429,7207,446,1,accepted,,False,fresh_execution,stage18-scaling-24a9adb84176,0,6,8650,107
107,s0-step8650-f99of100-d1of2,3,C3,True,0,0.9903672957945023,76,0.14728682170542637,17,130,0.13076923076923078,0.12263652378156195,21577,7148,441,1,accepted,,False,fresh_execution,stage18-scaling-24a9adb84176,0,6,8650,107
107,s0-step8650-f99of100-d1of2,4,C4,True,0,0.9908371838045266,73,0.14147286821705427,19,124,0.1532258064516129,0.13026259262395068,28754,7177,444,1,accepted,,False,fresh_execution,stage18-scaling-24a9adb84176,0,6,8650,107
107,s0-step8650-f99of100-d1of2,5,C5,True,0,0.9902106664578275,75,0.14534883720930233,5,32,0.15625,0.15014733598641078,35885,7131,442,1,accepted,,False,fresh_execution,stage18-scaling-24a9adb84176,0,6,8650,107
107,s0-step8650-f99of100-d1of2,6,C6,True,0,0.9900540371211528,79,0.15310077519379844,28,121,0.23140495867768596,0.18347189116999868,42956,7071,438,1,accepted,,False,fresh_execution,stage18-scaling-24a9adb84176,0,6,8650,107
107,s0-step8650-f99of100-d1of2,7,C7,False,0,0.9903672957945023,76,,29,117,0.24786324786324787,,50000,7044,441,1,budget_exhaustion,requested_member_7_budget_exhaustion,False,fresh_execution,stage18-scaling-24a9adb84176,0,6,8650,107
108,s0-step8650-f99of100-d3of4,1,C1,True,0,0.9912287571462135,70,0.13565891472868216,0,1,0.0,,7222,7222,447,1,accepted,,False,fresh_execution,stage18-scaling-24a9adb84176,0,6,8650,108
108,s0-step8650-f99of100-d3of4,2,C2,True,0,0.9906805544678519,71,0.1375968992248062,13,128,0.1015625,0.1015625,14429,7207,446,1,accepted,,False,fresh_execution,stage18-scaling-24a9adb84176,0,6,8650,108
108,s0-step8650-f99of100-d3of4,3,C3,True,0,0.9903672957945023,76,0.14728682170542637,17,130,0.13076923076923078,0.12263652378156195,21577,7148,441,1,accepted,,False,fresh_execution,stage18-scaling-24a9adb84176,0,6,8650,108
108,s0-step8650-f99of100-d3of4,4,C4,True,0,0.9908371838045266,73,0.14147286821705427,19,124,0.1532258064516129,0.13026259262395068,28754,7177,444,1,accepted,,False,fresh_execution,stage18-scaling-24a9adb84176,0,6,8650,108
108,s0-step8650-f99of100-d3of4,5,C5,True,0,0.9902106664578275,75,0.14534883720930233,5,32,0.15625,0.15014733598641078,35885,7131,442,1,accepted,,False,fresh_execution,stage18-scaling-24a9adb84176,0,6,8650,108
108,s0-step8650-f99of100-d3of4,6,C6,True,0,0.9900540371211528,79,0.15310077519379844,28,121,0.23140495867768596,0.18347189116999868,42956,7071,438,1,accepted,,False,fresh_execution,stage18-scaling-24a9adb84176,0,6,8650,108
108,s0-step8650-f99of100-d3of4,7,C7,False,0,0.9903672957945023,76,,29,117,0.24786324786324787,,50000,7044,441,1,budget_exhaustion,requested_member_7_budget_exhaustion,False,fresh_execution,stage18-scaling-24a9adb84176,0,6,8650,108
109,s0-step9050-f4of5-d1of4,1,C1,True,0,0.8102435586185293,50,0.09689922480620156,0,1,0.0,,7506,7506,467,1,accepted,,False,fresh_execution,stage18-scaling-24a9adb84176,0,7,9050,109
109,s0-step9050-f4of5-d1of4,2,C2,True,0,0.8020205184431044,45,0.0872093023255814,13,82,0.15853658536585366,0.15853658536585366,15087,7581,472,1,accepted,,False,fresh_execution,stage18-scaling-24a9adb84176,0,7,9050,109
109,s0-step9050-f4of5-d1of4,3,C3,True,0,0.8001409664030072,49,0.09496124031007752,14,85,0.16470588235294117,0.14861800141743445,22608,7521,468,1,accepted,,False,fresh_execution,stage18-scaling-24a9adb84176,0,7,9050,109
109,s0-step9050-f4of5-d1of4,4,C4,False,1,1.0,362,,21,185,0.11351351351351352,,32608,10000,623,2,budget_exhaustion,requested_member_4_budget_exhaustion,False,fresh_execution,stage18-scaling-24a9adb84176,0,7,9050,109
110,s0-step9050-f4of5-d1of2,1,C1,True,0,0.8102435586185293,50,0.09689922480620156,0,1,0.0,,7506,7506,467,1,accepted,,False,fresh_execution,stage18-scaling-24a9adb84176,0,7,9050,110
110,s0-step9050-f4of5-d1of2,2,C2,True,0,0.8020205184431044,45,0.0872093023255814,13,82,0.15853658536585366,0.15853658536585366,15087,7581,472,1,accepted,,False,fresh_execution,stage18-scaling-24a9adb84176,0,7,9050,110
110,s0-step9050-f4of5-d1of2,3,C3,True,0,0.8001409664030072,49,0.09496124031007752,14,85,0.16470588235294117,0.14861800141743445,22608,7521,468,1,accepted,,False,fresh_execution,stage18-scaling-24a9adb84176,0,7,9050,110
110,s0-step9050-f4of5-d1of2,4,C4,True,0,0.8090688385934686,49,0.09496124031007752,7,26,0.2692307692307692,0.18498168498168496,30129,7521,468,1,accepted,,False,fresh_execution,stage18-scaling-24a9adb84176,0,7,9050,110
110,s0-step9050-f4of5-d1of2,5,C5,True,0,0.8103218732868667,47,0.09108527131782945,17,80,0.2125,0.15882831155507937,37680,7551,470,1,accepted,,False,fresh_execution,stage18-scaling-24a9adb84176,0,7,9050,110
110,s0-step9050-f4of5-d1of2,6,C6,True,0,0.8051531051765995,48,0.09302325581395349,23,75,0.30666666666666664,0.2290293930295054,45216,7536,469,1,accepted,,False,fresh_execution,stage18-scaling-24a9adb84176,0,7,9050,110
110,s0-step9050-f4of5-d1of2,7,C7,False,0,1.0,217,,12,77,0.15584415584415584,,50000,4784,299,1,budget_exhaustion,requested_member_7_budget_exhaustion,False,fresh_execution,stage18-scaling-24a9adb84176,0,7,9050,110
111,s0-step9050-f4of5-d3of4,1,C1,True,0,0.8102435586185293,50,0.09689922480620156,0,1,0.0,,7506,7506,467,1,accepted,,False,fresh_execution,stage18-scaling-24a9adb84176,0,7,9050,111
111,s0-step9050-f4of5-d3of4,2,C2,True,0,0.8020205184431044,45,0.0872093023255814,13,82,0.15853658536585366,0.15853658536585366,15087,7581,472,1,accepted,,False,fresh_execution,stage18-scaling-24a9adb84176,0,7,9050,111
111,s0-step9050-f4of5-d3of4,3,C3,True,0,0.8001409664030072,49,0.09496124031007752,14,85,0.16470588235294117,0.14861800141743445,22608,7521,468,1,accepted,,False,fresh_execution,stage18-scaling-24a9adb84176,0,7,9050,111
111,s0-step9050-f4of5-d3of4,4,C4,True,0,0.8090688385934686,49,0.09496124031007752,7,26,0.2692307692307692,0.18498168498168496,30129,7521,468,1,accepted,,False,fresh_execution,stage18-scaling-24a9adb84176,0,7,9050,111
111,s0-step9050-f4of5-d3of4,5,C5,True,0,0.8103218732868667,47,0.09108527131782945,17,80,0.2125,0.15882831155507937,37680,7551,470,1,accepted,,False,fresh_execution,stage18-scaling-24a9adb84176,0,7,9050,111
111,s0-step9050-f4of5-d3of4,6,C6,True,0,0.8051531051765995,48,0.09302325581395349,23,75,0.30666666666666664,0.2290293930295054,45216,7536,469,1,accepted,,False,fresh_execution,stage18-scaling-24a9adb84176,0,7,9050,111
111,s0-step9050-f4of5-d3of4,7,C7,False,0,1.0,217,,12,77,0.15584415584415584,,50000,4784,299,1,budget_exhaustion,requested_member_7_budget_exhaustion,False,fresh_execution,stage18-scaling-24a9adb84176,0,7,9050,111
112,s0-step9050-f17of20-d1of4,1,C1,True,0,0.8512804448273161,53,0.10271317829457365,0,1,0.0,,7461,7461,464,1,accepted,,False,fresh_execution,stage18-scaling-24a9adb84176,0,7,9050,112
112,s0-step9050-f17of20-d1of4,2,C2,True,0,0.858250450309343,47,0.09108527131782945,9,91,0.0989010989010989,0.0989010989010989,15012,7551,470,1,accepted,,False,fresh_execution,stage18-scaling-24a9adb84176,0,7,9050,112
112,s0-step9050-f17of20-d1of4,3,C3,True,0,0.8521419061790273,53,0.10271317829457365,8,45,0.17777777777777778,0.14444444444444443,22473,7461,464,1,accepted,,False,fresh_execution,stage18-scaling-24a9adb84176,0,7,9050,112
112,s0-step9050-f17of20-d1of4,4,C4,True,0,0.8547262902341609,52,0.10077519379844961,1,4,0.25,0.17222222222222222,29949,7476,465,1,accepted,,False,fresh_execution,stage18-scaling-24a9adb84176,0,7,9050,112
112,s0-step9050-f17of20-d1of4,5,C5,False,1,1.0,356,,38,371,0.10242587601078167,,39949,10000,623,2,budget_exhaustion,requested_member_5_budget_exhaustion,False,fresh_execution,stage18-scaling-24a9adb84176,0,7,9050,112
113,s0-step9050-f17of20-d1of2,1,C1,True,0,0.8512804448273161,53,0.10271317829457365,0,1,0.0,,7461,7461,464,1,accepted,,False,fresh_execution,stage18-scaling-24a9adb84176,0,7,9050,113
113,s0-step9050-f17of20-d1of2,2,C2,True,0,0.858250450309343,47,0.09108527131782945,9,91,0.0989010989010989,0.0989010989010989,15012,7551,470,1,accepted,,False,fresh_execution,stage18-scaling-24a9adb84176,0,7,9050,113
113,s0-step9050-f17of20-d1of2,3,C3,True,0,0.8521419061790273,53,0.10271317829457365,8,45,0.17777777777777778,0.14444444444444443,22473,7461,464,1,accepted,,False,fresh_execution,stage18-scaling-24a9adb84176,0,7,9050,113
113,s0-step9050-f17of20-d1of2,4,C4,True,0,0.8547262902341609,52,0.10077519379844961,1,4,0.25,0.17222222222222222,29949,7476,465,1,accepted,,False,fresh_execution,stage18-scaling-24a9adb84176,0,7,9050,113
113,s0-step9050-f17of20-d1of2,5,C5,True,0,0.8529250528624012,55,0.1065891472868217,1,3,0.3333333333333333,0.1985354480035331,37380,7431,462,1,accepted,,False,fresh_execution,stage18-scaling-24a9adb84176,0,7,9050,113
113,s0-step9050-f17of20-d1of2,6,C6,True,0,0.8551961782441851,51,0.09883720930232558,23,81,0.2839506172839506,0.19074213012047334,44871,7491,466,1,accepted,,False,fresh_execution,stage18-scaling-24a9adb84176,0,7,9050,113
113,s0-step9050-f17of20-d1of2,7,C7,False,0,1.0,196,,11,72,0.1527777777777778,,50000,5129,321,1,budget_exhaustion,requested_member_7_budget_exhaustion,False,fresh_execution,stage18-scaling-24a9adb84176,0,7,9050,113
114,s0-step9050-f17of20-d3of4,1,C1,True,0,0.8512804448273161,53,0.10271317829457365,0,1,0.0,,7461,7461,464,1,accepted,,False,fresh_execution,stage18-scaling-24a9adb84176,0,7,9050,114
114,s0-step9050-f17of20-d3of4,2,C2,True,0,0.858250450309343,47,0.09108527131782945,9,91,0.0989010989010989,0.0989010989010989,15012,7551,470,1,accepted,,False,fresh_execution,stage18-scaling-24a9adb84176,0,7,9050,114
114,s0-step9050-f17of20-d3of4,3,C3,True,0,0.8521419061790273,53,0.10271317829457365,8,45,0.17777777777777778,0.14444444444444443,22473,7461,464,1,accepted,,False,fresh_execution,stage18-scaling-24a9adb84176,0,7,9050,114
114,s0-step9050-f17of20-d3of4,4,C4,True,0,0.8547262902341609,52,0.10077519379844961,1,4,0.25,0.17222222222222222,29949,7476,465,1,accepted,,False,fresh_execution,stage18-scaling-24a9adb84176,0,7,9050,114
114,s0-step9050-f17of20-d3of4,5,C5,True,0,0.8529250528624012,55,0.1065891472868217,1,3,0.3333333333333333,0.1985354480035331,37380,7431,462,1,accepted,,False,fresh_execution,stage18-scaling-24a9adb84176,0,7,9050,114
114,s0-step9050-f17of20-d3of4,6,C6,True,0,0.8551961782441851,51,0.09883720930232558,23,81,0.2839506172839506,0.19074213012047334,44871,7491,466,1,accepted,,False,fresh_execution,stage18-scaling-24a9adb84176,0,7,9050,114
114,s0-step9050-f17of20-d3of4,7,C7,False,0,1.0,196,,11,72,0.1527777777777778,,50000,5129,321,1,budget_exhaustion,requested_member_7_budget_exhaustion,False,fresh_execution,stage18-scaling-24a9adb84176,0,7,9050,114
115,s0-step9050-f9of10-d1of4,1,C1,True,0,0.9045344192967343,57,0.11046511627906977,0,1,0.0,,7401,7401,460,1,accepted,,False,fresh_execution,stage18-scaling-24a9adb84176,0,7,9050,115
115,s0-step9050-f9of10-d1of4,2,C2,True,0,0.9003837418748531,56,0.10852713178294573,15,98,0.15306122448979592,0.15306122448979592,14833,7432,461,1,accepted,,False,fresh_execution,stage18-scaling-24a9adb84176,0,7,9050,115
115,s0-step9050-f9of10-d1of4,3,C3,True,0,0.9000704832015036,51,0.09883720930232558,5,31,0.16129032258064516,0.15591397849462366,22324,7491,466,1,accepted,,False,fresh_execution,stage18-scaling-24a9adb84176,0,7,9050,115
115,s0-step9050-f9of10-d1of4,4,C4,True,0,0.9068055446785183,55,0.1065891472868217,19,93,0.20430107526881722,0.1708356913789851,29755,7431,462,1,accepted,,False,fresh_execution,stage18-scaling-24a9adb84176,0,7,9050,115
115,s0-step9050-f9of10-d1of4,5,C5,True,0,0.9032813846033362,51,0.09883720930232558,7,29,0.2413793103448276,0.18225262368815592,37262,7507,466,1,accepted,,False,fresh_execution,stage18-scaling-24a9adb84176,0,7,9050,115
115,s0-step9050-f9of10-d1of4,6,C6,True,0,0.9019500352416008,58,0.1124031007751938,22,93,0.23655913978494625,0.1557011037061013,44648,7386,459,1,accepted,,False,fresh_execution,stage18-scaling-24a9adb84176,0,7,9050,115
115,s0-step9050-f9of10-d1of4,7,C7,False,0,1.0,182,,40,199,0.20100502512562815,,50000,5352,335,1,budget_exhaustion,requested_member_7_budget_exhaustion,False,fresh_execution,stage18-scaling-24a9adb84176,0,7,9050,115
116,s0-step9050-f9of10-d1of2,1,C1,True,0,0.9045344192967343,57,0.11046511627906977,0,1,0.0,,7401,7401,460,1,accepted,,False,fresh_execution,stage18-scaling-24a9adb84176,0,7,9050,116
116,s0-step9050-f9of10-d1of2,2,C2,True,0,0.9003837418748531,56,0.10852713178294573,15,98,0.15306122448979592,0.15306122448979592,14833,7432,461,1,accepted,,False,fresh_execution,stage18-scaling-24a9adb84176,0,7,9050,116
116,s0-step9050-f9of10-d1of2,3,C3,True,0,0.9000704832015036,51,0.09883720930232558,5,31,0.16129032258064516,0.15591397849462366,22324,7491,466,1,accepted,,False,fresh_execution,stage18-scaling-24a9adb84176,0,7,9050,116
116,s0-step9050-f9of10-d1of2,4,C4,True,0,0.9068055446785183,55,0.1065891472868217,19,93,0.20430107526881722,0.1708356913789851,29755,7431,462,1,accepted,,False,fresh_execution,stage18-scaling-24a9adb84176,0,7,9050,116
116,s0-step9050-f9of10-d1of2,5,C5,True,0,0.9032813846033362,51,0.09883720930232558,7,29,0.2413793103448276,0.18225262368815592,37262,7507,466,1,accepted,,False,fresh_execution,stage18-scaling-24a9adb84176,0,7,9050,116
116,s0-step9050-f9of10-d1of2,6,C6,True,0,0.9019500352416008,58,0.1124031007751938,22,93,0.23655913978494625,0.1557011037061013,44648,7386,459,1,accepted,,False,fresh_execution,stage18-scaling-24a9adb84176,0,7,9050,116
116,s0-step9050-f9of10-d1of2,7,C7,False,0,1.0,182,,40,199,0.20100502512562815,,50000,5352,335,1,budget_exhaustion,requested_member_7_budget_exhaustion,False,fresh_execution,stage18-scaling-24a9adb84176,0,7,9050,116
117,s0-step9050-f9of10-d3of4,1,C1,True,0,0.9045344192967343,57,0.11046511627906977,0,1,0.0,,7401,7401,460,1,accepted,,False,fresh_execution,stage18-scaling-24a9adb84176,0,7,9050,117
117,s0-step9050-f9of10-d3of4,2,C2,True,0,0.9003837418748531,56,0.10852713178294573,15,98,0.15306122448979592,0.15306122448979592,14833,7432,461,1,accepted,,False,fresh_execution,stage18-scaling-24a9adb84176,0,7,9050,117
117,s0-step9050-f9of10-d3of4,3,C3,True,0,0.9000704832015036,51,0.09883720930232558,5,31,0.16129032258064516,0.15591397849462366,22324,7491,466,1,accepted,,False,fresh_execution,stage18-scaling-24a9adb84176,0,7,9050,117
117,s0-step9050-f9of10-d3of4,4,C4,True,0,0.9068055446785183,55,0.1065891472868217,19,93,0.20430107526881722,0.1708356913789851,29755,7431,462,1,accepted,,False,fresh_execution,stage18-scaling-24a9adb84176,0,7,9050,117
117,s0-step9050-f9of10-d3of4,5,C5,True,0,0.9032813846033362,51,0.09883720930232558,7,29,0.2413793103448276,0.18225262368815592,37262,7507,466,1,accepted,,False,fresh_execution,stage18-scaling-24a9adb84176,0,7,9050,117
117,s0-step9050-f9of10-d3of4,6,C6,True,0,0.9019500352416008,58,0.1124031007751938,22,93,0.23655913978494625,0.1557011037061013,44648,7386,459,1,accepted,,False,fresh_execution,stage18-scaling-24a9adb84176,0,7,9050,117
117,s0-step9050-f9of10-d3of4,7,C7,False,0,1.0,182,,40,199,0.20100502512562815,,50000,5352,335,1,budget_exhaustion,requested_member_7_budget_exhaustion,False,fresh_execution,stage18-scaling-24a9adb84176,0,7,9050,117
118,s0-step9050-f19of20-d1of4,1,C1,True,0,0.9526196256558853,70,0.13565891472868216,0,1,0.0,,7206,7206,447,1,accepted,,False,fresh_execution,stage18-scaling-24a9adb84176,0,7,9050,118
118,s0-step9050-f19of20-d1of4,2,C2,True,0,0.9509750176208004,49,0.09496124031007752,8,111,0.07207207207207207,0.07207207207207207,14727,7521,468,1,accepted,,False,fresh_execution,stage18-scaling-24a9adb84176,0,7,9050,118
118,s0-step9050-f19of20-d1of4,3,C3,True,0,0.9534810870075965,55,0.1065891472868217,16,109,0.14678899082568808,0.12658598477454616,22158,7431,462,1,accepted,,False,fresh_execution,stage18-scaling-24a9adb84176,0,7,9050,118
118,s0-step9050-f19of20-d1of4,4,C4,True,0,0.9522280523141985,65,0.12596899224806202,7,38,0.18421052631578946,0.13403925131058497,29439,7281,452,1,accepted,,False,fresh_execution,stage18-scaling-24a9adb84176,0,7,9050,118
118,s0-step9050-f19of20-d1of4,5,C5,False,1,1.0,350,,17,123,0.13821138211382114,,39439,10000,623,2,budget_exhaustion,requested_member_5_budget_exhaustion,False,fresh_execution,stage18-scaling-24a9adb84176,0,7,9050,118
119,s0-step9050-f19of20-d1of2,1,C1,True,0,0.9526196256558853,70,0.13565891472868216,0,1,0.0,,7206,7206,447,1,accepted,,False,fresh_execution,stage18-scaling-24a9adb84176,0,7,9050,119
119,s0-step9050-f19of20-d1of2,2,C2,True,0,0.9509750176208004,49,0.09496124031007752,8,111,0.07207207207207207,0.07207207207207207,14727,7521,468,1,accepted,,False,fresh_execution,stage18-scaling-24a9adb84176,0,7,9050,119
119,s0-step9050-f19of20-d1of2,3,C3,True,0,0.9534810870075965,55,0.1065891472868217,16,109,0.14678899082568808,0.12658598477454616,22158,7431,462,1,accepted,,False,fresh_execution,stage18-scaling-24a9adb84176,0,7,9050,119
119,s0-step9050-f19of20-d1of2,4,C4,True,0,0.9522280523141985,65,0.12596899224806202,7,38,0.18421052631578946,0.13403925131058497,29439,7281,452,1,accepted,,False,fresh_execution,stage18-scaling-24a9adb84176,0,7,9050,119
119,s0-step9050-f19of20-d1of2,5,C5,True,0,0.9508183882841256,61,0.1182170542635659,27,104,0.25961538461538464,0.15509810829850723,36780,7341,456,1,accepted,,False,fresh_execution,stage18-scaling-24a9adb84176,0,7,9050,119
119,s0-step9050-f19of20-d1of2,6,C6,True,0,0.9522280523141985,69,0.13372093023255813,21,118,0.17796610169491525,0.13677342395506487,44001,7221,448,1,accepted,,False,fresh_execution,stage18-scaling-24a9adb84176,0,7,9050,119
119,s0-step9050-f19of20-d1of2,7,C7,False,0,1.0,142,,43,169,0.25443786982248523,,50000,5999,375,1,budget_exhaustion,requested_member_7_budget_exhaustion,False,fresh_execution,stage18-scaling-24a9adb84176,0,7,9050,119
120,s0-step9050-f19of20-d3of4,1,C1,True,0,0.9526196256558853,70,0.13565891472868216,0,1,0.0,,7206,7206,447,1,accepted,,False,fresh_execution,stage18-scaling-24a9adb84176,0,7,9050,120
120,s0-step9050-f19of20-d3of4,2,C2,True,0,0.9509750176208004,49,0.09496124031007752,8,111,0.07207207207207207,0.07207207207207207,14727,7521,468,1,accepted,,False,fresh_execution,stage18-scaling-24a9adb84176,0,7,9050,120
120,s0-step9050-f19of20-d3of4,3,C3,True,0,0.9534810870075965,55,0.1065891472868217,16,109,0.14678899082568808,0.12658598477454616,22158,7431,462,1,accepted,,False,fresh_execution,stage18-scaling-24a9adb84176,0,7,9050,120
120,s0-step9050-f19of20-d3of4,4,C4,True,0,0.9522280523141985,65,0.12596899224806202,7,38,0.18421052631578946,0.13403925131058497,29439,7281,452,1,accepted,,False,fresh_execution,stage18-scaling-24a9adb84176,0,7,9050,120
120,s0-step9050-f19of20-d3of4,5,C5,True,0,0.9508183882841256,61,0.1182170542635659,27,104,0.25961538461538464,0.15509810829850723,36780,7341,456,1,accepted,,False,fresh_execution,stage18-scaling-24a9adb84176,0,7,9050,120
120,s0-step9050-f19of20-d3of4,6,C6,True,0,0.9522280523141985,69,0.13372093023255813,21,118,0.17796610169491525,0.13677342395506487,44001,7221,448,1,accepted,,False,fresh_execution,stage18-scaling-24a9adb84176,0,7,9050,120
120,s0-step9050-f19of20-d3of4,7,C7,False,0,1.0,142,,43,169,0.25443786982248523,,50000,5999,375,1,budget_exhaustion,requested_member_7_budget_exhaustion,False,fresh_execution,stage18-scaling-24a9adb84176,0,7,9050,120
121,s0-step9050-f39of40-d1of4,1,C1,True,0,0.975252564805388,76,0.14728682170542637,0,1,0.0,,7132,7132,441,1,accepted,,False,fresh_execution,stage18-scaling-24a9adb84176,0,7,9050,121
121,s0-step9050-f39of40-d1of4,2,C2,True,0,0.979559871563944,61,0.1182170542635659,14,123,0.11382113821138211,0.11382113821138211,14473,7341,456,1,accepted,,False,fresh_execution,stage18-scaling-24a9adb84176,0,7,9050,121
121,s0-step9050-f39of40-d1of4,3,C3,True,0,0.9783851515388833,64,0.12403100775193798,19,121,0.15702479338842976,0.14669421487603307,21785,7312,453,1,accepted,,False,fresh_execution,stage18-scaling-24a9adb84176,0,7,9050,121
121,s0-step9050-f39of40-d1of4,4,C4,True,0,0.9775236901871721,64,0.12403100775193798,5,23,0.21739130434782608,0.14554315762472747,29081,7296,453,1,accepted,,False,fresh_execution,stage18-scaling-24a9adb84176,0,7,9050,121
121,s0-step9050-f39of40-d1of4,5,C5,True,0,0.9768971728404731,72,0.13953488372093023,13,61,0.21311475409836064,0.1312202476619063,36257,7176,445,1,accepted,,False,fresh_execution,stage18-scaling-24a9adb84176,0,7,9050,121
121,s0-step9050-f39of40-d1of4,6,C6,True,0,0.9754091941420628,70,0.13565891472868216,27,119,0.226890756302521,0.16951293046181265,43463,7206,447,1,accepted,,False,fresh_execution,stage18-scaling-24a9adb84176,0,7,9050,121
121,s0-step9050-f39of40-d1of4,7,C7,False,0,0.9982770772965777,108,,21,71,0.29577464788732394,,50000,6537,409,1,budget_exhaustion,requested_member_7_budget_exhaustion,False,fresh_execution,stage18-scaling-24a9adb84176,0,7,9050,121
122,s0-step9050-f39of40-d1of2,1,C1,True,0,0.975252564805388,76,0.14728682170542637,0,1,0.0,,7132,7132,441,1,accepted,,False,fresh_execution,stage18-scaling-24a9adb84176,0,7,9050,122
122,s0-step9050-f39of40-d1of2,2,C2,True,0,0.979559871563944,61,0.1182170542635659,14,123,0.11382113821138211,0.11382113821138211,14473,7341,456,1,accepted,,False,fresh_execution,stage18-scaling-24a9adb84176,0,7,9050,122
122,s0-step9050-f39of40-d1of2,3,C3,True,0,0.9783851515388833,64,0.12403100775193798,19,121,0.15702479338842976,0.14669421487603307,21785,7312,453,1,accepted,,False,fresh_execution,stage18-scaling-24a9adb84176,0,7,9050,122
122,s0-step9050-f39of40-d1of2,4,C4,True,0,0.9775236901871721,64,0.12403100775193798,5,23,0.21739130434782608,0.14554315762472747,29081,7296,453,1,accepted,,False,fresh_execution,stage18-scaling-24a9adb84176,0,7,9050,122
122,s0-step9050-f39of40-d1of2,5,C5,True,0,0.9768971728404731,72,0.13953488372093023,13,61,0.21311475409836064,0.1312202476619063,36257,7176,445,1,accepted,,False,fresh_execution,stage18-scaling-24a9adb84176,0,7,9050,122
122,s0-step9050-f39of40-d1of2,6,C6,True,0,0.9754091941420628,70,0.13565891472868216,27,119,0.226890756302521,0.16951293046181265,43463,7206,447,1,accepted,,False,fresh_execution,stage18-scaling-24a9adb84176,0,7,9050,122
122,s0-step9050-f39of40-d1of2,7,C7,False,0,0.9982770772965777,108,,21,71,0.29577464788732394,,50000,6537,409,1,budget_exhaustion,requested_member_7_budget_exhaustion,False,fresh_execution,stage18-scaling-24a9adb84176,0,7,9050,122
123,s0-step9050-f39of40-d3of4,1,C1,True,0,0.975252564805388,76,0.14728682170542637,0,1,0.0,,7132,7132,441,1,accepted,,False,fresh_execution,stage18-scaling-24a9adb84176,0,7,9050,123
123,s0-step9050-f39of40-d3of4,2,C2,True,0,0.979559871563944,61,0.1182170542635659,14,123,0.11382113821138211,0.11382113821138211,14473,7341,456,1,accepted,,False,fresh_execution,stage18-scaling-24a9adb84176,0,7,9050,123
123,s0-step9050-f39of40-d3of4,3,C3,True,0,0.9783851515388833,64,0.12403100775193798,19,121,0.15702479338842976,0.14669421487603307,21785,7312,453,1,accepted,,False,fresh_execution,stage18-scaling-24a9adb84176,0,7,9050,123
123,s0-step9050-f39of40-d3of4,4,C4,True,0,0.9775236901871721,64,0.12403100775193798,5,23,0.21739130434782608,0.14554315762472747,29081,7296,453,1,accepted,,False,fresh_execution,stage18-scaling-24a9adb84176,0,7,9050,123
123,s0-step9050-f39of40-d3of4,5,C5,True,0,0.9768971728404731,72,0.13953488372093023,13,61,0.21311475409836064,0.1312202476619063,36257,7176,445,1,accepted,,False,fresh_execution,stage18-scaling-24a9adb84176,0,7,9050,123
123,s0-step9050-f39of40-d3of4,6,C6,True,0,0.9754091941420628,70,0.13565891472868216,27,119,0.226890756302521,0.16951293046181265,43463,7206,447,1,accepted,,False,fresh_execution,stage18-scaling-24a9adb84176,0,7,9050,123
123,s0-step9050-f39of40-d3of4,7,C7,False,0,0.9982770772965777,108,,21,71,0.29577464788732394,,50000,6537,409,1,budget_exhaustion,requested_member_7_budget_exhaustion,False,fresh_execution,stage18-scaling-24a9adb84176,0,7,9050,123
124,s0-step9050-f99of100-d1of4,1,C1,True,0,0.9913070718145509,84,0.16279069767441862,0,1,0.0,,6996,6996,433,1,accepted,,False,fresh_execution,stage18-scaling-24a9adb84176,0,7,9050,124
124,s0-step9050-f99of100-d1of4,2,C2,True,0,0.9917769598245751,66,0.12790697674418605,13,137,0.0948905109489051,0.0948905109489051,14262,7266,451,1,accepted,,False,fresh_execution,stage18-scaling-24a9adb84176,0,7,9050,124
124,s0-step9050-f99of100-d1of4,3,C3,True,0,0.9911504424778761,72,0.13953488372093023,5,34,0.14705882352941177,0.13450502152080346,21454,7192,445,1,accepted,,False,fresh_execution,stage18-scaling-24a9adb84176,0,7,9050,124
124,s0-step9050-f99of100-d1of4,4,C4,True,0,0.9902106664578275,73,0.14147286821705427,26,131,0.1984732824427481,0.14195263260912117,28647,7193,444,1,accepted,,False,fresh_execution,stage18-scaling-24a9adb84176,0,7,9050,124
124,s0-step9050-f99of100-d1of4,5,C5,True,0,0.9906022397995145,70,0.13565891472868216,12,65,0.18461538461538463,0.15914857500223353,35853,7206,447,1,accepted,,False,fresh_execution,stage18-scaling-24a9adb84176,0,7,9050,124
124,s0-step9050-f99of100-d1of4,6,C6,False,1,1.0,346,,28,187,0.1497326203208556,,45853,10000,621,2,budget_exhaustion,requested_member_6_budget_exhaustion,False,fresh_execution,stage18-scaling-24a9adb84176,0,7,9050,124
125,s0-step9050-f99of100-d1of2,1,C1,True,0,0.9913070718145509,84,0.16279069767441862,0,1,0.0,,6996,6996,433,1,accepted,,False,fresh_execution,stage18-scaling-24a9adb84176,0,7,9050,125
125,s0-step9050-f99of100-d1of2,2,C2,True,0,0.9917769598245751,66,0.12790697674418605,13,137,0.0948905109489051,0.0948905109489051,14262,7266,451,1,accepted,,False,fresh_execution,stage18-scaling-24a9adb84176,0,7,9050,125
125,s0-step9050-f99of100-d1of2,3,C3,True,0,0.9911504424778761,72,0.13953488372093023,5,34,0.14705882352941177,0.13450502152080346,21454,7192,445,1,accepted,,False,fresh_execution,stage18-scaling-24a9adb84176,0,7,9050,125
125,s0-step9050-f99of100-d1of2,4,C4,True,0,0.9902106664578275,73,0.14147286821705427,26,131,0.1984732824427481,0.14195263260912117,28647,7193,444,1,accepted,,False,fresh_execution,stage18-scaling-24a9adb84176,0,7,9050,125
125,s0-step9050-f99of100-d1of2,5,C5,True,0,0.9906022397995145,70,0.13565891472868216,12,65,0.18461538461538463,0.15914857500223353,35853,7206,447,1,accepted,,False,fresh_execution,stage18-scaling-24a9adb84176,0,7,9050,125
125,s0-step9050-f99of100-d1of2,6,C6,True,0,0.9906805544678519,67,0.1298449612403101,33,118,0.2796610169491525,0.18253066886297628,43120,7267,450,1,accepted,,False,fresh_execution,stage18-scaling-24a9adb84176,0,7,9050,125
125,s0-step9050-f99of100-d1of2,7,C7,False,0,0.9957710079097815,86,,33,137,0.24087591240875914,,50000,6880,430,1,budget_exhaustion,requested_member_7_budget_exhaustion,False,fresh_execution,stage18-scaling-24a9adb84176,0,7,9050,125
126,s0-step9050-f99of100-d3of4,1,C1,True,0,0.9913070718145509,84,0.16279069767441862,0,1,0.0,,6996,6996,433,1,accepted,,False,fresh_execution,stage18-scaling-24a9adb84176,0,7,9050,126
126,s0-step9050-f99of100-d3of4,2,C2,True,0,0.9917769598245751,66,0.12790697674418605,13,137,0.0948905109489051,0.0948905109489051,14262,7266,451,1,accepted,,False,fresh_execution,stage18-scaling-24a9adb84176,0,7,9050,126
126,s0-step9050-f99of100-d3of4,3,C3,True,0,0.9911504424778761,72,0.13953488372093023,5,34,0.14705882352941177,0.13450502152080346,21454,7192,445,1,accepted,,False,fresh_execution,stage18-scaling-24a9adb84176,0,7,9050,126
126,s0-step9050-f99of100-d3of4,4,C4,True,0,0.9902106664578275,73,0.14147286821705427,26,131,0.1984732824427481,0.14195263260912117,28647,7193,444,1,accepted,,False,fresh_execution,stage18-scaling-24a9adb84176,0,7,9050,126
126,s0-step9050-f99of100-d3of4,5,C5,True,0,0.9906022397995145,70,0.13565891472868216,12,65,0.18461538461538463,0.15914857500223353,35853,7206,447,1,accepted,,False,fresh_execution,stage18-scaling-24a9adb84176,0,7,9050,126
126,s0-step9050-f99of100-d3of4,6,C6,True,0,0.9906805544678519,67,0.1298449612403101,33,118,0.2796610169491525,0.18253066886297628,43120,7267,450,1,accepted,,False,fresh_execution,stage18-scaling-24a9adb84176,0,7,9050,126
126,s0-step9050-f99of100-d3of4,7,C7,False,0,0.9957710079097815,86,,33,137,0.24087591240875914,,50000,6880,430,1,budget_exhaustion,requested_member_7_budget_exhaustion,False,fresh_execution,stage18-scaling-24a9adb84176,0,7,9050,126
127,s1-step200-f4of5-d1of4,1,C1,False,0,0.80006265173467,496,,0,1,0.0,,1424,1424,21,1,sparsity_failure,requested_member_1_sparsity_failure,False,fresh_execution,stage18-scaling-24a9adb84176,1,1,200,127
128,s1-step200-f4of5-d1of2,1,C1,False,0,0.80006265173467,496,,0,1,0.0,,1424,1424,21,1,sparsity_failure,requested_member_1_sparsity_failure,False,fresh_execution,stage18-scaling-24a9adb84176,1,1,200,128
129,s1-step200-f4of5-d3of4,1,C1,False,0,0.80006265173467,496,,0,1,0.0,,1424,1424,21,1,sparsity_failure,requested_member_1_sparsity_failure,False,fresh_execution,stage18-scaling-24a9adb84176,1,1,200,129
130,s1-step200-f17of20-d1of4,1,C1,False,0,0.8501057248022554,504,,0,1,0.0,,1416,1416,13,1,sparsity_failure,requested_member_1_sparsity_failure,False,fresh_execution,stage18-scaling-24a9adb84176,1,1,200,130
131,s1-step200-f17of20-d1of2,1,C1,False,0,0.8501057248022554,504,,0,1,0.0,,1416,1416,13,1,sparsity_failure,requested_member_1_sparsity_failure,False,fresh_execution,stage18-scaling-24a9adb84176,1,1,200,131
132,s1-step200-f17of20-d3of4,1,C1,False,0,0.8501057248022554,504,,0,1,0.0,,1416,1416,13,1,sparsity_failure,requested_member_1_sparsity_failure,False,fresh_execution,stage18-scaling-24a9adb84176,1,1,200,132
133,s1-step200-f9of10-d1of4,1,C1,False,0,0.9002271125381784,509,,0,1,0.0,,1053,1053,8,1,sparsity_failure,requested_member_1_sparsity_failure,False,fresh_execution,stage18-scaling-24a9adb84176,1,1,200,133
134,s1-step200-f9of10-d1of2,1,C1,False,0,0.9002271125381784,509,,0,1,0.0,,1053,1053,8,1,sparsity_failure,requested_member_1_sparsity_failure,False,fresh_execution,stage18-scaling-24a9adb84176,1,1,200,134
135,s1-step200-f9of10-d3of4,1,C1,False,0,0.9002271125381784,509,,0,1,0.0,,1053,1053,8,1,sparsity_failure,requested_member_1_sparsity_failure,False,fresh_execution,stage18-scaling-24a9adb84176,1,1,200,135
136,s1-step200-f19of20-d1of4,1,C1,False,0,0.9501135562690892,512,,0,1,0.0,,864,864,5,1,sparsity_failure,requested_member_1_sparsity_failure,False,fresh_execution,stage18-scaling-24a9adb84176,1,1,200,136
137,s1-step200-f19of20-d1of2,1,C1,False,0,0.9501135562690892,512,,0,1,0.0,,864,864,5,1,sparsity_failure,requested_member_1_sparsity_failure,False,fresh_execution,stage18-scaling-24a9adb84176,1,1,200,137
138,s1-step200-f19of20-d3of4,1,C1,False,0,0.9501135562690892,512,,0,1,0.0,,864,864,5,1,sparsity_failure,requested_member_1_sparsity_failure,False,fresh_execution,stage18-scaling-24a9adb84176,1,1,200,138
139,s1-step200-f39of40-d1of4,1,C1,False,0,0.9770538021771478,514,,0,1,0.0,,690,690,3,1,sparsity_failure,requested_member_1_sparsity_failure,False,fresh_execution,stage18-scaling-24a9adb84176,1,1,200,139
140,s1-step200-f39of40-d1of2,1,C1,False,0,0.9770538021771478,514,,0,1,0.0,,690,690,3,1,sparsity_failure,requested_member_1_sparsity_failure,False,fresh_execution,stage18-scaling-24a9adb84176,1,1,200,140
141,s1-step200-f39of40-d3of4,1,C1,False,0,0.9770538021771478,514,,0,1,0.0,,690,690,3,1,sparsity_failure,requested_member_1_sparsity_failure,False,fresh_execution,stage18-scaling-24a9adb84176,1,1,200,141
142,s1-step200-f99of100-d1of4,1,C1,False,0,0.9916203304879004,515,,0,1,0.0,,611,611,2,1,sparsity_failure,requested_member_1_sparsity_failure,False,fresh_execution,stage18-scaling-24a9adb84176,1,1,200,142
143,s1-step200-f99of100-d1of2,1,C1,False,0,0.9916203304879004,515,,0,1,0.0,,611,611,2,1,sparsity_failure,requested_member_1_sparsity_failure,False,fresh_execution,stage18-scaling-24a9adb84176,1,1,200,143
144,s1-step200-f99of100-d3of4,1,C1,False,0,0.9916203304879004,515,,0,1,0.0,,611,611,2,1,sparsity_failure,requested_member_1_sparsity_failure,False,fresh_execution,stage18-scaling-24a9adb84176,1,1,200,144
145,s1-step3400-f4of5-d1of4,1,C1,False,0,0.8003759104080195,484,,0,1,0.0,,1476,1476,33,1,sparsity_failure,requested_member_1_sparsity_failure,False,fresh_execution,stage18-scaling-24a9adb84176,1,2,3400,145
146,s1-step3400-f4of5-d1of2,1,C1,False,0,0.8003759104080195,484,,0,1,0.0,,1476,1476,33,1,sparsity_failure,requested_member_1_sparsity_failure,False,fresh_execution,stage18-scaling-24a9adb84176,1,2,3400,146
147,s1-step3400-f4of5-d3of4,1,C1,False,0,0.8003759104080195,484,,0,1,0.0,,1476,1476,33,1,sparsity_failure,requested_member_1_sparsity_failure,False,fresh_execution,stage18-scaling-24a9adb84176,1,2,3400,147
148,s1-step3400-f17of20-d1of4,1,C1,False,0,0.8505756128122798,500,,0,1,0.0,,756,756,17,1,sparsity_failure,requested_member_1_sparsity_failure,False,fresh_execution,stage18-scaling-24a9adb84176,1,2,3400,148
149,s1-step3400-f17of20-d1of2,1,C1,False,0,0.8505756128122798,500,,0,1,0.0,,756,756,17,1,sparsity_failure,requested_member_1_sparsity_failure,False,fresh_execution,stage18-scaling-24a9adb84176,1,2,3400,149
150,s1-step3400-f17of20-d3of4,1,C1,False,0,0.8505756128122798,500,,0,1,0.0,,756,756,17,1,sparsity_failure,requested_member_1_sparsity_failure,False,fresh_execution,stage18-scaling-24a9adb84176,1,2,3400,150
151,s1-step3400-f9of10-d1of4,1,C1,False,0,0.9003837418748531,504,,0,1,0.0,,1208,1208,13,1,sparsity_failure,requested_member_1_sparsity_failure,False,fresh_execution,stage18-scaling-24a9adb84176,1,2,3400,151
152,s1-step3400-f9of10-d1of2,1,C1,False,0,0.9003837418748531,504,,0,1,0.0,,1208,1208,13,1,sparsity_failure,requested_member_1_sparsity_failure,False,fresh_execution,stage18-scaling-24a9adb84176,1,2,3400,152
153,s1-step3400-f9of10-d3of4,1,C1,False,0,0.9003837418748531,504,,0,1,0.0,,1208,1208,13,1,sparsity_failure,requested_member_1_sparsity_failure,False,fresh_execution,stage18-scaling-24a9adb84176,1,2,3400,153
154,s1-step3400-f19of20-d1of4,1,C1,False,0,0.9501135562690892,511,,0,1,0.0,,799,799,6,1,sparsity_failure,requested_member_1_sparsity_failure,False,fresh_execution,stage18-scaling-24a9adb84176,1,2,3400,154
155,s1-step3400-f19of20-d1of2,1,C1,False,0,0.9501135562690892,511,,0,1,0.0,,799,799,6,1,sparsity_failure,requested_member_1_sparsity_failure,False,fresh_execution,stage18-scaling-24a9adb84176,1,2,3400,155
156,s1-step3400-f19of20-d3of4,1,C1,False,0,0.9501135562690892,511,,0,1,0.0,,799,799,6,1,sparsity_failure,requested_member_1_sparsity_failure,False,fresh_execution,stage18-scaling-24a9adb84176,1,2,3400,156
157,s1-step3400-f39of40-d1of4,1,C1,False,0,0.9768971728404731,515,,0,1,0.0,,531,531,2,1,sparsity_failure,requested_member_1_sparsity_failure,False,fresh_execution,stage18-scaling-24a9adb84176,1,2,3400,157
158,s1-step3400-f39of40-d1of2,1,C1,False,0,0.9768971728404731,515,,0,1,0.0,,531,531,2,1,sparsity_failure,requested_member_1_sparsity_failure,False,fresh_execution,stage18-scaling-24a9adb84176,1,2,3400,158
159,s1-step3400-f39of40-d3of4,1,C1,False,0,0.9768971728404731,515,,0,1,0.0,,531,531,2,1,sparsity_failure,requested_member_1_sparsity_failure,False,fresh_execution,stage18-scaling-24a9adb84176,1,2,3400,159
160,s1-step3400-f99of100-d1of4,1,C1,False,0,0.9920119038295873,515,,0,1,0.0,,755,755,2,1,sparsity_failure,requested_member_1_sparsity_failure,False,fresh_execution,stage18-scaling-24a9adb84176,1,2,3400,160
161,s1-step3400-f99of100-d1of2,1,C1,False,0,0.9920119038295873,515,,0,1,0.0,,755,755,2,1,sparsity_failure,requested_member_1_sparsity_failure,False,fresh_execution,stage18-scaling-24a9adb84176,1,2,3400,161
162,s1-step3400-f99of100-d3of4,1,C1,False,0,0.9920119038295873,515,,0,1,0.0,,755,755,2,1,sparsity_failure,requested_member_1_sparsity_failure,False,fresh_execution,stage18-scaling-24a9adb84176,1,2,3400,162
163,s1-step7450-f4of5-d1of4,1,C1,False,0,0.80006265173467,464,,0,1,0.0,,1808,1808,53,1,sparsity_failure,requested_member_1_sparsity_failure,False,fresh_execution,stage18-scaling-24a9adb84176,1,3,7450,163
164,s1-step7450-f4of5-d1of2,1,C1,False,0,0.80006265173467,464,,0,1,0.0,,1808,1808,53,1,sparsity_failure,requested_member_1_sparsity_failure,False,fresh_execution,stage18-scaling-24a9adb84176,1,3,7450,164
165,s1-step7450-f4of5-d3of4,1,C1,False,0,0.80006265173467,464,,0,1,0.0,,1808,1808,53,1,sparsity_failure,requested_member_1_sparsity_failure,False,fresh_execution,stage18-scaling-24a9adb84176,1,3,7450,165
166,s1-step7450-f17of20-d1of4,1,C1,False,0,0.8500274101339181,483,,0,1,0.0,,1347,1347,34,1,sparsity_failure,requested_member_1_sparsity_failure,False,fresh_execution,stage18-scaling-24a9adb84176,1,3,7450,166
167,s1-step7450-f17of20-d1of2,1,C1,False,0,0.8500274101339181,483,,0,1,0.0,,1347,1347,34,1,sparsity_failure,requested_member_1_sparsity_failure,False,fresh_execution,stage18-scaling-24a9adb84176,1,3,7450,167
168,s1-step7450-f17of20-d3of4,1,C1,False,0,0.8500274101339181,483,,0,1,0.0,,1347,1347,34,1,sparsity_failure,requested_member_1_sparsity_failure,False,fresh_execution,stage18-scaling-24a9adb84176,1,3,7450,168
169,s1-step7450-f9of10-d1of4,1,C1,False,0,0.9000704832015036,495,,0,1,0.0,,1503,1503,22,1,sparsity_failure,requested_member_1_sparsity_failure,False,fresh_execution,stage18-scaling-24a9adb84176,1,3,7450,169
170,s1-step7450-f9of10-d1of2,1,C1,False,0,0.9000704832015036,495,,0,1,0.0,,1503,1503,22,1,sparsity_failure,requested_member_1_sparsity_failure,False,fresh_execution,stage18-scaling-24a9adb84176,1,3,7450,170
171,s1-step7450-f9of10-d3of4,1,C1,False,0,0.9000704832015036,495,,0,1,0.0,,1503,1503,22,1,sparsity_failure,requested_member_1_sparsity_failure,False,fresh_execution,stage18-scaling-24a9adb84176,1,3,7450,171
172,s1-step7450-f19of20-d1of4,1,C1,False,0,0.9507400736157883,509,,0,1,0.0,,781,781,8,1,sparsity_failure,requested_member_1_sparsity_failure,False,fresh_execution,stage18-scaling-24a9adb84176,1,3,7450,172
173,s1-step7450-f19of20-d1of2,1,C1,False,0,0.9507400736157883,509,,0,1,0.0,,781,781,8,1,sparsity_failure,requested_member_1_sparsity_failure,False,fresh_execution,stage18-scaling-24a9adb84176,1,3,7450,173
174,s1-step7450-f19of20-d3of4,1,C1,False,0,0.9507400736157883,509,,0,1,0.0,,781,781,8,1,sparsity_failure,requested_member_1_sparsity_failure,False,fresh_execution,stage18-scaling-24a9adb84176,1,3,7450,174
175,s1-step7450-f39of40-d1of4,1,C1,False,0,0.9761140261570992,514,,0,1,0.0,,546,546,3,1,sparsity_failure,requested_member_1_sparsity_failure,False,fresh_execution,stage18-scaling-24a9adb84176,1,3,7450,175
176,s1-step7450-f39of40-d1of2,1,C1,False,0,0.9761140261570992,514,,0,1,0.0,,546,546,3,1,sparsity_failure,requested_member_1_sparsity_failure,False,fresh_execution,stage18-scaling-24a9adb84176,1,3,7450,176
177,s1-step7450-f39of40-d3of4,1,C1,False,0,0.9761140261570992,514,,0,1,0.0,,546,546,3,1,sparsity_failure,requested_member_1_sparsity_failure,False,fresh_execution,stage18-scaling-24a9adb84176,1,3,7450,177
178,s1-step7450-f99of100-d1of4,1,C1,False,0,0.9906022397995145,515,,0,1,0.0,,579,579,2,1,sparsity_failure,requested_member_1_sparsity_failure,False,fresh_execution,stage18-scaling-24a9adb84176,1,3,7450,178
179,s1-step7450-f99of100-d1of2,1,C1,False,0,0.9906022397995145,515,,0,1,0.0,,579,579,2,1,sparsity_failure,requested_member_1_sparsity_failure,False,fresh_execution,stage18-scaling-24a9adb84176,1,3,7450,179
180,s1-step7450-f99of100-d3of4,1,C1,False,0,0.9906022397995145,515,,0,1,0.0,,579,579,2,1,sparsity_failure,requested_member_1_sparsity_failure,False,fresh_execution,stage18-scaling-24a9adb84176,1,3,7450,180
181,s1-step8150-f4of5-d1of4,1,C1,False,0,0.8002975957396821,383,,0,1,0.0,,5087,5087,134,1,sparsity_failure,requested_member_1_sparsity_failure,False,fresh_execution,stage18-scaling-24a9adb84176,1,4,8150,181
182,s1-step8150-f4of5-d1of2,1,C1,False,0,0.8002975957396821,383,,0,1,0.0,,5087,5087,134,1,sparsity_failure,requested_member_1_sparsity_failure,False,fresh_execution,stage18-scaling-24a9adb84176,1,4,8150,182
183,s1-step8150-f4of5-d3of4,1,C1,False,0,0.8002975957396821,383,,0,1,0.0,,5087,5087,134,1,sparsity_failure,requested_member_1_sparsity_failure,False,fresh_execution,stage18-scaling-24a9adb84176,1,4,8150,183
184,s1-step8150-f17of20-d1of4,1,C1,False,0,0.8500274101339181,420,,0,1,0.0,,4788,4788,97,1,sparsity_failure,requested_member_1_sparsity_failure,False,fresh_execution,stage18-scaling-24a9adb84176,1,4,8150,184
185,s1-step8150-f17of20-d1of2,1,C1,False,0,0.8500274101339181,420,,0,1,0.0,,4788,4788,97,1,sparsity_failure,requested_member_1_sparsity_failure,False,fresh_execution,stage18-scaling-24a9adb84176,1,4,8150,185
186,s1-step8150-f17of20-d3of4,1,C1,False,0,0.8500274101339181,420,,0,1,0.0,,4788,4788,97,1,sparsity_failure,requested_member_1_sparsity_failure,False,fresh_execution,stage18-scaling-24a9adb84176,1,4,8150,186
187,s1-step8150-f9of10-d1of4,1,C1,False,0,0.9000704832015036,473,,0,1,0.0,,2713,2713,44,1,sparsity_failure,requested_member_1_sparsity_failure,False,fresh_execution,stage18-scaling-24a9adb84176,1,4,8150,187
188,s1-step8150-f9of10-d1of2,1,C1,False,0,0.9000704832015036,473,,0,1,0.0,,2713,2713,44,1,sparsity_failure,requested_member_1_sparsity_failure,False,fresh_execution,stage18-scaling-24a9adb84176,1,4,8150,188
189,s1-step8150-f9of10-d3of4,1,C1,False,0,0.9000704832015036,473,,0,1,0.0,,2713,2713,44,1,sparsity_failure,requested_member_1_sparsity_failure,False,fresh_execution,stage18-scaling-24a9adb84176,1,4,8150,189
190,s1-step8150-f19of20-d1of4,1,C1,False,0,0.9503485002741013,499,,0,1,0.0,,1523,1523,18,1,sparsity_failure,requested_member_1_sparsity_failure,False,fresh_execution,stage18-scaling-24a9adb84176,1,4,8150,190
191,s1-step8150-f19of20-d1of2,1,C1,False,0,0.9503485002741013,499,,0,1,0.0,,1523,1523,18,1,sparsity_failure,requested_member_1_sparsity_failure,False,fresh_execution,stage18-scaling-24a9adb84176,1,4,8150,191
192,s1-step8150-f19of20-d3of4,1,C1,False,0,0.9503485002741013,499,,0,1,0.0,,1523,1523,18,1,sparsity_failure,requested_member_1_sparsity_failure,False,fresh_execution,stage18-scaling-24a9adb84176,1,4,8150,192
193,s1-step8150-f39of40-d1of4,1,C1,False,0,0.9755658234787375,512,,0,1,0.0,,592,592,5,1,sparsity_failure,requested_member_1_sparsity_failure,False,fresh_execution,stage18-scaling-24a9adb84176,1,4,8150,193
194,s1-step8150-f39of40-d1of2,1,C1,False,0,0.9755658234787375,512,,0,1,0.0,,592,592,5,1,sparsity_failure,requested_member_1_sparsity_failure,False,fresh_execution,stage18-scaling-24a9adb84176,1,4,8150,194
195,s1-step8150-f39of40-d3of4,1,C1,False,0,0.9755658234787375,512,,0,1,0.0,,592,592,5,1,sparsity_failure,requested_member_1_sparsity_failure,False,fresh_execution,stage18-scaling-24a9adb84176,1,4,8150,195
196,s1-step8150-f99of100-d1of4,1,C1,False,0,0.9911504424778761,514,,0,1,0.0,,754,754,3,1,sparsity_failure,requested_member_1_sparsity_failure,False,fresh_execution,stage18-scaling-24a9adb84176,1,4,8150,196
197,s1-step8150-f99of100-d1of2,1,C1,False,0,0.9911504424778761,514,,0,1,0.0,,754,754,3,1,sparsity_failure,requested_member_1_sparsity_failure,False,fresh_execution,stage18-scaling-24a9adb84176,1,4,8150,197
198,s1-step8150-f99of100-d3of4,1,C1,False,0,0.9911504424778761,514,,0,1,0.0,,754,754,3,1,sparsity_failure,requested_member_1_sparsity_failure,False,fresh_execution,stage18-scaling-24a9adb84176,1,4,8150,198
199,s1-step8500-f4of5-d1of4,1,C1,True,0,0.80006265173467,237,0.45930232558139533,0,1,0.0,,5821,5821,280,1,accepted,,False,fresh_execution,stage18-scaling-24a9adb84176,1,5,8500,199
199,s1-step8500-f4of5-d1of4,2,C2,False,2,0.9279505051296107,467,,47,129,0.3643410852713178,,15821,10000,505,3,budget_exhaustion,requested_member_2_budget_exhaustion,False,fresh_execution,stage18-scaling-24a9adb84176,1,5,8500,199
200,s1-step8500-f4of5-d1of2,1,C1,True,0,0.80006265173467,237,0.45930232558139533,0,1,0.0,,5821,5821,280,1,accepted,,False,fresh_execution,stage18-scaling-24a9adb84176,1,5,8500,200
200,s1-step8500-f4of5-d1of2,2,C2,False,2,0.9279505051296107,467,,47,129,0.3643410852713178,,15821,10000,505,3,budget_exhaustion,requested_member_2_budget_exhaustion,False,fresh_execution,stage18-scaling-24a9adb84176,1,5,8500,200
201,s1-step8500-f4of5-d3of4,1,C1,True,0,0.80006265173467,237,0.45930232558139533,0,1,0.0,,5821,5821,280,1,accepted,,False,fresh_execution,stage18-scaling-24a9adb84176,1,5,8500,201
201,s1-step8500-f4of5-d3of4,2,C2,False,2,0.9279505051296107,467,,47,129,0.3643410852713178,,15821,10000,505,3,budget_exhaustion,requested_member_2_budget_exhaustion,False,fresh_execution,stage18-scaling-24a9adb84176,1,5,8500,201
202,s1-step8500-f17of20-d1of4,1,C1,False,0,0.8501057248022554,279,,0,1,0.0,,5543,5543,238,1,sparsity_failure,requested_member_1_sparsity_failure,False,fresh_execution,stage18-scaling-24a9adb84176,1,5,8500,202
203,s1-step8500-f17of20-d1of2,1,C1,False,0,0.8501057248022554,279,,0,1,0.0,,5543,5543,238,1,sparsity_failure,requested_member_1_sparsity_failure,False,fresh_execution,stage18-scaling-24a9adb84176,1,5,8500,203
204,s1-step8500-f17of20-d3of4,1,C1,False,0,0.8501057248022554,279,,0,1,0.0,,5543,5543,238,1,sparsity_failure,requested_member_1_sparsity_failure,False,fresh_execution,stage18-scaling-24a9adb84176,1,5,8500,204
205,s1-step8500-f9of10-d1of4,1,C1,False,0,0.9000704832015036,359,,0,1,0.0,,4167,4167,158,1,sparsity_failure,requested_member_1_sparsity_failure,False,fresh_execution,stage18-scaling-24a9adb84176,1,5,8500,205
206,s1-step8500-f9of10-d1of2,1,C1,False,0,0.9000704832015036,359,,0,1,0.0,,4167,4167,158,1,sparsity_failure,requested_member_1_sparsity_failure,False,fresh_execution,stage18-scaling-24a9adb84176,1,5,8500,206
207,s1-step8500-f9of10-d3of4,1,C1,False,0,0.9000704832015036,359,,0,1,0.0,,4167,4167,158,1,sparsity_failure,requested_member_1_sparsity_failure,False,fresh_execution,stage18-scaling-24a9adb84176,1,5,8500,207
208,s1-step8500-f19of20-d1of4,1,C1,False,0,0.9500352416007518,457,,0,1,0.0,,2601,2601,60,1,sparsity_failure,requested_member_1_sparsity_failure,False,fresh_execution,stage18-scaling-24a9adb84176,1,5,8500,208
209,s1-step8500-f19of20-d1of2,1,C1,False,0,0.9500352416007518,457,,0,1,0.0,,2601,2601,60,1,sparsity_failure,requested_member_1_sparsity_failure,False,fresh_execution,stage18-scaling-24a9adb84176,1,5,8500,209
210,s1-step8500-f19of20-d3of4,1,C1,False,0,0.9500352416007518,457,,0,1,0.0,,2601,2601,60,1,sparsity_failure,requested_member_1_sparsity_failure,False,fresh_execution,stage18-scaling-24a9adb84176,1,5,8500,210
211,s1-step8500-f39of40-d1of4,1,C1,False,0,0.9750959354687133,495,,0,1,0.0,,1455,1455,22,1,sparsity_failure,requested_member_1_sparsity_failure,False,fresh_execution,stage18-scaling-24a9adb84176,1,5,8500,211
212,s1-step8500-f39of40-d1of2,1,C1,False,0,0.9750959354687133,495,,0,1,0.0,,1455,1455,22,1,sparsity_failure,requested_member_1_sparsity_failure,False,fresh_execution,stage18-scaling-24a9adb84176,1,5,8500,212
213,s1-step8500-f39of40-d3of4,1,C1,False,0,0.9750959354687133,495,,0,1,0.0,,1455,1455,22,1,sparsity_failure,requested_member_1_sparsity_failure,False,fresh_execution,stage18-scaling-24a9adb84176,1,5,8500,213
214,s1-step8500-f99of100-d1of4,1,C1,False,0,0.9900540371211528,511,,0,1,0.0,,687,687,6,1,sparsity_failure,requested_member_1_sparsity_failure,False,fresh_execution,stage18-scaling-24a9adb84176,1,5,8500,214
215,s1-step8500-f99of100-d1of2,1,C1,False,0,0.9900540371211528,511,,0,1,0.0,,687,687,6,1,sparsity_failure,requested_member_1_sparsity_failure,False,fresh_execution,stage18-scaling-24a9adb84176,1,5,8500,215
216,s1-step8500-f99of100-d3of4,1,C1,False,0,0.9900540371211528,511,,0,1,0.0,,687,687,6,1,sparsity_failure,requested_member_1_sparsity_failure,False,fresh_execution,stage18-scaling-24a9adb84176,1,5,8500,216
217,s1-step8650-f4of5-d1of4,1,C1,True,0,0.80006265173467,140,0.2713178294573643,0,1,0.0,,6332,6332,377,1,accepted,,False,fresh_execution,stage18-scaling-24a9adb84176,1,6,8650,217
217,s1-step8650-f4of5-d1of4,2,C2,True,0,0.8002192810713447,152,0.29457364341085274,31,261,0.11877394636015326,0.11877394636015326,12372,6040,365,1,accepted,,False,fresh_execution,stage18-scaling-24a9adb84176,1,6,8650,217
217,s1-step8650-f4of5-d1of4,3,C3,True,0,0.8002192810713447,184,0.35658914728682173,14,67,0.208955223880597,0.1778564515307422,18380,6008,333,1,accepted,,False,fresh_execution,stage18-scaling-24a9adb84176,1,6,8650,217
217,s1-step8650-f4of5-d1of4,4,C4,False,1,0.9095465580703266,292,,47,169,0.2781065088757396,,28380,10000,586,2,budget_exhaustion,requested_member_4_budget_exhaustion,False,fresh_execution,stage18-scaling-24a9adb84176,1,6,8650,217
218,s1-step8650-f4of5-d1of2,1,C1,True,0,0.80006265173467,140,0.2713178294573643,0,1,0.0,,6332,6332,377,1,accepted,,False,fresh_execution,stage18-scaling-24a9adb84176,1,6,8650,218
218,s1-step8650-f4of5-d1of2,2,C2,True,0,0.8002192810713447,152,0.29457364341085274,31,261,0.11877394636015326,0.11877394636015326,12372,6040,365,1,accepted,,False,fresh_execution,stage18-scaling-24a9adb84176,1,6,8650,218
218,s1-step8650-f4of5-d1of2,3,C3,True,0,0.8002192810713447,184,0.35658914728682173,14,67,0.208955223880597,0.1778564515307422,18380,6008,333,1,accepted,,False,fresh_execution,stage18-scaling-24a9adb84176,1,6,8650,218
218,s1-step8650-f4of5-d1of2,4,C4,True,0,0.8003759104080195,156,0.3023255813953488,67,229,0.2925764192139738,0.216651996397323,24792,6412,361,1,accepted,,False,fresh_execution,stage18-scaling-24a9adb84176,1,6,8650,218
218,s1-step8650-f4of5-d1of2,5,C5,True,0,0.8003759104080195,157,0.30426356589147285,79,218,0.3623853211009174,0.24919286316783806,30837,6045,360,1,accepted,,False,fresh_execution,stage18-scaling-24a9adb84176,1,6,8650,218
218,s1-step8650-f4of5-d1of2,6,C6,True,0,0.8004542250763568,149,0.28875968992248063,70,219,0.319634703196347,0.25464435928093987,36954,6117,368,1,accepted,,False,fresh_execution,stage18-scaling-24a9adb84176,1,6,8650,218
218,s1-step8650-f4of5-d1of2,7,C7,True,0,0.8002192810713447,175,0.3391472868217054,73,254,0.2874015748031496,0.23798660980696815,42841,5887,342,1,accepted,,False,fresh_execution,stage18-scaling-24a9adb84176,1,6,8650,218
218,s1-step8650-f4of5-d1of2,8,C8,True,0,0.8002192810713447,141,0.27325581395348836,68,229,0.29694323144104806,0.2486719954746378,49270,6429,376,1,accepted,,False,fresh_execution,stage18-scaling-24a9adb84176,1,6,8650,218
218,s1-step8650-f4of5-d1of2,9,C9,False,0,0.9438483828020988,471,,171,484,0.35330578512396693,,50000,730,46,1,budget_exhaustion,requested_member_9_budget_exhaustion,False,fresh_execution,stage18-scaling-24a9adb84176,1,6,8650,218
219,s1-step8650-f4of5-d3of4,1,C1,True,0,0.80006265173467,140,0.2713178294573643,0,1,0.0,,6332,6332,377,1,accepted,,False,fresh_execution,stage18-scaling-24a9adb84176,1,6,8650,219
219,s1-step8650-f4of5-d3of4,2,C2,True,0,0.8002192810713447,152,0.29457364341085274,31,261,0.11877394636015326,0.11877394636015326,12372,6040,365,1,accepted,,False,fresh_execution,stage18-scaling-24a9adb84176,1,6,8650,219
219,s1-step8650-f4of5-d3of4,3,C3,True,0,0.8002192810713447,184,0.35658914728682173,14,67,0.208955223880597,0.1778564515307422,18380,6008,333,1,accepted,,False,fresh_execution,stage18-scaling-24a9adb84176,1,6,8650,219
219,s1-step8650-f4of5-d3of4,4,C4,True,0,0.8003759104080195,156,0.3023255813953488,67,229,0.2925764192139738,0.216651996397323,24792,6412,361,1,accepted,,False,fresh_execution,stage18-scaling-24a9adb84176,1,6,8650,219
219,s1-step8650-f4of5-d3of4,5,C5,True,0,0.8003759104080195,157,0.30426356589147285,79,218,0.3623853211009174,0.24919286316783806,30837,6045,360,1,accepted,,False,fresh_execution,stage18-scaling-24a9adb84176,1,6,8650,219
219,s1-step8650-f4of5-d3of4,6,C6,True,0,0.8004542250763568,149,0.28875968992248063,70,219,0.319634703196347,0.25464435928093987,36954,6117,368,1,accepted,,False,fresh_execution,stage18-scaling-24a9adb84176,1,6,8650,219
219,s1-step8650-f4of5-d3of4,7,C7,True,0,0.8002192810713447,175,0.3391472868217054,73,254,0.2874015748031496,0.23798660980696815,42841,5887,342,1,accepted,,False,fresh_execution,stage18-scaling-24a9adb84176,1,6,8650,219
219,s1-step8650-f4of5-d3of4,8,C8,True,0,0.8002192810713447,141,0.27325581395348836,68,229,0.29694323144104806,0.2486719954746378,49270,6429,376,1,accepted,,False,fresh_execution,stage18-scaling-24a9adb84176,1,6,8650,219
219,s1-step8650-f4of5-d3of4,9,C9,False,0,0.9438483828020988,471,,171,484,0.35330578512396693,,50000,730,46,1,budget_exhaustion,requested_member_9_budget_exhaustion,False,fresh_execution,stage18-scaling-24a9adb84176,1,6,8650,219
220,s1-step8650-f17of20-d1of4,1,C1,True,0,0.8500274101339181,175,0.3391472868217054,0,1,0.0,,5871,5871,342,1,accepted,,False,fresh_execution,stage18-scaling-24a9adb84176,1,6,8650,220
220,s1-step8650-f17of20-d1of4,2,C2,True,0,0.8501840394705928,224,0.43410852713178294,29,370,0.07837837837837838,0.07837837837837838,11359,5488,293,1,accepted,,False,fresh_execution,stage18-scaling-24a9adb84176,1,6,8650,220
220,s1-step8650-f17of20-d1of4,3,C3,False,1,0.8607565196961391,277,,101,351,0.28774928774928776,,21359,10000,559,2,budget_exhaustion,requested_member_3_budget_exhaustion,False,fresh_execution,stage18-scaling-24a9adb84176,1,6,8650,220
221,s1-step8650-f17of20-d1of2,1,C1,True,0,0.8500274101339181,175,0.3391472868217054,0,1,0.0,,5871,5871,342,1,accepted,,False,fresh_execution,stage18-scaling-24a9adb84176,1,6,8650,221
221,s1-step8650-f17of20-d1of2,2,C2,True,0,0.8501840394705928,224,0.43410852713178294,29,370,0.07837837837837838,0.07837837837837838,11359,5488,293,1,accepted,,False,fresh_execution,stage18-scaling-24a9adb84176,1,6,8650,221
221,s1-step8650-f17of20-d1of2,3,C3,True,0,0.8502623541389303,198,0.38372093023255816,82,291,0.281786941580756,0.21116374106064828,17525,6166,319,1,accepted,,False,fresh_execution,stage18-scaling-24a9adb84176,1,6,8650,221
221,s1-step8650-f17of20-d1of2,4,C4,True,0,0.8500274101339181,214,0.41472868217054265,98,291,0.33676975945017185,0.24262531571269905,23179,5654,303,1,accepted,,False,fresh_execution,stage18-scaling-24a9adb84176,1,6,8650,221
221,s1-step8650-f17of20-d1of2,5,C5,True,0,0.8503406688072676,196,0.3798449612403101,95,276,0.3442028985507246,0.2817513102275403,29343,6164,321,1,accepted,,False,fresh_execution,stage18-scaling-24a9adb84176,1,6,8650,221
221,s1-step8650-f17of20-d1of2,6,C6,True,0,0.8501057248022554,185,0.35852713178294576,1,3,0.3333333333333333,0.2691483049586285,35336,5993,332,1,accepted,,False,fresh_execution,stage18-scaling-24a9adb84176,1,6,8650,221
221,s1-step8650-f17of20-d1of2,7,C7,True,0,0.8500274101339181,185,0.35852713178294576,97,263,0.3688212927756654,0.26929709992057865,41265,5929,332,1,accepted,,False,fresh_execution,stage18-scaling-24a9adb84176,1,6,8650,221
221,s1-step8650-f17of20-d1of2,8,C8,True,0,0.8500274101339181,196,0.3798449612403101,90,281,0.3202846975088968,0.26996194970771037,47301,6036,321,1,accepted,,False,fresh_execution,stage18-scaling-24a9adb84176,1,6,8650,221
221,s1-step8650-f17of20-d1of2,9,C9,False,0,0.9287336518129846,348,,155,407,0.3808353808353808,,50000,2699,169,1,budget_exhaustion,requested_member_9_budget_exhaustion,False,fresh_execution,stage18-scaling-24a9adb84176,1,6,8650,221
222,s1-step8650-f17of20-d3of4,1,C1,True,0,0.8500274101339181,175,0.3391472868217054,0,1,0.0,,5871,5871,342,1,accepted,,False,fresh_execution,stage18-scaling-24a9adb84176,1,6,8650,222
222,s1-step8650-f17of20-d3of4,2,C2,True,0,0.8501840394705928,224,0.43410852713178294,29,370,0.07837837837837838,0.07837837837837838,11359,5488,293,1,accepted,,False,fresh_execution,stage18-scaling-24a9adb84176,1,6,8650,222
222,s1-step8650-f17of20-d3of4,3,C3,True,0,0.8502623541389303,198,0.38372093023255816,82,291,0.281786941580756,0.21116374106064828,17525,6166,319,1,accepted,,False,fresh_execution,stage18-scaling-24a9adb84176,1,6,8650,222
222,s1-step8650-f17of20-d3of4,4,C4,True,0,0.8500274101339181,214,0.41472868217054265,98,291,0.33676975945017185,0.24262531571269905,23179,5654,303,1,accepted,,False,fresh_execution,stage18-scaling-24a9adb84176,1,6,8650,222
222,s1-step8650-f17of20-d3of4,5,C5,True,0,0.8503406688072676,196,0.3798449612403101,95,276,0.3442028985507246,0.2817513102275403,29343,6164,321,1,accepted,,False,fresh_execution,stage18-scaling-24a9adb84176,1,6,8650,222
222,s1-step8650-f17of20-d3of4,6,C6,True,0,0.8501057248022554,185,0.35852713178294576,1,3,0.3333333333333333,0.2691483049586285,35336,5993,332,1,accepted,,False,fresh_execution,stage18-scaling-24a9adb84176,1,6,8650,222
222,s1-step8650-f17of20-d3of4,7,C7,True,0,0.8500274101339181,185,0.35852713178294576,97,263,0.3688212927756654,0.26929709992057865,41265,5929,332,1,accepted,,False,fresh_execution,stage18-scaling-24a9adb84176,1,6,8650,222
222,s1-step8650-f17of20-d3of4,8,C8,True,0,0.8500274101339181,196,0.3798449612403101,90,281,0.3202846975088968,0.26996194970771037,47301,6036,321,1,accepted,,False,fresh_execution,stage18-scaling-24a9adb84176,1,6,8650,222
222,s1-step8650-f17of20-d3of4,9,C9,False,0,0.9287336518129846,348,,155,407,0.3808353808353808,,50000,2699,169,1,budget_exhaustion,requested_member_9_budget_exhaustion,False,fresh_execution,stage18-scaling-24a9adb84176,1,6,8650,222
223,s1-step8650-f9of10-d1of4,1,C1,True,0,0.900148797869841,233,0.45155038759689925,0,1,0.0,,5033,5033,284,1,accepted,,False,fresh_execution,stage18-scaling-24a9adb84176,1,6,8650,223
223,s1-step8650-f9of10-d1of4,2,C2,True,0,0.900148797869841,257,0.49806201550387597,51,439,0.11617312072892938,0.11617312072892938,11562,6529,260,1,accepted,,False,fresh_execution,stage18-scaling-24a9adb84176,1,6,8650,223
223,s1-step8650-f9of10-d1of4,3,C3,False,1,0.9088417260552901,301,,143,391,0.3657289002557545,,21562,10000,508,2,budget_exhaustion,requested_member_3_budget_exhaustion,False,fresh_execution,stage18-scaling-24a9adb84176,1,6,8650,223
224,s1-step8650-f9of10-d1of2,1,C1,True,0,0.900148797869841,233,0.45155038759689925,0,1,0.0,,5033,5033,284,1,accepted,,False,fresh_execution,stage18-scaling-24a9adb84176,1,6,8650,224
224,s1-step8650-f9of10-d1of2,2,C2,True,0,0.900148797869841,257,0.49806201550387597,51,439,0.11617312072892938,0.11617312072892938,11562,6529,260,1,accepted,,False,fresh_execution,stage18-scaling-24a9adb84176,1,6,8650,224
224,s1-step8650-f9of10-d1of2,3,C3,True,0,0.9000704832015036,225,0.436046511627907,115,343,0.33527696793002915,0.28400677041002736,18107,6545,292,1,accepted,,False,fresh_execution,stage18-scaling-24a9adb84176,1,6,8650,224
224,s1-step8650-f9of10-d1of2,4,C4,True,0,0.900148797869841,238,0.46124031007751937,42,115,0.3652173913043478,0.3036952165691771,23961,5854,279,1,accepted,,False,fresh_execution,stage18-scaling-24a9adb84176,1,6,8650,224
224,s1-step8650-f9of10-d1of2,5,C5,True,0,0.9000704832015036,245,0.4748062015503876,131,347,0.37752161383285304,0.312065492237333,29710,5749,272,1,accepted,,False,fresh_execution,stage18-scaling-24a9adb84176,1,6,8650,224
224,s1-step8650-f9of10-d1of2,6,C6,True,0,0.9002271125381784,250,0.4844961240310077,128,355,0.36056338028169016,0.32765077831053385,36088,6378,267,1,accepted,,False,fresh_execution,stage18-scaling-24a9adb84176,1,6,8650,224
224,s1-step8650-f9of10-d1of2,7,C7,True,0,0.900148797869841,234,0.45348837209302323,133,334,0.39820359281437123,0.32612415340760276,42354,6266,283,1,accepted,,False,fresh_execution,stage18-scaling-24a9adb84176,1,6,8650,224
224,s1-step8650-f9of10-d1of2,8,C8,True,0,0.9002271125381784,240,0.46511627906976744,13,30,0.43333333333333335,0.3406415235410125,48338,5984,277,1,accepted,,False,fresh_execution,stage18-scaling-24a9adb84176,1,6,8650,224
224,s1-step8650-f9of10-d1of2,9,C9,False,0,0.9254444357428147,413,,29,65,0.4461538461538462,,50000,1662,104,1,budget_exhaustion,requested_member_9_budget_exhaustion,False,fresh_execution,stage18-scaling-24a9adb84176,1,6,8650,224
225,s1-step8650-f9of10-d3of4,1,C1,True,0,0.900148797869841,233,0.45155038759689925,0,1,0.0,,5033,5033,284,1,accepted,,False,fresh_execution,stage18-scaling-24a9adb84176,1,6,8650,225
225,s1-step8650-f9of10-d3of4,2,C2,True,0,0.900148797869841,257,0.49806201550387597,51,439,0.11617312072892938,0.11617312072892938,11562,6529,260,1,accepted,,False,fresh_execution,stage18-scaling-24a9adb84176,1,6,8650,225
225,s1-step8650-f9of10-d3of4,3,C3,True,0,0.9000704832015036,225,0.436046511627907,115,343,0.33527696793002915,0.28400677041002736,18107,6545,292,1,accepted,,False,fresh_execution,stage18-scaling-24a9adb84176,1,6,8650,225
225,s1-step8650-f9of10-d3of4,4,C4,True,0,0.900148797869841,238,0.46124031007751937,42,115,0.3652173913043478,0.3036952165691771,23961,5854,279,1,accepted,,False,fresh_execution,stage18-scaling-24a9adb84176,1,6,8650,225
225,s1-step8650-f9of10-d3of4,5,C5,True,0,0.9000704832015036,245,0.4748062015503876,131,347,0.37752161383285304,0.312065492237333,29710,5749,272,1,accepted,,False,fresh_execution,stage18-scaling-24a9adb84176,1,6,8650,225
225,s1-step8650-f9of10-d3of4,6,C6,True,0,0.9002271125381784,250,0.4844961240310077,128,355,0.36056338028169016,0.32765077831053385,36088,6378,267,1,accepted,,False,fresh_execution,stage18-scaling-24a9adb84176,1,6,8650,225
225,s1-step8650-f9of10-d3of4,7,C7,True,0,0.900148797869841,234,0.45348837209302323,133,334,0.39820359281437123,0.32612415340760276,42354,6266,283,1,accepted,,False,fresh_execution,stage18-scaling-24a9adb84176,1,6,8650,225
225,s1-step8650-f9of10-d3of4,8,C8,True,0,0.9002271125381784,240,0.46511627906976744,13,30,0.43333333333333335,0.3406415235410125,48338,5984,277,1,accepted,,False,fresh_execution,stage18-scaling-24a9adb84176,1,6,8650,225
225,s1-step8650-f9of10-d3of4,9,C9,False,0,0.9254444357428147,413,,29,65,0.4461538461538462,,50000,1662,104,1,budget_exhaustion,requested_member_9_budget_exhaustion,False,fresh_execution,stage18-scaling-24a9adb84176,1,6,8650,225
226,s1-step8650-f19of20-d1of4,1,C1,False,0,0.9500352416007518,322,,0,1,0.0,,4850,4850,195,1,sparsity_failure,requested_member_1_sparsity_failure,False,fresh_execution,stage18-scaling-24a9adb84176,1,6,8650,226
227,s1-step8650-f19of20-d1of2,1,C1,False,0,0.9500352416007518,322,,0,1,0.0,,4850,4850,195,1,sparsity_failure,requested_member_1_sparsity_failure,False,fresh_execution,stage18-scaling-24a9adb84176,1,6,8650,227
228,s1-step8650-f19of20-d3of4,1,C1,False,0,0.9500352416007518,322,,0,1,0.0,,4850,4850,195,1,sparsity_failure,requested_member_1_sparsity_failure,False,fresh_execution,stage18-scaling-24a9adb84176,1,6,8650,228
229,s1-step8650-f39of40-d1of4,1,C1,False,0,0.9750176208003759,399,,0,1,0.0,,5071,5071,118,1,sparsity_failure,requested_member_1_sparsity_failure,False,fresh_execution,stage18-scaling-24a9adb84176,1,6,8650,229
230,s1-step8650-f39of40-d1of2,1,C1,False,0,0.9750176208003759,399,,0,1,0.0,,5071,5071,118,1,sparsity_failure,requested_member_1_sparsity_failure,False,fresh_execution,stage18-scaling-24a9adb84176,1,6,8650,230
231,s1-step8650-f39of40-d3of4,1,C1,False,0,0.9750176208003759,399,,0,1,0.0,,5071,5071,118,1,sparsity_failure,requested_member_1_sparsity_failure,False,fresh_execution,stage18-scaling-24a9adb84176,1,6,8650,231
232,s1-step8650-f99of100-d1of4,1,C1,False,0,0.9900540371211528,493,,0,1,0.0,,1549,1549,24,1,sparsity_failure,requested_member_1_sparsity_failure,False,fresh_execution,stage18-scaling-24a9adb84176,1,6,8650,232
233,s1-step8650-f99of100-d1of2,1,C1,False,0,0.9900540371211528,493,,0,1,0.0,,1549,1549,24,1,sparsity_failure,requested_member_1_sparsity_failure,False,fresh_execution,stage18-scaling-24a9adb84176,1,6,8650,233
234,s1-step8650-f99of100-d3of4,1,C1,False,0,0.9900540371211528,493,,0,1,0.0,,1549,1549,24,1,sparsity_failure,requested_member_1_sparsity_failure,False,fresh_execution,stage18-scaling-24a9adb84176,1,6,8650,234
253,s2-step200-f4of5-d1of4,1,C1,False,0,0.8002975957396821,494,,0,1,0.0,,1934,1934,23,1,sparsity_failure,requested_member_1_sparsity_failure,False,fresh_execution,stage18-scaling-24a9adb84176,2,1,200,253
254,s2-step200-f4of5-d1of2,1,C1,False,0,0.8002975957396821,494,,0,1,0.0,,1934,1934,23,1,sparsity_failure,requested_member_1_sparsity_failure,False,fresh_execution,stage18-scaling-24a9adb84176,2,1,200,254
255,s2-step200-f4of5-d3of4,1,C1,False,0,0.8002975957396821,494,,0,1,0.0,,1934,1934,23,1,sparsity_failure,requested_member_1_sparsity_failure,False,fresh_execution,stage18-scaling-24a9adb84176,2,1,200,255
256,s2-step200-f17of20-d1of4,1,C1,False,0,0.8500274101339181,503,,0,1,0.0,,1399,1399,14,1,sparsity_failure,requested_member_1_sparsity_failure,False,fresh_execution,stage18-scaling-24a9adb84176,2,1,200,256
257,s2-step200-f17of20-d1of2,1,C1,False,0,0.8500274101339181,503,,0,1,0.0,,1399,1399,14,1,sparsity_failure,requested_member_1_sparsity_failure,False,fresh_execution,stage18-scaling-24a9adb84176,2,1,200,257
258,s2-step200-f17of20-d3of4,1,C1,False,0,0.8500274101339181,503,,0,1,0.0,,1399,1399,14,1,sparsity_failure,requested_member_1_sparsity_failure,False,fresh_execution,stage18-scaling-24a9adb84176,2,1,200,258
259,s2-step200-f9of10-d1of4,1,C1,False,0,0.9010102592215522,507,,0,1,0.0,,1547,1547,10,1,sparsity_failure,requested_member_1_sparsity_failure,False,fresh_execution,stage18-scaling-24a9adb84176,2,1,200,259
260,s2-step200-f9of10-d1of2,1,C1,False,0,0.9010102592215522,507,,0,1,0.0,,1547,1547,10,1,sparsity_failure,requested_member_1_sparsity_failure,False,fresh_execution,stage18-scaling-24a9adb84176,2,1,200,260
261,s2-step200-f9of10-d3of4,1,C1,False,0,0.9010102592215522,507,,0,1,0.0,,1547,1547,10,1,sparsity_failure,requested_member_1_sparsity_failure,False,fresh_execution,stage18-scaling-24a9adb84176,2,1,200,261
262,s2-step200-f19of20-d1of4,1,C1,False,0,0.9501135562690892,511,,0,1,0.0,,1087,1087,6,1,sparsity_failure,requested_member_1_sparsity_failure,False,fresh_execution,stage18-scaling-24a9adb84176,2,1,200,262
263,s2-step200-f19of20-d1of2,1,C1,False,0,0.9501135562690892,511,,0,1,0.0,,1087,1087,6,1,sparsity_failure,requested_member_1_sparsity_failure,False,fresh_execution,stage18-scaling-24a9adb84176,2,1,200,263
264,s2-step200-f19of20-d3of4,1,C1,False,0,0.9501135562690892,511,,0,1,0.0,,1087,1087,6,1,sparsity_failure,requested_member_1_sparsity_failure,False,fresh_execution,stage18-scaling-24a9adb84176,2,1,200,264
265,s2-step200-f39of40-d1of4,1,C1,False,0,0.9757224528154124,512,,0,1,0.0,,1040,1040,5,1,sparsity_failure,requested_member_1_sparsity_failure,False,fresh_execution,stage18-scaling-24a9adb84176,2,1,200,265
266,s2-step200-f39of40-d1of2,1,C1,False,0,0.9757224528154124,512,,0,1,0.0,,1040,1040,5,1,sparsity_failure,requested_member_1_sparsity_failure,False,fresh_execution,stage18-scaling-24a9adb84176,2,1,200,266
267,s2-step200-f39of40-d3of4,1,C1,False,0,0.9757224528154124,512,,0,1,0.0,,1040,1040,5,1,sparsity_failure,requested_member_1_sparsity_failure,False,fresh_execution,stage18-scaling-24a9adb84176,2,1,200,267
268,s2-step200-f99of100-d1of4,1,C1,False,0,0.9903672957945023,513,,0,1,0.0,,977,977,4,1,sparsity_failure,requested_member_1_sparsity_failure,False,fresh_execution,stage18-scaling-24a9adb84176,2,1,200,268
269,s2-step200-f99of100-d1of2,1,C1,False,0,0.9903672957945023,513,,0,1,0.0,,977,977,4,1,sparsity_failure,requested_member_1_sparsity_failure,False,fresh_execution,stage18-scaling-24a9adb84176,2,1,200,269
270,s2-step200-f99of100-d3of4,1,C1,False,0,0.9903672957945023,513,,0,1,0.0,,977,977,4,1,sparsity_failure,requested_member_1_sparsity_failure,False,fresh_execution,stage18-scaling-24a9adb84176,2,1,200,270
271,s2-step3400-f4of5-d1of4,1,C1,False,0,0.80006265173467,486,,0,1,0.0,,1974,1974,31,1,sparsity_failure,requested_member_1_sparsity_failure,False,fresh_execution,stage18-scaling-24a9adb84176,2,2,3400,271
272,s2-step3400-f4of5-d1of2,1,C1,False,0,0.80006265173467,486,,0,1,0.0,,1974,1974,31,1,sparsity_failure,requested_member_1_sparsity_failure,False,fresh_execution,stage18-scaling-24a9adb84176,2,2,3400,272
273,s2-step3400-f4of5-d3of4,1,C1,False,0,0.80006265173467,486,,0,1,0.0,,1974,1974,31,1,sparsity_failure,requested_member_1_sparsity_failure,False,fresh_execution,stage18-scaling-24a9adb84176,2,2,3400,273
274,s2-step3400-f17of20-d1of4,1,C1,False,0,0.8502623541389303,501,,0,1,0.0,,869,869,16,1,sparsity_failure,requested_member_1_sparsity_failure,False,fresh_execution,stage18-scaling-24a9adb84176,2,2,3400,274
275,s2-step3400-f17of20-d1of2,1,C1,False,0,0.8502623541389303,501,,0,1,0.0,,869,869,16,1,sparsity_failure,requested_member_1_sparsity_failure,False,fresh_execution,stage18-scaling-24a9adb84176,2,2,3400,275
276,s2-step3400-f17of20-d3of4,1,C1,False,0,0.8502623541389303,501,,0,1,0.0,,869,869,16,1,sparsity_failure,requested_member_1_sparsity_failure,False,fresh_execution,stage18-scaling-24a9adb84176,2,2,3400,276
277,s2-step3400-f9of10-d1of4,1,C1,False,0,0.9004620565431906,510,,0,1,0.0,,606,606,7,1,sparsity_failure,requested_member_1_sparsity_failure,False,fresh_execution,stage18-scaling-24a9adb84176,2,2,3400,277
278,s2-step3400-f9of10-d1of2,1,C1,False,0,0.9004620565431906,510,,0,1,0.0,,606,606,7,1,sparsity_failure,requested_member_1_sparsity_failure,False,fresh_execution,stage18-scaling-24a9adb84176,2,2,3400,278
279,s2-step3400-f9of10-d3of4,1,C1,False,0,0.9004620565431906,510,,0,1,0.0,,606,606,7,1,sparsity_failure,requested_member_1_sparsity_failure,False,fresh_execution,stage18-scaling-24a9adb84176,2,2,3400,279
280,s2-step3400-f19of20-d1of4,1,C1,False,0,0.9508183882841256,514,,0,1,0.0,,546,546,3,1,sparsity_failure,requested_member_1_sparsity_failure,False,fresh_execution,stage18-scaling-24a9adb84176,2,2,3400,280
281,s2-step3400-f19of20-d1of2,1,C1,False,0,0.9508183882841256,514,,0,1,0.0,,546,546,3,1,sparsity_failure,requested_member_1_sparsity_failure,False,fresh_execution,stage18-scaling-24a9adb84176,2,2,3400,281
282,s2-step3400-f19of20-d3of4,1,C1,False,0,0.9508183882841256,514,,0,1,0.0,,546,546,3,1,sparsity_failure,requested_member_1_sparsity_failure,False,fresh_execution,stage18-scaling-24a9adb84176,2,2,3400,282
283,s2-step3400-f39of40-d1of4,1,C1,False,0,0.9764272848304487,515,,0,1,0.0,,547,547,2,1,sparsity_failure,requested_member_1_sparsity_failure,False,fresh_execution,stage18-scaling-24a9adb84176,2,2,3400,283
284,s2-step3400-f39of40-d1of2,1,C1,False,0,0.9764272848304487,515,,0,1,0.0,,547,547,2,1,sparsity_failure,requested_member_1_sparsity_failure,False,fresh_execution,stage18-scaling-24a9adb84176,2,2,3400,284
285,s2-step3400-f39of40-d3of4,1,C1,False,0,0.9764272848304487,515,,0,1,0.0,,547,547,2,1,sparsity_failure,requested_member_1_sparsity_failure,False,fresh_execution,stage18-scaling-24a9adb84176,2,2,3400,285
286,s2-step3400-f99of100-d1of4,1,C1,False,0,0.9919335891612499,515,,0,1,0.0,,723,723,2,1,sparsity_failure,requested_member_1_sparsity_failure,False,fresh_execution,stage18-scaling-24a9adb84176,2,2,3400,286
287,s2-step3400-f99of100-d1of2,1,C1,False,0,0.9919335891612499,515,,0,1,0.0,,723,723,2,1,sparsity_failure,requested_member_1_sparsity_failure,False,fresh_execution,stage18-scaling-24a9adb84176,2,2,3400,287
288,s2-step3400-f99of100-d3of4,1,C1,False,0,0.9919335891612499,515,,0,1,0.0,,723,723,2,1,sparsity_failure,requested_member_1_sparsity_failure,False,fresh_execution,stage18-scaling-24a9adb84176,2,2,3400,288
289,s2-step7450-f4of5-d1of4,1,C1,True,0,0.8026470357898035,76,0.14728682170542637,0,1,0.0,,7148,7148,441,1,accepted,,False,fresh_execution,stage18-scaling-24a9adb84176,2,3,7450,289
289,s2-step7450-f4of5-d1of4,2,C2,True,0,0.8021771477797791,101,0.19573643410852712,26,151,0.17218543046357615,0.17218543046357615,13937,6789,416,1,accepted,,False,fresh_execution,stage18-scaling-24a9adb84176,2,3,7450,289
289,s2-step7450-f4of5-d1of4,3,C3,True,0,0.8001409664030072,106,0.2054263565891473,31,151,0.2052980132450331,0.17447221104240607,20603,6666,411,1,accepted,,False,fresh_execution,stage18-scaling-24a9adb84176,2,3,7450,289
289,s2-step7450-f4of5-d1of4,4,C4,False,1,0.9812827942673663,320,,9,62,0.14516129032258066,,30603,10000,614,2,budget_exhaustion,requested_member_4_budget_exhaustion,False,fresh_execution,stage18-scaling-24a9adb84176,2,3,7450,289
290,s2-step7450-f4of5-d1of2,1,C1,True,0,0.8026470357898035,76,0.14728682170542637,0,1,0.0,,7148,7148,441,1,accepted,,False,fresh_execution,stage18-scaling-24a9adb84176,2,3,7450,290
290,s2-step7450-f4of5-d1of2,2,C2,True,0,0.8021771477797791,101,0.19573643410852712,26,151,0.17218543046357615,0.17218543046357615,13937,6789,416,1,accepted,,False,fresh_execution,stage18-scaling-24a9adb84176,2,3,7450,290
290,s2-step7450-f4of5-d1of2,3,C3,True,0,0.8001409664030072,106,0.2054263565891473,31,151,0.2052980132450331,0.17447221104240607,20603,6666,411,1,accepted,,False,fresh_execution,stage18-scaling-24a9adb84176,2,3,7450,290
290,s2-step7450-f4of5-d1of2,4,C4,True,0,0.8006891690813689,100,0.1937984496124031,39,137,0.2846715328467153,0.21697750666673246,27455,6852,417,1,accepted,,False,fresh_execution,stage18-scaling-24a9adb84176,2,3,7450,290
290,s2-step7450-f4of5-d1of2,5,C5,True,0,0.8008457984180437,96,0.18604651162790697,1,3,0.3333333333333333,0.2463278979426334,34351,6896,421,1,accepted,,False,fresh_execution,stage18-scaling-24a9adb84176,2,3,7450,290
290,s2-step7450-f4of5-d1of2,6,C6,True,0,0.8005325397446942,99,0.19186046511627908,21,79,0.26582278481012656,0.23877878962108365,41154,6803,418,1,accepted,,False,fresh_execution,stage18-scaling-24a9adb84176,2,3,7450,290
290,s2-step7450-f4of5-d1of2,7,C7,True,0,0.80006265173467,98,0.18992248062015504,7,22,0.3181818181818182,0.23248090181868314,47972,6818,419,1,accepted,,False,fresh_execution,stage18-scaling-24a9adb84176,2,3,7450,290
290,s2-step7450-f4of5-d1of2,8,C8,False,0,0.9828490876341138,390,,43,205,0.2097560975609756,,50000,2028,127,1,budget_exhaustion,requested_member_8_budget_exhaustion,False,fresh_execution,stage18-scaling-24a9adb84176,2,3,7450,290
291,s2-step7450-f4of5-d3of4,1,C1,True,0,0.8026470357898035,76,0.14728682170542637,0,1,0.0,,7148,7148,441,1,accepted,,False,fresh_execution,stage18-scaling-24a9adb84176,2,3,7450,291
291,s2-step7450-f4of5-d3of4,2,C2,True,0,0.8021771477797791,101,0.19573643410852712,26,151,0.17218543046357615,0.17218543046357615,13937,6789,416,1,accepted,,False,fresh_execution,stage18-scaling-24a9adb84176,2,3,7450,291
291,s2-step7450-f4of5-d3of4,3,C3,True,0,0.8001409664030072,106,0.2054263565891473,31,151,0.2052980132450331,0.17447221104240607,20603,6666,411,1,accepted,,False,fresh_execution,stage18-scaling-24a9adb84176,2,3,7450,291
291,s2-step7450-f4of5-d3of4,4,C4,True,0,0.8006891690813689,100,0.1937984496124031,39,137,0.2846715328467153,0.21697750666673246,27455,6852,417,1,accepted,,False,fresh_execution,stage18-scaling-24a9adb84176,2,3,7450,291
291,s2-step7450-f4of5-d3of4,5,C5,True,0,0.8008457984180437,96,0.18604651162790697,1,3,0.3333333333333333,0.2463278979426334,34351,6896,421,1,accepted,,False,fresh_execution,stage18-scaling-24a9adb84176,2,3,7450,291
291,s2-step7450-f4of5-d3of4,6,C6,True,0,0.8005325397446942,99,0.19186046511627908,21,79,0.26582278481012656,0.23877878962108365,41154,6803,418,1,accepted,,False,fresh_execution,stage18-scaling-24a9adb84176,2,3,7450,291
291,s2-step7450-f4of5-d3of4,7,C7,True,0,0.80006265173467,98,0.18992248062015504,7,22,0.3181818181818182,0.23248090181868314,47972,6818,419,1,accepted,,False,fresh_execution,stage18-scaling-24a9adb84176,2,3,7450,291
291,s2-step7450-f4of5-d3of4,8,C8,False,0,0.9828490876341138,390,,43,205,0.2097560975609756,,50000,2028,127,1,budget_exhaustion,requested_member_8_budget_exhaustion,False,fresh_execution,stage18-scaling-24a9adb84176,2,3,7450,291
292,s2-step7450-f17of20-d1of4,1,C1,True,0,0.8522985355157021,93,0.18023255813953487,0,1,0.0,,6861,6861,424,1,accepted,,False,fresh_execution,stage18-scaling-24a9adb84176,2,3,7450,292
292,s2-step7450-f17of20-d1of4,2,C2,True,0,0.8505756128122798,112,0.21705426356589147,28,177,0.15819209039548024,0.15819209039548024,13485,6624,405,1,accepted,,False,fresh_execution,stage18-scaling-24a9adb84176,2,3,7450,292
292,s2-step7450-f17of20-d1of4,3,C3,True,0,0.8506539274806171,107,0.20736434108527133,33,167,0.19760479041916168,0.16034085674804238,20168,6683,410,1,accepted,,False,fresh_execution,stage18-scaling-24a9adb84176,2,3,7450,292
292,s2-step7450-f17of20-d1of4,4,C4,False,1,0.9755658234787375,314,,64,343,0.18658892128279883,,30168,10000,609,2,budget_exhaustion,requested_member_4_budget_exhaustion,False,fresh_execution,stage18-scaling-24a9adb84176,2,3,7450,292
293,s2-step7450-f17of20-d1of2,1,C1,True,0,0.8522985355157021,93,0.18023255813953487,0,1,0.0,,6861,6861,424,1,accepted,,False,fresh_execution,stage18-scaling-24a9adb84176,2,3,7450,293
293,s2-step7450-f17of20-d1of2,2,C2,True,0,0.8505756128122798,112,0.21705426356589147,28,177,0.15819209039548024,0.15819209039548024,13485,6624,405,1,accepted,,False,fresh_execution,stage18-scaling-24a9adb84176,2,3,7450,293
293,s2-step7450-f17of20-d1of2,3,C3,True,0,0.8506539274806171,107,0.20736434108527133,33,167,0.19760479041916168,0.16034085674804238,20168,6683,410,1,accepted,,False,fresh_execution,stage18-scaling-24a9adb84176,2,3,7450,293
293,s2-step7450-f17of20-d1of2,4,C4,True,0,0.8503406688072676,111,0.21511627906976744,23,79,0.2911392405063291,0.22497434143003764,26935,6767,406,1,accepted,,False,fresh_execution,stage18-scaling-24a9adb84176,2,3,7450,293
293,s2-step7450-f17of20-d1of2,5,C5,True,0,0.8508105568172919,113,0.2189922480620155,47,159,0.29559748427672955,0.22484768540622496,33528,6593,404,1,accepted,,False,fresh_execution,stage18-scaling-24a9adb84176,2,3,7450,293
293,s2-step7450-f17of20-d1of2,6,C6,True,0,0.8502623541389303,106,0.2054263565891473,54,145,0.3724137931034483,0.2530144782496932,40322,6794,411,1,accepted,,False,fresh_execution,stage18-scaling-24a9adb84176,2,3,7450,293
293,s2-step7450-f17of20-d1of2,7,C7,True,0,0.8501840394705928,106,0.2054263565891473,45,173,0.26011560693641617,0.2287433021797379,46988,6666,411,1,accepted,,False,fresh_execution,stage18-scaling-24a9adb84176,2,3,7450,293
293,s2-step7450-f17of20-d1of2,8,C8,False,0,0.9754091941420628,328,,78,361,0.21606648199445982,,50000,3012,189,1,budget_exhaustion,requested_member_8_budget_exhaustion,False,fresh_execution,stage18-scaling-24a9adb84176,2,3,7450,293
294,s2-step7450-f17of20-d3of4,1,C1,True,0,0.8522985355157021,93,0.18023255813953487,0,1,0.0,,6861,6861,424,1,accepted,,False,fresh_execution,stage18-scaling-24a9adb84176,2,3,7450,294
294,s2-step7450-f17of20-d3of4,2,C2,True,0,0.8505756128122798,112,0.21705426356589147,28,177,0.15819209039548024,0.15819209039548024,13485,6624,405,1,accepted,,False,fresh_execution,stage18-scaling-24a9adb84176,2,3,7450,294
294,s2-step7450-f17of20-d3of4,3,C3,True,0,0.8506539274806171,107,0.20736434108527133,33,167,0.19760479041916168,0.16034085674804238,20168,6683,410,1,accepted,,False,fresh_execution,stage18-scaling-24a9adb84176,2,3,7450,294
294,s2-step7450-f17of20-d3of4,4,C4,True,0,0.8503406688072676,111,0.21511627906976744,23,79,0.2911392405063291,0.22497434143003764,26935,6767,406,1,accepted,,False,fresh_execution,stage18-scaling-24a9adb84176,2,3,7450,294
294,s2-step7450-f17of20-d3of4,5,C5,True,0,0.8508105568172919,113,0.2189922480620155,47,159,0.29559748427672955,0.22484768540622496,33528,6593,404,1,accepted,,False,fresh_execution,stage18-scaling-24a9adb84176,2,3,7450,294
294,s2-step7450-f17of20-d3of4,6,C6,True,0,0.8502623541389303,106,0.2054263565891473,54,145,0.3724137931034483,0.2530144782496932,40322,6794,411,1,accepted,,False,fresh_execution,stage18-scaling-24a9adb84176,2,3,7450,294
294,s2-step7450-f17of20-d3of4,7,C7,True,0,0.8501840394705928,106,0.2054263565891473,45,173,0.26011560693641617,0.2287433021797379,46988,6666,411,1,accepted,,False,fresh_execution,stage18-scaling-24a9adb84176,2,3,7450,294
294,s2-step7450-f17of20-d3of4,8,C8,False,0,0.9754091941420628,328,,78,361,0.21606648199445982,,50000,3012,189,1,budget_exhaustion,requested_member_8_budget_exhaustion,False,fresh_execution,stage18-scaling-24a9adb84176,2,3,7450,294
295,s2-step7450-f9of10-d1of4,1,C1,True,0,0.9010885738898896,118,0.22868217054263565,0,1,0.0,,6502,6502,399,1,accepted,,False,fresh_execution,stage18-scaling-24a9adb84176,2,3,7450,295
295,s2-step7450-f9of10-d1of4,2,C2,True,0,0.900148797869841,128,0.24806201550387597,31,215,0.14418604651162792,0.14418604651162792,12886,6384,389,1,accepted,,False,fresh_execution,stage18-scaling-24a9adb84176,2,3,7450,295
295,s2-step7450-f9of10-d1of4,3,C3,True,0,0.9002271125381784,138,0.26744186046511625,43,213,0.20187793427230047,0.18684205083659078,19104,6218,379,1,accepted,,False,fresh_execution,stage18-scaling-24a9adb84176,2,3,7450,295
295,s2-step7450-f9of10-d1of4,4,C4,False,1,0.9716500900618686,289,,73,334,0.218562874251497,,29104,10000,614,2,budget_exhaustion,requested_member_4_budget_exhaustion,False,fresh_execution,stage18-scaling-24a9adb84176,2,3,7450,295
296,s2-step7450-f9of10-d1of2,1,C1,True,0,0.9010885738898896,118,0.22868217054263565,0,1,0.0,,6502,6502,399,1,accepted,,False,fresh_execution,stage18-scaling-24a9adb84176,2,3,7450,296
296,s2-step7450-f9of10-d1of2,2,C2,True,0,0.900148797869841,128,0.24806201550387597,31,215,0.14418604651162792,0.14418604651162792,12886,6384,389,1,accepted,,False,fresh_execution,stage18-scaling-24a9adb84176,2,3,7450,296
296,s2-step7450-f9of10-d1of2,3,C3,True,0,0.9002271125381784,138,0.26744186046511625,43,213,0.20187793427230047,0.18684205083659078,19104,6218,379,1,accepted,,False,fresh_execution,stage18-scaling-24a9adb84176,2,3,7450,296
296,s2-step7450-f9of10-d1of2,4,C4,True,0,0.9003054272065157,131,0.25387596899224807,52,197,0.2639593908629442,0.21442768091220377,25459,6355,386,1,accepted,,False,fresh_execution,stage18-scaling-24a9adb84176,2,3,7450,296
296,s2-step7450-f9of10-d1of2,5,C5,True,0,0.9004620565431906,127,0.24612403100775193,61,184,0.33152173913043476,0.2407178408779227,31842,6383,390,1,accepted,,False,fresh_execution,stage18-scaling-24a9adb84176,2,3,7450,296
296,s2-step7450-f9of10-d1of2,6,C6,True,0,0.9003054272065157,154,0.29844961240310075,63,229,0.27510917030567683,0.24462586220789218,38076,6234,363,1,accepted,,False,fresh_execution,stage18-scaling-24a9adb84176,2,3,7450,296
296,s2-step7450-f9of10-d1of2,7,C7,True,0,0.9004620565431906,150,0.29069767441860467,16,51,0.3137254901960784,0.24697531471567488,44194,6118,367,1,accepted,,False,fresh_execution,stage18-scaling-24a9adb84176,2,3,7450,296
296,s2-step7450-f9of10-d1of2,8,C8,False,0,0.9250528624011277,154,,31,105,0.29523809523809524,,50000,5806,363,1,budget_exhaustion,requested_member_8_budget_exhaustion,False,fresh_execution,stage18-scaling-24a9adb84176,2,3,7450,296
297,s2-step7450-f9of10-d3of4,1,C1,True,0,0.9010885738898896,118,0.22868217054263565,0,1,0.0,,6502,6502,399,1,accepted,,False,fresh_execution,stage18-scaling-24a9adb84176,2,3,7450,297
297,s2-step7450-f9of10-d3of4,2,C2,True,0,0.900148797869841,128,0.24806201550387597,31,215,0.14418604651162792,0.14418604651162792,12886,6384,389,1,accepted,,False,fresh_execution,stage18-scaling-24a9adb84176,2,3,7450,297
297,s2-step7450-f9of10-d3of4,3,C3,True,0,0.9002271125381784,138,0.26744186046511625,43,213,0.20187793427230047,0.18684205083659078,19104,6218,379,1,accepted,,False,fresh_execution,stage18-scaling-24a9adb84176,2,3,7450,297
297,s2-step7450-f9of10-d3of4,4,C4,True,0,0.9003054272065157,131,0.25387596899224807,52,197,0.2639593908629442,0.21442768091220377,25459,6355,386,1,accepted,,False,fresh_execution,stage18-scaling-24a9adb84176,2,3,7450,297
297,s2-step7450-f9of10-d3of4,5,C5,True,0,0.9004620565431906,127,0.24612403100775193,61,184,0.33152173913043476,0.2407178408779227,31842,6383,390,1,accepted,,False,fresh_execution,stage18-scaling-24a9adb84176,2,3,7450,297
297,s2-step7450-f9of10-d3of4,6,C6,True,0,0.9003054272065157,154,0.29844961240310075,63,229,0.27510917030567683,0.24462586220789218,38076,6234,363,1,accepted,,False,fresh_execution,stage18-scaling-24a9adb84176,2,3,7450,297
297,s2-step7450-f9of10-d3of4,7,C7,True,0,0.9004620565431906,150,0.29069767441860467,16,51,0.3137254901960784,0.24697531471567488,44194,6118,367,1,accepted,,False,fresh_execution,stage18-scaling-24a9adb84176,2,3,7450,297
297,s2-step7450-f9of10-d3of4,8,C8,False,0,0.9250528624011277,154,,31,105,0.29523809523809524,,50000,5806,363,1,budget_exhaustion,requested_member_8_budget_exhaustion,False,fresh_execution,stage18-scaling-24a9adb84176,2,3,7450,297
298,s2-step7450-f19of20-d1of4,1,C1,True,0,0.9501135562690892,175,0.3391472868217054,0,1,0.0,,5903,5903,342,1,accepted,,False,fresh_execution,stage18-scaling-24a9adb84176,2,3,7450,298
298,s2-step7450-f19of20-d1of4,2,C2,True,0,0.9500352416007518,175,0.3391472868217054,33,317,0.10410094637223975,0.10410094637223975,12174,6271,342,1,accepted,,False,fresh_execution,stage18-scaling-24a9adb84176,2,3,7450,298
298,s2-step7450-f19of20-d1of4,3,C3,True,0,0.9500352416007518,177,0.3430232558139535,17,71,0.23943661971830985,0.1930082121392852,18175,6001,340,1,accepted,,False,fresh_execution,stage18-scaling-24a9adb84176,2,3,7450,298
298,s2-step7450-f19of20-d1of4,4,C4,False,1,0.9578667084344897,266,,88,353,0.24929178470254956,,28175,10000,584,2,budget_exhaustion,requested_member_4_budget_exhaustion,False,fresh_execution,stage18-scaling-24a9adb84176,2,3,7450,298
299,s2-step7450-f19of20-d1of2,1,C1,True,0,0.9501135562690892,175,0.3391472868217054,0,1,0.0,,5903,5903,342,1,accepted,,False,fresh_execution,stage18-scaling-24a9adb84176,2,3,7450,299
299,s2-step7450-f19of20-d1of2,2,C2,True,0,0.9500352416007518,175,0.3391472868217054,33,317,0.10410094637223975,0.10410094637223975,12174,6271,342,1,accepted,,False,fresh_execution,stage18-scaling-24a9adb84176,2,3,7450,299
299,s2-step7450-f19of20-d1of2,3,C3,True,0,0.9500352416007518,177,0.3430232558139535,17,71,0.23943661971830985,0.1930082121392852,18175,6001,340,1,accepted,,False,fresh_execution,stage18-scaling-24a9adb84176,2,3,7450,299
299,s2-step7450-f19of20-d1of2,4,C4,True,0,0.9500352416007518,184,0.35658914728682173,75,284,0.2640845070422535,0.2262990248213481,24167,5992,333,1,accepted,,False,fresh_execution,stage18-scaling-24a9adb84176,2,3,7450,299
299,s2-step7450-f19of20-d1of2,5,C5,True,0,0.9500352416007518,166,0.32170542635658916,80,261,0.3065134099616858,0.24468937508752653,30349,6182,351,1,accepted,,False,fresh_execution,stage18-scaling-24a9adb84176,2,3,7450,299
299,s2-step7450-f19of20-d1of2,6,C6,True,0,0.9501918709374266,195,0.37790697674418605,43,142,0.3028169014084507,0.24782620184437487,36528,6179,322,1,accepted,,False,fresh_execution,stage18-scaling-24a9adb84176,2,3,7450,299
299,s2-step7450-f19of20-d1of2,7,C7,True,0,0.9500352416007518,181,0.3507751937984496,85,271,0.31365313653136534,0.26071781653924797,42613,6085,336,1,accepted,,False,fresh_execution,stage18-scaling-24a9adb84176,2,3,7450,299
299,s2-step7450-f19of20-d1of2,8,C8,True,0,0.9501918709374266,185,0.35852713178294576,1,3,0.3333333333333333,0.2701091816550229,48654,6041,332,1,accepted,,False,fresh_execution,stage18-scaling-24a9adb84176,2,3,7450,299
299,s2-step7450-f19of20-d1of2,9,C9,False,0,0.9874696530660193,432,,53,156,0.33974358974358976,,50000,1346,85,1,budget_exhaustion,requested_member_9_budget_exhaustion,False,fresh_execution,stage18-scaling-24a9adb84176,2,3,7450,299
300,s2-step7450-f19of20-d3of4,1,C1,True,0,0.9501135562690892,175,0.3391472868217054,0,1,0.0,,5903,5903,342,1,accepted,,False,fresh_execution,stage18-scaling-24a9adb84176,2,3,7450,300
300,s2-step7450-f19of20-d3of4,2,C2,True,0,0.9500352416007518,175,0.3391472868217054,33,317,0.10410094637223975,0.10410094637223975,12174,6271,342,1,accepted,,False,fresh_execution,stage18-scaling-24a9adb84176,2,3,7450,300
300,s2-step7450-f19of20-d3of4,3,C3,True,0,0.9500352416007518,177,0.3430232558139535,17,71,0.23943661971830985,0.1930082121392852,18175,6001,340,1,accepted,,False,fresh_execution,stage18-scaling-24a9adb84176,2,3,7450,300
300,s2-step7450-f19of20-d3of4,4,C4,True,0,0.9500352416007518,184,0.35658914728682173,75,284,0.2640845070422535,0.2262990248213481,24167,5992,333,1,accepted,,False,fresh_execution,stage18-scaling-24a9adb84176,2,3,7450,300
300,s2-step7450-f19of20-d3of4,5,C5,True,0,0.9500352416007518,166,0.32170542635658916,80,261,0.3065134099616858,0.24468937508752653,30349,6182,351,1,accepted,,False,fresh_execution,stage18-scaling-24a9adb84176,2,3,7450,300
300,s2-step7450-f19of20-d3of4,6,C6,True,0,0.9501918709374266,195,0.37790697674418605,43,142,0.3028169014084507,0.24782620184437487,36528,6179,322,1,accepted,,False,fresh_execution,stage18-scaling-24a9adb84176,2,3,7450,300
300,s2-step7450-f19of20-d3of4,7,C7,True,0,0.9500352416007518,181,0.3507751937984496,85,271,0.31365313653136534,0.26071781653924797,42613,6085,336,1,accepted,,False,fresh_execution,stage18-scaling-24a9adb84176,2,3,7450,300
300,s2-step7450-f19of20-d3of4,8,C8,True,0,0.9501918709374266,185,0.35852713178294576,1,3,0.3333333333333333,0.2701091816550229,48654,6041,332,1,accepted,,False,fresh_execution,stage18-scaling-24a9adb84176,2,3,7450,300
300,s2-step7450-f19of20-d3of4,9,C9,False,0,0.9874696530660193,432,,53,156,0.33974358974358976,,50000,1346,85,1,budget_exhaustion,requested_member_9_budget_exhaustion,False,fresh_execution,stage18-scaling-24a9adb84176,2,3,7450,300
301,s2-step7450-f39of40-d1of4,1,C1,True,0,0.9750176208003759,246,0.47674418604651164,0,1,0.0,,5190,5190,271,1,accepted,,False,fresh_execution,stage18-scaling-24a9adb84176,2,3,7450,301
301,s2-step7450-f39of40-d1of4,2,C2,True,0,0.9750176208003759,232,0.4496124031007752,45,433,0.10392609699769054,0.10392609699769054,12686,7496,285,1,accepted,,False,fresh_execution,stage18-scaling-24a9adb84176,2,3,7450,301
301,s2-step7450-f39of40-d1of4,3,C3,False,1,0.9776803195238468,286,,2,5,0.4,,22686,10000,537,2,budget_exhaustion,requested_member_3_budget_exhaustion,False,fresh_execution,stage18-scaling-24a9adb84176,2,3,7450,301
302,s2-step7450-f39of40-d1of2,1,C1,True,0,0.9750176208003759,246,0.47674418604651164,0,1,0.0,,5190,5190,271,1,accepted,,False,fresh_execution,stage18-scaling-24a9adb84176,2,3,7450,302
302,s2-step7450-f39of40-d1of2,2,C2,True,0,0.9750176208003759,232,0.4496124031007752,45,433,0.10392609699769054,0.10392609699769054,12686,7496,285,1,accepted,,False,fresh_execution,stage18-scaling-24a9adb84176,2,3,7450,302
302,s2-step7450-f39of40-d1of2,3,C3,True,0,0.9750959354687133,211,0.40891472868217055,125,332,0.37650602409638556,0.27578616854686655,18993,6307,306,1,accepted,,False,fresh_execution,stage18-scaling-24a9adb84176,2,3,7450,302
302,s2-step7450-f39of40-d1of2,4,C4,True,0,0.9750176208003759,247,0.4786821705426357,128,365,0.3506849315068493,0.27893533097886825,24600,5607,270,1,accepted,,False,fresh_execution,stage18-scaling-24a9adb84176,2,3,7450,302
302,s2-step7450-f39of40-d1of2,5,C5,True,0,0.9750176208003759,233,0.45155038759689925,129,350,0.36857142857142855,0.3011636012947805,30961,6361,284,1,accepted,,False,fresh_execution,stage18-scaling-24a9adb84176,2,3,7450,302
302,s2-step7450-f39of40-d1of2,6,C6,True,0,0.9751742501370507,217,0.42054263565891475,128,335,0.382089552238806,0.3088190890833063,36762,5801,300,1,accepted,,False,fresh_execution,stage18-scaling-24a9adb84176,2,3,7450,302
302,s2-step7450-f39of40-d1of2,7,C7,True,0,0.9750959354687133,239,0.4631782945736434,131,355,0.36901408450704226,0.31373174209278987,43033,6271,278,1,accepted,,False,fresh_execution,stage18-scaling-24a9adb84176,2,3,7450,302
302,s2-step7450-f39of40-d1of2,8,C8,True,0,0.9750176208003759,236,0.4573643410852713,69,172,0.4011627906976744,0.33265864808036866,49557,6524,281,1,accepted,,False,fresh_execution,stage18-scaling-24a9adb84176,2,3,7450,302
302,s2-step7450-f39of40-d1of2,9,C9,False,0,0.9940480852063591,489,,233,502,0.4641434262948207,,50000,443,28,1,budget_exhaustion,requested_member_9_budget_exhaustion,False,fresh_execution,stage18-scaling-24a9adb84176,2,3,7450,302
303,s2-step7450-f39of40-d3of4,1,C1,True,0,0.9750176208003759,246,0.47674418604651164,0,1,0.0,,5190,5190,271,1,accepted,,False,fresh_execution,stage18-scaling-24a9adb84176,2,3,7450,303
303,s2-step7450-f39of40-d3of4,2,C2,True,0,0.9750176208003759,232,0.4496124031007752,45,433,0.10392609699769054,0.10392609699769054,12686,7496,285,1,accepted,,False,fresh_execution,stage18-scaling-24a9adb84176,2,3,7450,303
303,s2-step7450-f39of40-d3of4,3,C3,True,0,0.9750959354687133,211,0.40891472868217055,125,332,0.37650602409638556,0.27578616854686655,18993,6307,306,1,accepted,,False,fresh_execution,stage18-scaling-24a9adb84176,2,3,7450,303
303,s2-step7450-f39of40-d3of4,4,C4,True,0,0.9750176208003759,247,0.4786821705426357,128,365,0.3506849315068493,0.27893533097886825,24600,5607,270,1,accepted,,False,fresh_execution,stage18-scaling-24a9adb84176,2,3,7450,303
303,s2-step7450-f39of40-d3of4,5,C5,True,0,0.9750176208003759,233,0.45155038759689925,129,350,0.36857142857142855,0.3011636012947805,30961,6361,284,1,accepted,,False,fresh_execution,stage18-scaling-24a9adb84176,2,3,7450,303
303,s2-step7450-f39of40-d3of4,6,C6,True,0,0.9751742501370507,217,0.42054263565891475,128,335,0.382089552238806,0.3088190890833063,36762,5801,300,1,accepted,,False,fresh_execution,stage18-scaling-24a9adb84176,2,3,7450,303
303,s2-step7450-f39of40-d3of4,7,C7,True,0,0.9750959354687133,239,0.4631782945736434,131,355,0.36901408450704226,0.31373174209278987,43033,6271,278,1,accepted,,False,fresh_execution,stage18-scaling-24a9adb84176,2,3,7450,303
303,s2-step7450-f39of40-d3of4,8,C8,True,0,0.9750176208003759,236,0.4573643410852713,69,172,0.4011627906976744,0.33265864808036866,49557,6524,281,1,accepted,,False,fresh_execution,stage18-scaling-24a9adb84176,2,3,7450,303
303,s2-step7450-f39of40-d3of4,9,C9,False,0,0.9940480852063591,489,,233,502,0.4641434262948207,,50000,443,28,1,budget_exhaustion,requested_member_9_budget_exhaustion,False,fresh_execution,stage18-scaling-24a9adb84176,2,3,7450,303
304,s2-step7450-f99of100-d1of4,1,C1,False,0,0.9900540371211528,297,,0,1,0.0,,5369,5369,220,1,sparsity_failure,requested_member_1_sparsity_failure,False,fresh_execution,stage18-scaling-24a9adb84176,2,3,7450,304
305,s2-step7450-f99of100-d1of2,1,C1,False,0,0.9900540371211528,297,,0,1,0.0,,5369,5369,220,1,sparsity_failure,requested_member_1_sparsity_failure,False,fresh_execution,stage18-scaling-24a9adb84176,2,3,7450,305
306,s2-step7450-f99of100-d3of4,1,C1,False,0,0.9900540371211528,297,,0,1,0.0,,5369,5369,220,1,sparsity_failure,requested_member_1_sparsity_failure,False,fresh_execution,stage18-scaling-24a9adb84176,2,3,7450,306
307,s2-step8150-f4of5-d1of4,1,C1,True,0,0.8021771477797791,60,0.11627906976744186,0,1,0.0,,7356,7356,457,1,accepted,,False,fresh_execution,stage18-scaling-24a9adb84176,2,4,8150,307
307,s2-step8150-f4of5-d1of4,2,C2,True,0,0.803586811809852,59,0.11434108527131782,3,14,0.21428571428571427,0.21428571428571427,14727,7371,458,1,accepted,,False,fresh_execution,stage18-scaling-24a9adb84176,2,4,8150,307
307,s2-step8150-f4of5-d1of4,3,C3,False,1,1.0,355,,54,361,0.14958448753462603,,24727,10000,623,2,budget_exhaustion,requested_member_3_budget_exhaustion,False,fresh_execution,stage18-scaling-24a9adb84176,2,4,8150,307
308,s2-step8150-f4of5-d1of2,1,C1,True,0,0.8021771477797791,60,0.11627906976744186,0,1,0.0,,7356,7356,457,1,accepted,,False,fresh_execution,stage18-scaling-24a9adb84176,2,4,8150,308
308,s2-step8150-f4of5-d1of2,2,C2,True,0,0.803586811809852,59,0.11434108527131782,3,14,0.21428571428571427,0.21428571428571427,14727,7371,458,1,accepted,,False,fresh_execution,stage18-scaling-24a9adb84176,2,4,8150,308
308,s2-step8150-f4of5-d1of2,3,C3,True,0,0.8012373717597306,56,0.10852713178294573,6,23,0.2608695652173913,0.24871435250116877,22143,7416,461,1,accepted,,False,fresh_execution,stage18-scaling-24a9adb84176,2,4,8150,308
308,s2-step8150-f4of5-d1of2,4,C4,True,0,0.8013156864280679,55,0.1065891472868217,29,85,0.3411764705882353,0.29901960784313725,29574,7431,462,1,accepted,,False,fresh_execution,stage18-scaling-24a9adb84176,2,4,8150,308
308,s2-step8150-f4of5-d1of2,5,C5,True,0,0.8071109718850341,57,0.11046511627906977,7,22,0.3181818181818182,0.2940319612920812,36975,7401,460,1,accepted,,False,fresh_execution,stage18-scaling-24a9adb84176,2,4,8150,308
308,s2-step8150-f4of5-d1of2,6,C6,True,0,0.8013940010964054,57,0.11046511627906977,28,85,0.32941176470588235,0.292158486583039,44376,7401,460,1,accepted,,False,fresh_execution,stage18-scaling-24a9adb84176,2,4,8150,308
308,s2-step8150-f4of5-d1of2,7,C7,False,0,0.9988252799749393,165,,41,183,0.22404371584699453,,50000,5624,352,1,budget_exhaustion,requested_member_7_budget_exhaustion,False,fresh_execution,stage18-scaling-24a9adb84176,2,4,8150,308
309,s2-step8150-f4of5-d3of4,1,C1,True,0,0.8021771477797791,60,0.11627906976744186,0,1,0.0,,7356,7356,457,1,accepted,,False,fresh_execution,stage18-scaling-24a9adb84176,2,4,8150,309
309,s2-step8150-f4of5-d3of4,2,C2,True,0,0.803586811809852,59,0.11434108527131782,3,14,0.21428571428571427,0.21428571428571427,14727,7371,458,1,accepted,,False,fresh_execution,stage18-scaling-24a9adb84176,2,4,8150,309
309,s2-step8150-f4of5-d3of4,3,C3,True,0,0.8012373717597306,56,0.10852713178294573,6,23,0.2608695652173913,0.24871435250116877,22143,7416,461,1,accepted,,False,fresh_execution,stage18-scaling-24a9adb84176,2,4,8150,309
309,s2-step8150-f4of5-d3of4,4,C4,True,0,0.8013156864280679,55,0.1065891472868217,29,85,0.3411764705882353,0.29901960784313725,29574,7431,462,1,accepted,,False,fresh_execution,stage18-scaling-24a9adb84176,2,4,8150,309
309,s2-step8150-f4of5-d3of4,5,C5,True,0,0.8071109718850341,57,0.11046511627906977,7,22,0.3181818181818182,0.2940319612920812,36975,7401,460,1,accepted,,False,fresh_execution,stage18-scaling-24a9adb84176,2,4,8150,309
309,s2-step8150-f4of5-d3of4,6,C6,True,0,0.8013940010964054,57,0.11046511627906977,28,85,0.32941176470588235,0.292158486583039,44376,7401,460,1,accepted,,False,fresh_execution,stage18-scaling-24a9adb84176,2,4,8150,309
309,s2-step8150-f4of5-d3of4,7,C7,False,0,0.9988252799749393,165,,41,183,0.22404371584699453,,50000,5624,352,1,budget_exhaustion,requested_member_7_budget_exhaustion,False,fresh_execution,stage18-scaling-24a9adb84176,2,4,8150,309
310,s2-step8150-f17of20-d1of4,1,C1,True,0,0.850418983475605,63,0.12209302325581395,0,1,0.0,,7327,7327,454,1,accepted,,False,fresh_execution,stage18-scaling-24a9adb84176,2,4,8150,310
310,s2-step8150-f17of20-d1of4,2,C2,True,0,0.853943143550787,67,0.1298449612403101,19,111,0.17117117117117117,0.17117117117117117,14594,7267,450,1,accepted,,False,fresh_execution,stage18-scaling-24a9adb84176,2,4,8150,310
310,s2-step8150-f17of20-d1of4,3,C3,False,1,0.9999216853316626,348,,39,376,0.10372340425531915,,24594,10000,623,2,budget_exhaustion,requested_member_3_budget_exhaustion,False,fresh_execution,stage18-scaling-24a9adb84176,2,4,8150,310
311,s2-step8150-f17of20-d1of2,1,C1,True,0,0.850418983475605,63,0.12209302325581395,0,1,0.0,,7327,7327,454,1,accepted,,False,fresh_execution,stage18-scaling-24a9adb84176,2,4,8150,311
311,s2-step8150-f17of20-d1of2,2,C2,True,0,0.853943143550787,67,0.1298449612403101,19,111,0.17117117117117117,0.17117117117117117,14594,7267,450,1,accepted,,False,fresh_execution,stage18-scaling-24a9adb84176,2,4,8150,311
311,s2-step8150-f17of20-d1of2,3,C3,True,0,0.8589552823243793,63,0.12209302325581395,13,50,0.26,0.2263302752293578,21905,7311,454,1,accepted,,False,fresh_execution,stage18-scaling-24a9adb84176,2,4,8150,311
311,s2-step8150-f17of20-d1of2,4,C4,True,0,0.8530033675307385,60,0.11627906976744186,31,92,0.33695652173913043,0.24308149552261787,29261,7356,457,1,accepted,,False,fresh_execution,stage18-scaling-24a9adb84176,2,4,8150,311
311,s2-step8150-f17of20-d1of2,5,C5,True,0,0.8551961782441851,67,0.1298449612403101,17,48,0.3541666666666667,0.26952517117958297,36512,7251,450,1,accepted,,False,fresh_execution,stage18-scaling-24a9adb84176,2,4,8150,311
311,s2-step8150-f17of20-d1of2,6,C6,True,0,0.8555094369175347,62,0.12015503875968993,39,86,0.45348837209302323,0.30384336772206494,43838,7326,455,1,accepted,,False,fresh_execution,stage18-scaling-24a9adb84176,2,4,8150,311
311,s2-step8150-f17of20-d1of2,7,C7,False,0,0.9939697705380218,131,,22,75,0.29333333333333333,,50000,6162,386,1,budget_exhaustion,requested_member_7_budget_exhaustion,False,fresh_execution,stage18-scaling-24a9adb84176,2,4,8150,311
312,s2-step8150-f17of20-d3of4,1,C1,True,0,0.850418983475605,63,0.12209302325581395,0,1,0.0,,7327,7327,454,1,accepted,,False,fresh_execution,stage18-scaling-24a9adb84176,2,4,8150,312
312,s2-step8150-f17of20-d3of4,2,C2,True,0,0.853943143550787,67,0.1298449612403101,19,111,0.17117117117117117,0.17117117117117117,14594,7267,450,1,accepted,,False,fresh_execution,stage18-scaling-24a9adb84176,2,4,8150,312
312,s2-step8150-f17of20-d3of4,3,C3,True,0,0.8589552823243793,63,0.12209302325581395,13,50,0.26,0.2263302752293578,21905,7311,454,1,accepted,,False,fresh_execution,stage18-scaling-24a9adb84176,2,4,8150,312
312,s2-step8150-f17of20-d3of4,4,C4,True,0,0.8530033675307385,60,0.11627906976744186,31,92,0.33695652173913043,0.24308149552261787,29261,7356,457,1,accepted,,False,fresh_execution,stage18-scaling-24a9adb84176,2,4,8150,312
312,s2-step8150-f17of20-d3of4,5,C5,True,0,0.8551961782441851,67,0.1298449612403101,17,48,0.3541666666666667,0.26952517117958297,36512,7251,450,1,accepted,,False,fresh_execution,stage18-scaling-24a9adb84176,2,4,8150,312
312,s2-step8150-f17of20-d3of4,6,C6,True,0,0.8555094369175347,62,0.12015503875968993,39,86,0.45348837209302323,0.30384336772206494,43838,7326,455,1,accepted,,False,fresh_execution,stage18-scaling-24a9adb84176,2,4,8150,312
312,s2-step8150-f17of20-d3of4,7,C7,False,0,0.9939697705380218,131,,22,75,0.29333333333333333,,50000,6162,386,1,budget_exhaustion,requested_member_7_budget_exhaustion,False,fresh_execution,stage18-scaling-24a9adb84176,2,4,8150,312
313,s2-step8150-f9of10-d1of4,1,C1,True,0,0.9066489153418436,69,0.13372093023255813,0,1,0.0,,7221,7221,448,1,accepted,,False,fresh_execution,stage18-scaling-24a9adb84176,2,4,8150,313
313,s2-step8150-f9of10-d1of4,2,C2,True,0,0.9061007126634819,73,0.14147286821705427,15,127,0.11811023622047244,0.11811023622047244,14382,7161,444,1,accepted,,False,fresh_execution,stage18-scaling-24a9adb84176,2,4,8150,313
313,s2-step8150-f9of10-d1of4,3,C3,False,1,0.9999216853316626,342,,16,121,0.1322314049586777,,24382,10000,622,2,budget_exhaustion,requested_member_3_budget_exhaustion,False,fresh_execution,stage18-scaling-24a9adb84176,2,4,8150,313
314,s2-step8150-f9of10-d1of2,1,C1,True,0,0.9066489153418436,69,0.13372093023255813,0,1,0.0,,7221,7221,448,1,accepted,,False,fresh_execution,stage18-scaling-24a9adb84176,2,4,8150,314
314,s2-step8150-f9of10-d1of2,2,C2,True,0,0.9061007126634819,73,0.14147286821705427,15,127,0.11811023622047244,0.11811023622047244,14382,7161,444,1,accepted,,False,fresh_execution,stage18-scaling-24a9adb84176,2,4,8150,314
314,s2-step8150-f9of10-d1of2,3,C3,True,0,0.9036729579450231,70,0.13565891472868216,33,106,0.3113207547169811,0.24656946826758147,21588,7206,447,1,accepted,,False,fresh_execution,stage18-scaling-24a9adb84176,2,4,8150,314
314,s2-step8150-f9of10-d1of2,4,C4,True,0,0.9006970005482027,74,0.1434108527131783,35,108,0.32407407407407407,0.26267934601267934,28750,7162,443,1,accepted,,False,fresh_execution,stage18-scaling-24a9adb84176,2,4,8150,314
314,s2-step8150-f9of10-d1of2,5,C5,True,0,0.9016367765682513,70,0.13565891472868216,38,101,0.37623762376237624,0.29058207814550924,35956,7206,447,1,accepted,,False,fresh_execution,stage18-scaling-24a9adb84176,2,4,8150,314
314,s2-step8150-f9of10-d1of2,6,C6,True,0,0.9007753152165401,69,0.13372093023255813,36,107,0.3364485981308411,0.28241157825597124,43177,7221,448,1,accepted,,False,fresh_execution,stage18-scaling-24a9adb84176,2,4,8150,314
314,s2-step8150-f9of10-d1of2,7,C7,False,0,0.9681259299866865,90,,14,39,0.358974358974359,,50000,6823,427,1,budget_exhaustion,requested_member_7_budget_exhaustion,False,fresh_execution,stage18-scaling-24a9adb84176,2,4,8150,314
315,s2-step8150-f9of10-d3of4,1,C1,True,0,0.9066489153418436,69,0.13372093023255813,0,1,0.0,,7221,7221,448,1,accepted,,False,fresh_execution,stage18-scaling-24a9adb84176,2,4,8150,315
315,s2-step8150-f9of10-d3of4,2,C2,True,0,0.9061007126634819,73,0.14147286821705427,15,127,0.11811023622047244,0.11811023622047244,14382,7161,444,1,accepted,,False,fresh_execution,stage18-scaling-24a9adb84176,2,4,8150,315
315,s2-step8150-f9of10-d3of4,3,C3,True,0,0.9036729579450231,70,0.13565891472868216,33,106,0.3113207547169811,0.24656946826758147,21588,7206,447,1,accepted,,False,fresh_execution,stage18-scaling-24a9adb84176,2,4,8150,315
315,s2-step8150-f9of10-d3of4,4,C4,True,0,0.9006970005482027,74,0.1434108527131783,35,108,0.32407407407407407,0.26267934601267934,28750,7162,443,1,accepted,,False,fresh_execution,stage18-scaling-24a9adb84176,2,4,8150,315
315,s2-step8150-f9of10-d3of4,5,C5,True,0,0.9016367765682513,70,0.13565891472868216,38,101,0.37623762376237624,0.29058207814550924,35956,7206,447,1,accepted,,False,fresh_execution,stage18-scaling-24a9adb84176,2,4,8150,315
315,s2-step8150-f9of10-d3of4,6,C6,True,0,0.9007753152165401,69,0.13372093023255813,36,107,0.3364485981308411,0.28241157825597124,43177,7221,448,1,accepted,,False,fresh_execution,stage18-scaling-24a9adb84176,2,4,8150,315
315,s2-step8150-f9of10-d3of4,7,C7,False,0,0.9681259299866865,90,,14,39,0.358974358974359,,50000,6823,427,1,budget_exhaustion,requested_member_7_budget_exhaustion,False,fresh_execution,stage18-scaling-24a9adb84176,2,4,8150,315
316,s2-step8150-f19of20-d1of4,1,C1,True,0,0.9536377163442713,78,0.1511627906976744,0,1,0.0,,7086,7086,439,1,accepted,,False,fresh_execution,stage18-scaling-24a9adb84176,2,4,8150,316
316,s2-step8150-f19of20-d1of4,2,C2,True,0,0.9514449056308246,91,0.17635658914728683,17,152,0.1118421052631579,0.1118421052631579,14009,6923,426,1,accepted,,False,fresh_execution,stage18-scaling-24a9adb84176,2,4,8150,316
316,s2-step8150-f19of20-d1of4,3,C3,False,1,1.0,331,,52,357,0.14565826330532214,,24009,10000,621,2,budget_exhaustion,requested_member_3_budget_exhaustion,False,fresh_execution,stage18-scaling-24a9adb84176,2,4,8150,316
317,s2-step8150-f19of20-d1of2,1,C1,True,0,0.9536377163442713,78,0.1511627906976744,0,1,0.0,,7086,7086,439,1,accepted,,False,fresh_execution,stage18-scaling-24a9adb84176,2,4,8150,317
317,s2-step8150-f19of20-d1of2,2,C2,True,0,0.9514449056308246,91,0.17635658914728683,17,152,0.1118421052631579,0.1118421052631579,14009,6923,426,1,accepted,,False,fresh_execution,stage18-scaling-24a9adb84176,2,4,8150,317
317,s2-step8150-f19of20-d1of2,3,C3,True,0,0.9505834442791135,82,0.15891472868217055,9,31,0.2903225806451613,0.2256982030742585,21035,7026,435,1,accepted,,False,fresh_execution,stage18-scaling-24a9adb84176,2,4,8150,317
317,s2-step8150-f19of20-d1of2,4,C4,True,0,0.950896702952463,86,0.16666666666666666,11,30,0.36666666666666664,0.26567522386083386,28017,6982,431,1,accepted,,False,fresh_execution,stage18-scaling-24a9adb84176,2,4,8150,317
317,s2-step8150-f19of20-d1of2,5,C5,True,0,0.9504268149424387,81,0.1569767441860465,50,109,0.45871559633027525,0.31710497655119946,35106,7089,436,1,accepted,,False,fresh_execution,stage18-scaling-24a9adb84176,2,4,8150,317
317,s2-step8150-f19of20-d1of2,6,C6,True,0,0.9509750176208004,82,0.15891472868217055,9,23,0.391304347826087,0.3067523083051948,42132,7026,435,1,accepted,,False,fresh_execution,stage18-scaling-24a9adb84176,2,4,8150,317
317,s2-step8150-f19of20-d1of2,7,C7,True,0,0.952541310987548,86,0.16666666666666666,23,61,0.3770491803278688,0.29716829895056995,49114,6982,431,1,accepted,,False,fresh_execution,stage18-scaling-24a9adb84176,2,4,8150,317
317,s2-step8150-f19of20-d1of2,8,C8,False,0,1.0,461,,83,464,0.1788793103448276,,50000,886,56,1,budget_exhaustion,requested_member_8_budget_exhaustion,False,fresh_execution,stage18-scaling-24a9adb84176,2,4,8150,317
318,s2-step8150-f19of20-d3of4,1,C1,True,0,0.9536377163442713,78,0.1511627906976744,0,1,0.0,,7086,7086,439,1,accepted,,False,fresh_execution,stage18-scaling-24a9adb84176,2,4,8150,318
318,s2-step8150-f19of20-d3of4,2,C2,True,0,0.9514449056308246,91,0.17635658914728683,17,152,0.1118421052631579,0.1118421052631579,14009,6923,426,1,accepted,,False,fresh_execution,stage18-scaling-24a9adb84176,2,4,8150,318
318,s2-step8150-f19of20-d3of4,3,C3,True,0,0.9505834442791135,82,0.15891472868217055,9,31,0.2903225806451613,0.2256982030742585,21035,7026,435,1,accepted,,False,fresh_execution,stage18-scaling-24a9adb84176,2,4,8150,318
318,s2-step8150-f19of20-d3of4,4,C4,True,0,0.950896702952463,86,0.16666666666666666,11,30,0.36666666666666664,0.26567522386083386,28017,6982,431,1,accepted,,False,fresh_execution,stage18-scaling-24a9adb84176,2,4,8150,318
318,s2-step8150-f19of20-d3of4,5,C5,True,0,0.9504268149424387,81,0.1569767441860465,50,109,0.45871559633027525,0.31710497655119946,35106,7089,436,1,accepted,,False,fresh_execution,stage18-scaling-24a9adb84176,2,4,8150,318
318,s2-step8150-f19of20-d3of4,6,C6,True,0,0.9509750176208004,82,0.15891472868217055,9,23,0.391304347826087,0.3067523083051948,42132,7026,435,1,accepted,,False,fresh_execution,stage18-scaling-24a9adb84176,2,4,8150,318
318,s2-step8150-f19of20-d3of4,7,C7,True,0,0.952541310987548,86,0.16666666666666666,23,61,0.3770491803278688,0.29716829895056995,49114,6982,431,1,accepted,,False,fresh_execution,stage18-scaling-24a9adb84176,2,4,8150,318
318,s2-step8150-f19of20-d3of4,8,C8,False,0,1.0,461,,83,464,0.1788793103448276,,50000,886,56,1,budget_exhaustion,requested_member_8_budget_exhaustion,False,fresh_execution,stage18-scaling-24a9adb84176,2,4,8150,318
319,s2-step8150-f39of40-d1of4,1,C1,True,0,0.9751742501370507,92,0.17829457364341086,0,1,0.0,,6876,6876,425,1,accepted,,False,fresh_execution,stage18-scaling-24a9adb84176,2,4,8150,319
319,s2-step8150-f39of40-d1of4,2,C2,True,0,0.9751742501370507,98,0.18992248062015504,23,167,0.1377245508982036,0.1377245508982036,13662,6786,419,1,accepted,,False,fresh_execution,stage18-scaling-24a9adb84176,2,4,8150,319
319,s2-step8150-f39of40-d1of4,3,C3,False,1,1.0,319,,76,335,0.22686567164179106,,23662,10000,618,2,budget_exhaustion,requested_member_3_budget_exhaustion,False,fresh_execution,stage18-scaling-24a9adb84176,2,4,8150,319
320,s2-step8150-f39of40-d1of2,1,C1,True,0,0.9751742501370507,92,0.17829457364341086,0,1,0.0,,6876,6876,425,1,accepted,,False,fresh_execution,stage18-scaling-24a9adb84176,2,4,8150,320
320,s2-step8150-f39of40-d1of2,2,C2,True,0,0.9751742501370507,98,0.18992248062015504,23,167,0.1377245508982036,0.1377245508982036,13662,6786,419,1,accepted,,False,fresh_execution,stage18-scaling-24a9adb84176,2,4,8150,320
320,s2-step8150-f39of40-d1of2,3,C3,True,0,0.975252564805388,96,0.18604651162790697,41,147,0.2789115646258503,0.21342027935434527,20510,6848,421,1,accepted,,False,fresh_execution,stage18-scaling-24a9adb84176,2,4,8150,320
320,s2-step8150-f39of40-d1of2,4,C4,True,0,0.9755658234787375,102,0.19767441860465115,23,74,0.3108108108108108,0.23854336263974818,27284,6774,415,1,accepted,,False,fresh_execution,stage18-scaling-24a9adb84176,2,4,8150,320
320,s2-step8150-f39of40-d1of2,5,C5,True,0,0.9750959354687133,102,0.19767441860465115,51,143,0.35664335664335667,0.2765525152469766,34058,6774,415,1,accepted,,False,fresh_execution,stage18-scaling-24a9adb84176,2,4,8150,320
320,s2-step8150-f39of40-d1of2,6,C6,True,0,0.9757224528154124,88,0.17054263565891473,13,32,0.40625,0.300466297816505,41026,6968,429,1,accepted,,False,fresh_execution,stage18-scaling-24a9adb84176,2,4,8150,320
320,s2-step8150-f39of40-d1of2,7,C7,True,0,0.9761140261570992,94,0.1821705426356589,55,131,0.4198473282442748,0.2939447787752393,47872,6846,423,1,accepted,,False,fresh_execution,stage18-scaling-24a9adb84176,2,4,8150,320
320,s2-step8150-f39of40-d1of2,8,C8,False,0,1.0,383,,15,82,0.18292682926829268,,50000,2128,133,1,budget_exhaustion,requested_member_8_budget_exhaustion,False,fresh_execution,stage18-scaling-24a9adb84176,2,4,8150,320
321,s2-step8150-f39of40-d3of4,1,C1,True,0,0.9751742501370507,92,0.17829457364341086,0,1,0.0,,6876,6876,425,1,accepted,,False,fresh_execution,stage18-scaling-24a9adb84176,2,4,8150,321
321,s2-step8150-f39of40-d3of4,2,C2,True,0,0.9751742501370507,98,0.18992248062015504,23,167,0.1377245508982036,0.1377245508982036,13662,6786,419,1,accepted,,False,fresh_execution,stage18-scaling-24a9adb84176,2,4,8150,321
321,s2-step8150-f39of40-d3of4,3,C3,True,0,0.975252564805388,96,0.18604651162790697,41,147,0.2789115646258503,0.21342027935434527,20510,6848,421,1,accepted,,False,fresh_execution,stage18-scaling-24a9adb84176,2,4,8150,321
321,s2-step8150-f39of40-d3of4,4,C4,True,0,0.9755658234787375,102,0.19767441860465115,23,74,0.3108108108108108,0.23854336263974818,27284,6774,415,1,accepted,,False,fresh_execution,stage18-scaling-24a9adb84176,2,4,8150,321
321,s2-step8150-f39of40-d3of4,5,C5,True,0,0.9750959354687133,102,0.19767441860465115,51,143,0.35664335664335667,0.2765525152469766,34058,6774,415,1,accepted,,False,fresh_execution,stage18-scaling-24a9adb84176,2,4,8150,321
321,s2-step8150-f39of40-d3of4,6,C6,True,0,0.9757224528154124,88,0.17054263565891473,13,32,0.40625,0.300466297816505,41026,6968,429,1,accepted,,False,fresh_execution,stage18-scaling-24a9adb84176,2,4,8150,321
321,s2-step8150-f39of40-d3of4,7,C7,True,0,0.9761140261570992,94,0.1821705426356589,55,131,0.4198473282442748,0.2939447787752393,47872,6846,423,1,accepted,,False,fresh_execution,stage18-scaling-24a9adb84176,2,4,8150,321
321,s2-step8150-f39of40-d3of4,8,C8,False,0,1.0,383,,15,82,0.18292682926829268,,50000,2128,133,1,budget_exhaustion,requested_member_8_budget_exhaustion,False,fresh_execution,stage18-scaling-24a9adb84176,2,4,8150,321
322,s2-step8150-f99of100-d1of4,1,C1,True,0,0.9902889811261649,105,0.20348837209302326,0,1,0.0,,6697,6697,412,1,accepted,,False,fresh_execution,stage18-scaling-24a9adb84176,2,4,8150,322
322,s2-step8150-f99of100-d1of4,2,C2,True,0,0.9906022397995145,121,0.23449612403100775,23,203,0.11330049261083744,0.11330049261083744,13170,6473,396,1,accepted,,False,fresh_execution,stage18-scaling-24a9adb84176,2,4,8150,322
322,s2-step8150-f99of100-d1of4,3,C3,False,1,0.9997650559949879,301,,34,169,0.20118343195266272,,23170,10000,617,2,budget_exhaustion,requested_member_3_budget_exhaustion,False,fresh_execution,stage18-scaling-24a9adb84176,2,4,8150,322
323,s2-step8150-f99of100-d1of2,1,C1,True,0,0.9902889811261649,105,0.20348837209302326,0,1,0.0,,6697,6697,412,1,accepted,,False,fresh_execution,stage18-scaling-24a9adb84176,2,4,8150,323
323,s2-step8150-f99of100-d1of2,2,C2,True,0,0.9906022397995145,121,0.23449612403100775,23,203,0.11330049261083744,0.11330049261083744,13170,6473,396,1,accepted,,False,fresh_execution,stage18-scaling-24a9adb84176,2,4,8150,323
323,s2-step8150-f99of100-d1of2,3,C3,True,0,0.9902889811261649,116,0.2248062015503876,57,164,0.3475609756097561,0.2546628407460545,19718,6548,401,1,accepted,,False,fresh_execution,stage18-scaling-24a9adb84176,2,4,8150,323
323,s2-step8150-f99of100-d1of2,4,C4,True,0,0.9901323517894902,116,0.2248062015503876,61,160,0.38125,0.28431499056499054,26346,6628,401,1,accepted,,False,fresh_execution,stage18-scaling-24a9adb84176,2,4,8150,323
323,s2-step8150-f99of100-d1of2,5,C5,True,0,0.9901323517894902,121,0.23449612403100775,51,175,0.2914285714285714,0.2509028963907147,32963,6617,396,1,accepted,,False,fresh_execution,stage18-scaling-24a9adb84176,2,4,8150,323
323,s2-step8150-f99of100-d1of2,6,C6,True,0,0.9900540371211528,113,0.2189922480620155,27,82,0.32926829268292684,0.2647008809406502,39572,6609,404,1,accepted,,False,fresh_execution,stage18-scaling-24a9adb84176,2,4,8150,323
323,s2-step8150-f99of100-d1of2,7,C7,True,0,0.9906022397995145,113,0.2189922480620155,59,159,0.3710691823899371,0.28762022911800983,46133,6561,404,1,accepted,,False,fresh_execution,stage18-scaling-24a9adb84176,2,4,8150,323
323,s2-step8150-f99of100-d1of2,8,C8,False,0,1.0,275,,83,308,0.2694805194805195,,50000,3867,242,1,budget_exhaustion,requested_member_8_budget_exhaustion,False,fresh_execution,stage18-scaling-24a9adb84176,2,4,8150,323
324,s2-step8150-f99of100-d3of4,1,C1,True,0,0.9902889811261649,105,0.20348837209302326,0,1,0.0,,6697,6697,412,1,accepted,,False,fresh_execution,stage18-scaling-24a9adb84176,2,4,8150,324
324,s2-step8150-f99of100-d3of4,2,C2,True,0,0.9906022397995145,121,0.23449612403100775,23,203,0.11330049261083744,0.11330049261083744,13170,6473,396,1,accepted,,False,fresh_execution,stage18-scaling-24a9adb84176,2,4,8150,324
324,s2-step8150-f99of100-d3of4,3,C3,True,0,0.9902889811261649,116,0.2248062015503876,57,164,0.3475609756097561,0.2546628407460545,19718,6548,401,1,accepted,,False,fresh_execution,stage18-scaling-24a9adb84176,2,4,8150,324
324,s2-step8150-f99of100-d3of4,4,C4,True,0,0.9901323517894902,116,0.2248062015503876,61,160,0.38125,0.28431499056499054,26346,6628,401,1,accepted,,False,fresh_execution,stage18-scaling-24a9adb84176,2,4,8150,324
324,s2-step8150-f99of100-d3of4,5,C5,True,0,0.9901323517894902,121,0.23449612403100775,51,175,0.2914285714285714,0.2509028963907147,32963,6617,396,1,accepted,,False,fresh_execution,stage18-scaling-24a9adb84176,2,4,8150,324
324,s2-step8150-f99of100-d3of4,6,C6,True,0,0.9900540371211528,113,0.2189922480620155,27,82,0.32926829268292684,0.2647008809406502,39572,6609,404,1,accepted,,False,fresh_execution,stage18-scaling-24a9adb84176,2,4,8150,324
324,s2-step8150-f99of100-d3of4,7,C7,True,0,0.9906022397995145,113,0.2189922480620155,59,159,0.3710691823899371,0.28762022911800983,46133,6561,404,1,accepted,,False,fresh_execution,stage18-scaling-24a9adb84176,2,4,8150,324
324,s2-step8150-f99of100-d3of4,8,C8,False,0,1.0,275,,83,308,0.2694805194805195,,50000,3867,242,1,budget_exhaustion,requested_member_8_budget_exhaustion,False,fresh_execution,stage18-scaling-24a9adb84176,2,4,8150,324
325,s2-step8500-f4of5-d1of4,1,C1,True,0,0.8151773827237841,48,0.09302325581395349,0,1,0.0,,7536,7536,469,1,accepted,,False,fresh_execution,stage18-scaling-24a9adb84176,2,5,8500,325
325,s2-step8500-f4of5-d1of4,2,C2,True,0,0.8103218732868667,53,0.10271317829457365,16,85,0.18823529411764706,0.18823529411764706,14997,7461,464,1,accepted,,False,fresh_execution,stage18-scaling-24a9adb84176,2,5,8500,325
325,s2-step8500-f4of5-d1of4,3,C3,True,0,0.8018638891064296,48,0.09302325581395349,17,79,0.21518987341772153,0.2017125837676843,22533,7536,469,1,accepted,,False,fresh_execution,stage18-scaling-24a9adb84176,2,5,8500,325
325,s2-step8500-f4of5-d1of4,4,C4,True,0,0.8106351319602162,51,0.09883720930232558,19,80,0.2375,0.20855779439597472,30024,7491,466,1,accepted,,False,fresh_execution,stage18-scaling-24a9adb84176,2,5,8500,325
325,s2-step8500-f4of5-d1of4,5,C5,False,1,1.0,355,,5,53,0.09433962264150944,,40024,10000,623,2,budget_exhaustion,requested_member_5_budget_exhaustion,False,fresh_execution,stage18-scaling-24a9adb84176,2,5,8500,325
326,s2-step8500-f4of5-d1of2,1,C1,True,0,0.8151773827237841,48,0.09302325581395349,0,1,0.0,,7536,7536,469,1,accepted,,False,fresh_execution,stage18-scaling-24a9adb84176,2,5,8500,326
326,s2-step8500-f4of5-d1of2,2,C2,True,0,0.8103218732868667,53,0.10271317829457365,16,85,0.18823529411764706,0.18823529411764706,14997,7461,464,1,accepted,,False,fresh_execution,stage18-scaling-24a9adb84176,2,5,8500,326
326,s2-step8500-f4of5-d1of2,3,C3,True,0,0.8018638891064296,48,0.09302325581395349,17,79,0.21518987341772153,0.2017125837676843,22533,7536,469,1,accepted,,False,fresh_execution,stage18-scaling-24a9adb84176,2,5,8500,326
326,s2-step8500-f4of5-d1of2,4,C4,True,0,0.8106351319602162,51,0.09883720930232558,19,80,0.2375,0.20855779439597472,30024,7491,466,1,accepted,,False,fresh_execution,stage18-scaling-24a9adb84176,2,5,8500,326
326,s2-step8500-f4of5-d1of2,5,C5,True,0,0.8098519852768423,56,0.10852713178294573,3,10,0.3,0.21119630277027385,37440,7416,461,1,accepted,,False,fresh_execution,stage18-scaling-24a9adb84176,2,5,8500,326
326,s2-step8500-f4of5-d1of2,6,C6,True,0,0.8092254679301433,49,0.09496124031007752,29,68,0.4264705882352941,0.2952510556887967,44961,7521,468,1,accepted,,False,fresh_execution,stage18-scaling-24a9adb84176,2,5,8500,326
326,s2-step8500-f4of5-d1of2,7,C7,False,0,0.9999216853316626,202,,35,223,0.15695067264573992,,50000,5039,315,1,budget_exhaustion,requested_member_7_budget_exhaustion,False,fresh_execution,stage18-scaling-24a9adb84176,2,5,8500,326
327,s2-step8500-f4of5-d3of4,1,C1,True,0,0.8151773827237841,48,0.09302325581395349,0,1,0.0,,7536,7536,469,1,accepted,,False,fresh_execution,stage18-scaling-24a9adb84176,2,5,8500,327
327,s2-step8500-f4of5-d3of4,2,C2,True,0,0.8103218732868667,53,0.10271317829457365,16,85,0.18823529411764706,0.18823529411764706,14997,7461,464,1,accepted,,False,fresh_execution,stage18-scaling-24a9adb84176,2,5,8500,327
327,s2-step8500-f4of5-d3of4,3,C3,True,0,0.8018638891064296,48,0.09302325581395349,17,79,0.21518987341772153,0.2017125837676843,22533,7536,469,1,accepted,,False,fresh_execution,stage18-scaling-24a9adb84176,2,5,8500,327
327,s2-step8500-f4of5-d3of4,4,C4,True,0,0.8106351319602162,51,0.09883720930232558,19,80,0.2375,0.20855779439597472,30024,7491,466,1,accepted,,False,fresh_execution,stage18-scaling-24a9adb84176,2,5,8500,327
327,s2-step8500-f4of5-d3of4,5,C5,True,0,0.8098519852768423,56,0.10852713178294573,3,10,0.3,0.21119630277027385,37440,7416,461,1,accepted,,False,fresh_execution,stage18-scaling-24a9adb84176,2,5,8500,327
327,s2-step8500-f4of5-d3of4,6,C6,True,0,0.8092254679301433,49,0.09496124031007752,29,68,0.4264705882352941,0.2952510556887967,44961,7521,468,1,accepted,,False,fresh_execution,stage18-scaling-24a9adb84176,2,5,8500,327
327,s2-step8500-f4of5-d3of4,7,C7,False,0,0.9999216853316626,202,,35,223,0.15695067264573992,,50000,5039,315,1,budget_exhaustion,requested_member_7_budget_exhaustion,False,fresh_execution,stage18-scaling-24a9adb84176,2,5,8500,327
328,s2-step8500-f17of20-d1of4,1,C1,True,0,0.8663951758164304,51,0.09883720930232558,0,1,0.0,,7491,7491,466,1,accepted,,False,fresh_execution,stage18-scaling-24a9adb84176,2,5,8500,328
328,s2-step8500-f17of20-d1of4,2,C2,True,0,0.8637324770929595,59,0.11434108527131782,13,97,0.13402061855670103,0.13402061855670103,14862,7371,458,1,accepted,,False,fresh_execution,stage18-scaling-24a9adb84176,2,5,8500,328
328,s2-step8500-f17of20-d1of4,3,C3,True,0,0.8540997728874619,54,0.10465116279069768,4,17,0.23529411764705882,0.1826470588235294,22308,7446,463,1,accepted,,False,fresh_execution,stage18-scaling-24a9adb84176,2,5,8500,328
328,s2-step8500-f17of20-d1of4,4,C4,True,0,0.8548046049024982,57,0.11046511627906977,7,29,0.2413793103448276,0.20604456543657995,29709,7401,460,1,accepted,,False,fresh_execution,stage18-scaling-24a9adb84176,2,5,8500,328
328,s2-step8500-f17of20-d1of4,5,C5,True,0,0.8569191009476075,60,0.11627906976744186,7,30,0.23333333333333334,0.19262283024418947,37065,7356,457,1,accepted,,False,fresh_execution,stage18-scaling-24a9adb84176,2,5,8500,328
328,s2-step8500-f17of20-d1of4,6,C6,False,1,1.0,356,,39,376,0.10372340425531915,,47065,10000,623,2,budget_exhaustion,requested_member_6_budget_exhaustion,False,fresh_execution,stage18-scaling-24a9adb84176,2,5,8500,328
329,s2-step8500-f17of20-d1of2,1,C1,True,0,0.8663951758164304,51,0.09883720930232558,0,1,0.0,,7491,7491,466,1,accepted,,False,fresh_execution,stage18-scaling-24a9adb84176,2,5,8500,329
329,s2-step8500-f17of20-d1of2,2,C2,True,0,0.8637324770929595,59,0.11434108527131782,13,97,0.13402061855670103,0.13402061855670103,14862,7371,458,1,accepted,,False,fresh_execution,stage18-scaling-24a9adb84176,2,5,8500,329
329,s2-step8500-f17of20-d1of2,3,C3,True,0,0.8540997728874619,54,0.10465116279069768,4,17,0.23529411764705882,0.1826470588235294,22308,7446,463,1,accepted,,False,fresh_execution,stage18-scaling-24a9adb84176,2,5,8500,329
329,s2-step8500-f17of20-d1of2,4,C4,True,0,0.8548046049024982,57,0.11046511627906977,7,29,0.2413793103448276,0.20604456543657995,29709,7401,460,1,accepted,,False,fresh_execution,stage18-scaling-24a9adb84176,2,5,8500,329
329,s2-step8500-f17of20-d1of2,5,C5,True,0,0.8569191009476075,60,0.11627906976744186,7,30,0.23333333333333334,0.19262283024418947,37065,7356,457,1,accepted,,False,fresh_execution,stage18-scaling-24a9adb84176,2,5,8500,329
329,s2-step8500-f17of20-d1of2,6,C6,True,0,0.8508105568172919,55,0.1065891472868217,14,39,0.358974358974359,0.25835478332846673,44496,7431,462,1,accepted,,False,fresh_execution,stage18-scaling-24a9adb84176,2,5,8500,329
329,s2-step8500-f17of20-d1of2,7,C7,False,0,1.0,172,,33,196,0.1683673469387755,,50000,5504,344,1,budget_exhaustion,requested_member_7_budget_exhaustion,False,fresh_execution,stage18-scaling-24a9adb84176,2,5,8500,329
330,s2-step8500-f17of20-d3of4,1,C1,True,0,0.8663951758164304,51,0.09883720930232558,0,1,0.0,,7491,7491,466,1,accepted,,False,fresh_execution,stage18-scaling-24a9adb84176,2,5,8500,330
330,s2-step8500-f17of20-d3of4,2,C2,True,0,0.8637324770929595,59,0.11434108527131782,13,97,0.13402061855670103,0.13402061855670103,14862,7371,458,1,accepted,,False,fresh_execution,stage18-scaling-24a9adb84176,2,5,8500,330
330,s2-step8500-f17of20-d3of4,3,C3,True,0,0.8540997728874619,54,0.10465116279069768,4,17,0.23529411764705882,0.1826470588235294,22308,7446,463,1,accepted,,False,fresh_execution,stage18-scaling-24a9adb84176,2,5,8500,330
330,s2-step8500-f17of20-d3of4,4,C4,True,0,0.8548046049024982,57,0.11046511627906977,7,29,0.2413793103448276,0.20604456543657995,29709,7401,460,1,accepted,,False,fresh_execution,stage18-scaling-24a9adb84176,2,5,8500,330
330,s2-step8500-f17of20-d3of4,5,C5,True,0,0.8569191009476075,60,0.11627906976744186,7,30,0.23333333333333334,0.19262283024418947,37065,7356,457,1,accepted,,False,fresh_execution,stage18-scaling-24a9adb84176,2,5,8500,330
330,s2-step8500-f17of20-d3of4,6,C6,True,0,0.8508105568172919,55,0.1065891472868217,14,39,0.358974358974359,0.25835478332846673,44496,7431,462,1,accepted,,False,fresh_execution,stage18-scaling-24a9adb84176,2,5,8500,330
330,s2-step8500-f17of20-d3of4,7,C7,False,0,1.0,172,,33,196,0.1683673469387755,,50000,5504,344,1,budget_exhaustion,requested_member_7_budget_exhaustion,False,fresh_execution,stage18-scaling-24a9adb84176,2,5,8500,330
331,s2-step8500-f9of10-d1of4,1,C1,True,0,0.902811496593312,54,0.10465116279069768,0,1,0.0,,7446,7446,463,1,accepted,,False,fresh_execution,stage18-scaling-24a9adb84176,2,5,8500,331
331,s2-step8500-f9of10-d1of4,2,C2,True,0,0.9014801472315764,65,0.12596899224806202,12,107,0.11214953271028037,0.11214953271028037,14727,7281,452,1,accepted,,False,fresh_execution,stage18-scaling-24a9adb84176,2,5,8500,331
331,s2-step8500-f9of10-d1of4,3,C3,False,1,1.0,354,,3,31,0.0967741935483871,,24727,10000,623,2,budget_exhaustion,requested_member_3_budget_exhaustion,False,fresh_execution,stage18-scaling-24a9adb84176,2,5,8500,331
332,s2-step8500-f9of10-d1of2,1,C1,True,0,0.902811496593312,54,0.10465116279069768,0,1,0.0,,7446,7446,463,1,accepted,,False,fresh_execution,stage18-scaling-24a9adb84176,2,5,8500,332
332,s2-step8500-f9of10-d1of2,2,C2,True,0,0.9014801472315764,65,0.12596899224806202,12,107,0.11214953271028037,0.11214953271028037,14727,7281,452,1,accepted,,False,fresh_execution,stage18-scaling-24a9adb84176,2,5,8500,332
332,s2-step8500-f9of10-d1of2,3,C3,True,0,0.9015584618999138,57,0.11046511627906977,8,29,0.27586206896551724,0.20802449242668386,22128,7401,460,1,accepted,,False,fresh_execution,stage18-scaling-24a9adb84176,2,5,8500,332
332,s2-step8500-f9of10-d1of2,4,C4,True,0,0.9057874539901324,66,0.12790697674418605,5,19,0.2631578947368421,0.1739016344279502,29394,7266,451,1,accepted,,False,fresh_execution,stage18-scaling-24a9adb84176,2,5,8500,332
332,s2-step8500-f9of10-d1of2,5,C5,True,0,0.902811496593312,65,0.12596899224806202,25,94,0.26595744680851063,0.2201425603553263,36691,7297,452,1,accepted,,False,fresh_execution,stage18-scaling-24a9adb84176,2,5,8500,332
332,s2-step8500-f9of10-d1of2,6,C6,True,0,0.9007753152165401,64,0.12403100775193798,14,45,0.3111111111111111,0.237778186876125,44003,7312,453,1,accepted,,False,fresh_execution,stage18-scaling-24a9adb84176,2,5,8500,332
332,s2-step8500-f9of10-d1of2,7,C7,False,0,0.9997650559949879,142,,37,162,0.22839506172839505,,50000,5997,375,1,budget_exhaustion,requested_member_7_budget_exhaustion,False,fresh_execution,stage18-scaling-24a9adb84176,2,5,8500,332
333,s2-step8500-f9of10-d3of4,1,C1,True,0,0.902811496593312,54,0.10465116279069768,0,1,0.0,,7446,7446,463,1,accepted,,False,fresh_execution,stage18-scaling-24a9adb84176,2,5,8500,333
333,s2-step8500-f9of10-d3of4,2,C2,True,0,0.9014801472315764,65,0.12596899224806202,12,107,0.11214953271028037,0.11214953271028037,14727,7281,452,1,accepted,,False,fresh_execution,stage18-scaling-24a9adb84176,2,5,8500,333
333,s2-step8500-f9of10-d3of4,3,C3,True,0,0.9015584618999138,57,0.11046511627906977,8,29,0.27586206896551724,0.20802449242668386,22128,7401,460,1,accepted,,False,fresh_execution,stage18-scaling-24a9adb84176,2,5,8500,333
333,s2-step8500-f9of10-d3of4,4,C4,True,0,0.9057874539901324,66,0.12790697674418605,5,19,0.2631578947368421,0.1739016344279502,29394,7266,451,1,accepted,,False,fresh_execution,stage18-scaling-24a9adb84176,2,5,8500,333
333,s2-step8500-f9of10-d3of4,5,C5,True,0,0.902811496593312,65,0.12596899224806202,25,94,0.26595744680851063,0.2201425603553263,36691,7297,452,1,accepted,,False,fresh_execution,stage18-scaling-24a9adb84176,2,5,8500,333
333,s2-step8500-f9of10-d3of4,6,C6,True,0,0.9007753152165401,64,0.12403100775193798,14,45,0.3111111111111111,0.237778186876125,44003,7312,453,1,accepted,,False,fresh_execution,stage18-scaling-24a9adb84176,2,5,8500,333
333,s2-step8500-f9of10-d3of4,7,C7,False,0,0.9997650559949879,142,,37,162,0.22839506172839505,,50000,5997,375,1,budget_exhaustion,requested_member_7_budget_exhaustion,False,fresh_execution,stage18-scaling-24a9adb84176,2,5,8500,333
334,s2-step8500-f19of20-d1of4,1,C1,True,0,0.9530895136659097,67,0.1298449612403101,0,1,0.0,,7251,7251,450,1,accepted,,False,fresh_execution,stage18-scaling-24a9adb84176,2,5,8500,334
334,s2-step8500-f19of20-d1of4,2,C2,True,0,0.9535594016759339,75,0.14534883720930233,17,125,0.136,0.136,14398,7147,442,1,accepted,,False,fresh_execution,stage18-scaling-24a9adb84176,2,5,8500,334
334,s2-step8500-f19of20-d1of4,3,C3,True,0,0.9523063669825358,69,0.13372093023255813,19,117,0.1623931623931624,0.13933611608030214,21619,7221,448,1,accepted,,False,fresh_execution,stage18-scaling-24a9adb84176,2,5,8500,334
334,s2-step8500-f19of20-d1of4,4,C4,False,1,1.0,339,,23,180,0.12777777777777777,,31619,10000,621,2,budget_exhaustion,requested_member_4_budget_exhaustion,False,fresh_execution,stage18-scaling-24a9adb84176,2,5,8500,334
335,s2-step8500-f19of20-d1of2,1,C1,True,0,0.9530895136659097,67,0.1298449612403101,0,1,0.0,,7251,7251,450,1,accepted,,False,fresh_execution,stage18-scaling-24a9adb84176,2,5,8500,335
335,s2-step8500-f19of20-d1of2,2,C2,True,0,0.9535594016759339,75,0.14534883720930233,17,125,0.136,0.136,14398,7147,442,1,accepted,,False,fresh_execution,stage18-scaling-24a9adb84176,2,5,8500,335
335,s2-step8500-f19of20-d1of2,3,C3,True,0,0.9523063669825358,69,0.13372093023255813,19,117,0.1623931623931624,0.13933611608030214,21619,7221,448,1,accepted,,False,fresh_execution,stage18-scaling-24a9adb84176,2,5,8500,335
335,s2-step8500-f19of20-d1of2,4,C4,True,0,0.9500352416007518,74,0.1434108527131783,10,37,0.2702702702702703,0.2051653589072944,28781,7162,443,1,accepted,,False,fresh_execution,stage18-scaling-24a9adb84176,2,5,8500,335
335,s2-step8500-f19of20-d1of2,5,C5,True,0,0.9507400736157883,73,0.14147286821705427,23,117,0.19658119658119658,0.17557658060097084,35942,7161,444,1,accepted,,False,fresh_execution,stage18-scaling-24a9adb84176,2,5,8500,335
335,s2-step8500-f19of20-d1of2,6,C6,True,0,0.9532461430025844,71,0.1375968992248062,19,50,0.38,0.261377126629467,43165,7223,446,1,accepted,,False,fresh_execution,stage18-scaling-24a9adb84176,2,5,8500,335
335,s2-step8500-f19of20-d1of2,7,C7,False,0,0.9803430182473177,89,,35,121,0.2892561983471074,,50000,6835,428,1,budget_exhaustion,requested_member_7_budget_exhaustion,False,fresh_execution,stage18-scaling-24a9adb84176,2,5,8500,335
336,s2-step8500-f19of20-d3of4,1,C1,True,0,0.9530895136659097,67,0.1298449612403101,0,1,0.0,,7251,7251,450,1,accepted,,False,fresh_execution,stage18-scaling-24a9adb84176,2,5,8500,336
336,s2-step8500-f19of20-d3of4,2,C2,True,0,0.9535594016759339,75,0.14534883720930233,17,125,0.136,0.136,14398,7147,442,1,accepted,,False,fresh_execution,stage18-scaling-24a9adb84176,2,5,8500,336
336,s2-step8500-f19of20-d3of4,3,C3,True,0,0.9523063669825358,69,0.13372093023255813,19,117,0.1623931623931624,0.13933611608030214,21619,7221,448,1,accepted,,False,fresh_execution,stage18-scaling-24a9adb84176,2,5,8500,336
336,s2-step8500-f19of20-d3of4,4,C4,True,0,0.9500352416007518,74,0.1434108527131783,10,37,0.2702702702702703,0.2051653589072944,28781,7162,443,1,accepted,,False,fresh_execution,stage18-scaling-24a9adb84176,2,5,8500,336
336,s2-step8500-f19of20-d3of4,5,C5,True,0,0.9507400736157883,73,0.14147286821705427,23,117,0.19658119658119658,0.17557658060097084,35942,7161,444,1,accepted,,False,fresh_execution,stage18-scaling-24a9adb84176,2,5,8500,336
336,s2-step8500-f19of20-d3of4,6,C6,True,0,0.9532461430025844,71,0.1375968992248062,19,50,0.38,0.261377126629467,43165,7223,446,1,accepted,,False,fresh_execution,stage18-scaling-24a9adb84176,2,5,8500,336
336,s2-step8500-f19of20-d3of4,7,C7,False,0,0.9803430182473177,89,,35,121,0.2892561983471074,,50000,6835,428,1,budget_exhaustion,requested_member_7_budget_exhaustion,False,fresh_execution,stage18-scaling-24a9adb84176,2,5,8500,336
337,s2-step8500-f39of40-d1of4,1,C1,True,0,0.975644138147075,77,0.14922480620155038,0,1,0.0,,7117,7117,440,1,accepted,,False,fresh_execution,stage18-scaling-24a9adb84176,2,5,8500,337
337,s2-step8500-f39of40-d1of4,2,C2,True,0,0.9770538021771478,84,0.16279069767441862,15,146,0.10273972602739725,0.10273972602739725,14113,6996,433,1,accepted,,False,fresh_execution,stage18-scaling-24a9adb84176,2,5,8500,337
337,s2-step8500-f39of40-d1of4,3,C3,True,0,0.9769754875088104,92,0.17829457364341086,20,149,0.1342281879194631,0.11369794489140855,20989,6876,425,1,accepted,,False,fresh_execution,stage18-scaling-24a9adb84176,2,5,8500,337
337,s2-step8500-f39of40-d1of4,4,C4,False,1,0.9999216853316626,327,,53,351,0.150997150997151,,30989,10000,620,2,budget_exhaustion,requested_member_4_budget_exhaustion,False,fresh_execution,stage18-scaling-24a9adb84176,2,5,8500,337
338,s2-step8500-f39of40-d1of2,1,C1,True,0,0.975644138147075,77,0.14922480620155038,0,1,0.0,,7117,7117,440,1,accepted,,False,fresh_execution,stage18-scaling-24a9adb84176,2,5,8500,338
338,s2-step8500-f39of40-d1of2,2,C2,True,0,0.9770538021771478,84,0.16279069767441862,15,146,0.10273972602739725,0.10273972602739725,14113,6996,433,1,accepted,,False,fresh_execution,stage18-scaling-24a9adb84176,2,5,8500,338
338,s2-step8500-f39of40-d1of2,3,C3,True,0,0.9769754875088104,92,0.17829457364341086,20,149,0.1342281879194631,0.11369794489140855,20989,6876,425,1,accepted,,False,fresh_execution,stage18-scaling-24a9adb84176,2,5,8500,338
338,s2-step8500-f39of40-d1of2,4,C4,True,0,0.9751742501370507,87,0.1686046511627907,37,127,0.29133858267716534,0.171307971035211,27956,6967,430,1,accepted,,False,fresh_execution,stage18-scaling-24a9adb84176,2,5,8500,338
338,s2-step8500-f39of40-d1of2,5,C5,True,0,0.9751742501370507,83,0.16085271317829458,17,63,0.2698412698412698,0.19610242939984318,34967,7011,434,1,accepted,,False,fresh_execution,stage18-scaling-24a9adb84176,2,5,8500,338
338,s2-step8500-f39of40-d1of2,6,C6,True,0,0.9761923408254366,81,0.1569767441860465,18,61,0.29508196721311475,0.2081500542664246,42008,7041,436,1,accepted,,False,fresh_execution,stage18-scaling-24a9adb84176,2,5,8500,338
338,s2-step8500-f39of40-d1of2,7,C7,True,0,0.9754091941420628,78,0.1511627906976744,7,24,0.2916666666666667,0.22646823409106023,49094,7086,439,1,accepted,,False,fresh_execution,stage18-scaling-24a9adb84176,2,5,8500,338
338,s2-step8500-f39of40-d1of2,8,C8,False,0,1.0,460,,80,467,0.17130620985010706,,50000,906,57,1,budget_exhaustion,requested_member_8_budget_exhaustion,False,fresh_execution,stage18-scaling-24a9adb84176,2,5,8500,338
339,s2-step8500-f39of40-d3of4,1,C1,True,0,0.975644138147075,77,0.14922480620155038,0,1,0.0,,7117,7117,440,1,accepted,,False,fresh_execution,stage18-scaling-24a9adb84176,2,5,8500,339
339,s2-step8500-f39of40-d3of4,2,C2,True,0,0.9770538021771478,84,0.16279069767441862,15,146,0.10273972602739725,0.10273972602739725,14113,6996,433,1,accepted,,False,fresh_execution,stage18-scaling-24a9adb84176,2,5,8500,339
339,s2-step8500-f39of40-d3of4,3,C3,True,0,0.9769754875088104,92,0.17829457364341086,20,149,0.1342281879194631,0.11369794489140855,20989,6876,425,1,accepted,,False,fresh_execution,stage18-scaling-24a9adb84176,2,5,8500,339
339,s2-step8500-f39of40-d3of4,4,C4,True,0,0.9751742501370507,87,0.1686046511627907,37,127,0.29133858267716534,0.171307971035211,27956,6967,430,1,accepted,,False,fresh_execution,stage18-scaling-24a9adb84176,2,5,8500,339
339,s2-step8500-f39of40-d3of4,5,C5,True,0,0.9751742501370507,83,0.16085271317829458,17,63,0.2698412698412698,0.19610242939984318,34967,7011,434,1,accepted,,False,fresh_execution,stage18-scaling-24a9adb84176,2,5,8500,339
339,s2-step8500-f39of40-d3of4,6,C6,True,0,0.9761923408254366,81,0.1569767441860465,18,61,0.29508196721311475,0.2081500542664246,42008,7041,436,1,accepted,,False,fresh_execution,stage18-scaling-24a9adb84176,2,5,8500,339
339,s2-step8500-f39of40-d3of4,7,C7,True,0,0.9754091941420628,78,0.1511627906976744,7,24,0.2916666666666667,0.22646823409106023,49094,7086,439,1,accepted,,False,fresh_execution,stage18-scaling-24a9adb84176,2,5,8500,339
339,s2-step8500-f39of40-d3of4,8,C8,False,0,1.0,460,,80,467,0.17130620985010706,,50000,906,57,1,budget_exhaustion,requested_member_8_budget_exhaustion,False,fresh_execution,stage18-scaling-24a9adb84176,2,5,8500,339
340,s2-step8500-f99of100-d1of4,1,C1,True,0,0.9901323517894902,87,0.1686046511627907,0,1,0.0,,6967,6967,430,1,accepted,,False,fresh_execution,stage18-scaling-24a9adb84176,2,5,8500,340
340,s2-step8500-f99of100-d1of4,2,C2,True,0,0.9902106664578275,105,0.20348837209302326,5,91,0.054945054945054944,0.054945054945054944,13648,6681,412,1,accepted,,False,fresh_execution,stage18-scaling-24a9adb84176,2,5,8500,340
340,s2-step8500-f99of100-d1of4,3,C3,True,0,0.9900540371211528,98,0.18992248062015504,23,162,0.1419753086419753,0.11088127134226425,20450,6802,419,1,accepted,,False,fresh_execution,stage18-scaling-24a9adb84176,2,5,8500,340
340,s2-step8500-f99of100-d1of4,4,C4,False,1,1.0,312,,59,340,0.17352941176470588,,30450,10000,620,2,budget_exhaustion,requested_member_4_budget_exhaustion,False,fresh_execution,stage18-scaling-24a9adb84176,2,5,8500,340
341,s2-step8500-f99of100-d1of2,1,C1,True,0,0.9901323517894902,87,0.1686046511627907,0,1,0.0,,6967,6967,430,1,accepted,,False,fresh_execution,stage18-scaling-24a9adb84176,2,5,8500,341
341,s2-step8500-f99of100-d1of2,2,C2,True,0,0.9902106664578275,105,0.20348837209302326,5,91,0.054945054945054944,0.054945054945054944,13648,6681,412,1,accepted,,False,fresh_execution,stage18-scaling-24a9adb84176,2,5,8500,341
341,s2-step8500-f99of100-d1of2,3,C3,True,0,0.9900540371211528,98,0.18992248062015504,23,162,0.1419753086419753,0.11088127134226425,20450,6802,419,1,accepted,,False,fresh_execution,stage18-scaling-24a9adb84176,2,5,8500,341
341,s2-step8500-f99of100-d1of2,4,C4,True,0,0.9902889811261649,102,0.19767441860465115,44,145,0.30344827586206896,0.18192223720541964,27176,6726,415,1,accepted,,False,fresh_execution,stage18-scaling-24a9adb84176,2,5,8500,341
341,s2-step8500-f99of100-d1of2,5,C5,True,0,0.9901323517894902,87,0.1686046511627907,22,65,0.3384615384615385,0.20166879858920544,34159,6983,430,1,accepted,,False,fresh_execution,stage18-scaling-24a9adb84176,2,5,8500,341
341,s2-step8500-f99of100-d1of2,6,C6,True,0,0.9901323517894902,107,0.20736434108527133,37,157,0.2356687898089172,0.19382832520017618,40810,6651,410,1,accepted,,False,fresh_execution,stage18-scaling-24a9adb84176,2,5,8500,341
341,s2-step8500-f99of100-d1of2,7,C7,True,0,0.9900540371211528,103,0.1996124031007752,41,149,0.2751677852348993,0.21636252058217895,47521,6711,414,1,accepted,,False,fresh_execution,stage18-scaling-24a9adb84176,2,5,8500,341
341,s2-step8500-f99of100-d1of2,8,C8,False,0,1.0,362,,73,391,0.1867007672634271,,50000,2479,155,1,budget_exhaustion,requested_member_8_budget_exhaustion,False,fresh_execution,stage18-scaling-24a9adb84176,2,5,8500,341
342,s2-step8500-f99of100-d3of4,1,C1,True,0,0.9901323517894902,87,0.1686046511627907,0,1,0.0,,6967,6967,430,1,accepted,,False,fresh_execution,stage18-scaling-24a9adb84176,2,5,8500,342
342,s2-step8500-f99of100-d3of4,2,C2,True,0,0.9902106664578275,105,0.20348837209302326,5,91,0.054945054945054944,0.054945054945054944,13648,6681,412,1,accepted,,False,fresh_execution,stage18-scaling-24a9adb84176,2,5,8500,342
342,s2-step8500-f99of100-d3of4,3,C3,True,0,0.9900540371211528,98,0.18992248062015504,23,162,0.1419753086419753,0.11088127134226425,20450,6802,419,1,accepted,,False,fresh_execution,stage18-scaling-24a9adb84176,2,5,8500,342
342,s2-step8500-f99of100-d3of4,4,C4,True,0,0.9902889811261649,102,0.19767441860465115,44,145,0.30344827586206896,0.18192223720541964,27176,6726,415,1,accepted,,False,fresh_execution,stage18-scaling-24a9adb84176,2,5,8500,342
342,s2-step8500-f99of100-d3of4,5,C5,True,0,0.9901323517894902,87,0.1686046511627907,22,65,0.3384615384615385,0.20166879858920544,34159,6983,430,1,accepted,,False,fresh_execution,stage18-scaling-24a9adb84176,2,5,8500,342
342,s2-step8500-f99of100-d3of4,6,C6,True,0,0.9901323517894902,107,0.20736434108527133,37,157,0.2356687898089172,0.19382832520017618,40810,6651,410,1,accepted,,False,fresh_execution,stage18-scaling-24a9adb84176,2,5,8500,342
342,s2-step8500-f99of100-d3of4,7,C7,True,0,0.9900540371211528,103,0.1996124031007752,41,149,0.2751677852348993,0.21636252058217895,47521,6711,414,1,accepted,,False,fresh_execution,stage18-scaling-24a9adb84176,2,5,8500,342
342,s2-step8500-f99of100-d3of4,8,C8,False,0,1.0,362,,73,391,0.1867007672634271,,50000,2479,155,1,budget_exhaustion,requested_member_8_budget_exhaustion,False,fresh_execution,stage18-scaling-24a9adb84176,2,5,8500,342
343,s2-step8650-f4of5-d1of4,1,C1,True,0,0.814315921372073,50,0.09689922480620156,0,1,0.0,,7506,7506,467,1,accepted,,False,fresh_execution,stage18-scaling-24a9adb84176,2,6,8650,343
343,s2-step8650-f4of5-d1of4,2,C2,True,0,0.8023337771164539,52,0.10077519379844961,3,14,0.21428571428571427,0.21428571428571427,14982,7476,465,1,accepted,,False,fresh_execution,stage18-scaling-24a9adb84176,2,6,8650,343
343,s2-step8650-f4of5-d1of4,3,C3,False,1,1.0,360,,7,75,0.09333333333333334,,24982,10000,623,2,budget_exhaustion,requested_member_3_budget_exhaustion,False,fresh_execution,stage18-scaling-24a9adb84176,2,6,8650,343
344,s2-step8650-f4of5-d1of2,1,C1,True,0,0.814315921372073,50,0.09689922480620156,0,1,0.0,,7506,7506,467,1,accepted,,False,fresh_execution,stage18-scaling-24a9adb84176,2,6,8650,344
344,s2-step8650-f4of5-d1of2,2,C2,True,0,0.8023337771164539,52,0.10077519379844961,3,14,0.21428571428571427,0.21428571428571427,14982,7476,465,1,accepted,,False,fresh_execution,stage18-scaling-24a9adb84176,2,6,8650,344
344,s2-step8650-f4of5-d1of2,3,C3,True,0,0.8054663638499491,51,0.09883720930232558,21,80,0.2625,0.23008720930232557,22473,7491,466,1,accepted,,False,fresh_execution,stage18-scaling-24a9adb84176,2,6,8650,344
344,s2-step8650-f4of5-d1of2,4,C4,True,0,0.8057796225232986,49,0.09496124031007752,19,80,0.2375,0.22957317073170733,29994,7521,468,1,accepted,,False,fresh_execution,stage18-scaling-24a9adb84176,2,6,8650,344
344,s2-step8650-f4of5-d1of2,5,C5,True,0,0.8027253504581409,51,0.09883720930232558,23,78,0.2948717948717949,0.24611922630215313,37517,7523,466,1,accepted,,False,fresh_execution,stage18-scaling-24a9adb84176,2,6,8650,344
344,s2-step8650-f4of5-d1of2,6,C6,True,0,0.8092254679301433,47,0.09108527131782945,22,75,0.29333333333333333,0.24868289516390782,45068,7551,470,1,accepted,,False,fresh_execution,stage18-scaling-24a9adb84176,2,6,8650,344
344,s2-step8650-f4of5-d1of2,7,C7,False,0,1.0,208,,17,112,0.15178571428571427,,50000,4932,309,1,budget_exhaustion,requested_member_7_budget_exhaustion,False,fresh_execution,stage18-scaling-24a9adb84176,2,6,8650,344
345,s2-step8650-f4of5-d3of4,1,C1,True,0,0.814315921372073,50,0.09689922480620156,0,1,0.0,,7506,7506,467,1,accepted,,False,fresh_execution,stage18-scaling-24a9adb84176,2,6,8650,345
345,s2-step8650-f4of5-d3of4,2,C2,True,0,0.8023337771164539,52,0.10077519379844961,3,14,0.21428571428571427,0.21428571428571427,14982,7476,465,1,accepted,,False,fresh_execution,stage18-scaling-24a9adb84176,2,6,8650,345
345,s2-step8650-f4of5-d3of4,3,C3,True,0,0.8054663638499491,51,0.09883720930232558,21,80,0.2625,0.23008720930232557,22473,7491,466,1,accepted,,False,fresh_execution,stage18-scaling-24a9adb84176,2,6,8650,345
345,s2-step8650-f4of5-d3of4,4,C4,True,0,0.8057796225232986,49,0.09496124031007752,19,80,0.2375,0.22957317073170733,29994,7521,468,1,accepted,,False,fresh_execution,stage18-scaling-24a9adb84176,2,6,8650,345
345,s2-step8650-f4of5-d3of4,5,C5,True,0,0.8027253504581409,51,0.09883720930232558,23,78,0.2948717948717949,0.24611922630215313,37517,7523,466,1,accepted,,False,fresh_execution,stage18-scaling-24a9adb84176,2,6,8650,345
345,s2-step8650-f4of5-d3of4,6,C6,True,0,0.8092254679301433,47,0.09108527131782945,22,75,0.29333333333333333,0.24868289516390782,45068,7551,470,1,accepted,,False,fresh_execution,stage18-scaling-24a9adb84176,2,6,8650,345
345,s2-step8650-f4of5-d3of4,7,C7,False,0,1.0,208,,17,112,0.15178571428571427,,50000,4932,309,1,budget_exhaustion,requested_member_7_budget_exhaustion,False,fresh_execution,stage18-scaling-24a9adb84176,2,6,8650,345
346,s2-step8650-f17of20-d1of4,1,C1,True,0,0.8622444983945493,54,0.10465116279069768,0,1,0.0,,7446,7446,463,1,accepted,,False,fresh_execution,stage18-scaling-24a9adb84176,2,6,8650,346
346,s2-step8650-f17of20-d1of4,2,C2,True,0,0.8548829195708356,52,0.10077519379844961,15,91,0.16483516483516483,0.16483516483516483,14922,7476,465,1,accepted,,False,fresh_execution,stage18-scaling-24a9adb84176,2,6,8650,346
346,s2-step8650-f17of20-d1of4,3,C3,True,0,0.856605842274258,54,0.10465116279069768,17,89,0.19101123595505617,0.1889122113841215,22368,7446,463,1,accepted,,False,fresh_execution,stage18-scaling-24a9adb84176,2,6,8650,346
346,s2-step8650-f17of20-d1of4,4,C4,False,1,1.0,358,,39,373,0.10455764075067024,,32368,10000,623,2,budget_exhaustion,requested_member_4_budget_exhaustion,False,fresh_execution,stage18-scaling-24a9adb84176,2,6,8650,346
347,s2-step8650-f17of20-d1of2,1,C1,True,0,0.8622444983945493,54,0.10465116279069768,0,1,0.0,,7446,7446,463,1,accepted,,False,fresh_execution,stage18-scaling-24a9adb84176,2,6,8650,347
347,s2-step8650-f17of20-d1of2,2,C2,True,0,0.8548829195708356,52,0.10077519379844961,15,91,0.16483516483516483,0.16483516483516483,14922,7476,465,1,accepted,,False,fresh_execution,stage18-scaling-24a9adb84176,2,6,8650,347
347,s2-step8650-f17of20-d1of2,3,C3,True,0,0.856605842274258,54,0.10465116279069768,17,89,0.19101123595505617,0.1889122113841215,22368,7446,463,1,accepted,,False,fresh_execution,stage18-scaling-24a9adb84176,2,6,8650,347
347,s2-step8650-f17of20-d1of2,4,C4,True,0,0.8579371916359935,53,0.10271317829457365,22,85,0.25882352941176473,0.21820299000826385,29829,7461,464,1,accepted,,False,fresh_execution,stage18-scaling-24a9adb84176,2,6,8650,347
347,s2-step8650-f17of20-d1of2,5,C5,True,0,0.85206359151069,54,0.10465116279069768,23,85,0.27058823529411763,0.21946399189046248,37275,7446,463,1,accepted,,False,fresh_execution,stage18-scaling-24a9adb84176,2,6,8650,347
347,s2-step8650-f17of20-d1of2,6,C6,True,0,0.8579371916359935,54,0.10465116279069768,11,43,0.2558139534883721,0.22357840226144382,44721,7446,463,1,accepted,,False,fresh_execution,stage18-scaling-24a9adb84176,2,6,8650,347
347,s2-step8650-f17of20-d1of2,7,C7,False,0,1.0,187,,35,206,0.16990291262135923,,50000,5279,330,1,budget_exhaustion,requested_member_7_budget_exhaustion,False,fresh_execution,stage18-scaling-24a9adb84176,2,6,8650,347
348,s2-step8650-f17of20-d3of4,1,C1,True,0,0.8622444983945493,54,0.10465116279069768,0,1,0.0,,7446,7446,463,1,accepted,,False,fresh_execution,stage18-scaling-24a9adb84176,2,6,8650,348
348,s2-step8650-f17of20-d3of4,2,C2,True,0,0.8548829195708356,52,0.10077519379844961,15,91,0.16483516483516483,0.16483516483516483,14922,7476,465,1,accepted,,False,fresh_execution,stage18-scaling-24a9adb84176,2,6,8650,348
348,s2-step8650-f17of20-d3of4,3,C3,True,0,0.856605842274258,54,0.10465116279069768,17,89,0.19101123595505617,0.1889122113841215,22368,7446,463,1,accepted,,False,fresh_execution,stage18-scaling-24a9adb84176,2,6,8650,348
348,s2-step8650-f17of20-d3of4,4,C4,True,0,0.8579371916359935,53,0.10271317829457365,22,85,0.25882352941176473,0.21820299000826385,29829,7461,464,1,accepted,,False,fresh_execution,stage18-scaling-24a9adb84176,2,6,8650,348
348,s2-step8650-f17of20-d3of4,5,C5,True,0,0.85206359151069,54,0.10465116279069768,23,85,0.27058823529411763,0.21946399189046248,37275,7446,463,1,accepted,,False,fresh_execution,stage18-scaling-24a9adb84176,2,6,8650,348
348,s2-step8650-f17of20-d3of4,6,C6,True,0,0.8579371916359935,54,0.10465116279069768,11,43,0.2558139534883721,0.22357840226144382,44721,7446,463,1,accepted,,False,fresh_execution,stage18-scaling-24a9adb84176,2,6,8650,348
348,s2-step8650-f17of20-d3of4,7,C7,False,0,1.0,187,,35,206,0.16990291262135923,,50000,5279,330,1,budget_exhaustion,requested_member_7_budget_exhaustion,False,fresh_execution,stage18-scaling-24a9adb84176,2,6,8650,348
349,s2-step8650-f9of10-d1of4,1,C1,True,0,0.9144020675072441,58,0.1124031007751938,0,1,0.0,,7386,7386,459,1,accepted,,False,fresh_execution,stage18-scaling-24a9adb84176,2,6,8650,349
349,s2-step8650-f9of10-d1of4,2,C2,True,0,0.900540371211528,61,0.1182170542635659,18,101,0.1782178217821782,0.1782178217821782,14727,7341,456,1,accepted,,False,fresh_execution,stage18-scaling-24a9adb84176,2,6,8650,349
349,s2-step8650-f9of10-d1of4,3,C3,True,0,0.9082152087085911,59,0.11434108527131782,2,11,0.18181818181818182,0.16233766233766234,22098,7371,458,1,accepted,,False,fresh_execution,stage18-scaling-24a9adb84176,2,6,8650,349
349,s2-step8650-f9of10-d1of4,4,C4,False,1,1.0,351,,43,366,0.11748633879781421,,32098,10000,622,2,budget_exhaustion,requested_member_4_budget_exhaustion,False,fresh_execution,stage18-scaling-24a9adb84176,2,6,8650,349
350,s2-step8650-f9of10-d1of2,1,C1,True,0,0.9144020675072441,58,0.1124031007751938,0,1,0.0,,7386,7386,459,1,accepted,,False,fresh_execution,stage18-scaling-24a9adb84176,2,6,8650,350
350,s2-step8650-f9of10-d1of2,2,C2,True,0,0.900540371211528,61,0.1182170542635659,18,101,0.1782178217821782,0.1782178217821782,14727,7341,456,1,accepted,,False,fresh_execution,stage18-scaling-24a9adb84176,2,6,8650,350
350,s2-step8650-f9of10-d1of2,3,C3,True,0,0.9082152087085911,59,0.11434108527131782,2,11,0.18181818181818182,0.16233766233766234,22098,7371,458,1,accepted,,False,fresh_execution,stage18-scaling-24a9adb84176,2,6,8650,350
350,s2-step8650-f9of10-d1of2,4,C4,True,0,0.902811496593312,61,0.1182170542635659,4,13,0.3076923076923077,0.2590266875981162,29455,7357,456,1,accepted,,False,fresh_execution,stage18-scaling-24a9adb84176,2,6,8650,350
350,s2-step8650-f9of10-d1of2,5,C5,True,0,0.9035163286083483,61,0.1182170542635659,25,97,0.25773195876288657,0.22670853148638728,36796,7341,456,1,accepted,,False,fresh_execution,stage18-scaling-24a9adb84176,2,6,8650,350
350,s2-step8650-f9of10-d1of2,6,C6,True,0,0.9015584618999138,58,0.1124031007751938,27,92,0.29347826086956524,0.24038443036369975,44182,7386,459,1,accepted,,False,fresh_execution,stage18-scaling-24a9adb84176,2,6,8650,350
350,s2-step8650-f9of10-d1of2,7,C7,False,0,0.9999216853316626,153,,33,179,0.18435754189944134,,50000,5818,364,1,budget_exhaustion,requested_member_7_budget_exhaustion,False,fresh_execution,stage18-scaling-24a9adb84176,2,6,8650,350
351,s2-step8650-f9of10-d3of4,1,C1,True,0,0.9144020675072441,58,0.1124031007751938,0,1,0.0,,7386,7386,459,1,accepted,,False,fresh_execution,stage18-scaling-24a9adb84176,2,6,8650,351
351,s2-step8650-f9of10-d3of4,2,C2,True,0,0.900540371211528,61,0.1182170542635659,18,101,0.1782178217821782,0.1782178217821782,14727,7341,456,1,accepted,,False,fresh_execution,stage18-scaling-24a9adb84176,2,6,8650,351
351,s2-step8650-f9of10-d3of4,3,C3,True,0,0.9082152087085911,59,0.11434108527131782,2,11,0.18181818181818182,0.16233766233766234,22098,7371,458,1,accepted,,False,fresh_execution,stage18-scaling-24a9adb84176,2,6,8650,351
351,s2-step8650-f9of10-d3of4,4,C4,True,0,0.902811496593312,61,0.1182170542635659,4,13,0.3076923076923077,0.2590266875981162,29455,7357,456,1,accepted,,False,fresh_execution,stage18-scaling-24a9adb84176,2,6,8650,351
351,s2-step8650-f9of10-d3of4,5,C5,True,0,0.9035163286083483,61,0.1182170542635659,25,97,0.25773195876288657,0.22670853148638728,36796,7341,456,1,accepted,,False,fresh_execution,stage18-scaling-24a9adb84176,2,6,8650,351
351,s2-step8650-f9of10-d3of4,6,C6,True,0,0.9015584618999138,58,0.1124031007751938,27,92,0.29347826086956524,0.24038443036369975,44182,7386,459,1,accepted,,False,fresh_execution,stage18-scaling-24a9adb84176,2,6,8650,351
351,s2-step8650-f9of10-d3of4,7,C7,False,0,0.9999216853316626,153,,33,179,0.18435754189944134,,50000,5818,364,1,budget_exhaustion,requested_member_7_budget_exhaustion,False,fresh_execution,stage18-scaling-24a9adb84176,2,6,8650,351
352,s2-step8650-f19of20-d1of4,1,C1,True,0,0.9503485002741013,72,0.13953488372093023,0,1,0.0,,7176,7176,445,1,accepted,,False,fresh_execution,stage18-scaling-24a9adb84176,2,6,8650,352
352,s2-step8650-f19of20-d1of4,2,C2,True,0,0.950896702952463,70,0.13565891472868216,19,123,0.15447154471544716,0.15447154471544716,14382,7206,447,1,accepted,,False,fresh_execution,stage18-scaling-24a9adb84176,2,6,8650,352
352,s2-step8650-f19of20-d1of4,3,C3,True,0,0.9540292896859581,74,0.1434108527131783,13,60,0.21666666666666667,0.19849726775956283,21528,7146,443,1,accepted,,False,fresh_execution,stage18-scaling-24a9adb84176,2,6,8650,352
352,s2-step8650-f19of20-d1of4,4,C4,False,1,1.0,345,,15,124,0.12096774193548387,,31528,10000,622,2,budget_exhaustion,requested_member_4_budget_exhaustion,False,fresh_execution,stage18-scaling-24a9adb84176,2,6,8650,352
353,s2-step8650-f19of20-d1of2,1,C1,True,0,0.9503485002741013,72,0.13953488372093023,0,1,0.0,,7176,7176,445,1,accepted,,False,fresh_execution,stage18-scaling-24a9adb84176,2,6,8650,353
353,s2-step8650-f19of20-d1of2,2,C2,True,0,0.950896702952463,70,0.13565891472868216,19,123,0.15447154471544716,0.15447154471544716,14382,7206,447,1,accepted,,False,fresh_execution,stage18-scaling-24a9adb84176,2,6,8650,353
353,s2-step8650-f19of20-d1of2,3,C3,True,0,0.9540292896859581,74,0.1434108527131783,13,60,0.21666666666666667,0.19849726775956283,21528,7146,443,1,accepted,,False,fresh_execution,stage18-scaling-24a9adb84176,2,6,8650,353
353,s2-step8650-f19of20-d1of2,4,C4,True,0,0.9520714229775237,67,0.1298449612403101,31,108,0.28703703703703703,0.23476955479375322,28779,7251,450,1,accepted,,False,fresh_execution,stage18-scaling-24a9adb84176,2,6,8650,353
353,s2-step8650-f19of20-d1of2,5,C5,True,0,0.9520714229775237,70,0.13565891472868216,15,56,0.26785714285714285,0.24091898247486054,35985,7206,447,1,accepted,,False,fresh_execution,stage18-scaling-24a9adb84176,2,6,8650,353
353,s2-step8650-f19of20-d1of2,6,C6,True,0,0.9512099616258125,76,0.14728682170542637,33,115,0.28695652173913044,0.2365369626111314,43133,7148,441,1,accepted,,False,fresh_execution,stage18-scaling-24a9adb84176,2,6,8650,353
353,s2-step8650-f19of20-d1of2,7,C7,False,0,0.9891925757694416,87,,13,40,0.325,,50000,6867,430,1,budget_exhaustion,requested_member_7_budget_exhaustion,False,fresh_execution,stage18-scaling-24a9adb84176,2,6,8650,353
354,s2-step8650-f19of20-d3of4,1,C1,True,0,0.9503485002741013,72,0.13953488372093023,0,1,0.0,,7176,7176,445,1,accepted,,False,fresh_execution,stage18-scaling-24a9adb84176,2,6,8650,354
354,s2-step8650-f19of20-d3of4,2,C2,True,0,0.950896702952463,70,0.13565891472868216,19,123,0.15447154471544716,0.15447154471544716,14382,7206,447,1,accepted,,False,fresh_execution,stage18-scaling-24a9adb84176,2,6,8650,354
354,s2-step8650-f19of20-d3of4,3,C3,True,0,0.9540292896859581,74,0.1434108527131783,13,60,0.21666666666666667,0.19849726775956283,21528,7146,443,1,accepted,,False,fresh_execution,stage18-scaling-24a9adb84176,2,6,8650,354
354,s2-step8650-f19of20-d3of4,4,C4,True,0,0.9520714229775237,67,0.1298449612403101,31,108,0.28703703703703703,0.23476955479375322,28779,7251,450,1,accepted,,False,fresh_execution,stage18-scaling-24a9adb84176,2,6,8650,354
354,s2-step8650-f19of20-d3of4,5,C5,True,0,0.9520714229775237,70,0.13565891472868216,15,56,0.26785714285714285,0.24091898247486054,35985,7206,447,1,accepted,,False,fresh_execution,stage18-scaling-24a9adb84176,2,6,8650,354
354,s2-step8650-f19of20-d3of4,6,C6,True,0,0.9512099616258125,76,0.14728682170542637,33,115,0.28695652173913044,0.2365369626111314,43133,7148,441,1,accepted,,False,fresh_execution,stage18-scaling-24a9adb84176,2,6,8650,354
354,s2-step8650-f19of20-d3of4,7,C7,False,0,0.9891925757694416,87,,13,40,0.325,,50000,6867,430,1,budget_exhaustion,requested_member_7_budget_exhaustion,False,fresh_execution,stage18-scaling-24a9adb84176,2,6,8650,354
355,s2-step8650-f39of40-d1of4,1,C1,True,0,0.9754091941420628,83,0.16085271317829458,0,1,0.0,,7011,7011,434,1,accepted,,False,fresh_execution,stage18-scaling-24a9adb84176,2,6,8650,355
355,s2-step8650-f39of40-d1of4,2,C2,True,0,0.9750176208003759,77,0.14922480620155038,9,71,0.1267605633802817,0.1267605633802817,14112,7101,440,1,accepted,,False,fresh_execution,stage18-scaling-24a9adb84176,2,6,8650,355
355,s2-step8650-f39of40-d1of4,3,C3,True,0,0.9753308794737254,74,0.1434108527131783,29,128,0.2265625,0.19855256782945735,21274,7162,443,1,accepted,,False,fresh_execution,stage18-scaling-24a9adb84176,2,6,8650,355
355,s2-step8650-f39of40-d1of4,4,C4,False,1,1.0,324,,62,345,0.17971014492753623,,31274,10000,621,2,budget_exhaustion,requested_member_4_budget_exhaustion,False,fresh_execution,stage18-scaling-24a9adb84176,2,6,8650,355
356,s2-step8650-f39of40-d1of2,1,C1,True,0,0.9754091941420628,83,0.16085271317829458,0,1,0.0,,7011,7011,434,1,accepted,,False,fresh_execution,stage18-scaling-24a9adb84176,2,6,8650,356
356,s2-step8650-f39of40-d1of2,2,C2,True,0,0.9750176208003759,77,0.14922480620155038,9,71,0.1267605633802817,0.1267605633802817,14112,7101,440,1,accepted,,False,fresh_execution,stage18-scaling-24a9adb84176,2,6,8650,356
356,s2-step8650-f39of40-d1of2,3,C3,True,0,0.9753308794737254,74,0.1434108527131783,29,128,0.2265625,0.19855256782945735,21274,7162,443,1,accepted,,False,fresh_execution,stage18-scaling-24a9adb84176,2,6,8650,356
356,s2-step8650-f39of40-d1of2,4,C4,True,0,0.975252564805388,89,0.17248062015503876,37,135,0.2740740740740741,0.21410688077354745,28195,6921,428,1,accepted,,False,fresh_execution,stage18-scaling-24a9adb84176,2,6,8650,356
356,s2-step8650-f39of40-d1of2,5,C5,True,0,0.9770538021771478,76,0.14728682170542637,38,121,0.3140495867768595,0.2172012721675698,35311,7116,441,1,accepted,,False,fresh_execution,stage18-scaling-24a9adb84176,2,6,8650,356
356,s2-step8650-f39of40-d1of2,6,C6,True,0,0.9754875088104001,73,0.14147286821705427,35,121,0.2892561983471074,0.2467246530777186,42472,7161,444,1,accepted,,False,fresh_execution,stage18-scaling-24a9adb84176,2,6,8650,356
356,s2-step8650-f39of40-d1of2,7,C7,True,0,0.9761923408254366,85,0.16472868217054262,11,31,0.3548387096774194,0.2583254151788648,49517,7045,432,1,accepted,,False,fresh_execution,stage18-scaling-24a9adb84176,2,6,8650,356
356,s2-step8650-f39of40-d1of2,8,C8,False,0,1.0,486,,83,492,0.16869918699186992,,50000,483,31,1,budget_exhaustion,requested_member_8_budget_exhaustion,False,fresh_execution,stage18-scaling-24a9adb84176,2,6,8650,356
357,s2-step8650-f39of40-d3of4,1,C1,True,0,0.9754091941420628,83,0.16085271317829458,0,1,0.0,,7011,7011,434,1,accepted,,False,fresh_execution,stage18-scaling-24a9adb84176,2,6,8650,357
357,s2-step8650-f39of40-d3of4,2,C2,True,0,0.9750176208003759,77,0.14922480620155038,9,71,0.1267605633802817,0.1267605633802817,14112,7101,440,1,accepted,,False,fresh_execution,stage18-scaling-24a9adb84176,2,6,8650,357
357,s2-step8650-f39of40-d3of4,3,C3,True,0,0.9753308794737254,74,0.1434108527131783,29,128,0.2265625,0.19855256782945735,21274,7162,443,1,accepted,,False,fresh_execution,stage18-scaling-24a9adb84176,2,6,8650,357
357,s2-step8650-f39of40-d3of4,4,C4,True,0,0.975252564805388,89,0.17248062015503876,37,135,0.2740740740740741,0.21410688077354745,28195,6921,428,1,accepted,,False,fresh_execution,stage18-scaling-24a9adb84176,2,6,8650,357
357,s2-step8650-f39of40-d3of4,5,C5,True,0,0.9770538021771478,76,0.14728682170542637,38,121,0.3140495867768595,0.2172012721675698,35311,7116,441,1,accepted,,False,fresh_execution,stage18-scaling-24a9adb84176,2,6,8650,357
357,s2-step8650-f39of40-d3of4,6,C6,True,0,0.9754875088104001,73,0.14147286821705427,35,121,0.2892561983471074,0.2467246530777186,42472,7161,444,1,accepted,,False,fresh_execution,stage18-scaling-24a9adb84176,2,6,8650,357
357,s2-step8650-f39of40-d3of4,7,C7,True,0,0.9761923408254366,85,0.16472868217054262,11,31,0.3548387096774194,0.2583254151788648,49517,7045,432,1,accepted,,False,fresh_execution,stage18-scaling-24a9adb84176,2,6,8650,357
357,s2-step8650-f39of40-d3of4,8,C8,False,0,1.0,486,,83,492,0.16869918699186992,,50000,483,31,1,budget_exhaustion,requested_member_8_budget_exhaustion,False,fresh_execution,stage18-scaling-24a9adb84176,2,6,8650,357
358,s2-step8650-f99of100-d1of4,1,C1,True,0,0.9900540371211528,93,0.18023255813953487,0,1,0.0,,6893,6893,424,1,accepted,,False,fresh_execution,stage18-scaling-24a9adb84176,2,6,8650,358
358,s2-step8650-f99of100-d1of4,2,C2,True,0,0.9902889811261649,92,0.17829457364341086,4,33,0.12121212121212122,0.12121212121212122,13817,6924,425,1,accepted,,False,fresh_execution,stage18-scaling-24a9adb84176,2,6,8650,358
358,s2-step8650-f99of100-d1of4,3,C3,True,0,0.9902106664578275,91,0.17635658914728683,13,79,0.16455696202531644,0.15415348101265822,20772,6955,426,1,accepted,,False,fresh_execution,stage18-scaling-24a9adb84176,2,6,8650,358
358,s2-step8650-f99of100-d1of4,4,C4,False,1,1.0,323,,29,179,0.16201117318435754,,30772,10000,620,2,budget_exhaustion,requested_member_4_budget_exhaustion,False,fresh_execution,stage18-scaling-24a9adb84176,2,6,8650,358
359,s2-step8650-f99of100-d1of2,1,C1,True,0,0.9900540371211528,93,0.18023255813953487,0,1,0.0,,6893,6893,424,1,accepted,,False,fresh_execution,stage18-scaling-24a9adb84176,2,6,8650,359
359,s2-step8650-f99of100-d1of2,2,C2,True,0,0.9902889811261649,92,0.17829457364341086,4,33,0.12121212121212122,0.12121212121212122,13817,6924,425,1,accepted,,False,fresh_execution,stage18-scaling-24a9adb84176,2,6,8650,359
359,s2-step8650-f99of100-d1of2,3,C3,True,0,0.9902106664578275,91,0.17635658914728683,13,79,0.16455696202531644,0.15415348101265822,20772,6955,426,1,accepted,,False,fresh_execution,stage18-scaling-24a9adb84176,2,6,8650,359
359,s2-step8650-f99of100-d1of2,4,C4,True,0,0.9904456104628397,91,0.17635658914728683,37,147,0.25170068027210885,0.18729324842944428,27679,6907,426,1,accepted,,False,fresh_execution,stage18-scaling-24a9adb84176,2,6,8650,359
359,s2-step8650-f99of100-d1of2,5,C5,True,0,0.9902106664578275,94,0.1821705426356589,42,145,0.2896551724137931,0.20435044478418363,34573,6894,423,1,accepted,,False,fresh_execution,stage18-scaling-24a9adb84176,2,6,8650,359
359,s2-step8650-f99of100-d1of2,6,C6,True,0,0.9903672957945023,86,0.16666666666666666,41,138,0.2971014492753623,0.2200942084803764,41555,6982,431,1,accepted,,False,fresh_execution,stage18-scaling-24a9adb84176,2,6,8650,359
359,s2-step8650-f99of100-d1of2,7,C7,True,0,0.9900540371211528,96,0.18604651162790697,2,7,0.2857142857142857,0.20087078634872751,48387,6832,421,1,accepted,,False,fresh_execution,stage18-scaling-24a9adb84176,2,6,8650,359
359,s2-step8650-f99of100-d1of2,8,C8,False,0,1.0,416,,77,430,0.17906976744186046,,50000,1613,101,1,budget_exhaustion,requested_member_8_budget_exhaustion,False,fresh_execution,stage18-scaling-24a9adb84176,2,6,8650,359
360,s2-step8650-f99of100-d3of4,1,C1,True,0,0.9900540371211528,93,0.18023255813953487,0,1,0.0,,6893,6893,424,1,accepted,,False,fresh_execution,stage18-scaling-24a9adb84176,2,6,8650,360
360,s2-step8650-f99of100-d3of4,2,C2,True,0,0.9902889811261649,92,0.17829457364341086,4,33,0.12121212121212122,0.12121212121212122,13817,6924,425,1,accepted,,False,fresh_execution,stage18-scaling-24a9adb84176,2,6,8650,360
360,s2-step8650-f99of100-d3of4,3,C3,True,0,0.9902106664578275,91,0.17635658914728683,13,79,0.16455696202531644,0.15415348101265822,20772,6955,426,1,accepted,,False,fresh_execution,stage18-scaling-24a9adb84176,2,6,8650,360
360,s2-step8650-f99of100-d3of4,4,C4,True,0,0.9904456104628397,91,0.17635658914728683,37,147,0.25170068027210885,0.18729324842944428,27679,6907,426,1,accepted,,False,fresh_execution,stage18-scaling-24a9adb84176,2,6,8650,360
360,s2-step8650-f99of100-d3of4,5,C5,True,0,0.9902106664578275,94,0.1821705426356589,42,145,0.2896551724137931,0.20435044478418363,34573,6894,423,1,accepted,,False,fresh_execution,stage18-scaling-24a9adb84176,2,6,8650,360
360,s2-step8650-f99of100-d3of4,6,C6,True,0,0.9903672957945023,86,0.16666666666666666,41,138,0.2971014492753623,0.2200942084803764,41555,6982,431,1,accepted,,False,fresh_execution,stage18-scaling-24a9adb84176,2,6,8650,360
360,s2-step8650-f99of100-d3of4,7,C7,True,0,0.9900540371211528,96,0.18604651162790697,2,7,0.2857142857142857,0.20087078634872751,48387,6832,421,1,accepted,,False,fresh_execution,stage18-scaling-24a9adb84176,2,6,8650,360
360,s2-step8650-f99of100-d3of4,8,C8,False,0,1.0,416,,77,430,0.17906976744186046,,50000,1613,101,1,budget_exhaustion,requested_member_8_budget_exhaustion,False,fresh_execution,stage18-scaling-24a9adb84176,2,6,8650,360
361,s2-step9050-f4of5-d1of4,1,C1,True,0,0.8096953559401676,53,0.10271317829457365,0,1,0.0,,7461,7461,464,1,accepted,,False,fresh_execution,stage18-scaling-24a9adb84176,2,7,9050,361
361,s2-step9050-f4of5-d1of4,2,C2,True,0,0.8016289451014175,54,0.10465116279069768,18,89,0.20224719101123595,0.20224719101123595,14907,7446,463,1,accepted,,False,fresh_execution,stage18-scaling-24a9adb84176,2,7,9050,361
361,s2-step9050-f4of5-d1of4,3,C3,True,0,0.8064061398699977,57,0.11046511627906977,19,91,0.2087912087912088,0.18860613071139387,22308,7401,460,1,accepted,,False,fresh_execution,stage18-scaling-24a9adb84176,2,7,9050,361
361,s2-step9050-f4of5-d1of4,4,C4,False,1,1.0,356,,37,372,0.09946236559139784,,32308,10000,623,2,budget_exhaustion,requested_member_4_budget_exhaustion,False,fresh_execution,stage18-scaling-24a9adb84176,2,7,9050,361
362,s2-step9050-f4of5-d1of2,1,C1,True,0,0.8096953559401676,53,0.10271317829457365,0,1,0.0,,7461,7461,464,1,accepted,,False,fresh_execution,stage18-scaling-24a9adb84176,2,7,9050,362
362,s2-step9050-f4of5-d1of2,2,C2,True,0,0.8016289451014175,54,0.10465116279069768,18,89,0.20224719101123595,0.20224719101123595,14907,7446,463,1,accepted,,False,fresh_execution,stage18-scaling-24a9adb84176,2,7,9050,362
362,s2-step9050-f4of5-d1of2,3,C3,True,0,0.8064061398699977,57,0.11046511627906977,19,91,0.2087912087912088,0.18860613071139387,22308,7401,460,1,accepted,,False,fresh_execution,stage18-scaling-24a9adb84176,2,7,9050,362
362,s2-step9050-f4of5-d1of2,4,C4,True,0,0.8105568172918788,55,0.1065891472868217,11,43,0.2558139534883721,0.19817454363590897,29739,7431,462,1,accepted,,False,fresh_execution,stage18-scaling-24a9adb84176,2,7,9050,362
362,s2-step9050-f4of5-d1of2,5,C5,True,0,0.8003759104080195,49,0.09496124031007752,7,27,0.25925925925925924,0.2151151445916714,37260,7521,468,1,accepted,,False,fresh_execution,stage18-scaling-24a9adb84176,2,7,9050,362
362,s2-step9050-f4of5-d1of2,6,C6,True,0,0.8009241130863811,47,0.09108527131782945,23,77,0.2987012987012987,0.23974379034619997,44811,7551,470,1,accepted,,False,fresh_execution,stage18-scaling-24a9adb84176,2,7,9050,362
362,s2-step9050-f4of5-d1of2,7,C7,False,0,1.0,192,,33,212,0.15566037735849056,,50000,5189,325,1,budget_exhaustion,requested_member_7_budget_exhaustion,False,fresh_execution,stage18-scaling-24a9adb84176,2,7,9050,362
363,s2-step9050-f4of5-d3of4,1,C1,True,0,0.8096953559401676,53,0.10271317829457365,0,1,0.0,,7461,7461,464,1,accepted,,False,fresh_execution,stage18-scaling-24a9adb84176,2,7,9050,363
363,s2-step9050-f4of5-d3of4,2,C2,True,0,0.8016289451014175,54,0.10465116279069768,18,89,0.20224719101123595,0.20224719101123595,14907,7446,463,1,accepted,,False,fresh_execution,stage18-scaling-24a9adb84176,2,7,9050,363
363,s2-step9050-f4of5-d3of4,3,C3,True,0,0.8064061398699977,57,0.11046511627906977,19,91,0.2087912087912088,0.18860613071139387,22308,7401,460,1,accepted,,False,fresh_execution,stage18-scaling-24a9adb84176,2,7,9050,363
363,s2-step9050-f4of5-d3of4,4,C4,True,0,0.8105568172918788,55,0.1065891472868217,11,43,0.2558139534883721,0.19817454363590897,29739,7431,462,1,accepted,,False,fresh_execution,stage18-scaling-24a9adb84176,2,7,9050,363
363,s2-step9050-f4of5-d3of4,5,C5,True,0,0.8003759104080195,49,0.09496124031007752,7,27,0.25925925925925924,0.2151151445916714,37260,7521,468,1,accepted,,False,fresh_execution,stage18-scaling-24a9adb84176,2,7,9050,363
363,s2-step9050-f4of5-d3of4,6,C6,True,0,0.8009241130863811,47,0.09108527131782945,23,77,0.2987012987012987,0.23974379034619997,44811,7551,470,1,accepted,,False,fresh_execution,stage18-scaling-24a9adb84176,2,7,9050,363
363,s2-step9050-f4of5-d3of4,7,C7,False,0,1.0,192,,33,212,0.15566037735849056,,50000,5189,325,1,budget_exhaustion,requested_member_7_budget_exhaustion,False,fresh_execution,stage18-scaling-24a9adb84176,2,7,9050,363
364,s2-step9050-f17of20-d1of4,1,C1,True,0,0.8600516876811026,56,0.10852713178294573,0,1,0.0,,7416,7416,461,1,accepted,,False,fresh_execution,stage18-scaling-24a9adb84176,2,7,9050,364
364,s2-step9050-f17of20-d1of4,2,C2,True,0,0.8569191009476075,60,0.11627906976744186,17,99,0.1717171717171717,0.1717171717171717,14772,7356,457,1,accepted,,False,fresh_execution,stage18-scaling-24a9adb84176,2,7,9050,364
364,s2-step9050-f17of20-d1of4,3,C3,True,0,0.8512804448273161,58,0.1124031007751938,10,47,0.2127659574468085,0.19638297872340427,22158,7386,459,1,accepted,,False,fresh_execution,stage18-scaling-24a9adb84176,2,7,9050,364
364,s2-step9050-f17of20-d1of4,4,C4,True,0,0.8517503328373405,54,0.10465116279069768,17,93,0.1827956989247312,0.1709092239046156,29604,7446,463,1,accepted,,False,fresh_execution,stage18-scaling-24a9adb84176,2,7,9050,364
364,s2-step9050-f17of20-d1of4,5,C5,False,1,1.0,357,,38,379,0.10026385224274406,,39604,10000,623,2,budget_exhaustion,requested_member_5_budget_exhaustion,False,fresh_execution,stage18-scaling-24a9adb84176,2,7,9050,364
365,s2-step9050-f17of20-d1of2,1,C1,True,0,0.8600516876811026,56,0.10852713178294573,0,1,0.0,,7416,7416,461,1,accepted,,False,fresh_execution,stage18-scaling-24a9adb84176,2,7,9050,365
365,s2-step9050-f17of20-d1of2,2,C2,True,0,0.8569191009476075,60,0.11627906976744186,17,99,0.1717171717171717,0.1717171717171717,14772,7356,457,1,accepted,,False,fresh_execution,stage18-scaling-24a9adb84176,2,7,9050,365
365,s2-step9050-f17of20-d1of2,3,C3,True,0,0.8512804448273161,58,0.1124031007751938,10,47,0.2127659574468085,0.19638297872340427,22158,7386,459,1,accepted,,False,fresh_execution,stage18-scaling-24a9adb84176,2,7,9050,365
365,s2-step9050-f17of20-d1of2,4,C4,True,0,0.8517503328373405,54,0.10465116279069768,17,93,0.1827956989247312,0.1709092239046156,29604,7446,463,1,accepted,,False,fresh_execution,stage18-scaling-24a9adb84176,2,7,9050,365
365,s2-step9050-f17of20-d1of2,5,C5,True,0,0.8523768501840395,54,0.10465116279069768,13,42,0.30952380952380953,0.24218524531024532,37050,7446,463,1,accepted,,False,fresh_execution,stage18-scaling-24a9adb84176,2,7,9050,365
365,s2-step9050-f17of20-d1of2,6,C6,True,0,0.8594251703344037,52,0.10077519379844961,23,83,0.27710843373493976,0.2276289165765985,44526,7476,465,1,accepted,,False,fresh_execution,stage18-scaling-24a9adb84176,2,7,9050,365
365,s2-step9050-f17of20-d1of2,7,C7,False,0,1.0,174,,8,49,0.16326530612244897,,50000,5474,343,1,budget_exhaustion,requested_member_7_budget_exhaustion,False,fresh_execution,stage18-scaling-24a9adb84176,2,7,9050,365
366,s2-step9050-f17of20-d3of4,1,C1,True,0,0.8600516876811026,56,0.10852713178294573,0,1,0.0,,7416,7416,461,1,accepted,,False,fresh_execution,stage18-scaling-24a9adb84176,2,7,9050,366
366,s2-step9050-f17of20-d3of4,2,C2,True,0,0.8569191009476075,60,0.11627906976744186,17,99,0.1717171717171717,0.1717171717171717,14772,7356,457,1,accepted,,False,fresh_execution,stage18-scaling-24a9adb84176,2,7,9050,366
366,s2-step9050-f17of20-d3of4,3,C3,True,0,0.8512804448273161,58,0.1124031007751938,10,47,0.2127659574468085,0.19638297872340427,22158,7386,459,1,accepted,,False,fresh_execution,stage18-scaling-24a9adb84176,2,7,9050,366
366,s2-step9050-f17of20-d3of4,4,C4,True,0,0.8517503328373405,54,0.10465116279069768,17,93,0.1827956989247312,0.1709092239046156,29604,7446,463,1,accepted,,False,fresh_execution,stage18-scaling-24a9adb84176,2,7,9050,366
366,s2-step9050-f17of20-d3of4,5,C5,True,0,0.8523768501840395,54,0.10465116279069768,13,42,0.30952380952380953,0.24218524531024532,37050,7446,463,1,accepted,,False,fresh_execution,stage18-scaling-24a9adb84176,2,7,9050,366
366,s2-step9050-f17of20-d3of4,6,C6,True,0,0.8594251703344037,52,0.10077519379844961,23,83,0.27710843373493976,0.2276289165765985,44526,7476,465,1,accepted,,False,fresh_execution,stage18-scaling-24a9adb84176,2,7,9050,366
366,s2-step9050-f17of20-d3of4,7,C7,False,0,1.0,174,,8,49,0.16326530612244897,,50000,5474,343,1,budget_exhaustion,requested_member_7_budget_exhaustion,False,fresh_execution,stage18-scaling-24a9adb84176,2,7,9050,366
367,s2-step9050-f9of10-d1of4,1,C1,True,0,0.9003054272065157,60,0.11627906976744186,0,1,0.0,,7372,7372,457,1,accepted,,False,fresh_execution,stage18-scaling-24a9adb84176,2,7,9050,367
367,s2-step9050-f9of10-d1of4,2,C2,True,0,0.9032813846033362,57,0.11046511627906977,7,32,0.21875,0.21875,14773,7401,460,1,accepted,,False,fresh_execution,stage18-scaling-24a9adb84176,2,7,9050,367
367,s2-step9050-f9of10-d1of4,3,C3,True,0,0.9023416085832876,59,0.11434108527131782,19,97,0.1958762886597938,0.17560804724251827,22144,7371,458,1,accepted,,False,fresh_execution,stage18-scaling-24a9adb84176,2,7,9050,367
367,s2-step9050-f9of10-d1of4,4,C4,False,1,1.0,347,,39,365,0.10684931506849316,,32144,10000,621,2,budget_exhaustion,requested_member_4_budget_exhaustion,False,fresh_execution,stage18-scaling-24a9adb84176,2,7,9050,367
368,s2-step9050-f9of10-d1of2,1,C1,True,0,0.9003054272065157,60,0.11627906976744186,0,1,0.0,,7372,7372,457,1,accepted,,False,fresh_execution,stage18-scaling-24a9adb84176,2,7,9050,368
368,s2-step9050-f9of10-d1of2,2,C2,True,0,0.9032813846033362,57,0.11046511627906977,7,32,0.21875,0.21875,14773,7401,460,1,accepted,,False,fresh_execution,stage18-scaling-24a9adb84176,2,7,9050,368
368,s2-step9050-f9of10-d1of2,3,C3,True,0,0.9023416085832876,59,0.11434108527131782,19,97,0.1958762886597938,0.17560804724251827,22144,7371,458,1,accepted,,False,fresh_execution,stage18-scaling-24a9adb84176,2,7,9050,368
368,s2-step9050-f9of10-d1of2,4,C4,True,0,0.9020283499099381,66,0.12790697674418605,26,97,0.26804123711340205,0.23897586259005654,29426,7282,451,1,accepted,,False,fresh_execution,stage18-scaling-24a9adb84176,2,7,9050,368
368,s2-step9050-f9of10-d1of2,5,C5,True,0,0.9010102592215522,64,0.12403100775193798,20,103,0.1941747572815534,0.185636242561512,36722,7296,453,1,accepted,,False,fresh_execution,stage18-scaling-24a9adb84176,2,7,9050,368
368,s2-step9050-f9of10-d1of2,6,C6,True,0,0.9014018325632391,59,0.11434108527131782,24,95,0.25263157894736843,0.21537668065236595,44109,7387,458,1,accepted,,False,fresh_execution,stage18-scaling-24a9adb84176,2,7,9050,368
368,s2-step9050-f9of10-d1of2,7,C7,False,0,0.9995301119899758,148,,32,175,0.18285714285714286,,50000,5891,369,1,budget_exhaustion,requested_member_7_budget_exhaustion,False,fresh_execution,stage18-scaling-24a9adb84176,2,7,9050,368
369,s2-step9050-f9of10-d3of4,1,C1,True,0,0.9003054272065157,60,0.11627906976744186,0,1,0.0,,7372,7372,457,1,accepted,,False,fresh_execution,stage18-scaling-24a9adb84176,2,7,9050,369
369,s2-step9050-f9of10-d3of4,2,C2,True,0,0.9032813846033362,57,0.11046511627906977,7,32,0.21875,0.21875,14773,7401,460,1,accepted,,False,fresh_execution,stage18-scaling-24a9adb84176,2,7,9050,369
369,s2-step9050-f9of10-d3of4,3,C3,True,0,0.9023416085832876,59,0.11434108527131782,19,97,0.1958762886597938,0.17560804724251827,22144,7371,458,1,accepted,,False,fresh_execution,stage18-scaling-24a9adb84176,2,7,9050,369
369,s2-step9050-f9of10-d3of4,4,C4,True,0,0.9020283499099381,66,0.12790697674418605,26,97,0.26804123711340205,0.23897586259005654,29426,7282,451,1,accepted,,False,fresh_execution,stage18-scaling-24a9adb84176,2,7,9050,369
369,s2-step9050-f9of10-d3of4,5,C5,True,0,0.9010102592215522,64,0.12403100775193798,20,103,0.1941747572815534,0.185636242561512,36722,7296,453,1,accepted,,False,fresh_execution,stage18-scaling-24a9adb84176,2,7,9050,369
369,s2-step9050-f9of10-d3of4,6,C6,True,0,0.9014018325632391,59,0.11434108527131782,24,95,0.25263157894736843,0.21537668065236595,44109,7387,458,1,accepted,,False,fresh_execution,stage18-scaling-24a9adb84176,2,7,9050,369
369,s2-step9050-f9of10-d3of4,7,C7,False,0,0.9995301119899758,148,,32,175,0.18285714285714286,,50000,5891,369,1,budget_exhaustion,requested_member_7_budget_exhaustion,False,fresh_execution,stage18-scaling-24a9adb84176,2,7,9050,369
370,s2-step9050-f19of20-d1of4,1,C1,True,0,0.9535594016759339,68,0.13178294573643412,0,1,0.0,,7236,7236,449,1,accepted,,False,fresh_execution,stage18-scaling-24a9adb84176,2,7,9050,370
370,s2-step9050-f19of20-d1of4,2,C2,True,0,0.9530895136659097,64,0.12403100775193798,3,19,0.15789473684210525,0.15789473684210525,14548,7312,453,1,accepted,,False,fresh_execution,stage18-scaling-24a9adb84176,2,7,9050,370
370,s2-step9050-f19of20-d1of4,3,C3,True,0,0.9545774923643199,76,0.14728682170542637,5,31,0.16129032258064516,0.15441565309360128,21664,7116,441,1,accepted,,False,fresh_execution,stage18-scaling-24a9adb84176,2,7,9050,370
370,s2-step9050-f19of20-d1of4,4,C4,True,0,0.9516015349674994,71,0.1375968992248062,22,113,0.19469026548672566,0.18006825616051453,28855,7191,446,1,accepted,,False,fresh_execution,stage18-scaling-24a9adb84176,2,7,9050,370
370,s2-step9050-f19of20-d1of4,5,C5,True,0,0.9523063669825358,74,0.1434108527131783,25,117,0.21367521367521367,0.19340984112445608,36017,7162,443,1,accepted,,False,fresh_execution,stage18-scaling-24a9adb84176,2,7,9050,370
370,s2-step9050-f19of20-d1of4,6,C6,False,1,1.0,341,,43,362,0.11878453038674033,,46017,10000,622,2,budget_exhaustion,requested_member_6_budget_exhaustion,False,fresh_execution,stage18-scaling-24a9adb84176,2,7,9050,370
371,s2-step9050-f19of20-d1of2,1,C1,True,0,0.9535594016759339,68,0.13178294573643412,0,1,0.0,,7236,7236,449,1,accepted,,False,fresh_execution,stage18-scaling-24a9adb84176,2,7,9050,371
371,s2-step9050-f19of20-d1of2,2,C2,True,0,0.9530895136659097,64,0.12403100775193798,3,19,0.15789473684210525,0.15789473684210525,14548,7312,453,1,accepted,,False,fresh_execution,stage18-scaling-24a9adb84176,2,7,9050,371
371,s2-step9050-f19of20-d1of2,3,C3,True,0,0.9545774923643199,76,0.14728682170542637,5,31,0.16129032258064516,0.15441565309360128,21664,7116,441,1,accepted,,False,fresh_execution,stage18-scaling-24a9adb84176,2,7,9050,371
371,s2-step9050-f19of20-d1of2,4,C4,True,0,0.9516015349674994,71,0.1375968992248062,22,113,0.19469026548672566,0.18006825616051453,28855,7191,446,1,accepted,,False,fresh_execution,stage18-scaling-24a9adb84176,2,7,9050,371
371,s2-step9050-f19of20-d1of2,5,C5,True,0,0.9523063669825358,74,0.1434108527131783,25,117,0.21367521367521367,0.19340984112445608,36017,7162,443,1,accepted,,False,fresh_execution,stage18-scaling-24a9adb84176,2,7,9050,371
371,s2-step9050-f19of20-d1of2,6,C6,True,0,0.9506617589474509,71,0.1375968992248062,28,111,0.25225225225225223,0.18398092158058246,43208,7191,446,1,accepted,,False,fresh_execution,stage18-scaling-24a9adb84176,2,7,9050,371
371,s2-step9050-f19of20-d1of2,7,C7,False,0,0.9950661758947451,92,,29,134,0.21641791044776118,,50000,6792,425,1,budget_exhaustion,requested_member_7_budget_exhaustion,False,fresh_execution,stage18-scaling-24a9adb84176,2,7,9050,371
372,s2-step9050-f19of20-d3of4,1,C1,True,0,0.9535594016759339,68,0.13178294573643412,0,1,0.0,,7236,7236,449,1,accepted,,False,fresh_execution,stage18-scaling-24a9adb84176,2,7,9050,372
372,s2-step9050-f19of20-d3of4,2,C2,True,0,0.9530895136659097,64,0.12403100775193798,3,19,0.15789473684210525,0.15789473684210525,14548,7312,453,1,accepted,,False,fresh_execution,stage18-scaling-24a9adb84176,2,7,9050,372
372,s2-step9050-f19of20-d3of4,3,C3,True,0,0.9545774923643199,76,0.14728682170542637,5,31,0.16129032258064516,0.15441565309360128,21664,7116,441,1,accepted,,False,fresh_execution,stage18-scaling-24a9adb84176,2,7,9050,372
372,s2-step9050-f19of20-d3of4,4,C4,True,0,0.9516015349674994,71,0.1375968992248062,22,113,0.19469026548672566,0.18006825616051453,28855,7191,446,1,accepted,,False,fresh_execution,stage18-scaling-24a9adb84176,2,7,9050,372
372,s2-step9050-f19of20-d3of4,5,C5,True,0,0.9523063669825358,74,0.1434108527131783,25,117,0.21367521367521367,0.19340984112445608,36017,7162,443,1,accepted,,False,fresh_execution,stage18-scaling-24a9adb84176,2,7,9050,372
372,s2-step9050-f19of20-d3of4,6,C6,True,0,0.9506617589474509,71,0.1375968992248062,28,111,0.25225225225225223,0.18398092158058246,43208,7191,446,1,accepted,,False,fresh_execution,stage18-scaling-24a9adb84176,2,7,9050,372
372,s2-step9050-f19of20-d3of4,7,C7,False,0,0.9950661758947451,92,,29,134,0.21641791044776118,,50000,6792,425,1,budget_exhaustion,requested_member_7_budget_exhaustion,False,fresh_execution,stage18-scaling-24a9adb84176,2,7,9050,372
373,s2-step9050-f39of40-d1of4,1,C1,True,0,0.9778369488605215,81,0.1569767441860465,0,1,0.0,,7057,7057,436,1,accepted,,False,fresh_execution,stage18-scaling-24a9adb84176,2,7,9050,373
373,s2-step9050-f39of40-d1of4,2,C2,True,0,0.9760357114887619,75,0.14534883720930233,5,34,0.14705882352941177,0.14705882352941177,14188,7131,442,1,accepted,,False,fresh_execution,stage18-scaling-24a9adb84176,2,7,9050,373
373,s2-step9050-f39of40-d1of4,3,C3,True,0,0.975644138147075,77,0.14922480620155038,21,131,0.16030534351145037,0.15261643987166723,21289,7101,440,1,accepted,,False,fresh_execution,stage18-scaling-24a9adb84176,2,7,9050,373
373,s2-step9050-f39of40-d1of4,4,C4,True,0,0.9776803195238468,72,0.13953488372093023,22,131,0.16793893129770993,0.15427460880367053,28465,7176,445,1,accepted,,False,fresh_execution,stage18-scaling-24a9adb84176,2,7,9050,373
373,s2-step9050-f39of40-d1of4,5,C5,True,0,0.976270655493774,71,0.1375968992248062,29,123,0.23577235772357724,0.19024677564367143,35656,7191,446,1,accepted,,False,fresh_execution,stage18-scaling-24a9adb84176,2,7,9050,373
373,s2-step9050-f39of40-d1of4,6,C6,True,0,0.9750176208003759,74,0.1434108527131783,24,121,0.19834710743801653,0.1787731428616491,42834,7178,443,1,accepted,,False,fresh_execution,stage18-scaling-24a9adb84176,2,7,9050,373
373,s2-step9050-f39of40-d1of4,7,C7,True,0,0.9750176208003759,83,0.16085271317829458,27,131,0.20610687022900764,0.1662762230944824,49861,7027,434,1,accepted,,False,fresh_execution,stage18-scaling-24a9adb84176,2,7,9050,373
373,s2-step9050-f39of40-d1of4,8,C8,False,0,1.0,508,,79,510,0.15490196078431373,,50000,139,9,1,budget_exhaustion,requested_member_8_budget_exhaustion,False,fresh_execution,stage18-scaling-24a9adb84176,2,7,9050,373
374,s2-step9050-f39of40-d1of2,1,C1,True,0,0.9778369488605215,81,0.1569767441860465,0,1,0.0,,7057,7057,436,1,accepted,,False,fresh_execution,stage18-scaling-24a9adb84176,2,7,9050,374
374,s2-step9050-f39of40-d1of2,2,C2,True,0,0.9760357114887619,75,0.14534883720930233,5,34,0.14705882352941177,0.14705882352941177,14188,7131,442,1,accepted,,False,fresh_execution,stage18-scaling-24a9adb84176,2,7,9050,374
374,s2-step9050-f39of40-d1of2,3,C3,True,0,0.975644138147075,77,0.14922480620155038,21,131,0.16030534351145037,0.15261643987166723,21289,7101,440,1,accepted,,False,fresh_execution,stage18-scaling-24a9adb84176,2,7,9050,374
374,s2-step9050-f39of40-d1of2,4,C4,True,0,0.9776803195238468,72,0.13953488372093023,22,131,0.16793893129770993,0.15427460880367053,28465,7176,445,1,accepted,,False,fresh_execution,stage18-scaling-24a9adb84176,2,7,9050,374
374,s2-step9050-f39of40-d1of2,5,C5,True,0,0.976270655493774,71,0.1375968992248062,29,123,0.23577235772357724,0.19024677564367143,35656,7191,446,1,accepted,,False,fresh_execution,stage18-scaling-24a9adb84176,2,7,9050,374
374,s2-step9050-f39of40-d1of2,6,C6,True,0,0.9750176208003759,74,0.1434108527131783,24,121,0.19834710743801653,0.1787731428616491,42834,7178,443,1,accepted,,False,fresh_execution,stage18-scaling-24a9adb84176,2,7,9050,374
374,s2-step9050-f39of40-d1of2,7,C7,True,0,0.9750176208003759,83,0.16085271317829458,27,131,0.20610687022900764,0.1662762230944824,49861,7027,434,1,accepted,,False,fresh_execution,stage18-scaling-24a9adb84176,2,7,9050,374
374,s2-step9050-f39of40-d1of2,8,C8,False,0,1.0,508,,79,510,0.15490196078431373,,50000,139,9,1,budget_exhaustion,requested_member_8_budget_exhaustion,False,fresh_execution,stage18-scaling-24a9adb84176,2,7,9050,374
375,s2-step9050-f39of40-d3of4,1,C1,True,0,0.9778369488605215,81,0.1569767441860465,0,1,0.0,,7057,7057,436,1,accepted,,False,fresh_execution,stage18-scaling-24a9adb84176,2,7,9050,375
375,s2-step9050-f39of40-d3of4,2,C2,True,0,0.9760357114887619,75,0.14534883720930233,5,34,0.14705882352941177,0.14705882352941177,14188,7131,442,1,accepted,,False,fresh_execution,stage18-scaling-24a9adb84176,2,7,9050,375
375,s2-step9050-f39of40-d3of4,3,C3,True,0,0.975644138147075,77,0.14922480620155038,21,131,0.16030534351145037,0.15261643987166723,21289,7101,440,1,accepted,,False,fresh_execution,stage18-scaling-24a9adb84176,2,7,9050,375
375,s2-step9050-f39of40-d3of4,4,C4,True,0,0.9776803195238468,72,0.13953488372093023,22,131,0.16793893129770993,0.15427460880367053,28465,7176,445,1,accepted,,False,fresh_execution,stage18-scaling-24a9adb84176,2,7,9050,375
375,s2-step9050-f39of40-d3of4,5,C5,True,0,0.976270655493774,71,0.1375968992248062,29,123,0.23577235772357724,0.19024677564367143,35656,7191,446,1,accepted,,False,fresh_execution,stage18-scaling-24a9adb84176,2,7,9050,375
375,s2-step9050-f39of40-d3of4,6,C6,True,0,0.9750176208003759,74,0.1434108527131783,24,121,0.19834710743801653,0.1787731428616491,42834,7178,443,1,accepted,,False,fresh_execution,stage18-scaling-24a9adb84176,2,7,9050,375
375,s2-step9050-f39of40-d3of4,7,C7,True,0,0.9750176208003759,83,0.16085271317829458,27,131,0.20610687022900764,0.1662762230944824,49861,7027,434,1,accepted,,False,fresh_execution,stage18-scaling-24a9adb84176,2,7,9050,375
375,s2-step9050-f39of40-d3of4,8,C8,False,0,1.0,508,,79,510,0.15490196078431373,,50000,139,9,1,budget_exhaustion,requested_member_8_budget_exhaustion,False,fresh_execution,stage18-scaling-24a9adb84176,2,7,9050,375
376,s2-step9050-f99of100-d1of4,1,C1,True,0,0.9902106664578275,92,0.17829457364341086,0,1,0.0,,6892,6892,425,1,accepted,,False,fresh_execution,stage18-scaling-24a9adb84176,2,7,9050,376
376,s2-step9050-f99of100-d1of4,2,C2,True,0,0.9902106664578275,83,0.16085271317829458,19,156,0.12179487179487179,0.12179487179487179,13919,7027,434,1,accepted,,False,fresh_execution,stage18-scaling-24a9adb84176,2,7,9050,376
376,s2-step9050-f99of100-d1of4,3,C3,True,0,0.9904456104628397,83,0.16085271317829458,23,152,0.1513157894736842,0.12899122807017543,20946,7027,434,1,accepted,,False,fresh_execution,stage18-scaling-24a9adb84176,2,7,9050,376
376,s2-step9050-f99of100-d1of4,4,C4,True,0,0.9902889811261649,85,0.16472868217054262,11,73,0.1506849315068493,0.1425174531269962,27927,6981,432,1,accepted,,False,fresh_execution,stage18-scaling-24a9adb84176,2,7,9050,376
376,s2-step9050-f99of100-d1of4,5,C5,True,0,0.9901323517894902,81,0.1569767441860465,30,143,0.2097902097902098,0.17665271992252338,34984,7057,436,1,accepted,,False,fresh_execution,stage18-scaling-24a9adb84176,2,7,9050,376
376,s2-step9050-f99of100-d1of4,6,C6,True,0,0.990523925131177,86,0.16666666666666666,33,145,0.22758620689655173,0.1748438956197577,41982,6998,431,1,accepted,,False,fresh_execution,stage18-scaling-24a9adb84176,2,7,9050,376
376,s2-step9050-f99of100-d1of4,7,C7,False,1,1.0,452,,5,27,0.18518518518518517,,50000,8018,496,2,budget_exhaustion,requested_member_7_budget_exhaustion,False,fresh_execution,stage18-scaling-24a9adb84176,2,7,9050,376
377,s2-step9050-f99of100-d1of2,1,C1,True,0,0.9902106664578275,92,0.17829457364341086,0,1,0.0,,6892,6892,425,1,accepted,,False,fresh_execution,stage18-scaling-24a9adb84176,2,7,9050,377
377,s2-step9050-f99of100-d1of2,2,C2,True,0,0.9902106664578275,83,0.16085271317829458,19,156,0.12179487179487179,0.12179487179487179,13919,7027,434,1,accepted,,False,fresh_execution,stage18-scaling-24a9adb84176,2,7,9050,377
377,s2-step9050-f99of100-d1of2,3,C3,True,0,0.9904456104628397,83,0.16085271317829458,23,152,0.1513157894736842,0.12899122807017543,20946,7027,434,1,accepted,,False,fresh_execution,stage18-scaling-24a9adb84176,2,7,9050,377
377,s2-step9050-f99of100-d1of2,4,C4,True,0,0.9902889811261649,85,0.16472868217054262,11,73,0.1506849315068493,0.1425174531269962,27927,6981,432,1,accepted,,False,fresh_execution,stage18-scaling-24a9adb84176,2,7,9050,377
377,s2-step9050-f99of100-d1of2,5,C5,True,0,0.9901323517894902,81,0.1569767441860465,30,143,0.2097902097902098,0.17665271992252338,34984,7057,436,1,accepted,,False,fresh_execution,stage18-scaling-24a9adb84176,2,7,9050,377
377,s2-step9050-f99of100-d1of2,6,C6,True,0,0.990523925131177,86,0.16666666666666666,33,145,0.22758620689655173,0.1748438956197577,41982,6998,431,1,accepted,,False,fresh_execution,stage18-scaling-24a9adb84176,2,7,9050,377
377,s2-step9050-f99of100-d1of2,7,C7,True,0,0.9902106664578275,86,0.16666666666666666,20,69,0.2898550724637681,0.1954958103132221,48964,6982,431,1,accepted,,False,fresh_execution,stage18-scaling-24a9adb84176,2,7,9050,377
377,s2-step9050-f99of100-d1of2,8,C8,False,0,1.0,452,,81,463,0.17494600431965443,,50000,1036,65,1,budget_exhaustion,requested_member_8_budget_exhaustion,False,fresh_execution,stage18-scaling-24a9adb84176,2,7,9050,377
378,s2-step9050-f99of100-d3of4,1,C1,True,0,0.9902106664578275,92,0.17829457364341086,0,1,0.0,,6892,6892,425,1,accepted,,False,fresh_execution,stage18-scaling-24a9adb84176,2,7,9050,378
378,s2-step9050-f99of100-d3of4,2,C2,True,0,0.9902106664578275,83,0.16085271317829458,19,156,0.12179487179487179,0.12179487179487179,13919,7027,434,1,accepted,,False,fresh_execution,stage18-scaling-24a9adb84176,2,7,9050,378
378,s2-step9050-f99of100-d3of4,3,C3,True,0,0.9904456104628397,83,0.16085271317829458,23,152,0.1513157894736842,0.12899122807017543,20946,7027,434,1,accepted,,False,fresh_execution,stage18-scaling-24a9adb84176,2,7,9050,378
378,s2-step9050-f99of100-d3of4,4,C4,True,0,0.9902889811261649,85,0.16472868217054262,11,73,0.1506849315068493,0.1425174531269962,27927,6981,432,1,accepted,,False,fresh_execution,stage18-scaling-24a9adb84176,2,7,9050,378
378,s2-step9050-f99of100-d3of4,5,C5,True,0,0.9901323517894902,81,0.1569767441860465,30,143,0.2097902097902098,0.17665271992252338,34984,7057,436,1,accepted,,False,fresh_execution,stage18-scaling-24a9adb84176,2,7,9050,378
378,s2-step9050-f99of100-d3of4,6,C6,True,0,0.990523925131177,86,0.16666666666666666,33,145,0.22758620689655173,0.1748438956197577,41982,6998,431,1,accepted,,False,fresh_execution,stage18-scaling-24a9adb84176,2,7,9050,378
378,s2-step9050-f99of100-d3of4,7,C7,True,0,0.9902106664578275,86,0.16666666666666666,20,69,0.2898550724637681,0.1954958103132221,48964,6982,431,1,accepted,,False,fresh_execution,stage18-scaling-24a9adb84176,2,7,9050,378
378,s2-step9050-f99of100-d3of4,8,C8,False,0,1.0,452,,81,463,0.17494600431965443,,50000,1036,65,1,budget_exhaustion,requested_member_8_budget_exhaustion,False,fresh_execution,stage18-scaling-24a9adb84176,2,7,9050,378
379,s3-step200-f4of5-d1of4,1,C1,False,0,0.8003759104080195,490,,0,1,0.0,,2714,2714,27,1,sparsity_failure,requested_member_1_sparsity_failure,False,fresh_execution,stage18-scaling-24a9adb84176,3,1,200,379
380,s3-step200-f4of5-d1of2,1,C1,False,0,0.8003759104080195,490,,0,1,0.0,,2714,2714,27,1,sparsity_failure,requested_member_1_sparsity_failure,False,fresh_execution,stage18-scaling-24a9adb84176,3,1,200,380
381,s3-step200-f4of5-d3of4,1,C1,False,0,0.8003759104080195,490,,0,1,0.0,,2714,2714,27,1,sparsity_failure,requested_member_1_sparsity_failure,False,fresh_execution,stage18-scaling-24a9adb84176,3,1,200,381
382,s3-step200-f17of20-d1of4,1,C1,False,0,0.8502623541389303,498,,0,1,0.0,,2530,2530,19,1,sparsity_failure,requested_member_1_sparsity_failure,False,fresh_execution,stage18-scaling-24a9adb84176,3,1,200,382
383,s3-step200-f17of20-d1of2,1,C1,False,0,0.8502623541389303,498,,0,1,0.0,,2530,2530,19,1,sparsity_failure,requested_member_1_sparsity_failure,False,fresh_execution,stage18-scaling-24a9adb84176,3,1,200,383
384,s3-step200-f17of20-d3of4,1,C1,False,0,0.8502623541389303,498,,0,1,0.0,,2530,2530,19,1,sparsity_failure,requested_member_1_sparsity_failure,False,fresh_execution,stage18-scaling-24a9adb84176,3,1,200,384
385,s3-step200-f9of10-d1of4,1,C1,False,0,0.900148797869841,507,,0,1,0.0,,1675,1675,10,1,sparsity_failure,requested_member_1_sparsity_failure,False,fresh_execution,stage18-scaling-24a9adb84176,3,1,200,385
386,s3-step200-f9of10-d1of2,1,C1,False,0,0.900148797869841,507,,0,1,0.0,,1675,1675,10,1,sparsity_failure,requested_member_1_sparsity_failure,False,fresh_execution,stage18-scaling-24a9adb84176,3,1,200,386
387,s3-step200-f9of10-d3of4,1,C1,False,0,0.900148797869841,507,,0,1,0.0,,1675,1675,10,1,sparsity_failure,requested_member_1_sparsity_failure,False,fresh_execution,stage18-scaling-24a9adb84176,3,1,200,387
388,s3-step200-f19of20-d1of4,1,C1,False,0,0.9500352416007518,508,,0,1,0.0,,1708,1708,9,1,sparsity_failure,requested_member_1_sparsity_failure,False,fresh_execution,stage18-scaling-24a9adb84176,3,1,200,388
389,s3-step200-f19of20-d1of2,1,C1,False,0,0.9500352416007518,508,,0,1,0.0,,1708,1708,9,1,sparsity_failure,requested_member_1_sparsity_failure,False,fresh_execution,stage18-scaling-24a9adb84176,3,1,200,389
390,s3-step200-f19of20-d3of4,1,C1,False,0,0.9500352416007518,508,,0,1,0.0,,1708,1708,9,1,sparsity_failure,requested_member_1_sparsity_failure,False,fresh_execution,stage18-scaling-24a9adb84176,3,1,200,390
391,s3-step200-f39of40-d1of4,1,C1,False,0,0.975644138147075,510,,0,1,0.0,,1310,1310,7,1,sparsity_failure,requested_member_1_sparsity_failure,False,fresh_execution,stage18-scaling-24a9adb84176,3,1,200,391
392,s3-step200-f39of40-d1of2,1,C1,False,0,0.975644138147075,510,,0,1,0.0,,1310,1310,7,1,sparsity_failure,requested_member_1_sparsity_failure,False,fresh_execution,stage18-scaling-24a9adb84176,3,1,200,392
393,s3-step200-f39of40-d3of4,1,C1,False,0,0.975644138147075,510,,0,1,0.0,,1310,1310,7,1,sparsity_failure,requested_member_1_sparsity_failure,False,fresh_execution,stage18-scaling-24a9adb84176,3,1,200,393
394,s3-step200-f99of100-d1of4,1,C1,False,0,0.9906022397995145,510,,0,1,0.0,,1454,1454,7,1,sparsity_failure,requested_member_1_sparsity_failure,False,fresh_execution,stage18-scaling-24a9adb84176,3,1,200,394
395,s3-step200-f99of100-d1of2,1,C1,False,0,0.9906022397995145,510,,0,1,0.0,,1454,1454,7,1,sparsity_failure,requested_member_1_sparsity_failure,False,fresh_execution,stage18-scaling-24a9adb84176,3,1,200,395
396,s3-step200-f99of100-d3of4,1,C1,False,0,0.9906022397995145,510,,0,1,0.0,,1454,1454,7,1,sparsity_failure,requested_member_1_sparsity_failure,False,fresh_execution,stage18-scaling-24a9adb84176,3,1,200,396
397,s3-step3400-f4of5-d1of4,1,C1,False,0,0.8005325397446942,483,,0,1,0.0,,2195,2195,34,1,sparsity_failure,requested_member_1_sparsity_failure,False,fresh_execution,stage18-scaling-24a9adb84176,3,2,3400,397
398,s3-step3400-f4of5-d1of2,1,C1,False,0,0.8005325397446942,483,,0,1,0.0,,2195,2195,34,1,sparsity_failure,requested_member_1_sparsity_failure,False,fresh_execution,stage18-scaling-24a9adb84176,3,2,3400,398
399,s3-step3400-f4of5-d3of4,1,C1,False,0,0.8005325397446942,483,,0,1,0.0,,2195,2195,34,1,sparsity_failure,requested_member_1_sparsity_failure,False,fresh_execution,stage18-scaling-24a9adb84176,3,2,3400,399
400,s3-step3400-f17of20-d1of4,1,C1,False,0,0.8501057248022554,498,,0,1,0.0,,1282,1282,19,1,sparsity_failure,requested_member_1_sparsity_failure,False,fresh_execution,stage18-scaling-24a9adb84176,3,2,3400,400
401,s3-step3400-f17of20-d1of2,1,C1,False,0,0.8501057248022554,498,,0,1,0.0,,1282,1282,19,1,sparsity_failure,requested_member_1_sparsity_failure,False,fresh_execution,stage18-scaling-24a9adb84176,3,2,3400,401
402,s3-step3400-f17of20-d3of4,1,C1,False,0,0.8501057248022554,498,,0,1,0.0,,1282,1282,19,1,sparsity_failure,requested_member_1_sparsity_failure,False,fresh_execution,stage18-scaling-24a9adb84176,3,2,3400,402
403,s3-step3400-f9of10-d1of4,1,C1,False,0,0.900540371211528,506,,0,1,0.0,,922,922,11,1,sparsity_failure,requested_member_1_sparsity_failure,False,fresh_execution,stage18-scaling-24a9adb84176,3,2,3400,403
404,s3-step3400-f9of10-d1of2,1,C1,False,0,0.900540371211528,506,,0,1,0.0,,922,922,11,1,sparsity_failure,requested_member_1_sparsity_failure,False,fresh_execution,stage18-scaling-24a9adb84176,3,2,3400,404
405,s3-step3400-f9of10-d3of4,1,C1,False,0,0.900540371211528,506,,0,1,0.0,,922,922,11,1,sparsity_failure,requested_member_1_sparsity_failure,False,fresh_execution,stage18-scaling-24a9adb84176,3,2,3400,405
406,s3-step3400-f19of20-d1of4,1,C1,False,0,0.9503485002741013,511,,0,1,0.0,,991,991,6,1,sparsity_failure,requested_member_1_sparsity_failure,False,fresh_execution,stage18-scaling-24a9adb84176,3,2,3400,406
407,s3-step3400-f19of20-d1of2,1,C1,False,0,0.9503485002741013,511,,0,1,0.0,,991,991,6,1,sparsity_failure,requested_member_1_sparsity_failure,False,fresh_execution,stage18-scaling-24a9adb84176,3,2,3400,407
408,s3-step3400-f19of20-d3of4,1,C1,False,0,0.9503485002741013,511,,0,1,0.0,,991,991,6,1,sparsity_failure,requested_member_1_sparsity_failure,False,fresh_execution,stage18-scaling-24a9adb84176,3,2,3400,408
409,s3-step3400-f39of40-d1of4,1,C1,False,0,0.9754875088104001,514,,0,1,0.0,,754,754,3,1,sparsity_failure,requested_member_1_sparsity_failure,False,fresh_execution,stage18-scaling-24a9adb84176,3,2,3400,409
410,s3-step3400-f39of40-d1of2,1,C1,False,0,0.9754875088104001,514,,0,1,0.0,,754,754,3,1,sparsity_failure,requested_member_1_sparsity_failure,False,fresh_execution,stage18-scaling-24a9adb84176,3,2,3400,410
411,s3-step3400-f39of40-d3of4,1,C1,False,0,0.9754875088104001,514,,0,1,0.0,,754,754,3,1,sparsity_failure,requested_member_1_sparsity_failure,False,fresh_execution,stage18-scaling-24a9adb84176,3,2,3400,411
412,s3-step3400-f99of100-d1of4,1,C1,False,0,0.9901323517894902,514,,0,1,0.0,,930,930,3,1,sparsity_failure,requested_member_1_sparsity_failure,False,fresh_execution,stage18-scaling-24a9adb84176,3,2,3400,412
413,s3-step3400-f99of100-d1of2,1,C1,False,0,0.9901323517894902,514,,0,1,0.0,,930,930,3,1,sparsity_failure,requested_member_1_sparsity_failure,False,fresh_execution,stage18-scaling-24a9adb84176,3,2,3400,413
414,s3-step3400-f99of100-d3of4,1,C1,False,0,0.9901323517894902,514,,0,1,0.0,,930,930,3,1,sparsity_failure,requested_member_1_sparsity_failure,False,fresh_execution,stage18-scaling-24a9adb84176,3,2,3400,414
415,s3-step7450-f4of5-d1of4,1,C1,False,0,0.8002192810713447,478,,0,1,0.0,,1326,1326,39,1,sparsity_failure,requested_member_1_sparsity_failure,False,fresh_execution,stage18-scaling-24a9adb84176,3,3,7450,415
416,s3-step7450-f4of5-d1of2,1,C1,False,0,0.8002192810713447,478,,0,1,0.0,,1326,1326,39,1,sparsity_failure,requested_member_1_sparsity_failure,False,fresh_execution,stage18-scaling-24a9adb84176,3,3,7450,416
417,s3-step7450-f4of5-d3of4,1,C1,False,0,0.8002192810713447,478,,0,1,0.0,,1326,1326,39,1,sparsity_failure,requested_member_1_sparsity_failure,False,fresh_execution,stage18-scaling-24a9adb84176,3,3,7450,417
418,s3-step7450-f17of20-d1of4,1,C1,False,0,0.850418983475605,494,,0,1,0.0,,1054,1054,23,1,sparsity_failure,requested_member_1_sparsity_failure,False,fresh_execution,stage18-scaling-24a9adb84176,3,3,7450,418
419,s3-step7450-f17of20-d1of2,1,C1,False,0,0.850418983475605,494,,0,1,0.0,,1054,1054,23,1,sparsity_failure,requested_member_1_sparsity_failure,False,fresh_execution,stage18-scaling-24a9adb84176,3,3,7450,419
420,s3-step7450-f17of20-d3of4,1,C1,False,0,0.850418983475605,494,,0,1,0.0,,1054,1054,23,1,sparsity_failure,requested_member_1_sparsity_failure,False,fresh_execution,stage18-scaling-24a9adb84176,3,3,7450,420
421,s3-step7450-f9of10-d1of4,1,C1,False,0,0.9002271125381784,505,,0,1,0.0,,985,985,12,1,sparsity_failure,requested_member_1_sparsity_failure,False,fresh_execution,stage18-scaling-24a9adb84176,3,3,7450,421
422,s3-step7450-f9of10-d1of2,1,C1,False,0,0.9002271125381784,505,,0,1,0.0,,985,985,12,1,sparsity_failure,requested_member_1_sparsity_failure,False,fresh_execution,stage18-scaling-24a9adb84176,3,3,7450,422
423,s3-step7450-f9of10-d3of4,1,C1,False,0,0.9002271125381784,505,,0,1,0.0,,985,985,12,1,sparsity_failure,requested_member_1_sparsity_failure,False,fresh_execution,stage18-scaling-24a9adb84176,3,3,7450,423
424,s3-step7450-f19of20-d1of4,1,C1,False,0,0.9522280523141985,513,,0,1,0.0,,577,577,4,1,sparsity_failure,requested_member_1_sparsity_failure,False,fresh_execution,stage18-scaling-24a9adb84176,3,3,7450,424
425,s3-step7450-f19of20-d1of2,1,C1,False,0,0.9522280523141985,513,,0,1,0.0,,577,577,4,1,sparsity_failure,requested_member_1_sparsity_failure,False,fresh_execution,stage18-scaling-24a9adb84176,3,3,7450,425
426,s3-step7450-f19of20-d3of4,1,C1,False,0,0.9522280523141985,513,,0,1,0.0,,577,577,4,1,sparsity_failure,requested_member_1_sparsity_failure,False,fresh_execution,stage18-scaling-24a9adb84176,3,3,7450,426
427,s3-step7450-f39of40-d1of4,1,C1,False,0,0.9777586341921842,515,,0,1,0.0,,531,531,2,1,sparsity_failure,requested_member_1_sparsity_failure,False,fresh_execution,stage18-scaling-24a9adb84176,3,3,7450,427
428,s3-step7450-f39of40-d1of2,1,C1,False,0,0.9777586341921842,515,,0,1,0.0,,531,531,2,1,sparsity_failure,requested_member_1_sparsity_failure,False,fresh_execution,stage18-scaling-24a9adb84176,3,3,7450,428
429,s3-step7450-f39of40-d3of4,1,C1,False,0,0.9777586341921842,515,,0,1,0.0,,531,531,2,1,sparsity_failure,requested_member_1_sparsity_failure,False,fresh_execution,stage18-scaling-24a9adb84176,3,3,7450,429
430,s3-step7450-f99of100-d1of4,1,C1,False,0,0.9900540371211528,515,,0,1,0.0,,803,803,2,1,sparsity_failure,requested_member_1_sparsity_failure,False,fresh_execution,stage18-scaling-24a9adb84176,3,3,7450,430
431,s3-step7450-f99of100-d1of2,1,C1,False,0,0.9900540371211528,515,,0,1,0.0,,803,803,2,1,sparsity_failure,requested_member_1_sparsity_failure,False,fresh_execution,stage18-scaling-24a9adb84176,3,3,7450,431
432,s3-step7450-f99of100-d3of4,1,C1,False,0,0.9900540371211528,515,,0,1,0.0,,803,803,2,1,sparsity_failure,requested_member_1_sparsity_failure,False,fresh_execution,stage18-scaling-24a9adb84176,3,3,7450,432
433,s3-step8150-f4of5-d1of4,1,C1,False,0,0.80006265173467,438,,0,1,0.0,,2534,2534,79,1,sparsity_failure,requested_member_1_sparsity_failure,False,fresh_execution,stage18-scaling-24a9adb84176,3,4,8150,433
434,s3-step8150-f4of5-d1of2,1,C1,False,0,0.80006265173467,438,,0,1,0.0,,2534,2534,79,1,sparsity_failure,requested_member_1_sparsity_failure,False,fresh_execution,stage18-scaling-24a9adb84176,3,4,8150,434
435,s3-step8150-f4of5-d3of4,1,C1,False,0,0.80006265173467,438,,0,1,0.0,,2534,2534,79,1,sparsity_failure,requested_member_1_sparsity_failure,False,fresh_execution,stage18-scaling-24a9adb84176,3,4,8150,435
436,s3-step8150-f17of20-d1of4,1,C1,False,0,0.8501057248022554,468,,0,1,0.0,,1748,1748,49,1,sparsity_failure,requested_member_1_sparsity_failure,False,fresh_execution,stage18-scaling-24a9adb84176,3,4,8150,436
437,s3-step8150-f17of20-d1of2,1,C1,False,0,0.8501057248022554,468,,0,1,0.0,,1748,1748,49,1,sparsity_failure,requested_member_1_sparsity_failure,False,fresh_execution,stage18-scaling-24a9adb84176,3,4,8150,437
438,s3-step8150-f17of20-d3of4,1,C1,False,0,0.8501057248022554,468,,0,1,0.0,,1748,1748,49,1,sparsity_failure,requested_member_1_sparsity_failure,False,fresh_execution,stage18-scaling-24a9adb84176,3,4,8150,438
439,s3-step8150-f9of10-d1of4,1,C1,False,0,0.9003054272065157,490,,0,1,0.0,,1274,1274,27,1,sparsity_failure,requested_member_1_sparsity_failure,False,fresh_execution,stage18-scaling-24a9adb84176,3,4,8150,439
440,s3-step8150-f9of10-d1of2,1,C1,False,0,0.9003054272065157,490,,0,1,0.0,,1274,1274,27,1,sparsity_failure,requested_member_1_sparsity_failure,False,fresh_execution,stage18-scaling-24a9adb84176,3,4,8150,440
441,s3-step8150-f9of10-d3of4,1,C1,False,0,0.9003054272065157,490,,0,1,0.0,,1274,1274,27,1,sparsity_failure,requested_member_1_sparsity_failure,False,fresh_execution,stage18-scaling-24a9adb84176,3,4,8150,441
442,s3-step8150-f19of20-d1of4,1,C1,False,0,0.9503485002741013,511,,0,1,0.0,,591,591,6,1,sparsity_failure,requested_member_1_sparsity_failure,False,fresh_execution,stage18-scaling-24a9adb84176,3,4,8150,442
443,s3-step8150-f19of20-d1of2,1,C1,False,0,0.9503485002741013,511,,0,1,0.0,,591,591,6,1,sparsity_failure,requested_member_1_sparsity_failure,False,fresh_execution,stage18-scaling-24a9adb84176,3,4,8150,443
444,s3-step8150-f19of20-d3of4,1,C1,False,0,0.9503485002741013,511,,0,1,0.0,,591,591,6,1,sparsity_failure,requested_member_1_sparsity_failure,False,fresh_execution,stage18-scaling-24a9adb84176,3,4,8150,444
445,s3-step8150-f39of40-d1of4,1,C1,False,0,0.975644138147075,513,,0,1,0.0,,689,689,4,1,sparsity_failure,requested_member_1_sparsity_failure,False,fresh_execution,stage18-scaling-24a9adb84176,3,4,8150,445
446,s3-step8150-f39of40-d1of2,1,C1,False,0,0.975644138147075,513,,0,1,0.0,,689,689,4,1,sparsity_failure,requested_member_1_sparsity_failure,False,fresh_execution,stage18-scaling-24a9adb84176,3,4,8150,446
447,s3-step8150-f39of40-d3of4,1,C1,False,0,0.975644138147075,513,,0,1,0.0,,689,689,4,1,sparsity_failure,requested_member_1_sparsity_failure,False,fresh_execution,stage18-scaling-24a9adb84176,3,4,8150,447
448,s3-step8150-f99of100-d1of4,1,C1,False,0,0.9918552744929126,515,,0,1,0.0,,563,563,2,1,sparsity_failure,requested_member_1_sparsity_failure,False,fresh_execution,stage18-scaling-24a9adb84176,3,4,8150,448
449,s3-step8150-f99of100-d1of2,1,C1,False,0,0.9918552744929126,515,,0,1,0.0,,563,563,2,1,sparsity_failure,requested_member_1_sparsity_failure,False,fresh_execution,stage18-scaling-24a9adb84176,3,4,8150,449
450,s3-step8150-f99of100-d3of4,1,C1,False,0,0.9918552744929126,515,,0,1,0.0,,563,563,2,1,sparsity_failure,requested_member_1_sparsity_failure,False,fresh_execution,stage18-scaling-24a9adb84176,3,4,8150,450
451,s3-step8500-f4of5-d1of4,1,C1,False,0,0.8001409664030072,390,,0,1,0.0,,3510,3510,127,1,sparsity_failure,requested_member_1_sparsity_failure,False,fresh_execution,stage18-scaling-24a9adb84176,3,5,8500,451
452,s3-step8500-f4of5-d1of2,1,C1,False,0,0.8001409664030072,390,,0,1,0.0,,3510,3510,127,1,sparsity_failure,requested_member_1_sparsity_failure,False,fresh_execution,stage18-scaling-24a9adb84176,3,5,8500,452
453,s3-step8500-f4of5-d3of4,1,C1,False,0,0.8001409664030072,390,,0,1,0.0,,3510,3510,127,1,sparsity_failure,requested_member_1_sparsity_failure,False,fresh_execution,stage18-scaling-24a9adb84176,3,5,8500,453
454,s3-step8500-f17of20-d1of4,1,C1,False,0,0.8500274101339181,447,,0,1,0.0,,2591,2591,70,1,sparsity_failure,requested_member_1_sparsity_failure,False,fresh_execution,stage18-scaling-24a9adb84176,3,5,8500,454
455,s3-step8500-f17of20-d1of2,1,C1,False,0,0.8500274101339181,447,,0,1,0.0,,2591,2591,70,1,sparsity_failure,requested_member_1_sparsity_failure,False,fresh_execution,stage18-scaling-24a9adb84176,3,5,8500,455
456,s3-step8500-f17of20-d3of4,1,C1,False,0,0.8500274101339181,447,,0,1,0.0,,2591,2591,70,1,sparsity_failure,requested_member_1_sparsity_failure,False,fresh_execution,stage18-scaling-24a9adb84176,3,5,8500,456
457,s3-step8500-f9of10-d1of4,1,C1,False,0,0.9000704832015036,481,,0,1,0.0,,1553,1553,36,1,sparsity_failure,requested_member_1_sparsity_failure,False,fresh_execution,stage18-scaling-24a9adb84176,3,5,8500,457
458,s3-step8500-f9of10-d1of2,1,C1,False,0,0.9000704832015036,481,,0,1,0.0,,1553,1553,36,1,sparsity_failure,requested_member_1_sparsity_failure,False,fresh_execution,stage18-scaling-24a9adb84176,3,5,8500,458
459,s3-step8500-f9of10-d3of4,1,C1,False,0,0.9000704832015036,481,,0,1,0.0,,1553,1553,36,1,sparsity_failure,requested_member_1_sparsity_failure,False,fresh_execution,stage18-scaling-24a9adb84176,3,5,8500,459
460,s3-step8500-f19of20-d1of4,1,C1,False,0,0.9504268149424387,500,,0,1,0.0,,1316,1316,17,1,sparsity_failure,requested_member_1_sparsity_failure,False,fresh_execution,stage18-scaling-24a9adb84176,3,5,8500,460
461,s3-step8500-f19of20-d1of2,1,C1,False,0,0.9504268149424387,500,,0,1,0.0,,1316,1316,17,1,sparsity_failure,requested_member_1_sparsity_failure,False,fresh_execution,stage18-scaling-24a9adb84176,3,5,8500,461
462,s3-step8500-f19of20-d3of4,1,C1,False,0,0.9504268149424387,500,,0,1,0.0,,1316,1316,17,1,sparsity_failure,requested_member_1_sparsity_failure,False,fresh_execution,stage18-scaling-24a9adb84176,3,5,8500,462
463,s3-step8500-f39of40-d1of4,1,C1,False,0,0.9758790821520871,512,,0,1,0.0,,800,800,5,1,sparsity_failure,requested_member_1_sparsity_failure,False,fresh_execution,stage18-scaling-24a9adb84176,3,5,8500,463
464,s3-step8500-f39of40-d1of2,1,C1,False,0,0.9758790821520871,512,,0,1,0.0,,800,800,5,1,sparsity_failure,requested_member_1_sparsity_failure,False,fresh_execution,stage18-scaling-24a9adb84176,3,5,8500,464
465,s3-step8500-f39of40-d3of4,1,C1,False,0,0.9758790821520871,512,,0,1,0.0,,800,800,5,1,sparsity_failure,requested_member_1_sparsity_failure,False,fresh_execution,stage18-scaling-24a9adb84176,3,5,8500,465
466,s3-step8500-f99of100-d1of4,1,C1,False,0,0.9906022397995145,515,,0,1,0.0,,547,547,2,1,sparsity_failure,requested_member_1_sparsity_failure,False,fresh_execution,stage18-scaling-24a9adb84176,3,5,8500,466
467,s3-step8500-f99of100-d1of2,1,C1,False,0,0.9906022397995145,515,,0,1,0.0,,547,547,2,1,sparsity_failure,requested_member_1_sparsity_failure,False,fresh_execution,stage18-scaling-24a9adb84176,3,5,8500,467
468,s3-step8500-f99of100-d3of4,1,C1,False,0,0.9906022397995145,515,,0,1,0.0,,547,547,2,1,sparsity_failure,requested_member_1_sparsity_failure,False,fresh_execution,stage18-scaling-24a9adb84176,3,5,8500,468
469,s3-step8650-f4of5-d1of4,1,C1,False,0,0.8001409664030072,367,,0,1,0.0,,4511,4511,150,1,sparsity_failure,requested_member_1_sparsity_failure,False,fresh_execution,stage18-scaling-24a9adb84176,3,6,8650,469
470,s3-step8650-f4of5-d1of2,1,C1,False,0,0.8001409664030072,367,,0,1,0.0,,4511,4511,150,1,sparsity_failure,requested_member_1_sparsity_failure,False,fresh_execution,stage18-scaling-24a9adb84176,3,6,8650,470
471,s3-step8650-f4of5-d3of4,1,C1,False,0,0.8001409664030072,367,,0,1,0.0,,4511,4511,150,1,sparsity_failure,requested_member_1_sparsity_failure,False,fresh_execution,stage18-scaling-24a9adb84176,3,6,8650,471
472,s3-step8650-f17of20-d1of4,1,C1,False,0,0.850418983475605,416,,0,1,0.0,,4160,4160,101,1,sparsity_failure,requested_member_1_sparsity_failure,False,fresh_execution,stage18-scaling-24a9adb84176,3,6,8650,472
473,s3-step8650-f17of20-d1of2,1,C1,False,0,0.850418983475605,416,,0,1,0.0,,4160,4160,101,1,sparsity_failure,requested_member_1_sparsity_failure,False,fresh_execution,stage18-scaling-24a9adb84176,3,6,8650,473
474,s3-step8650-f17of20-d3of4,1,C1,False,0,0.850418983475605,416,,0,1,0.0,,4160,4160,101,1,sparsity_failure,requested_member_1_sparsity_failure,False,fresh_execution,stage18-scaling-24a9adb84176,3,6,8650,474
475,s3-step8650-f9of10-d1of4,1,C1,False,0,0.900148797869841,471,,0,1,0.0,,2007,2007,46,1,sparsity_failure,requested_member_1_sparsity_failure,False,fresh_execution,stage18-scaling-24a9adb84176,3,6,8650,475
476,s3-step8650-f9of10-d1of2,1,C1,False,0,0.900148797869841,471,,0,1,0.0,,2007,2007,46,1,sparsity_failure,requested_member_1_sparsity_failure,False,fresh_execution,stage18-scaling-24a9adb84176,3,6,8650,476
477,s3-step8650-f9of10-d3of4,1,C1,False,0,0.900148797869841,471,,0,1,0.0,,2007,2007,46,1,sparsity_failure,requested_member_1_sparsity_failure,False,fresh_execution,stage18-scaling-24a9adb84176,3,6,8650,477
478,s3-step8650-f19of20-d1of4,1,C1,False,0,0.9501135562690892,501,,0,1,0.0,,1141,1141,16,1,sparsity_failure,requested_member_1_sparsity_failure,False,fresh_execution,stage18-scaling-24a9adb84176,3,6,8650,478
479,s3-step8650-f19of20-d1of2,1,C1,False,0,0.9501135562690892,501,,0,1,0.0,,1141,1141,16,1,sparsity_failure,requested_member_1_sparsity_failure,False,fresh_execution,stage18-scaling-24a9adb84176,3,6,8650,479
480,s3-step8650-f19of20-d3of4,1,C1,False,0,0.9501135562690892,501,,0,1,0.0,,1141,1141,16,1,sparsity_failure,requested_member_1_sparsity_failure,False,fresh_execution,stage18-scaling-24a9adb84176,3,6,8650,480
481,s3-step8650-f39of40-d1of4,1,C1,False,0,0.9753308794737254,510,,0,1,0.0,,846,846,7,1,sparsity_failure,requested_member_1_sparsity_failure,False,fresh_execution,stage18-scaling-24a9adb84176,3,6,8650,481
482,s3-step8650-f39of40-d1of2,1,C1,False,0,0.9753308794737254,510,,0,1,0.0,,846,846,7,1,sparsity_failure,requested_member_1_sparsity_failure,False,fresh_execution,stage18-scaling-24a9adb84176,3,6,8650,482
483,s3-step8650-f39of40-d3of4,1,C1,False,0,0.9753308794737254,510,,0,1,0.0,,846,846,7,1,sparsity_failure,requested_member_1_sparsity_failure,False,fresh_execution,stage18-scaling-24a9adb84176,3,6,8650,483
484,s3-step8650-f99of100-d1of4,1,C1,False,0,0.9906022397995145,514,,0,1,0.0,,706,706,3,1,sparsity_failure,requested_member_1_sparsity_failure,False,fresh_execution,stage18-scaling-24a9adb84176,3,6,8650,484
485,s3-step8650-f99of100-d1of2,1,C1,False,0,0.9906022397995145,514,,0,1,0.0,,706,706,3,1,sparsity_failure,requested_member_1_sparsity_failure,False,fresh_execution,stage18-scaling-24a9adb84176,3,6,8650,485
486,s3-step8650-f99of100-d3of4,1,C1,False,0,0.9906022397995145,514,,0,1,0.0,,706,706,3,1,sparsity_failure,requested_member_1_sparsity_failure,False,fresh_execution,stage18-scaling-24a9adb84176,3,6,8650,486
487,s3-step9050-f4of5-d1of4,1,C1,True,0,0.80006265173467,211,0.40891472868217055,0,1,0.0,,7651,7651,306,1,accepted,,False,fresh_execution,stage18-scaling-24a9adb84176,3,7,9050,487
487,s3-step9050-f4of5-d1of4,2,C2,True,0,0.80006265173467,216,0.4186046511627907,20,407,0.04914004914004914,0.04914004914004914,14251,6600,301,1,accepted,,False,fresh_execution,stage18-scaling-24a9adb84176,3,7,9050,487
487,s3-step9050-f4of5-d1of4,3,C3,False,1,0.845250215365338,354,,172,393,0.43765903307888043,,24251,10000,466,2,budget_exhaustion,requested_member_3_budget_exhaustion,False,fresh_execution,stage18-scaling-24a9adb84176,3,7,9050,487
488,s3-step9050-f4of5-d1of2,1,C1,True,0,0.80006265173467,211,0.40891472868217055,0,1,0.0,,7651,7651,306,1,accepted,,False,fresh_execution,stage18-scaling-24a9adb84176,3,7,9050,488
488,s3-step9050-f4of5-d1of2,2,C2,True,0,0.80006265173467,216,0.4186046511627907,20,407,0.04914004914004914,0.04914004914004914,14251,6600,301,1,accepted,,False,fresh_execution,stage18-scaling-24a9adb84176,3,7,9050,488
488,s3-step9050-f4of5-d1of2,3,C3,True,0,0.80006265173467,214,0.41472868217054265,103,322,0.3198757763975155,0.2154934437543133,21649,7398,303,1,accepted,,False,fresh_execution,stage18-scaling-24a9adb84176,3,7,9050,488
488,s3-step9050-f4of5-d1of2,4,C4,True,0,0.80006265173467,222,0.43023255813953487,107,326,0.3282208588957055,0.250195291915669,29087,7438,295,1,accepted,,False,fresh_execution,stage18-scaling-24a9adb84176,3,7,9050,488
488,s3-step9050-f4of5-d1of2,5,C5,True,0,0.80006265173467,208,0.40310077519379844,96,323,0.29721362229102166,0.23827746704721114,35535,6448,309,1,accepted,,False,fresh_execution,stage18-scaling-24a9adb84176,3,7,9050,488
488,s3-step9050-f4of5-d1of2,6,C6,True,0,0.80006265173467,217,0.42054263565891475,108,323,0.33436532507739936,0.27134268734717115,43656,8121,300,1,accepted,,False,fresh_execution,stage18-scaling-24a9adb84176,3,7,9050,488
488,s3-step9050-f4of5-d1of2,7,C7,False,0,0.8006891690813689,232,,118,325,0.3630769230769231,,50000,6344,285,1,budget_exhaustion,requested_member_7_budget_exhaustion,False,fresh_execution,stage18-scaling-24a9adb84176,3,7,9050,488
489,s3-step9050-f4of5-d3of4,1,C1,True,0,0.80006265173467,211,0.40891472868217055,0,1,0.0,,7651,7651,306,1,accepted,,False,fresh_execution,stage18-scaling-24a9adb84176,3,7,9050,489
489,s3-step9050-f4of5-d3of4,2,C2,True,0,0.80006265173467,216,0.4186046511627907,20,407,0.04914004914004914,0.04914004914004914,14251,6600,301,1,accepted,,False,fresh_execution,stage18-scaling-24a9adb84176,3,7,9050,489
489,s3-step9050-f4of5-d3of4,3,C3,True,0,0.80006265173467,214,0.41472868217054265,103,322,0.3198757763975155,0.2154934437543133,21649,7398,303,1,accepted,,False,fresh_execution,stage18-scaling-24a9adb84176,3,7,9050,489
489,s3-step9050-f4of5-d3of4,4,C4,True,0,0.80006265173467,222,0.43023255813953487,107,326,0.3282208588957055,0.250195291915669,29087,7438,295,1,accepted,,False,fresh_execution,stage18-scaling-24a9adb84176,3,7,9050,489
489,s3-step9050-f4of5-d3of4,5,C5,True,0,0.80006265173467,208,0.40310077519379844,96,323,0.29721362229102166,0.23827746704721114,35535,6448,309,1,accepted,,False,fresh_execution,stage18-scaling-24a9adb84176,3,7,9050,489
489,s3-step9050-f4of5-d3of4,6,C6,True,0,0.80006265173467,217,0.42054263565891475,108,323,0.33436532507739936,0.27134268734717115,43656,8121,300,1,accepted,,False,fresh_execution,stage18-scaling-24a9adb84176,3,7,9050,489
489,s3-step9050-f4of5-d3of4,7,C7,False,0,0.8006891690813689,232,,118,325,0.3630769230769231,,50000,6344,285,1,budget_exhaustion,requested_member_7_budget_exhaustion,False,fresh_execution,stage18-scaling-24a9adb84176,3,7,9050,489
490,s3-step9050-f17of20-d1of4,1,C1,False,0,0.8500274101339181,261,,0,1,0.0,,6757,6757,256,1,sparsity_failure,requested_member_1_sparsity_failure,False,fresh_execution,stage18-scaling-24a9adb84176,3,7,9050,490
491,s3-step9050-f17of20-d1of2,1,C1,False,0,0.8500274101339181,261,,0,1,0.0,,6757,6757,256,1,sparsity_failure,requested_member_1_sparsity_failure,False,fresh_execution,stage18-scaling-24a9adb84176,3,7,9050,491
492,s3-step9050-f17of20-d3of4,1,C1,False,0,0.8500274101339181,261,,0,1,0.0,,6757,6757,256,1,sparsity_failure,requested_member_1_sparsity_failure,False,fresh_execution,stage18-scaling-24a9adb84176,3,7,9050,492
493,s3-step9050-f9of10-d1of4,1,C1,False,0,0.900148797869841,330,,0,1,0.0,,6074,6074,187,1,sparsity_failure,requested_member_1_sparsity_failure,False,fresh_execution,stage18-scaling-24a9adb84176,3,7,9050,493
494,s3-step9050-f9of10-d1of2,1,C1,False,0,0.900148797869841,330,,0,1,0.0,,6074,6074,187,1,sparsity_failure,requested_member_1_sparsity_failure,False,fresh_execution,stage18-scaling-24a9adb84176,3,7,9050,494
495,s3-step9050-f9of10-d3of4,1,C1,False,0,0.900148797869841,330,,0,1,0.0,,6074,6074,187,1,sparsity_failure,requested_member_1_sparsity_failure,False,fresh_execution,stage18-scaling-24a9adb84176,3,7,9050,495
496,s3-step9050-f19of20-d1of4,1,C1,False,0,0.9500352416007518,448,,0,1,0.0,,4304,4304,69,1,sparsity_failure,requested_member_1_sparsity_failure,False,fresh_execution,stage18-scaling-24a9adb84176,3,7,9050,496
497,s3-step9050-f19of20-d1of2,1,C1,False,0,0.9500352416007518,448,,0,1,0.0,,4304,4304,69,1,sparsity_failure,requested_member_1_sparsity_failure,False,fresh_execution,stage18-scaling-24a9adb84176,3,7,9050,497
498,s3-step9050-f19of20-d3of4,1,C1,False,0,0.9500352416007518,448,,0,1,0.0,,4304,4304,69,1,sparsity_failure,requested_member_1_sparsity_failure,False,fresh_execution,stage18-scaling-24a9adb84176,3,7,9050,498
499,s3-step9050-f39of40-d1of4,1,C1,False,0,0.9750176208003759,483,,0,1,0.0,,3779,3779,34,1,sparsity_failure,requested_member_1_sparsity_failure,False,fresh_execution,stage18-scaling-24a9adb84176,3,7,9050,499
500,s3-step9050-f39of40-d1of2,1,C1,False,0,0.9750176208003759,483,,0,1,0.0,,3779,3779,34,1,sparsity_failure,requested_member_1_sparsity_failure,False,fresh_execution,stage18-scaling-24a9adb84176,3,7,9050,500
501,s3-step9050-f39of40-d3of4,1,C1,False,0,0.9750176208003759,483,,0,1,0.0,,3779,3779,34,1,sparsity_failure,requested_member_1_sparsity_failure,False,fresh_execution,stage18-scaling-24a9adb84176,3,7,9050,501
502,s3-step9050-f99of100-d1of4,1,C1,False,0,0.9900540371211528,509,,0,1,0.0,,1133,1133,8,1,sparsity_failure,requested_member_1_sparsity_failure,False,fresh_execution,stage18-scaling-24a9adb84176,3,7,9050,502
503,s3-step9050-f99of100-d1of2,1,C1,False,0,0.9900540371211528,509,,0,1,0.0,,1133,1133,8,1,sparsity_failure,requested_member_1_sparsity_failure,False,fresh_execution,stage18-scaling-24a9adb84176,3,7,9050,503
504,s3-step9050-f99of100-d3of4,1,C1,False,0,0.9900540371211528,509,,0,1,0.0,,1133,1133,8,1,sparsity_failure,requested_member_1_sparsity_failure,False,fresh_execution,stage18-scaling-24a9adb84176,3,7,9050,504
505,s4-step200-f4of5-d1of4,1,C1,False,0,0.8005325397446942,495,,0,1,0.0,,1151,1151,22,1,sparsity_failure,requested_member_1_sparsity_failure,False,fresh_execution,stage18-scaling-24a9adb84176,4,1,200,505
506,s4-step200-f4of5-d1of2,1,C1,False,0,0.8005325397446942,495,,0,1,0.0,,1151,1151,22,1,sparsity_failure,requested_member_1_sparsity_failure,False,fresh_execution,stage18-scaling-24a9adb84176,4,1,200,506
507,s4-step200-f4of5-d3of4,1,C1,False,0,0.8005325397446942,495,,0,1,0.0,,1151,1151,22,1,sparsity_failure,requested_member_1_sparsity_failure,False,fresh_execution,stage18-scaling-24a9adb84176,4,1,200,507
508,s4-step200-f17of20-d1of4,1,C1,False,0,0.8501840394705928,504,,0,1,0.0,,888,888,13,1,sparsity_failure,requested_member_1_sparsity_failure,False,fresh_execution,stage18-scaling-24a9adb84176,4,1,200,508
509,s4-step200-f17of20-d1of2,1,C1,False,0,0.8501840394705928,504,,0,1,0.0,,888,888,13,1,sparsity_failure,requested_member_1_sparsity_failure,False,fresh_execution,stage18-scaling-24a9adb84176,4,1,200,509
510,s4-step200-f17of20-d3of4,1,C1,False,0,0.8501840394705928,504,,0,1,0.0,,888,888,13,1,sparsity_failure,requested_member_1_sparsity_failure,False,fresh_execution,stage18-scaling-24a9adb84176,4,1,200,510
511,s4-step200-f9of10-d1of4,1,C1,False,0,0.9006186858798653,509,,0,1,0.0,,973,973,8,1,sparsity_failure,requested_member_1_sparsity_failure,False,fresh_execution,stage18-scaling-24a9adb84176,4,1,200,511
512,s4-step200-f9of10-d1of2,1,C1,False,0,0.9006186858798653,509,,0,1,0.0,,973,973,8,1,sparsity_failure,requested_member_1_sparsity_failure,False,fresh_execution,stage18-scaling-24a9adb84176,4,1,200,512
513,s4-step200-f9of10-d3of4,1,C1,False,0,0.9006186858798653,509,,0,1,0.0,,973,973,8,1,sparsity_failure,requested_member_1_sparsity_failure,False,fresh_execution,stage18-scaling-24a9adb84176,4,1,200,513
514,s4-step200-f19of20-d1of4,1,C1,False,0,0.950505129610776,514,,0,1,0.0,,642,642,3,1,sparsity_failure,requested_member_1_sparsity_failure,False,fresh_execution,stage18-scaling-24a9adb84176,4,1,200,514
515,s4-step200-f19of20-d1of2,1,C1,False,0,0.950505129610776,514,,0,1,0.0,,642,642,3,1,sparsity_failure,requested_member_1_sparsity_failure,False,fresh_execution,stage18-scaling-24a9adb84176,4,1,200,515
516,s4-step200-f19of20-d3of4,1,C1,False,0,0.950505129610776,514,,0,1,0.0,,642,642,3,1,sparsity_failure,requested_member_1_sparsity_failure,False,fresh_execution,stage18-scaling-24a9adb84176,4,1,200,516
517,s4-step200-f39of40-d1of4,1,C1,False,0,0.9764272848304487,514,,0,1,0.0,,722,722,3,1,sparsity_failure,requested_member_1_sparsity_failure,False,fresh_execution,stage18-scaling-24a9adb84176,4,1,200,517
518,s4-step200-f39of40-d1of2,1,C1,False,0,0.9764272848304487,514,,0,1,0.0,,722,722,3,1,sparsity_failure,requested_member_1_sparsity_failure,False,fresh_execution,stage18-scaling-24a9adb84176,4,1,200,518
519,s4-step200-f39of40-d3of4,1,C1,False,0,0.9764272848304487,514,,0,1,0.0,,722,722,3,1,sparsity_failure,requested_member_1_sparsity_failure,False,fresh_execution,stage18-scaling-24a9adb84176,4,1,200,519
520,s4-step200-f99of100-d1of4,1,C1,False,0,0.9916203304879004,513,,0,1,0.0,,1009,1009,4,1,sparsity_failure,requested_member_1_sparsity_failure,False,fresh_execution,stage18-scaling-24a9adb84176,4,1,200,520
521,s4-step200-f99of100-d1of2,1,C1,False,0,0.9916203304879004,513,,0,1,0.0,,1009,1009,4,1,sparsity_failure,requested_member_1_sparsity_failure,False,fresh_execution,stage18-scaling-24a9adb84176,4,1,200,521
522,s4-step200-f99of100-d3of4,1,C1,False,0,0.9916203304879004,513,,0,1,0.0,,1009,1009,4,1,sparsity_failure,requested_member_1_sparsity_failure,False,fresh_execution,stage18-scaling-24a9adb84176,4,1,200,522
523,s4-step3400-f4of5-d1of4,1,C1,False,0,0.8002192810713447,485,,0,1,0.0,,1685,1685,32,1,sparsity_failure,requested_member_1_sparsity_failure,False,fresh_execution,stage18-scaling-24a9adb84176,4,2,3400,523
524,s4-step3400-f4of5-d1of2,1,C1,False,0,0.8002192810713447,485,,0,1,0.0,,1685,1685,32,1,sparsity_failure,requested_member_1_sparsity_failure,False,fresh_execution,stage18-scaling-24a9adb84176,4,2,3400,524
525,s4-step3400-f4of5-d3of4,1,C1,False,0,0.8002192810713447,485,,0,1,0.0,,1685,1685,32,1,sparsity_failure,requested_member_1_sparsity_failure,False,fresh_execution,stage18-scaling-24a9adb84176,4,2,3400,525
526,s4-step3400-f17of20-d1of4,1,C1,False,0,0.8502623541389303,495,,0,1,0.0,,1247,1247,22,1,sparsity_failure,requested_member_1_sparsity_failure,False,fresh_execution,stage18-scaling-24a9adb84176,4,2,3400,526
527,s4-step3400-f17of20-d1of2,1,C1,False,0,0.8502623541389303,495,,0,1,0.0,,1247,1247,22,1,sparsity_failure,requested_member_1_sparsity_failure,False,fresh_execution,stage18-scaling-24a9adb84176,4,2,3400,527
528,s4-step3400-f17of20-d3of4,1,C1,False,0,0.8502623541389303,495,,0,1,0.0,,1247,1247,22,1,sparsity_failure,requested_member_1_sparsity_failure,False,fresh_execution,stage18-scaling-24a9adb84176,4,2,3400,528
529,s4-step3400-f9of10-d1of4,1,C1,False,0,0.9000704832015036,507,,0,1,0.0,,795,795,10,1,sparsity_failure,requested_member_1_sparsity_failure,False,fresh_execution,stage18-scaling-24a9adb84176,4,2,3400,529
530,s4-step3400-f9of10-d1of2,1,C1,False,0,0.9000704832015036,507,,0,1,0.0,,795,795,10,1,sparsity_failure,requested_member_1_sparsity_failure,False,fresh_execution,stage18-scaling-24a9adb84176,4,2,3400,530
531,s4-step3400-f9of10-d3of4,1,C1,False,0,0.9000704832015036,507,,0,1,0.0,,795,795,10,1,sparsity_failure,requested_member_1_sparsity_failure,False,fresh_execution,stage18-scaling-24a9adb84176,4,2,3400,531
532,s4-step3400-f19of20-d1of4,1,C1,False,0,0.9506617589474509,513,,0,1,0.0,,721,721,4,1,sparsity_failure,requested_member_1_sparsity_failure,False,fresh_execution,stage18-scaling-24a9adb84176,4,2,3400,532
533,s4-step3400-f19of20-d1of2,1,C1,False,0,0.9506617589474509,513,,0,1,0.0,,721,721,4,1,sparsity_failure,requested_member_1_sparsity_failure,False,fresh_execution,stage18-scaling-24a9adb84176,4,2,3400,533
534,s4-step3400-f19of20-d3of4,1,C1,False,0,0.9506617589474509,513,,0,1,0.0,,721,721,4,1,sparsity_failure,requested_member_1_sparsity_failure,False,fresh_execution,stage18-scaling-24a9adb84176,4,2,3400,534
535,s4-step3400-f39of40-d1of4,1,C1,False,0,0.9769754875088104,515,,0,1,0.0,,531,531,2,1,sparsity_failure,requested_member_1_sparsity_failure,False,fresh_execution,stage18-scaling-24a9adb84176,4,2,3400,535
536,s4-step3400-f39of40-d1of2,1,C1,False,0,0.9769754875088104,515,,0,1,0.0,,531,531,2,1,sparsity_failure,requested_member_1_sparsity_failure,False,fresh_execution,stage18-scaling-24a9adb84176,4,2,3400,536
537,s4-step3400-f39of40-d3of4,1,C1,False,0,0.9769754875088104,515,,0,1,0.0,,531,531,2,1,sparsity_failure,requested_member_1_sparsity_failure,False,fresh_execution,stage18-scaling-24a9adb84176,4,2,3400,537
538,s4-step3400-f99of100-d1of4,1,C1,False,0,0.9932649385229854,515,,0,1,0.0,,675,675,2,1,sparsity_failure,requested_member_1_sparsity_failure,False,fresh_execution,stage18-scaling-24a9adb84176,4,2,3400,538
539,s4-step3400-f99of100-d1of2,1,C1,False,0,0.9932649385229854,515,,0,1,0.0,,675,675,2,1,sparsity_failure,requested_member_1_sparsity_failure,False,fresh_execution,stage18-scaling-24a9adb84176,4,2,3400,539
540,s4-step3400-f99of100-d3of4,1,C1,False,0,0.9932649385229854,515,,0,1,0.0,,675,675,2,1,sparsity_failure,requested_member_1_sparsity_failure,False,fresh_execution,stage18-scaling-24a9adb84176,4,2,3400,540
541,s4-step7450-f4of5-d1of4,1,C1,True,0,0.8024904064531286,54,0.10465116279069768,0,1,0.0,,7446,7446,463,1,accepted,,False,fresh_execution,stage18-scaling-24a9adb84176,4,3,7450,541
541,s4-step7450-f4of5-d1of4,2,C2,True,0,0.807737489231733,51,0.09883720930232558,1,6,0.16666666666666666,0.16666666666666666,14953,7507,466,1,accepted,,False,fresh_execution,stage18-scaling-24a9adb84176,4,3,7450,541
541,s4-step7450-f4of5-d1of4,3,C3,True,0,0.8067193985433472,50,0.09689922480620156,2,11,0.18181818181818182,0.1647727272727273,22459,7506,467,1,accepted,,False,fresh_execution,stage18-scaling-24a9adb84176,4,3,7450,541
541,s4-step7450-f4of5-d1of4,4,C4,True,0,0.8069543425483593,51,0.09883720930232558,6,29,0.20689655172413793,0.17138060183391451,29950,7491,466,1,accepted,,False,fresh_execution,stage18-scaling-24a9adb84176,4,3,7450,541
541,s4-step7450-f4of5-d1of4,5,C5,True,0,0.8013156864280679,56,0.10852713178294573,21,89,0.23595505617977527,0.18522989879671686,37366,7416,461,1,accepted,,False,fresh_execution,stage18-scaling-24a9adb84176,4,3,7450,541
541,s4-step7450-f4of5-d1of4,6,C6,False,1,1.0,359,,46,367,0.12534059945504086,,47366,10000,623,2,budget_exhaustion,requested_member_6_budget_exhaustion,False,fresh_execution,stage18-scaling-24a9adb84176,4,3,7450,541
542,s4-step7450-f4of5-d1of2,1,C1,True,0,0.8024904064531286,54,0.10465116279069768,0,1,0.0,,7446,7446,463,1,accepted,,False,fresh_execution,stage18-scaling-24a9adb84176,4,3,7450,542
542,s4-step7450-f4of5-d1of2,2,C2,True,0,0.807737489231733,51,0.09883720930232558,1,6,0.16666666666666666,0.16666666666666666,14953,7507,466,1,accepted,,False,fresh_execution,stage18-scaling-24a9adb84176,4,3,7450,542
542,s4-step7450-f4of5-d1of2,3,C3,True,0,0.8067193985433472,50,0.09689922480620156,2,11,0.18181818181818182,0.1647727272727273,22459,7506,467,1,accepted,,False,fresh_execution,stage18-scaling-24a9adb84176,4,3,7450,542
542,s4-step7450-f4of5-d1of2,4,C4,True,0,0.8069543425483593,51,0.09883720930232558,6,29,0.20689655172413793,0.17138060183391451,29950,7491,466,1,accepted,,False,fresh_execution,stage18-scaling-24a9adb84176,4,3,7450,542
542,s4-step7450-f4of5-d1of2,5,C5,True,0,0.8013156864280679,56,0.10852713178294573,21,89,0.23595505617977527,0.18522989879671686,37366,7416,461,1,accepted,,False,fresh_execution,stage18-scaling-24a9adb84176,4,3,7450,542
542,s4-step7450-f4of5-d1of2,6,C6,True,0,0.8041350144882137,52,0.10077519379844961,14,39,0.358974358974359,0.22328194307007976,44842,7476,465,1,accepted,,False,fresh_execution,stage18-scaling-24a9adb84176,4,3,7450,542
542,s4-step7450-f4of5-d1of2,7,C7,False,0,1.0,194,,31,219,0.1415525114155251,,50000,5158,323,1,budget_exhaustion,requested_member_7_budget_exhaustion,False,fresh_execution,stage18-scaling-24a9adb84176,4,3,7450,542
543,s4-step7450-f4of5-d3of4,1,C1,True,0,0.8024904064531286,54,0.10465116279069768,0,1,0.0,,7446,7446,463,1,accepted,,False,fresh_execution,stage18-scaling-24a9adb84176,4,3,7450,543
543,s4-step7450-f4of5-d3of4,2,C2,True,0,0.807737489231733,51,0.09883720930232558,1,6,0.16666666666666666,0.16666666666666666,14953,7507,466,1,accepted,,False,fresh_execution,stage18-scaling-24a9adb84176,4,3,7450,543
543,s4-step7450-f4of5-d3of4,3,C3,True,0,0.8067193985433472,50,0.09689922480620156,2,11,0.18181818181818182,0.1647727272727273,22459,7506,467,1,accepted,,False,fresh_execution,stage18-scaling-24a9adb84176,4,3,7450,543
543,s4-step7450-f4of5-d3of4,4,C4,True,0,0.8069543425483593,51,0.09883720930232558,6,29,0.20689655172413793,0.17138060183391451,29950,7491,466,1,accepted,,False,fresh_execution,stage18-scaling-24a9adb84176,4,3,7450,543
543,s4-step7450-f4of5-d3of4,5,C5,True,0,0.8013156864280679,56,0.10852713178294573,21,89,0.23595505617977527,0.18522989879671686,37366,7416,461,1,accepted,,False,fresh_execution,stage18-scaling-24a9adb84176,4,3,7450,543
543,s4-step7450-f4of5-d3of4,6,C6,True,0,0.8041350144882137,52,0.10077519379844961,14,39,0.358974358974359,0.22328194307007976,44842,7476,465,1,accepted,,False,fresh_execution,stage18-scaling-24a9adb84176,4,3,7450,543
543,s4-step7450-f4of5-d3of4,7,C7,False,0,1.0,194,,31,219,0.1415525114155251,,50000,5158,323,1,budget_exhaustion,requested_member_7_budget_exhaustion,False,fresh_execution,stage18-scaling-24a9adb84176,4,3,7450,543
544,s4-step7450-f17of20-d1of4,1,C1,True,0,0.8541780875557992,57,0.11046511627906977,0,1,0.0,,7401,7401,460,1,accepted,,False,fresh_execution,stage18-scaling-24a9adb84176,4,3,7450,544
544,s4-step7450-f17of20-d1of4,2,C2,True,0,0.8567624716109328,54,0.10465116279069768,5,32,0.15625,0.15625,14847,7446,463,1,accepted,,False,fresh_execution,stage18-scaling-24a9adb84176,4,3,7450,544
544,s4-step7450-f17of20-d1of4,3,C3,True,0,0.8628710157412484,55,0.1065891472868217,17,95,0.17894736842105263,0.1513293543136191,22278,7431,462,1,accepted,,False,fresh_execution,stage18-scaling-24a9adb84176,4,3,7450,544
544,s4-step7450-f17of20-d1of4,4,C4,True,0,0.8552744929125226,50,0.09689922480620156,20,87,0.22988505747126436,0.21106325004494889,29784,7506,467,1,accepted,,False,fresh_execution,stage18-scaling-24a9adb84176,4,3,7450,544
544,s4-step7450-f17of20-d1of4,5,C5,False,1,1.0,353,,47,363,0.12947658402203857,,39784,10000,623,2,budget_exhaustion,requested_member_5_budget_exhaustion,False,fresh_execution,stage18-scaling-24a9adb84176,4,3,7450,544
545,s4-step7450-f17of20-d1of2,1,C1,True,0,0.8541780875557992,57,0.11046511627906977,0,1,0.0,,7401,7401,460,1,accepted,,False,fresh_execution,stage18-scaling-24a9adb84176,4,3,7450,545
545,s4-step7450-f17of20-d1of2,2,C2,True,0,0.8567624716109328,54,0.10465116279069768,5,32,0.15625,0.15625,14847,7446,463,1,accepted,,False,fresh_execution,stage18-scaling-24a9adb84176,4,3,7450,545
545,s4-step7450-f17of20-d1of2,3,C3,True,0,0.8628710157412484,55,0.1065891472868217,17,95,0.17894736842105263,0.1513293543136191,22278,7431,462,1,accepted,,False,fresh_execution,stage18-scaling-24a9adb84176,4,3,7450,545
545,s4-step7450-f17of20-d1of2,4,C4,True,0,0.8552744929125226,50,0.09689922480620156,20,87,0.22988505747126436,0.21106325004494889,29784,7506,467,1,accepted,,False,fresh_execution,stage18-scaling-24a9adb84176,4,3,7450,545
545,s4-step7450-f17of20-d1of2,5,C5,True,0,0.851437074163991,58,0.1124031007751938,6,17,0.35294117647058826,0.2342451846438789,37170,7386,459,1,accepted,,False,fresh_execution,stage18-scaling-24a9adb84176,4,3,7450,545
545,s4-step7450-f17of20-d1of2,6,C6,True,0,0.8569974156159449,56,0.10852713178294573,25,88,0.2840909090909091,0.20760722347887756,44586,7416,461,1,accepted,,False,fresh_execution,stage18-scaling-24a9adb84176,4,3,7450,545
545,s4-step7450-f17of20-d1of2,7,C7,False,0,1.0,178,,38,197,0.19289340101522842,,50000,5414,339,1,budget_exhaustion,requested_member_7_budget_exhaustion,False,fresh_execution,stage18-scaling-24a9adb84176,4,3,7450,545
546,s4-step7450-f17of20-d3of4,1,C1,True,0,0.8541780875557992,57,0.11046511627906977,0,1,0.0,,7401,7401,460,1,accepted,,False,fresh_execution,stage18-scaling-24a9adb84176,4,3,7450,546
546,s4-step7450-f17of20-d3of4,2,C2,True,0,0.8567624716109328,54,0.10465116279069768,5,32,0.15625,0.15625,14847,7446,463,1,accepted,,False,fresh_execution,stage18-scaling-24a9adb84176,4,3,7450,546
546,s4-step7450-f17of20-d3of4,3,C3,True,0,0.8628710157412484,55,0.1065891472868217,17,95,0.17894736842105263,0.1513293543136191,22278,7431,462,1,accepted,,False,fresh_execution,stage18-scaling-24a9adb84176,4,3,7450,546
546,s4-step7450-f17of20-d3of4,4,C4,True,0,0.8552744929125226,50,0.09689922480620156,20,87,0.22988505747126436,0.21106325004494889,29784,7506,467,1,accepted,,False,fresh_execution,stage18-scaling-24a9adb84176,4,3,7450,546
546,s4-step7450-f17of20-d3of4,5,C5,True,0,0.851437074163991,58,0.1124031007751938,6,17,0.35294117647058826,0.2342451846438789,37170,7386,459,1,accepted,,False,fresh_execution,stage18-scaling-24a9adb84176,4,3,7450,546
546,s4-step7450-f17of20-d3of4,6,C6,True,0,0.8569974156159449,56,0.10852713178294573,25,88,0.2840909090909091,0.20760722347887756,44586,7416,461,1,accepted,,False,fresh_execution,stage18-scaling-24a9adb84176,4,3,7450,546
546,s4-step7450-f17of20-d3of4,7,C7,False,0,1.0,178,,38,197,0.19289340101522842,,50000,5414,339,1,budget_exhaustion,requested_member_7_budget_exhaustion,False,fresh_execution,stage18-scaling-24a9adb84176,4,3,7450,546
547,s4-step7450-f9of10-d1of4,1,C1,True,0,0.9044561046283969,63,0.12209302325581395,0,1,0.0,,7311,7311,454,1,accepted,,False,fresh_execution,stage18-scaling-24a9adb84176,4,3,7450,547
547,s4-step7450-f9of10-d1of4,2,C2,True,0,0.9055525099851202,62,0.12015503875968993,3,22,0.13636363636363635,0.13636363636363635,14637,7326,455,1,accepted,,False,fresh_execution,stage18-scaling-24a9adb84176,4,3,7450,547
547,s4-step7450-f9of10-d1of4,3,C3,True,0,0.9023416085832876,57,0.11046511627906977,7,33,0.21212121212121213,0.17272727272727273,22038,7401,460,1,accepted,,False,fresh_execution,stage18-scaling-24a9adb84176,4,3,7450,547
547,s4-step7450-f9of10-d1of4,4,C4,False,1,1.0,347,,21,184,0.11413043478260869,,32038,10000,622,2,budget_exhaustion,requested_member_4_budget_exhaustion,False,fresh_execution,stage18-scaling-24a9adb84176,4,3,7450,547
548,s4-step7450-f9of10-d1of2,1,C1,True,0,0.9044561046283969,63,0.12209302325581395,0,1,0.0,,7311,7311,454,1,accepted,,False,fresh_execution,stage18-scaling-24a9adb84176,4,3,7450,548
548,s4-step7450-f9of10-d1of2,2,C2,True,0,0.9055525099851202,62,0.12015503875968993,3,22,0.13636363636363635,0.13636363636363635,14637,7326,455,1,accepted,,False,fresh_execution,stage18-scaling-24a9adb84176,4,3,7450,548
548,s4-step7450-f9of10-d1of2,3,C3,True,0,0.9023416085832876,57,0.11046511627906977,7,33,0.21212121212121213,0.17272727272727273,22038,7401,460,1,accepted,,False,fresh_execution,stage18-scaling-24a9adb84176,4,3,7450,548
548,s4-step7450-f9of10-d1of2,4,C4,True,0,0.9019500352416008,65,0.12596899224806202,13,51,0.2549019607843137,0.2063487016428193,29319,7281,452,1,accepted,,False,fresh_execution,stage18-scaling-24a9adb84176,4,3,7450,548
548,s4-step7450-f9of10-d1of2,5,C5,True,0,0.9007753152165401,62,0.12015503875968993,24,101,0.2376237623762376,0.21371219648561,36645,7326,455,1,accepted,,False,fresh_execution,stage18-scaling-24a9adb84176,4,3,7450,548
548,s4-step7450-f9of10-d1of2,6,C6,True,0,0.9008536298848774,62,0.12015503875968993,37,88,0.42045454545454547,0.2277070746154537,44003,7358,455,1,accepted,,False,fresh_execution,stage18-scaling-24a9adb84176,4,3,7450,548
548,s4-step7450-f9of10-d1of2,7,C7,False,0,1.0,142,,33,172,0.19186046511627908,,50000,5997,375,1,budget_exhaustion,requested_member_7_budget_exhaustion,False,fresh_execution,stage18-scaling-24a9adb84176,4,3,7450,548
549,s4-step7450-f9of10-d3of4,1,C1,True,0,0.9044561046283969,63,0.12209302325581395,0,1,0.0,,7311,7311,454,1,accepted,,False,fresh_execution,stage18-scaling-24a9adb84176,4,3,7450,549
549,s4-step7450-f9of10-d3of4,2,C2,True,0,0.9055525099851202,62,0.12015503875968993,3,22,0.13636363636363635,0.13636363636363635,14637,7326,455,1,accepted,,False,fresh_execution,stage18-scaling-24a9adb84176,4,3,7450,549
549,s4-step7450-f9of10-d3of4,3,C3,True,0,0.9023416085832876,57,0.11046511627906977,7,33,0.21212121212121213,0.17272727272727273,22038,7401,460,1,accepted,,False,fresh_execution,stage18-scaling-24a9adb84176,4,3,7450,549
549,s4-step7450-f9of10-d3of4,4,C4,True,0,0.9019500352416008,65,0.12596899224806202,13,51,0.2549019607843137,0.2063487016428193,29319,7281,452,1,accepted,,False,fresh_execution,stage18-scaling-24a9adb84176,4,3,7450,549
549,s4-step7450-f9of10-d3of4,5,C5,True,0,0.9007753152165401,62,0.12015503875968993,24,101,0.2376237623762376,0.21371219648561,36645,7326,455,1,accepted,,False,fresh_execution,stage18-scaling-24a9adb84176,4,3,7450,549
549,s4-step7450-f9of10-d3of4,6,C6,True,0,0.9008536298848774,62,0.12015503875968993,37,88,0.42045454545454547,0.2277070746154537,44003,7358,455,1,accepted,,False,fresh_execution,stage18-scaling-24a9adb84176,4,3,7450,549
549,s4-step7450-f9of10-d3of4,7,C7,False,0,1.0,142,,33,172,0.19186046511627908,,50000,5997,375,1,budget_exhaustion,requested_member_7_budget_exhaustion,False,fresh_execution,stage18-scaling-24a9adb84176,4,3,7450,549
550,s4-step7450-f19of20-d1of4,1,C1,True,0,0.951914793640849,68,0.13178294573643412,0,1,0.0,,7236,7236,449,1,accepted,,False,fresh_execution,stage18-scaling-24a9adb84176,4,3,7450,550
550,s4-step7450-f19of20-d1of4,2,C2,True,0,0.9542642336909704,66,0.12790697674418605,8,59,0.13559322033898305,0.13559322033898305,14518,7282,451,1,accepted,,False,fresh_execution,stage18-scaling-24a9adb84176,4,3,7450,550
550,s4-step7450-f19of20-d1of4,3,C3,True,0,0.9511316469574751,67,0.1298449612403101,2,13,0.15384615384615385,0.1310897435897436,21769,7251,450,1,accepted,,False,fresh_execution,stage18-scaling-24a9adb84176,4,3,7450,550
550,s4-step7450-f19of20-d1of4,4,C4,True,0,0.951523220299162,69,0.13372093023255813,26,111,0.23423423423423423,0.18176081133398206,28990,7221,448,1,accepted,,False,fresh_execution,stage18-scaling-24a9adb84176,4,3,7450,550
550,s4-step7450-f19of20-d1of4,5,C5,True,0,0.951523220299162,69,0.13372093023255813,22,115,0.19130434782608696,0.15478879637824755,36211,7221,448,1,accepted,,False,fresh_execution,stage18-scaling-24a9adb84176,4,3,7450,550
550,s4-step7450-f19of20-d1of4,6,C6,False,1,1.0,344,,12,91,0.13186813186813187,,46211,10000,622,2,budget_exhaustion,requested_member_6_budget_exhaustion,False,fresh_execution,stage18-scaling-24a9adb84176,4,3,7450,550
551,s4-step7450-f19of20-d1of2,1,C1,True,0,0.951914793640849,68,0.13178294573643412,0,1,0.0,,7236,7236,449,1,accepted,,False,fresh_execution,stage18-scaling-24a9adb84176,4,3,7450,551
551,s4-step7450-f19of20-d1of2,2,C2,True,0,0.9542642336909704,66,0.12790697674418605,8,59,0.13559322033898305,0.13559322033898305,14518,7282,451,1,accepted,,False,fresh_execution,stage18-scaling-24a9adb84176,4,3,7450,551
551,s4-step7450-f19of20-d1of2,3,C3,True,0,0.9511316469574751,67,0.1298449612403101,2,13,0.15384615384615385,0.1310897435897436,21769,7251,450,1,accepted,,False,fresh_execution,stage18-scaling-24a9adb84176,4,3,7450,551
551,s4-step7450-f19of20-d1of2,4,C4,True,0,0.951523220299162,69,0.13372093023255813,26,111,0.23423423423423423,0.18176081133398206,28990,7221,448,1,accepted,,False,fresh_execution,stage18-scaling-24a9adb84176,4,3,7450,551
551,s4-step7450-f19of20-d1of2,5,C5,True,0,0.951523220299162,69,0.13372093023255813,22,115,0.19130434782608696,0.15478879637824755,36211,7221,448,1,accepted,,False,fresh_execution,stage18-scaling-24a9adb84176,4,3,7450,551
551,s4-step7450-f19of20-d1of2,6,C6,True,0,0.9514449056308246,68,0.13178294573643412,7,27,0.25925925925925924,0.1941710835990012,43447,7236,449,1,accepted,,False,fresh_execution,stage18-scaling-24a9adb84176,4,3,7450,551
551,s4-step7450-f19of20-d1of2,7,C7,False,0,0.9983553919649151,107,,9,26,0.34615384615384615,,50000,6553,410,1,budget_exhaustion,requested_member_7_budget_exhaustion,False,fresh_execution,stage18-scaling-24a9adb84176,4,3,7450,551
552,s4-step7450-f19of20-d3of4,1,C1,True,0,0.951914793640849,68,0.13178294573643412,0,1,0.0,,7236,7236,449,1,accepted,,False,fresh_execution,stage18-scaling-24a9adb84176,4,3,7450,552
552,s4-step7450-f19of20-d3of4,2,C2,True,0,0.9542642336909704,66,0.12790697674418605,8,59,0.13559322033898305,0.13559322033898305,14518,7282,451,1,accepted,,False,fresh_execution,stage18-scaling-24a9adb84176,4,3,7450,552
552,s4-step7450-f19of20-d3of4,3,C3,True,0,0.9511316469574751,67,0.1298449612403101,2,13,0.15384615384615385,0.1310897435897436,21769,7251,450,1,accepted,,False,fresh_execution,stage18-scaling-24a9adb84176,4,3,7450,552
552,s4-step7450-f19of20-d3of4,4,C4,True,0,0.951523220299162,69,0.13372093023255813,26,111,0.23423423423423423,0.18176081133398206,28990,7221,448,1,accepted,,False,fresh_execution,stage18-scaling-24a9adb84176,4,3,7450,552
552,s4-step7450-f19of20-d3of4,5,C5,True,0,0.951523220299162,69,0.13372093023255813,22,115,0.19130434782608696,0.15478879637824755,36211,7221,448,1,accepted,,False,fresh_execution,stage18-scaling-24a9adb84176,4,3,7450,552
552,s4-step7450-f19of20-d3of4,6,C6,True,0,0.9514449056308246,68,0.13178294573643412,7,27,0.25925925925925924,0.1941710835990012,43447,7236,449,1,accepted,,False,fresh_execution,stage18-scaling-24a9adb84176,4,3,7450,552
552,s4-step7450-f19of20-d3of4,7,C7,False,0,0.9983553919649151,107,,9,26,0.34615384615384615,,50000,6553,410,1,budget_exhaustion,requested_member_7_budget_exhaustion,False,fresh_execution,stage18-scaling-24a9adb84176,4,3,7450,552
553,s4-step7450-f39of40-d1of4,1,C1,True,0,0.9772887461821599,76,0.14728682170542637,0,1,0.0,,7116,7116,441,1,accepted,,False,fresh_execution,stage18-scaling-24a9adb84176,4,3,7450,553
553,s4-step7450-f39of40-d1of4,2,C2,True,0,0.975252564805388,83,0.16085271317829458,16,143,0.11188811188811189,0.11188811188811189,14127,7011,434,1,accepted,,False,fresh_execution,stage18-scaling-24a9adb84176,4,3,7450,553
553,s4-step7450-f39of40-d1of4,3,C3,True,0,0.9754091941420628,68,0.13178294573643412,11,61,0.18032786885245902,0.1494231936854888,21363,7236,449,1,accepted,,False,fresh_execution,stage18-scaling-24a9adb84176,4,3,7450,553
553,s4-step7450-f39of40-d1of4,4,C4,True,0,0.9750176208003759,76,0.14728682170542637,13,63,0.20634920634920634,0.16693047189052707,28495,7132,441,1,accepted,,False,fresh_execution,stage18-scaling-24a9adb84176,4,3,7450,553
553,s4-step7450-f39of40-d1of4,5,C5,True,0,0.9754091941420628,75,0.14534883720930233,28,123,0.22764227642276422,0.17434910502355166,35626,7131,442,1,accepted,,False,fresh_execution,stage18-scaling-24a9adb84176,4,3,7450,553
553,s4-step7450-f39of40-d1of4,6,C6,False,1,1.0,330,,55,351,0.15669515669515668,,45626,10000,621,2,budget_exhaustion,requested_member_6_budget_exhaustion,False,fresh_execution,stage18-scaling-24a9adb84176,4,3,7450,553
554,s4-step7450-f39of40-d1of2,1,C1,True,0,0.9772887461821599,76,0.14728682170542637,0,1,0.0,,7116,7116,441,1,accepted,,False,fresh_execution,stage18-scaling-24a9adb84176,4,3,7450,554
554,s4-step7450-f39of40-d1of2,2,C2,True,0,0.975252564805388,83,0.16085271317829458,16,143,0.11188811188811189,0.11188811188811189,14127,7011,434,1,accepted,,False,fresh_execution,stage18-scaling-24a9adb84176,4,3,7450,554
554,s4-step7450-f39of40-d1of2,3,C3,True,0,0.9754091941420628,68,0.13178294573643412,11,61,0.18032786885245902,0.1494231936854888,21363,7236,449,1,accepted,,False,fresh_execution,stage18-scaling-24a9adb84176,4,3,7450,554
554,s4-step7450-f39of40-d1of2,4,C4,True,0,0.9750176208003759,76,0.14728682170542637,13,63,0.20634920634920634,0.16693047189052707,28495,7132,441,1,accepted,,False,fresh_execution,stage18-scaling-24a9adb84176,4,3,7450,554
554,s4-step7450-f39of40-d1of2,5,C5,True,0,0.9754091941420628,75,0.14534883720930233,28,123,0.22764227642276422,0.17434910502355166,35626,7131,442,1,accepted,,False,fresh_execution,stage18-scaling-24a9adb84176,4,3,7450,554
554,s4-step7450-f39of40-d1of2,6,C6,True,0,0.9755658234787375,83,0.16085271317829458,41,118,0.3474576271186441,0.20706567007220442,42637,7011,434,1,accepted,,False,fresh_execution,stage18-scaling-24a9adb84176,4,3,7450,554
554,s4-step7450-f39of40-d1of2,7,C7,True,0,0.9754875088104001,81,0.1569767441860465,33,124,0.2661290322580645,0.21051066913177788,49694,7057,436,1,accepted,,False,fresh_execution,stage18-scaling-24a9adb84176,4,3,7450,554
554,s4-step7450-f39of40-d1of2,8,C8,False,0,1.0,497,,4,25,0.16,,50000,306,20,1,budget_exhaustion,requested_member_8_budget_exhaustion,False,fresh_execution,stage18-scaling-24a9adb84176,4,3,7450,554
555,s4-step7450-f39of40-d3of4,1,C1,True,0,0.9772887461821599,76,0.14728682170542637,0,1,0.0,,7116,7116,441,1,accepted,,False,fresh_execution,stage18-scaling-24a9adb84176,4,3,7450,555
555,s4-step7450-f39of40-d3of4,2,C2,True,0,0.975252564805388,83,0.16085271317829458,16,143,0.11188811188811189,0.11188811188811189,14127,7011,434,1,accepted,,False,fresh_execution,stage18-scaling-24a9adb84176,4,3,7450,555
555,s4-step7450-f39of40-d3of4,3,C3,True,0,0.9754091941420628,68,0.13178294573643412,11,61,0.18032786885245902,0.1494231936854888,21363,7236,449,1,accepted,,False,fresh_execution,stage18-scaling-24a9adb84176,4,3,7450,555
555,s4-step7450-f39of40-d3of4,4,C4,True,0,0.9750176208003759,76,0.14728682170542637,13,63,0.20634920634920634,0.16693047189052707,28495,7132,441,1,accepted,,False,fresh_execution,stage18-scaling-24a9adb84176,4,3,7450,555
555,s4-step7450-f39of40-d3of4,5,C5,True,0,0.9754091941420628,75,0.14534883720930233,28,123,0.22764227642276422,0.17434910502355166,35626,7131,442,1,accepted,,False,fresh_execution,stage18-scaling-24a9adb84176,4,3,7450,555
555,s4-step7450-f39of40-d3of4,6,C6,True,0,0.9755658234787375,83,0.16085271317829458,41,118,0.3474576271186441,0.20706567007220442,42637,7011,434,1,accepted,,False,fresh_execution,stage18-scaling-24a9adb84176,4,3,7450,555
555,s4-step7450-f39of40-d3of4,7,C7,True,0,0.9754875088104001,81,0.1569767441860465,33,124,0.2661290322580645,0.21051066913177788,49694,7057,436,1,accepted,,False,fresh_execution,stage18-scaling-24a9adb84176,4,3,7450,555
555,s4-step7450-f39of40-d3of4,8,C8,False,0,1.0,497,,4,25,0.16,,50000,306,20,1,budget_exhaustion,requested_member_8_budget_exhaustion,False,fresh_execution,stage18-scaling-24a9adb84176,4,3,7450,555
556,s4-step7450-f99of100-d1of4,1,C1,True,0,0.9904456104628397,89,0.17248062015503876,0,1,0.0,,6921,6921,428,1,accepted,,False,fresh_execution,stage18-scaling-24a9adb84176,4,3,7450,556
556,s4-step7450-f99of100-d1of4,2,C2,True,0,0.9906805544678519,88,0.17054263565891473,13,164,0.07926829268292683,0.07926829268292683,13921,7000,429,1,accepted,,False,fresh_execution,stage18-scaling-24a9adb84176,4,3,7450,556
556,s4-step7450-f99of100-d1of4,3,C3,True,0,0.9902106664578275,90,0.1744186046511628,21,158,0.13291139240506328,0.0993898279390586,20875,6954,427,1,accepted,,False,fresh_execution,stage18-scaling-24a9adb84176,4,3,7450,556
556,s4-step7450-f99of100-d1of4,4,C4,True,0,0.9906805544678519,86,0.16666666666666666,31,144,0.2152777777777778,0.15333820662768033,27841,6966,431,1,accepted,,False,fresh_execution,stage18-scaling-24a9adb84176,4,3,7450,556
556,s4-step7450-f99of100-d1of4,5,C5,False,1,1.0,326,,13,70,0.18571428571428572,,37841,10000,620,2,budget_exhaustion,requested_member_5_budget_exhaustion,False,fresh_execution,stage18-scaling-24a9adb84176,4,3,7450,556
557,s4-step7450-f99of100-d1of2,1,C1,True,0,0.9904456104628397,89,0.17248062015503876,0,1,0.0,,6921,6921,428,1,accepted,,False,fresh_execution,stage18-scaling-24a9adb84176,4,3,7450,557
557,s4-step7450-f99of100-d1of2,2,C2,True,0,0.9906805544678519,88,0.17054263565891473,13,164,0.07926829268292683,0.07926829268292683,13921,7000,429,1,accepted,,False,fresh_execution,stage18-scaling-24a9adb84176,4,3,7450,557
557,s4-step7450-f99of100-d1of2,3,C3,True,0,0.9902106664578275,90,0.1744186046511628,21,158,0.13291139240506328,0.0993898279390586,20875,6954,427,1,accepted,,False,fresh_execution,stage18-scaling-24a9adb84176,4,3,7450,557
557,s4-step7450-f99of100-d1of2,4,C4,True,0,0.9906805544678519,86,0.16666666666666666,31,144,0.2152777777777778,0.15333820662768033,27841,6966,431,1,accepted,,False,fresh_execution,stage18-scaling-24a9adb84176,4,3,7450,557
557,s4-step7450-f99of100-d1of2,5,C5,True,0,0.9903672957945023,88,0.17054263565891473,44,133,0.3308270676691729,0.18288304896857527,34793,6952,429,1,accepted,,False,fresh_execution,stage18-scaling-24a9adb84176,4,3,7450,557
557,s4-step7450-f99of100-d1of2,6,C6,True,0,0.9903672957945023,88,0.17054263565891473,40,137,0.291970802919708,0.18785082938690392,41729,6936,429,1,accepted,,False,fresh_execution,stage18-scaling-24a9adb84176,4,3,7450,557
557,s4-step7450-f99of100-d1of2,7,C7,True,0,0.990523925131177,82,0.15891472868217055,11,46,0.2391304347826087,0.175939602228092,48771,7042,435,1,accepted,,False,fresh_execution,stage18-scaling-24a9adb84176,4,3,7450,557
557,s4-step7450-f99of100-d1of2,8,C8,False,0,1.0,440,,77,452,0.17035398230088494,,50000,1229,77,1,budget_exhaustion,requested_member_8_budget_exhaustion,False,fresh_execution,stage18-scaling-24a9adb84176,4,3,7450,557
558,s4-step7450-f99of100-d3of4,1,C1,True,0,0.9904456104628397,89,0.17248062015503876,0,1,0.0,,6921,6921,428,1,accepted,,False,fresh_execution,stage18-scaling-24a9adb84176,4,3,7450,558
558,s4-step7450-f99of100-d3of4,2,C2,True,0,0.9906805544678519,88,0.17054263565891473,13,164,0.07926829268292683,0.07926829268292683,13921,7000,429,1,accepted,,False,fresh_execution,stage18-scaling-24a9adb84176,4,3,7450,558
558,s4-step7450-f99of100-d3of4,3,C3,True,0,0.9902106664578275,90,0.1744186046511628,21,158,0.13291139240506328,0.0993898279390586,20875,6954,427,1,accepted,,False,fresh_execution,stage18-scaling-24a9adb84176,4,3,7450,558
558,s4-step7450-f99of100-d3of4,4,C4,True,0,0.9906805544678519,86,0.16666666666666666,31,144,0.2152777777777778,0.15333820662768033,27841,6966,431,1,accepted,,False,fresh_execution,stage18-scaling-24a9adb84176,4,3,7450,558
558,s4-step7450-f99of100-d3of4,5,C5,True,0,0.9903672957945023,88,0.17054263565891473,44,133,0.3308270676691729,0.18288304896857527,34793,6952,429,1,accepted,,False,fresh_execution,stage18-scaling-24a9adb84176,4,3,7450,558
558,s4-step7450-f99of100-d3of4,6,C6,True,0,0.9903672957945023,88,0.17054263565891473,40,137,0.291970802919708,0.18785082938690392,41729,6936,429,1,accepted,,False,fresh_execution,stage18-scaling-24a9adb84176,4,3,7450,558
558,s4-step7450-f99of100-d3of4,7,C7,True,0,0.990523925131177,82,0.15891472868217055,11,46,0.2391304347826087,0.175939602228092,48771,7042,435,1,accepted,,False,fresh_execution,stage18-scaling-24a9adb84176,4,3,7450,558
558,s4-step7450-f99of100-d3of4,8,C8,False,0,1.0,440,,77,452,0.17035398230088494,,50000,1229,77,1,budget_exhaustion,requested_member_8_budget_exhaustion,False,fresh_execution,stage18-scaling-24a9adb84176,4,3,7450,558
559,s4-step8150-f4of5-d1of4,1,C1,True,0,0.8240269402459081,47,0.09108527131782945,0,1,0.0,,7551,7551,470,1,accepted,,False,fresh_execution,stage18-scaling-24a9adb84176,4,4,8150,559
559,s4-step8150-f4of5-d1of4,2,C2,True,0,0.805857937191636,49,0.09496124031007752,1,7,0.14285714285714285,0.14285714285714285,15072,7521,468,1,accepted,,False,fresh_execution,stage18-scaling-24a9adb84176,4,4,8150,559
559,s4-step8150-f4of5-d1of4,3,C3,True,0,0.8067193985433472,49,0.09496124031007752,13,83,0.1566265060240964,0.1480806948725133,22593,7521,468,1,accepted,,False,fresh_execution,stage18-scaling-24a9adb84176,4,4,8150,559
559,s4-step8150-f4of5-d1of4,4,C4,True,0,0.8136894040253739,48,0.09302325581395349,17,78,0.21794871794871795,0.1715101311626949,30129,7536,469,1,accepted,,False,fresh_execution,stage18-scaling-24a9adb84176,4,4,8150,559
559,s4-step8150-f4of5-d1of4,5,C5,False,1,1.0,362,,43,366,0.11748633879781421,,40129,10000,623,2,budget_exhaustion,requested_member_5_budget_exhaustion,False,fresh_execution,stage18-scaling-24a9adb84176,4,4,8150,559
560,s4-step8150-f4of5-d1of2,1,C1,True,0,0.8240269402459081,47,0.09108527131782945,0,1,0.0,,7551,7551,470,1,accepted,,False,fresh_execution,stage18-scaling-24a9adb84176,4,4,8150,560
560,s4-step8150-f4of5-d1of2,2,C2,True,0,0.805857937191636,49,0.09496124031007752,1,7,0.14285714285714285,0.14285714285714285,15072,7521,468,1,accepted,,False,fresh_execution,stage18-scaling-24a9adb84176,4,4,8150,560
560,s4-step8150-f4of5-d1of2,3,C3,True,0,0.8067193985433472,49,0.09496124031007752,13,83,0.1566265060240964,0.1480806948725133,22593,7521,468,1,accepted,,False,fresh_execution,stage18-scaling-24a9adb84176,4,4,8150,560
560,s4-step8150-f4of5-d1of2,4,C4,True,0,0.8136894040253739,48,0.09302325581395349,17,78,0.21794871794871795,0.1715101311626949,30129,7536,469,1,accepted,,False,fresh_execution,stage18-scaling-24a9adb84176,4,4,8150,560
560,s4-step8150-f4of5-d1of2,5,C5,True,0,0.8028036651264782,49,0.09496124031007752,25,71,0.352112676056338,0.22914666274424708,37650,7521,468,1,accepted,,False,fresh_execution,stage18-scaling-24a9adb84176,4,4,8150,560
560,s4-step8150-f4of5-d1of2,6,C6,True,0,0.8060145665283107,48,0.09302325581395349,5,14,0.35714285714285715,0.22768426695255964,45186,7536,469,1,accepted,,False,fresh_execution,stage18-scaling-24a9adb84176,4,4,8150,560
560,s4-step8150-f4of5-d1of2,7,C7,False,0,1.0,216,,34,231,0.1471861471861472,,50000,4814,301,1,budget_exhaustion,requested_member_7_budget_exhaustion,False,fresh_execution,stage18-scaling-24a9adb84176,4,4,8150,560
561,s4-step8150-f4of5-d3of4,1,C1,True,0,0.8240269402459081,47,0.09108527131782945,0,1,0.0,,7551,7551,470,1,accepted,,False,fresh_execution,stage18-scaling-24a9adb84176,4,4,8150,561
561,s4-step8150-f4of5-d3of4,2,C2,True,0,0.805857937191636,49,0.09496124031007752,1,7,0.14285714285714285,0.14285714285714285,15072,7521,468,1,accepted,,False,fresh_execution,stage18-scaling-24a9adb84176,4,4,8150,561
561,s4-step8150-f4of5-d3of4,3,C3,True,0,0.8067193985433472,49,0.09496124031007752,13,83,0.1566265060240964,0.1480806948725133,22593,7521,468,1,accepted,,False,fresh_execution,stage18-scaling-24a9adb84176,4,4,8150,561
561,s4-step8150-f4of5-d3of4,4,C4,True,0,0.8136894040253739,48,0.09302325581395349,17,78,0.21794871794871795,0.1715101311626949,30129,7536,469,1,accepted,,False,fresh_execution,stage18-scaling-24a9adb84176,4,4,8150,561
561,s4-step8150-f4of5-d3of4,5,C5,True,0,0.8028036651264782,49,0.09496124031007752,25,71,0.352112676056338,0.22914666274424708,37650,7521,468,1,accepted,,False,fresh_execution,stage18-scaling-24a9adb84176,4,4,8150,561
561,s4-step8150-f4of5-d3of4,6,C6,True,0,0.8060145665283107,48,0.09302325581395349,5,14,0.35714285714285715,0.22768426695255964,45186,7536,469,1,accepted,,False,fresh_execution,stage18-scaling-24a9adb84176,4,4,8150,561
561,s4-step8150-f4of5-d3of4,7,C7,False,0,1.0,216,,34,231,0.1471861471861472,,50000,4814,301,1,budget_exhaustion,requested_member_7_budget_exhaustion,False,fresh_execution,stage18-scaling-24a9adb84176,4,4,8150,561
562,s4-step8150-f17of20-d1of4,1,C1,True,0,0.8620095543895372,49,0.09496124031007752,0,1,0.0,,7521,7521,468,1,accepted,,False,fresh_execution,stage18-scaling-24a9adb84176,4,4,8150,562
562,s4-step8150-f17of20-d1of4,2,C2,True,0,0.8645939384446707,51,0.09883720930232558,3,22,0.13636363636363635,0.13636363636363635,15012,7491,466,1,accepted,,False,fresh_execution,stage18-scaling-24a9adb84176,4,4,8150,562
562,s4-step8150-f17of20-d1of4,3,C3,True,0,0.8588769676560419,50,0.09689922480620156,16,83,0.1927710843373494,0.16380127250575335,22518,7506,467,1,accepted,,False,fresh_execution,stage18-scaling-24a9adb84176,4,4,8150,562
562,s4-step8150-f17of20-d1of4,4,C4,False,1,1.0,360,,45,364,0.12362637362637363,,32518,10000,623,2,budget_exhaustion,requested_member_4_budget_exhaustion,False,fresh_execution,stage18-scaling-24a9adb84176,4,4,8150,562
563,s4-step8150-f17of20-d1of2,1,C1,True,0,0.8620095543895372,49,0.09496124031007752,0,1,0.0,,7521,7521,468,1,accepted,,False,fresh_execution,stage18-scaling-24a9adb84176,4,4,8150,563
563,s4-step8150-f17of20-d1of2,2,C2,True,0,0.8645939384446707,51,0.09883720930232558,3,22,0.13636363636363635,0.13636363636363635,15012,7491,466,1,accepted,,False,fresh_execution,stage18-scaling-24a9adb84176,4,4,8150,563
563,s4-step8150-f17of20-d1of2,3,C3,True,0,0.8588769676560419,50,0.09689922480620156,16,83,0.1927710843373494,0.16380127250575335,22518,7506,467,1,accepted,,False,fresh_execution,stage18-scaling-24a9adb84176,4,4,8150,563
563,s4-step8150-f17of20-d1of2,4,C4,True,0,0.8596601143394158,51,0.09883720930232558,11,39,0.28205128205128205,0.21882329556748162,30009,7491,466,1,accepted,,False,fresh_execution,stage18-scaling-24a9adb84176,4,4,8150,563
563,s4-step8150-f17of20-d1of2,5,C5,True,0,0.8558226955908842,49,0.09496124031007752,11,38,0.2894736842105263,0.24144400069731692,37530,7521,468,1,accepted,,False,fresh_execution,stage18-scaling-24a9adb84176,4,4,8150,563
563,s4-step8150-f17of20-d1of2,6,C6,True,0,0.8596601143394158,51,0.09883720930232558,1,3,0.3333333333333333,0.23149747754398917,45021,7491,466,1,accepted,,False,fresh_execution,stage18-scaling-24a9adb84176,4,4,8150,563
563,s4-step8150-f17of20-d1of2,7,C7,False,0,1.0,205,,37,219,0.1689497716894977,,50000,4979,312,1,budget_exhaustion,requested_member_7_budget_exhaustion,False,fresh_execution,stage18-scaling-24a9adb84176,4,4,8150,563
564,s4-step8150-f17of20-d3of4,1,C1,True,0,0.8620095543895372,49,0.09496124031007752,0,1,0.0,,7521,7521,468,1,accepted,,False,fresh_execution,stage18-scaling-24a9adb84176,4,4,8150,564
564,s4-step8150-f17of20-d3of4,2,C2,True,0,0.8645939384446707,51,0.09883720930232558,3,22,0.13636363636363635,0.13636363636363635,15012,7491,466,1,accepted,,False,fresh_execution,stage18-scaling-24a9adb84176,4,4,8150,564
564,s4-step8150-f17of20-d3of4,3,C3,True,0,0.8588769676560419,50,0.09689922480620156,16,83,0.1927710843373494,0.16380127250575335,22518,7506,467,1,accepted,,False,fresh_execution,stage18-scaling-24a9adb84176,4,4,8150,564
564,s4-step8150-f17of20-d3of4,4,C4,True,0,0.8596601143394158,51,0.09883720930232558,11,39,0.28205128205128205,0.21882329556748162,30009,7491,466,1,accepted,,False,fresh_execution,stage18-scaling-24a9adb84176,4,4,8150,564
564,s4-step8150-f17of20-d3of4,5,C5,True,0,0.8558226955908842,49,0.09496124031007752,11,38,0.2894736842105263,0.24144400069731692,37530,7521,468,1,accepted,,False,fresh_execution,stage18-scaling-24a9adb84176,4,4,8150,564
564,s4-step8150-f17of20-d3of4,6,C6,True,0,0.8596601143394158,51,0.09883720930232558,1,3,0.3333333333333333,0.23149747754398917,45021,7491,466,1,accepted,,False,fresh_execution,stage18-scaling-24a9adb84176,4,4,8150,564
564,s4-step8150-f17of20-d3of4,7,C7,False,0,1.0,205,,37,219,0.1689497716894977,,50000,4979,312,1,budget_exhaustion,requested_member_7_budget_exhaustion,False,fresh_execution,stage18-scaling-24a9adb84176,4,4,8150,564
565,s4-step8150-f9of10-d1of4,1,C1,True,0,0.903438013940011,52,0.10077519379844961,0,1,0.0,,7476,7476,465,1,accepted,,False,fresh_execution,stage18-scaling-24a9adb84176,4,4,8150,565
565,s4-step8150-f9of10-d1of4,2,C2,True,0,0.9127574594721591,55,0.1065891472868217,11,96,0.11458333333333333,0.11458333333333333,14907,7431,462,1,accepted,,False,fresh_execution,stage18-scaling-24a9adb84176,4,4,8150,565
565,s4-step8150-f9of10-d1of4,3,C3,True,0,0.900148797869841,54,0.10465116279069768,19,87,0.21839080459770116,0.18287961282516635,22353,7446,463,1,accepted,,False,fresh_execution,stage18-scaling-24a9adb84176,4,4,8150,565
565,s4-step8150-f9of10-d1of4,4,C4,False,1,1.0,356,,49,359,0.13649025069637882,,32353,10000,623,2,budget_exhaustion,requested_member_4_budget_exhaustion,False,fresh_execution,stage18-scaling-24a9adb84176,4,4,8150,565
566,s4-step8150-f9of10-d1of2,1,C1,True,0,0.903438013940011,52,0.10077519379844961,0,1,0.0,,7476,7476,465,1,accepted,,False,fresh_execution,stage18-scaling-24a9adb84176,4,4,8150,566
566,s4-step8150-f9of10-d1of2,2,C2,True,0,0.9127574594721591,55,0.1065891472868217,11,96,0.11458333333333333,0.11458333333333333,14907,7431,462,1,accepted,,False,fresh_execution,stage18-scaling-24a9adb84176,4,4,8150,566
566,s4-step8150-f9of10-d1of2,3,C3,True,0,0.900148797869841,54,0.10465116279069768,19,87,0.21839080459770116,0.18287961282516635,22353,7446,463,1,accepted,,False,fresh_execution,stage18-scaling-24a9adb84176,4,4,8150,566
566,s4-step8150-f9of10-d1of2,4,C4,True,0,0.9121309421254601,55,0.1065891472868217,22,85,0.25882352941176473,0.1974612067049042,29784,7431,462,1,accepted,,False,fresh_execution,stage18-scaling-24a9adb84176,4,4,8150,566
566,s4-step8150-f9of10-d1of2,5,C5,True,0,0.9106429634270499,54,0.10465116279069768,27,79,0.34177215189873417,0.23933377726412974,37230,7446,463,1,accepted,,False,fresh_execution,stage18-scaling-24a9adb84176,4,4,8150,566
566,s4-step8150-f9of10-d1of2,6,C6,True,0,0.9071971180202052,55,0.1065891472868217,26,81,0.32098765432098764,0.21155594385628304,44661,7431,462,1,accepted,,False,fresh_execution,stage18-scaling-24a9adb84176,4,4,8150,566
566,s4-step8150-f9of10-d1of2,7,C7,False,0,1.0,183,,8,39,0.20512820512820512,,50000,5339,334,1,budget_exhaustion,requested_member_7_budget_exhaustion,False,fresh_execution,stage18-scaling-24a9adb84176,4,4,8150,566
567,s4-step8150-f9of10-d3of4,1,C1,True,0,0.903438013940011,52,0.10077519379844961,0,1,0.0,,7476,7476,465,1,accepted,,False,fresh_execution,stage18-scaling-24a9adb84176,4,4,8150,567
567,s4-step8150-f9of10-d3of4,2,C2,True,0,0.9127574594721591,55,0.1065891472868217,11,96,0.11458333333333333,0.11458333333333333,14907,7431,462,1,accepted,,False,fresh_execution,stage18-scaling-24a9adb84176,4,4,8150,567
567,s4-step8150-f9of10-d3of4,3,C3,True,0,0.900148797869841,54,0.10465116279069768,19,87,0.21839080459770116,0.18287961282516635,22353,7446,463,1,accepted,,False,fresh_execution,stage18-scaling-24a9adb84176,4,4,8150,567
567,s4-step8150-f9of10-d3of4,4,C4,True,0,0.9121309421254601,55,0.1065891472868217,22,85,0.25882352941176473,0.1974612067049042,29784,7431,462,1,accepted,,False,fresh_execution,stage18-scaling-24a9adb84176,4,4,8150,567
567,s4-step8150-f9of10-d3of4,5,C5,True,0,0.9106429634270499,54,0.10465116279069768,27,79,0.34177215189873417,0.23933377726412974,37230,7446,463,1,accepted,,False,fresh_execution,stage18-scaling-24a9adb84176,4,4,8150,567
567,s4-step8150-f9of10-d3of4,6,C6,True,0,0.9071971180202052,55,0.1065891472868217,26,81,0.32098765432098764,0.21155594385628304,44661,7431,462,1,accepted,,False,fresh_execution,stage18-scaling-24a9adb84176,4,4,8150,567
567,s4-step8150-f9of10-d3of4,7,C7,False,0,1.0,183,,8,39,0.20512820512820512,,50000,5339,334,1,budget_exhaustion,requested_member_7_budget_exhaustion,False,fresh_execution,stage18-scaling-24a9adb84176,4,4,8150,567
568,s4-step8150-f19of20-d1of4,1,C1,True,0,0.9526196256558853,58,0.1124031007751938,0,1,0.0,,7386,7386,459,1,accepted,,False,fresh_execution,stage18-scaling-24a9adb84176,4,4,8150,568
568,s4-step8150-f19of20-d1of4,2,C2,True,0,0.9542642336909704,60,0.11627906976744186,11,107,0.102803738317757,0.102803738317757,14742,7356,457,1,accepted,,False,fresh_execution,stage18-scaling-24a9adb84176,4,4,8150,568
568,s4-step8150-f19of20-d1of4,3,C3,True,0,0.9502701856057639,60,0.11627906976744186,7,52,0.1346153846153846,0.10784823284823285,22098,7356,457,1,accepted,,False,fresh_execution,stage18-scaling-24a9adb84176,4,4,8150,568
568,s4-step8150-f19of20-d1of4,4,C4,True,0,0.9530111989975723,59,0.11434108527131782,22,95,0.23157894736842105,0.1733468286099865,29469,7371,458,1,accepted,,False,fresh_execution,stage18-scaling-24a9adb84176,4,4,8150,568
568,s4-step8150-f19of20-d1of4,5,C5,False,1,1.0,352,,11,71,0.15492957746478872,,39469,10000,623,2,budget_exhaustion,requested_member_5_budget_exhaustion,False,fresh_execution,stage18-scaling-24a9adb84176,4,4,8150,568
569,s4-step8150-f19of20-d1of2,1,C1,True,0,0.9526196256558853,58,0.1124031007751938,0,1,0.0,,7386,7386,459,1,accepted,,False,fresh_execution,stage18-scaling-24a9adb84176,4,4,8150,569
569,s4-step8150-f19of20-d1of2,2,C2,True,0,0.9542642336909704,60,0.11627906976744186,11,107,0.102803738317757,0.102803738317757,14742,7356,457,1,accepted,,False,fresh_execution,stage18-scaling-24a9adb84176,4,4,8150,569
569,s4-step8150-f19of20-d1of2,3,C3,True,0,0.9502701856057639,60,0.11627906976744186,7,52,0.1346153846153846,0.10784823284823285,22098,7356,457,1,accepted,,False,fresh_execution,stage18-scaling-24a9adb84176,4,4,8150,569
569,s4-step8150-f19of20-d1of2,4,C4,True,0,0.9530111989975723,59,0.11434108527131782,22,95,0.23157894736842105,0.1733468286099865,29469,7371,458,1,accepted,,False,fresh_execution,stage18-scaling-24a9adb84176,4,4,8150,569
569,s4-step8150-f19of20-d1of2,5,C5,True,0,0.953167828334247,59,0.11434108527131782,31,86,0.36046511627906974,0.22948344948138008,36840,7371,458,1,accepted,,False,fresh_execution,stage18-scaling-24a9adb84176,4,4,8150,569
569,s4-step8150-f19of20-d1of2,6,C6,True,0,0.9507400736157883,60,0.11627906976744186,14,45,0.3111111111111111,0.20208721693677956,44212,7372,457,1,accepted,,False,fresh_execution,stage18-scaling-24a9adb84176,4,4,8150,569
569,s4-step8150-f19of20-d1of2,7,C7,False,0,1.0,155,,40,173,0.23121387283236994,,50000,5788,362,1,budget_exhaustion,requested_member_7_budget_exhaustion,False,fresh_execution,stage18-scaling-24a9adb84176,4,4,8150,569
570,s4-step8150-f19of20-d3of4,1,C1,True,0,0.9526196256558853,58,0.1124031007751938,0,1,0.0,,7386,7386,459,1,accepted,,False,fresh_execution,stage18-scaling-24a9adb84176,4,4,8150,570
570,s4-step8150-f19of20-d3of4,2,C2,True,0,0.9542642336909704,60,0.11627906976744186,11,107,0.102803738317757,0.102803738317757,14742,7356,457,1,accepted,,False,fresh_execution,stage18-scaling-24a9adb84176,4,4,8150,570
570,s4-step8150-f19of20-d3of4,3,C3,True,0,0.9502701856057639,60,0.11627906976744186,7,52,0.1346153846153846,0.10784823284823285,22098,7356,457,1,accepted,,False,fresh_execution,stage18-scaling-24a9adb84176,4,4,8150,570
570,s4-step8150-f19of20-d3of4,4,C4,True,0,0.9530111989975723,59,0.11434108527131782,22,95,0.23157894736842105,0.1733468286099865,29469,7371,458,1,accepted,,False,fresh_execution,stage18-scaling-24a9adb84176,4,4,8150,570
570,s4-step8150-f19of20-d3of4,5,C5,True,0,0.953167828334247,59,0.11434108527131782,31,86,0.36046511627906974,0.22948344948138008,36840,7371,458,1,accepted,,False,fresh_execution,stage18-scaling-24a9adb84176,4,4,8150,570
570,s4-step8150-f19of20-d3of4,6,C6,True,0,0.9507400736157883,60,0.11627906976744186,14,45,0.3111111111111111,0.20208721693677956,44212,7372,457,1,accepted,,False,fresh_execution,stage18-scaling-24a9adb84176,4,4,8150,570
570,s4-step8150-f19of20-d3of4,7,C7,False,0,1.0,155,,40,173,0.23121387283236994,,50000,5788,362,1,budget_exhaustion,requested_member_7_budget_exhaustion,False,fresh_execution,stage18-scaling-24a9adb84176,4,4,8150,570
571,s4-step8150-f39of40-d1of4,1,C1,True,0,0.9754091941420628,62,0.12015503875968993,0,1,0.0,,7326,7326,455,1,accepted,,False,fresh_execution,stage18-scaling-24a9adb84176,4,4,8150,571
571,s4-step8150-f39of40-d1of4,2,C2,True,0,0.9765055994987861,70,0.13565891472868216,1,11,0.09090909090909091,0.09090909090909091,14532,7206,447,1,accepted,,False,fresh_execution,stage18-scaling-24a9adb84176,4,4,8150,571
571,s4-step8150-f39of40-d1of4,3,C3,True,0,0.9760357114887619,64,0.12403100775193798,2,19,0.10526315789473684,0.0929541595925297,21828,7296,453,1,accepted,,False,fresh_execution,stage18-scaling-24a9adb84176,4,4,8150,571
571,s4-step8150-f39of40-d1of4,4,C4,False,1,1.0,344,,4,25,0.16,,31828,10000,622,2,budget_exhaustion,requested_member_4_budget_exhaustion,False,fresh_execution,stage18-scaling-24a9adb84176,4,4,8150,571
572,s4-step8150-f39of40-d1of2,1,C1,True,0,0.9754091941420628,62,0.12015503875968993,0,1,0.0,,7326,7326,455,1,accepted,,False,fresh_execution,stage18-scaling-24a9adb84176,4,4,8150,572
572,s4-step8150-f39of40-d1of2,2,C2,True,0,0.9765055994987861,70,0.13565891472868216,1,11,0.09090909090909091,0.09090909090909091,14532,7206,447,1,accepted,,False,fresh_execution,stage18-scaling-24a9adb84176,4,4,8150,572
572,s4-step8150-f39of40-d1of2,3,C3,True,0,0.9760357114887619,64,0.12403100775193798,2,19,0.10526315789473684,0.0929541595925297,21828,7296,453,1,accepted,,False,fresh_execution,stage18-scaling-24a9adb84176,4,4,8150,572
572,s4-step8150-f39of40-d1of2,4,C4,True,0,0.9753308794737254,68,0.13178294573643412,27,103,0.2621359223300971,0.17417884622097227,29064,7236,449,1,accepted,,False,fresh_execution,stage18-scaling-24a9adb84176,4,4,8150,572
572,s4-step8150-f39of40-d1of2,5,C5,True,0,0.9754875088104001,67,0.1298449612403101,31,98,0.3163265306122449,0.20333496206943413,36315,7251,450,1,accepted,,False,fresh_execution,stage18-scaling-24a9adb84176,4,4,8150,572
572,s4-step8150-f39of40-d1of2,6,C6,True,0,0.9753308794737254,68,0.13178294573643412,16,49,0.32653061224489793,0.2149381963641751,43551,7236,449,1,accepted,,False,fresh_execution,stage18-scaling-24a9adb84176,4,4,8150,572
572,s4-step8150-f39of40-d1of2,7,C7,False,0,1.0,113,,34,141,0.24113475177304963,,50000,6449,404,1,budget_exhaustion,requested_member_7_budget_exhaustion,False,fresh_execution,stage18-scaling-24a9adb84176,4,4,8150,572
573,s4-step8150-f39of40-d3of4,1,C1,True,0,0.9754091941420628,62,0.12015503875968993,0,1,0.0,,7326,7326,455,1,accepted,,False,fresh_execution,stage18-scaling-24a9adb84176,4,4,8150,573
573,s4-step8150-f39of40-d3of4,2,C2,True,0,0.9765055994987861,70,0.13565891472868216,1,11,0.09090909090909091,0.09090909090909091,14532,7206,447,1,accepted,,False,fresh_execution,stage18-scaling-24a9adb84176,4,4,8150,573
573,s4-step8150-f39of40-d3of4,3,C3,True,0,0.9760357114887619,64,0.12403100775193798,2,19,0.10526315789473684,0.0929541595925297,21828,7296,453,1,accepted,,False,fresh_execution,stage18-scaling-24a9adb84176,4,4,8150,573
573,s4-step8150-f39of40-d3of4,4,C4,True,0,0.9753308794737254,68,0.13178294573643412,27,103,0.2621359223300971,0.17417884622097227,29064,7236,449,1,accepted,,False,fresh_execution,stage18-scaling-24a9adb84176,4,4,8150,573
573,s4-step8150-f39of40-d3of4,5,C5,True,0,0.9754875088104001,67,0.1298449612403101,31,98,0.3163265306122449,0.20333496206943413,36315,7251,450,1,accepted,,False,fresh_execution,stage18-scaling-24a9adb84176,4,4,8150,573
573,s4-step8150-f39of40-d3of4,6,C6,True,0,0.9753308794737254,68,0.13178294573643412,16,49,0.32653061224489793,0.2149381963641751,43551,7236,449,1,accepted,,False,fresh_execution,stage18-scaling-24a9adb84176,4,4,8150,573
573,s4-step8150-f39of40-d3of4,7,C7,False,0,1.0,113,,34,141,0.24113475177304963,,50000,6449,404,1,budget_exhaustion,requested_member_7_budget_exhaustion,False,fresh_execution,stage18-scaling-24a9adb84176,4,4,8150,573
574,s4-step8150-f99of100-d1of4,1,C1,True,0,0.9913070718145509,72,0.13953488372093023,0,1,0.0,,7176,7176,445,1,accepted,,False,fresh_execution,stage18-scaling-24a9adb84176,4,4,8150,574
574,s4-step8150-f99of100-d1of4,2,C2,True,0,0.9903672957945023,74,0.1434108527131783,5,68,0.07352941176470588,0.07352941176470588,14322,7146,443,1,accepted,,False,fresh_execution,stage18-scaling-24a9adb84176,4,4,8150,574
574,s4-step8150-f99of100-d1of4,3,C3,True,0,0.9906805544678519,77,0.14922480620155038,19,130,0.14615384615384616,0.09738247863247863,21423,7101,440,1,accepted,,False,fresh_execution,stage18-scaling-24a9adb84176,4,4,8150,574
574,s4-step8150-f99of100-d1of4,4,C4,True,0,0.9907588691361892,74,0.1434108527131783,14,59,0.23728813559322035,0.15348336784376923,28569,7146,443,1,accepted,,False,fresh_execution,stage18-scaling-24a9adb84176,4,4,8150,574
574,s4-step8150-f99of100-d1of4,5,C5,False,1,1.0,338,,34,171,0.19883040935672514,,38569,10000,621,2,budget_exhaustion,requested_member_5_budget_exhaustion,False,fresh_execution,stage18-scaling-24a9adb84176,4,4,8150,574
575,s4-step8150-f99of100-d1of2,1,C1,True,0,0.9913070718145509,72,0.13953488372093023,0,1,0.0,,7176,7176,445,1,accepted,,False,fresh_execution,stage18-scaling-24a9adb84176,4,4,8150,575
575,s4-step8150-f99of100-d1of2,2,C2,True,0,0.9903672957945023,74,0.1434108527131783,5,68,0.07352941176470588,0.07352941176470588,14322,7146,443,1,accepted,,False,fresh_execution,stage18-scaling-24a9adb84176,4,4,8150,575
575,s4-step8150-f99of100-d1of2,3,C3,True,0,0.9906805544678519,77,0.14922480620155038,19,130,0.14615384615384616,0.09738247863247863,21423,7101,440,1,accepted,,False,fresh_execution,stage18-scaling-24a9adb84176,4,4,8150,575
575,s4-step8150-f99of100-d1of2,4,C4,True,0,0.9907588691361892,74,0.1434108527131783,14,59,0.23728813559322035,0.15348336784376923,28569,7146,443,1,accepted,,False,fresh_execution,stage18-scaling-24a9adb84176,4,4,8150,575
575,s4-step8150-f99of100-d1of2,5,C5,True,0,0.9900540371211528,75,0.14534883720930233,31,116,0.2672413793103448,0.17350326934047355,35716,7147,442,1,accepted,,False,fresh_execution,stage18-scaling-24a9adb84176,4,4,8150,575
575,s4-step8150-f99of100-d1of2,6,C6,True,0,0.9904456104628397,77,0.14922480620155038,34,115,0.2956521739130435,0.19482626350169321,42817,7101,440,1,accepted,,False,fresh_execution,stage18-scaling-24a9adb84176,4,4,8150,575
575,s4-step8150-f99of100-d1of2,7,C7,True,0,0.9907588691361892,78,0.1511627906976744,22,53,0.41509433962264153,0.23529875166415568,49903,7086,439,1,accepted,,False,fresh_execution,stage18-scaling-24a9adb84176,4,4,8150,575
575,s4-step8150-f99of100-d1of2,8,C8,False,0,1.0,510,,13,85,0.15294117647058825,,50000,97,7,1,budget_exhaustion,requested_member_8_budget_exhaustion,False,fresh_execution,stage18-scaling-24a9adb84176,4,4,8150,575
576,s4-step8150-f99of100-d3of4,1,C1,True,0,0.9913070718145509,72,0.13953488372093023,0,1,0.0,,7176,7176,445,1,accepted,,False,fresh_execution,stage18-scaling-24a9adb84176,4,4,8150,576
576,s4-step8150-f99of100-d3of4,2,C2,True,0,0.9903672957945023,74,0.1434108527131783,5,68,0.07352941176470588,0.07352941176470588,14322,7146,443,1,accepted,,False,fresh_execution,stage18-scaling-24a9adb84176,4,4,8150,576
576,s4-step8150-f99of100-d3of4,3,C3,True,0,0.9906805544678519,77,0.14922480620155038,19,130,0.14615384615384616,0.09738247863247863,21423,7101,440,1,accepted,,False,fresh_execution,stage18-scaling-24a9adb84176,4,4,8150,576
576,s4-step8150-f99of100-d3of4,4,C4,True,0,0.9907588691361892,74,0.1434108527131783,14,59,0.23728813559322035,0.15348336784376923,28569,7146,443,1,accepted,,False,fresh_execution,stage18-scaling-24a9adb84176,4,4,8150,576
576,s4-step8150-f99of100-d3of4,5,C5,True,0,0.9900540371211528,75,0.14534883720930233,31,116,0.2672413793103448,0.17350326934047355,35716,7147,442,1,accepted,,False,fresh_execution,stage18-scaling-24a9adb84176,4,4,8150,576
576,s4-step8150-f99of100-d3of4,6,C6,True,0,0.9904456104628397,77,0.14922480620155038,34,115,0.2956521739130435,0.19482626350169321,42817,7101,440,1,accepted,,False,fresh_execution,stage18-scaling-24a9adb84176,4,4,8150,576
576,s4-step8150-f99of100-d3of4,7,C7,True,0,0.9907588691361892,78,0.1511627906976744,22,53,0.41509433962264153,0.23529875166415568,49903,7086,439,1,accepted,,False,fresh_execution,stage18-scaling-24a9adb84176,4,4,8150,576
576,s4-step8150-f99of100-d3of4,8,C8,False,0,1.0,510,,13,85,0.15294117647058825,,50000,97,7,1,budget_exhaustion,requested_member_8_budget_exhaustion,False,fresh_execution,stage18-scaling-24a9adb84176,4,4,8150,576
577,s4-step8500-f4of5-d1of4,1,C1,True,0,0.8031952384681651,39,0.0755813953488372,0,1,0.0,,7671,7671,478,1,accepted,,False,fresh_execution,stage18-scaling-24a9adb84176,4,5,8500,577
577,s4-step8500-f4of5-d1of4,2,C2,True,0,0.8154906413971337,40,0.07751937984496124,8,71,0.11267605633802817,0.11267605633802817,15327,7656,477,1,accepted,,False,fresh_execution,stage18-scaling-24a9adb84176,4,5,8500,577
577,s4-step8500-f4of5-d1of4,3,C3,True,0,0.8015506304330802,39,0.0755813953488372,1,5,0.2,0.16428571428571428,22998,7671,478,1,accepted,,False,fresh_execution,stage18-scaling-24a9adb84176,4,5,8500,577
577,s4-step8500-f4of5-d1of4,4,C4,True,0,0.8115749079802647,41,0.07945736434108527,7,33,0.21212121212121213,0.1937950937950938,30639,7641,476,1,accepted,,False,fresh_execution,stage18-scaling-24a9adb84176,4,5,8500,577
577,s4-step8500-f4of5-d1of4,5,C5,False,1,1.0,370,,38,371,0.10242587601078167,,40639,10000,624,2,budget_exhaustion,requested_member_5_budget_exhaustion,False,fresh_execution,stage18-scaling-24a9adb84176,4,5,8500,577
578,s4-step8500-f4of5-d1of2,1,C1,True,0,0.8031952384681651,39,0.0755813953488372,0,1,0.0,,7671,7671,478,1,accepted,,False,fresh_execution,stage18-scaling-24a9adb84176,4,5,8500,578
578,s4-step8500-f4of5-d1of2,2,C2,True,0,0.8154906413971337,40,0.07751937984496124,8,71,0.11267605633802817,0.11267605633802817,15327,7656,477,1,accepted,,False,fresh_execution,stage18-scaling-24a9adb84176,4,5,8500,578
578,s4-step8500-f4of5-d1of2,3,C3,True,0,0.8015506304330802,39,0.0755813953488372,1,5,0.2,0.16428571428571428,22998,7671,478,1,accepted,,False,fresh_execution,stage18-scaling-24a9adb84176,4,5,8500,578
578,s4-step8500-f4of5-d1of2,4,C4,True,0,0.8115749079802647,41,0.07945736434108527,7,33,0.21212121212121213,0.1937950937950938,30639,7641,476,1,accepted,,False,fresh_execution,stage18-scaling-24a9adb84176,4,5,8500,578
578,s4-step8500-f4of5-d1of2,5,C5,True,0,0.8042916438248884,40,0.07751937984496124,19,60,0.31666666666666665,0.20357749262372654,38295,7656,477,1,accepted,,False,fresh_execution,stage18-scaling-24a9adb84176,4,5,8500,578
578,s4-step8500-f4of5-d1of2,6,C6,True,0,0.807737489231733,38,0.07364341085271318,17,60,0.2833333333333333,0.21551924727299557,45981,7686,479,1,accepted,,False,fresh_execution,stage18-scaling-24a9adb84176,4,5,8500,578
578,s4-step8500-f4of5-d1of2,7,C7,False,0,1.0,265,,9,67,0.13432835820895522,,50000,4019,252,1,budget_exhaustion,requested_member_7_budget_exhaustion,False,fresh_execution,stage18-scaling-24a9adb84176,4,5,8500,578
579,s4-step8500-f4of5-d3of4,1,C1,True,0,0.8031952384681651,39,0.0755813953488372,0,1,0.0,,7671,7671,478,1,accepted,,False,fresh_execution,stage18-scaling-24a9adb84176,4,5,8500,579
579,s4-step8500-f4of5-d3of4,2,C2,True,0,0.8154906413971337,40,0.07751937984496124,8,71,0.11267605633802817,0.11267605633802817,15327,7656,477,1,accepted,,False,fresh_execution,stage18-scaling-24a9adb84176,4,5,8500,579
579,s4-step8500-f4of5-d3of4,3,C3,True,0,0.8015506304330802,39,0.0755813953488372,1,5,0.2,0.16428571428571428,22998,7671,478,1,accepted,,False,fresh_execution,stage18-scaling-24a9adb84176,4,5,8500,579
579,s4-step8500-f4of5-d3of4,4,C4,True,0,0.8115749079802647,41,0.07945736434108527,7,33,0.21212121212121213,0.1937950937950938,30639,7641,476,1,accepted,,False,fresh_execution,stage18-scaling-24a9adb84176,4,5,8500,579
579,s4-step8500-f4of5-d3of4,5,C5,True,0,0.8042916438248884,40,0.07751937984496124,19,60,0.31666666666666665,0.20357749262372654,38295,7656,477,1,accepted,,False,fresh_execution,stage18-scaling-24a9adb84176,4,5,8500,579
579,s4-step8500-f4of5-d3of4,6,C6,True,0,0.807737489231733,38,0.07364341085271318,17,60,0.2833333333333333,0.21551924727299557,45981,7686,479,1,accepted,,False,fresh_execution,stage18-scaling-24a9adb84176,4,5,8500,579
579,s4-step8500-f4of5-d3of4,7,C7,False,0,1.0,265,,9,67,0.13432835820895522,,50000,4019,252,1,budget_exhaustion,requested_member_7_budget_exhaustion,False,fresh_execution,stage18-scaling-24a9adb84176,4,5,8500,579
580,s4-step8500-f17of20-d1of4,1,C1,True,0,0.8622444983945493,42,0.08139534883720931,0,1,0.0,,7626,7626,475,1,accepted,,False,fresh_execution,stage18-scaling-24a9adb84176,4,5,8500,580
580,s4-step8500-f17of20-d1of4,2,C2,True,0,0.8621661837262119,43,0.08333333333333333,2,15,0.13333333333333333,0.13333333333333333,15237,7611,474,1,accepted,,False,fresh_execution,stage18-scaling-24a9adb84176,4,5,8500,580
580,s4-step8500-f17of20-d1of4,3,C3,True,0,0.8680397838515154,46,0.08914728682170543,7,37,0.1891891891891892,0.1651074151074151,22803,7566,471,1,accepted,,False,fresh_execution,stage18-scaling-24a9adb84176,4,5,8500,580
580,s4-step8500-f17of20-d1of4,4,C4,False,1,1.0,367,,41,372,0.11021505376344086,,32803,10000,624,2,budget_exhaustion,requested_member_4_budget_exhaustion,False,fresh_execution,stage18-scaling-24a9adb84176,4,5,8500,580
581,s4-step8500-f17of20-d1of2,1,C1,True,0,0.8622444983945493,42,0.08139534883720931,0,1,0.0,,7626,7626,475,1,accepted,,False,fresh_execution,stage18-scaling-24a9adb84176,4,5,8500,581
581,s4-step8500-f17of20-d1of2,2,C2,True,0,0.8621661837262119,43,0.08333333333333333,2,15,0.13333333333333333,0.13333333333333333,15237,7611,474,1,accepted,,False,fresh_execution,stage18-scaling-24a9adb84176,4,5,8500,581
581,s4-step8500-f17of20-d1of2,3,C3,True,0,0.8680397838515154,46,0.08914728682170543,7,37,0.1891891891891892,0.1651074151074151,22803,7566,471,1,accepted,,False,fresh_execution,stage18-scaling-24a9adb84176,4,5,8500,581
581,s4-step8500-f17of20-d1of2,4,C4,True,0,0.8605998903594644,43,0.08333333333333333,18,67,0.26865671641791045,0.19061483986857122,30414,7611,474,1,accepted,,False,fresh_execution,stage18-scaling-24a9adb84176,4,5,8500,581
581,s4-step8500-f17of20-d1of2,5,C5,True,0,0.8508105568172919,43,0.08333333333333333,3,14,0.21428571428571427,0.1774156675472465,38025,7611,474,1,accepted,,False,fresh_execution,stage18-scaling-24a9adb84176,4,5,8500,581
581,s4-step8500-f17of20-d1of2,6,C6,True,0,0.8569974156159449,42,0.08139534883720931,2,5,0.4,0.2416949169766071,45651,7626,475,1,accepted,,False,fresh_execution,stage18-scaling-24a9adb84176,4,5,8500,581
581,s4-step8500-f17of20-d1of2,7,C7,False,0,1.0,245,,37,250,0.148,,50000,4349,272,1,budget_exhaustion,requested_member_7_budget_exhaustion,False,fresh_execution,stage18-scaling-24a9adb84176,4,5,8500,581
582,s4-step8500-f17of20-d3of4,1,C1,True,0,0.8622444983945493,42,0.08139534883720931,0,1,0.0,,7626,7626,475,1,accepted,,False,fresh_execution,stage18-scaling-24a9adb84176,4,5,8500,582
582,s4-step8500-f17of20-d3of4,2,C2,True,0,0.8621661837262119,43,0.08333333333333333,2,15,0.13333333333333333,0.13333333333333333,15237,7611,474,1,accepted,,False,fresh_execution,stage18-scaling-24a9adb84176,4,5,8500,582
582,s4-step8500-f17of20-d3of4,3,C3,True,0,0.8680397838515154,46,0.08914728682170543,7,37,0.1891891891891892,0.1651074151074151,22803,7566,471,1,accepted,,False,fresh_execution,stage18-scaling-24a9adb84176,4,5,8500,582
582,s4-step8500-f17of20-d3of4,4,C4,True,0,0.8605998903594644,43,0.08333333333333333,18,67,0.26865671641791045,0.19061483986857122,30414,7611,474,1,accepted,,False,fresh_execution,stage18-scaling-24a9adb84176,4,5,8500,582
582,s4-step8500-f17of20-d3of4,5,C5,True,0,0.8508105568172919,43,0.08333333333333333,3,14,0.21428571428571427,0.1774156675472465,38025,7611,474,1,accepted,,False,fresh_execution,stage18-scaling-24a9adb84176,4,5,8500,582
582,s4-step8500-f17of20-d3of4,6,C6,True,0,0.8569974156159449,42,0.08139534883720931,2,5,0.4,0.2416949169766071,45651,7626,475,1,accepted,,False,fresh_execution,stage18-scaling-24a9adb84176,4,5,8500,582
582,s4-step8500-f17of20-d3of4,7,C7,False,0,1.0,245,,37,250,0.148,,50000,4349,272,1,budget_exhaustion,requested_member_7_budget_exhaustion,False,fresh_execution,stage18-scaling-24a9adb84176,4,5,8500,582
583,s4-step8500-f9of10-d1of4,1,C1,True,0,0.9084501527136033,45,0.0872093023255814,0,1,0.0,,7581,7581,472,1,accepted,,False,fresh_execution,stage18-scaling-24a9adb84176,4,5,8500,583
583,s4-step8500-f9of10-d1of4,2,C2,True,0,0.9007753152165401,48,0.09302325581395349,14,79,0.17721518987341772,0.17721518987341772,15117,7536,469,1,accepted,,False,fresh_execution,stage18-scaling-24a9adb84176,4,5,8500,583
583,s4-step8500-f9of10-d1of4,3,C3,True,0,0.9029681259299867,47,0.09108527131782945,7,39,0.1794871794871795,0.13572060123784263,22668,7551,470,1,accepted,,False,fresh_execution,stage18-scaling-24a9adb84176,4,5,8500,583
583,s4-step8500-f9of10-d1of4,4,C4,True,0,0.9072754326885426,47,0.09108527131782945,9,37,0.24324324324324326,0.2125011013899903,30219,7551,470,1,accepted,,False,fresh_execution,stage18-scaling-24a9adb84176,4,5,8500,583
583,s4-step8500-f9of10-d1of4,5,C5,True,0,0.9072754326885426,50,0.09689922480620156,1,4,0.25,0.18579907112485702,37725,7506,467,1,accepted,,False,fresh_execution,stage18-scaling-24a9adb84176,4,5,8500,583
583,s4-step8500-f9of10-d1of4,6,C6,False,1,1.0,364,,45,367,0.1226158038147139,,47725,10000,624,2,budget_exhaustion,requested_member_6_budget_exhaustion,False,fresh_execution,stage18-scaling-24a9adb84176,4,5,8500,583
584,s4-step8500-f9of10-d1of2,1,C1,True,0,0.9084501527136033,45,0.0872093023255814,0,1,0.0,,7581,7581,472,1,accepted,,False,fresh_execution,stage18-scaling-24a9adb84176,4,5,8500,584
584,s4-step8500-f9of10-d1of2,2,C2,True,0,0.9007753152165401,48,0.09302325581395349,14,79,0.17721518987341772,0.17721518987341772,15117,7536,469,1,accepted,,False,fresh_execution,stage18-scaling-24a9adb84176,4,5,8500,584
584,s4-step8500-f9of10-d1of2,3,C3,True,0,0.9029681259299867,47,0.09108527131782945,7,39,0.1794871794871795,0.13572060123784263,22668,7551,470,1,accepted,,False,fresh_execution,stage18-scaling-24a9adb84176,4,5,8500,584
584,s4-step8500-f9of10-d1of2,4,C4,True,0,0.9072754326885426,47,0.09108527131782945,9,37,0.24324324324324326,0.2125011013899903,30219,7551,470,1,accepted,,False,fresh_execution,stage18-scaling-24a9adb84176,4,5,8500,584
584,s4-step8500-f9of10-d1of2,5,C5,True,0,0.9072754326885426,50,0.09689922480620156,1,4,0.25,0.18579907112485702,37725,7506,467,1,accepted,,False,fresh_execution,stage18-scaling-24a9adb84176,4,5,8500,584
584,s4-step8500-f9of10-d1of2,6,C6,True,0,0.9087634113869528,46,0.08914728682170543,22,69,0.3188405797101449,0.21682830993437263,45291,7566,471,1,accepted,,False,fresh_execution,stage18-scaling-24a9adb84176,4,5,8500,584
584,s4-step8500-f9of10-d1of2,7,C7,False,0,1.0,222,,41,226,0.18141592920353983,,50000,4709,295,1,budget_exhaustion,requested_member_7_budget_exhaustion,False,fresh_execution,stage18-scaling-24a9adb84176,4,5,8500,584
585,s4-step8500-f9of10-d3of4,1,C1,True,0,0.9084501527136033,45,0.0872093023255814,0,1,0.0,,7581,7581,472,1,accepted,,False,fresh_execution,stage18-scaling-24a9adb84176,4,5,8500,585
585,s4-step8500-f9of10-d3of4,2,C2,True,0,0.9007753152165401,48,0.09302325581395349,14,79,0.17721518987341772,0.17721518987341772,15117,7536,469,1,accepted,,False,fresh_execution,stage18-scaling-24a9adb84176,4,5,8500,585
585,s4-step8500-f9of10-d3of4,3,C3,True,0,0.9029681259299867,47,0.09108527131782945,7,39,0.1794871794871795,0.13572060123784263,22668,7551,470,1,accepted,,False,fresh_execution,stage18-scaling-24a9adb84176,4,5,8500,585
585,s4-step8500-f9of10-d3of4,4,C4,True,0,0.9072754326885426,47,0.09108527131782945,9,37,0.24324324324324326,0.2125011013899903,30219,7551,470,1,accepted,,False,fresh_execution,stage18-scaling-24a9adb84176,4,5,8500,585
585,s4-step8500-f9of10-d3of4,5,C5,True,0,0.9072754326885426,50,0.09689922480620156,1,4,0.25,0.18579907112485702,37725,7506,467,1,accepted,,False,fresh_execution,stage18-scaling-24a9adb84176,4,5,8500,585
585,s4-step8500-f9of10-d3of4,6,C6,True,0,0.9087634113869528,46,0.08914728682170543,22,69,0.3188405797101449,0.21682830993437263,45291,7566,471,1,accepted,,False,fresh_execution,stage18-scaling-24a9adb84176,4,5,8500,585
585,s4-step8500-f9of10-d3of4,7,C7,False,0,1.0,222,,41,226,0.18141592920353983,,50000,4709,295,1,budget_exhaustion,requested_member_7_budget_exhaustion,False,fresh_execution,stage18-scaling-24a9adb84176,4,5,8500,585
586,s4-step8500-f19of20-d1of4,1,C1,True,0,0.9522280523141985,49,0.09496124031007752,0,1,0.0,,7521,7521,468,1,accepted,,False,fresh_execution,stage18-scaling-24a9adb84176,4,5,8500,586
586,s4-step8500-f19of20-d1of4,2,C2,True,0,0.954812436369332,53,0.10271317829457365,4,47,0.0851063829787234,0.0851063829787234,14982,7461,464,1,accepted,,False,fresh_execution,stage18-scaling-24a9adb84176,4,5,8500,586
586,s4-step8500-f19of20-d1of4,3,C3,True,0,0.9510533322891378,53,0.10271317829457365,1,5,0.2,0.14081632653061224,22443,7461,464,1,accepted,,False,fresh_execution,stage18-scaling-24a9adb84176,4,5,8500,586
586,s4-step8500-f19of20-d1of4,4,C4,False,1,1.0,358,,45,362,0.12430939226519337,,32443,10000,622,2,budget_exhaustion,requested_member_4_budget_exhaustion,False,fresh_execution,stage18-scaling-24a9adb84176,4,5,8500,586
587,s4-step8500-f19of20-d1of2,1,C1,True,0,0.9522280523141985,49,0.09496124031007752,0,1,0.0,,7521,7521,468,1,accepted,,False,fresh_execution,stage18-scaling-24a9adb84176,4,5,8500,587
587,s4-step8500-f19of20-d1of2,2,C2,True,0,0.954812436369332,53,0.10271317829457365,4,47,0.0851063829787234,0.0851063829787234,14982,7461,464,1,accepted,,False,fresh_execution,stage18-scaling-24a9adb84176,4,5,8500,587
587,s4-step8500-f19of20-d1of2,3,C3,True,0,0.9510533322891378,53,0.10271317829457365,1,5,0.2,0.14081632653061224,22443,7461,464,1,accepted,,False,fresh_execution,stage18-scaling-24a9adb84176,4,5,8500,587
587,s4-step8500-f19of20-d1of2,4,C4,True,0,0.9500352416007518,54,0.10465116279069768,22,81,0.2716049382716049,0.1828194540512971,29905,7462,463,1,accepted,,False,fresh_execution,stage18-scaling-24a9adb84176,4,5,8500,587
587,s4-step8500-f19of20-d1of2,5,C5,True,0,0.9555955830527058,51,0.09883720930232558,5,21,0.23809523809523808,0.20199849394605948,37396,7491,466,1,accepted,,False,fresh_execution,stage18-scaling-24a9adb84176,4,5,8500,587
587,s4-step8500-f19of20-d1of2,6,C6,True,0,0.9501135562690892,53,0.10271317829457365,3,14,0.21428571428571427,0.17007435048313124,44857,7461,464,1,accepted,,False,fresh_execution,stage18-scaling-24a9adb84176,4,5,8500,587
587,s4-step8500-f19of20-d1of2,7,C7,False,0,1.0,195,,41,203,0.2019704433497537,,50000,5143,322,1,budget_exhaustion,requested_member_7_budget_exhaustion,False,fresh_execution,stage18-scaling-24a9adb84176,4,5,8500,587
588,s4-step8500-f19of20-d3of4,1,C1,True,0,0.9522280523141985,49,0.09496124031007752,0,1,0.0,,7521,7521,468,1,accepted,,False,fresh_execution,stage18-scaling-24a9adb84176,4,5,8500,588
588,s4-step8500-f19of20-d3of4,2,C2,True,0,0.954812436369332,53,0.10271317829457365,4,47,0.0851063829787234,0.0851063829787234,14982,7461,464,1,accepted,,False,fresh_execution,stage18-scaling-24a9adb84176,4,5,8500,588
588,s4-step8500-f19of20-d3of4,3,C3,True,0,0.9510533322891378,53,0.10271317829457365,1,5,0.2,0.14081632653061224,22443,7461,464,1,accepted,,False,fresh_execution,stage18-scaling-24a9adb84176,4,5,8500,588
588,s4-step8500-f19of20-d3of4,4,C4,True,0,0.9500352416007518,54,0.10465116279069768,22,81,0.2716049382716049,0.1828194540512971,29905,7462,463,1,accepted,,False,fresh_execution,stage18-scaling-24a9adb84176,4,5,8500,588
588,s4-step8500-f19of20-d3of4,5,C5,True,0,0.9555955830527058,51,0.09883720930232558,5,21,0.23809523809523808,0.20199849394605948,37396,7491,466,1,accepted,,False,fresh_execution,stage18-scaling-24a9adb84176,4,5,8500,588
588,s4-step8500-f19of20-d3of4,6,C6,True,0,0.9501135562690892,53,0.10271317829457365,3,14,0.21428571428571427,0.17007435048313124,44857,7461,464,1,accepted,,False,fresh_execution,stage18-scaling-24a9adb84176,4,5,8500,588
588,s4-step8500-f19of20-d3of4,7,C7,False,0,1.0,195,,41,203,0.2019704433497537,,50000,5143,322,1,budget_exhaustion,requested_member_7_budget_exhaustion,False,fresh_execution,stage18-scaling-24a9adb84176,4,5,8500,588
589,s4-step8500-f39of40-d1of4,1,C1,True,0,0.9761923408254366,60,0.11627906976744186,0,1,0.0,,7356,7356,457,1,accepted,,False,fresh_execution,stage18-scaling-24a9adb84176,4,5,8500,589
589,s4-step8500-f39of40-d1of4,2,C2,True,0,0.9790899835539196,60,0.11627906976744186,1,11,0.09090909090909091,0.09090909090909091,14712,7356,457,1,accepted,,False,fresh_execution,stage18-scaling-24a9adb84176,4,5,8500,589
589,s4-step8500-f39of40-d1of4,3,C3,True,0,0.9759573968204245,58,0.1124031007751938,15,103,0.14563106796116504,0.12421740313946103,22098,7386,459,1,accepted,,False,fresh_execution,stage18-scaling-24a9adb84176,4,5,8500,589
589,s4-step8500-f39of40-d1of4,4,C4,False,1,1.0,352,,51,361,0.14127423822714683,,32098,10000,623,2,budget_exhaustion,requested_member_4_budget_exhaustion,False,fresh_execution,stage18-scaling-24a9adb84176,4,5,8500,589
590,s4-step8500-f39of40-d1of2,1,C1,True,0,0.9761923408254366,60,0.11627906976744186,0,1,0.0,,7356,7356,457,1,accepted,,False,fresh_execution,stage18-scaling-24a9adb84176,4,5,8500,590
590,s4-step8500-f39of40-d1of2,2,C2,True,0,0.9790899835539196,60,0.11627906976744186,1,11,0.09090909090909091,0.09090909090909091,14712,7356,457,1,accepted,,False,fresh_execution,stage18-scaling-24a9adb84176,4,5,8500,590
590,s4-step8500-f39of40-d1of2,3,C3,True,0,0.9759573968204245,58,0.1124031007751938,15,103,0.14563106796116504,0.12421740313946103,22098,7386,459,1,accepted,,False,fresh_execution,stage18-scaling-24a9adb84176,4,5,8500,590
590,s4-step8500-f39of40-d1of2,4,C4,True,0,0.9776020048555094,59,0.11434108527131782,25,94,0.26595744680851063,0.17852765563982254,29469,7371,458,1,accepted,,False,fresh_execution,stage18-scaling-24a9adb84176,4,5,8500,590
590,s4-step8500-f39of40-d1of2,5,C5,True,0,0.9796381862322813,63,0.12209302325581395,8,33,0.24242424242424243,0.16574624752194844,36796,7327,454,1,accepted,,False,fresh_execution,stage18-scaling-24a9adb84176,4,5,8500,590
590,s4-step8500-f39of40-d1of2,6,C6,True,0,0.9761923408254366,61,0.1182170542635659,25,96,0.2604166666666667,0.18545090655225835,44137,7341,456,1,accepted,,False,fresh_execution,stage18-scaling-24a9adb84176,4,5,8500,590
590,s4-step8500-f39of40-d1of2,7,C7,False,0,1.0,150,,4,17,0.23529411764705882,,50000,5863,367,1,budget_exhaustion,requested_member_7_budget_exhaustion,False,fresh_execution,stage18-scaling-24a9adb84176,4,5,8500,590
591,s4-step8500-f39of40-d3of4,1,C1,True,0,0.9761923408254366,60,0.11627906976744186,0,1,0.0,,7356,7356,457,1,accepted,,False,fresh_execution,stage18-scaling-24a9adb84176,4,5,8500,591
591,s4-step8500-f39of40-d3of4,2,C2,True,0,0.9790899835539196,60,0.11627906976744186,1,11,0.09090909090909091,0.09090909090909091,14712,7356,457,1,accepted,,False,fresh_execution,stage18-scaling-24a9adb84176,4,5,8500,591
591,s4-step8500-f39of40-d3of4,3,C3,True,0,0.9759573968204245,58,0.1124031007751938,15,103,0.14563106796116504,0.12421740313946103,22098,7386,459,1,accepted,,False,fresh_execution,stage18-scaling-24a9adb84176,4,5,8500,591
591,s4-step8500-f39of40-d3of4,4,C4,True,0,0.9776020048555094,59,0.11434108527131782,25,94,0.26595744680851063,0.17852765563982254,29469,7371,458,1,accepted,,False,fresh_execution,stage18-scaling-24a9adb84176,4,5,8500,591
591,s4-step8500-f39of40-d3of4,5,C5,True,0,0.9796381862322813,63,0.12209302325581395,8,33,0.24242424242424243,0.16574624752194844,36796,7327,454,1,accepted,,False,fresh_execution,stage18-scaling-24a9adb84176,4,5,8500,591
591,s4-step8500-f39of40-d3of4,6,C6,True,0,0.9761923408254366,61,0.1182170542635659,25,96,0.2604166666666667,0.18545090655225835,44137,7341,456,1,accepted,,False,fresh_execution,stage18-scaling-24a9adb84176,4,5,8500,591
591,s4-step8500-f39of40-d3of4,7,C7,False,0,1.0,150,,4,17,0.23529411764705882,,50000,5863,367,1,budget_exhaustion,requested_member_7_budget_exhaustion,False,fresh_execution,stage18-scaling-24a9adb84176,4,5,8500,591
592,s4-step8500-f99of100-d1of4,1,C1,True,0,0.9913853864828882,67,0.1298449612403101,0,1,0.0,,7251,7251,450,1,accepted,,False,fresh_execution,stage18-scaling-24a9adb84176,4,5,8500,592
592,s4-step8500-f99of100-d1of4,2,C2,True,0,0.990523925131177,72,0.13953488372093023,11,128,0.0859375,0.0859375,14427,7176,445,1,accepted,,False,fresh_execution,stage18-scaling-24a9adb84176,4,5,8500,592
592,s4-step8500-f99of100-d1of4,3,C3,True,0,0.9917769598245751,64,0.12403100775193798,12,119,0.10084033613445378,0.09442016806722689,21723,7296,453,1,accepted,,False,fresh_execution,stage18-scaling-24a9adb84176,4,5,8500,592
592,s4-step8500-f99of100-d1of4,4,C4,True,0,0.9904456104628397,66,0.12790697674418605,25,108,0.23148148148148148,0.14263948542379914,28989,7266,451,1,accepted,,False,fresh_execution,stage18-scaling-24a9adb84176,4,5,8500,592
592,s4-step8500-f99of100-d1of4,5,C5,False,1,1.0,347,,7,39,0.1794871794871795,,38989,10000,622,2,budget_exhaustion,requested_member_5_budget_exhaustion,False,fresh_execution,stage18-scaling-24a9adb84176,4,5,8500,592
593,s4-step8500-f99of100-d1of2,1,C1,True,0,0.9913853864828882,67,0.1298449612403101,0,1,0.0,,7251,7251,450,1,accepted,,False,fresh_execution,stage18-scaling-24a9adb84176,4,5,8500,593
593,s4-step8500-f99of100-d1of2,2,C2,True,0,0.990523925131177,72,0.13953488372093023,11,128,0.0859375,0.0859375,14427,7176,445,1,accepted,,False,fresh_execution,stage18-scaling-24a9adb84176,4,5,8500,593
593,s4-step8500-f99of100-d1of2,3,C3,True,0,0.9917769598245751,64,0.12403100775193798,12,119,0.10084033613445378,0.09442016806722689,21723,7296,453,1,accepted,,False,fresh_execution,stage18-scaling-24a9adb84176,4,5,8500,593
593,s4-step8500-f99of100-d1of2,4,C4,True,0,0.9904456104628397,66,0.12790697674418605,25,108,0.23148148148148148,0.14263948542379914,28989,7266,451,1,accepted,,False,fresh_execution,stage18-scaling-24a9adb84176,4,5,8500,593
593,s4-step8500-f99of100-d1of2,5,C5,True,0,0.9909938131412014,64,0.12403100775193798,30,101,0.297029702970297,0.17967936070996376,36285,7296,453,1,accepted,,False,fresh_execution,stage18-scaling-24a9adb84176,4,5,8500,593
593,s4-step8500-f99of100-d1of2,6,C6,True,0,0.9910721278095387,64,0.12403100775193798,31,100,0.31,0.18595534290271132,43581,7296,453,1,accepted,,False,fresh_execution,stage18-scaling-24a9adb84176,4,5,8500,593
593,s4-step8500-f99of100-d1of2,7,C7,False,0,1.0,115,,18,73,0.2465753424657534,,50000,6419,402,1,budget_exhaustion,requested_member_7_budget_exhaustion,False,fresh_execution,stage18-scaling-24a9adb84176,4,5,8500,593
594,s4-step8500-f99of100-d3of4,1,C1,True,0,0.9913853864828882,67,0.1298449612403101,0,1,0.0,,7251,7251,450,1,accepted,,False,fresh_execution,stage18-scaling-24a9adb84176,4,5,8500,594
594,s4-step8500-f99of100-d3of4,2,C2,True,0,0.990523925131177,72,0.13953488372093023,11,128,0.0859375,0.0859375,14427,7176,445,1,accepted,,False,fresh_execution,stage18-scaling-24a9adb84176,4,5,8500,594
594,s4-step8500-f99of100-d3of4,3,C3,True,0,0.9917769598245751,64,0.12403100775193798,12,119,0.10084033613445378,0.09442016806722689,21723,7296,453,1,accepted,,False,fresh_execution,stage18-scaling-24a9adb84176,4,5,8500,594
594,s4-step8500-f99of100-d3of4,4,C4,True,0,0.9904456104628397,66,0.12790697674418605,25,108,0.23148148148148148,0.14263948542379914,28989,7266,451,1,accepted,,False,fresh_execution,stage18-scaling-24a9adb84176,4,5,8500,594
594,s4-step8500-f99of100-d3of4,5,C5,True,0,0.9909938131412014,64,0.12403100775193798,30,101,0.297029702970297,0.17967936070996376,36285,7296,453,1,accepted,,False,fresh_execution,stage18-scaling-24a9adb84176,4,5,8500,594
594,s4-step8500-f99of100-d3of4,6,C6,True,0,0.9910721278095387,64,0.12403100775193798,31,100,0.31,0.18595534290271132,43581,7296,453,1,accepted,,False,fresh_execution,stage18-scaling-24a9adb84176,4,5,8500,594
594,s4-step8500-f99of100-d3of4,7,C7,False,0,1.0,115,,18,73,0.2465753424657534,,50000,6419,402,1,budget_exhaustion,requested_member_7_budget_exhaustion,False,fresh_execution,stage18-scaling-24a9adb84176,4,5,8500,594
595,s4-step8650-f4of5-d1of4,1,C1,True,0,0.8225389615474978,39,0.0755813953488372,0,1,0.0,,7671,7671,478,1,accepted,,False,fresh_execution,stage18-scaling-24a9adb84176,4,6,8650,595
595,s4-step8650-f4of5-d1of4,2,C2,True,0,0.8014723157647428,41,0.07945736434108527,1,9,0.1111111111111111,0.1111111111111111,15312,7641,476,1,accepted,,False,fresh_execution,stage18-scaling-24a9adb84176,4,6,8650,595
595,s4-step8650-f4of5-d1of4,3,C3,True,0,0.8066410838750098,38,0.07364341085271318,11,68,0.16176470588235295,0.15550921861281825,22998,7686,479,1,accepted,,False,fresh_execution,stage18-scaling-24a9adb84176,4,6,8650,595
595,s4-step8650-f4of5-d1of4,4,C4,True,0,0.8078158039000705,39,0.0755813953488372,3,13,0.23076923076923078,0.21766381766381768,30669,7671,478,1,accepted,,False,fresh_execution,stage18-scaling-24a9adb84176,4,6,8650,595
595,s4-step8650-f4of5-d1of4,5,C5,True,0,0.8170569347638813,40,0.07751937984496124,15,64,0.234375,0.20600193511198944,38325,7656,477,1,accepted,,False,fresh_execution,stage18-scaling-24a9adb84176,4,6,8650,595
595,s4-step8650-f4of5-d1of4,6,C6,False,1,1.0,367,,5,46,0.10869565217391304,,48325,10000,624,2,budget_exhaustion,requested_member_6_budget_exhaustion,False,fresh_execution,stage18-scaling-24a9adb84176,4,6,8650,595
596,s4-step8650-f4of5-d1of2,1,C1,True,0,0.8225389615474978,39,0.0755813953488372,0,1,0.0,,7671,7671,478,1,accepted,,False,fresh_execution,stage18-scaling-24a9adb84176,4,6,8650,596
596,s4-step8650-f4of5-d1of2,2,C2,True,0,0.8014723157647428,41,0.07945736434108527,1,9,0.1111111111111111,0.1111111111111111,15312,7641,476,1,accepted,,False,fresh_execution,stage18-scaling-24a9adb84176,4,6,8650,596
596,s4-step8650-f4of5-d1of2,3,C3,True,0,0.8066410838750098,38,0.07364341085271318,11,68,0.16176470588235295,0.15550921861281825,22998,7686,479,1,accepted,,False,fresh_execution,stage18-scaling-24a9adb84176,4,6,8650,596
596,s4-step8650-f4of5-d1of2,4,C4,True,0,0.8078158039000705,39,0.0755813953488372,3,13,0.23076923076923078,0.21766381766381768,30669,7671,478,1,accepted,,False,fresh_execution,stage18-scaling-24a9adb84176,4,6,8650,596
596,s4-step8650-f4of5-d1of2,5,C5,True,0,0.8170569347638813,40,0.07751937984496124,15,64,0.234375,0.20600193511198944,38325,7656,477,1,accepted,,False,fresh_execution,stage18-scaling-24a9adb84176,4,6,8650,596
596,s4-step8650-f4of5-d1of2,6,C6,True,0,0.8090688385934686,43,0.08333333333333333,17,65,0.26153846153846155,0.21611327164520278,45936,7611,474,1,accepted,,False,fresh_execution,stage18-scaling-24a9adb84176,4,6,8650,596
596,s4-step8650-f4of5-d1of2,7,C7,False,0,1.0,262,,5,38,0.13157894736842105,,50000,4064,254,1,budget_exhaustion,requested_member_7_budget_exhaustion,False,fresh_execution,stage18-scaling-24a9adb84176,4,6,8650,596
597,s4-step8650-f4of5-d3of4,1,C1,True,0,0.8225389615474978,39,0.0755813953488372,0,1,0.0,,7671,7671,478,1,accepted,,False,fresh_execution,stage18-scaling-24a9adb84176,4,6,8650,597
597,s4-step8650-f4of5-d3of4,2,C2,True,0,0.8014723157647428,41,0.07945736434108527,1,9,0.1111111111111111,0.1111111111111111,15312,7641,476,1,accepted,,False,fresh_execution,stage18-scaling-24a9adb84176,4,6,8650,597
597,s4-step8650-f4of5-d3of4,3,C3,True,0,0.8066410838750098,38,0.07364341085271318,11,68,0.16176470588235295,0.15550921861281825,22998,7686,479,1,accepted,,False,fresh_execution,stage18-scaling-24a9adb84176,4,6,8650,597
597,s4-step8650-f4of5-d3of4,4,C4,True,0,0.8078158039000705,39,0.0755813953488372,3,13,0.23076923076923078,0.21766381766381768,30669,7671,478,1,accepted,,False,fresh_execution,stage18-scaling-24a9adb84176,4,6,8650,597
597,s4-step8650-f4of5-d3of4,5,C5,True,0,0.8170569347638813,40,0.07751937984496124,15,64,0.234375,0.20600193511198944,38325,7656,477,1,accepted,,False,fresh_execution,stage18-scaling-24a9adb84176,4,6,8650,597
597,s4-step8650-f4of5-d3of4,6,C6,True,0,0.8090688385934686,43,0.08333333333333333,17,65,0.26153846153846155,0.21611327164520278,45936,7611,474,1,accepted,,False,fresh_execution,stage18-scaling-24a9adb84176,4,6,8650,597
597,s4-step8650-f4of5-d3of4,7,C7,False,0,1.0,262,,5,38,0.13157894736842105,,50000,4064,254,1,budget_exhaustion,requested_member_7_budget_exhaustion,False,fresh_execution,stage18-scaling-24a9adb84176,4,6,8650,597
598,s4-step8650-f17of20-d1of4,1,C1,True,0,0.8564492129375832,41,0.07945736434108527,0,1,0.0,,7641,7641,476,1,accepted,,False,fresh_execution,stage18-scaling-24a9adb84176,4,6,8650,598
598,s4-step8650-f17of20-d1of4,2,C2,True,0,0.8672566371681416,42,0.08139534883720931,10,73,0.136986301369863,0.136986301369863,15267,7626,475,1,accepted,,False,fresh_execution,stage18-scaling-24a9adb84176,4,6,8650,598
598,s4-step8650-f17of20-d1of4,3,C3,True,0,0.8554311222491973,43,0.08333333333333333,3,14,0.21428571428571427,0.1747104247104247,22878,7611,474,1,accepted,,False,fresh_execution,stage18-scaling-24a9adb84176,4,6,8650,598
598,s4-step8650-f17of20-d1of4,4,C4,True,0,0.853943143550787,45,0.0872093023255814,5,24,0.20833333333333334,0.20275240994419078,30459,7581,472,1,accepted,,False,fresh_execution,stage18-scaling-24a9adb84176,4,6,8650,598
598,s4-step8650-f17of20-d1of4,5,C5,False,1,1.0,365,,39,367,0.10626702997275204,,40459,10000,624,2,budget_exhaustion,requested_member_5_budget_exhaustion,False,fresh_execution,stage18-scaling-24a9adb84176,4,6,8650,598
599,s4-step8650-f17of20-d1of2,1,C1,True,0,0.8564492129375832,41,0.07945736434108527,0,1,0.0,,7641,7641,476,1,accepted,,False,fresh_execution,stage18-scaling-24a9adb84176,4,6,8650,599
599,s4-step8650-f17of20-d1of2,2,C2,True,0,0.8672566371681416,42,0.08139534883720931,10,73,0.136986301369863,0.136986301369863,15267,7626,475,1,accepted,,False,fresh_execution,stage18-scaling-24a9adb84176,4,6,8650,599
599,s4-step8650-f17of20-d1of2,3,C3,True,0,0.8554311222491973,43,0.08333333333333333,3,14,0.21428571428571427,0.1747104247104247,22878,7611,474,1,accepted,,False,fresh_execution,stage18-scaling-24a9adb84176,4,6,8650,599
599,s4-step8650-f17of20-d1of2,4,C4,True,0,0.853943143550787,45,0.0872093023255814,5,24,0.20833333333333334,0.20275240994419078,30459,7581,472,1,accepted,,False,fresh_execution,stage18-scaling-24a9adb84176,4,6,8650,599
599,s4-step8650-f17of20-d1of2,5,C5,True,0,0.8507322421489545,45,0.0872093023255814,20,67,0.29850746268656714,0.2294857594815089,38040,7581,472,1,accepted,,False,fresh_execution,stage18-scaling-24a9adb84176,4,6,8650,599
599,s4-step8650-f17of20-d1of2,6,C6,True,0,0.8604432610227896,44,0.08527131782945736,8,35,0.22857142857142856,0.21790932811480757,45636,7596,473,1,accepted,,False,fresh_execution,stage18-scaling-24a9adb84176,4,6,8650,599
599,s4-step8650-f17of20-d1of2,7,C7,False,0,1.0,244,,34,251,0.13545816733067728,,50000,4364,273,1,budget_exhaustion,requested_member_7_budget_exhaustion,False,fresh_execution,stage18-scaling-24a9adb84176,4,6,8650,599
600,s4-step8650-f17of20-d3of4,1,C1,True,0,0.8564492129375832,41,0.07945736434108527,0,1,0.0,,7641,7641,476,1,accepted,,False,fresh_execution,stage18-scaling-24a9adb84176,4,6,8650,600
600,s4-step8650-f17of20-d3of4,2,C2,True,0,0.8672566371681416,42,0.08139534883720931,10,73,0.136986301369863,0.136986301369863,15267,7626,475,1,accepted,,False,fresh_execution,stage18-scaling-24a9adb84176,4,6,8650,600
600,s4-step8650-f17of20-d3of4,3,C3,True,0,0.8554311222491973,43,0.08333333333333333,3,14,0.21428571428571427,0.1747104247104247,22878,7611,474,1,accepted,,False,fresh_execution,stage18-scaling-24a9adb84176,4,6,8650,600
600,s4-step8650-f17of20-d3of4,4,C4,True,0,0.853943143550787,45,0.0872093023255814,5,24,0.20833333333333334,0.20275240994419078,30459,7581,472,1,accepted,,False,fresh_execution,stage18-scaling-24a9adb84176,4,6,8650,600
600,s4-step8650-f17of20-d3of4,5,C5,True,0,0.8507322421489545,45,0.0872093023255814,20,67,0.29850746268656714,0.2294857594815089,38040,7581,472,1,accepted,,False,fresh_execution,stage18-scaling-24a9adb84176,4,6,8650,600
600,s4-step8650-f17of20-d3of4,6,C6,True,0,0.8604432610227896,44,0.08527131782945736,8,35,0.22857142857142856,0.21790932811480757,45636,7596,473,1,accepted,,False,fresh_execution,stage18-scaling-24a9adb84176,4,6,8650,600
600,s4-step8650-f17of20-d3of4,7,C7,False,0,1.0,244,,34,251,0.13545816733067728,,50000,4364,273,1,budget_exhaustion,requested_member_7_budget_exhaustion,False,fresh_execution,stage18-scaling-24a9adb84176,4,6,8650,600
601,s4-step8650-f9of10-d1of4,1,C1,True,0,0.9139321794972198,44,0.08527131782945736,0,1,0.0,,7596,7596,473,1,accepted,,False,fresh_execution,stage18-scaling-24a9adb84176,4,6,8650,601
601,s4-step8650-f9of10-d1of4,2,C2,True,0,0.9050826219750959,49,0.09496124031007752,13,80,0.1625,0.1625,15117,7521,468,1,accepted,,False,fresh_execution,stage18-scaling-24a9adb84176,4,6,8650,601
601,s4-step8650-f9of10-d1of4,3,C3,True,0,0.9011668885582269,47,0.09108527131782945,5,27,0.18518518518518517,0.17592592592592593,22668,7551,470,1,accepted,,False,fresh_execution,stage18-scaling-24a9adb84176,4,6,8650,601
601,s4-step8650-f9of10-d1of4,4,C4,False,1,1.0,365,,22,185,0.11891891891891893,,32668,10000,624,2,budget_exhaustion,requested_member_4_budget_exhaustion,False,fresh_execution,stage18-scaling-24a9adb84176,4,6,8650,601
602,s4-step8650-f9of10-d1of2,1,C1,True,0,0.9139321794972198,44,0.08527131782945736,0,1,0.0,,7596,7596,473,1,accepted,,False,fresh_execution,stage18-scaling-24a9adb84176,4,6,8650,602
602,s4-step8650-f9of10-d1of2,2,C2,True,0,0.9050826219750959,49,0.09496124031007752,13,80,0.1625,0.1625,15117,7521,468,1,accepted,,False,fresh_execution,stage18-scaling-24a9adb84176,4,6,8650,602
602,s4-step8650-f9of10-d1of2,3,C3,True,0,0.9011668885582269,47,0.09108527131782945,5,27,0.18518518518518517,0.17592592592592593,22668,7551,470,1,accepted,,False,fresh_execution,stage18-scaling-24a9adb84176,4,6,8650,602
602,s4-step8650-f9of10-d1of2,4,C4,True,0,0.9030464405983241,45,0.0872093023255814,19,75,0.25333333333333335,0.2012910481331534,30249,7581,472,1,accepted,,False,fresh_execution,stage18-scaling-24a9adb84176,4,6,8650,602
602,s4-step8650-f9of10-d1of2,5,C5,True,0,0.9086850967186154,47,0.09108527131782945,3,13,0.23076923076923078,0.19192890442890442,37800,7551,470,1,accepted,,False,fresh_execution,stage18-scaling-24a9adb84176,4,6,8650,602
602,s4-step8650-f9of10-d1of2,6,C6,True,0,0.9100947607486882,50,0.09689922480620156,7,26,0.2692307692307692,0.23286014451903858,45306,7506,467,1,accepted,,False,fresh_execution,stage18-scaling-24a9adb84176,4,6,8650,602
602,s4-step8650-f9of10-d1of2,7,C7,False,0,1.0,223,,5,29,0.1724137931034483,,50000,4694,294,1,budget_exhaustion,requested_member_7_budget_exhaustion,False,fresh_execution,stage18-scaling-24a9adb84176,4,6,8650,602
603,s4-step8650-f9of10-d3of4,1,C1,True,0,0.9139321794972198,44,0.08527131782945736,0,1,0.0,,7596,7596,473,1,accepted,,False,fresh_execution,stage18-scaling-24a9adb84176,4,6,8650,603
603,s4-step8650-f9of10-d3of4,2,C2,True,0,0.9050826219750959,49,0.09496124031007752,13,80,0.1625,0.1625,15117,7521,468,1,accepted,,False,fresh_execution,stage18-scaling-24a9adb84176,4,6,8650,603
603,s4-step8650-f9of10-d3of4,3,C3,True,0,0.9011668885582269,47,0.09108527131782945,5,27,0.18518518518518517,0.17592592592592593,22668,7551,470,1,accepted,,False,fresh_execution,stage18-scaling-24a9adb84176,4,6,8650,603
603,s4-step8650-f9of10-d3of4,4,C4,True,0,0.9030464405983241,45,0.0872093023255814,19,75,0.25333333333333335,0.2012910481331534,30249,7581,472,1,accepted,,False,fresh_execution,stage18-scaling-24a9adb84176,4,6,8650,603
603,s4-step8650-f9of10-d3of4,5,C5,True,0,0.9086850967186154,47,0.09108527131782945,3,13,0.23076923076923078,0.19192890442890442,37800,7551,470,1,accepted,,False,fresh_execution,stage18-scaling-24a9adb84176,4,6,8650,603
603,s4-step8650-f9of10-d3of4,6,C6,True,0,0.9100947607486882,50,0.09689922480620156,7,26,0.2692307692307692,0.23286014451903858,45306,7506,467,1,accepted,,False,fresh_execution,stage18-scaling-24a9adb84176,4,6,8650,603
603,s4-step8650-f9of10-d3of4,7,C7,False,0,1.0,223,,5,29,0.1724137931034483,,50000,4694,294,1,budget_exhaustion,requested_member_7_budget_exhaustion,False,fresh_execution,stage18-scaling-24a9adb84176,4,6,8650,603
604,s4-step8650-f19of20-d1of4,1,C1,True,0,0.9511316469574751,52,0.10077519379844961,0,1,0.0,,7476,7476,465,1,accepted,,False,fresh_execution,stage18-scaling-24a9adb84176,4,6,8650,604
604,s4-step8650-f19of20-d1of4,2,C2,True,0,0.9509750176208004,54,0.10465116279069768,13,93,0.13978494623655913,0.13978494623655913,14922,7446,463,1,accepted,,False,fresh_execution,stage18-scaling-24a9adb84176,4,6,8650,604
604,s4-step8650-f19of20-d1of4,3,C3,True,0,0.954812436369332,54,0.10465116279069768,8,45,0.17777777777777778,0.1513888888888889,22368,7446,463,1,accepted,,False,fresh_execution,stage18-scaling-24a9adb84176,4,6,8650,604
604,s4-step8650-f19of20-d1of4,4,C4,True,0,0.9547341217009946,54,0.10465116279069768,19,89,0.21348314606741572,0.17153107644121998,29814,7446,463,1,accepted,,False,fresh_execution,stage18-scaling-24a9adb84176,4,6,8650,604
604,s4-step8650-f19of20-d1of4,5,C5,True,0,0.9530895136659097,55,0.1065891472868217,20,87,0.22988505747126436,0.19655540935816362,37261,7447,462,1,accepted,,False,fresh_execution,stage18-scaling-24a9adb84176,4,6,8650,604
604,s4-step8650-f19of20-d1of4,6,C6,True,0,0.9504268149424387,56,0.10852713178294573,1,4,0.25,0.22381085339343051,44693,7432,461,1,accepted,,False,fresh_execution,stage18-scaling-24a9adb84176,4,6,8650,604
604,s4-step8650-f19of20-d1of4,7,C7,False,0,1.0,185,,41,196,0.20918367346938777,,50000,5307,332,1,budget_exhaustion,requested_member_7_budget_exhaustion,False,fresh_execution,stage18-scaling-24a9adb84176,4,6,8650,604
605,s4-step8650-f19of20-d1of2,1,C1,True,0,0.9511316469574751,52,0.10077519379844961,0,1,0.0,,7476,7476,465,1,accepted,,False,fresh_execution,stage18-scaling-24a9adb84176,4,6,8650,605
605,s4-step8650-f19of20-d1of2,2,C2,True,0,0.9509750176208004,54,0.10465116279069768,13,93,0.13978494623655913,0.13978494623655913,14922,7446,463,1,accepted,,False,fresh_execution,stage18-scaling-24a9adb84176,4,6,8650,605
605,s4-step8650-f19of20-d1of2,3,C3,True,0,0.954812436369332,54,0.10465116279069768,8,45,0.17777777777777778,0.1513888888888889,22368,7446,463,1,accepted,,False,fresh_execution,stage18-scaling-24a9adb84176,4,6,8650,605
605,s4-step8650-f19of20-d1of2,4,C4,True,0,0.9547341217009946,54,0.10465116279069768,19,89,0.21348314606741572,0.17153107644121998,29814,7446,463,1,accepted,,False,fresh_execution,stage18-scaling-24a9adb84176,4,6,8650,605
605,s4-step8650-f19of20-d1of2,5,C5,True,0,0.9530895136659097,55,0.1065891472868217,20,87,0.22988505747126436,0.19655540935816362,37261,7447,462,1,accepted,,False,fresh_execution,stage18-scaling-24a9adb84176,4,6,8650,605
605,s4-step8650-f19of20-d1of2,6,C6,True,0,0.9504268149424387,56,0.10852713178294573,1,4,0.25,0.22381085339343051,44693,7432,461,1,accepted,,False,fresh_execution,stage18-scaling-24a9adb84176,4,6,8650,605
605,s4-step8650-f19of20-d1of2,7,C7,False,0,1.0,185,,41,196,0.20918367346938777,,50000,5307,332,1,budget_exhaustion,requested_member_7_budget_exhaustion,False,fresh_execution,stage18-scaling-24a9adb84176,4,6,8650,605
606,s4-step8650-f19of20-d3of4,1,C1,True,0,0.9511316469574751,52,0.10077519379844961,0,1,0.0,,7476,7476,465,1,accepted,,False,fresh_execution,stage18-scaling-24a9adb84176,4,6,8650,606
606,s4-step8650-f19of20-d3of4,2,C2,True,0,0.9509750176208004,54,0.10465116279069768,13,93,0.13978494623655913,0.13978494623655913,14922,7446,463,1,accepted,,False,fresh_execution,stage18-scaling-24a9adb84176,4,6,8650,606
606,s4-step8650-f19of20-d3of4,3,C3,True,0,0.954812436369332,54,0.10465116279069768,8,45,0.17777777777777778,0.1513888888888889,22368,7446,463,1,accepted,,False,fresh_execution,stage18-scaling-24a9adb84176,4,6,8650,606
606,s4-step8650-f19of20-d3of4,4,C4,True,0,0.9547341217009946,54,0.10465116279069768,19,89,0.21348314606741572,0.17153107644121998,29814,7446,463,1,accepted,,False,fresh_execution,stage18-scaling-24a9adb84176,4,6,8650,606
606,s4-step8650-f19of20-d3of4,5,C5,True,0,0.9530895136659097,55,0.1065891472868217,20,87,0.22988505747126436,0.19655540935816362,37261,7447,462,1,accepted,,False,fresh_execution,stage18-scaling-24a9adb84176,4,6,8650,606
606,s4-step8650-f19of20-d3of4,6,C6,True,0,0.9504268149424387,56,0.10852713178294573,1,4,0.25,0.22381085339343051,44693,7432,461,1,accepted,,False,fresh_execution,stage18-scaling-24a9adb84176,4,6,8650,606
606,s4-step8650-f19of20-d3of4,7,C7,False,0,1.0,185,,41,196,0.20918367346938777,,50000,5307,332,1,budget_exhaustion,requested_member_7_budget_exhaustion,False,fresh_execution,stage18-scaling-24a9adb84176,4,6,8650,606
607,s4-step8650-f39of40-d1of4,1,C1,True,0,0.9812044795990289,59,0.11434108527131782,0,1,0.0,,7371,7371,458,1,accepted,,False,fresh_execution,stage18-scaling-24a9adb84176,4,6,8650,607
607,s4-step8650-f39of40-d1of4,2,C2,True,0,0.9777586341921842,61,0.1182170542635659,1,7,0.14285714285714285,0.14285714285714285,14712,7341,456,1,accepted,,False,fresh_execution,stage18-scaling-24a9adb84176,4,6,8650,607
607,s4-step8650-f39of40-d1of4,3,C3,True,0,0.9750959354687133,62,0.12015503875968993,17,104,0.16346153846153846,0.14595095271700775,22038,7326,455,1,accepted,,False,fresh_execution,stage18-scaling-24a9adb84176,4,6,8650,607
607,s4-step8650-f39of40-d1of4,4,C4,True,0,0.9753308794737254,60,0.11627906976744186,2,9,0.2222222222222222,0.19137566137566137,29394,7356,457,1,accepted,,False,fresh_execution,stage18-scaling-24a9adb84176,4,6,8650,607
607,s4-step8650-f39of40-d1of4,5,C5,False,1,1.0,349,,19,117,0.1623931623931624,,39394,10000,623,2,budget_exhaustion,requested_member_5_budget_exhaustion,False,fresh_execution,stage18-scaling-24a9adb84176,4,6,8650,607
608,s4-step8650-f39of40-d1of2,1,C1,True,0,0.9812044795990289,59,0.11434108527131782,0,1,0.0,,7371,7371,458,1,accepted,,False,fresh_execution,stage18-scaling-24a9adb84176,4,6,8650,608
608,s4-step8650-f39of40-d1of2,2,C2,True,0,0.9777586341921842,61,0.1182170542635659,1,7,0.14285714285714285,0.14285714285714285,14712,7341,456,1,accepted,,False,fresh_execution,stage18-scaling-24a9adb84176,4,6,8650,608
608,s4-step8650-f39of40-d1of2,3,C3,True,0,0.9750959354687133,62,0.12015503875968993,17,104,0.16346153846153846,0.14595095271700775,22038,7326,455,1,accepted,,False,fresh_execution,stage18-scaling-24a9adb84176,4,6,8650,608
608,s4-step8650-f39of40-d1of2,4,C4,True,0,0.9753308794737254,60,0.11627906976744186,2,9,0.2222222222222222,0.19137566137566137,29394,7356,457,1,accepted,,False,fresh_execution,stage18-scaling-24a9adb84176,4,6,8650,608
608,s4-step8650-f39of40-d1of2,5,C5,True,0,0.9783851515388833,62,0.12015503875968993,25,96,0.2604166666666667,0.1999980324698687,36720,7326,455,1,accepted,,False,fresh_execution,stage18-scaling-24a9adb84176,4,6,8650,608
608,s4-step8650-f39of40-d1of2,6,C6,True,0,0.9768971728404731,62,0.12015503875968993,25,96,0.2604166666666667,0.18922841072558272,44046,7326,455,1,accepted,,False,fresh_execution,stage18-scaling-24a9adb84176,4,6,8650,608
608,s4-step8650-f39of40-d1of2,7,C7,False,0,1.0,144,,33,170,0.19411764705882353,,50000,5954,373,1,budget_exhaustion,requested_member_7_budget_exhaustion,False,fresh_execution,stage18-scaling-24a9adb84176,4,6,8650,608
609,s4-step8650-f39of40-d3of4,1,C1,True,0,0.9812044795990289,59,0.11434108527131782,0,1,0.0,,7371,7371,458,1,accepted,,False,fresh_execution,stage18-scaling-24a9adb84176,4,6,8650,609
609,s4-step8650-f39of40-d3of4,2,C2,True,0,0.9777586341921842,61,0.1182170542635659,1,7,0.14285714285714285,0.14285714285714285,14712,7341,456,1,accepted,,False,fresh_execution,stage18-scaling-24a9adb84176,4,6,8650,609
609,s4-step8650-f39of40-d3of4,3,C3,True,0,0.9750959354687133,62,0.12015503875968993,17,104,0.16346153846153846,0.14595095271700775,22038,7326,455,1,accepted,,False,fresh_execution,stage18-scaling-24a9adb84176,4,6,8650,609
609,s4-step8650-f39of40-d3of4,4,C4,True,0,0.9753308794737254,60,0.11627906976744186,2,9,0.2222222222222222,0.19137566137566137,29394,7356,457,1,accepted,,False,fresh_execution,stage18-scaling-24a9adb84176,4,6,8650,609
609,s4-step8650-f39of40-d3of4,5,C5,True,0,0.9783851515388833,62,0.12015503875968993,25,96,0.2604166666666667,0.1999980324698687,36720,7326,455,1,accepted,,False,fresh_execution,stage18-scaling-24a9adb84176,4,6,8650,609
609,s4-step8650-f39of40-d3of4,6,C6,True,0,0.9768971728404731,62,0.12015503875968993,25,96,0.2604166666666667,0.18922841072558272,44046,7326,455,1,accepted,,False,fresh_execution,stage18-scaling-24a9adb84176,4,6,8650,609
609,s4-step8650-f39of40-d3of4,7,C7,False,0,1.0,144,,33,170,0.19411764705882353,,50000,5954,373,1,budget_exhaustion,requested_member_7_budget_exhaustion,False,fresh_execution,stage18-scaling-24a9adb84176,4,6,8650,609
610,s4-step8650-f99of100-d1of4,1,C1,True,0,0.9912287571462135,65,0.12596899224806202,0,1,0.0,,7281,7281,452,1,accepted,,False,fresh_execution,stage18-scaling-24a9adb84176,4,6,8650,610
610,s4-step8650-f99of100-d1of4,2,C2,True,0,0.9903672957945023,70,0.13565891472868216,14,121,0.11570247933884298,0.11570247933884298,14503,7222,447,1,accepted,,False,fresh_execution,stage18-scaling-24a9adb84176,4,6,8650,610
610,s4-step8650-f99of100-d1of4,3,C3,True,0,0.9902889811261649,63,0.12209302325581395,1,6,0.16666666666666666,0.1599099099099099,21814,7311,454,1,accepted,,False,fresh_execution,stage18-scaling-24a9adb84176,4,6,8650,610
610,s4-step8650-f99of100-d1of4,4,C4,True,0,0.9902106664578275,76,0.14728682170542637,25,116,0.21551724137931033,0.1688871304489966,28930,7116,441,1,accepted,,False,fresh_execution,stage18-scaling-24a9adb84176,4,6,8650,610
610,s4-step8650-f99of100-d1of4,5,C5,True,0,0.9902106664578275,74,0.1434108527131783,22,117,0.18803418803418803,0.1451843711843712,36076,7146,443,1,accepted,,False,fresh_execution,stage18-scaling-24a9adb84176,4,6,8650,610
610,s4-step8650-f99of100-d1of4,6,C6,False,1,1.0,346,,18,119,0.15126050420168066,,46076,10000,622,2,budget_exhaustion,requested_member_6_budget_exhaustion,False,fresh_execution,stage18-scaling-24a9adb84176,4,6,8650,610
611,s4-step8650-f99of100-d1of2,1,C1,True,0,0.9912287571462135,65,0.12596899224806202,0,1,0.0,,7281,7281,452,1,accepted,,False,fresh_execution,stage18-scaling-24a9adb84176,4,6,8650,611
611,s4-step8650-f99of100-d1of2,2,C2,True,0,0.9903672957945023,70,0.13565891472868216,14,121,0.11570247933884298,0.11570247933884298,14503,7222,447,1,accepted,,False,fresh_execution,stage18-scaling-24a9adb84176,4,6,8650,611
611,s4-step8650-f99of100-d1of2,3,C3,True,0,0.9902889811261649,63,0.12209302325581395,1,6,0.16666666666666666,0.1599099099099099,21814,7311,454,1,accepted,,False,fresh_execution,stage18-scaling-24a9adb84176,4,6,8650,611
611,s4-step8650-f99of100-d1of2,4,C4,True,0,0.9902106664578275,76,0.14728682170542637,25,116,0.21551724137931033,0.1688871304489966,28930,7116,441,1,accepted,,False,fresh_execution,stage18-scaling-24a9adb84176,4,6,8650,611
611,s4-step8650-f99of100-d1of2,5,C5,True,0,0.9902106664578275,74,0.1434108527131783,22,117,0.18803418803418803,0.1451843711843712,36076,7146,443,1,accepted,,False,fresh_execution,stage18-scaling-24a9adb84176,4,6,8650,611
611,s4-step8650-f99of100-d1of2,6,C6,True,0,0.9902889811261649,66,0.12790697674418605,27,104,0.25961538461538464,0.1504155660050505,43342,7266,451,1,accepted,,False,fresh_execution,stage18-scaling-24a9adb84176,4,6,8650,611
611,s4-step8650-f99of100-d1of2,7,C7,False,0,1.0,100,,1,4,0.25,,50000,6658,417,1,budget_exhaustion,requested_member_7_budget_exhaustion,False,fresh_execution,stage18-scaling-24a9adb84176,4,6,8650,611
612,s4-step8650-f99of100-d3of4,1,C1,True,0,0.9912287571462135,65,0.12596899224806202,0,1,0.0,,7281,7281,452,1,accepted,,False,fresh_execution,stage18-scaling-24a9adb84176,4,6,8650,612
612,s4-step8650-f99of100-d3of4,2,C2,True,0,0.9903672957945023,70,0.13565891472868216,14,121,0.11570247933884298,0.11570247933884298,14503,7222,447,1,accepted,,False,fresh_execution,stage18-scaling-24a9adb84176,4,6,8650,612
612,s4-step8650-f99of100-d3of4,3,C3,True,0,0.9902889811261649,63,0.12209302325581395,1,6,0.16666666666666666,0.1599099099099099,21814,7311,454,1,accepted,,False,fresh_execution,stage18-scaling-24a9adb84176,4,6,8650,612
612,s4-step8650-f99of100-d3of4,4,C4,True,0,0.9902106664578275,76,0.14728682170542637,25,116,0.21551724137931033,0.1688871304489966,28930,7116,441,1,accepted,,False,fresh_execution,stage18-scaling-24a9adb84176,4,6,8650,612
612,s4-step8650-f99of100-d3of4,5,C5,True,0,0.9902106664578275,74,0.1434108527131783,22,117,0.18803418803418803,0.1451843711843712,36076,7146,443,1,accepted,,False,fresh_execution,stage18-scaling-24a9adb84176,4,6,8650,612
612,s4-step8650-f99of100-d3of4,6,C6,True,0,0.9902889811261649,66,0.12790697674418605,27,104,0.25961538461538464,0.1504155660050505,43342,7266,451,1,accepted,,False,fresh_execution,stage18-scaling-24a9adb84176,4,6,8650,612
612,s4-step8650-f99of100-d3of4,7,C7,False,0,1.0,100,,1,4,0.25,,50000,6658,417,1,budget_exhaustion,requested_member_7_budget_exhaustion,False,fresh_execution,stage18-scaling-24a9adb84176,4,6,8650,612
613,s4-step9050-f4of5-d1of4,1,C1,True,0,0.8123580546636385,44,0.08527131782945736,0,1,0.0,,7596,7596,473,1,accepted,,False,fresh_execution,stage18-scaling-24a9adb84176,4,7,9050,613
613,s4-step9050-f4of5-d1of4,2,C2,True,0,0.8104785026235414,47,0.09108527131782945,2,11,0.18181818181818182,0.18181818181818182,15147,7551,470,1,accepted,,False,fresh_execution,stage18-scaling-24a9adb84176,4,7,9050,613
613,s4-step9050-f4of5-d1of4,3,C3,True,0,0.8011590570913932,51,0.09883720930232558,9,40,0.225,0.21376582278481013,22638,7491,466,1,accepted,,False,fresh_execution,stage18-scaling-24a9adb84176,4,7,9050,613
613,s4-step9050-f4of5-d1of4,4,C4,False,1,1.0,365,,35,374,0.09358288770053476,,32638,10000,624,2,budget_exhaustion,requested_member_4_budget_exhaustion,False,fresh_execution,stage18-scaling-24a9adb84176,4,7,9050,613
614,s4-step9050-f4of5-d1of2,1,C1,True,0,0.8123580546636385,44,0.08527131782945736,0,1,0.0,,7596,7596,473,1,accepted,,False,fresh_execution,stage18-scaling-24a9adb84176,4,7,9050,614
614,s4-step9050-f4of5-d1of2,2,C2,True,0,0.8104785026235414,47,0.09108527131782945,2,11,0.18181818181818182,0.18181818181818182,15147,7551,470,1,accepted,,False,fresh_execution,stage18-scaling-24a9adb84176,4,7,9050,614
614,s4-step9050-f4of5-d1of2,3,C3,True,0,0.8011590570913932,51,0.09883720930232558,9,40,0.225,0.21376582278481013,22638,7491,466,1,accepted,,False,fresh_execution,stage18-scaling-24a9adb84176,4,7,9050,614
614,s4-step9050-f4of5-d1of2,4,C4,True,0,0.8114965933119274,45,0.0872093023255814,21,68,0.3088235294117647,0.23960619921156034,30219,7581,472,1,accepted,,False,fresh_execution,stage18-scaling-24a9adb84176,4,7,9050,614
614,s4-step9050-f4of5-d1of2,5,C5,True,0,0.8104785026235414,48,0.09302325581395349,1,3,0.3333333333333333,0.24914356476856475,37755,7536,469,1,accepted,,False,fresh_execution,stage18-scaling-24a9adb84176,4,7,9050,614
614,s4-step9050-f4of5-d1of2,6,C6,True,0,0.8104785026235414,47,0.09108527131782945,20,71,0.28169014084507044,0.21300174111553036,45306,7551,470,1,accepted,,False,fresh_execution,stage18-scaling-24a9adb84176,4,7,9050,614
614,s4-step9050-f4of5-d1of2,7,C7,False,0,1.0,223,,8,59,0.13559322033898305,,50000,4694,294,1,budget_exhaustion,requested_member_7_budget_exhaustion,False,fresh_execution,stage18-scaling-24a9adb84176,4,7,9050,614
615,s4-step9050-f4of5-d3of4,1,C1,True,0,0.8123580546636385,44,0.08527131782945736,0,1,0.0,,7596,7596,473,1,accepted,,False,fresh_execution,stage18-scaling-24a9adb84176,4,7,9050,615
615,s4-step9050-f4of5-d3of4,2,C2,True,0,0.8104785026235414,47,0.09108527131782945,2,11,0.18181818181818182,0.18181818181818182,15147,7551,470,1,accepted,,False,fresh_execution,stage18-scaling-24a9adb84176,4,7,9050,615
615,s4-step9050-f4of5-d3of4,3,C3,True,0,0.8011590570913932,51,0.09883720930232558,9,40,0.225,0.21376582278481013,22638,7491,466,1,accepted,,False,fresh_execution,stage18-scaling-24a9adb84176,4,7,9050,615
615,s4-step9050-f4of5-d3of4,4,C4,True,0,0.8114965933119274,45,0.0872093023255814,21,68,0.3088235294117647,0.23960619921156034,30219,7581,472,1,accepted,,False,fresh_execution,stage18-scaling-24a9adb84176,4,7,9050,615
615,s4-step9050-f4of5-d3of4,5,C5,True,0,0.8104785026235414,48,0.09302325581395349,1,3,0.3333333333333333,0.24914356476856475,37755,7536,469,1,accepted,,False,fresh_execution,stage18-scaling-24a9adb84176,4,7,9050,615
615,s4-step9050-f4of5-d3of4,6,C6,True,0,0.8104785026235414,47,0.09108527131782945,20,71,0.28169014084507044,0.21300174111553036,45306,7551,470,1,accepted,,False,fresh_execution,stage18-scaling-24a9adb84176,4,7,9050,615
615,s4-step9050-f4of5-d3of4,7,C7,False,0,1.0,223,,8,59,0.13559322033898305,,50000,4694,294,1,budget_exhaustion,requested_member_7_budget_exhaustion,False,fresh_execution,stage18-scaling-24a9adb84176,4,7,9050,615
616,s4-step9050-f17of20-d1of4,1,C1,True,0,0.8529250528624012,48,0.09302325581395349,0,1,0.0,,7536,7536,469,1,accepted,,False,fresh_execution,stage18-scaling-24a9adb84176,4,7,9050,616
616,s4-step9050-f17of20-d1of4,2,C2,True,0,0.8522985355157021,49,0.09496124031007752,16,81,0.19753086419753085,0.19753086419753085,15057,7521,468,1,accepted,,False,fresh_execution,stage18-scaling-24a9adb84176,4,7,9050,616
616,s4-step9050-f17of20-d1of4,3,C3,True,0,0.8577805622993186,51,0.09883720930232558,19,80,0.2375,0.1934626436781609,22548,7491,466,1,accepted,,False,fresh_execution,stage18-scaling-24a9adb84176,4,7,9050,616
616,s4-step9050-f17of20-d1of4,4,C4,False,1,1.0,358,,39,367,0.10626702997275204,,32548,10000,623,2,budget_exhaustion,requested_member_4_budget_exhaustion,False,fresh_execution,stage18-scaling-24a9adb84176,4,7,9050,616
617,s4-step9050-f17of20-d1of2,1,C1,True,0,0.8529250528624012,48,0.09302325581395349,0,1,0.0,,7536,7536,469,1,accepted,,False,fresh_execution,stage18-scaling-24a9adb84176,4,7,9050,617
617,s4-step9050-f17of20-d1of2,2,C2,True,0,0.8522985355157021,49,0.09496124031007752,16,81,0.19753086419753085,0.19753086419753085,15057,7521,468,1,accepted,,False,fresh_execution,stage18-scaling-24a9adb84176,4,7,9050,617
617,s4-step9050-f17of20-d1of2,3,C3,True,0,0.8577805622993186,51,0.09883720930232558,19,80,0.2375,0.1934626436781609,22548,7491,466,1,accepted,,False,fresh_execution,stage18-scaling-24a9adb84176,4,7,9050,617
617,s4-step9050-f17of20-d1of2,4,C4,True,0,0.8527684235257263,53,0.10271317829457365,21,80,0.2625,0.20115103964871497,30009,7461,464,1,accepted,,False,fresh_execution,stage18-scaling-24a9adb84176,4,7,9050,617
617,s4-step9050-f17of20-d1of2,5,C5,True,0,0.8523768501840395,49,0.09496124031007752,14,83,0.1686746987951807,0.1576989777290982,37530,7521,468,1,accepted,,False,fresh_execution,stage18-scaling-24a9adb84176,4,7,9050,617
617,s4-step9050-f17of20-d1of2,6,C6,True,0,0.8555094369175347,53,0.10271317829457365,19,82,0.23170731707317074,0.1767762460233298,44991,7461,464,1,accepted,,False,fresh_execution,stage18-scaling-24a9adb84176,4,7,9050,617
617,s4-step9050-f17of20-d1of2,7,C7,False,0,1.0,203,,33,223,0.14798206278026907,,50000,5009,314,1,budget_exhaustion,requested_member_7_budget_exhaustion,False,fresh_execution,stage18-scaling-24a9adb84176,4,7,9050,617
618,s4-step9050-f17of20-d3of4,1,C1,True,0,0.8529250528624012,48,0.09302325581395349,0,1,0.0,,7536,7536,469,1,accepted,,False,fresh_execution,stage18-scaling-24a9adb84176,4,7,9050,618
618,s4-step9050-f17of20-d3of4,2,C2,True,0,0.8522985355157021,49,0.09496124031007752,16,81,0.19753086419753085,0.19753086419753085,15057,7521,468,1,accepted,,False,fresh_execution,stage18-scaling-24a9adb84176,4,7,9050,618
618,s4-step9050-f17of20-d3of4,3,C3,True,0,0.8577805622993186,51,0.09883720930232558,19,80,0.2375,0.1934626436781609,22548,7491,466,1,accepted,,False,fresh_execution,stage18-scaling-24a9adb84176,4,7,9050,618
618,s4-step9050-f17of20-d3of4,4,C4,True,0,0.8527684235257263,53,0.10271317829457365,21,80,0.2625,0.20115103964871497,30009,7461,464,1,accepted,,False,fresh_execution,stage18-scaling-24a9adb84176,4,7,9050,618
618,s4-step9050-f17of20-d3of4,5,C5,True,0,0.8523768501840395,49,0.09496124031007752,14,83,0.1686746987951807,0.1576989777290982,37530,7521,468,1,accepted,,False,fresh_execution,stage18-scaling-24a9adb84176,4,7,9050,618
618,s4-step9050-f17of20-d3of4,6,C6,True,0,0.8555094369175347,53,0.10271317829457365,19,82,0.23170731707317074,0.1767762460233298,44991,7461,464,1,accepted,,False,fresh_execution,stage18-scaling-24a9adb84176,4,7,9050,618
618,s4-step9050-f17of20-d3of4,7,C7,False,0,1.0,203,,33,223,0.14798206278026907,,50000,5009,314,1,budget_exhaustion,requested_member_7_budget_exhaustion,False,fresh_execution,stage18-scaling-24a9adb84176,4,7,9050,618
619,s4-step9050-f9of10-d1of4,1,C1,True,0,0.905709139321795,53,0.10271317829457365,0,1,0.0,,7461,7461,464,1,accepted,,False,fresh_execution,stage18-scaling-24a9adb84176,4,7,9050,619
619,s4-step9050-f9of10-d1of4,2,C2,True,0,0.9020283499099381,53,0.10271317829457365,15,91,0.16483516483516483,0.16483516483516483,14922,7461,464,1,accepted,,False,fresh_execution,stage18-scaling-24a9adb84176,4,7,9050,619
619,s4-step9050-f9of10-d1of4,3,C3,True,0,0.9065706006735061,54,0.10465116279069768,19,88,0.2159090909090909,0.2023989898989899,22368,7446,463,1,accepted,,False,fresh_execution,stage18-scaling-24a9adb84176,4,7,9050,619
619,s4-step9050-f9of10-d1of4,4,C4,True,0,0.9028898112616494,55,0.1065891472868217,1,5,0.2,0.186231884057971,29799,7431,462,1,accepted,,False,fresh_execution,stage18-scaling-24a9adb84176,4,7,9050,619
619,s4-step9050-f9of10-d1of4,5,C5,True,0,0.911895998120448,55,0.1065891472868217,5,22,0.22727272727272727,0.18657937510470007,37230,7431,462,1,accepted,,False,fresh_execution,stage18-scaling-24a9adb84176,4,7,9050,619
619,s4-step9050-f9of10-d1of4,6,C6,False,1,1.0,358,,44,367,0.11989100817438691,,47230,10000,623,2,budget_exhaustion,requested_member_6_budget_exhaustion,False,fresh_execution,stage18-scaling-24a9adb84176,4,7,9050,619
620,s4-step9050-f9of10-d1of2,1,C1,True,0,0.905709139321795,53,0.10271317829457365,0,1,0.0,,7461,7461,464,1,accepted,,False,fresh_execution,stage18-scaling-24a9adb84176,4,7,9050,620
620,s4-step9050-f9of10-d1of2,2,C2,True,0,0.9020283499099381,53,0.10271317829457365,15,91,0.16483516483516483,0.16483516483516483,14922,7461,464,1,accepted,,False,fresh_execution,stage18-scaling-24a9adb84176,4,7,9050,620
620,s4-step9050-f9of10-d1of2,3,C3,True,0,0.9065706006735061,54,0.10465116279069768,19,88,0.2159090909090909,0.2023989898989899,22368,7446,463,1,accepted,,False,fresh_execution,stage18-scaling-24a9adb84176,4,7,9050,620
620,s4-step9050-f9of10-d1of2,4,C4,True,0,0.9028898112616494,55,0.1065891472868217,1,5,0.2,0.186231884057971,29799,7431,462,1,accepted,,False,fresh_execution,stage18-scaling-24a9adb84176,4,7,9050,620
620,s4-step9050-f9of10-d1of2,5,C5,True,0,0.911895998120448,55,0.1065891472868217,5,22,0.22727272727272727,0.18657937510470007,37230,7431,462,1,accepted,,False,fresh_execution,stage18-scaling-24a9adb84176,4,7,9050,620
620,s4-step9050-f9of10-d1of2,6,C6,True,0,0.9020283499099381,53,0.10271317829457365,25,81,0.30864197530864196,0.21265214156437084,44691,7461,464,1,accepted,,False,fresh_execution,stage18-scaling-24a9adb84176,4,7,9050,620
620,s4-step9050-f9of10-d1of2,7,C7,False,0,1.0,185,,19,100,0.19,,50000,5309,332,1,budget_exhaustion,requested_member_7_budget_exhaustion,False,fresh_execution,stage18-scaling-24a9adb84176,4,7,9050,620
621,s4-step9050-f9of10-d3of4,1,C1,True,0,0.905709139321795,53,0.10271317829457365,0,1,0.0,,7461,7461,464,1,accepted,,False,fresh_execution,stage18-scaling-24a9adb84176,4,7,9050,621
621,s4-step9050-f9of10-d3of4,2,C2,True,0,0.9020283499099381,53,0.10271317829457365,15,91,0.16483516483516483,0.16483516483516483,14922,7461,464,1,accepted,,False,fresh_execution,stage18-scaling-24a9adb84176,4,7,9050,621
621,s4-step9050-f9of10-d3of4,3,C3,True,0,0.9065706006735061,54,0.10465116279069768,19,88,0.2159090909090909,0.2023989898989899,22368,7446,463,1,accepted,,False,fresh_execution,stage18-scaling-24a9adb84176,4,7,9050,621
621,s4-step9050-f9of10-d3of4,4,C4,True,0,0.9028898112616494,55,0.1065891472868217,1,5,0.2,0.186231884057971,29799,7431,462,1,accepted,,False,fresh_execution,stage18-scaling-24a9adb84176,4,7,9050,621
621,s4-step9050-f9of10-d3of4,5,C5,True,0,0.911895998120448,55,0.1065891472868217,5,22,0.22727272727272727,0.18657937510470007,37230,7431,462,1,accepted,,False,fresh_execution,stage18-scaling-24a9adb84176,4,7,9050,621
621,s4-step9050-f9of10-d3of4,6,C6,True,0,0.9020283499099381,53,0.10271317829457365,25,81,0.30864197530864196,0.21265214156437084,44691,7461,464,1,accepted,,False,fresh_execution,stage18-scaling-24a9adb84176,4,7,9050,621
621,s4-step9050-f9of10-d3of4,7,C7,False,0,1.0,185,,19,100,0.19,,50000,5309,332,1,budget_exhaustion,requested_member_7_budget_exhaustion,False,fresh_execution,stage18-scaling-24a9adb84176,4,7,9050,621
622,s4-step9050-f19of20-d1of4,1,C1,True,0,0.9523063669825358,63,0.12209302325581395,0,1,0.0,,7311,7311,454,1,accepted,,False,fresh_execution,stage18-scaling-24a9adb84176,4,7,9050,622
622,s4-step9050-f19of20-d1of4,2,C2,True,0,0.9580233377711646,60,0.11627906976744186,8,115,0.06956521739130435,0.06956521739130435,14667,7356,457,1,accepted,,False,fresh_execution,stage18-scaling-24a9adb84176,4,7,9050,622
622,s4-step9050-f19of20-d1of4,3,C3,True,0,0.9523846816508732,61,0.1182170542635659,4,27,0.14814814814814814,0.12407407407407407,22008,7341,456,1,accepted,,False,fresh_execution,stage18-scaling-24a9adb84176,4,7,9050,622
622,s4-step9050-f19of20-d1of4,4,C4,True,0,0.9514449056308246,68,0.13178294573643412,17,114,0.14912280701754385,0.13124841088227815,29260,7252,449,1,accepted,,False,fresh_execution,stage18-scaling-24a9adb84176,4,7,9050,622
622,s4-step9050-f19of20-d1of4,5,C5,True,0,0.9595113164695748,66,0.12790697674418605,25,104,0.2403846153846154,0.16652886260062438,36526,7266,451,1,accepted,,False,fresh_execution,stage18-scaling-24a9adb84176,4,7,9050,622
622,s4-step9050-f19of20-d1of4,6,C6,True,0,0.9534810870075965,63,0.12209302325581395,11,52,0.21153846153846154,0.17305817901702822,43837,7311,454,1,accepted,,False,fresh_execution,stage18-scaling-24a9adb84176,4,7,9050,622
622,s4-step9050-f19of20-d1of4,7,C7,False,0,1.0,131,,37,157,0.2356687898089172,,50000,6163,386,1,budget_exhaustion,requested_member_7_budget_exhaustion,False,fresh_execution,stage18-scaling-24a9adb84176,4,7,9050,622
623,s4-step9050-f19of20-d1of2,1,C1,True,0,0.9523063669825358,63,0.12209302325581395,0,1,0.0,,7311,7311,454,1,accepted,,False,fresh_execution,stage18-scaling-24a9adb84176,4,7,9050,623
623,s4-step9050-f19of20-d1of2,2,C2,True,0,0.9580233377711646,60,0.11627906976744186,8,115,0.06956521739130435,0.06956521739130435,14667,7356,457,1,accepted,,False,fresh_execution,stage18-scaling-24a9adb84176,4,7,9050,623
623,s4-step9050-f19of20-d1of2,3,C3,True,0,0.9523846816508732,61,0.1182170542635659,4,27,0.14814814814814814,0.12407407407407407,22008,7341,456,1,accepted,,False,fresh_execution,stage18-scaling-24a9adb84176,4,7,9050,623
623,s4-step9050-f19of20-d1of2,4,C4,True,0,0.9514449056308246,68,0.13178294573643412,17,114,0.14912280701754385,0.13124841088227815,29260,7252,449,1,accepted,,False,fresh_execution,stage18-scaling-24a9adb84176,4,7,9050,623
623,s4-step9050-f19of20-d1of2,5,C5,True,0,0.9595113164695748,66,0.12790697674418605,25,104,0.2403846153846154,0.16652886260062438,36526,7266,451,1,accepted,,False,fresh_execution,stage18-scaling-24a9adb84176,4,7,9050,623
623,s4-step9050-f19of20-d1of2,6,C6,True,0,0.9534810870075965,63,0.12209302325581395,11,52,0.21153846153846154,0.17305817901702822,43837,7311,454,1,accepted,,False,fresh_execution,stage18-scaling-24a9adb84176,4,7,9050,623
623,s4-step9050-f19of20-d1of2,7,C7,False,0,1.0,131,,37,157,0.2356687898089172,,50000,6163,386,1,budget_exhaustion,requested_member_7_budget_exhaustion,False,fresh_execution,stage18-scaling-24a9adb84176,4,7,9050,623
624,s4-step9050-f19of20-d3of4,1,C1,True,0,0.9523063669825358,63,0.12209302325581395,0,1,0.0,,7311,7311,454,1,accepted,,False,fresh_execution,stage18-scaling-24a9adb84176,4,7,9050,624
624,s4-step9050-f19of20-d3of4,2,C2,True,0,0.9580233377711646,60,0.11627906976744186,8,115,0.06956521739130435,0.06956521739130435,14667,7356,457,1,accepted,,False,fresh_execution,stage18-scaling-24a9adb84176,4,7,9050,624
624,s4-step9050-f19of20-d3of4,3,C3,True,0,0.9523846816508732,61,0.1182170542635659,4,27,0.14814814814814814,0.12407407407407407,22008,7341,456,1,accepted,,False,fresh_execution,stage18-scaling-24a9adb84176,4,7,9050,624
624,s4-step9050-f19of20-d3of4,4,C4,True,0,0.9514449056308246,68,0.13178294573643412,17,114,0.14912280701754385,0.13124841088227815,29260,7252,449,1,accepted,,False,fresh_execution,stage18-scaling-24a9adb84176,4,7,9050,624
624,s4-step9050-f19of20-d3of4,5,C5,True,0,0.9595113164695748,66,0.12790697674418605,25,104,0.2403846153846154,0.16652886260062438,36526,7266,451,1,accepted,,False,fresh_execution,stage18-scaling-24a9adb84176,4,7,9050,624
624,s4-step9050-f19of20-d3of4,6,C6,True,0,0.9534810870075965,63,0.12209302325581395,11,52,0.21153846153846154,0.17305817901702822,43837,7311,454,1,accepted,,False,fresh_execution,stage18-scaling-24a9adb84176,4,7,9050,624
624,s4-step9050-f19of20-d3of4,7,C7,False,0,1.0,131,,37,157,0.2356687898089172,,50000,6163,386,1,budget_exhaustion,requested_member_7_budget_exhaustion,False,fresh_execution,stage18-scaling-24a9adb84176,4,7,9050,624
625,s4-step9050-f39of40-d1of4,1,C1,True,0,0.976270655493774,69,0.13372093023255813,0,1,0.0,,7221,7221,448,1,accepted,,False,fresh_execution,stage18-scaling-24a9adb84176,4,7,9050,625
625,s4-step9050-f39of40-d1of4,2,C2,True,0,0.9759573968204245,67,0.1298449612403101,5,63,0.07936507936507936,0.07936507936507936,14472,7251,450,1,accepted,,False,fresh_execution,stage18-scaling-24a9adb84176,4,7,9050,625
625,s4-step9050-f39of40-d1of4,3,C3,True,0,0.975644138147075,69,0.13372093023255813,1,7,0.14285714285714285,0.1370023419203747,21725,7253,448,1,accepted,,False,fresh_execution,stage18-scaling-24a9adb84176,4,7,9050,625
625,s4-step9050-f39of40-d1of4,4,C4,True,0,0.9758007674837497,68,0.13178294573643412,22,115,0.19130434782608696,0.12551801915534683,28977,7252,449,1,accepted,,False,fresh_execution,stage18-scaling-24a9adb84176,4,7,9050,625
625,s4-step9050-f39of40-d1of4,5,C5,True,0,0.9780718928655338,66,0.12790697674418605,23,112,0.20535714285714285,0.1463626418048355,36259,7282,451,1,accepted,,False,fresh_execution,stage18-scaling-24a9adb84176,4,7,9050,625
625,s4-step9050-f39of40-d1of4,6,C6,True,0,0.9758790821520871,71,0.1375968992248062,27,113,0.23893805309734514,0.156022316737022,43450,7191,446,1,accepted,,False,fresh_execution,stage18-scaling-24a9adb84176,4,7,9050,625
625,s4-step9050-f39of40-d1of4,7,C7,False,0,0.9996084266583131,107,,35,141,0.24822695035460993,,50000,6550,410,1,budget_exhaustion,requested_member_7_budget_exhaustion,False,fresh_execution,stage18-scaling-24a9adb84176,4,7,9050,625
626,s4-step9050-f39of40-d1of2,1,C1,True,0,0.976270655493774,69,0.13372093023255813,0,1,0.0,,7221,7221,448,1,accepted,,False,fresh_execution,stage18-scaling-24a9adb84176,4,7,9050,626
626,s4-step9050-f39of40-d1of2,2,C2,True,0,0.9759573968204245,67,0.1298449612403101,5,63,0.07936507936507936,0.07936507936507936,14472,7251,450,1,accepted,,False,fresh_execution,stage18-scaling-24a9adb84176,4,7,9050,626
626,s4-step9050-f39of40-d1of2,3,C3,True,0,0.975644138147075,69,0.13372093023255813,1,7,0.14285714285714285,0.1370023419203747,21725,7253,448,1,accepted,,False,fresh_execution,stage18-scaling-24a9adb84176,4,7,9050,626
626,s4-step9050-f39of40-d1of2,4,C4,True,0,0.9758007674837497,68,0.13178294573643412,22,115,0.19130434782608696,0.12551801915534683,28977,7252,449,1,accepted,,False,fresh_execution,stage18-scaling-24a9adb84176,4,7,9050,626
626,s4-step9050-f39of40-d1of2,5,C5,True,0,0.9780718928655338,66,0.12790697674418605,23,112,0.20535714285714285,0.1463626418048355,36259,7282,451,1,accepted,,False,fresh_execution,stage18-scaling-24a9adb84176,4,7,9050,626
626,s4-step9050-f39of40-d1of2,6,C6,True,0,0.9758790821520871,71,0.1375968992248062,27,113,0.23893805309734514,0.156022316737022,43450,7191,446,1,accepted,,False,fresh_execution,stage18-scaling-24a9adb84176,4,7,9050,626
626,s4-step9050-f39of40-d1of2,7,C7,False,0,0.9996084266583131,107,,35,141,0.24822695035460993,,50000,6550,410,1,budget_exhaustion,requested_member_7_budget_exhaustion,False,fresh_execution,stage18-scaling-24a9adb84176,4,7,9050,626
627,s4-step9050-f39of40-d3of4,1,C1,True,0,0.976270655493774,69,0.13372093023255813,0,1,0.0,,7221,7221,448,1,accepted,,False,fresh_execution,stage18-scaling-24a9adb84176,4,7,9050,627
627,s4-step9050-f39of40-d3of4,2,C2,True,0,0.9759573968204245,67,0.1298449612403101,5,63,0.07936507936507936,0.07936507936507936,14472,7251,450,1,accepted,,False,fresh_execution,stage18-scaling-24a9adb84176,4,7,9050,627
627,s4-step9050-f39of40-d3of4,3,C3,True,0,0.975644138147075,69,0.13372093023255813,1,7,0.14285714285714285,0.1370023419203747,21725,7253,448,1,accepted,,False,fresh_execution,stage18-scaling-24a9adb84176,4,7,9050,627
627,s4-step9050-f39of40-d3of4,4,C4,True,0,0.9758007674837497,68,0.13178294573643412,22,115,0.19130434782608696,0.12551801915534683,28977,7252,449,1,accepted,,False,fresh_execution,stage18-scaling-24a9adb84176,4,7,9050,627
627,s4-step9050-f39of40-d3of4,5,C5,True,0,0.9780718928655338,66,0.12790697674418605,23,112,0.20535714285714285,0.1463626418048355,36259,7282,451,1,accepted,,False,fresh_execution,stage18-scaling-24a9adb84176,4,7,9050,627
627,s4-step9050-f39of40-d3of4,6,C6,True,0,0.9758790821520871,71,0.1375968992248062,27,113,0.23893805309734514,0.156022316737022,43450,7191,446,1,accepted,,False,fresh_execution,stage18-scaling-24a9adb84176,4,7,9050,627
627,s4-step9050-f39of40-d3of4,7,C7,False,0,0.9996084266583131,107,,35,141,0.24822695035460993,,50000,6550,410,1,budget_exhaustion,requested_member_7_budget_exhaustion,False,fresh_execution,stage18-scaling-24a9adb84176,4,7,9050,627
628,s4-step9050-f99of100-d1of4,1,C1,True,0,0.9902106664578275,74,0.1434108527131783,0,1,0.0,,7146,7146,443,1,accepted,,False,fresh_execution,stage18-scaling-24a9adb84176,4,7,9050,628
628,s4-step9050-f99of100-d1of4,2,C2,True,0,0.9906805544678519,80,0.15503875968992248,6,71,0.08450704225352113,0.08450704225352113,14218,7072,437,1,accepted,,False,fresh_execution,stage18-scaling-24a9adb84176,4,7,9050,628
628,s4-step9050-f99of100-d1of4,3,C3,True,0,0.9902889811261649,80,0.15503875968992248,3,19,0.15789473684210525,0.12316505549588255,21274,7056,437,1,accepted,,False,fresh_execution,stage18-scaling-24a9adb84176,4,7,9050,628
628,s4-step9050-f99of100-d1of4,4,C4,True,0,0.9913853864828882,80,0.15503875968992248,1,6,0.16666666666666666,0.13750985027580773,28346,7072,437,1,accepted,,False,fresh_execution,stage18-scaling-24a9adb84176,4,7,9050,628
628,s4-step9050-f99of100-d1of4,5,C5,True,0,0.9908371838045266,77,0.14922480620155038,22,129,0.17054263565891473,0.13177535319552136,35463,7117,440,1,accepted,,False,fresh_execution,stage18-scaling-24a9adb84176,4,7,9050,628
628,s4-step9050-f99of100-d1of4,6,C6,True,0,0.9900540371211528,82,0.15891472868217055,1,5,0.2,0.13618794742313234,42505,7042,435,1,accepted,,False,fresh_execution,stage18-scaling-24a9adb84176,4,7,9050,628
628,s4-step9050-f99of100-d1of4,7,C7,True,0,0.9909938131412014,79,0.15310077519379844,29,124,0.23387096774193547,0.14337906286176147,49576,7071,438,1,accepted,,False,fresh_execution,stage18-scaling-24a9adb84176,4,7,9050,628
628,s4-step9050-f99of100-d1of4,8,C8,False,0,1.0,490,,8,49,0.16326530612244897,,50000,424,27,1,budget_exhaustion,requested_member_8_budget_exhaustion,False,fresh_execution,stage18-scaling-24a9adb84176,4,7,9050,628
629,s4-step9050-f99of100-d1of2,1,C1,True,0,0.9902106664578275,74,0.1434108527131783,0,1,0.0,,7146,7146,443,1,accepted,,False,fresh_execution,stage18-scaling-24a9adb84176,4,7,9050,629
629,s4-step9050-f99of100-d1of2,2,C2,True,0,0.9906805544678519,80,0.15503875968992248,6,71,0.08450704225352113,0.08450704225352113,14218,7072,437,1,accepted,,False,fresh_execution,stage18-scaling-24a9adb84176,4,7,9050,629
629,s4-step9050-f99of100-d1of2,3,C3,True,0,0.9902889811261649,80,0.15503875968992248,3,19,0.15789473684210525,0.12316505549588255,21274,7056,437,1,accepted,,False,fresh_execution,stage18-scaling-24a9adb84176,4,7,9050,629
629,s4-step9050-f99of100-d1of2,4,C4,True,0,0.9913853864828882,80,0.15503875968992248,1,6,0.16666666666666666,0.13750985027580773,28346,7072,437,1,accepted,,False,fresh_execution,stage18-scaling-24a9adb84176,4,7,9050,629
629,s4-step9050-f99of100-d1of2,5,C5,True,0,0.9908371838045266,77,0.14922480620155038,22,129,0.17054263565891473,0.13177535319552136,35463,7117,440,1,accepted,,False,fresh_execution,stage18-scaling-24a9adb84176,4,7,9050,629
629,s4-step9050-f99of100-d1of2,6,C6,True,0,0.9900540371211528,82,0.15891472868217055,1,5,0.2,0.13618794742313234,42505,7042,435,1,accepted,,False,fresh_execution,stage18-scaling-24a9adb84176,4,7,9050,629
629,s4-step9050-f99of100-d1of2,7,C7,True,0,0.9909938131412014,79,0.15310077519379844,29,124,0.23387096774193547,0.14337906286176147,49576,7071,438,1,accepted,,False,fresh_execution,stage18-scaling-24a9adb84176,4,7,9050,629
629,s4-step9050-f99of100-d1of2,8,C8,False,0,1.0,490,,8,49,0.16326530612244897,,50000,424,27,1,budget_exhaustion,requested_member_8_budget_exhaustion,False,fresh_execution,stage18-scaling-24a9adb84176,4,7,9050,629
630,s4-step9050-f99of100-d3of4,1,C1,True,0,0.9902106664578275,74,0.1434108527131783,0,1,0.0,,7146,7146,443,1,accepted,,False,fresh_execution,stage18-scaling-24a9adb84176,4,7,9050,630
630,s4-step9050-f99of100-d3of4,2,C2,True,0,0.9906805544678519,80,0.15503875968992248,6,71,0.08450704225352113,0.08450704225352113,14218,7072,437,1,accepted,,False,fresh_execution,stage18-scaling-24a9adb84176,4,7,9050,630
630,s4-step9050-f99of100-d3of4,3,C3,True,0,0.9902889811261649,80,0.15503875968992248,3,19,0.15789473684210525,0.12316505549588255,21274,7056,437,1,accepted,,False,fresh_execution,stage18-scaling-24a9adb84176,4,7,9050,630
630,s4-step9050-f99of100-d3of4,4,C4,True,0,0.9913853864828882,80,0.15503875968992248,1,6,0.16666666666666666,0.13750985027580773,28346,7072,437,1,accepted,,False,fresh_execution,stage18-scaling-24a9adb84176,4,7,9050,630
630,s4-step9050-f99of100-d3of4,5,C5,True,0,0.9908371838045266,77,0.14922480620155038,22,129,0.17054263565891473,0.13177535319552136,35463,7117,440,1,accepted,,False,fresh_execution,stage18-scaling-24a9adb84176,4,7,9050,630
630,s4-step9050-f99of100-d3of4,6,C6,True,0,0.9900540371211528,82,0.15891472868217055,1,5,0.2,0.13618794742313234,42505,7042,435,1,accepted,,False,fresh_execution,stage18-scaling-24a9adb84176,4,7,9050,630
630,s4-step9050-f99of100-d3of4,7,C7,True,0,0.9909938131412014,79,0.15310077519379844,29,124,0.23387096774193547,0.14337906286176147,49576,7071,438,1,accepted,,False,fresh_execution,stage18-scaling-24a9adb84176,4,7,9050,630
630,s4-step9050-f99of100-d3of4,8,C8,False,0,1.0,490,,8,49,0.16326530612244897,,50000,424,27,1,budget_exhaustion,requested_member_8_budget_exhaustion,False,fresh_execution,stage18-scaling-24a9adb84176,4,7,9050,630
