cell_id,cell_index,circuit_i,circuit_j,maximum_absolute_difference,maximum_distance_subset,q1_absolute_difference,q2_absolute_difference,q3_absolute_difference,q4_absolute_difference,same_primary_transfer_group,stage18_run_id,model_seed,checkpoint_index,checkpoint_step,global_cell_index
s0-step7450-f4of5-d1of4,37,C1,C2,0.04623724489795922,Q4,0.01231148045552477,0.02036340852130325,0.020676691729323293,0.04623724489795922,True,stage18-scaling-24a9adb84176,0,3,7450,37
s0-step7450-f4of5-d1of4,37,C1,C3,0.030612244897959218,Q4,0.01600492459218228,0.0,0.0025062656641603454,0.030612244897959218,True,stage18-scaling-24a9adb84176,0,3,7450,37
s0-step7450-f4of5-d1of4,37,C2,C3,0.02036340852130325,Q2,0.003693444136657509,0.02036340852130325,0.018170426065162948,0.015625,True,stage18-scaling-24a9adb84176,0,3,7450,37
s0-step7450-f4of5-d1of2,38,C1,C2,0.04623724489795922,Q4,0.01231148045552477,0.02036340852130325,0.020676691729323293,0.04623724489795922,True,stage18-scaling-24a9adb84176,0,3,7450,38
s0-step7450-f4of5-d1of2,38,C1,C3,0.030612244897959218,Q4,0.01600492459218228,0.0,0.0025062656641603454,0.030612244897959218,True,stage18-scaling-24a9adb84176,0,3,7450,38
s0-step7450-f4of5-d1of2,38,C1,C4,0.033482142857142905,Q4,0.02462296091104954,0.005952380952381042,0.006265664160401085,0.033482142857142905,True,stage18-scaling-24a9adb84176,0,3,7450,38
s0-step7450-f4of5-d1of2,38,C1,C5,0.020727040816326592,Q4,0.020621729763004026,0.003446115288220475,0.005639097744360888,0.020727040816326592,True,stage18-scaling-24a9adb84176,0,3,7450,38
s0-step7450-f4of5-d1of2,38,C1,C6,0.0458602646968298,Q1,0.0458602646968298,0.01566416040100249,0.014097744360902165,0.036033163265306145,True,stage18-scaling-24a9adb84176,0,3,7450,38
s0-step7450-f4of5-d1of2,38,C2,C3,0.02036340852130325,Q2,0.003693444136657509,0.02036340852130325,0.018170426065162948,0.015625,True,stage18-scaling-24a9adb84176,0,3,7450,38
s0-step7450-f4of5-d1of2,38,C2,C4,0.02694235588972438,Q3,0.01231148045552477,0.026315789473684292,0.02694235588972438,0.012755102040816313,True,stage18-scaling-24a9adb84176,0,3,7450,38
s0-step7450-f4of5-d1of2,38,C2,C5,0.025510204081632626,Q4,0.008310249307479256,0.016917293233082775,0.015037593984962405,0.025510204081632626,True,stage18-scaling-24a9adb84176,0,3,7450,38
s0-step7450-f4of5-d1of2,38,C2,C6,0.03354878424130503,Q1,0.03354878424130503,0.0046992481203007586,0.006578947368421129,0.010204081632653073,True,stage18-scaling-24a9adb84176,0,3,7450,38
s0-step7450-f4of5-d1of2,38,C3,C4,0.00877192982456143,Q3,0.008618036318867262,0.005952380952381042,0.00877192982456143,0.002869897959183687,True,stage18-scaling-24a9adb84176,0,3,7450,38
s0-step7450-f4of5-d1of2,38,C3,C5,0.009885204081632626,Q4,0.004616805170821747,0.003446115288220475,0.0031328320802005427,0.009885204081632626,True,stage18-scaling-24a9adb84176,0,3,7450,38
s0-step7450-f4of5-d1of2,38,C3,C6,0.02985534010464752,Q1,0.02985534010464752,0.01566416040100249,0.01159147869674182,0.0054209183673469274,True,stage18-scaling-24a9adb84176,0,3,7450,38
s0-step7450-f4of5-d1of2,38,C4,C5,0.012755102040816313,Q4,0.004001231148045514,0.009398496240601517,0.011904761904761973,0.012755102040816313,True,stage18-scaling-24a9adb84176,0,3,7450,38
s0-step7450-f4of5-d1of2,38,C4,C6,0.021616541353383534,Q2,0.02123730378578026,0.021616541353383534,0.02036340852130325,0.0025510204081632404,True,stage18-scaling-24a9adb84176,0,3,7450,38
s0-step7450-f4of5-d1of2,38,C5,C6,0.025238534933825774,Q1,0.025238534933825774,0.012218045112782017,0.008458646616541277,0.015306122448979553,True,stage18-scaling-24a9adb84176,0,3,7450,38
s0-step7450-f4of5-d3of4,39,C1,C2,0.04623724489795922,Q4,0.01231148045552477,0.02036340852130325,0.020676691729323293,0.04623724489795922,True,stage18-scaling-24a9adb84176,0,3,7450,39
s0-step7450-f4of5-d3of4,39,C1,C3,0.030612244897959218,Q4,0.01600492459218228,0.0,0.0025062656641603454,0.030612244897959218,True,stage18-scaling-24a9adb84176,0,3,7450,39
s0-step7450-f4of5-d3of4,39,C1,C4,0.033482142857142905,Q4,0.02462296091104954,0.005952380952381042,0.006265664160401085,0.033482142857142905,True,stage18-scaling-24a9adb84176,0,3,7450,39
s0-step7450-f4of5-d3of4,39,C1,C5,0.020727040816326592,Q4,0.020621729763004026,0.003446115288220475,0.005639097744360888,0.020727040816326592,True,stage18-scaling-24a9adb84176,0,3,7450,39
s0-step7450-f4of5-d3of4,39,C1,C6,0.0458602646968298,Q1,0.0458602646968298,0.01566416040100249,0.014097744360902165,0.036033163265306145,True,stage18-scaling-24a9adb84176,0,3,7450,39
s0-step7450-f4of5-d3of4,39,C2,C3,0.02036340852130325,Q2,0.003693444136657509,0.02036340852130325,0.018170426065162948,0.015625,True,stage18-scaling-24a9adb84176,0,3,7450,39
s0-step7450-f4of5-d3of4,39,C2,C4,0.02694235588972438,Q3,0.01231148045552477,0.026315789473684292,0.02694235588972438,0.012755102040816313,True,stage18-scaling-24a9adb84176,0,3,7450,39
s0-step7450-f4of5-d3of4,39,C2,C5,0.025510204081632626,Q4,0.008310249307479256,0.016917293233082775,0.015037593984962405,0.025510204081632626,True,stage18-scaling-24a9adb84176,0,3,7450,39
s0-step7450-f4of5-d3of4,39,C2,C6,0.03354878424130503,Q1,0.03354878424130503,0.0046992481203007586,0.006578947368421129,0.010204081632653073,True,stage18-scaling-24a9adb84176,0,3,7450,39
s0-step7450-f4of5-d3of4,39,C3,C4,0.00877192982456143,Q3,0.008618036318867262,0.005952380952381042,0.00877192982456143,0.002869897959183687,True,stage18-scaling-24a9adb84176,0,3,7450,39
s0-step7450-f4of5-d3of4,39,C3,C5,0.009885204081632626,Q4,0.004616805170821747,0.003446115288220475,0.0031328320802005427,0.009885204081632626,True,stage18-scaling-24a9adb84176,0,3,7450,39
s0-step7450-f4of5-d3of4,39,C3,C6,0.02985534010464752,Q1,0.02985534010464752,0.01566416040100249,0.01159147869674182,0.0054209183673469274,True,stage18-scaling-24a9adb84176,0,3,7450,39
s0-step7450-f4of5-d3of4,39,C4,C5,0.012755102040816313,Q4,0.004001231148045514,0.009398496240601517,0.011904761904761973,0.012755102040816313,True,stage18-scaling-24a9adb84176,0,3,7450,39
s0-step7450-f4of5-d3of4,39,C4,C6,0.021616541353383534,Q2,0.02123730378578026,0.021616541353383534,0.02036340852130325,0.0025510204081632404,True,stage18-scaling-24a9adb84176,0,3,7450,39
s0-step7450-f4of5-d3of4,39,C5,C6,0.025238534933825774,Q1,0.025238534933825774,0.012218045112782017,0.008458646616541277,0.015306122448979553,True,stage18-scaling-24a9adb84176,0,3,7450,39
s0-step7450-f17of20-d1of4,40,C1,C2,0.009398496240601517,Q2,0.003693444136657398,0.009398496240601517,0.008458646616541277,0.0025510204081632404,True,stage18-scaling-24a9adb84176,0,3,7450,40
s0-step7450-f17of20-d1of4,40,C1,C3,0.021852877808556492,Q1,0.021852877808556492,0.003759398496240518,0.004072681704260672,0.007653061224489832,True,stage18-scaling-24a9adb84176,0,3,7450,40
s0-step7450-f17of20-d1of4,40,C2,C3,0.02554632194521389,Q1,0.02554632194521389,0.013157894736842035,0.012531328320801949,0.010204081632653073,True,stage18-scaling-24a9adb84176,0,3,7450,40
s0-step7450-f17of20-d1of2,41,C1,C2,0.009398496240601517,Q2,0.003693444136657398,0.009398496240601517,0.008458646616541277,0.0025510204081632404,True,stage18-scaling-24a9adb84176,0,3,7450,41
s0-step7450-f17of20-d1of2,41,C1,C3,0.021852877808556492,Q1,0.021852877808556492,0.003759398496240518,0.004072681704260672,0.007653061224489832,True,stage18-scaling-24a9adb84176,0,3,7450,41
s0-step7450-f17of20-d1of2,41,C1,C4,0.006578947368421129,Q2,0.003077870113881165,0.006578947368421129,0.003759398496240518,0.0006377551020408934,True,stage18-scaling-24a9adb84176,0,3,7450,41
s0-step7450-f17of20-d1of2,41,C1,C5,0.04081632653061218,Q4,0.02031394275161591,0.002192982456140302,0.003759398496240629,0.04081632653061218,True,stage18-scaling-24a9adb84176,0,3,7450,41
s0-step7450-f17of20-d1of2,41,C1,C6,0.008458646616541388,Q3,0.002462296091104932,0.005639097744360888,0.008458646616541388,0.0054209183673469274,True,stage18-scaling-24a9adb84176,0,3,7450,41
s0-step7450-f17of20-d1of2,41,C2,C3,0.02554632194521389,Q1,0.02554632194521389,0.013157894736842035,0.012531328320801949,0.010204081632653073,True,stage18-scaling-24a9adb84176,0,3,7450,41
s0-step7450-f17of20-d1of2,41,C2,C4,0.0046992481203007586,Q3,0.000615574022776233,0.0028195488721803885,0.0046992481203007586,0.0031887755102041337,True,stage18-scaling-24a9adb84176,0,3,7450,41
s0-step7450-f17of20-d1of2,41,C2,C5,0.03826530612244894,Q4,0.016620498614958512,0.01159147869674182,0.012218045112781906,0.03826530612244894,True,stage18-scaling-24a9adb84176,0,3,7450,41
s0-step7450-f17of20-d1of2,41,C2,C6,0.016917293233082664,Q3,0.001231148045552466,0.015037593984962405,0.016917293233082664,0.002869897959183687,True,stage18-scaling-24a9adb84176,0,3,7450,41
s0-step7450-f17of20-d1of2,41,C3,C4,0.024930747922437657,Q1,0.024930747922437657,0.010338345864661647,0.00783208020050119,0.007015306122448939,True,stage18-scaling-24a9adb84176,0,3,7450,41
s0-step7450-f17of20-d1of2,41,C3,C5,0.04846938775510201,Q4,0.0421668205601724,0.0015664160401002158,0.00031328320802004317,0.04846938775510201,True,stage18-scaling-24a9adb84176,0,3,7450,41
s0-step7450-f17of20-d1of2,41,C3,C6,0.024315173899661424,Q1,0.024315173899661424,0.00187969924812037,0.004385964912280715,0.01307397959183676,True,stage18-scaling-24a9adb84176,0,3,7450,41
s0-step7450-f17of20-d1of2,41,C4,C5,0.04145408163265307,Q4,0.017236072637734745,0.00877192982456143,0.007518796992481147,0.04145408163265307,True,stage18-scaling-24a9adb84176,0,3,7450,41
s0-step7450-f17of20-d1of2,41,C4,C6,0.012218045112782017,Q2,0.000615574022776233,0.012218045112782017,0.012218045112781906,0.006058673469387821,True,stage18-scaling-24a9adb84176,0,3,7450,41
s0-step7450-f17of20-d1of2,41,C5,C6,0.03539540816326525,Q4,0.017851646660510978,0.003446115288220586,0.0046992481203007586,0.03539540816326525,True,stage18-scaling-24a9adb84176,0,3,7450,41
s0-step7450-f17of20-d3of4,42,C1,C2,0.009398496240601517,Q2,0.003693444136657398,0.009398496240601517,0.008458646616541277,0.0025510204081632404,True,stage18-scaling-24a9adb84176,0,3,7450,42
s0-step7450-f17of20-d3of4,42,C1,C3,0.021852877808556492,Q1,0.021852877808556492,0.003759398496240518,0.004072681704260672,0.007653061224489832,True,stage18-scaling-24a9adb84176,0,3,7450,42
s0-step7450-f17of20-d3of4,42,C1,C4,0.006578947368421129,Q2,0.003077870113881165,0.006578947368421129,0.003759398496240518,0.0006377551020408934,True,stage18-scaling-24a9adb84176,0,3,7450,42
s0-step7450-f17of20-d3of4,42,C1,C5,0.04081632653061218,Q4,0.02031394275161591,0.002192982456140302,0.003759398496240629,0.04081632653061218,True,stage18-scaling-24a9adb84176,0,3,7450,42
s0-step7450-f17of20-d3of4,42,C1,C6,0.008458646616541388,Q3,0.002462296091104932,0.005639097744360888,0.008458646616541388,0.0054209183673469274,True,stage18-scaling-24a9adb84176,0,3,7450,42
s0-step7450-f17of20-d3of4,42,C2,C3,0.02554632194521389,Q1,0.02554632194521389,0.013157894736842035,0.012531328320801949,0.010204081632653073,True,stage18-scaling-24a9adb84176,0,3,7450,42
s0-step7450-f17of20-d3of4,42,C2,C4,0.0046992481203007586,Q3,0.000615574022776233,0.0028195488721803885,0.0046992481203007586,0.0031887755102041337,True,stage18-scaling-24a9adb84176,0,3,7450,42
s0-step7450-f17of20-d3of4,42,C2,C5,0.03826530612244894,Q4,0.016620498614958512,0.01159147869674182,0.012218045112781906,0.03826530612244894,True,stage18-scaling-24a9adb84176,0,3,7450,42
s0-step7450-f17of20-d3of4,42,C2,C6,0.016917293233082664,Q3,0.001231148045552466,0.015037593984962405,0.016917293233082664,0.002869897959183687,True,stage18-scaling-24a9adb84176,0,3,7450,42
s0-step7450-f17of20-d3of4,42,C3,C4,0.024930747922437657,Q1,0.024930747922437657,0.010338345864661647,0.00783208020050119,0.007015306122448939,True,stage18-scaling-24a9adb84176,0,3,7450,42
s0-step7450-f17of20-d3of4,42,C3,C5,0.04846938775510201,Q4,0.0421668205601724,0.0015664160401002158,0.00031328320802004317,0.04846938775510201,True,stage18-scaling-24a9adb84176,0,3,7450,42
s0-step7450-f17of20-d3of4,42,C3,C6,0.024315173899661424,Q1,0.024315173899661424,0.00187969924812037,0.004385964912280715,0.01307397959183676,True,stage18-scaling-24a9adb84176,0,3,7450,42
s0-step7450-f17of20-d3of4,42,C4,C5,0.04145408163265307,Q4,0.017236072637734745,0.00877192982456143,0.007518796992481147,0.04145408163265307,True,stage18-scaling-24a9adb84176,0,3,7450,42
s0-step7450-f17of20-d3of4,42,C4,C6,0.012218045112782017,Q2,0.000615574022776233,0.012218045112782017,0.012218045112781906,0.006058673469387821,True,stage18-scaling-24a9adb84176,0,3,7450,42
s0-step7450-f17of20-d3of4,42,C5,C6,0.03539540816326525,Q4,0.017851646660510978,0.003446115288220586,0.0046992481203007586,0.03539540816326525,True,stage18-scaling-24a9adb84176,0,3,7450,42
s0-step7450-f9of10-d1of4,43,C1,C2,0.02264030612244905,Q4,0.007694675284702912,0.009085213032581474,0.006578947368421129,0.02264030612244905,True,stage18-scaling-24a9adb84176,0,3,7450,43
s0-step7450-f9of10-d1of4,43,C1,C3,0.02423469387755106,Q4,0.008925823330255378,0.004072681704260672,0.006578947368421018,0.02423469387755106,True,stage18-scaling-24a9adb84176,0,3,7450,43
s0-step7450-f9of10-d1of4,43,C1,C4,0.0033856571252693923,Q1,0.0033856571252693923,0.0015664160401002158,0.002192982456140302,0.0006377551020407823,True,stage18-scaling-24a9adb84176,0,3,7450,43
s0-step7450-f9of10-d1of4,43,C2,C3,0.013157894736842146,Q2,0.001231148045552466,0.013157894736842146,0.013157894736842146,0.0015943877551020114,True,stage18-scaling-24a9adb84176,0,3,7450,43
s0-step7450-f9of10-d1of4,43,C2,C4,0.023278061224489832,Q4,0.011080332409972304,0.007518796992481258,0.00877192982456143,0.023278061224489832,True,stage18-scaling-24a9adb84176,0,3,7450,43
s0-step7450-f9of10-d1of4,43,C3,C4,0.024872448979591844,Q4,0.01231148045552477,0.005639097744360888,0.004385964912280715,0.024872448979591844,True,stage18-scaling-24a9adb84176,0,3,7450,43
s0-step7450-f9of10-d1of2,44,C1,C2,0.02264030612244905,Q4,0.007694675284702912,0.009085213032581474,0.006578947368421129,0.02264030612244905,True,stage18-scaling-24a9adb84176,0,3,7450,44
s0-step7450-f9of10-d1of2,44,C1,C3,0.02423469387755106,Q4,0.008925823330255378,0.004072681704260672,0.006578947368421018,0.02423469387755106,True,stage18-scaling-24a9adb84176,0,3,7450,44
s0-step7450-f9of10-d1of2,44,C1,C4,0.0033856571252693923,Q1,0.0033856571252693923,0.0015664160401002158,0.002192982456140302,0.0006377551020407823,True,stage18-scaling-24a9adb84176,0,3,7450,44
s0-step7450-f9of10-d1of2,44,C1,C5,0.0015664160401002158,Q3,0.0015389350569405824,0.0006265664160400863,0.0015664160401002158,0.0003188775510204467,True,stage18-scaling-24a9adb84176,0,3,7450,44
s0-step7450-f9of10-d1of2,44,C1,C6,0.014465989535241697,Q1,0.014465989535241697,0.0028195488721803885,0.0031328320802004317,0.007015306122448939,True,stage18-scaling-24a9adb84176,0,3,7450,44
s0-step7450-f9of10-d1of2,44,C2,C3,0.013157894736842146,Q2,0.001231148045552466,0.013157894736842146,0.013157894736842146,0.0015943877551020114,True,stage18-scaling-24a9adb84176,0,3,7450,44
s0-step7450-f9of10-d1of2,44,C2,C4,0.023278061224489832,Q4,0.011080332409972304,0.007518796992481258,0.00877192982456143,0.023278061224489832,True,stage18-scaling-24a9adb84176,0,3,7450,44
s0-step7450-f9of10-d1of2,44,C2,C5,0.022959183673469497,Q4,0.009233610341643494,0.00971177944862156,0.008145363408521344,0.022959183673469497,True,stage18-scaling-24a9adb84176,0,3,7450,44
s0-step7450-f9of10-d1of2,44,C2,C6,0.02965561224489799,Q4,0.02216066481994461,0.011904761904761862,0.00971177944862156,0.02965561224489799,True,stage18-scaling-24a9adb84176,0,3,7450,44
s0-step7450-f9of10-d1of2,44,C3,C4,0.024872448979591844,Q4,0.01231148045552477,0.005639097744360888,0.004385964912280715,0.024872448979591844,True,stage18-scaling-24a9adb84176,0,3,7450,44
s0-step7450-f9of10-d1of2,44,C3,C5,0.024553571428571508,Q4,0.01046475838719596,0.003446115288220586,0.005012531328320802,0.024553571428571508,True,stage18-scaling-24a9adb84176,0,3,7450,44
s0-step7450-f9of10-d1of2,44,C3,C6,0.03125,Q4,0.023391812865497075,0.0012531328320802837,0.003446115288220586,0.03125,True,stage18-scaling-24a9adb84176,0,3,7450,44
s0-step7450-f9of10-d1of2,44,C4,C5,0.002192982456140302,Q2,0.00184672206832881,0.002192982456140302,0.0006265664160400863,0.00031887755102033566,True,stage18-scaling-24a9adb84176,0,3,7450,44
s0-step7450-f9of10-d1of2,44,C4,C6,0.011080332409972304,Q1,0.011080332409972304,0.004385964912280604,0.0009398496240601295,0.0063775510204081565,True,stage18-scaling-24a9adb84176,0,3,7450,44
s0-step7450-f9of10-d1of2,44,C5,C6,0.012927054478301114,Q1,0.012927054478301114,0.002192982456140302,0.0015664160401002158,0.006696428571428492,True,stage18-scaling-24a9adb84176,0,3,7450,44
s0-step7450-f9of10-d3of4,45,C1,C2,0.02264030612244905,Q4,0.007694675284702912,0.009085213032581474,0.006578947368421129,0.02264030612244905,True,stage18-scaling-24a9adb84176,0,3,7450,45
s0-step7450-f9of10-d3of4,45,C1,C3,0.02423469387755106,Q4,0.008925823330255378,0.004072681704260672,0.006578947368421018,0.02423469387755106,True,stage18-scaling-24a9adb84176,0,3,7450,45
s0-step7450-f9of10-d3of4,45,C1,C4,0.0033856571252693923,Q1,0.0033856571252693923,0.0015664160401002158,0.002192982456140302,0.0006377551020407823,True,stage18-scaling-24a9adb84176,0,3,7450,45
s0-step7450-f9of10-d3of4,45,C1,C5,0.0015664160401002158,Q3,0.0015389350569405824,0.0006265664160400863,0.0015664160401002158,0.0003188775510204467,True,stage18-scaling-24a9adb84176,0,3,7450,45
s0-step7450-f9of10-d3of4,45,C1,C6,0.014465989535241697,Q1,0.014465989535241697,0.0028195488721803885,0.0031328320802004317,0.007015306122448939,True,stage18-scaling-24a9adb84176,0,3,7450,45
s0-step7450-f9of10-d3of4,45,C2,C3,0.013157894736842146,Q2,0.001231148045552466,0.013157894736842146,0.013157894736842146,0.0015943877551020114,True,stage18-scaling-24a9adb84176,0,3,7450,45
s0-step7450-f9of10-d3of4,45,C2,C4,0.023278061224489832,Q4,0.011080332409972304,0.007518796992481258,0.00877192982456143,0.023278061224489832,True,stage18-scaling-24a9adb84176,0,3,7450,45
s0-step7450-f9of10-d3of4,45,C2,C5,0.022959183673469497,Q4,0.009233610341643494,0.00971177944862156,0.008145363408521344,0.022959183673469497,True,stage18-scaling-24a9adb84176,0,3,7450,45
s0-step7450-f9of10-d3of4,45,C2,C6,0.02965561224489799,Q4,0.02216066481994461,0.011904761904761862,0.00971177944862156,0.02965561224489799,True,stage18-scaling-24a9adb84176,0,3,7450,45
s0-step7450-f9of10-d3of4,45,C3,C4,0.024872448979591844,Q4,0.01231148045552477,0.005639097744360888,0.004385964912280715,0.024872448979591844,True,stage18-scaling-24a9adb84176,0,3,7450,45
s0-step7450-f9of10-d3of4,45,C3,C5,0.024553571428571508,Q4,0.01046475838719596,0.003446115288220586,0.005012531328320802,0.024553571428571508,True,stage18-scaling-24a9adb84176,0,3,7450,45
s0-step7450-f9of10-d3of4,45,C3,C6,0.03125,Q4,0.023391812865497075,0.0012531328320802837,0.003446115288220586,0.03125,True,stage18-scaling-24a9adb84176,0,3,7450,45
s0-step7450-f9of10-d3of4,45,C4,C5,0.002192982456140302,Q2,0.00184672206832881,0.002192982456140302,0.0006265664160400863,0.00031887755102033566,True,stage18-scaling-24a9adb84176,0,3,7450,45
s0-step7450-f9of10-d3of4,45,C4,C6,0.011080332409972304,Q1,0.011080332409972304,0.004385964912280604,0.0009398496240601295,0.0063775510204081565,True,stage18-scaling-24a9adb84176,0,3,7450,45
s0-step7450-f9of10-d3of4,45,C5,C6,0.012927054478301114,Q1,0.012927054478301114,0.002192982456140302,0.0015664160401002158,0.006696428571428492,True,stage18-scaling-24a9adb84176,0,3,7450,45
s0-step7450-f19of20-d1of4,46,C1,C2,0.003446115288220586,Q2,0.001231148045552466,0.003446115288220586,0.001879699248120259,0.0031887755102041337,True,stage18-scaling-24a9adb84176,0,3,7450,46
s0-step7450-f19of20-d1of4,46,C1,C3,0.005952380952380931,Q2,0.004309018159433742,0.005952380952380931,0.005952380952380931,0.0022321428571427937,True,stage18-scaling-24a9adb84176,0,3,7450,46
s0-step7450-f19of20-d1of4,46,C2,C3,0.005540166204986208,Q1,0.005540166204986208,0.0025062656641603454,0.004072681704260672,0.0054209183673469274,True,stage18-scaling-24a9adb84176,0,3,7450,46
s0-step7450-f19of20-d1of2,47,C1,C2,0.003446115288220586,Q2,0.001231148045552466,0.003446115288220586,0.001879699248120259,0.0031887755102041337,True,stage18-scaling-24a9adb84176,0,3,7450,47
s0-step7450-f19of20-d1of2,47,C1,C3,0.005952380952380931,Q2,0.004309018159433742,0.005952380952380931,0.005952380952380931,0.0022321428571427937,True,stage18-scaling-24a9adb84176,0,3,7450,47
s0-step7450-f19of20-d1of2,47,C1,C4,0.0046992481203007586,Q3,0.003693444136657509,0.004385964912280715,0.0046992481203007586,0.0003188775510204467,True,stage18-scaling-24a9adb84176,0,3,7450,47
s0-step7450-f19of20-d1of2,47,C1,C5,0.010025062656641603,Q2,0.00184672206832881,0.010025062656641603,0.009085213032581474,0.00031887755102033566,True,stage18-scaling-24a9adb84176,0,3,7450,47
s0-step7450-f19of20-d1of2,47,C1,C6,0.006578947368421018,Q2,0.006463527239150557,0.006578947368421018,0.0046992481203007586,0.0015943877551020114,True,stage18-scaling-24a9adb84176,0,3,7450,47
s0-step7450-f19of20-d1of2,47,C2,C3,0.005540166204986208,Q1,0.005540166204986208,0.0025062656641603454,0.004072681704260672,0.0054209183673469274,True,stage18-scaling-24a9adb84176,0,3,7450,47
s0-step7450-f19of20-d1of2,47,C2,C4,0.004924592182209975,Q1,0.004924592182209975,0.0009398496240601295,0.0028195488721804995,0.002869897959183687,True,stage18-scaling-24a9adb84176,0,3,7450,47
s0-step7450-f19of20-d1of2,47,C2,C5,0.007205513784461215,Q3,0.003077870113881276,0.006578947368421018,0.007205513784461215,0.0035076530612244694,True,stage18-scaling-24a9adb84176,0,3,7450,47
s0-step7450-f19of20-d1of2,47,C2,C6,0.007694675284703023,Q1,0.007694675284703023,0.0031328320802004317,0.0028195488721804995,0.0015943877551021224,True,stage18-scaling-24a9adb84176,0,3,7450,47
s0-step7450-f19of20-d1of2,47,C3,C4,0.0025510204081632404,Q4,0.000615574022776233,0.0015664160401002158,0.0012531328320801727,0.0025510204081632404,True,stage18-scaling-24a9adb84176,0,3,7450,47
s0-step7450-f19of20-d1of2,47,C3,C5,0.004072681704260672,Q2,0.002462296091104932,0.004072681704260672,0.0031328320802005427,0.001913265306122458,True,stage18-scaling-24a9adb84176,0,3,7450,47
s0-step7450-f19of20-d1of2,47,C3,C6,0.003826530612244805,Q4,0.0021545090797168154,0.0006265664160400863,0.0012531328320801727,0.003826530612244805,True,stage18-scaling-24a9adb84176,0,3,7450,47
s0-step7450-f19of20-d1of2,47,C4,C5,0.005639097744360888,Q2,0.001846722068328699,0.005639097744360888,0.004385964912280715,0.0006377551020407823,True,stage18-scaling-24a9adb84176,0,3,7450,47
s0-step7450-f19of20-d1of2,47,C4,C6,0.0027700831024930483,Q1,0.0027700831024930483,0.002192982456140302,0.0,0.0012755102040815647,True,stage18-scaling-24a9adb84176,0,3,7450,47
s0-step7450-f19of20-d1of2,47,C5,C6,0.004616805170821747,Q1,0.004616805170821747,0.003446115288220586,0.004385964912280715,0.001913265306122347,True,stage18-scaling-24a9adb84176,0,3,7450,47
s0-step7450-f19of20-d3of4,48,C1,C2,0.003446115288220586,Q2,0.001231148045552466,0.003446115288220586,0.001879699248120259,0.0031887755102041337,True,stage18-scaling-24a9adb84176,0,3,7450,48
s0-step7450-f19of20-d3of4,48,C1,C3,0.005952380952380931,Q2,0.004309018159433742,0.005952380952380931,0.005952380952380931,0.0022321428571427937,True,stage18-scaling-24a9adb84176,0,3,7450,48
s0-step7450-f19of20-d3of4,48,C1,C4,0.0046992481203007586,Q3,0.003693444136657509,0.004385964912280715,0.0046992481203007586,0.0003188775510204467,True,stage18-scaling-24a9adb84176,0,3,7450,48
s0-step7450-f19of20-d3of4,48,C1,C5,0.010025062656641603,Q2,0.00184672206832881,0.010025062656641603,0.009085213032581474,0.00031887755102033566,True,stage18-scaling-24a9adb84176,0,3,7450,48
s0-step7450-f19of20-d3of4,48,C1,C6,0.006578947368421018,Q2,0.006463527239150557,0.006578947368421018,0.0046992481203007586,0.0015943877551020114,True,stage18-scaling-24a9adb84176,0,3,7450,48
s0-step7450-f19of20-d3of4,48,C2,C3,0.005540166204986208,Q1,0.005540166204986208,0.0025062656641603454,0.004072681704260672,0.0054209183673469274,True,stage18-scaling-24a9adb84176,0,3,7450,48
s0-step7450-f19of20-d3of4,48,C2,C4,0.004924592182209975,Q1,0.004924592182209975,0.0009398496240601295,0.0028195488721804995,0.002869897959183687,True,stage18-scaling-24a9adb84176,0,3,7450,48
s0-step7450-f19of20-d3of4,48,C2,C5,0.007205513784461215,Q3,0.003077870113881276,0.006578947368421018,0.007205513784461215,0.0035076530612244694,True,stage18-scaling-24a9adb84176,0,3,7450,48
s0-step7450-f19of20-d3of4,48,C2,C6,0.007694675284703023,Q1,0.007694675284703023,0.0031328320802004317,0.0028195488721804995,0.0015943877551021224,True,stage18-scaling-24a9adb84176,0,3,7450,48
s0-step7450-f19of20-d3of4,48,C3,C4,0.0025510204081632404,Q4,0.000615574022776233,0.0015664160401002158,0.0012531328320801727,0.0025510204081632404,True,stage18-scaling-24a9adb84176,0,3,7450,48
s0-step7450-f19of20-d3of4,48,C3,C5,0.004072681704260672,Q2,0.002462296091104932,0.004072681704260672,0.0031328320802005427,0.001913265306122458,True,stage18-scaling-24a9adb84176,0,3,7450,48
s0-step7450-f19of20-d3of4,48,C3,C6,0.003826530612244805,Q4,0.0021545090797168154,0.0006265664160400863,0.0012531328320801727,0.003826530612244805,True,stage18-scaling-24a9adb84176,0,3,7450,48
s0-step7450-f19of20-d3of4,48,C4,C5,0.005639097744360888,Q2,0.001846722068328699,0.005639097744360888,0.004385964912280715,0.0006377551020407823,True,stage18-scaling-24a9adb84176,0,3,7450,48
s0-step7450-f19of20-d3of4,48,C4,C6,0.0027700831024930483,Q1,0.0027700831024930483,0.002192982456140302,0.0,0.0012755102040815647,True,stage18-scaling-24a9adb84176,0,3,7450,48
s0-step7450-f19of20-d3of4,48,C5,C6,0.004616805170821747,Q1,0.004616805170821747,0.003446115288220586,0.004385964912280715,0.001913265306122347,True,stage18-scaling-24a9adb84176,0,3,7450,48
s0-step7450-f39of40-d1of4,49,C1,C2,0.0022321428571427937,Q4,0.0015389350569405824,0.00031328320802004317,0.0012531328320801727,0.0022321428571427937,True,stage18-scaling-24a9adb84176,0,3,7450,49
s0-step7450-f39of40-d1of4,49,C1,C3,0.005102040816326481,Q4,0.001846722068328699,0.0025062656641603454,0.003446115288220475,0.005102040816326481,True,stage18-scaling-24a9adb84176,0,3,7450,49
s0-step7450-f39of40-d1of4,49,C1,C4,0.00523237919359798,Q1,0.00523237919359798,0.0006265664160400863,0.00031328320802004317,0.0015943877551020114,True,stage18-scaling-24a9adb84176,0,3,7450,49
s0-step7450-f39of40-d1of4,49,C2,C3,0.002869897959183687,Q4,0.0003077870113881165,0.0028195488721803885,0.002192982456140302,0.002869897959183687,True,stage18-scaling-24a9adb84176,0,3,7450,49
s0-step7450-f39of40-d1of4,49,C2,C4,0.003693444136657398,Q1,0.003693444136657398,0.00031328320802004317,0.0009398496240601295,0.0006377551020407823,True,stage18-scaling-24a9adb84176,0,3,7450,49
s0-step7450-f39of40-d1of4,49,C3,C4,0.0035076530612244694,Q4,0.0033856571252692813,0.0031328320802004317,0.0031328320802004317,0.0035076530612244694,True,stage18-scaling-24a9adb84176,0,3,7450,49
s0-step7450-f39of40-d1of2,50,C1,C2,0.0022321428571427937,Q4,0.0015389350569405824,0.00031328320802004317,0.0012531328320801727,0.0022321428571427937,True,stage18-scaling-24a9adb84176,0,3,7450,50
s0-step7450-f39of40-d1of2,50,C1,C3,0.005102040816326481,Q4,0.001846722068328699,0.0025062656641603454,0.003446115288220475,0.005102040816326481,True,stage18-scaling-24a9adb84176,0,3,7450,50
s0-step7450-f39of40-d1of2,50,C1,C4,0.00523237919359798,Q1,0.00523237919359798,0.0006265664160400863,0.00031328320802004317,0.0015943877551020114,True,stage18-scaling-24a9adb84176,0,3,7450,50
s0-step7450-f39of40-d1of2,50,C1,C5,0.003693444136657398,Q1,0.003693444136657398,0.0012531328320801727,0.002192982456140302,0.0031887755102040227,True,stage18-scaling-24a9adb84176,0,3,7450,50
s0-step7450-f39of40-d1of2,50,C1,C6,0.008928571428571397,Q4,0.001846722068328699,0.0028195488721804995,0.004385964912280604,0.008928571428571397,True,stage18-scaling-24a9adb84176,0,3,7450,50
s0-step7450-f39of40-d1of2,50,C2,C3,0.002869897959183687,Q4,0.0003077870113881165,0.0028195488721803885,0.002192982456140302,0.002869897959183687,True,stage18-scaling-24a9adb84176,0,3,7450,50
s0-step7450-f39of40-d1of2,50,C2,C4,0.003693444136657398,Q1,0.003693444136657398,0.00031328320802004317,0.0009398496240601295,0.0006377551020407823,True,stage18-scaling-24a9adb84176,0,3,7450,50
s0-step7450-f39of40-d1of2,50,C2,C5,0.0021545090797168154,Q1,0.0021545090797168154,0.0015664160401002158,0.0009398496240601295,0.000956632653061229,True,stage18-scaling-24a9adb84176,0,3,7450,50
s0-step7450-f39of40-d1of2,50,C2,C6,0.006696428571428603,Q4,0.0003077870113881165,0.0031328320802005427,0.0031328320802004317,0.006696428571428603,True,stage18-scaling-24a9adb84176,0,3,7450,50
s0-step7450-f39of40-d1of2,50,C3,C4,0.0035076530612244694,Q4,0.0033856571252692813,0.0031328320802004317,0.0031328320802004317,0.0035076530612244694,True,stage18-scaling-24a9adb84176,0,3,7450,50
s0-step7450-f39of40-d1of2,50,C3,C5,0.001913265306122458,Q4,0.001846722068328699,0.0012531328320801727,0.0012531328320801727,0.001913265306122458,True,stage18-scaling-24a9adb84176,0,3,7450,50
s0-step7450-f39of40-d1of2,50,C3,C6,0.003826530612244916,Q4,0.0,0.0003132832080201542,0.0009398496240601295,0.003826530612244916,True,stage18-scaling-24a9adb84176,0,3,7450,50
s0-step7450-f39of40-d1of2,50,C4,C5,0.001879699248120259,Q2,0.0015389350569405824,0.001879699248120259,0.001879699248120259,0.0015943877551020114,True,stage18-scaling-24a9adb84176,0,3,7450,50
s0-step7450-f39of40-d1of2,50,C4,C6,0.0073341836734693855,Q4,0.0033856571252692813,0.003446115288220586,0.004072681704260561,0.0073341836734693855,True,stage18-scaling-24a9adb84176,0,3,7450,50
s0-step7450-f39of40-d1of2,50,C5,C6,0.005739795918367374,Q4,0.001846722068328699,0.0015664160401003269,0.002192982456140302,0.005739795918367374,True,stage18-scaling-24a9adb84176,0,3,7450,50
s0-step7450-f39of40-d3of4,51,C1,C2,0.0022321428571427937,Q4,0.0015389350569405824,0.00031328320802004317,0.0012531328320801727,0.0022321428571427937,True,stage18-scaling-24a9adb84176,0,3,7450,51
s0-step7450-f39of40-d3of4,51,C1,C3,0.005102040816326481,Q4,0.001846722068328699,0.0025062656641603454,0.003446115288220475,0.005102040816326481,True,stage18-scaling-24a9adb84176,0,3,7450,51
s0-step7450-f39of40-d3of4,51,C1,C4,0.00523237919359798,Q1,0.00523237919359798,0.0006265664160400863,0.00031328320802004317,0.0015943877551020114,True,stage18-scaling-24a9adb84176,0,3,7450,51
s0-step7450-f39of40-d3of4,51,C1,C5,0.003693444136657398,Q1,0.003693444136657398,0.0012531328320801727,0.002192982456140302,0.0031887755102040227,True,stage18-scaling-24a9adb84176,0,3,7450,51
s0-step7450-f39of40-d3of4,51,C1,C6,0.008928571428571397,Q4,0.001846722068328699,0.0028195488721804995,0.004385964912280604,0.008928571428571397,True,stage18-scaling-24a9adb84176,0,3,7450,51
s0-step7450-f39of40-d3of4,51,C2,C3,0.002869897959183687,Q4,0.0003077870113881165,0.0028195488721803885,0.002192982456140302,0.002869897959183687,True,stage18-scaling-24a9adb84176,0,3,7450,51
s0-step7450-f39of40-d3of4,51,C2,C4,0.003693444136657398,Q1,0.003693444136657398,0.00031328320802004317,0.0009398496240601295,0.0006377551020407823,True,stage18-scaling-24a9adb84176,0,3,7450,51
s0-step7450-f39of40-d3of4,51,C2,C5,0.0021545090797168154,Q1,0.0021545090797168154,0.0015664160401002158,0.0009398496240601295,0.000956632653061229,True,stage18-scaling-24a9adb84176,0,3,7450,51
s0-step7450-f39of40-d3of4,51,C2,C6,0.006696428571428603,Q4,0.0003077870113881165,0.0031328320802005427,0.0031328320802004317,0.006696428571428603,True,stage18-scaling-24a9adb84176,0,3,7450,51
s0-step7450-f39of40-d3of4,51,C3,C4,0.0035076530612244694,Q4,0.0033856571252692813,0.0031328320802004317,0.0031328320802004317,0.0035076530612244694,True,stage18-scaling-24a9adb84176,0,3,7450,51
s0-step7450-f39of40-d3of4,51,C3,C5,0.001913265306122458,Q4,0.001846722068328699,0.0012531328320801727,0.0012531328320801727,0.001913265306122458,True,stage18-scaling-24a9adb84176,0,3,7450,51
s0-step7450-f39of40-d3of4,51,C3,C6,0.003826530612244916,Q4,0.0,0.0003132832080201542,0.0009398496240601295,0.003826530612244916,True,stage18-scaling-24a9adb84176,0,3,7450,51
s0-step7450-f39of40-d3of4,51,C4,C5,0.001879699248120259,Q2,0.0015389350569405824,0.001879699248120259,0.001879699248120259,0.0015943877551020114,True,stage18-scaling-24a9adb84176,0,3,7450,51
s0-step7450-f39of40-d3of4,51,C4,C6,0.0073341836734693855,Q4,0.0033856571252692813,0.003446115288220586,0.004072681704260561,0.0073341836734693855,True,stage18-scaling-24a9adb84176,0,3,7450,51
s0-step7450-f39of40-d3of4,51,C5,C6,0.005739795918367374,Q4,0.001846722068328699,0.0015664160401003269,0.002192982456140302,0.005739795918367374,True,stage18-scaling-24a9adb84176,0,3,7450,51
s0-step7450-f99of100-d1of4,52,C1,C2,0.0033856571252693923,Q1,0.0033856571252693923,0.00031328320802004317,0.00031328320802004317,0.0022321428571429047,True,stage18-scaling-24a9adb84176,0,3,7450,52
s0-step7450-f99of100-d1of4,52,C1,C3,0.002869897959183576,Q4,0.0027700831024930483,0.0015664160401002158,0.0028195488721803885,0.002869897959183576,True,stage18-scaling-24a9adb84176,0,3,7450,52
s0-step7450-f99of100-d1of4,52,C1,C4,0.002869897959183576,Q4,0.0003077870113881165,0.0009398496240601295,0.0012531328320801727,0.002869897959183576,True,stage18-scaling-24a9adb84176,0,3,7450,52
s0-step7450-f99of100-d1of4,52,C2,C3,0.005102040816326481,Q4,0.000615574022776344,0.001879699248120259,0.0025062656641603454,0.005102040816326481,True,stage18-scaling-24a9adb84176,0,3,7450,52
s0-step7450-f99of100-d1of4,52,C2,C4,0.005102040816326481,Q4,0.003077870113881276,0.0012531328320801727,0.0009398496240601295,0.005102040816326481,True,stage18-scaling-24a9adb84176,0,3,7450,52
s0-step7450-f99of100-d1of4,52,C3,C4,0.002462296091104932,Q1,0.002462296091104932,0.0006265664160400863,0.0015664160401002158,0.0,True,stage18-scaling-24a9adb84176,0,3,7450,52
s0-step7450-f99of100-d1of2,53,C1,C2,0.0033856571252693923,Q1,0.0033856571252693923,0.00031328320802004317,0.00031328320802004317,0.0022321428571429047,True,stage18-scaling-24a9adb84176,0,3,7450,53
s0-step7450-f99of100-d1of2,53,C1,C3,0.002869897959183576,Q4,0.0027700831024930483,0.0015664160401002158,0.0028195488721803885,0.002869897959183576,True,stage18-scaling-24a9adb84176,0,3,7450,53
s0-step7450-f99of100-d1of2,53,C1,C4,0.002869897959183576,Q4,0.0003077870113881165,0.0009398496240601295,0.0012531328320801727,0.002869897959183576,True,stage18-scaling-24a9adb84176,0,3,7450,53
s0-step7450-f99of100-d1of2,53,C1,C5,0.0012755102040816757,Q4,0.0003077870113881165,0.0012531328320801727,0.00031328320802004317,0.0012755102040816757,True,stage18-scaling-24a9adb84176,0,3,7450,53
s0-step7450-f99of100-d1of2,53,C1,C6,0.001913265306122347,Q4,0.000615574022776233,0.0006265664160400863,0.00031328320802004317,0.001913265306122347,True,stage18-scaling-24a9adb84176,0,3,7450,53
s0-step7450-f99of100-d1of2,53,C1,C7,0.0035076530612244694,Q4,0.002462296091104932,0.0031328320802004317,0.0031328320802004317,0.0035076530612244694,True,stage18-scaling-24a9adb84176,0,3,7450,53
s0-step7450-f99of100-d1of2,53,C2,C3,0.005102040816326481,Q4,0.000615574022776344,0.001879699248120259,0.0025062656641603454,0.005102040816326481,True,stage18-scaling-24a9adb84176,0,3,7450,53
s0-step7450-f99of100-d1of2,53,C2,C4,0.005102040816326481,Q4,0.003077870113881276,0.0012531328320801727,0.0009398496240601295,0.005102040816326481,True,stage18-scaling-24a9adb84176,0,3,7450,53
s0-step7450-f99of100-d1of2,53,C2,C5,0.003693444136657509,Q1,0.003693444136657509,0.0009398496240601295,0.0006265664160400863,0.000956632653061229,True,stage18-scaling-24a9adb84176,0,3,7450,53
s0-step7450-f99of100-d1of2,53,C2,C6,0.004145408163265252,Q4,0.0027700831024931594,0.0009398496240601295,0.0006265664160400863,0.004145408163265252,True,stage18-scaling-24a9adb84176,0,3,7450,53
s0-step7450-f99of100-d1of2,53,C2,C7,0.005739795918367374,Q4,0.0009233610341644605,0.003446115288220475,0.0028195488721803885,0.005739795918367374,True,stage18-scaling-24a9adb84176,0,3,7450,53
s0-step7450-f99of100-d1of2,53,C3,C4,0.002462296091104932,Q1,0.002462296091104932,0.0006265664160400863,0.0015664160401002158,0.0,True,stage18-scaling-24a9adb84176,0,3,7450,53
s0-step7450-f99of100-d1of2,53,C3,C5,0.004145408163265252,Q4,0.003077870113881165,0.0028195488721803885,0.0031328320802004317,0.004145408163265252,True,stage18-scaling-24a9adb84176,0,3,7450,53
s0-step7450-f99of100-d1of2,53,C3,C6,0.0031328320802004317,Q3,0.0021545090797168154,0.0009398496240601295,0.0031328320802004317,0.000956632653061229,True,stage18-scaling-24a9adb84176,0,3,7450,53
s0-step7450-f99of100-d1of2,53,C3,C7,0.0015664160401002158,Q2,0.0003077870113881165,0.0015664160401002158,0.00031328320802004317,0.0006377551020408934,True,stage18-scaling-24a9adb84176,0,3,7450,53
s0-step7450-f99of100-d1of2,53,C4,C5,0.004145408163265252,Q4,0.000615574022776233,0.002192982456140302,0.0015664160401002158,0.004145408163265252,True,stage18-scaling-24a9adb84176,0,3,7450,53
s0-step7450-f99of100-d1of2,53,C4,C6,0.0015664160401002158,Q3,0.0003077870113881165,0.00031328320802004317,0.0015664160401002158,0.000956632653061229,True,stage18-scaling-24a9adb84176,0,3,7450,53
s0-step7450-f99of100-d1of2,53,C4,C7,0.002192982456140302,Q2,0.0021545090797168154,0.002192982456140302,0.001879699248120259,0.0006377551020408934,True,stage18-scaling-24a9adb84176,0,3,7450,53
s0-step7450-f99of100-d1of2,53,C5,C6,0.0031887755102040227,Q4,0.0009233610341643494,0.001879699248120259,0.0,0.0031887755102040227,True,stage18-scaling-24a9adb84176,0,3,7450,53
s0-step7450-f99of100-d1of2,53,C5,C7,0.004783163265306145,Q4,0.0027700831024930483,0.004385964912280604,0.003446115288220475,0.004783163265306145,True,stage18-scaling-24a9adb84176,0,3,7450,53
s0-step7450-f99of100-d1of2,53,C6,C7,0.003446115288220475,Q3,0.001846722068328699,0.0025062656641603454,0.003446115288220475,0.0015943877551021224,True,stage18-scaling-24a9adb84176,0,3,7450,53
s0-step7450-f99of100-d3of4,54,C1,C2,0.0033856571252693923,Q1,0.0033856571252693923,0.00031328320802004317,0.00031328320802004317,0.0022321428571429047,True,stage18-scaling-24a9adb84176,0,3,7450,54
s0-step7450-f99of100-d3of4,54,C1,C3,0.002869897959183576,Q4,0.0027700831024930483,0.0015664160401002158,0.0028195488721803885,0.002869897959183576,True,stage18-scaling-24a9adb84176,0,3,7450,54
s0-step7450-f99of100-d3of4,54,C1,C4,0.002869897959183576,Q4,0.0003077870113881165,0.0009398496240601295,0.0012531328320801727,0.002869897959183576,True,stage18-scaling-24a9adb84176,0,3,7450,54
s0-step7450-f99of100-d3of4,54,C1,C5,0.0012755102040816757,Q4,0.0003077870113881165,0.0012531328320801727,0.00031328320802004317,0.0012755102040816757,True,stage18-scaling-24a9adb84176,0,3,7450,54
s0-step7450-f99of100-d3of4,54,C1,C6,0.001913265306122347,Q4,0.000615574022776233,0.0006265664160400863,0.00031328320802004317,0.001913265306122347,True,stage18-scaling-24a9adb84176,0,3,7450,54
s0-step7450-f99of100-d3of4,54,C1,C7,0.0035076530612244694,Q4,0.002462296091104932,0.0031328320802004317,0.0031328320802004317,0.0035076530612244694,True,stage18-scaling-24a9adb84176,0,3,7450,54
s0-step7450-f99of100-d3of4,54,C2,C3,0.005102040816326481,Q4,0.000615574022776344,0.001879699248120259,0.0025062656641603454,0.005102040816326481,True,stage18-scaling-24a9adb84176,0,3,7450,54
s0-step7450-f99of100-d3of4,54,C2,C4,0.005102040816326481,Q4,0.003077870113881276,0.0012531328320801727,0.0009398496240601295,0.005102040816326481,True,stage18-scaling-24a9adb84176,0,3,7450,54
s0-step7450-f99of100-d3of4,54,C2,C5,0.003693444136657509,Q1,0.003693444136657509,0.0009398496240601295,0.0006265664160400863,0.000956632653061229,True,stage18-scaling-24a9adb84176,0,3,7450,54
s0-step7450-f99of100-d3of4,54,C2,C6,0.004145408163265252,Q4,0.0027700831024931594,0.0009398496240601295,0.0006265664160400863,0.004145408163265252,True,stage18-scaling-24a9adb84176,0,3,7450,54
s0-step7450-f99of100-d3of4,54,C2,C7,0.005739795918367374,Q4,0.0009233610341644605,0.003446115288220475,0.0028195488721803885,0.005739795918367374,True,stage18-scaling-24a9adb84176,0,3,7450,54
s0-step7450-f99of100-d3of4,54,C3,C4,0.002462296091104932,Q1,0.002462296091104932,0.0006265664160400863,0.0015664160401002158,0.0,True,stage18-scaling-24a9adb84176,0,3,7450,54
s0-step7450-f99of100-d3of4,54,C3,C5,0.004145408163265252,Q4,0.003077870113881165,0.0028195488721803885,0.0031328320802004317,0.004145408163265252,True,stage18-scaling-24a9adb84176,0,3,7450,54
s0-step7450-f99of100-d3of4,54,C3,C6,0.0031328320802004317,Q3,0.0021545090797168154,0.0009398496240601295,0.0031328320802004317,0.000956632653061229,True,stage18-scaling-24a9adb84176,0,3,7450,54
s0-step7450-f99of100-d3of4,54,C3,C7,0.0015664160401002158,Q2,0.0003077870113881165,0.0015664160401002158,0.00031328320802004317,0.0006377551020408934,True,stage18-scaling-24a9adb84176,0,3,7450,54
s0-step7450-f99of100-d3of4,54,C4,C5,0.004145408163265252,Q4,0.000615574022776233,0.002192982456140302,0.0015664160401002158,0.004145408163265252,True,stage18-scaling-24a9adb84176,0,3,7450,54
s0-step7450-f99of100-d3of4,54,C4,C6,0.0015664160401002158,Q3,0.0003077870113881165,0.00031328320802004317,0.0015664160401002158,0.000956632653061229,True,stage18-scaling-24a9adb84176,0,3,7450,54
s0-step7450-f99of100-d3of4,54,C4,C7,0.002192982456140302,Q2,0.0021545090797168154,0.002192982456140302,0.001879699248120259,0.0006377551020408934,True,stage18-scaling-24a9adb84176,0,3,7450,54
s0-step7450-f99of100-d3of4,54,C5,C6,0.0031887755102040227,Q4,0.0009233610341643494,0.001879699248120259,0.0,0.0031887755102040227,True,stage18-scaling-24a9adb84176,0,3,7450,54
s0-step7450-f99of100-d3of4,54,C5,C7,0.004783163265306145,Q4,0.0027700831024930483,0.004385964912280604,0.003446115288220475,0.004783163265306145,True,stage18-scaling-24a9adb84176,0,3,7450,54
s0-step7450-f99of100-d3of4,54,C6,C7,0.003446115288220475,Q3,0.001846722068328699,0.0025062656641603454,0.003446115288220475,0.0015943877551021224,True,stage18-scaling-24a9adb84176,0,3,7450,54
s0-step8150-f4of5-d1of4,55,C1,C2,0.045552477685441684,Q1,0.045552477685441684,0.001879699248120259,0.0028195488721804995,0.017538265306122458,True,stage18-scaling-24a9adb84176,0,4,8150,55
s0-step8150-f4of5-d1of2,56,C1,C2,0.045552477685441684,Q1,0.045552477685441684,0.001879699248120259,0.0028195488721804995,0.017538265306122458,True,stage18-scaling-24a9adb84176,0,4,8150,56
s0-step8150-f4of5-d1of2,56,C1,C3,0.0403200984918437,Q1,0.0403200984918437,0.008458646616541388,0.009085213032581474,0.013073979591836649,True,stage18-scaling-24a9adb84176,0,4,8150,56
s0-step8150-f4of5-d1of2,56,C1,C4,0.02031394275161591,Q1,0.02031394275161591,0.004385964912280715,0.005012531328320802,0.009885204081632626,True,stage18-scaling-24a9adb84176,0,4,8150,56
s0-step8150-f4of5-d1of2,56,C1,C5,0.021852877808556492,Q1,0.021852877808556492,0.010964912280701733,0.01065162907268169,0.017857142857142794,True,stage18-scaling-24a9adb84176,0,4,8150,56
s0-step8150-f4of5-d1of2,56,C1,C6,0.01754385964912286,Q1,0.01754385964912286,0.0015664160401002158,0.003446115288220586,0.009885204081632626,True,stage18-scaling-24a9adb84176,0,4,8150,56
s0-step8150-f4of5-d1of2,56,C2,C3,0.030612244897959107,Q4,0.00523237919359798,0.010338345864661647,0.011904761904761973,0.030612244897959107,True,stage18-scaling-24a9adb84176,0,4,8150,56
s0-step8150-f4of5-d1of2,56,C2,C4,0.027423469387755084,Q4,0.025238534933825774,0.006265664160400974,0.007832080200501301,0.027423469387755084,True,stage18-scaling-24a9adb84176,0,4,8150,56
s0-step8150-f4of5-d1of2,56,C2,C5,0.03539540816326525,Q4,0.02369959987688519,0.012844611528821992,0.01347117794486219,0.03539540816326525,True,stage18-scaling-24a9adb84176,0,4,8150,56
s0-step8150-f4of5-d1of2,56,C2,C6,0.028008618036318822,Q1,0.028008618036318822,0.00031328320802004317,0.0006265664160400863,0.027423469387755084,True,stage18-scaling-24a9adb84176,0,4,8150,56
s0-step8150-f4of5-d1of2,56,C3,C4,0.020006155740227793,Q1,0.020006155740227793,0.004072681704260672,0.004072681704260672,0.0031887755102040227,True,stage18-scaling-24a9adb84176,0,4,8150,56
s0-step8150-f4of5-d1of2,56,C3,C5,0.01846722068328721,Q1,0.01846722068328721,0.0025062656641603454,0.0015664160401002158,0.004783163265306145,True,stage18-scaling-24a9adb84176,0,4,8150,56
s0-step8150-f4of5-d1of2,56,C3,C6,0.022776238842720842,Q1,0.022776238842720842,0.010025062656641603,0.01253132832080206,0.0031887755102040227,True,stage18-scaling-24a9adb84176,0,4,8150,56
s0-step8150-f4of5-d1of2,56,C4,C5,0.007971938775510168,Q4,0.0015389350569405824,0.006578947368421018,0.005639097744360888,0.007971938775510168,True,stage18-scaling-24a9adb84176,0,4,8150,56
s0-step8150-f4of5-d1of2,56,C4,C6,0.008458646616541388,Q3,0.0027700831024930483,0.005952380952380931,0.008458646616541388,0.0,True,stage18-scaling-24a9adb84176,0,4,8150,56
s0-step8150-f4of5-d1of2,56,C5,C6,0.014097744360902276,Q3,0.004309018159433631,0.012531328320801949,0.014097744360902276,0.007971938775510168,True,stage18-scaling-24a9adb84176,0,4,8150,56
s0-step8150-f4of5-d3of4,57,C1,C2,0.045552477685441684,Q1,0.045552477685441684,0.001879699248120259,0.0028195488721804995,0.017538265306122458,True,stage18-scaling-24a9adb84176,0,4,8150,57
s0-step8150-f4of5-d3of4,57,C1,C3,0.0403200984918437,Q1,0.0403200984918437,0.008458646616541388,0.009085213032581474,0.013073979591836649,True,stage18-scaling-24a9adb84176,0,4,8150,57
s0-step8150-f4of5-d3of4,57,C1,C4,0.02031394275161591,Q1,0.02031394275161591,0.004385964912280715,0.005012531328320802,0.009885204081632626,True,stage18-scaling-24a9adb84176,0,4,8150,57
s0-step8150-f4of5-d3of4,57,C1,C5,0.021852877808556492,Q1,0.021852877808556492,0.010964912280701733,0.01065162907268169,0.017857142857142794,True,stage18-scaling-24a9adb84176,0,4,8150,57
s0-step8150-f4of5-d3of4,57,C1,C6,0.01754385964912286,Q1,0.01754385964912286,0.0015664160401002158,0.003446115288220586,0.009885204081632626,True,stage18-scaling-24a9adb84176,0,4,8150,57
s0-step8150-f4of5-d3of4,57,C2,C3,0.030612244897959107,Q4,0.00523237919359798,0.010338345864661647,0.011904761904761973,0.030612244897959107,True,stage18-scaling-24a9adb84176,0,4,8150,57
s0-step8150-f4of5-d3of4,57,C2,C4,0.027423469387755084,Q4,0.025238534933825774,0.006265664160400974,0.007832080200501301,0.027423469387755084,True,stage18-scaling-24a9adb84176,0,4,8150,57
s0-step8150-f4of5-d3of4,57,C2,C5,0.03539540816326525,Q4,0.02369959987688519,0.012844611528821992,0.01347117794486219,0.03539540816326525,True,stage18-scaling-24a9adb84176,0,4,8150,57
s0-step8150-f4of5-d3of4,57,C2,C6,0.028008618036318822,Q1,0.028008618036318822,0.00031328320802004317,0.0006265664160400863,0.027423469387755084,True,stage18-scaling-24a9adb84176,0,4,8150,57
s0-step8150-f4of5-d3of4,57,C3,C4,0.020006155740227793,Q1,0.020006155740227793,0.004072681704260672,0.004072681704260672,0.0031887755102040227,True,stage18-scaling-24a9adb84176,0,4,8150,57
s0-step8150-f4of5-d3of4,57,C3,C5,0.01846722068328721,Q1,0.01846722068328721,0.0025062656641603454,0.0015664160401002158,0.004783163265306145,True,stage18-scaling-24a9adb84176,0,4,8150,57
s0-step8150-f4of5-d3of4,57,C3,C6,0.022776238842720842,Q1,0.022776238842720842,0.010025062656641603,0.01253132832080206,0.0031887755102040227,True,stage18-scaling-24a9adb84176,0,4,8150,57
s0-step8150-f4of5-d3of4,57,C4,C5,0.007971938775510168,Q4,0.0015389350569405824,0.006578947368421018,0.005639097744360888,0.007971938775510168,True,stage18-scaling-24a9adb84176,0,4,8150,57
s0-step8150-f4of5-d3of4,57,C4,C6,0.008458646616541388,Q3,0.0027700831024930483,0.005952380952380931,0.008458646616541388,0.0,True,stage18-scaling-24a9adb84176,0,4,8150,57
s0-step8150-f4of5-d3of4,57,C5,C6,0.014097744360902276,Q3,0.004309018159433631,0.012531328320801949,0.014097744360902276,0.007971938775510168,True,stage18-scaling-24a9adb84176,0,4,8150,57
s0-step8150-f17of20-d1of4,58,C1,C2,0.03316326530612246,Q4,0.000615574022776233,0.01942355889724312,0.01848370927318288,0.03316326530612246,True,stage18-scaling-24a9adb84176,0,4,8150,58
s0-step8150-f17of20-d1of4,58,C1,C3,0.030701754385964897,Q3,0.016312711603570285,0.03007518796992481,0.030701754385964897,0.0073341836734693855,True,stage18-scaling-24a9adb84176,0,4,8150,58
s0-step8150-f17of20-d1of4,58,C2,C3,0.025829081632653073,Q4,0.016928285626346518,0.01065162907268169,0.012218045112782017,0.025829081632653073,True,stage18-scaling-24a9adb84176,0,4,8150,58
s0-step8150-f17of20-d1of2,59,C1,C2,0.03316326530612246,Q4,0.000615574022776233,0.01942355889724312,0.01848370927318288,0.03316326530612246,True,stage18-scaling-24a9adb84176,0,4,8150,59
s0-step8150-f17of20-d1of2,59,C1,C3,0.030701754385964897,Q3,0.016312711603570285,0.03007518796992481,0.030701754385964897,0.0073341836734693855,True,stage18-scaling-24a9adb84176,0,4,8150,59
s0-step8150-f17of20-d1of2,59,C1,C4,0.02725563909774431,Q3,0.012927054478301003,0.02318295739348375,0.02725563909774431,0.012755102040816313,True,stage18-scaling-24a9adb84176,0,4,8150,59
s0-step8150-f17of20-d1of2,59,C1,C5,0.013542628501077236,Q1,0.013542628501077236,0.005639097744360888,0.009085213032581363,0.0003188775510204467,True,stage18-scaling-24a9adb84176,0,4,8150,59
s0-step8150-f17of20-d1of2,59,C1,C6,0.015943877551020447,Q4,0.012619267466912887,0.014097744360902276,0.01566416040100249,0.015943877551020447,True,stage18-scaling-24a9adb84176,0,4,8150,59
s0-step8150-f17of20-d1of2,59,C2,C3,0.025829081632653073,Q4,0.016928285626346518,0.01065162907268169,0.012218045112782017,0.025829081632653073,True,stage18-scaling-24a9adb84176,0,4,8150,59
s0-step8150-f17of20-d1of2,59,C2,C4,0.020408163265306145,Q4,0.013542628501077236,0.003759398496240629,0.00877192982456143,0.020408163265306145,True,stage18-scaling-24a9adb84176,0,4,8150,59
s0-step8150-f17of20-d1of2,59,C2,C5,0.033482142857142905,Q4,0.012927054478301003,0.013784461152882233,0.009398496240601517,0.033482142857142905,True,stage18-scaling-24a9adb84176,0,4,8150,59
s0-step8150-f17of20-d1of2,59,C2,C6,0.01721938775510201,Q4,0.012003693444136654,0.005325814536340845,0.0028195488721803885,0.01721938775510201,True,stage18-scaling-24a9adb84176,0,4,8150,59
s0-step8150-f17of20-d1of2,59,C3,C4,0.006892230576441061,Q2,0.0033856571252692813,0.006892230576441061,0.003446115288220586,0.0054209183673469274,True,stage18-scaling-24a9adb84176,0,4,8150,59
s0-step8150-f17of20-d1of2,59,C3,C5,0.02985534010464752,Q1,0.02985534010464752,0.024436090225563922,0.021616541353383534,0.007653061224489832,True,stage18-scaling-24a9adb84176,0,4,8150,59
s0-step8150-f17of20-d1of2,59,C3,C6,0.02893197907048317,Q1,0.02893197907048317,0.015977443609022535,0.015037593984962405,0.008609693877551061,True,stage18-scaling-24a9adb84176,0,4,8150,59
s0-step8150-f17of20-d1of2,59,C4,C5,0.02646968297937824,Q1,0.02646968297937824,0.01754385964912286,0.018170426065162948,0.01307397959183676,True,stage18-scaling-24a9adb84176,0,4,8150,59
s0-step8150-f17of20-d1of2,59,C4,C6,0.02554632194521389,Q1,0.02554632194521389,0.009085213032581474,0.01159147869674182,0.0031887755102041337,True,stage18-scaling-24a9adb84176,0,4,8150,59
s0-step8150-f17of20-d1of2,59,C5,C6,0.016262755102040893,Q4,0.0009233610341643494,0.008458646616541388,0.006578947368421129,0.016262755102040893,True,stage18-scaling-24a9adb84176,0,4,8150,59
s0-step8150-f17of20-d3of4,60,C1,C2,0.03316326530612246,Q4,0.000615574022776233,0.01942355889724312,0.01848370927318288,0.03316326530612246,True,stage18-scaling-24a9adb84176,0,4,8150,60
s0-step8150-f17of20-d3of4,60,C1,C3,0.030701754385964897,Q3,0.016312711603570285,0.03007518796992481,0.030701754385964897,0.0073341836734693855,True,stage18-scaling-24a9adb84176,0,4,8150,60
s0-step8150-f17of20-d3of4,60,C1,C4,0.02725563909774431,Q3,0.012927054478301003,0.02318295739348375,0.02725563909774431,0.012755102040816313,True,stage18-scaling-24a9adb84176,0,4,8150,60
s0-step8150-f17of20-d3of4,60,C1,C5,0.013542628501077236,Q1,0.013542628501077236,0.005639097744360888,0.009085213032581363,0.0003188775510204467,True,stage18-scaling-24a9adb84176,0,4,8150,60
s0-step8150-f17of20-d3of4,60,C1,C6,0.015943877551020447,Q4,0.012619267466912887,0.014097744360902276,0.01566416040100249,0.015943877551020447,True,stage18-scaling-24a9adb84176,0,4,8150,60
s0-step8150-f17of20-d3of4,60,C2,C3,0.025829081632653073,Q4,0.016928285626346518,0.01065162907268169,0.012218045112782017,0.025829081632653073,True,stage18-scaling-24a9adb84176,0,4,8150,60
s0-step8150-f17of20-d3of4,60,C2,C4,0.020408163265306145,Q4,0.013542628501077236,0.003759398496240629,0.00877192982456143,0.020408163265306145,True,stage18-scaling-24a9adb84176,0,4,8150,60
s0-step8150-f17of20-d3of4,60,C2,C5,0.033482142857142905,Q4,0.012927054478301003,0.013784461152882233,0.009398496240601517,0.033482142857142905,True,stage18-scaling-24a9adb84176,0,4,8150,60
s0-step8150-f17of20-d3of4,60,C2,C6,0.01721938775510201,Q4,0.012003693444136654,0.005325814536340845,0.0028195488721803885,0.01721938775510201,True,stage18-scaling-24a9adb84176,0,4,8150,60
s0-step8150-f17of20-d3of4,60,C3,C4,0.006892230576441061,Q2,0.0033856571252692813,0.006892230576441061,0.003446115288220586,0.0054209183673469274,True,stage18-scaling-24a9adb84176,0,4,8150,60
s0-step8150-f17of20-d3of4,60,C3,C5,0.02985534010464752,Q1,0.02985534010464752,0.024436090225563922,0.021616541353383534,0.007653061224489832,True,stage18-scaling-24a9adb84176,0,4,8150,60
s0-step8150-f17of20-d3of4,60,C3,C6,0.02893197907048317,Q1,0.02893197907048317,0.015977443609022535,0.015037593984962405,0.008609693877551061,True,stage18-scaling-24a9adb84176,0,4,8150,60
s0-step8150-f17of20-d3of4,60,C4,C5,0.02646968297937824,Q1,0.02646968297937824,0.01754385964912286,0.018170426065162948,0.01307397959183676,True,stage18-scaling-24a9adb84176,0,4,8150,60
s0-step8150-f17of20-d3of4,60,C4,C6,0.02554632194521389,Q1,0.02554632194521389,0.009085213032581474,0.01159147869674182,0.0031887755102041337,True,stage18-scaling-24a9adb84176,0,4,8150,60
s0-step8150-f17of20-d3of4,60,C5,C6,0.016262755102040893,Q4,0.0009233610341643494,0.008458646616541388,0.006578947368421129,0.016262755102040893,True,stage18-scaling-24a9adb84176,0,4,8150,60
s0-step8150-f9of10-d1of4,61,C1,C2,0.01817602040816324,Q4,0.010156971375807955,0.008458646616541388,0.009398496240601517,0.01817602040816324,True,stage18-scaling-24a9adb84176,0,4,8150,61
s0-step8150-f9of10-d1of4,61,C1,C3,0.015943877551020447,Q4,0.006463527239150557,0.006265664160401085,0.007832080200501301,0.015943877551020447,True,stage18-scaling-24a9adb84176,0,4,8150,61
s0-step8150-f9of10-d1of4,61,C2,C3,0.016620498614958512,Q1,0.016620498614958512,0.002192982456140302,0.0015664160401002158,0.0022321428571427937,True,stage18-scaling-24a9adb84176,0,4,8150,61
s0-step8150-f9of10-d1of2,62,C1,C2,0.01817602040816324,Q4,0.010156971375807955,0.008458646616541388,0.009398496240601517,0.01817602040816324,True,stage18-scaling-24a9adb84176,0,4,8150,62
s0-step8150-f9of10-d1of2,62,C1,C3,0.015943877551020447,Q4,0.006463527239150557,0.006265664160401085,0.007832080200501301,0.015943877551020447,True,stage18-scaling-24a9adb84176,0,4,8150,62
s0-step8150-f9of10-d1of2,62,C1,C4,0.033482142857142905,Q4,0.0015389350569405824,0.006265664160401085,0.007832080200501301,0.033482142857142905,True,stage18-scaling-24a9adb84176,0,4,8150,62
s0-step8150-f9of10-d1of2,62,C1,C5,0.03284438775510201,Q4,0.012619267466912887,0.00187969924812037,0.004072681704260672,0.03284438775510201,True,stage18-scaling-24a9adb84176,0,4,8150,62
s0-step8150-f9of10-d1of2,62,C1,C6,0.025510204081632626,Q4,0.004924592182209864,0.0025062656641603454,0.0006265664160400863,0.025510204081632626,True,stage18-scaling-24a9adb84176,0,4,8150,62
s0-step8150-f9of10-d1of2,62,C2,C3,0.016620498614958512,Q1,0.016620498614958512,0.002192982456140302,0.0015664160401002158,0.0022321428571427937,True,stage18-scaling-24a9adb84176,0,4,8150,62
s0-step8150-f9of10-d1of2,62,C2,C4,0.015306122448979664,Q4,0.011695906432748537,0.002192982456140302,0.0015664160401002158,0.015306122448979664,True,stage18-scaling-24a9adb84176,0,4,8150,62
s0-step8150-f9of10-d1of2,62,C2,C5,0.014668367346938771,Q4,0.002462296091104932,0.006578947368421018,0.005325814536340845,0.014668367346938771,True,stage18-scaling-24a9adb84176,0,4,8150,62
s0-step8150-f9of10-d1of2,62,C2,C6,0.010964912280701733,Q2,0.005232379193598091,0.010964912280701733,0.010025062656641603,0.0073341836734693855,True,stage18-scaling-24a9adb84176,0,4,8150,62
s0-step8150-f9of10-d1of2,62,C3,C4,0.017538265306122458,Q4,0.004924592182209975,0.0,0.0,0.017538265306122458,True,stage18-scaling-24a9adb84176,0,4,8150,62
s0-step8150-f9of10-d1of2,62,C3,C5,0.019082794706063444,Q1,0.019082794706063444,0.004385964912280715,0.003759398496240629,0.016900510204081565,True,stage18-scaling-24a9adb84176,0,4,8150,62
s0-step8150-f9of10-d1of2,62,C3,C6,0.011388119421360421,Q1,0.011388119421360421,0.00877192982456143,0.008458646616541388,0.00956632653061218,True,stage18-scaling-24a9adb84176,0,4,8150,62
s0-step8150-f9of10-d1of2,62,C4,C5,0.01415820252385347,Q1,0.01415820252385347,0.004385964912280715,0.003759398496240629,0.0006377551020408934,True,stage18-scaling-24a9adb84176,0,4,8150,62
s0-step8150-f9of10-d1of2,62,C4,C6,0.00877192982456143,Q2,0.006463527239150446,0.00877192982456143,0.008458646616541388,0.007971938775510279,True,stage18-scaling-24a9adb84176,0,4,8150,62
s0-step8150-f9of10-d1of2,62,C5,C6,0.007694675284703023,Q1,0.007694675284703023,0.004385964912280715,0.0046992481203007586,0.0073341836734693855,True,stage18-scaling-24a9adb84176,0,4,8150,62
s0-step8150-f9of10-d3of4,63,C1,C2,0.01817602040816324,Q4,0.010156971375807955,0.008458646616541388,0.009398496240601517,0.01817602040816324,True,stage18-scaling-24a9adb84176,0,4,8150,63
s0-step8150-f9of10-d3of4,63,C1,C3,0.015943877551020447,Q4,0.006463527239150557,0.006265664160401085,0.007832080200501301,0.015943877551020447,True,stage18-scaling-24a9adb84176,0,4,8150,63
s0-step8150-f9of10-d3of4,63,C1,C4,0.033482142857142905,Q4,0.0015389350569405824,0.006265664160401085,0.007832080200501301,0.033482142857142905,True,stage18-scaling-24a9adb84176,0,4,8150,63
s0-step8150-f9of10-d3of4,63,C1,C5,0.03284438775510201,Q4,0.012619267466912887,0.00187969924812037,0.004072681704260672,0.03284438775510201,True,stage18-scaling-24a9adb84176,0,4,8150,63
s0-step8150-f9of10-d3of4,63,C1,C6,0.025510204081632626,Q4,0.004924592182209864,0.0025062656641603454,0.0006265664160400863,0.025510204081632626,True,stage18-scaling-24a9adb84176,0,4,8150,63
s0-step8150-f9of10-d3of4,63,C2,C3,0.016620498614958512,Q1,0.016620498614958512,0.002192982456140302,0.0015664160401002158,0.0022321428571427937,True,stage18-scaling-24a9adb84176,0,4,8150,63
s0-step8150-f9of10-d3of4,63,C2,C4,0.015306122448979664,Q4,0.011695906432748537,0.002192982456140302,0.0015664160401002158,0.015306122448979664,True,stage18-scaling-24a9adb84176,0,4,8150,63
s0-step8150-f9of10-d3of4,63,C2,C5,0.014668367346938771,Q4,0.002462296091104932,0.006578947368421018,0.005325814536340845,0.014668367346938771,True,stage18-scaling-24a9adb84176,0,4,8150,63
s0-step8150-f9of10-d3of4,63,C2,C6,0.010964912280701733,Q2,0.005232379193598091,0.010964912280701733,0.010025062656641603,0.0073341836734693855,True,stage18-scaling-24a9adb84176,0,4,8150,63
s0-step8150-f9of10-d3of4,63,C3,C4,0.017538265306122458,Q4,0.004924592182209975,0.0,0.0,0.017538265306122458,True,stage18-scaling-24a9adb84176,0,4,8150,63
s0-step8150-f9of10-d3of4,63,C3,C5,0.019082794706063444,Q1,0.019082794706063444,0.004385964912280715,0.003759398496240629,0.016900510204081565,True,stage18-scaling-24a9adb84176,0,4,8150,63
s0-step8150-f9of10-d3of4,63,C3,C6,0.011388119421360421,Q1,0.011388119421360421,0.00877192982456143,0.008458646616541388,0.00956632653061218,True,stage18-scaling-24a9adb84176,0,4,8150,63
s0-step8150-f9of10-d3of4,63,C4,C5,0.01415820252385347,Q1,0.01415820252385347,0.004385964912280715,0.003759398496240629,0.0006377551020408934,True,stage18-scaling-24a9adb84176,0,4,8150,63
s0-step8150-f9of10-d3of4,63,C4,C6,0.00877192982456143,Q2,0.006463527239150446,0.00877192982456143,0.008458646616541388,0.007971938775510279,True,stage18-scaling-24a9adb84176,0,4,8150,63
s0-step8150-f9of10-d3of4,63,C5,C6,0.007694675284703023,Q1,0.007694675284703023,0.004385964912280715,0.0046992481203007586,0.0073341836734693855,True,stage18-scaling-24a9adb84176,0,4,8150,63
s0-step8150-f19of20-d1of4,64,C1,C2,0.009247448979591844,Q4,0.00523237919359798,0.00031328320802004317,0.001879699248120259,0.009247448979591844,True,stage18-scaling-24a9adb84176,0,4,8150,64
s0-step8150-f19of20-d1of2,65,C1,C2,0.009247448979591844,Q4,0.00523237919359798,0.00031328320802004317,0.001879699248120259,0.009247448979591844,True,stage18-scaling-24a9adb84176,0,4,8150,65
s0-step8150-f19of20-d1of2,65,C1,C3,0.014987244897959218,Q4,0.004309018159433631,0.0009398496240602405,0.0,0.014987244897959218,True,stage18-scaling-24a9adb84176,0,4,8150,65
s0-step8150-f19of20-d1of2,65,C1,C4,0.007653061224489832,Q4,0.003693444136657398,0.0028195488721804995,0.004385964912280715,0.007653061224489832,True,stage18-scaling-24a9adb84176,0,4,8150,65
s0-step8150-f19of20-d1of2,65,C1,C5,0.010841836734693855,Q4,0.0003077870113881165,0.0015664160401003269,0.003759398496240629,0.010841836734693855,True,stage18-scaling-24a9adb84176,0,4,8150,65
s0-step8150-f19of20-d1of2,65,C1,C6,0.012436224489795866,Q4,0.0015389350569405824,0.005639097744360888,0.005952380952380931,0.012436224489795866,True,stage18-scaling-24a9adb84176,0,4,8150,65
s0-step8150-f19of20-d1of2,65,C2,C3,0.005739795918367374,Q4,0.0009233610341643494,0.0006265664160401974,0.001879699248120259,0.005739795918367374,True,stage18-scaling-24a9adb84176,0,4,8150,65
s0-step8150-f19of20-d1of2,65,C2,C4,0.008925823330255378,Q1,0.008925823330255378,0.0025062656641604564,0.0025062656641604564,0.0015943877551020114,True,stage18-scaling-24a9adb84176,0,4,8150,65
s0-step8150-f19of20-d1of2,65,C2,C5,0.004924592182209864,Q1,0.004924592182209864,0.0012531328320802837,0.00187969924812037,0.0015943877551020114,True,stage18-scaling-24a9adb84176,0,4,8150,65
s0-step8150-f19of20-d1of2,65,C2,C6,0.005325814536340845,Q2,0.003693444136657398,0.005325814536340845,0.004072681704260672,0.0031887755102040227,True,stage18-scaling-24a9adb84176,0,4,8150,65
s0-step8150-f19of20-d1of2,65,C3,C4,0.008002462296091029,Q1,0.008002462296091029,0.001879699248120259,0.004385964912280715,0.0073341836734693855,True,stage18-scaling-24a9adb84176,0,4,8150,65
s0-step8150-f19of20-d1of2,65,C3,C5,0.004145408163265363,Q4,0.004001231148045514,0.0006265664160400863,0.003759398496240629,0.004145408163265363,True,stage18-scaling-24a9adb84176,0,4,8150,65
s0-step8150-f19of20-d1of2,65,C3,C6,0.005952380952380931,Q3,0.0027700831024930483,0.0046992481203006475,0.005952380952380931,0.0025510204081633514,True,stage18-scaling-24a9adb84176,0,4,8150,65
s0-step8150-f19of20-d1of2,65,C4,C5,0.004001231148045514,Q1,0.004001231148045514,0.0012531328320801727,0.0006265664160400863,0.0031887755102040227,True,stage18-scaling-24a9adb84176,0,4,8150,65
s0-step8150-f19of20-d1of2,65,C4,C6,0.00523237919359798,Q1,0.00523237919359798,0.0028195488721803885,0.0015664160401002158,0.004783163265306034,True,stage18-scaling-24a9adb84176,0,4,8150,65
s0-step8150-f19of20-d1of2,65,C5,C6,0.004072681704260561,Q2,0.001231148045552466,0.004072681704260561,0.002192982456140302,0.0015943877551020114,True,stage18-scaling-24a9adb84176,0,4,8150,65
s0-step8150-f19of20-d3of4,66,C1,C2,0.009247448979591844,Q4,0.00523237919359798,0.00031328320802004317,0.001879699248120259,0.009247448979591844,True,stage18-scaling-24a9adb84176,0,4,8150,66
s0-step8150-f19of20-d3of4,66,C1,C3,0.014987244897959218,Q4,0.004309018159433631,0.0009398496240602405,0.0,0.014987244897959218,True,stage18-scaling-24a9adb84176,0,4,8150,66
s0-step8150-f19of20-d3of4,66,C1,C4,0.007653061224489832,Q4,0.003693444136657398,0.0028195488721804995,0.004385964912280715,0.007653061224489832,True,stage18-scaling-24a9adb84176,0,4,8150,66
s0-step8150-f19of20-d3of4,66,C1,C5,0.010841836734693855,Q4,0.0003077870113881165,0.0015664160401003269,0.003759398496240629,0.010841836734693855,True,stage18-scaling-24a9adb84176,0,4,8150,66
s0-step8150-f19of20-d3of4,66,C1,C6,0.012436224489795866,Q4,0.0015389350569405824,0.005639097744360888,0.005952380952380931,0.012436224489795866,True,stage18-scaling-24a9adb84176,0,4,8150,66
s0-step8150-f19of20-d3of4,66,C2,C3,0.005739795918367374,Q4,0.0009233610341643494,0.0006265664160401974,0.001879699248120259,0.005739795918367374,True,stage18-scaling-24a9adb84176,0,4,8150,66
s0-step8150-f19of20-d3of4,66,C2,C4,0.008925823330255378,Q1,0.008925823330255378,0.0025062656641604564,0.0025062656641604564,0.0015943877551020114,True,stage18-scaling-24a9adb84176,0,4,8150,66
s0-step8150-f19of20-d3of4,66,C2,C5,0.004924592182209864,Q1,0.004924592182209864,0.0012531328320802837,0.00187969924812037,0.0015943877551020114,True,stage18-scaling-24a9adb84176,0,4,8150,66
s0-step8150-f19of20-d3of4,66,C2,C6,0.005325814536340845,Q2,0.003693444136657398,0.005325814536340845,0.004072681704260672,0.0031887755102040227,True,stage18-scaling-24a9adb84176,0,4,8150,66
s0-step8150-f19of20-d3of4,66,C3,C4,0.008002462296091029,Q1,0.008002462296091029,0.001879699248120259,0.004385964912280715,0.0073341836734693855,True,stage18-scaling-24a9adb84176,0,4,8150,66
s0-step8150-f19of20-d3of4,66,C3,C5,0.004145408163265363,Q4,0.004001231148045514,0.0006265664160400863,0.003759398496240629,0.004145408163265363,True,stage18-scaling-24a9adb84176,0,4,8150,66
s0-step8150-f19of20-d3of4,66,C3,C6,0.005952380952380931,Q3,0.0027700831024930483,0.0046992481203006475,0.005952380952380931,0.0025510204081633514,True,stage18-scaling-24a9adb84176,0,4,8150,66
s0-step8150-f19of20-d3of4,66,C4,C5,0.004001231148045514,Q1,0.004001231148045514,0.0012531328320801727,0.0006265664160400863,0.0031887755102040227,True,stage18-scaling-24a9adb84176,0,4,8150,66
s0-step8150-f19of20-d3of4,66,C4,C6,0.00523237919359798,Q1,0.00523237919359798,0.0028195488721803885,0.0015664160401002158,0.004783163265306034,True,stage18-scaling-24a9adb84176,0,4,8150,66
s0-step8150-f19of20-d3of4,66,C5,C6,0.004072681704260561,Q2,0.001231148045552466,0.004072681704260561,0.002192982456140302,0.0015943877551020114,True,stage18-scaling-24a9adb84176,0,4,8150,66
s0-step8150-f39of40-d1of4,67,C1,C2,0.008609693877551061,Q4,0.0009233610341643494,0.005325814536340845,0.004385964912280715,0.008609693877551061,True,stage18-scaling-24a9adb84176,0,4,8150,67
s0-step8150-f39of40-d1of4,67,C1,C3,0.013850415512465353,Q1,0.013850415512465353,0.0,0.0015664160401002158,0.01307397959183676,True,stage18-scaling-24a9adb84176,0,4,8150,67
s0-step8150-f39of40-d1of4,67,C1,C4,0.003446115288220586,Q2,0.001231148045552466,0.003446115288220586,0.0012531328320802837,0.001913265306122458,True,stage18-scaling-24a9adb84176,0,4,8150,67
s0-step8150-f39of40-d1of4,67,C1,C5,0.009233610341643606,Q1,0.009233610341643606,0.0006265664160400863,0.0012531328320801727,0.00701530612244905,True,stage18-scaling-24a9adb84176,0,4,8150,67
s0-step8150-f39of40-d1of4,67,C2,C3,0.012927054478301003,Q1,0.012927054478301003,0.005325814536340845,0.005952380952380931,0.004464285714285698,True,stage18-scaling-24a9adb84176,0,4,8150,67
s0-step8150-f39of40-d1of4,67,C2,C4,0.006696428571428603,Q4,0.0021545090797168154,0.001879699248120259,0.0031328320802004317,0.006696428571428603,True,stage18-scaling-24a9adb84176,0,4,8150,67
s0-step8150-f39of40-d1of4,67,C2,C5,0.008310249307479256,Q1,0.008310249307479256,0.0046992481203007586,0.005639097744360888,0.0015943877551020114,True,stage18-scaling-24a9adb84176,0,4,8150,67
s0-step8150-f39of40-d1of4,67,C3,C4,0.015081563558017819,Q1,0.015081563558017819,0.003446115288220586,0.0028195488721804995,0.011160714285714302,True,stage18-scaling-24a9adb84176,0,4,8150,67
s0-step8150-f39of40-d1of4,67,C3,C5,0.00605867346938771,Q4,0.004616805170821747,0.0006265664160400863,0.00031328320802004317,0.00605867346938771,True,stage18-scaling-24a9adb84176,0,4,8150,67
s0-step8150-f39of40-d1of4,67,C4,C5,0.010464758387196071,Q1,0.010464758387196071,0.0028195488721804995,0.0025062656641604564,0.005102040816326592,True,stage18-scaling-24a9adb84176,0,4,8150,67
s0-step8150-f39of40-d1of2,68,C1,C2,0.008609693877551061,Q4,0.0009233610341643494,0.005325814536340845,0.004385964912280715,0.008609693877551061,True,stage18-scaling-24a9adb84176,0,4,8150,68
s0-step8150-f39of40-d1of2,68,C1,C3,0.013850415512465353,Q1,0.013850415512465353,0.0,0.0015664160401002158,0.01307397959183676,True,stage18-scaling-24a9adb84176,0,4,8150,68
s0-step8150-f39of40-d1of2,68,C1,C4,0.003446115288220586,Q2,0.001231148045552466,0.003446115288220586,0.0012531328320802837,0.001913265306122458,True,stage18-scaling-24a9adb84176,0,4,8150,68
s0-step8150-f39of40-d1of2,68,C1,C5,0.009233610341643606,Q1,0.009233610341643606,0.0006265664160400863,0.0012531328320801727,0.00701530612244905,True,stage18-scaling-24a9adb84176,0,4,8150,68
s0-step8150-f39of40-d1of2,68,C1,C6,0.0033856571252692813,Q1,0.0033856571252692813,0.0015664160401002158,0.00031328320802004317,0.0015943877551021224,True,stage18-scaling-24a9adb84176,0,4,8150,68
s0-step8150-f39of40-d1of2,68,C2,C3,0.012927054478301003,Q1,0.012927054478301003,0.005325814536340845,0.005952380952380931,0.004464285714285698,True,stage18-scaling-24a9adb84176,0,4,8150,68
s0-step8150-f39of40-d1of2,68,C2,C4,0.006696428571428603,Q4,0.0021545090797168154,0.001879699248120259,0.0031328320802004317,0.006696428571428603,True,stage18-scaling-24a9adb84176,0,4,8150,68
s0-step8150-f39of40-d1of2,68,C2,C5,0.008310249307479256,Q1,0.008310249307479256,0.0046992481203007586,0.005639097744360888,0.0015943877551020114,True,stage18-scaling-24a9adb84176,0,4,8150,68
s0-step8150-f39of40-d1of2,68,C2,C6,0.007015306122448939,Q4,0.002462296091104932,0.003759398496240629,0.0046992481203007586,0.007015306122448939,True,stage18-scaling-24a9adb84176,0,4,8150,68
s0-step8150-f39of40-d1of2,68,C3,C4,0.015081563558017819,Q1,0.015081563558017819,0.003446115288220586,0.0028195488721804995,0.011160714285714302,True,stage18-scaling-24a9adb84176,0,4,8150,68
s0-step8150-f39of40-d1of2,68,C3,C5,0.00605867346938771,Q4,0.004616805170821747,0.0006265664160400863,0.00031328320802004317,0.00605867346938771,True,stage18-scaling-24a9adb84176,0,4,8150,68
s0-step8150-f39of40-d1of2,68,C3,C6,0.011479591836734637,Q4,0.010464758387196071,0.0015664160401002158,0.0012531328320801727,0.011479591836734637,True,stage18-scaling-24a9adb84176,0,4,8150,68
s0-step8150-f39of40-d1of2,68,C4,C5,0.010464758387196071,Q1,0.010464758387196071,0.0028195488721804995,0.0025062656641604564,0.005102040816326592,True,stage18-scaling-24a9adb84176,0,4,8150,68
s0-step8150-f39of40-d1of2,68,C4,C6,0.004616805170821747,Q1,0.004616805170821747,0.00187969924812037,0.0015664160401003269,0.00031887755102033566,True,stage18-scaling-24a9adb84176,0,4,8150,68
s0-step8150-f39of40-d1of2,68,C5,C6,0.005847953216374324,Q1,0.005847953216374324,0.0009398496240601295,0.0009398496240601295,0.0054209183673469274,True,stage18-scaling-24a9adb84176,0,4,8150,68
s0-step8150-f39of40-d3of4,69,C1,C2,0.008609693877551061,Q4,0.0009233610341643494,0.005325814536340845,0.004385964912280715,0.008609693877551061,True,stage18-scaling-24a9adb84176,0,4,8150,69
s0-step8150-f39of40-d3of4,69,C1,C3,0.013850415512465353,Q1,0.013850415512465353,0.0,0.0015664160401002158,0.01307397959183676,True,stage18-scaling-24a9adb84176,0,4,8150,69
s0-step8150-f39of40-d3of4,69,C1,C4,0.003446115288220586,Q2,0.001231148045552466,0.003446115288220586,0.0012531328320802837,0.001913265306122458,True,stage18-scaling-24a9adb84176,0,4,8150,69
s0-step8150-f39of40-d3of4,69,C1,C5,0.009233610341643606,Q1,0.009233610341643606,0.0006265664160400863,0.0012531328320801727,0.00701530612244905,True,stage18-scaling-24a9adb84176,0,4,8150,69
s0-step8150-f39of40-d3of4,69,C1,C6,0.0033856571252692813,Q1,0.0033856571252692813,0.0015664160401002158,0.00031328320802004317,0.0015943877551021224,True,stage18-scaling-24a9adb84176,0,4,8150,69
s0-step8150-f39of40-d3of4,69,C2,C3,0.012927054478301003,Q1,0.012927054478301003,0.005325814536340845,0.005952380952380931,0.004464285714285698,True,stage18-scaling-24a9adb84176,0,4,8150,69
s0-step8150-f39of40-d3of4,69,C2,C4,0.006696428571428603,Q4,0.0021545090797168154,0.001879699248120259,0.0031328320802004317,0.006696428571428603,True,stage18-scaling-24a9adb84176,0,4,8150,69
s0-step8150-f39of40-d3of4,69,C2,C5,0.008310249307479256,Q1,0.008310249307479256,0.0046992481203007586,0.005639097744360888,0.0015943877551020114,True,stage18-scaling-24a9adb84176,0,4,8150,69
s0-step8150-f39of40-d3of4,69,C2,C6,0.007015306122448939,Q4,0.002462296091104932,0.003759398496240629,0.0046992481203007586,0.007015306122448939,True,stage18-scaling-24a9adb84176,0,4,8150,69
s0-step8150-f39of40-d3of4,69,C3,C4,0.015081563558017819,Q1,0.015081563558017819,0.003446115288220586,0.0028195488721804995,0.011160714285714302,True,stage18-scaling-24a9adb84176,0,4,8150,69
s0-step8150-f39of40-d3of4,69,C3,C5,0.00605867346938771,Q4,0.004616805170821747,0.0006265664160400863,0.00031328320802004317,0.00605867346938771,True,stage18-scaling-24a9adb84176,0,4,8150,69
s0-step8150-f39of40-d3of4,69,C3,C6,0.011479591836734637,Q4,0.010464758387196071,0.0015664160401002158,0.0012531328320801727,0.011479591836734637,True,stage18-scaling-24a9adb84176,0,4,8150,69
s0-step8150-f39of40-d3of4,69,C4,C5,0.010464758387196071,Q1,0.010464758387196071,0.0028195488721804995,0.0025062656641604564,0.005102040816326592,True,stage18-scaling-24a9adb84176,0,4,8150,69
s0-step8150-f39of40-d3of4,69,C4,C6,0.004616805170821747,Q1,0.004616805170821747,0.00187969924812037,0.0015664160401003269,0.00031887755102033566,True,stage18-scaling-24a9adb84176,0,4,8150,69
s0-step8150-f39of40-d3of4,69,C5,C6,0.005847953216374324,Q1,0.005847953216374324,0.0009398496240601295,0.0009398496240601295,0.0054209183673469274,True,stage18-scaling-24a9adb84176,0,4,8150,69
s0-step8150-f99of100-d1of4,70,C1,C2,0.0063775510204081565,Q4,0.00523237919359798,0.0012531328320801727,0.00031328320802004317,0.0063775510204081565,True,stage18-scaling-24a9adb84176,0,4,8150,70
s0-step8150-f99of100-d1of4,70,C1,C3,0.0022321428571429047,Q4,0.000615574022776233,0.002192982456140302,0.0,0.0022321428571429047,True,stage18-scaling-24a9adb84176,0,4,8150,70
s0-step8150-f99of100-d1of4,70,C1,C4,0.004145408163265363,Q4,0.0027700831024930483,0.0,0.0012531328320801727,0.004145408163265363,True,stage18-scaling-24a9adb84176,0,4,8150,70
s0-step8150-f99of100-d1of4,70,C1,C5,0.0063775510204081565,Q4,0.005847953216374213,0.0009398496240601295,0.0,0.0063775510204081565,True,stage18-scaling-24a9adb84176,0,4,8150,70
s0-step8150-f99of100-d1of4,70,C2,C3,0.004616805170821747,Q1,0.004616805170821747,0.0009398496240601295,0.00031328320802004317,0.004145408163265252,True,stage18-scaling-24a9adb84176,0,4,8150,70
s0-step8150-f99of100-d1of4,70,C2,C4,0.002462296091104932,Q1,0.002462296091104932,0.0012531328320801727,0.0009398496240601295,0.0022321428571427937,True,stage18-scaling-24a9adb84176,0,4,8150,70
s0-step8150-f99of100-d1of4,70,C2,C5,0.000615574022776233,Q1,0.000615574022776233,0.00031328320802004317,0.00031328320802004317,0.0,True,stage18-scaling-24a9adb84176,0,4,8150,70
s0-step8150-f99of100-d1of4,70,C3,C4,0.002192982456140302,Q2,0.0021545090797168154,0.002192982456140302,0.0012531328320801727,0.001913265306122458,True,stage18-scaling-24a9adb84176,0,4,8150,70
s0-step8150-f99of100-d1of4,70,C3,C5,0.00523237919359798,Q1,0.00523237919359798,0.0012531328320801727,0.0,0.004145408163265252,True,stage18-scaling-24a9adb84176,0,4,8150,70
s0-step8150-f99of100-d1of4,70,C4,C5,0.003077870113881165,Q1,0.003077870113881165,0.0009398496240601295,0.0012531328320801727,0.0022321428571427937,True,stage18-scaling-24a9adb84176,0,4,8150,70
s0-step8150-f99of100-d1of2,71,C1,C2,0.0063775510204081565,Q4,0.00523237919359798,0.0012531328320801727,0.00031328320802004317,0.0063775510204081565,True,stage18-scaling-24a9adb84176,0,4,8150,71
s0-step8150-f99of100-d1of2,71,C1,C3,0.0022321428571429047,Q4,0.000615574022776233,0.002192982456140302,0.0,0.0022321428571429047,True,stage18-scaling-24a9adb84176,0,4,8150,71
s0-step8150-f99of100-d1of2,71,C1,C4,0.004145408163265363,Q4,0.0027700831024930483,0.0,0.0012531328320801727,0.004145408163265363,True,stage18-scaling-24a9adb84176,0,4,8150,71
s0-step8150-f99of100-d1of2,71,C1,C5,0.0063775510204081565,Q4,0.005847953216374213,0.0009398496240601295,0.0,0.0063775510204081565,True,stage18-scaling-24a9adb84176,0,4,8150,71
s0-step8150-f99of100-d1of2,71,C1,C6,0.0031328320802004317,Q2,0.000615574022776233,0.0031328320802004317,0.001879699248120259,0.0025510204081633514,True,stage18-scaling-24a9adb84176,0,4,8150,71
s0-step8150-f99of100-d1of2,71,C1,C7,0.004001231148045514,Q1,0.004001231148045514,0.0025062656641604564,0.0028195488721804995,0.0025510204081632404,True,stage18-scaling-24a9adb84176,0,4,8150,71
s0-step8150-f99of100-d1of2,71,C2,C3,0.004616805170821747,Q1,0.004616805170821747,0.0009398496240601295,0.00031328320802004317,0.004145408163265252,True,stage18-scaling-24a9adb84176,0,4,8150,71
s0-step8150-f99of100-d1of2,71,C2,C4,0.002462296091104932,Q1,0.002462296091104932,0.0012531328320801727,0.0009398496240601295,0.0022321428571427937,True,stage18-scaling-24a9adb84176,0,4,8150,71
s0-step8150-f99of100-d1of2,71,C2,C5,0.000615574022776233,Q1,0.000615574022776233,0.00031328320802004317,0.00031328320802004317,0.0,True,stage18-scaling-24a9adb84176,0,4,8150,71
s0-step8150-f99of100-d1of2,71,C2,C6,0.005847953216374213,Q1,0.005847953216374213,0.001879699248120259,0.0015664160401002158,0.003826530612244805,True,stage18-scaling-24a9adb84176,0,4,8150,71
s0-step8150-f99of100-d1of2,71,C2,C7,0.008928571428571397,Q4,0.001231148045552466,0.003759398496240629,0.0031328320802005427,0.008928571428571397,True,stage18-scaling-24a9adb84176,0,4,8150,71
s0-step8150-f99of100-d1of2,71,C3,C4,0.002192982456140302,Q2,0.0021545090797168154,0.002192982456140302,0.0012531328320801727,0.001913265306122458,True,stage18-scaling-24a9adb84176,0,4,8150,71
s0-step8150-f99of100-d1of2,71,C3,C5,0.00523237919359798,Q1,0.00523237919359798,0.0012531328320801727,0.0,0.004145408163265252,True,stage18-scaling-24a9adb84176,0,4,8150,71
s0-step8150-f99of100-d1of2,71,C3,C6,0.001879699248120259,Q3,0.001231148045552466,0.0009398496240601295,0.001879699248120259,0.0003188775510204467,True,stage18-scaling-24a9adb84176,0,4,8150,71
s0-step8150-f99of100-d1of2,71,C3,C7,0.004783163265306145,Q4,0.0033856571252692813,0.0046992481203007586,0.0028195488721804995,0.004783163265306145,True,stage18-scaling-24a9adb84176,0,4,8150,71
s0-step8150-f99of100-d1of2,71,C4,C5,0.003077870113881165,Q1,0.003077870113881165,0.0009398496240601295,0.0012531328320801727,0.0022321428571427937,True,stage18-scaling-24a9adb84176,0,4,8150,71
s0-step8150-f99of100-d1of2,71,C4,C6,0.0033856571252692813,Q1,0.0033856571252692813,0.0031328320802004317,0.0006265664160400863,0.0015943877551020114,True,stage18-scaling-24a9adb84176,0,4,8150,71
s0-step8150-f99of100-d1of2,71,C4,C7,0.006696428571428603,Q4,0.001231148045552466,0.0025062656641604564,0.004072681704260672,0.006696428571428603,True,stage18-scaling-24a9adb84176,0,4,8150,71
s0-step8150-f99of100-d1of2,71,C5,C6,0.006463527239150446,Q1,0.006463527239150446,0.002192982456140302,0.001879699248120259,0.003826530612244805,True,stage18-scaling-24a9adb84176,0,4,8150,71
s0-step8150-f99of100-d1of2,71,C5,C7,0.008928571428571397,Q4,0.001846722068328699,0.003446115288220586,0.0028195488721804995,0.008928571428571397,True,stage18-scaling-24a9adb84176,0,4,8150,71
s0-step8150-f99of100-d1of2,71,C6,C7,0.005639097744360888,Q2,0.004616805170821747,0.005639097744360888,0.0046992481203007586,0.005102040816326592,True,stage18-scaling-24a9adb84176,0,4,8150,71
s0-step8150-f99of100-d3of4,72,C1,C2,0.0063775510204081565,Q4,0.00523237919359798,0.0012531328320801727,0.00031328320802004317,0.0063775510204081565,True,stage18-scaling-24a9adb84176,0,4,8150,72
s0-step8150-f99of100-d3of4,72,C1,C3,0.0022321428571429047,Q4,0.000615574022776233,0.002192982456140302,0.0,0.0022321428571429047,True,stage18-scaling-24a9adb84176,0,4,8150,72
s0-step8150-f99of100-d3of4,72,C1,C4,0.004145408163265363,Q4,0.0027700831024930483,0.0,0.0012531328320801727,0.004145408163265363,True,stage18-scaling-24a9adb84176,0,4,8150,72
s0-step8150-f99of100-d3of4,72,C1,C5,0.0063775510204081565,Q4,0.005847953216374213,0.0009398496240601295,0.0,0.0063775510204081565,True,stage18-scaling-24a9adb84176,0,4,8150,72
s0-step8150-f99of100-d3of4,72,C1,C6,0.0031328320802004317,Q2,0.000615574022776233,0.0031328320802004317,0.001879699248120259,0.0025510204081633514,True,stage18-scaling-24a9adb84176,0,4,8150,72
s0-step8150-f99of100-d3of4,72,C1,C7,0.004001231148045514,Q1,0.004001231148045514,0.0025062656641604564,0.0028195488721804995,0.0025510204081632404,True,stage18-scaling-24a9adb84176,0,4,8150,72
s0-step8150-f99of100-d3of4,72,C2,C3,0.004616805170821747,Q1,0.004616805170821747,0.0009398496240601295,0.00031328320802004317,0.004145408163265252,True,stage18-scaling-24a9adb84176,0,4,8150,72
s0-step8150-f99of100-d3of4,72,C2,C4,0.002462296091104932,Q1,0.002462296091104932,0.0012531328320801727,0.0009398496240601295,0.0022321428571427937,True,stage18-scaling-24a9adb84176,0,4,8150,72
s0-step8150-f99of100-d3of4,72,C2,C5,0.000615574022776233,Q1,0.000615574022776233,0.00031328320802004317,0.00031328320802004317,0.0,True,stage18-scaling-24a9adb84176,0,4,8150,72
s0-step8150-f99of100-d3of4,72,C2,C6,0.005847953216374213,Q1,0.005847953216374213,0.001879699248120259,0.0015664160401002158,0.003826530612244805,True,stage18-scaling-24a9adb84176,0,4,8150,72
s0-step8150-f99of100-d3of4,72,C2,C7,0.008928571428571397,Q4,0.001231148045552466,0.003759398496240629,0.0031328320802005427,0.008928571428571397,True,stage18-scaling-24a9adb84176,0,4,8150,72
s0-step8150-f99of100-d3of4,72,C3,C4,0.002192982456140302,Q2,0.0021545090797168154,0.002192982456140302,0.0012531328320801727,0.001913265306122458,True,stage18-scaling-24a9adb84176,0,4,8150,72
s0-step8150-f99of100-d3of4,72,C3,C5,0.00523237919359798,Q1,0.00523237919359798,0.0012531328320801727,0.0,0.004145408163265252,True,stage18-scaling-24a9adb84176,0,4,8150,72
s0-step8150-f99of100-d3of4,72,C3,C6,0.001879699248120259,Q3,0.001231148045552466,0.0009398496240601295,0.001879699248120259,0.0003188775510204467,True,stage18-scaling-24a9adb84176,0,4,8150,72
s0-step8150-f99of100-d3of4,72,C3,C7,0.004783163265306145,Q4,0.0033856571252692813,0.0046992481203007586,0.0028195488721804995,0.004783163265306145,True,stage18-scaling-24a9adb84176,0,4,8150,72
s0-step8150-f99of100-d3of4,72,C4,C5,0.003077870113881165,Q1,0.003077870113881165,0.0009398496240601295,0.0012531328320801727,0.0022321428571427937,True,stage18-scaling-24a9adb84176,0,4,8150,72
s0-step8150-f99of100-d3of4,72,C4,C6,0.0033856571252692813,Q1,0.0033856571252692813,0.0031328320802004317,0.0006265664160400863,0.0015943877551020114,True,stage18-scaling-24a9adb84176,0,4,8150,72
s0-step8150-f99of100-d3of4,72,C4,C7,0.006696428571428603,Q4,0.001231148045552466,0.0025062656641604564,0.004072681704260672,0.006696428571428603,True,stage18-scaling-24a9adb84176,0,4,8150,72
s0-step8150-f99of100-d3of4,72,C5,C6,0.006463527239150446,Q1,0.006463527239150446,0.002192982456140302,0.001879699248120259,0.003826530612244805,True,stage18-scaling-24a9adb84176,0,4,8150,72
s0-step8150-f99of100-d3of4,72,C5,C7,0.008928571428571397,Q4,0.001846722068328699,0.003446115288220586,0.0028195488721804995,0.008928571428571397,True,stage18-scaling-24a9adb84176,0,4,8150,72
s0-step8150-f99of100-d3of4,72,C6,C7,0.005639097744360888,Q2,0.004616805170821747,0.005639097744360888,0.0046992481203007586,0.005102040816326592,True,stage18-scaling-24a9adb84176,0,4,8150,72
s0-step8500-f4of5-d1of4,73,C1,C2,0.022869674185463595,Q2,0.0027700831024931594,0.022869674185463595,0.02036340852130325,0.016900510204081676,True,stage18-scaling-24a9adb84176,0,5,8500,73
s0-step8500-f4of5-d1of4,73,C1,C3,0.010772545398584188,Q1,0.010772545398584188,0.0009398496240601295,0.0028195488721804995,0.00701530612244905,True,stage18-scaling-24a9adb84176,0,5,8500,73
s0-step8500-f4of5-d1of4,73,C1,C4,0.006771314250538563,Q1,0.006771314250538563,0.00187969924812037,0.0009398496240601295,0.004145408163265363,True,stage18-scaling-24a9adb84176,0,5,8500,73
s0-step8500-f4of5-d1of4,73,C1,C5,0.01566416040100249,Q3,0.000615574022776233,0.011904761904761973,0.01566416040100249,0.009885204081632737,True,stage18-scaling-24a9adb84176,0,5,8500,73
s0-step8500-f4of5-d1of4,73,C1,C6,0.028624192059095166,Q1,0.028624192059095166,0.005325814536340845,0.004072681704260672,0.028061224489795977,True,stage18-scaling-24a9adb84176,0,5,8500,73
s0-step8500-f4of5-d1of4,73,C2,C3,0.02318295739348375,Q3,0.008002462296091029,0.021929824561403466,0.02318295739348375,0.009885204081632626,True,stage18-scaling-24a9adb84176,0,5,8500,73
s0-step8500-f4of5-d1of4,73,C2,C4,0.024749373433583965,Q2,0.009541397353031722,0.024749373433583965,0.02130325814536338,0.012755102040816313,True,stage18-scaling-24a9adb84176,0,5,8500,73
s0-step8500-f4of5-d1of4,73,C2,C5,0.03602756892230574,Q3,0.0021545090797169264,0.03477443609022557,0.03602756892230574,0.007015306122448939,True,stage18-scaling-24a9adb84176,0,5,8500,73
s0-step8500-f4of5-d1of4,73,C2,C6,0.025854108956602007,Q1,0.025854108956602007,0.01754385964912275,0.016290726817042578,0.011160714285714302,True,stage18-scaling-24a9adb84176,0,5,8500,73
s0-step8500-f4of5-d1of4,73,C3,C4,0.01754385964912275,Q1,0.01754385964912275,0.0028195488721804995,0.00187969924812037,0.002869897959183687,True,stage18-scaling-24a9adb84176,0,5,8500,73
s0-step8500-f4of5-d1of4,73,C3,C5,0.012844611528822103,Q2,0.010156971375807955,0.012844611528822103,0.012844611528821992,0.002869897959183687,True,stage18-scaling-24a9adb84176,0,5,8500,73
s0-step8500-f4of5-d1of4,73,C3,C6,0.021045918367346927,Q4,0.017851646660510978,0.004385964912280715,0.006892230576441172,0.021045918367346927,True,stage18-scaling-24a9adb84176,0,5,8500,73
s0-step8500-f4of5-d1of4,73,C4,C5,0.014724310776942362,Q3,0.007386888273314796,0.010025062656641603,0.014724310776942362,0.005739795918367374,True,stage18-scaling-24a9adb84176,0,5,8500,73
s0-step8500-f4of5-d1of4,73,C4,C6,0.03539550630963373,Q1,0.03539550630963373,0.007205513784461215,0.005012531328320802,0.023915816326530615,True,stage18-scaling-24a9adb84176,0,5,8500,73
s0-step8500-f4of5-d1of4,73,C5,C6,0.028008618036318933,Q1,0.028008618036318933,0.01723057644110282,0.019736842105263164,0.01817602040816324,True,stage18-scaling-24a9adb84176,0,5,8500,73
s0-step8500-f4of5-d1of2,74,C1,C2,0.022869674185463595,Q2,0.0027700831024931594,0.022869674185463595,0.02036340852130325,0.016900510204081676,True,stage18-scaling-24a9adb84176,0,5,8500,74
s0-step8500-f4of5-d1of2,74,C1,C3,0.010772545398584188,Q1,0.010772545398584188,0.0009398496240601295,0.0028195488721804995,0.00701530612244905,True,stage18-scaling-24a9adb84176,0,5,8500,74
s0-step8500-f4of5-d1of2,74,C1,C4,0.006771314250538563,Q1,0.006771314250538563,0.00187969924812037,0.0009398496240601295,0.004145408163265363,True,stage18-scaling-24a9adb84176,0,5,8500,74
s0-step8500-f4of5-d1of2,74,C1,C5,0.01566416040100249,Q3,0.000615574022776233,0.011904761904761973,0.01566416040100249,0.009885204081632737,True,stage18-scaling-24a9adb84176,0,5,8500,74
s0-step8500-f4of5-d1of2,74,C1,C6,0.028624192059095166,Q1,0.028624192059095166,0.005325814536340845,0.004072681704260672,0.028061224489795977,True,stage18-scaling-24a9adb84176,0,5,8500,74
s0-step8500-f4of5-d1of2,74,C2,C3,0.02318295739348375,Q3,0.008002462296091029,0.021929824561403466,0.02318295739348375,0.009885204081632626,True,stage18-scaling-24a9adb84176,0,5,8500,74
s0-step8500-f4of5-d1of2,74,C2,C4,0.024749373433583965,Q2,0.009541397353031722,0.024749373433583965,0.02130325814536338,0.012755102040816313,True,stage18-scaling-24a9adb84176,0,5,8500,74
s0-step8500-f4of5-d1of2,74,C2,C5,0.03602756892230574,Q3,0.0021545090797169264,0.03477443609022557,0.03602756892230574,0.007015306122448939,True,stage18-scaling-24a9adb84176,0,5,8500,74
s0-step8500-f4of5-d1of2,74,C2,C6,0.025854108956602007,Q1,0.025854108956602007,0.01754385964912275,0.016290726817042578,0.011160714285714302,True,stage18-scaling-24a9adb84176,0,5,8500,74
s0-step8500-f4of5-d1of2,74,C3,C4,0.01754385964912275,Q1,0.01754385964912275,0.0028195488721804995,0.00187969924812037,0.002869897959183687,True,stage18-scaling-24a9adb84176,0,5,8500,74
s0-step8500-f4of5-d1of2,74,C3,C5,0.012844611528822103,Q2,0.010156971375807955,0.012844611528822103,0.012844611528821992,0.002869897959183687,True,stage18-scaling-24a9adb84176,0,5,8500,74
s0-step8500-f4of5-d1of2,74,C3,C6,0.021045918367346927,Q4,0.017851646660510978,0.004385964912280715,0.006892230576441172,0.021045918367346927,True,stage18-scaling-24a9adb84176,0,5,8500,74
s0-step8500-f4of5-d1of2,74,C4,C5,0.014724310776942362,Q3,0.007386888273314796,0.010025062656641603,0.014724310776942362,0.005739795918367374,True,stage18-scaling-24a9adb84176,0,5,8500,74
s0-step8500-f4of5-d1of2,74,C4,C6,0.03539550630963373,Q1,0.03539550630963373,0.007205513784461215,0.005012531328320802,0.023915816326530615,True,stage18-scaling-24a9adb84176,0,5,8500,74
s0-step8500-f4of5-d1of2,74,C5,C6,0.028008618036318933,Q1,0.028008618036318933,0.01723057644110282,0.019736842105263164,0.01817602040816324,True,stage18-scaling-24a9adb84176,0,5,8500,74
s0-step8500-f4of5-d3of4,75,C1,C2,0.022869674185463595,Q2,0.0027700831024931594,0.022869674185463595,0.02036340852130325,0.016900510204081676,True,stage18-scaling-24a9adb84176,0,5,8500,75
s0-step8500-f4of5-d3of4,75,C1,C3,0.010772545398584188,Q1,0.010772545398584188,0.0009398496240601295,0.0028195488721804995,0.00701530612244905,True,stage18-scaling-24a9adb84176,0,5,8500,75
s0-step8500-f4of5-d3of4,75,C1,C4,0.006771314250538563,Q1,0.006771314250538563,0.00187969924812037,0.0009398496240601295,0.004145408163265363,True,stage18-scaling-24a9adb84176,0,5,8500,75
s0-step8500-f4of5-d3of4,75,C1,C5,0.01566416040100249,Q3,0.000615574022776233,0.011904761904761973,0.01566416040100249,0.009885204081632737,True,stage18-scaling-24a9adb84176,0,5,8500,75
s0-step8500-f4of5-d3of4,75,C1,C6,0.028624192059095166,Q1,0.028624192059095166,0.005325814536340845,0.004072681704260672,0.028061224489795977,True,stage18-scaling-24a9adb84176,0,5,8500,75
s0-step8500-f4of5-d3of4,75,C2,C3,0.02318295739348375,Q3,0.008002462296091029,0.021929824561403466,0.02318295739348375,0.009885204081632626,True,stage18-scaling-24a9adb84176,0,5,8500,75
s0-step8500-f4of5-d3of4,75,C2,C4,0.024749373433583965,Q2,0.009541397353031722,0.024749373433583965,0.02130325814536338,0.012755102040816313,True,stage18-scaling-24a9adb84176,0,5,8500,75
s0-step8500-f4of5-d3of4,75,C2,C5,0.03602756892230574,Q3,0.0021545090797169264,0.03477443609022557,0.03602756892230574,0.007015306122448939,True,stage18-scaling-24a9adb84176,0,5,8500,75
s0-step8500-f4of5-d3of4,75,C2,C6,0.025854108956602007,Q1,0.025854108956602007,0.01754385964912275,0.016290726817042578,0.011160714285714302,True,stage18-scaling-24a9adb84176,0,5,8500,75
s0-step8500-f4of5-d3of4,75,C3,C4,0.01754385964912275,Q1,0.01754385964912275,0.0028195488721804995,0.00187969924812037,0.002869897959183687,True,stage18-scaling-24a9adb84176,0,5,8500,75
s0-step8500-f4of5-d3of4,75,C3,C5,0.012844611528822103,Q2,0.010156971375807955,0.012844611528822103,0.012844611528821992,0.002869897959183687,True,stage18-scaling-24a9adb84176,0,5,8500,75
s0-step8500-f4of5-d3of4,75,C3,C6,0.021045918367346927,Q4,0.017851646660510978,0.004385964912280715,0.006892230576441172,0.021045918367346927,True,stage18-scaling-24a9adb84176,0,5,8500,75
s0-step8500-f4of5-d3of4,75,C4,C5,0.014724310776942362,Q3,0.007386888273314796,0.010025062656641603,0.014724310776942362,0.005739795918367374,True,stage18-scaling-24a9adb84176,0,5,8500,75
s0-step8500-f4of5-d3of4,75,C4,C6,0.03539550630963373,Q1,0.03539550630963373,0.007205513784461215,0.005012531328320802,0.023915816326530615,True,stage18-scaling-24a9adb84176,0,5,8500,75
s0-step8500-f4of5-d3of4,75,C5,C6,0.028008618036318933,Q1,0.028008618036318933,0.01723057644110282,0.019736842105263164,0.01817602040816324,True,stage18-scaling-24a9adb84176,0,5,8500,75
s0-step8500-f17of20-d1of4,76,C1,C2,0.026466836734693966,Q4,0.0009233610341643494,0.0015664160401002158,0.002192982456140413,0.026466836734693966,True,stage18-scaling-24a9adb84176,0,5,8500,76
s0-step8500-f17of20-d1of4,76,C1,C3,0.012619267466912887,Q1,0.012619267466912887,0.0009398496240601295,0.0015664160401002158,0.00956632653061229,True,stage18-scaling-24a9adb84176,0,5,8500,76
s0-step8500-f17of20-d1of4,76,C1,C4,0.01754385964912286,Q1,0.01754385964912286,0.0031328320802005427,0.005639097744360888,0.001913265306122458,True,stage18-scaling-24a9adb84176,0,5,8500,76
s0-step8500-f17of20-d1of4,76,C1,C5,0.014465989535241586,Q1,0.014465989535241586,0.0006265664160400863,0.00031328320802004317,0.0015943877551020114,True,stage18-scaling-24a9adb84176,0,5,8500,76
s0-step8500-f17of20-d1of4,76,C1,C6,0.03890306122448983,Q4,0.022468451831332725,0.0031328320802005427,0.0028195488721804995,0.03890306122448983,True,stage18-scaling-24a9adb84176,0,5,8500,76
s0-step8500-f17of20-d1of4,76,C2,C3,0.016900510204081676,Q4,0.013542628501077236,0.0006265664160400863,0.0006265664160401974,0.016900510204081676,True,stage18-scaling-24a9adb84176,0,5,8500,76
s0-step8500-f17of20-d1of4,76,C2,C4,0.028380102040816424,Q4,0.01846722068328721,0.0015664160401003269,0.003446115288220475,0.028380102040816424,True,stage18-scaling-24a9adb84176,0,5,8500,76
s0-step8500-f17of20-d1of4,76,C2,C5,0.028061224489795977,Q4,0.015389350569405935,0.0009398496240601295,0.00187969924812037,0.028061224489795977,True,stage18-scaling-24a9adb84176,0,5,8500,76
s0-step8500-f17of20-d1of4,76,C2,C6,0.021545090797168376,Q1,0.021545090797168376,0.0015664160401003269,0.0006265664160400863,0.012436224489795866,True,stage18-scaling-24a9adb84176,0,5,8500,76
s0-step8500-f17of20-d1of4,76,C3,C4,0.011479591836734748,Q4,0.004924592182209975,0.002192982456140413,0.004072681704260672,0.011479591836734748,True,stage18-scaling-24a9adb84176,0,5,8500,76
s0-step8500-f17of20-d1of4,76,C3,C5,0.011160714285714302,Q4,0.001846722068328699,0.00031328320802004317,0.0012531328320801727,0.011160714285714302,True,stage18-scaling-24a9adb84176,0,5,8500,76
s0-step8500-f17of20-d1of4,76,C3,C6,0.03508771929824561,Q1,0.03508771929824561,0.002192982456140413,0.0012531328320802837,0.029336734693877542,True,stage18-scaling-24a9adb84176,0,5,8500,76
s0-step8500-f17of20-d1of4,76,C4,C5,0.005325814536340845,Q3,0.003077870113881276,0.0025062656641604564,0.005325814536340845,0.0003188775510204467,True,stage18-scaling-24a9adb84176,0,5,8500,76
s0-step8500-f17of20-d1of4,76,C4,C6,0.04081632653061229,Q4,0.04001231148045559,0.0,0.0028195488721803885,0.04081632653061229,True,stage18-scaling-24a9adb84176,0,5,8500,76
s0-step8500-f17of20-d1of4,76,C5,C6,0.040497448979591844,Q4,0.03693444136657431,0.0025062656641604564,0.0025062656641604564,0.040497448979591844,True,stage18-scaling-24a9adb84176,0,5,8500,76
s0-step8500-f17of20-d1of2,77,C1,C2,0.026466836734693966,Q4,0.0009233610341643494,0.0015664160401002158,0.002192982456140413,0.026466836734693966,True,stage18-scaling-24a9adb84176,0,5,8500,77
s0-step8500-f17of20-d1of2,77,C1,C3,0.012619267466912887,Q1,0.012619267466912887,0.0009398496240601295,0.0015664160401002158,0.00956632653061229,True,stage18-scaling-24a9adb84176,0,5,8500,77
s0-step8500-f17of20-d1of2,77,C1,C4,0.01754385964912286,Q1,0.01754385964912286,0.0031328320802005427,0.005639097744360888,0.001913265306122458,True,stage18-scaling-24a9adb84176,0,5,8500,77
s0-step8500-f17of20-d1of2,77,C1,C5,0.014465989535241586,Q1,0.014465989535241586,0.0006265664160400863,0.00031328320802004317,0.0015943877551020114,True,stage18-scaling-24a9adb84176,0,5,8500,77
s0-step8500-f17of20-d1of2,77,C1,C6,0.03890306122448983,Q4,0.022468451831332725,0.0031328320802005427,0.0028195488721804995,0.03890306122448983,True,stage18-scaling-24a9adb84176,0,5,8500,77
s0-step8500-f17of20-d1of2,77,C2,C3,0.016900510204081676,Q4,0.013542628501077236,0.0006265664160400863,0.0006265664160401974,0.016900510204081676,True,stage18-scaling-24a9adb84176,0,5,8500,77
s0-step8500-f17of20-d1of2,77,C2,C4,0.028380102040816424,Q4,0.01846722068328721,0.0015664160401003269,0.003446115288220475,0.028380102040816424,True,stage18-scaling-24a9adb84176,0,5,8500,77
s0-step8500-f17of20-d1of2,77,C2,C5,0.028061224489795977,Q4,0.015389350569405935,0.0009398496240601295,0.00187969924812037,0.028061224489795977,True,stage18-scaling-24a9adb84176,0,5,8500,77
s0-step8500-f17of20-d1of2,77,C2,C6,0.021545090797168376,Q1,0.021545090797168376,0.0015664160401003269,0.0006265664160400863,0.012436224489795866,True,stage18-scaling-24a9adb84176,0,5,8500,77
s0-step8500-f17of20-d1of2,77,C3,C4,0.011479591836734748,Q4,0.004924592182209975,0.002192982456140413,0.004072681704260672,0.011479591836734748,True,stage18-scaling-24a9adb84176,0,5,8500,77
s0-step8500-f17of20-d1of2,77,C3,C5,0.011160714285714302,Q4,0.001846722068328699,0.00031328320802004317,0.0012531328320801727,0.011160714285714302,True,stage18-scaling-24a9adb84176,0,5,8500,77
s0-step8500-f17of20-d1of2,77,C3,C6,0.03508771929824561,Q1,0.03508771929824561,0.002192982456140413,0.0012531328320802837,0.029336734693877542,True,stage18-scaling-24a9adb84176,0,5,8500,77
s0-step8500-f17of20-d1of2,77,C4,C5,0.005325814536340845,Q3,0.003077870113881276,0.0025062656641604564,0.005325814536340845,0.0003188775510204467,True,stage18-scaling-24a9adb84176,0,5,8500,77
s0-step8500-f17of20-d1of2,77,C4,C6,0.04081632653061229,Q4,0.04001231148045559,0.0,0.0028195488721803885,0.04081632653061229,True,stage18-scaling-24a9adb84176,0,5,8500,77
s0-step8500-f17of20-d1of2,77,C5,C6,0.040497448979591844,Q4,0.03693444136657431,0.0025062656641604564,0.0025062656641604564,0.040497448979591844,True,stage18-scaling-24a9adb84176,0,5,8500,77
s0-step8500-f17of20-d3of4,78,C1,C2,0.026466836734693966,Q4,0.0009233610341643494,0.0015664160401002158,0.002192982456140413,0.026466836734693966,True,stage18-scaling-24a9adb84176,0,5,8500,78
s0-step8500-f17of20-d3of4,78,C1,C3,0.012619267466912887,Q1,0.012619267466912887,0.0009398496240601295,0.0015664160401002158,0.00956632653061229,True,stage18-scaling-24a9adb84176,0,5,8500,78
s0-step8500-f17of20-d3of4,78,C1,C4,0.01754385964912286,Q1,0.01754385964912286,0.0031328320802005427,0.005639097744360888,0.001913265306122458,True,stage18-scaling-24a9adb84176,0,5,8500,78
s0-step8500-f17of20-d3of4,78,C1,C5,0.014465989535241586,Q1,0.014465989535241586,0.0006265664160400863,0.00031328320802004317,0.0015943877551020114,True,stage18-scaling-24a9adb84176,0,5,8500,78
s0-step8500-f17of20-d3of4,78,C1,C6,0.03890306122448983,Q4,0.022468451831332725,0.0031328320802005427,0.0028195488721804995,0.03890306122448983,True,stage18-scaling-24a9adb84176,0,5,8500,78
s0-step8500-f17of20-d3of4,78,C2,C3,0.016900510204081676,Q4,0.013542628501077236,0.0006265664160400863,0.0006265664160401974,0.016900510204081676,True,stage18-scaling-24a9adb84176,0,5,8500,78
s0-step8500-f17of20-d3of4,78,C2,C4,0.028380102040816424,Q4,0.01846722068328721,0.0015664160401003269,0.003446115288220475,0.028380102040816424,True,stage18-scaling-24a9adb84176,0,5,8500,78
s0-step8500-f17of20-d3of4,78,C2,C5,0.028061224489795977,Q4,0.015389350569405935,0.0009398496240601295,0.00187969924812037,0.028061224489795977,True,stage18-scaling-24a9adb84176,0,5,8500,78
s0-step8500-f17of20-d3of4,78,C2,C6,0.021545090797168376,Q1,0.021545090797168376,0.0015664160401003269,0.0006265664160400863,0.012436224489795866,True,stage18-scaling-24a9adb84176,0,5,8500,78
s0-step8500-f17of20-d3of4,78,C3,C4,0.011479591836734748,Q4,0.004924592182209975,0.002192982456140413,0.004072681704260672,0.011479591836734748,True,stage18-scaling-24a9adb84176,0,5,8500,78
s0-step8500-f17of20-d3of4,78,C3,C5,0.011160714285714302,Q4,0.001846722068328699,0.00031328320802004317,0.0012531328320801727,0.011160714285714302,True,stage18-scaling-24a9adb84176,0,5,8500,78
s0-step8500-f17of20-d3of4,78,C3,C6,0.03508771929824561,Q1,0.03508771929824561,0.002192982456140413,0.0012531328320802837,0.029336734693877542,True,stage18-scaling-24a9adb84176,0,5,8500,78
s0-step8500-f17of20-d3of4,78,C4,C5,0.005325814536340845,Q3,0.003077870113881276,0.0025062656641604564,0.005325814536340845,0.0003188775510204467,True,stage18-scaling-24a9adb84176,0,5,8500,78
s0-step8500-f17of20-d3of4,78,C4,C6,0.04081632653061229,Q4,0.04001231148045559,0.0,0.0028195488721803885,0.04081632653061229,True,stage18-scaling-24a9adb84176,0,5,8500,78
s0-step8500-f17of20-d3of4,78,C5,C6,0.040497448979591844,Q4,0.03693444136657431,0.0025062656641604564,0.0025062656641604564,0.040497448979591844,True,stage18-scaling-24a9adb84176,0,5,8500,78
s0-step8500-f9of10-d1of4,79,C1,C2,0.014668367346938771,Q4,0.00707910126192679,0.005952380952381042,0.006265664160401085,0.014668367346938771,True,stage18-scaling-24a9adb84176,0,5,8500,79
s0-step8500-f9of10-d1of4,79,C1,C3,0.01307397959183676,Q4,0.012927054478301003,0.003446115288220586,0.005012531328320802,0.01307397959183676,True,stage18-scaling-24a9adb84176,0,5,8500,79
s0-step8500-f9of10-d1of4,79,C1,C4,0.008145363408521344,Q3,0.0003077870113881165,0.006578947368421129,0.008145363408521344,0.004464285714285698,True,stage18-scaling-24a9adb84176,0,5,8500,79
s0-step8500-f9of10-d1of4,79,C1,C5,0.010156971375807955,Q1,0.010156971375807955,0.005012531328320802,0.006265664160401085,0.007653061224489721,True,stage18-scaling-24a9adb84176,0,5,8500,79
s0-step8500-f9of10-d1of4,79,C1,C6,0.01253132832080206,Q3,0.00707910126192679,0.0106516290726818,0.01253132832080206,0.01211734693877553,True,stage18-scaling-24a9adb84176,0,5,8500,79
s0-step8500-f9of10-d1of4,79,C2,C3,0.02774234693877553,Q4,0.020006155740227793,0.0025062656641604564,0.0012531328320802837,0.02774234693877553,True,stage18-scaling-24a9adb84176,0,5,8500,79
s0-step8500-f9of10-d1of4,79,C2,C4,0.010204081632653073,Q4,0.007386888273314907,0.0006265664160400863,0.001879699248120259,0.010204081632653073,True,stage18-scaling-24a9adb84176,0,5,8500,79
s0-step8500-f9of10-d1of4,79,C2,C5,0.017236072637734745,Q1,0.017236072637734745,0.0009398496240602405,0.0,0.00701530612244905,True,stage18-scaling-24a9adb84176,0,5,8500,79
s0-step8500-f9of10-d1of4,79,C2,C6,0.0267857142857143,Q4,0.01415820252385358,0.0046992481203007586,0.006265664160400974,0.0267857142857143,True,stage18-scaling-24a9adb84176,0,5,8500,79
s0-step8500-f9of10-d1of4,79,C3,C4,0.017538265306122458,Q4,0.012619267466912887,0.0031328320802005427,0.0031328320802005427,0.017538265306122458,True,stage18-scaling-24a9adb84176,0,5,8500,79
s0-step8500-f9of10-d1of4,79,C3,C5,0.02072704081632648,Q4,0.0027700831024930483,0.0015664160401002158,0.0012531328320802837,0.02072704081632648,True,stage18-scaling-24a9adb84176,0,5,8500,79
s0-step8500-f9of10-d1of4,79,C3,C6,0.007518796992481258,Q3,0.005847953216374213,0.007205513784461215,0.007518796992481258,0.000956632653061229,True,stage18-scaling-24a9adb84176,0,5,8500,79
s0-step8500-f9of10-d1of4,79,C4,C5,0.009849184364419838,Q1,0.009849184364419838,0.0015664160401003269,0.001879699248120259,0.0031887755102040227,True,stage18-scaling-24a9adb84176,0,5,8500,79
s0-step8500-f9of10-d1of4,79,C4,C6,0.01658163265306123,Q4,0.006771314250538674,0.004072681704260672,0.004385964912280715,0.01658163265306123,True,stage18-scaling-24a9adb84176,0,5,8500,79
s0-step8500-f9of10-d1of4,79,C5,C6,0.019770408163265252,Q4,0.003077870113881165,0.005639097744360999,0.006265664160400974,0.019770408163265252,True,stage18-scaling-24a9adb84176,0,5,8500,79
s0-step8500-f9of10-d1of2,80,C1,C2,0.014668367346938771,Q4,0.00707910126192679,0.005952380952381042,0.006265664160401085,0.014668367346938771,True,stage18-scaling-24a9adb84176,0,5,8500,80
s0-step8500-f9of10-d1of2,80,C1,C3,0.01307397959183676,Q4,0.012927054478301003,0.003446115288220586,0.005012531328320802,0.01307397959183676,True,stage18-scaling-24a9adb84176,0,5,8500,80
s0-step8500-f9of10-d1of2,80,C1,C4,0.008145363408521344,Q3,0.0003077870113881165,0.006578947368421129,0.008145363408521344,0.004464285714285698,True,stage18-scaling-24a9adb84176,0,5,8500,80
s0-step8500-f9of10-d1of2,80,C1,C5,0.010156971375807955,Q1,0.010156971375807955,0.005012531328320802,0.006265664160401085,0.007653061224489721,True,stage18-scaling-24a9adb84176,0,5,8500,80
s0-step8500-f9of10-d1of2,80,C1,C6,0.01253132832080206,Q3,0.00707910126192679,0.0106516290726818,0.01253132832080206,0.01211734693877553,True,stage18-scaling-24a9adb84176,0,5,8500,80
s0-step8500-f9of10-d1of2,80,C2,C3,0.02774234693877553,Q4,0.020006155740227793,0.0025062656641604564,0.0012531328320802837,0.02774234693877553,True,stage18-scaling-24a9adb84176,0,5,8500,80
s0-step8500-f9of10-d1of2,80,C2,C4,0.010204081632653073,Q4,0.007386888273314907,0.0006265664160400863,0.001879699248120259,0.010204081632653073,True,stage18-scaling-24a9adb84176,0,5,8500,80
s0-step8500-f9of10-d1of2,80,C2,C5,0.017236072637734745,Q1,0.017236072637734745,0.0009398496240602405,0.0,0.00701530612244905,True,stage18-scaling-24a9adb84176,0,5,8500,80
s0-step8500-f9of10-d1of2,80,C2,C6,0.0267857142857143,Q4,0.01415820252385358,0.0046992481203007586,0.006265664160400974,0.0267857142857143,True,stage18-scaling-24a9adb84176,0,5,8500,80
s0-step8500-f9of10-d1of2,80,C3,C4,0.017538265306122458,Q4,0.012619267466912887,0.0031328320802005427,0.0031328320802005427,0.017538265306122458,True,stage18-scaling-24a9adb84176,0,5,8500,80
s0-step8500-f9of10-d1of2,80,C3,C5,0.02072704081632648,Q4,0.0027700831024930483,0.0015664160401002158,0.0012531328320802837,0.02072704081632648,True,stage18-scaling-24a9adb84176,0,5,8500,80
s0-step8500-f9of10-d1of2,80,C3,C6,0.007518796992481258,Q3,0.005847953216374213,0.007205513784461215,0.007518796992481258,0.000956632653061229,True,stage18-scaling-24a9adb84176,0,5,8500,80
s0-step8500-f9of10-d1of2,80,C4,C5,0.009849184364419838,Q1,0.009849184364419838,0.0015664160401003269,0.001879699248120259,0.0031887755102040227,True,stage18-scaling-24a9adb84176,0,5,8500,80
s0-step8500-f9of10-d1of2,80,C4,C6,0.01658163265306123,Q4,0.006771314250538674,0.004072681704260672,0.004385964912280715,0.01658163265306123,True,stage18-scaling-24a9adb84176,0,5,8500,80
s0-step8500-f9of10-d1of2,80,C5,C6,0.019770408163265252,Q4,0.003077870113881165,0.005639097744360999,0.006265664160400974,0.019770408163265252,True,stage18-scaling-24a9adb84176,0,5,8500,80
s0-step8500-f9of10-d3of4,81,C1,C2,0.014668367346938771,Q4,0.00707910126192679,0.005952380952381042,0.006265664160401085,0.014668367346938771,True,stage18-scaling-24a9adb84176,0,5,8500,81
s0-step8500-f9of10-d3of4,81,C1,C3,0.01307397959183676,Q4,0.012927054478301003,0.003446115288220586,0.005012531328320802,0.01307397959183676,True,stage18-scaling-24a9adb84176,0,5,8500,81
s0-step8500-f9of10-d3of4,81,C1,C4,0.008145363408521344,Q3,0.0003077870113881165,0.006578947368421129,0.008145363408521344,0.004464285714285698,True,stage18-scaling-24a9adb84176,0,5,8500,81
s0-step8500-f9of10-d3of4,81,C1,C5,0.010156971375807955,Q1,0.010156971375807955,0.005012531328320802,0.006265664160401085,0.007653061224489721,True,stage18-scaling-24a9adb84176,0,5,8500,81
s0-step8500-f9of10-d3of4,81,C1,C6,0.01253132832080206,Q3,0.00707910126192679,0.0106516290726818,0.01253132832080206,0.01211734693877553,True,stage18-scaling-24a9adb84176,0,5,8500,81
s0-step8500-f9of10-d3of4,81,C2,C3,0.02774234693877553,Q4,0.020006155740227793,0.0025062656641604564,0.0012531328320802837,0.02774234693877553,True,stage18-scaling-24a9adb84176,0,5,8500,81
s0-step8500-f9of10-d3of4,81,C2,C4,0.010204081632653073,Q4,0.007386888273314907,0.0006265664160400863,0.001879699248120259,0.010204081632653073,True,stage18-scaling-24a9adb84176,0,5,8500,81
s0-step8500-f9of10-d3of4,81,C2,C5,0.017236072637734745,Q1,0.017236072637734745,0.0009398496240602405,0.0,0.00701530612244905,True,stage18-scaling-24a9adb84176,0,5,8500,81
s0-step8500-f9of10-d3of4,81,C2,C6,0.0267857142857143,Q4,0.01415820252385358,0.0046992481203007586,0.006265664160400974,0.0267857142857143,True,stage18-scaling-24a9adb84176,0,5,8500,81
s0-step8500-f9of10-d3of4,81,C3,C4,0.017538265306122458,Q4,0.012619267466912887,0.0031328320802005427,0.0031328320802005427,0.017538265306122458,True,stage18-scaling-24a9adb84176,0,5,8500,81
s0-step8500-f9of10-d3of4,81,C3,C5,0.02072704081632648,Q4,0.0027700831024930483,0.0015664160401002158,0.0012531328320802837,0.02072704081632648,True,stage18-scaling-24a9adb84176,0,5,8500,81
s0-step8500-f9of10-d3of4,81,C3,C6,0.007518796992481258,Q3,0.005847953216374213,0.007205513784461215,0.007518796992481258,0.000956632653061229,True,stage18-scaling-24a9adb84176,0,5,8500,81
s0-step8500-f9of10-d3of4,81,C4,C5,0.009849184364419838,Q1,0.009849184364419838,0.0015664160401003269,0.001879699248120259,0.0031887755102040227,True,stage18-scaling-24a9adb84176,0,5,8500,81
s0-step8500-f9of10-d3of4,81,C4,C6,0.01658163265306123,Q4,0.006771314250538674,0.004072681704260672,0.004385964912280715,0.01658163265306123,True,stage18-scaling-24a9adb84176,0,5,8500,81
s0-step8500-f9of10-d3of4,81,C5,C6,0.019770408163265252,Q4,0.003077870113881165,0.005639097744360999,0.006265664160400974,0.019770408163265252,True,stage18-scaling-24a9adb84176,0,5,8500,81
s0-step8500-f19of20-d1of4,82,C1,C2,0.005325814536340845,Q2,0.0015389350569406934,0.005325814536340845,0.004072681704260672,0.0022321428571427937,True,stage18-scaling-24a9adb84176,0,5,8500,82
s0-step8500-f19of20-d1of4,82,C1,C3,0.01569713758079405,Q1,0.01569713758079405,0.008145363408521344,0.007518796992481258,0.006696428571428603,True,stage18-scaling-24a9adb84176,0,5,8500,82
s0-step8500-f19of20-d1of4,82,C1,C4,0.011278195488721887,Q3,0.004924592182209975,0.01065162907268169,0.011278195488721887,0.0035076530612244694,True,stage18-scaling-24a9adb84176,0,5,8500,82
s0-step8500-f19of20-d1of4,82,C1,C5,0.01159147869674193,Q2,0.008618036318867262,0.01159147869674193,0.011278195488721887,0.007971938775510279,True,stage18-scaling-24a9adb84176,0,5,8500,82
s0-step8500-f19of20-d1of4,82,C1,C6,0.014097744360902276,Q3,0.004001231148045514,0.012218045112782017,0.014097744360902276,0.008290816326530615,True,stage18-scaling-24a9adb84176,0,5,8500,82
s0-step8500-f19of20-d1of4,82,C2,C3,0.017236072637734745,Q1,0.017236072637734745,0.0028195488721804995,0.003446115288220586,0.008928571428571397,True,stage18-scaling-24a9adb84176,0,5,8500,82
s0-step8500-f19of20-d1of4,82,C2,C4,0.007205513784461215,Q3,0.0033856571252692813,0.005325814536340845,0.007205513784461215,0.0012755102040816757,True,stage18-scaling-24a9adb84176,0,5,8500,82
s0-step8500-f19of20-d1of4,82,C2,C5,0.010204081632653073,Q4,0.010156971375807955,0.006265664160401085,0.007205513784461215,0.010204081632653073,True,stage18-scaling-24a9adb84176,0,5,8500,82
s0-step8500-f19of20-d1of4,82,C2,C6,0.010522959183673408,Q4,0.005540166204986208,0.006892230576441172,0.010025062656641603,0.010522959183673408,True,stage18-scaling-24a9adb84176,0,5,8500,82
s0-step8500-f19of20-d1of4,82,C3,C4,0.020621729763004026,Q1,0.020621729763004026,0.0025062656641603454,0.003759398496240629,0.010204081632653073,True,stage18-scaling-24a9adb84176,0,5,8500,82
s0-step8500-f19of20-d1of4,82,C3,C5,0.00707910126192679,Q1,0.00707910126192679,0.003446115288220586,0.003759398496240629,0.0012755102040816757,True,stage18-scaling-24a9adb84176,0,5,8500,82
s0-step8500-f19of20-d1of4,82,C3,C6,0.011695906432748537,Q1,0.011695906432748537,0.004072681704260672,0.006578947368421018,0.0015943877551020114,True,stage18-scaling-24a9adb84176,0,5,8500,82
s0-step8500-f19of20-d1of4,82,C4,C5,0.013542628501077236,Q1,0.013542628501077236,0.0009398496240602405,0.0,0.011479591836734748,True,stage18-scaling-24a9adb84176,0,5,8500,82
s0-step8500-f19of20-d1of4,82,C4,C6,0.011798469387755084,Q4,0.008925823330255489,0.0015664160401003269,0.0028195488721803885,0.011798469387755084,True,stage18-scaling-24a9adb84176,0,5,8500,82
s0-step8500-f19of20-d1of4,82,C5,C6,0.004616805170821747,Q1,0.004616805170821747,0.0006265664160400863,0.0028195488721803885,0.00031887755102033566,True,stage18-scaling-24a9adb84176,0,5,8500,82
s0-step8500-f19of20-d1of2,83,C1,C2,0.005325814536340845,Q2,0.0015389350569406934,0.005325814536340845,0.004072681704260672,0.0022321428571427937,True,stage18-scaling-24a9adb84176,0,5,8500,83
s0-step8500-f19of20-d1of2,83,C1,C3,0.01569713758079405,Q1,0.01569713758079405,0.008145363408521344,0.007518796992481258,0.006696428571428603,True,stage18-scaling-24a9adb84176,0,5,8500,83
s0-step8500-f19of20-d1of2,83,C1,C4,0.011278195488721887,Q3,0.004924592182209975,0.01065162907268169,0.011278195488721887,0.0035076530612244694,True,stage18-scaling-24a9adb84176,0,5,8500,83
s0-step8500-f19of20-d1of2,83,C1,C5,0.01159147869674193,Q2,0.008618036318867262,0.01159147869674193,0.011278195488721887,0.007971938775510279,True,stage18-scaling-24a9adb84176,0,5,8500,83
s0-step8500-f19of20-d1of2,83,C1,C6,0.014097744360902276,Q3,0.004001231148045514,0.012218045112782017,0.014097744360902276,0.008290816326530615,True,stage18-scaling-24a9adb84176,0,5,8500,83
s0-step8500-f19of20-d1of2,83,C2,C3,0.017236072637734745,Q1,0.017236072637734745,0.0028195488721804995,0.003446115288220586,0.008928571428571397,True,stage18-scaling-24a9adb84176,0,5,8500,83
s0-step8500-f19of20-d1of2,83,C2,C4,0.007205513784461215,Q3,0.0033856571252692813,0.005325814536340845,0.007205513784461215,0.0012755102040816757,True,stage18-scaling-24a9adb84176,0,5,8500,83
s0-step8500-f19of20-d1of2,83,C2,C5,0.010204081632653073,Q4,0.010156971375807955,0.006265664160401085,0.007205513784461215,0.010204081632653073,True,stage18-scaling-24a9adb84176,0,5,8500,83
s0-step8500-f19of20-d1of2,83,C2,C6,0.010522959183673408,Q4,0.005540166204986208,0.006892230576441172,0.010025062656641603,0.010522959183673408,True,stage18-scaling-24a9adb84176,0,5,8500,83
s0-step8500-f19of20-d1of2,83,C3,C4,0.020621729763004026,Q1,0.020621729763004026,0.0025062656641603454,0.003759398496240629,0.010204081632653073,True,stage18-scaling-24a9adb84176,0,5,8500,83
s0-step8500-f19of20-d1of2,83,C3,C5,0.00707910126192679,Q1,0.00707910126192679,0.003446115288220586,0.003759398496240629,0.0012755102040816757,True,stage18-scaling-24a9adb84176,0,5,8500,83
s0-step8500-f19of20-d1of2,83,C3,C6,0.011695906432748537,Q1,0.011695906432748537,0.004072681704260672,0.006578947368421018,0.0015943877551020114,True,stage18-scaling-24a9adb84176,0,5,8500,83
s0-step8500-f19of20-d1of2,83,C4,C5,0.013542628501077236,Q1,0.013542628501077236,0.0009398496240602405,0.0,0.011479591836734748,True,stage18-scaling-24a9adb84176,0,5,8500,83
s0-step8500-f19of20-d1of2,83,C4,C6,0.011798469387755084,Q4,0.008925823330255489,0.0015664160401003269,0.0028195488721803885,0.011798469387755084,True,stage18-scaling-24a9adb84176,0,5,8500,83
s0-step8500-f19of20-d1of2,83,C5,C6,0.004616805170821747,Q1,0.004616805170821747,0.0006265664160400863,0.0028195488721803885,0.00031887755102033566,True,stage18-scaling-24a9adb84176,0,5,8500,83
s0-step8500-f19of20-d3of4,84,C1,C2,0.005325814536340845,Q2,0.0015389350569406934,0.005325814536340845,0.004072681704260672,0.0022321428571427937,True,stage18-scaling-24a9adb84176,0,5,8500,84
s0-step8500-f19of20-d3of4,84,C1,C3,0.01569713758079405,Q1,0.01569713758079405,0.008145363408521344,0.007518796992481258,0.006696428571428603,True,stage18-scaling-24a9adb84176,0,5,8500,84
s0-step8500-f19of20-d3of4,84,C1,C4,0.011278195488721887,Q3,0.004924592182209975,0.01065162907268169,0.011278195488721887,0.0035076530612244694,True,stage18-scaling-24a9adb84176,0,5,8500,84
s0-step8500-f19of20-d3of4,84,C1,C5,0.01159147869674193,Q2,0.008618036318867262,0.01159147869674193,0.011278195488721887,0.007971938775510279,True,stage18-scaling-24a9adb84176,0,5,8500,84
s0-step8500-f19of20-d3of4,84,C1,C6,0.014097744360902276,Q3,0.004001231148045514,0.012218045112782017,0.014097744360902276,0.008290816326530615,True,stage18-scaling-24a9adb84176,0,5,8500,84
s0-step8500-f19of20-d3of4,84,C2,C3,0.017236072637734745,Q1,0.017236072637734745,0.0028195488721804995,0.003446115288220586,0.008928571428571397,True,stage18-scaling-24a9adb84176,0,5,8500,84
s0-step8500-f19of20-d3of4,84,C2,C4,0.007205513784461215,Q3,0.0033856571252692813,0.005325814536340845,0.007205513784461215,0.0012755102040816757,True,stage18-scaling-24a9adb84176,0,5,8500,84
s0-step8500-f19of20-d3of4,84,C2,C5,0.010204081632653073,Q4,0.010156971375807955,0.006265664160401085,0.007205513784461215,0.010204081632653073,True,stage18-scaling-24a9adb84176,0,5,8500,84
s0-step8500-f19of20-d3of4,84,C2,C6,0.010522959183673408,Q4,0.005540166204986208,0.006892230576441172,0.010025062656641603,0.010522959183673408,True,stage18-scaling-24a9adb84176,0,5,8500,84
s0-step8500-f19of20-d3of4,84,C3,C4,0.020621729763004026,Q1,0.020621729763004026,0.0025062656641603454,0.003759398496240629,0.010204081632653073,True,stage18-scaling-24a9adb84176,0,5,8500,84
s0-step8500-f19of20-d3of4,84,C3,C5,0.00707910126192679,Q1,0.00707910126192679,0.003446115288220586,0.003759398496240629,0.0012755102040816757,True,stage18-scaling-24a9adb84176,0,5,8500,84
s0-step8500-f19of20-d3of4,84,C3,C6,0.011695906432748537,Q1,0.011695906432748537,0.004072681704260672,0.006578947368421018,0.0015943877551020114,True,stage18-scaling-24a9adb84176,0,5,8500,84
s0-step8500-f19of20-d3of4,84,C4,C5,0.013542628501077236,Q1,0.013542628501077236,0.0009398496240602405,0.0,0.011479591836734748,True,stage18-scaling-24a9adb84176,0,5,8500,84
s0-step8500-f19of20-d3of4,84,C4,C6,0.011798469387755084,Q4,0.008925823330255489,0.0015664160401003269,0.0028195488721803885,0.011798469387755084,True,stage18-scaling-24a9adb84176,0,5,8500,84
s0-step8500-f19of20-d3of4,84,C5,C6,0.004616805170821747,Q1,0.004616805170821747,0.0006265664160400863,0.0028195488721803885,0.00031887755102033566,True,stage18-scaling-24a9adb84176,0,5,8500,84
s0-step8500-f39of40-d1of4,85,C1,C2,0.00783208020050119,Q3,0.0027700831024930483,0.006578947368421018,0.00783208020050119,0.0031887755102041337,True,stage18-scaling-24a9adb84176,0,5,8500,85
s0-step8500-f39of40-d1of4,85,C1,C3,0.005639097744360888,Q3,0.001846722068328699,0.003446115288220586,0.005639097744360888,0.0054209183673469274,True,stage18-scaling-24a9adb84176,0,5,8500,85
s0-step8500-f39of40-d1of4,85,C1,C4,0.006892230576441061,Q3,0.0009233610341643494,0.005952380952380931,0.006892230576441061,0.0025510204081632404,True,stage18-scaling-24a9adb84176,0,5,8500,85
s0-step8500-f39of40-d1of4,85,C1,C5,0.005639097744360888,Q3,0.0015389350569405824,0.005012531328320802,0.005639097744360888,0.0003188775510204467,True,stage18-scaling-24a9adb84176,0,5,8500,85
s0-step8500-f39of40-d1of4,85,C2,C3,0.0031328320802004317,Q2,0.0009233610341643494,0.0031328320802004317,0.002192982456140302,0.0022321428571427937,True,stage18-scaling-24a9adb84176,0,5,8500,85
s0-step8500-f39of40-d1of4,85,C2,C4,0.005739795918367374,Q4,0.001846722068328699,0.0006265664160400863,0.0009398496240601295,0.005739795918367374,True,stage18-scaling-24a9adb84176,0,5,8500,85
s0-step8500-f39of40-d1of4,85,C2,C5,0.004309018159433631,Q1,0.004309018159433631,0.0015664160401002158,0.002192982456140302,0.002869897959183687,True,stage18-scaling-24a9adb84176,0,5,8500,85
s0-step8500-f39of40-d1of4,85,C3,C4,0.007971938775510168,Q4,0.0009233610341643494,0.0025062656641603454,0.0012531328320801727,0.007971938775510168,True,stage18-scaling-24a9adb84176,0,5,8500,85
s0-step8500-f39of40-d1of4,85,C3,C5,0.005102040816326481,Q4,0.0033856571252692813,0.0015664160401002158,0.0,0.005102040816326481,True,stage18-scaling-24a9adb84176,0,5,8500,85
s0-step8500-f39of40-d1of4,85,C4,C5,0.002869897959183687,Q4,0.002462296091104932,0.0009398496240601295,0.0012531328320801727,0.002869897959183687,True,stage18-scaling-24a9adb84176,0,5,8500,85
s0-step8500-f39of40-d1of2,86,C1,C2,0.00783208020050119,Q3,0.0027700831024930483,0.006578947368421018,0.00783208020050119,0.0031887755102041337,True,stage18-scaling-24a9adb84176,0,5,8500,86
s0-step8500-f39of40-d1of2,86,C1,C3,0.005639097744360888,Q3,0.001846722068328699,0.003446115288220586,0.005639097744360888,0.0054209183673469274,True,stage18-scaling-24a9adb84176,0,5,8500,86
s0-step8500-f39of40-d1of2,86,C1,C4,0.006892230576441061,Q3,0.0009233610341643494,0.005952380952380931,0.006892230576441061,0.0025510204081632404,True,stage18-scaling-24a9adb84176,0,5,8500,86
s0-step8500-f39of40-d1of2,86,C1,C5,0.005639097744360888,Q3,0.0015389350569405824,0.005012531328320802,0.005639097744360888,0.0003188775510204467,True,stage18-scaling-24a9adb84176,0,5,8500,86
s0-step8500-f39of40-d1of2,86,C1,C6,0.005639097744360888,Q3,0.0003077870113881165,0.005012531328320802,0.005639097744360888,0.005102040816326481,True,stage18-scaling-24a9adb84176,0,5,8500,86
s0-step8500-f39of40-d1of2,86,C2,C3,0.0031328320802004317,Q2,0.0009233610341643494,0.0031328320802004317,0.002192982456140302,0.0022321428571427937,True,stage18-scaling-24a9adb84176,0,5,8500,86
s0-step8500-f39of40-d1of2,86,C2,C4,0.005739795918367374,Q4,0.001846722068328699,0.0006265664160400863,0.0009398496240601295,0.005739795918367374,True,stage18-scaling-24a9adb84176,0,5,8500,86
s0-step8500-f39of40-d1of2,86,C2,C5,0.004309018159433631,Q1,0.004309018159433631,0.0015664160401002158,0.002192982456140302,0.002869897959183687,True,stage18-scaling-24a9adb84176,0,5,8500,86
s0-step8500-f39of40-d1of2,86,C2,C6,0.008290816326530615,Q4,0.002462296091104932,0.0015664160401002158,0.002192982456140302,0.008290816326530615,True,stage18-scaling-24a9adb84176,0,5,8500,86
s0-step8500-f39of40-d1of2,86,C3,C4,0.007971938775510168,Q4,0.0009233610341643494,0.0025062656641603454,0.0012531328320801727,0.007971938775510168,True,stage18-scaling-24a9adb84176,0,5,8500,86
s0-step8500-f39of40-d1of2,86,C3,C5,0.005102040816326481,Q4,0.0033856571252692813,0.0015664160401002158,0.0,0.005102040816326481,True,stage18-scaling-24a9adb84176,0,5,8500,86
s0-step8500-f39of40-d1of2,86,C3,C6,0.010522959183673408,Q4,0.0015389350569405824,0.0015664160401002158,0.0,0.010522959183673408,True,stage18-scaling-24a9adb84176,0,5,8500,86
s0-step8500-f39of40-d1of2,86,C4,C5,0.002869897959183687,Q4,0.002462296091104932,0.0009398496240601295,0.0012531328320801727,0.002869897959183687,True,stage18-scaling-24a9adb84176,0,5,8500,86
s0-step8500-f39of40-d1of2,86,C4,C6,0.0025510204081632404,Q4,0.000615574022776233,0.0009398496240601295,0.0012531328320801727,0.0025510204081632404,True,stage18-scaling-24a9adb84176,0,5,8500,86
s0-step8500-f39of40-d1of2,86,C5,C6,0.0054209183673469274,Q4,0.001846722068328699,0.0,0.0,0.0054209183673469274,True,stage18-scaling-24a9adb84176,0,5,8500,86
s0-step8500-f39of40-d3of4,87,C1,C2,0.00783208020050119,Q3,0.0027700831024930483,0.006578947368421018,0.00783208020050119,0.0031887755102041337,True,stage18-scaling-24a9adb84176,0,5,8500,87
s0-step8500-f39of40-d3of4,87,C1,C3,0.005639097744360888,Q3,0.001846722068328699,0.003446115288220586,0.005639097744360888,0.0054209183673469274,True,stage18-scaling-24a9adb84176,0,5,8500,87
s0-step8500-f39of40-d3of4,87,C1,C4,0.006892230576441061,Q3,0.0009233610341643494,0.005952380952380931,0.006892230576441061,0.0025510204081632404,True,stage18-scaling-24a9adb84176,0,5,8500,87
s0-step8500-f39of40-d3of4,87,C1,C5,0.005639097744360888,Q3,0.0015389350569405824,0.005012531328320802,0.005639097744360888,0.0003188775510204467,True,stage18-scaling-24a9adb84176,0,5,8500,87
s0-step8500-f39of40-d3of4,87,C1,C6,0.005639097744360888,Q3,0.0003077870113881165,0.005012531328320802,0.005639097744360888,0.005102040816326481,True,stage18-scaling-24a9adb84176,0,5,8500,87
s0-step8500-f39of40-d3of4,87,C2,C3,0.0031328320802004317,Q2,0.0009233610341643494,0.0031328320802004317,0.002192982456140302,0.0022321428571427937,True,stage18-scaling-24a9adb84176,0,5,8500,87
s0-step8500-f39of40-d3of4,87,C2,C4,0.005739795918367374,Q4,0.001846722068328699,0.0006265664160400863,0.0009398496240601295,0.005739795918367374,True,stage18-scaling-24a9adb84176,0,5,8500,87
s0-step8500-f39of40-d3of4,87,C2,C5,0.004309018159433631,Q1,0.004309018159433631,0.0015664160401002158,0.002192982456140302,0.002869897959183687,True,stage18-scaling-24a9adb84176,0,5,8500,87
s0-step8500-f39of40-d3of4,87,C2,C6,0.008290816326530615,Q4,0.002462296091104932,0.0015664160401002158,0.002192982456140302,0.008290816326530615,True,stage18-scaling-24a9adb84176,0,5,8500,87
s0-step8500-f39of40-d3of4,87,C3,C4,0.007971938775510168,Q4,0.0009233610341643494,0.0025062656641603454,0.0012531328320801727,0.007971938775510168,True,stage18-scaling-24a9adb84176,0,5,8500,87
s0-step8500-f39of40-d3of4,87,C3,C5,0.005102040816326481,Q4,0.0033856571252692813,0.0015664160401002158,0.0,0.005102040816326481,True,stage18-scaling-24a9adb84176,0,5,8500,87
s0-step8500-f39of40-d3of4,87,C3,C6,0.010522959183673408,Q4,0.0015389350569405824,0.0015664160401002158,0.0,0.010522959183673408,True,stage18-scaling-24a9adb84176,0,5,8500,87
s0-step8500-f39of40-d3of4,87,C4,C5,0.002869897959183687,Q4,0.002462296091104932,0.0009398496240601295,0.0012531328320801727,0.002869897959183687,True,stage18-scaling-24a9adb84176,0,5,8500,87
s0-step8500-f39of40-d3of4,87,C4,C6,0.0025510204081632404,Q4,0.000615574022776233,0.0009398496240601295,0.0012531328320801727,0.0025510204081632404,True,stage18-scaling-24a9adb84176,0,5,8500,87
s0-step8500-f39of40-d3of4,87,C5,C6,0.0054209183673469274,Q4,0.001846722068328699,0.0,0.0,0.0054209183673469274,True,stage18-scaling-24a9adb84176,0,5,8500,87
s0-step8500-f99of100-d1of4,88,C1,C2,0.004616805170821747,Q1,0.004616805170821747,0.0009398496240602405,0.0003132832080201542,0.004464285714285698,True,stage18-scaling-24a9adb84176,0,5,8500,88
s0-step8500-f99of100-d1of4,88,C1,C3,0.007015306122448939,Q4,0.00523237919359798,0.00031328320802004317,0.0,0.007015306122448939,True,stage18-scaling-24a9adb84176,0,5,8500,88
s0-step8500-f99of100-d1of4,88,C1,C4,0.0025510204081632404,Q4,0.001231148045552466,0.00031328320802004317,0.0012531328320801727,0.0025510204081632404,True,stage18-scaling-24a9adb84176,0,5,8500,88
s0-step8500-f99of100-d1of4,88,C1,C5,0.00523237919359798,Q1,0.00523237919359798,0.0025062656641604564,0.002192982456140413,0.0031887755102040227,True,stage18-scaling-24a9adb84176,0,5,8500,88
s0-step8500-f99of100-d1of4,88,C2,C3,0.0025510204081632404,Q4,0.000615574022776233,0.0012531328320802837,0.0003132832080201542,0.0025510204081632404,True,stage18-scaling-24a9adb84176,0,5,8500,88
s0-step8500-f99of100-d1of4,88,C2,C4,0.005847953216374213,Q1,0.005847953216374213,0.0012531328320802837,0.0015664160401003269,0.001913265306122458,True,stage18-scaling-24a9adb84176,0,5,8500,88
s0-step8500-f99of100-d1of4,88,C2,C5,0.001879699248120259,Q3,0.000615574022776233,0.0015664160401002158,0.001879699248120259,0.0012755102040816757,True,stage18-scaling-24a9adb84176,0,5,8500,88
s0-step8500-f99of100-d1of4,88,C3,C4,0.006463527239150446,Q1,0.006463527239150446,0.0,0.0012531328320801727,0.004464285714285698,True,stage18-scaling-24a9adb84176,0,5,8500,88
s0-step8500-f99of100-d1of4,88,C3,C5,0.003826530612244916,Q4,0.0,0.0028195488721804995,0.002192982456140413,0.003826530612244916,True,stage18-scaling-24a9adb84176,0,5,8500,88
s0-step8500-f99of100-d1of4,88,C4,C5,0.006463527239150446,Q1,0.006463527239150446,0.0028195488721804995,0.003446115288220586,0.0006377551020407823,True,stage18-scaling-24a9adb84176,0,5,8500,88
s0-step8500-f99of100-d1of2,89,C1,C2,0.004616805170821747,Q1,0.004616805170821747,0.0009398496240602405,0.0003132832080201542,0.004464285714285698,True,stage18-scaling-24a9adb84176,0,5,8500,89
s0-step8500-f99of100-d1of2,89,C1,C3,0.007015306122448939,Q4,0.00523237919359798,0.00031328320802004317,0.0,0.007015306122448939,True,stage18-scaling-24a9adb84176,0,5,8500,89
s0-step8500-f99of100-d1of2,89,C1,C4,0.0025510204081632404,Q4,0.001231148045552466,0.00031328320802004317,0.0012531328320801727,0.0025510204081632404,True,stage18-scaling-24a9adb84176,0,5,8500,89
s0-step8500-f99of100-d1of2,89,C1,C5,0.00523237919359798,Q1,0.00523237919359798,0.0025062656641604564,0.002192982456140413,0.0031887755102040227,True,stage18-scaling-24a9adb84176,0,5,8500,89
s0-step8500-f99of100-d1of2,89,C1,C6,0.0022321428571427937,Q4,0.0015389350569405824,0.0006265664160401974,0.0006265664160401974,0.0022321428571427937,True,stage18-scaling-24a9adb84176,0,5,8500,89
s0-step8500-f99of100-d1of2,89,C1,C7,0.0022321428571427937,Q4,0.001846722068328699,0.0012531328320802837,0.0009398496240602405,0.0022321428571427937,True,stage18-scaling-24a9adb84176,0,5,8500,89
s0-step8500-f99of100-d1of2,89,C2,C3,0.0025510204081632404,Q4,0.000615574022776233,0.0012531328320802837,0.0003132832080201542,0.0025510204081632404,True,stage18-scaling-24a9adb84176,0,5,8500,89
s0-step8500-f99of100-d1of2,89,C2,C4,0.005847953216374213,Q1,0.005847953216374213,0.0012531328320802837,0.0015664160401003269,0.001913265306122458,True,stage18-scaling-24a9adb84176,0,5,8500,89
s0-step8500-f99of100-d1of2,89,C2,C5,0.001879699248120259,Q3,0.000615574022776233,0.0015664160401002158,0.001879699248120259,0.0012755102040816757,True,stage18-scaling-24a9adb84176,0,5,8500,89
s0-step8500-f99of100-d1of2,89,C2,C6,0.003077870113881165,Q1,0.003077870113881165,0.00031328320802004317,0.00031328320802004317,0.0022321428571429047,True,stage18-scaling-24a9adb84176,0,5,8500,89
s0-step8500-f99of100-d1of2,89,C2,C7,0.0027700831024930483,Q1,0.0027700831024930483,0.00031328320802004317,0.0006265664160400863,0.0022321428571429047,True,stage18-scaling-24a9adb84176,0,5,8500,89
s0-step8500-f99of100-d1of2,89,C3,C4,0.006463527239150446,Q1,0.006463527239150446,0.0,0.0012531328320801727,0.004464285714285698,True,stage18-scaling-24a9adb84176,0,5,8500,89
s0-step8500-f99of100-d1of2,89,C3,C5,0.003826530612244916,Q4,0.0,0.0028195488721804995,0.002192982456140413,0.003826530612244916,True,stage18-scaling-24a9adb84176,0,5,8500,89
s0-step8500-f99of100-d1of2,89,C3,C6,0.004783163265306145,Q4,0.003693444136657398,0.0009398496240602405,0.0006265664160401974,0.004783163265306145,True,stage18-scaling-24a9adb84176,0,5,8500,89
s0-step8500-f99of100-d1of2,89,C3,C7,0.004783163265306145,Q4,0.0033856571252692813,0.0015664160401003269,0.0009398496240602405,0.004783163265306145,True,stage18-scaling-24a9adb84176,0,5,8500,89
s0-step8500-f99of100-d1of2,89,C4,C5,0.006463527239150446,Q1,0.006463527239150446,0.0028195488721804995,0.003446115288220586,0.0006377551020407823,True,stage18-scaling-24a9adb84176,0,5,8500,89
s0-step8500-f99of100-d1of2,89,C4,C6,0.0027700831024930483,Q1,0.0027700831024930483,0.0009398496240602405,0.00187969924812037,0.0003188775510204467,True,stage18-scaling-24a9adb84176,0,5,8500,89
s0-step8500-f99of100-d1of2,89,C4,C7,0.003077870113881165,Q1,0.003077870113881165,0.0015664160401003269,0.002192982456140413,0.0003188775510204467,True,stage18-scaling-24a9adb84176,0,5,8500,89
s0-step8500-f99of100-d1of2,89,C5,C6,0.003693444136657398,Q1,0.003693444136657398,0.001879699248120259,0.0015664160401002158,0.000956632653061229,True,stage18-scaling-24a9adb84176,0,5,8500,89
s0-step8500-f99of100-d1of2,89,C5,C7,0.0033856571252692813,Q1,0.0033856571252692813,0.0012531328320801727,0.0012531328320801727,0.000956632653061229,True,stage18-scaling-24a9adb84176,0,5,8500,89
s0-step8500-f99of100-d1of2,89,C6,C7,0.0006265664160400863,Q2,0.0003077870113881165,0.0006265664160400863,0.00031328320802004317,0.0,True,stage18-scaling-24a9adb84176,0,5,8500,89
s0-step8500-f99of100-d3of4,90,C1,C2,0.004616805170821747,Q1,0.004616805170821747,0.0009398496240602405,0.0003132832080201542,0.004464285714285698,True,stage18-scaling-24a9adb84176,0,5,8500,90
s0-step8500-f99of100-d3of4,90,C1,C3,0.007015306122448939,Q4,0.00523237919359798,0.00031328320802004317,0.0,0.007015306122448939,True,stage18-scaling-24a9adb84176,0,5,8500,90
s0-step8500-f99of100-d3of4,90,C1,C4,0.0025510204081632404,Q4,0.001231148045552466,0.00031328320802004317,0.0012531328320801727,0.0025510204081632404,True,stage18-scaling-24a9adb84176,0,5,8500,90
s0-step8500-f99of100-d3of4,90,C1,C5,0.00523237919359798,Q1,0.00523237919359798,0.0025062656641604564,0.002192982456140413,0.0031887755102040227,True,stage18-scaling-24a9adb84176,0,5,8500,90
s0-step8500-f99of100-d3of4,90,C1,C6,0.0022321428571427937,Q4,0.0015389350569405824,0.0006265664160401974,0.0006265664160401974,0.0022321428571427937,True,stage18-scaling-24a9adb84176,0,5,8500,90
s0-step8500-f99of100-d3of4,90,C1,C7,0.0022321428571427937,Q4,0.001846722068328699,0.0012531328320802837,0.0009398496240602405,0.0022321428571427937,True,stage18-scaling-24a9adb84176,0,5,8500,90
s0-step8500-f99of100-d3of4,90,C2,C3,0.0025510204081632404,Q4,0.000615574022776233,0.0012531328320802837,0.0003132832080201542,0.0025510204081632404,True,stage18-scaling-24a9adb84176,0,5,8500,90
s0-step8500-f99of100-d3of4,90,C2,C4,0.005847953216374213,Q1,0.005847953216374213,0.0012531328320802837,0.0015664160401003269,0.001913265306122458,True,stage18-scaling-24a9adb84176,0,5,8500,90
s0-step8500-f99of100-d3of4,90,C2,C5,0.001879699248120259,Q3,0.000615574022776233,0.0015664160401002158,0.001879699248120259,0.0012755102040816757,True,stage18-scaling-24a9adb84176,0,5,8500,90
s0-step8500-f99of100-d3of4,90,C2,C6,0.003077870113881165,Q1,0.003077870113881165,0.00031328320802004317,0.00031328320802004317,0.0022321428571429047,True,stage18-scaling-24a9adb84176,0,5,8500,90
s0-step8500-f99of100-d3of4,90,C2,C7,0.0027700831024930483,Q1,0.0027700831024930483,0.00031328320802004317,0.0006265664160400863,0.0022321428571429047,True,stage18-scaling-24a9adb84176,0,5,8500,90
s0-step8500-f99of100-d3of4,90,C3,C4,0.006463527239150446,Q1,0.006463527239150446,0.0,0.0012531328320801727,0.004464285714285698,True,stage18-scaling-24a9adb84176,0,5,8500,90
s0-step8500-f99of100-d3of4,90,C3,C5,0.003826530612244916,Q4,0.0,0.0028195488721804995,0.002192982456140413,0.003826530612244916,True,stage18-scaling-24a9adb84176,0,5,8500,90
s0-step8500-f99of100-d3of4,90,C3,C6,0.004783163265306145,Q4,0.003693444136657398,0.0009398496240602405,0.0006265664160401974,0.004783163265306145,True,stage18-scaling-24a9adb84176,0,5,8500,90
s0-step8500-f99of100-d3of4,90,C3,C7,0.004783163265306145,Q4,0.0033856571252692813,0.0015664160401003269,0.0009398496240602405,0.004783163265306145,True,stage18-scaling-24a9adb84176,0,5,8500,90
s0-step8500-f99of100-d3of4,90,C4,C5,0.006463527239150446,Q1,0.006463527239150446,0.0028195488721804995,0.003446115288220586,0.0006377551020407823,True,stage18-scaling-24a9adb84176,0,5,8500,90
s0-step8500-f99of100-d3of4,90,C4,C6,0.0027700831024930483,Q1,0.0027700831024930483,0.0009398496240602405,0.00187969924812037,0.0003188775510204467,True,stage18-scaling-24a9adb84176,0,5,8500,90
s0-step8500-f99of100-d3of4,90,C4,C7,0.003077870113881165,Q1,0.003077870113881165,0.0015664160401003269,0.002192982456140413,0.0003188775510204467,True,stage18-scaling-24a9adb84176,0,5,8500,90
s0-step8500-f99of100-d3of4,90,C5,C6,0.003693444136657398,Q1,0.003693444136657398,0.001879699248120259,0.0015664160401002158,0.000956632653061229,True,stage18-scaling-24a9adb84176,0,5,8500,90
s0-step8500-f99of100-d3of4,90,C5,C7,0.0033856571252692813,Q1,0.0033856571252692813,0.0012531328320801727,0.0012531328320801727,0.000956632653061229,True,stage18-scaling-24a9adb84176,0,5,8500,90
s0-step8500-f99of100-d3of4,90,C6,C7,0.0006265664160400863,Q2,0.0003077870113881165,0.0006265664160400863,0.00031328320802004317,0.0,True,stage18-scaling-24a9adb84176,0,5,8500,90
s0-step8650-f4of5-d1of4,91,C1,C2,0.0166204986149584,Q1,0.0166204986149584,0.004072681704260672,0.0009398496240602405,0.00860969387755095,True,stage18-scaling-24a9adb84176,0,6,8650,91
s0-step8650-f4of5-d1of4,91,C1,C3,0.041859033548784175,Q1,0.041859033548784175,0.007832080200501301,0.004385964912280715,0.03316326530612246,False,stage18-scaling-24a9adb84176,0,6,8650,91
s0-step8650-f4of5-d1of4,91,C1,C4,0.03262542320714068,Q1,0.03262542320714068,0.021929824561403466,0.020989974937343447,0.026147959183673408,False,stage18-scaling-24a9adb84176,0,6,8650,91
s0-step8650-f4of5-d1of4,91,C1,C5,0.052323791935980246,Q1,0.052323791935980246,0.013157894736842146,0.012218045112782017,0.01211734693877553,False,stage18-scaling-24a9adb84176,0,6,8650,91
s0-step8650-f4of5-d1of4,91,C2,C3,0.025238534933825774,Q1,0.025238534933825774,0.003759398496240629,0.003446115288220475,0.024553571428571508,False,stage18-scaling-24a9adb84176,0,6,8650,91
s0-step8650-f4of5-d1of4,91,C2,C4,0.020050125313283207,Q3,0.01600492459218228,0.017857142857142794,0.020050125313283207,0.017538265306122458,False,stage18-scaling-24a9adb84176,0,6,8650,91
s0-step8650-f4of5-d1of4,91,C2,C5,0.035703293321021845,Q1,0.035703293321021845,0.009085213032581474,0.011278195488721776,0.0035076530612245804,False,stage18-scaling-24a9adb84176,0,6,8650,91
s0-step8650-f4of5-d1of4,91,C3,C4,0.016604010025062732,Q3,0.009233610341643494,0.014097744360902165,0.016604010025062732,0.00701530612244905,True,stage18-scaling-24a9adb84176,0,6,8650,91
s0-step8650-f4of5-d1of4,91,C3,C5,0.021045918367346927,Q4,0.010464758387196071,0.005325814536340845,0.007832080200501301,0.021045918367346927,True,stage18-scaling-24a9adb84176,0,6,8650,91
s0-step8650-f4of5-d1of4,91,C4,C5,0.019698368728839566,Q1,0.019698368728839566,0.00877192982456132,0.00877192982456143,0.014030612244897878,True,stage18-scaling-24a9adb84176,0,6,8650,91
s0-step8650-f4of5-d1of2,92,C1,C2,0.0166204986149584,Q1,0.0166204986149584,0.004072681704260672,0.0009398496240602405,0.00860969387755095,True,stage18-scaling-24a9adb84176,0,6,8650,92
s0-step8650-f4of5-d1of2,92,C1,C3,0.041859033548784175,Q1,0.041859033548784175,0.007832080200501301,0.004385964912280715,0.03316326530612246,False,stage18-scaling-24a9adb84176,0,6,8650,92
s0-step8650-f4of5-d1of2,92,C1,C4,0.03262542320714068,Q1,0.03262542320714068,0.021929824561403466,0.020989974937343447,0.026147959183673408,False,stage18-scaling-24a9adb84176,0,6,8650,92
s0-step8650-f4of5-d1of2,92,C1,C5,0.052323791935980246,Q1,0.052323791935980246,0.013157894736842146,0.012218045112782017,0.01211734693877553,False,stage18-scaling-24a9adb84176,0,6,8650,92
s0-step8650-f4of5-d1of2,92,C1,C6,0.05355493998153271,Q1,0.05355493998153271,0.009085213032581474,0.009398496240601517,0.01817602040816324,False,stage18-scaling-24a9adb84176,0,6,8650,92
s0-step8650-f4of5-d1of2,92,C2,C3,0.025238534933825774,Q1,0.025238534933825774,0.003759398496240629,0.003446115288220475,0.024553571428571508,False,stage18-scaling-24a9adb84176,0,6,8650,92
s0-step8650-f4of5-d1of2,92,C2,C4,0.020050125313283207,Q3,0.01600492459218228,0.017857142857142794,0.020050125313283207,0.017538265306122458,False,stage18-scaling-24a9adb84176,0,6,8650,92
s0-step8650-f4of5-d1of2,92,C2,C5,0.035703293321021845,Q1,0.035703293321021845,0.009085213032581474,0.011278195488721776,0.0035076530612245804,False,stage18-scaling-24a9adb84176,0,6,8650,92
s0-step8650-f4of5-d1of2,92,C2,C6,0.03693444136657431,Q1,0.03693444136657431,0.005012531328320802,0.008458646616541277,0.00956632653061229,False,stage18-scaling-24a9adb84176,0,6,8650,92
s0-step8650-f4of5-d1of2,92,C3,C4,0.016604010025062732,Q3,0.009233610341643494,0.014097744360902165,0.016604010025062732,0.00701530612244905,True,stage18-scaling-24a9adb84176,0,6,8650,92
s0-step8650-f4of5-d1of2,92,C3,C5,0.021045918367346927,Q4,0.010464758387196071,0.005325814536340845,0.007832080200501301,0.021045918367346927,True,stage18-scaling-24a9adb84176,0,6,8650,92
s0-step8650-f4of5-d1of2,92,C3,C6,0.014987244897959218,Q4,0.011695906432748537,0.0012531328320801727,0.005012531328320802,0.014987244897959218,True,stage18-scaling-24a9adb84176,0,6,8650,92
s0-step8650-f4of5-d1of2,92,C4,C5,0.019698368728839566,Q1,0.019698368728839566,0.00877192982456132,0.00877192982456143,0.014030612244897878,True,stage18-scaling-24a9adb84176,0,6,8650,92
s0-step8650-f4of5-d1of2,92,C4,C6,0.020929516774392032,Q1,0.020929516774392032,0.012844611528821992,0.01159147869674193,0.007971938775510168,True,stage18-scaling-24a9adb84176,0,6,8650,92
s0-step8650-f4of5-d1of2,92,C5,C6,0.00605867346938771,Q4,0.001231148045552466,0.004072681704260672,0.0028195488721804995,0.00605867346938771,True,stage18-scaling-24a9adb84176,0,6,8650,92
s0-step8650-f4of5-d3of4,93,C1,C2,0.0166204986149584,Q1,0.0166204986149584,0.004072681704260672,0.0009398496240602405,0.00860969387755095,True,stage18-scaling-24a9adb84176,0,6,8650,93
s0-step8650-f4of5-d3of4,93,C1,C3,0.041859033548784175,Q1,0.041859033548784175,0.007832080200501301,0.004385964912280715,0.03316326530612246,False,stage18-scaling-24a9adb84176,0,6,8650,93
s0-step8650-f4of5-d3of4,93,C1,C4,0.03262542320714068,Q1,0.03262542320714068,0.021929824561403466,0.020989974937343447,0.026147959183673408,False,stage18-scaling-24a9adb84176,0,6,8650,93
s0-step8650-f4of5-d3of4,93,C1,C5,0.052323791935980246,Q1,0.052323791935980246,0.013157894736842146,0.012218045112782017,0.01211734693877553,False,stage18-scaling-24a9adb84176,0,6,8650,93
s0-step8650-f4of5-d3of4,93,C1,C6,0.05355493998153271,Q1,0.05355493998153271,0.009085213032581474,0.009398496240601517,0.01817602040816324,False,stage18-scaling-24a9adb84176,0,6,8650,93
s0-step8650-f4of5-d3of4,93,C2,C3,0.025238534933825774,Q1,0.025238534933825774,0.003759398496240629,0.003446115288220475,0.024553571428571508,False,stage18-scaling-24a9adb84176,0,6,8650,93
s0-step8650-f4of5-d3of4,93,C2,C4,0.020050125313283207,Q3,0.01600492459218228,0.017857142857142794,0.020050125313283207,0.017538265306122458,False,stage18-scaling-24a9adb84176,0,6,8650,93
s0-step8650-f4of5-d3of4,93,C2,C5,0.035703293321021845,Q1,0.035703293321021845,0.009085213032581474,0.011278195488721776,0.0035076530612245804,False,stage18-scaling-24a9adb84176,0,6,8650,93
s0-step8650-f4of5-d3of4,93,C2,C6,0.03693444136657431,Q1,0.03693444136657431,0.005012531328320802,0.008458646616541277,0.00956632653061229,False,stage18-scaling-24a9adb84176,0,6,8650,93
s0-step8650-f4of5-d3of4,93,C3,C4,0.016604010025062732,Q3,0.009233610341643494,0.014097744360902165,0.016604010025062732,0.00701530612244905,True,stage18-scaling-24a9adb84176,0,6,8650,93
s0-step8650-f4of5-d3of4,93,C3,C5,0.021045918367346927,Q4,0.010464758387196071,0.005325814536340845,0.007832080200501301,0.021045918367346927,True,stage18-scaling-24a9adb84176,0,6,8650,93
s0-step8650-f4of5-d3of4,93,C3,C6,0.014987244897959218,Q4,0.011695906432748537,0.0012531328320801727,0.005012531328320802,0.014987244897959218,True,stage18-scaling-24a9adb84176,0,6,8650,93
s0-step8650-f4of5-d3of4,93,C4,C5,0.019698368728839566,Q1,0.019698368728839566,0.00877192982456132,0.00877192982456143,0.014030612244897878,True,stage18-scaling-24a9adb84176,0,6,8650,93
s0-step8650-f4of5-d3of4,93,C4,C6,0.020929516774392032,Q1,0.020929516774392032,0.012844611528821992,0.01159147869674193,0.007971938775510168,True,stage18-scaling-24a9adb84176,0,6,8650,93
s0-step8650-f4of5-d3of4,93,C5,C6,0.00605867346938771,Q4,0.001231148045552466,0.004072681704260672,0.0028195488721804995,0.00605867346938771,True,stage18-scaling-24a9adb84176,0,6,8650,93
s0-step8650-f17of20-d1of4,94,C1,C2,0.006696428571428492,Q4,0.0027700831024930483,0.005952380952380931,0.005639097744360888,0.006696428571428492,True,stage18-scaling-24a9adb84176,0,6,8650,94
s0-step8650-f17of20-d1of4,94,C1,C3,0.015306122448979553,Q4,0.008925823330255489,0.007205513784461104,0.00783208020050119,0.015306122448979553,True,stage18-scaling-24a9adb84176,0,6,8650,94
s0-step8650-f17of20-d1of4,94,C1,C4,0.018494897959183687,Q4,0.017236072637734634,0.01065162907268169,0.010338345864661647,0.018494897959183687,True,stage18-scaling-24a9adb84176,0,6,8650,94
s0-step8650-f17of20-d1of4,94,C1,C5,0.015037593984962405,Q3,0.007694675284703023,0.01347117794486219,0.015037593984962405,0.0015943877551020114,True,stage18-scaling-24a9adb84176,0,6,8650,94
s0-step8650-f17of20-d1of4,94,C1,C6,0.008925823330255489,Q1,0.008925823330255489,0.005952380952380931,0.0046992481203007586,0.007653061224489721,True,stage18-scaling-24a9adb84176,0,6,8650,94
s0-step8650-f17of20-d1of4,94,C2,C3,0.013471177944862078,Q3,0.006155740227762441,0.013157894736842035,0.013471177944862078,0.008609693877551061,True,stage18-scaling-24a9adb84176,0,6,8650,94
s0-step8650-f17of20-d1of4,94,C2,C4,0.02519132653061218,Q4,0.014465989535241586,0.0046992481203007586,0.0046992481203007586,0.02519132653061218,True,stage18-scaling-24a9adb84176,0,6,8650,94
s0-step8650-f17of20-d1of4,94,C2,C5,0.009398496240601517,Q3,0.004924592182209975,0.007518796992481258,0.009398496240601517,0.005102040816326481,True,stage18-scaling-24a9adb84176,0,6,8650,94
s0-step8650-f17of20-d1of4,94,C2,C6,0.006155740227762441,Q1,0.006155740227762441,0.0,0.0009398496240601295,0.000956632653061229,True,stage18-scaling-24a9adb84176,0,6,8650,94
s0-step8650-f17of20-d1of4,94,C3,C4,0.03380102040816324,Q4,0.008310249307479145,0.017857142857142794,0.018170426065162837,0.03380102040816324,True,stage18-scaling-24a9adb84176,0,6,8650,94
s0-step8650-f17of20-d1of4,94,C3,C5,0.022869674185463595,Q3,0.001231148045552466,0.020676691729323293,0.022869674185463595,0.013711734693877542,True,stage18-scaling-24a9adb84176,0,6,8650,94
s0-step8650-f17of20-d1of4,94,C3,C6,0.013157894736842035,Q2,0.0,0.013157894736842035,0.012531328320801949,0.007653061224489832,True,stage18-scaling-24a9adb84176,0,6,8650,94
s0-step8650-f17of20-d1of4,94,C4,C5,0.0200892857142857,Q4,0.009541397353031611,0.0028195488721804995,0.0046992481203007586,0.0200892857142857,True,stage18-scaling-24a9adb84176,0,6,8650,94
s0-step8650-f17of20-d1of4,94,C4,C6,0.026147959183673408,Q4,0.008310249307479145,0.0046992481203007586,0.005639097744360888,0.026147959183673408,True,stage18-scaling-24a9adb84176,0,6,8650,94
s0-step8650-f17of20-d1of4,94,C5,C6,0.010338345864661647,Q3,0.001231148045552466,0.007518796992481258,0.010338345864661647,0.00605867346938771,True,stage18-scaling-24a9adb84176,0,6,8650,94
s0-step8650-f17of20-d1of2,95,C1,C2,0.006696428571428492,Q4,0.0027700831024930483,0.005952380952380931,0.005639097744360888,0.006696428571428492,True,stage18-scaling-24a9adb84176,0,6,8650,95
s0-step8650-f17of20-d1of2,95,C1,C3,0.015306122448979553,Q4,0.008925823330255489,0.007205513784461104,0.00783208020050119,0.015306122448979553,True,stage18-scaling-24a9adb84176,0,6,8650,95
s0-step8650-f17of20-d1of2,95,C1,C4,0.018494897959183687,Q4,0.017236072637734634,0.01065162907268169,0.010338345864661647,0.018494897959183687,True,stage18-scaling-24a9adb84176,0,6,8650,95
s0-step8650-f17of20-d1of2,95,C1,C5,0.015037593984962405,Q3,0.007694675284703023,0.01347117794486219,0.015037593984962405,0.0015943877551020114,True,stage18-scaling-24a9adb84176,0,6,8650,95
s0-step8650-f17of20-d1of2,95,C1,C6,0.008925823330255489,Q1,0.008925823330255489,0.005952380952380931,0.0046992481203007586,0.007653061224489721,True,stage18-scaling-24a9adb84176,0,6,8650,95
s0-step8650-f17of20-d1of2,95,C2,C3,0.013471177944862078,Q3,0.006155740227762441,0.013157894736842035,0.013471177944862078,0.008609693877551061,True,stage18-scaling-24a9adb84176,0,6,8650,95
s0-step8650-f17of20-d1of2,95,C2,C4,0.02519132653061218,Q4,0.014465989535241586,0.0046992481203007586,0.0046992481203007586,0.02519132653061218,True,stage18-scaling-24a9adb84176,0,6,8650,95
s0-step8650-f17of20-d1of2,95,C2,C5,0.009398496240601517,Q3,0.004924592182209975,0.007518796992481258,0.009398496240601517,0.005102040816326481,True,stage18-scaling-24a9adb84176,0,6,8650,95
s0-step8650-f17of20-d1of2,95,C2,C6,0.006155740227762441,Q1,0.006155740227762441,0.0,0.0009398496240601295,0.000956632653061229,True,stage18-scaling-24a9adb84176,0,6,8650,95
s0-step8650-f17of20-d1of2,95,C3,C4,0.03380102040816324,Q4,0.008310249307479145,0.017857142857142794,0.018170426065162837,0.03380102040816324,True,stage18-scaling-24a9adb84176,0,6,8650,95
s0-step8650-f17of20-d1of2,95,C3,C5,0.022869674185463595,Q3,0.001231148045552466,0.020676691729323293,0.022869674185463595,0.013711734693877542,True,stage18-scaling-24a9adb84176,0,6,8650,95
s0-step8650-f17of20-d1of2,95,C3,C6,0.013157894736842035,Q2,0.0,0.013157894736842035,0.012531328320801949,0.007653061224489832,True,stage18-scaling-24a9adb84176,0,6,8650,95
s0-step8650-f17of20-d1of2,95,C4,C5,0.0200892857142857,Q4,0.009541397353031611,0.0028195488721804995,0.0046992481203007586,0.0200892857142857,True,stage18-scaling-24a9adb84176,0,6,8650,95
s0-step8650-f17of20-d1of2,95,C4,C6,0.026147959183673408,Q4,0.008310249307479145,0.0046992481203007586,0.005639097744360888,0.026147959183673408,True,stage18-scaling-24a9adb84176,0,6,8650,95
s0-step8650-f17of20-d1of2,95,C5,C6,0.010338345864661647,Q3,0.001231148045552466,0.007518796992481258,0.010338345864661647,0.00605867346938771,True,stage18-scaling-24a9adb84176,0,6,8650,95
s0-step8650-f17of20-d3of4,96,C1,C2,0.006696428571428492,Q4,0.0027700831024930483,0.005952380952380931,0.005639097744360888,0.006696428571428492,True,stage18-scaling-24a9adb84176,0,6,8650,96
s0-step8650-f17of20-d3of4,96,C1,C3,0.015306122448979553,Q4,0.008925823330255489,0.007205513784461104,0.00783208020050119,0.015306122448979553,True,stage18-scaling-24a9adb84176,0,6,8650,96
s0-step8650-f17of20-d3of4,96,C1,C4,0.018494897959183687,Q4,0.017236072637734634,0.01065162907268169,0.010338345864661647,0.018494897959183687,True,stage18-scaling-24a9adb84176,0,6,8650,96
s0-step8650-f17of20-d3of4,96,C1,C5,0.015037593984962405,Q3,0.007694675284703023,0.01347117794486219,0.015037593984962405,0.0015943877551020114,True,stage18-scaling-24a9adb84176,0,6,8650,96
s0-step8650-f17of20-d3of4,96,C1,C6,0.008925823330255489,Q1,0.008925823330255489,0.005952380952380931,0.0046992481203007586,0.007653061224489721,True,stage18-scaling-24a9adb84176,0,6,8650,96
s0-step8650-f17of20-d3of4,96,C2,C3,0.013471177944862078,Q3,0.006155740227762441,0.013157894736842035,0.013471177944862078,0.008609693877551061,True,stage18-scaling-24a9adb84176,0,6,8650,96
s0-step8650-f17of20-d3of4,96,C2,C4,0.02519132653061218,Q4,0.014465989535241586,0.0046992481203007586,0.0046992481203007586,0.02519132653061218,True,stage18-scaling-24a9adb84176,0,6,8650,96
s0-step8650-f17of20-d3of4,96,C2,C5,0.009398496240601517,Q3,0.004924592182209975,0.007518796992481258,0.009398496240601517,0.005102040816326481,True,stage18-scaling-24a9adb84176,0,6,8650,96
s0-step8650-f17of20-d3of4,96,C2,C6,0.006155740227762441,Q1,0.006155740227762441,0.0,0.0009398496240601295,0.000956632653061229,True,stage18-scaling-24a9adb84176,0,6,8650,96
s0-step8650-f17of20-d3of4,96,C3,C4,0.03380102040816324,Q4,0.008310249307479145,0.017857142857142794,0.018170426065162837,0.03380102040816324,True,stage18-scaling-24a9adb84176,0,6,8650,96
s0-step8650-f17of20-d3of4,96,C3,C5,0.022869674185463595,Q3,0.001231148045552466,0.020676691729323293,0.022869674185463595,0.013711734693877542,True,stage18-scaling-24a9adb84176,0,6,8650,96
s0-step8650-f17of20-d3of4,96,C3,C6,0.013157894736842035,Q2,0.0,0.013157894736842035,0.012531328320801949,0.007653061224489832,True,stage18-scaling-24a9adb84176,0,6,8650,96
s0-step8650-f17of20-d3of4,96,C4,C5,0.0200892857142857,Q4,0.009541397353031611,0.0028195488721804995,0.0046992481203007586,0.0200892857142857,True,stage18-scaling-24a9adb84176,0,6,8650,96
s0-step8650-f17of20-d3of4,96,C4,C6,0.026147959183673408,Q4,0.008310249307479145,0.0046992481203007586,0.005639097744360888,0.026147959183673408,True,stage18-scaling-24a9adb84176,0,6,8650,96
s0-step8650-f17of20-d3of4,96,C5,C6,0.010338345864661647,Q3,0.001231148045552466,0.007518796992481258,0.010338345864661647,0.00605867346938771,True,stage18-scaling-24a9adb84176,0,6,8650,96
s0-step8650-f9of10-d1of4,97,C1,C2,0.00877192982456132,Q2,0.003693444136657398,0.00877192982456132,0.006578947368421018,0.0025510204081632404,True,stage18-scaling-24a9adb84176,0,6,8650,97
s0-step8650-f9of10-d1of4,97,C1,C3,0.007653061224489721,Q4,0.0027700831024930483,0.004072681704260561,0.0025062656641603454,0.007653061224489721,True,stage18-scaling-24a9adb84176,0,6,8650,97
s0-step8650-f9of10-d1of4,97,C1,C4,0.023915816326530615,Q4,0.022776238842720842,0.0012531328320801727,0.0012531328320801727,0.023915816326530615,True,stage18-scaling-24a9adb84176,0,6,8650,97
s0-step8650-f9of10-d1of4,97,C1,C5,0.02462296091104954,Q1,0.02462296091104954,0.005952380952380931,0.005952380952380931,0.019770408163265252,True,stage18-scaling-24a9adb84176,0,6,8650,97
s0-step8650-f9of10-d1of4,97,C1,C6,0.02264030612244894,Q4,0.020621729763004026,0.005325814536340845,0.003446115288220586,0.02264030612244894,True,stage18-scaling-24a9adb84176,0,6,8650,97
s0-step8650-f9of10-d1of4,97,C2,C3,0.005102040816326481,Q4,0.0009233610341643494,0.0046992481203007586,0.004072681704260672,0.005102040816326481,True,stage18-scaling-24a9adb84176,0,6,8650,97
s0-step8650-f9of10-d1of4,97,C2,C4,0.021364795918367374,Q4,0.019082794706063444,0.007518796992481147,0.00783208020050119,0.021364795918367374,True,stage18-scaling-24a9adb84176,0,6,8650,97
s0-step8650-f9of10-d1of4,97,C2,C5,0.020929516774392143,Q1,0.020929516774392143,0.0028195488721803885,0.0006265664160400863,0.01721938775510201,True,stage18-scaling-24a9adb84176,0,6,8650,97
s0-step8650-f9of10-d1of4,97,C2,C6,0.0200892857142857,Q4,0.01692828562634663,0.003446115288220475,0.0031328320802004317,0.0200892857142857,True,stage18-scaling-24a9adb84176,0,6,8650,97
s0-step8650-f9of10-d1of4,97,C3,C4,0.020006155740227793,Q1,0.020006155740227793,0.0028195488721803885,0.003759398496240518,0.016262755102040893,True,stage18-scaling-24a9adb84176,0,6,8650,97
s0-step8650-f9of10-d1of4,97,C3,C5,0.021852877808556492,Q1,0.021852877808556492,0.00187969924812037,0.003446115288220586,0.01211734693877553,True,stage18-scaling-24a9adb84176,0,6,8650,97
s0-step8650-f9of10-d1of4,97,C3,C6,0.017851646660510978,Q1,0.017851646660510978,0.0012531328320802837,0.0009398496240602405,0.014987244897959218,True,stage18-scaling-24a9adb84176,0,6,8650,97
s0-step8650-f9of10-d1of4,97,C4,C5,0.007205513784461104,Q3,0.001846722068328699,0.0046992481203007586,0.007205513784461104,0.004145408163265363,True,stage18-scaling-24a9adb84176,0,6,8650,97
s0-step8650-f9of10-d1of4,97,C4,C6,0.0046992481203007586,Q3,0.0021545090797168154,0.004072681704260672,0.0046992481203007586,0.0012755102040816757,True,stage18-scaling-24a9adb84176,0,6,8650,97
s0-step8650-f9of10-d1of4,97,C5,C6,0.004001231148045514,Q1,0.004001231148045514,0.0006265664160400863,0.0025062656641603454,0.002869897959183687,True,stage18-scaling-24a9adb84176,0,6,8650,97
s0-step8650-f9of10-d1of2,98,C1,C2,0.00877192982456132,Q2,0.003693444136657398,0.00877192982456132,0.006578947368421018,0.0025510204081632404,True,stage18-scaling-24a9adb84176,0,6,8650,98
s0-step8650-f9of10-d1of2,98,C1,C3,0.007653061224489721,Q4,0.0027700831024930483,0.004072681704260561,0.0025062656641603454,0.007653061224489721,True,stage18-scaling-24a9adb84176,0,6,8650,98
s0-step8650-f9of10-d1of2,98,C1,C4,0.023915816326530615,Q4,0.022776238842720842,0.0012531328320801727,0.0012531328320801727,0.023915816326530615,True,stage18-scaling-24a9adb84176,0,6,8650,98
s0-step8650-f9of10-d1of2,98,C1,C5,0.02462296091104954,Q1,0.02462296091104954,0.005952380952380931,0.005952380952380931,0.019770408163265252,True,stage18-scaling-24a9adb84176,0,6,8650,98
s0-step8650-f9of10-d1of2,98,C1,C6,0.02264030612244894,Q4,0.020621729763004026,0.005325814536340845,0.003446115288220586,0.02264030612244894,True,stage18-scaling-24a9adb84176,0,6,8650,98
s0-step8650-f9of10-d1of2,98,C2,C3,0.005102040816326481,Q4,0.0009233610341643494,0.0046992481203007586,0.004072681704260672,0.005102040816326481,True,stage18-scaling-24a9adb84176,0,6,8650,98
s0-step8650-f9of10-d1of2,98,C2,C4,0.021364795918367374,Q4,0.019082794706063444,0.007518796992481147,0.00783208020050119,0.021364795918367374,True,stage18-scaling-24a9adb84176,0,6,8650,98
s0-step8650-f9of10-d1of2,98,C2,C5,0.020929516774392143,Q1,0.020929516774392143,0.0028195488721803885,0.0006265664160400863,0.01721938775510201,True,stage18-scaling-24a9adb84176,0,6,8650,98
s0-step8650-f9of10-d1of2,98,C2,C6,0.0200892857142857,Q4,0.01692828562634663,0.003446115288220475,0.0031328320802004317,0.0200892857142857,True,stage18-scaling-24a9adb84176,0,6,8650,98
s0-step8650-f9of10-d1of2,98,C3,C4,0.020006155740227793,Q1,0.020006155740227793,0.0028195488721803885,0.003759398496240518,0.016262755102040893,True,stage18-scaling-24a9adb84176,0,6,8650,98
s0-step8650-f9of10-d1of2,98,C3,C5,0.021852877808556492,Q1,0.021852877808556492,0.00187969924812037,0.003446115288220586,0.01211734693877553,True,stage18-scaling-24a9adb84176,0,6,8650,98
s0-step8650-f9of10-d1of2,98,C3,C6,0.017851646660510978,Q1,0.017851646660510978,0.0012531328320802837,0.0009398496240602405,0.014987244897959218,True,stage18-scaling-24a9adb84176,0,6,8650,98
s0-step8650-f9of10-d1of2,98,C4,C5,0.007205513784461104,Q3,0.001846722068328699,0.0046992481203007586,0.007205513784461104,0.004145408163265363,True,stage18-scaling-24a9adb84176,0,6,8650,98
s0-step8650-f9of10-d1of2,98,C4,C6,0.0046992481203007586,Q3,0.0021545090797168154,0.004072681704260672,0.0046992481203007586,0.0012755102040816757,True,stage18-scaling-24a9adb84176,0,6,8650,98
s0-step8650-f9of10-d1of2,98,C5,C6,0.004001231148045514,Q1,0.004001231148045514,0.0006265664160400863,0.0025062656641603454,0.002869897959183687,True,stage18-scaling-24a9adb84176,0,6,8650,98
s0-step8650-f9of10-d3of4,99,C1,C2,0.00877192982456132,Q2,0.003693444136657398,0.00877192982456132,0.006578947368421018,0.0025510204081632404,True,stage18-scaling-24a9adb84176,0,6,8650,99
s0-step8650-f9of10-d3of4,99,C1,C3,0.007653061224489721,Q4,0.0027700831024930483,0.004072681704260561,0.0025062656641603454,0.007653061224489721,True,stage18-scaling-24a9adb84176,0,6,8650,99
s0-step8650-f9of10-d3of4,99,C1,C4,0.023915816326530615,Q4,0.022776238842720842,0.0012531328320801727,0.0012531328320801727,0.023915816326530615,True,stage18-scaling-24a9adb84176,0,6,8650,99
s0-step8650-f9of10-d3of4,99,C1,C5,0.02462296091104954,Q1,0.02462296091104954,0.005952380952380931,0.005952380952380931,0.019770408163265252,True,stage18-scaling-24a9adb84176,0,6,8650,99
s0-step8650-f9of10-d3of4,99,C1,C6,0.02264030612244894,Q4,0.020621729763004026,0.005325814536340845,0.003446115288220586,0.02264030612244894,True,stage18-scaling-24a9adb84176,0,6,8650,99
s0-step8650-f9of10-d3of4,99,C2,C3,0.005102040816326481,Q4,0.0009233610341643494,0.0046992481203007586,0.004072681704260672,0.005102040816326481,True,stage18-scaling-24a9adb84176,0,6,8650,99
s0-step8650-f9of10-d3of4,99,C2,C4,0.021364795918367374,Q4,0.019082794706063444,0.007518796992481147,0.00783208020050119,0.021364795918367374,True,stage18-scaling-24a9adb84176,0,6,8650,99
s0-step8650-f9of10-d3of4,99,C2,C5,0.020929516774392143,Q1,0.020929516774392143,0.0028195488721803885,0.0006265664160400863,0.01721938775510201,True,stage18-scaling-24a9adb84176,0,6,8650,99
s0-step8650-f9of10-d3of4,99,C2,C6,0.0200892857142857,Q4,0.01692828562634663,0.003446115288220475,0.0031328320802004317,0.0200892857142857,True,stage18-scaling-24a9adb84176,0,6,8650,99
s0-step8650-f9of10-d3of4,99,C3,C4,0.020006155740227793,Q1,0.020006155740227793,0.0028195488721803885,0.003759398496240518,0.016262755102040893,True,stage18-scaling-24a9adb84176,0,6,8650,99
s0-step8650-f9of10-d3of4,99,C3,C5,0.021852877808556492,Q1,0.021852877808556492,0.00187969924812037,0.003446115288220586,0.01211734693877553,True,stage18-scaling-24a9adb84176,0,6,8650,99
s0-step8650-f9of10-d3of4,99,C3,C6,0.017851646660510978,Q1,0.017851646660510978,0.0012531328320802837,0.0009398496240602405,0.014987244897959218,True,stage18-scaling-24a9adb84176,0,6,8650,99
s0-step8650-f9of10-d3of4,99,C4,C5,0.007205513784461104,Q3,0.001846722068328699,0.0046992481203007586,0.007205513784461104,0.004145408163265363,True,stage18-scaling-24a9adb84176,0,6,8650,99
s0-step8650-f9of10-d3of4,99,C4,C6,0.0046992481203007586,Q3,0.0021545090797168154,0.004072681704260672,0.0046992481203007586,0.0012755102040816757,True,stage18-scaling-24a9adb84176,0,6,8650,99
s0-step8650-f9of10-d3of4,99,C5,C6,0.004001231148045514,Q1,0.004001231148045514,0.0006265664160400863,0.0025062656641603454,0.002869897959183687,True,stage18-scaling-24a9adb84176,0,6,8650,99
s0-step8650-f19of20-d1of4,100,C1,C2,0.006771314250538563,Q1,0.006771314250538563,0.0031328320802004317,0.0031328320802004317,0.005102040816326481,True,stage18-scaling-24a9adb84176,0,6,8650,100
s0-step8650-f19of20-d1of4,100,C1,C3,0.014349489795918324,Q4,0.000615574022776233,0.0015664160401002158,0.002192982456140302,0.014349489795918324,True,stage18-scaling-24a9adb84176,0,6,8650,100
s0-step8650-f19of20-d1of4,100,C1,C4,0.011160714285714302,Q4,0.0009233610341643494,0.0028195488721804995,0.003446115288220586,0.011160714285714302,True,stage18-scaling-24a9adb84176,0,6,8650,100
s0-step8650-f19of20-d1of4,100,C1,C5,0.013711734693877542,Q4,0.006463527239150446,0.0006265664160400863,0.0009398496240601295,0.013711734693877542,True,stage18-scaling-24a9adb84176,0,6,8650,100
s0-step8650-f19of20-d1of4,100,C1,C6,0.008002462296091029,Q1,0.008002462296091029,0.00187969924812037,0.0025062656641604564,0.000956632653061229,True,stage18-scaling-24a9adb84176,0,6,8650,100
s0-step8650-f19of20-d1of4,100,C2,C3,0.009247448979591844,Q4,0.00615574022776233,0.0015664160401002158,0.0009398496240601295,0.009247448979591844,True,stage18-scaling-24a9adb84176,0,6,8650,100
s0-step8650-f19of20-d1of4,100,C2,C4,0.007694675284702912,Q1,0.007694675284702912,0.005952380952380931,0.006578947368421018,0.006058673469387821,True,stage18-scaling-24a9adb84176,0,6,8650,100
s0-step8650-f19of20-d1of4,100,C2,C5,0.008609693877551061,Q4,0.0003077870113881165,0.003759398496240518,0.004072681704260561,0.008609693877551061,True,stage18-scaling-24a9adb84176,0,6,8650,100
s0-step8650-f19of20-d1of4,100,C2,C6,0.005639097744360888,Q3,0.001231148045552466,0.005012531328320802,0.005639097744360888,0.004145408163265252,True,stage18-scaling-24a9adb84176,0,6,8650,100
s0-step8650-f19of20-d1of4,100,C3,C4,0.005639097744360888,Q3,0.0015389350569405824,0.004385964912280715,0.005639097744360888,0.0031887755102040227,True,stage18-scaling-24a9adb84176,0,6,8650,100
s0-step8650-f19of20-d1of4,100,C3,C5,0.005847953216374213,Q1,0.005847953216374213,0.002192982456140302,0.0031328320802004317,0.0006377551020407823,True,stage18-scaling-24a9adb84176,0,6,8650,100
s0-step8650-f19of20-d1of4,100,C3,C6,0.013392857142857095,Q4,0.007386888273314796,0.003446115288220586,0.0046992481203007586,0.013392857142857095,True,stage18-scaling-24a9adb84176,0,6,8650,100
s0-step8650-f19of20-d1of4,100,C4,C5,0.007386888273314796,Q1,0.007386888273314796,0.002192982456140413,0.0025062656641604564,0.0025510204081632404,True,stage18-scaling-24a9adb84176,0,6,8650,100
s0-step8650-f19of20-d1of4,100,C4,C6,0.010204081632653073,Q4,0.008925823330255378,0.0009398496240601295,0.0009398496240601295,0.010204081632653073,True,stage18-scaling-24a9adb84176,0,6,8650,100
s0-step8650-f19of20-d1of4,100,C5,C6,0.012755102040816313,Q4,0.0015389350569405824,0.0012531328320802837,0.0015664160401003269,0.012755102040816313,True,stage18-scaling-24a9adb84176,0,6,8650,100
s0-step8650-f19of20-d1of2,101,C1,C2,0.006771314250538563,Q1,0.006771314250538563,0.0031328320802004317,0.0031328320802004317,0.005102040816326481,True,stage18-scaling-24a9adb84176,0,6,8650,101
s0-step8650-f19of20-d1of2,101,C1,C3,0.014349489795918324,Q4,0.000615574022776233,0.0015664160401002158,0.002192982456140302,0.014349489795918324,True,stage18-scaling-24a9adb84176,0,6,8650,101
s0-step8650-f19of20-d1of2,101,C1,C4,0.011160714285714302,Q4,0.0009233610341643494,0.0028195488721804995,0.003446115288220586,0.011160714285714302,True,stage18-scaling-24a9adb84176,0,6,8650,101
s0-step8650-f19of20-d1of2,101,C1,C5,0.013711734693877542,Q4,0.006463527239150446,0.0006265664160400863,0.0009398496240601295,0.013711734693877542,True,stage18-scaling-24a9adb84176,0,6,8650,101
s0-step8650-f19of20-d1of2,101,C1,C6,0.008002462296091029,Q1,0.008002462296091029,0.00187969924812037,0.0025062656641604564,0.000956632653061229,True,stage18-scaling-24a9adb84176,0,6,8650,101
s0-step8650-f19of20-d1of2,101,C2,C3,0.009247448979591844,Q4,0.00615574022776233,0.0015664160401002158,0.0009398496240601295,0.009247448979591844,True,stage18-scaling-24a9adb84176,0,6,8650,101
s0-step8650-f19of20-d1of2,101,C2,C4,0.007694675284702912,Q1,0.007694675284702912,0.005952380952380931,0.006578947368421018,0.006058673469387821,True,stage18-scaling-24a9adb84176,0,6,8650,101
s0-step8650-f19of20-d1of2,101,C2,C5,0.008609693877551061,Q4,0.0003077870113881165,0.003759398496240518,0.004072681704260561,0.008609693877551061,True,stage18-scaling-24a9adb84176,0,6,8650,101
s0-step8650-f19of20-d1of2,101,C2,C6,0.005639097744360888,Q3,0.001231148045552466,0.005012531328320802,0.005639097744360888,0.004145408163265252,True,stage18-scaling-24a9adb84176,0,6,8650,101
s0-step8650-f19of20-d1of2,101,C3,C4,0.005639097744360888,Q3,0.0015389350569405824,0.004385964912280715,0.005639097744360888,0.0031887755102040227,True,stage18-scaling-24a9adb84176,0,6,8650,101
s0-step8650-f19of20-d1of2,101,C3,C5,0.005847953216374213,Q1,0.005847953216374213,0.002192982456140302,0.0031328320802004317,0.0006377551020407823,True,stage18-scaling-24a9adb84176,0,6,8650,101
s0-step8650-f19of20-d1of2,101,C3,C6,0.013392857142857095,Q4,0.007386888273314796,0.003446115288220586,0.0046992481203007586,0.013392857142857095,True,stage18-scaling-24a9adb84176,0,6,8650,101
s0-step8650-f19of20-d1of2,101,C4,C5,0.007386888273314796,Q1,0.007386888273314796,0.002192982456140413,0.0025062656641604564,0.0025510204081632404,True,stage18-scaling-24a9adb84176,0,6,8650,101
s0-step8650-f19of20-d1of2,101,C4,C6,0.010204081632653073,Q4,0.008925823330255378,0.0009398496240601295,0.0009398496240601295,0.010204081632653073,True,stage18-scaling-24a9adb84176,0,6,8650,101
s0-step8650-f19of20-d1of2,101,C5,C6,0.012755102040816313,Q4,0.0015389350569405824,0.0012531328320802837,0.0015664160401003269,0.012755102040816313,True,stage18-scaling-24a9adb84176,0,6,8650,101
s0-step8650-f19of20-d3of4,102,C1,C2,0.006771314250538563,Q1,0.006771314250538563,0.0031328320802004317,0.0031328320802004317,0.005102040816326481,True,stage18-scaling-24a9adb84176,0,6,8650,102
s0-step8650-f19of20-d3of4,102,C1,C3,0.014349489795918324,Q4,0.000615574022776233,0.0015664160401002158,0.002192982456140302,0.014349489795918324,True,stage18-scaling-24a9adb84176,0,6,8650,102
s0-step8650-f19of20-d3of4,102,C1,C4,0.011160714285714302,Q4,0.0009233610341643494,0.0028195488721804995,0.003446115288220586,0.011160714285714302,True,stage18-scaling-24a9adb84176,0,6,8650,102
s0-step8650-f19of20-d3of4,102,C1,C5,0.013711734693877542,Q4,0.006463527239150446,0.0006265664160400863,0.0009398496240601295,0.013711734693877542,True,stage18-scaling-24a9adb84176,0,6,8650,102
s0-step8650-f19of20-d3of4,102,C1,C6,0.008002462296091029,Q1,0.008002462296091029,0.00187969924812037,0.0025062656641604564,0.000956632653061229,True,stage18-scaling-24a9adb84176,0,6,8650,102
s0-step8650-f19of20-d3of4,102,C2,C3,0.009247448979591844,Q4,0.00615574022776233,0.0015664160401002158,0.0009398496240601295,0.009247448979591844,True,stage18-scaling-24a9adb84176,0,6,8650,102
s0-step8650-f19of20-d3of4,102,C2,C4,0.007694675284702912,Q1,0.007694675284702912,0.005952380952380931,0.006578947368421018,0.006058673469387821,True,stage18-scaling-24a9adb84176,0,6,8650,102
s0-step8650-f19of20-d3of4,102,C2,C5,0.008609693877551061,Q4,0.0003077870113881165,0.003759398496240518,0.004072681704260561,0.008609693877551061,True,stage18-scaling-24a9adb84176,0,6,8650,102
s0-step8650-f19of20-d3of4,102,C2,C6,0.005639097744360888,Q3,0.001231148045552466,0.005012531328320802,0.005639097744360888,0.004145408163265252,True,stage18-scaling-24a9adb84176,0,6,8650,102
s0-step8650-f19of20-d3of4,102,C3,C4,0.005639097744360888,Q3,0.0015389350569405824,0.004385964912280715,0.005639097744360888,0.0031887755102040227,True,stage18-scaling-24a9adb84176,0,6,8650,102
s0-step8650-f19of20-d3of4,102,C3,C5,0.005847953216374213,Q1,0.005847953216374213,0.002192982456140302,0.0031328320802004317,0.0006377551020407823,True,stage18-scaling-24a9adb84176,0,6,8650,102
s0-step8650-f19of20-d3of4,102,C3,C6,0.013392857142857095,Q4,0.007386888273314796,0.003446115288220586,0.0046992481203007586,0.013392857142857095,True,stage18-scaling-24a9adb84176,0,6,8650,102
s0-step8650-f19of20-d3of4,102,C4,C5,0.007386888273314796,Q1,0.007386888273314796,0.002192982456140413,0.0025062656641604564,0.0025510204081632404,True,stage18-scaling-24a9adb84176,0,6,8650,102
s0-step8650-f19of20-d3of4,102,C4,C6,0.010204081632653073,Q4,0.008925823330255378,0.0009398496240601295,0.0009398496240601295,0.010204081632653073,True,stage18-scaling-24a9adb84176,0,6,8650,102
s0-step8650-f19of20-d3of4,102,C5,C6,0.012755102040816313,Q4,0.0015389350569405824,0.0012531328320802837,0.0015664160401003269,0.012755102040816313,True,stage18-scaling-24a9adb84176,0,6,8650,102
s0-step8650-f39of40-d1of4,103,C1,C2,0.008290816326530615,Q4,0.007079101261926679,0.0006265664160400863,0.0009398496240601295,0.008290816326530615,True,stage18-scaling-24a9adb84176,0,6,8650,103
s0-step8650-f39of40-d1of4,103,C1,C3,0.005847953216374213,Q1,0.005847953216374213,0.001879699248120259,0.002192982456140302,0.0031887755102041337,True,stage18-scaling-24a9adb84176,0,6,8650,103
s0-step8650-f39of40-d1of4,103,C1,C4,0.003446115288220586,Q3,0.0027700831024930483,0.0025062656641604564,0.003446115288220586,0.0015943877551020114,True,stage18-scaling-24a9adb84176,0,6,8650,103
s0-step8650-f39of40-d1of4,103,C1,C5,0.003759398496240629,Q2,0.0009233610341643494,0.003759398496240629,0.003759398496240629,0.0012755102040815647,True,stage18-scaling-24a9adb84176,0,6,8650,103
s0-step8650-f39of40-d1of4,103,C1,C6,0.008609693877551061,Q4,0.00615574022776233,0.0012531328320801727,0.00031328320802004317,0.008609693877551061,True,stage18-scaling-24a9adb84176,0,6,8650,103
s0-step8650-f39of40-d1of4,103,C2,C3,0.011479591836734748,Q4,0.001231148045552466,0.0012531328320801727,0.0012531328320801727,0.011479591836734748,True,stage18-scaling-24a9adb84176,0,6,8650,103
s0-step8650-f39of40-d1of4,103,C2,C4,0.006696428571428603,Q4,0.004309018159433631,0.00187969924812037,0.0025062656641604564,0.006696428571428603,True,stage18-scaling-24a9adb84176,0,6,8650,103
s0-step8650-f39of40-d1of4,103,C2,C5,0.00701530612244905,Q4,0.00615574022776233,0.0031328320802005427,0.0028195488721804995,0.00701530612244905,True,stage18-scaling-24a9adb84176,0,6,8650,103
s0-step8650-f39of40-d1of4,103,C2,C6,0.016900510204081676,Q4,0.0009233610341643494,0.001879699248120259,0.0012531328320801727,0.016900510204081676,True,stage18-scaling-24a9adb84176,0,6,8650,103
s0-step8650-f39of40-d1of4,103,C3,C4,0.004783163265306145,Q4,0.003077870113881165,0.0006265664160401974,0.0012531328320802837,0.004783163265306145,True,stage18-scaling-24a9adb84176,0,6,8650,103
s0-step8650-f39of40-d1of4,103,C3,C5,0.004924592182209864,Q1,0.004924592182209864,0.00187969924812037,0.0015664160401003269,0.004464285714285698,True,stage18-scaling-24a9adb84176,0,6,8650,103
s0-step8650-f39of40-d1of4,103,C3,C6,0.0054209183673469274,Q4,0.0003077870113881165,0.0031328320802004317,0.0025062656641603454,0.0054209183673469274,True,stage18-scaling-24a9adb84176,0,6,8650,103
s0-step8650-f39of40-d1of4,103,C4,C5,0.001846722068328699,Q1,0.001846722068328699,0.0012531328320801727,0.00031328320802004317,0.0003188775510204467,True,stage18-scaling-24a9adb84176,0,6,8650,103
s0-step8650-f39of40-d1of4,103,C4,C6,0.010204081632653073,Q4,0.0033856571252692813,0.003759398496240629,0.003759398496240629,0.010204081632653073,True,stage18-scaling-24a9adb84176,0,6,8650,103
s0-step8650-f39of40-d1of4,103,C5,C6,0.009885204081632626,Q4,0.00523237919359798,0.005012531328320802,0.004072681704260672,0.009885204081632626,True,stage18-scaling-24a9adb84176,0,6,8650,103
s0-step8650-f39of40-d1of2,104,C1,C2,0.008290816326530615,Q4,0.007079101261926679,0.0006265664160400863,0.0009398496240601295,0.008290816326530615,True,stage18-scaling-24a9adb84176,0,6,8650,104
s0-step8650-f39of40-d1of2,104,C1,C3,0.005847953216374213,Q1,0.005847953216374213,0.001879699248120259,0.002192982456140302,0.0031887755102041337,True,stage18-scaling-24a9adb84176,0,6,8650,104
s0-step8650-f39of40-d1of2,104,C1,C4,0.003446115288220586,Q3,0.0027700831024930483,0.0025062656641604564,0.003446115288220586,0.0015943877551020114,True,stage18-scaling-24a9adb84176,0,6,8650,104
s0-step8650-f39of40-d1of2,104,C1,C5,0.003759398496240629,Q2,0.0009233610341643494,0.003759398496240629,0.003759398496240629,0.0012755102040815647,True,stage18-scaling-24a9adb84176,0,6,8650,104
s0-step8650-f39of40-d1of2,104,C1,C6,0.008609693877551061,Q4,0.00615574022776233,0.0012531328320801727,0.00031328320802004317,0.008609693877551061,True,stage18-scaling-24a9adb84176,0,6,8650,104
s0-step8650-f39of40-d1of2,104,C2,C3,0.011479591836734748,Q4,0.001231148045552466,0.0012531328320801727,0.0012531328320801727,0.011479591836734748,True,stage18-scaling-24a9adb84176,0,6,8650,104
s0-step8650-f39of40-d1of2,104,C2,C4,0.006696428571428603,Q4,0.004309018159433631,0.00187969924812037,0.0025062656641604564,0.006696428571428603,True,stage18-scaling-24a9adb84176,0,6,8650,104
s0-step8650-f39of40-d1of2,104,C2,C5,0.00701530612244905,Q4,0.00615574022776233,0.0031328320802005427,0.0028195488721804995,0.00701530612244905,True,stage18-scaling-24a9adb84176,0,6,8650,104
s0-step8650-f39of40-d1of2,104,C2,C6,0.016900510204081676,Q4,0.0009233610341643494,0.001879699248120259,0.0012531328320801727,0.016900510204081676,True,stage18-scaling-24a9adb84176,0,6,8650,104
s0-step8650-f39of40-d1of2,104,C3,C4,0.004783163265306145,Q4,0.003077870113881165,0.0006265664160401974,0.0012531328320802837,0.004783163265306145,True,stage18-scaling-24a9adb84176,0,6,8650,104
s0-step8650-f39of40-d1of2,104,C3,C5,0.004924592182209864,Q1,0.004924592182209864,0.00187969924812037,0.0015664160401003269,0.004464285714285698,True,stage18-scaling-24a9adb84176,0,6,8650,104
s0-step8650-f39of40-d1of2,104,C3,C6,0.0054209183673469274,Q4,0.0003077870113881165,0.0031328320802004317,0.0025062656641603454,0.0054209183673469274,True,stage18-scaling-24a9adb84176,0,6,8650,104
s0-step8650-f39of40-d1of2,104,C4,C5,0.001846722068328699,Q1,0.001846722068328699,0.0012531328320801727,0.00031328320802004317,0.0003188775510204467,True,stage18-scaling-24a9adb84176,0,6,8650,104
s0-step8650-f39of40-d1of2,104,C4,C6,0.010204081632653073,Q4,0.0033856571252692813,0.003759398496240629,0.003759398496240629,0.010204081632653073,True,stage18-scaling-24a9adb84176,0,6,8650,104
s0-step8650-f39of40-d1of2,104,C5,C6,0.009885204081632626,Q4,0.00523237919359798,0.005012531328320802,0.004072681704260672,0.009885204081632626,True,stage18-scaling-24a9adb84176,0,6,8650,104
s0-step8650-f39of40-d3of4,105,C1,C2,0.008290816326530615,Q4,0.007079101261926679,0.0006265664160400863,0.0009398496240601295,0.008290816326530615,True,stage18-scaling-24a9adb84176,0,6,8650,105
s0-step8650-f39of40-d3of4,105,C1,C3,0.005847953216374213,Q1,0.005847953216374213,0.001879699248120259,0.002192982456140302,0.0031887755102041337,True,stage18-scaling-24a9adb84176,0,6,8650,105
s0-step8650-f39of40-d3of4,105,C1,C4,0.003446115288220586,Q3,0.0027700831024930483,0.0025062656641604564,0.003446115288220586,0.0015943877551020114,True,stage18-scaling-24a9adb84176,0,6,8650,105
s0-step8650-f39of40-d3of4,105,C1,C5,0.003759398496240629,Q2,0.0009233610341643494,0.003759398496240629,0.003759398496240629,0.0012755102040815647,True,stage18-scaling-24a9adb84176,0,6,8650,105
s0-step8650-f39of40-d3of4,105,C1,C6,0.008609693877551061,Q4,0.00615574022776233,0.0012531328320801727,0.00031328320802004317,0.008609693877551061,True,stage18-scaling-24a9adb84176,0,6,8650,105
s0-step8650-f39of40-d3of4,105,C2,C3,0.011479591836734748,Q4,0.001231148045552466,0.0012531328320801727,0.0012531328320801727,0.011479591836734748,True,stage18-scaling-24a9adb84176,0,6,8650,105
s0-step8650-f39of40-d3of4,105,C2,C4,0.006696428571428603,Q4,0.004309018159433631,0.00187969924812037,0.0025062656641604564,0.006696428571428603,True,stage18-scaling-24a9adb84176,0,6,8650,105
s0-step8650-f39of40-d3of4,105,C2,C5,0.00701530612244905,Q4,0.00615574022776233,0.0031328320802005427,0.0028195488721804995,0.00701530612244905,True,stage18-scaling-24a9adb84176,0,6,8650,105
s0-step8650-f39of40-d3of4,105,C2,C6,0.016900510204081676,Q4,0.0009233610341643494,0.001879699248120259,0.0012531328320801727,0.016900510204081676,True,stage18-scaling-24a9adb84176,0,6,8650,105
s0-step8650-f39of40-d3of4,105,C3,C4,0.004783163265306145,Q4,0.003077870113881165,0.0006265664160401974,0.0012531328320802837,0.004783163265306145,True,stage18-scaling-24a9adb84176,0,6,8650,105
s0-step8650-f39of40-d3of4,105,C3,C5,0.004924592182209864,Q1,0.004924592182209864,0.00187969924812037,0.0015664160401003269,0.004464285714285698,True,stage18-scaling-24a9adb84176,0,6,8650,105
s0-step8650-f39of40-d3of4,105,C3,C6,0.0054209183673469274,Q4,0.0003077870113881165,0.0031328320802004317,0.0025062656641603454,0.0054209183673469274,True,stage18-scaling-24a9adb84176,0,6,8650,105
s0-step8650-f39of40-d3of4,105,C4,C5,0.001846722068328699,Q1,0.001846722068328699,0.0012531328320801727,0.00031328320802004317,0.0003188775510204467,True,stage18-scaling-24a9adb84176,0,6,8650,105
s0-step8650-f39of40-d3of4,105,C4,C6,0.010204081632653073,Q4,0.0033856571252692813,0.003759398496240629,0.003759398496240629,0.010204081632653073,True,stage18-scaling-24a9adb84176,0,6,8650,105
s0-step8650-f39of40-d3of4,105,C5,C6,0.009885204081632626,Q4,0.00523237919359798,0.005012531328320802,0.004072681704260672,0.009885204081632626,True,stage18-scaling-24a9adb84176,0,6,8650,105
s0-step8650-f99of100-d1of4,106,C1,C2,0.002462296091104932,Q1,0.002462296091104932,0.0015664160401002158,0.001879699248120259,0.0012755102040816757,True,stage18-scaling-24a9adb84176,0,6,8650,106
s0-step8650-f99of100-d1of4,106,C1,C3,0.004145408163265252,Q4,0.0003077870113881165,0.0,0.00031328320802004317,0.004145408163265252,True,stage18-scaling-24a9adb84176,0,6,8650,106
s0-step8650-f99of100-d1of4,106,C1,C4,0.0015943877551020114,Q4,0.0003077870113881165,0.00031328320802004317,0.0,0.0015943877551020114,True,stage18-scaling-24a9adb84176,0,6,8650,106
s0-step8650-f99of100-d1of4,106,C1,C5,0.004783163265306145,Q4,0.0015389350569405824,0.0006265664160400863,0.00031328320802004317,0.004783163265306145,True,stage18-scaling-24a9adb84176,0,6,8650,106
s0-step8650-f99of100-d1of4,106,C1,C6,0.007653061224489832,Q4,0.0,0.0015664160401003269,0.0012531328320802837,0.007653061224489832,True,stage18-scaling-24a9adb84176,0,6,8650,106
s0-step8650-f99of100-d1of4,106,C2,C3,0.002869897959183576,Q4,0.0021545090797168154,0.0015664160401002158,0.002192982456140302,0.002869897959183576,True,stage18-scaling-24a9adb84176,0,6,8650,106
s0-step8650-f99of100-d1of4,106,C2,C4,0.0021545090797168154,Q1,0.0021545090797168154,0.0012531328320801727,0.001879699248120259,0.00031887755102033566,True,stage18-scaling-24a9adb84176,0,6,8650,106
s0-step8650-f99of100-d1of4,106,C2,C5,0.0035076530612244694,Q4,0.0009233610341643494,0.0009398496240601295,0.0015664160401002158,0.0035076530612244694,True,stage18-scaling-24a9adb84176,0,6,8650,106
s0-step8650-f99of100-d1of4,106,C2,C6,0.0063775510204081565,Q4,0.002462296091104932,0.0031328320802005427,0.0031328320802005427,0.0063775510204081565,True,stage18-scaling-24a9adb84176,0,6,8650,106
s0-step8650-f99of100-d1of4,106,C3,C4,0.0025510204081632404,Q4,0.0,0.00031328320802004317,0.00031328320802004317,0.0025510204081632404,True,stage18-scaling-24a9adb84176,0,6,8650,106
s0-step8650-f99of100-d1of4,106,C3,C5,0.001231148045552466,Q1,0.001231148045552466,0.0006265664160400863,0.0006265664160400863,0.0006377551020408934,True,stage18-scaling-24a9adb84176,0,6,8650,106
s0-step8650-f99of100-d1of4,106,C3,C6,0.0035076530612245804,Q4,0.0003077870113881165,0.0015664160401003269,0.0009398496240602405,0.0035076530612245804,True,stage18-scaling-24a9adb84176,0,6,8650,106
s0-step8650-f99of100-d1of4,106,C4,C5,0.0031887755102041337,Q4,0.001231148045552466,0.00031328320802004317,0.00031328320802004317,0.0031887755102041337,True,stage18-scaling-24a9adb84176,0,6,8650,106
s0-step8650-f99of100-d1of4,106,C4,C6,0.006058673469387821,Q4,0.0003077870113881165,0.00187969924812037,0.0012531328320802837,0.006058673469387821,True,stage18-scaling-24a9adb84176,0,6,8650,106
s0-step8650-f99of100-d1of4,106,C5,C6,0.002869897959183687,Q4,0.0015389350569405824,0.002192982456140413,0.0015664160401003269,0.002869897959183687,True,stage18-scaling-24a9adb84176,0,6,8650,106
s0-step8650-f99of100-d1of2,107,C1,C2,0.002462296091104932,Q1,0.002462296091104932,0.0015664160401002158,0.001879699248120259,0.0012755102040816757,True,stage18-scaling-24a9adb84176,0,6,8650,107
s0-step8650-f99of100-d1of2,107,C1,C3,0.004145408163265252,Q4,0.0003077870113881165,0.0,0.00031328320802004317,0.004145408163265252,True,stage18-scaling-24a9adb84176,0,6,8650,107
s0-step8650-f99of100-d1of2,107,C1,C4,0.0015943877551020114,Q4,0.0003077870113881165,0.00031328320802004317,0.0,0.0015943877551020114,True,stage18-scaling-24a9adb84176,0,6,8650,107
s0-step8650-f99of100-d1of2,107,C1,C5,0.004783163265306145,Q4,0.0015389350569405824,0.0006265664160400863,0.00031328320802004317,0.004783163265306145,True,stage18-scaling-24a9adb84176,0,6,8650,107
s0-step8650-f99of100-d1of2,107,C1,C6,0.007653061224489832,Q4,0.0,0.0015664160401003269,0.0012531328320802837,0.007653061224489832,True,stage18-scaling-24a9adb84176,0,6,8650,107
s0-step8650-f99of100-d1of2,107,C2,C3,0.002869897959183576,Q4,0.0021545090797168154,0.0015664160401002158,0.002192982456140302,0.002869897959183576,True,stage18-scaling-24a9adb84176,0,6,8650,107
s0-step8650-f99of100-d1of2,107,C2,C4,0.0021545090797168154,Q1,0.0021545090797168154,0.0012531328320801727,0.001879699248120259,0.00031887755102033566,True,stage18-scaling-24a9adb84176,0,6,8650,107
s0-step8650-f99of100-d1of2,107,C2,C5,0.0035076530612244694,Q4,0.0009233610341643494,0.0009398496240601295,0.0015664160401002158,0.0035076530612244694,True,stage18-scaling-24a9adb84176,0,6,8650,107
s0-step8650-f99of100-d1of2,107,C2,C6,0.0063775510204081565,Q4,0.002462296091104932,0.0031328320802005427,0.0031328320802005427,0.0063775510204081565,True,stage18-scaling-24a9adb84176,0,6,8650,107
s0-step8650-f99of100-d1of2,107,C3,C4,0.0025510204081632404,Q4,0.0,0.00031328320802004317,0.00031328320802004317,0.0025510204081632404,True,stage18-scaling-24a9adb84176,0,6,8650,107
s0-step8650-f99of100-d1of2,107,C3,C5,0.001231148045552466,Q1,0.001231148045552466,0.0006265664160400863,0.0006265664160400863,0.0006377551020408934,True,stage18-scaling-24a9adb84176,0,6,8650,107
s0-step8650-f99of100-d1of2,107,C3,C6,0.0035076530612245804,Q4,0.0003077870113881165,0.0015664160401003269,0.0009398496240602405,0.0035076530612245804,True,stage18-scaling-24a9adb84176,0,6,8650,107
s0-step8650-f99of100-d1of2,107,C4,C5,0.0031887755102041337,Q4,0.001231148045552466,0.00031328320802004317,0.00031328320802004317,0.0031887755102041337,True,stage18-scaling-24a9adb84176,0,6,8650,107
s0-step8650-f99of100-d1of2,107,C4,C6,0.006058673469387821,Q4,0.0003077870113881165,0.00187969924812037,0.0012531328320802837,0.006058673469387821,True,stage18-scaling-24a9adb84176,0,6,8650,107
s0-step8650-f99of100-d1of2,107,C5,C6,0.002869897959183687,Q4,0.0015389350569405824,0.002192982456140413,0.0015664160401003269,0.002869897959183687,True,stage18-scaling-24a9adb84176,0,6,8650,107
s0-step8650-f99of100-d3of4,108,C1,C2,0.002462296091104932,Q1,0.002462296091104932,0.0015664160401002158,0.001879699248120259,0.0012755102040816757,True,stage18-scaling-24a9adb84176,0,6,8650,108
s0-step8650-f99of100-d3of4,108,C1,C3,0.004145408163265252,Q4,0.0003077870113881165,0.0,0.00031328320802004317,0.004145408163265252,True,stage18-scaling-24a9adb84176,0,6,8650,108
s0-step8650-f99of100-d3of4,108,C1,C4,0.0015943877551020114,Q4,0.0003077870113881165,0.00031328320802004317,0.0,0.0015943877551020114,True,stage18-scaling-24a9adb84176,0,6,8650,108
s0-step8650-f99of100-d3of4,108,C1,C5,0.004783163265306145,Q4,0.0015389350569405824,0.0006265664160400863,0.00031328320802004317,0.004783163265306145,True,stage18-scaling-24a9adb84176,0,6,8650,108
s0-step8650-f99of100-d3of4,108,C1,C6,0.007653061224489832,Q4,0.0,0.0015664160401003269,0.0012531328320802837,0.007653061224489832,True,stage18-scaling-24a9adb84176,0,6,8650,108
s0-step8650-f99of100-d3of4,108,C2,C3,0.002869897959183576,Q4,0.0021545090797168154,0.0015664160401002158,0.002192982456140302,0.002869897959183576,True,stage18-scaling-24a9adb84176,0,6,8650,108
s0-step8650-f99of100-d3of4,108,C2,C4,0.0021545090797168154,Q1,0.0021545090797168154,0.0012531328320801727,0.001879699248120259,0.00031887755102033566,True,stage18-scaling-24a9adb84176,0,6,8650,108
s0-step8650-f99of100-d3of4,108,C2,C5,0.0035076530612244694,Q4,0.0009233610341643494,0.0009398496240601295,0.0015664160401002158,0.0035076530612244694,True,stage18-scaling-24a9adb84176,0,6,8650,108
s0-step8650-f99of100-d3of4,108,C2,C6,0.0063775510204081565,Q4,0.002462296091104932,0.0031328320802005427,0.0031328320802005427,0.0063775510204081565,True,stage18-scaling-24a9adb84176,0,6,8650,108
s0-step8650-f99of100-d3of4,108,C3,C4,0.0025510204081632404,Q4,0.0,0.00031328320802004317,0.00031328320802004317,0.0025510204081632404,True,stage18-scaling-24a9adb84176,0,6,8650,108
s0-step8650-f99of100-d3of4,108,C3,C5,0.001231148045552466,Q1,0.001231148045552466,0.0006265664160400863,0.0006265664160400863,0.0006377551020408934,True,stage18-scaling-24a9adb84176,0,6,8650,108
s0-step8650-f99of100-d3of4,108,C3,C6,0.0035076530612245804,Q4,0.0003077870113881165,0.0015664160401003269,0.0009398496240602405,0.0035076530612245804,True,stage18-scaling-24a9adb84176,0,6,8650,108
s0-step8650-f99of100-d3of4,108,C4,C5,0.0031887755102041337,Q4,0.001231148045552466,0.00031328320802004317,0.00031328320802004317,0.0031887755102041337,True,stage18-scaling-24a9adb84176,0,6,8650,108
s0-step8650-f99of100-d3of4,108,C4,C6,0.006058673469387821,Q4,0.0003077870113881165,0.00187969924812037,0.0012531328320802837,0.006058673469387821,True,stage18-scaling-24a9adb84176,0,6,8650,108
s0-step8650-f99of100-d3of4,108,C5,C6,0.002869897959183687,Q4,0.0015389350569405824,0.002192982456140413,0.0015664160401003269,0.002869897959183687,True,stage18-scaling-24a9adb84176,0,6,8650,108
s0-step9050-f4of5-d1of4,109,C1,C2,0.028380102040816313,Q4,0.012003693444136654,0.009085213032581474,0.008145363408521344,0.028380102040816313,True,stage18-scaling-24a9adb84176,0,7,9050,109
s0-step9050-f4of5-d1of4,109,C1,C3,0.015306122448979553,Q4,0.011388119421360421,0.006892230576441061,0.006892230576441061,0.015306122448979553,True,stage18-scaling-24a9adb84176,0,7,9050,109
s0-step9050-f4of5-d1of4,109,C2,C3,0.023391812865497075,Q1,0.023391812865497075,0.002192982456140413,0.0012531328320802837,0.01307397959183676,True,stage18-scaling-24a9adb84176,0,7,9050,109
s0-step9050-f4of5-d1of2,110,C1,C2,0.028380102040816313,Q4,0.012003693444136654,0.009085213032581474,0.008145363408521344,0.028380102040816313,True,stage18-scaling-24a9adb84176,0,7,9050,110
s0-step9050-f4of5-d1of2,110,C1,C3,0.015306122448979553,Q4,0.011388119421360421,0.006892230576441061,0.006892230576441061,0.015306122448979553,True,stage18-scaling-24a9adb84176,0,7,9050,110
s0-step9050-f4of5-d1of2,110,C1,C4,0.023596938775510168,Q4,0.022776238842720842,0.002192982456140302,0.0025062656641604564,0.023596938775510168,True,stage18-scaling-24a9adb84176,0,7,9050,110
s0-step9050-f4of5-d1of2,110,C1,C5,0.032525510204081676,Q4,0.032317636195752564,0.0006265664160400863,0.0,0.032525510204081676,True,stage18-scaling-24a9adb84176,0,7,9050,110
s0-step9050-f4of5-d1of2,110,C1,C6,0.013850415512465353,Q1,0.013850415512465353,0.001879699248120259,0.002192982456140302,0.0022321428571429047,True,stage18-scaling-24a9adb84176,0,7,9050,110
s0-step9050-f4of5-d1of2,110,C2,C3,0.023391812865497075,Q1,0.023391812865497075,0.002192982456140413,0.0012531328320802837,0.01307397959183676,True,stage18-scaling-24a9adb84176,0,7,9050,110
s0-step9050-f4of5-d1of2,110,C2,C4,0.010772545398584188,Q1,0.010772545398584188,0.006892230576441172,0.005639097744360888,0.004783163265306145,True,stage18-scaling-24a9adb84176,0,7,9050,110
s0-step9050-f4of5-d1of2,110,C2,C5,0.02031394275161591,Q1,0.02031394275161591,0.008458646616541388,0.008145363408521344,0.004145408163265363,True,stage18-scaling-24a9adb84176,0,7,9050,110
s0-step9050-f4of5-d1of2,110,C2,C6,0.026147959183673408,Q4,0.025854108956602007,0.007205513784461215,0.005952380952381042,0.026147959183673408,True,stage18-scaling-24a9adb84176,0,7,9050,110
s0-step9050-f4of5-d1of2,110,C3,C4,0.03416435826408126,Q1,0.03416435826408126,0.0046992481203007586,0.004385964912280604,0.008290816326530615,True,stage18-scaling-24a9adb84176,0,7,9050,110
s0-step9050-f4of5-d1of2,110,C3,C5,0.043705755617112985,Q1,0.043705755617112985,0.006265664160400974,0.006892230576441061,0.017219387755102122,True,stage18-scaling-24a9adb84176,0,7,9050,110
s0-step9050-f4of5-d1of2,110,C3,C6,0.013073979591836649,Q4,0.002462296091104932,0.005012531328320802,0.0046992481203007586,0.013073979591836649,True,stage18-scaling-24a9adb84176,0,7,9050,110
s0-step9050-f4of5-d1of2,110,C4,C5,0.009541397353031722,Q1,0.009541397353031722,0.0015664160401002158,0.0025062656641604564,0.008928571428571508,True,stage18-scaling-24a9adb84176,0,7,9050,110
s0-step9050-f4of5-d1of2,110,C4,C6,0.036626654355186195,Q1,0.036626654355186195,0.00031328320802004317,0.0003132832080201542,0.021364795918367263,True,stage18-scaling-24a9adb84176,0,7,9050,110
s0-step9050-f4of5-d1of2,110,C5,C6,0.046168051708217916,Q1,0.046168051708217916,0.0012531328320801727,0.002192982456140302,0.03029336734693877,True,stage18-scaling-24a9adb84176,0,7,9050,110
s0-step9050-f4of5-d3of4,111,C1,C2,0.028380102040816313,Q4,0.012003693444136654,0.009085213032581474,0.008145363408521344,0.028380102040816313,True,stage18-scaling-24a9adb84176,0,7,9050,111
s0-step9050-f4of5-d3of4,111,C1,C3,0.015306122448979553,Q4,0.011388119421360421,0.006892230576441061,0.006892230576441061,0.015306122448979553,True,stage18-scaling-24a9adb84176,0,7,9050,111
s0-step9050-f4of5-d3of4,111,C1,C4,0.023596938775510168,Q4,0.022776238842720842,0.002192982456140302,0.0025062656641604564,0.023596938775510168,True,stage18-scaling-24a9adb84176,0,7,9050,111
s0-step9050-f4of5-d3of4,111,C1,C5,0.032525510204081676,Q4,0.032317636195752564,0.0006265664160400863,0.0,0.032525510204081676,True,stage18-scaling-24a9adb84176,0,7,9050,111
s0-step9050-f4of5-d3of4,111,C1,C6,0.013850415512465353,Q1,0.013850415512465353,0.001879699248120259,0.002192982456140302,0.0022321428571429047,True,stage18-scaling-24a9adb84176,0,7,9050,111
s0-step9050-f4of5-d3of4,111,C2,C3,0.023391812865497075,Q1,0.023391812865497075,0.002192982456140413,0.0012531328320802837,0.01307397959183676,True,stage18-scaling-24a9adb84176,0,7,9050,111
s0-step9050-f4of5-d3of4,111,C2,C4,0.010772545398584188,Q1,0.010772545398584188,0.006892230576441172,0.005639097744360888,0.004783163265306145,True,stage18-scaling-24a9adb84176,0,7,9050,111
s0-step9050-f4of5-d3of4,111,C2,C5,0.02031394275161591,Q1,0.02031394275161591,0.008458646616541388,0.008145363408521344,0.004145408163265363,True,stage18-scaling-24a9adb84176,0,7,9050,111
s0-step9050-f4of5-d3of4,111,C2,C6,0.026147959183673408,Q4,0.025854108956602007,0.007205513784461215,0.005952380952381042,0.026147959183673408,True,stage18-scaling-24a9adb84176,0,7,9050,111
s0-step9050-f4of5-d3of4,111,C3,C4,0.03416435826408126,Q1,0.03416435826408126,0.0046992481203007586,0.004385964912280604,0.008290816326530615,True,stage18-scaling-24a9adb84176,0,7,9050,111
s0-step9050-f4of5-d3of4,111,C3,C5,0.043705755617112985,Q1,0.043705755617112985,0.006265664160400974,0.006892230576441061,0.017219387755102122,True,stage18-scaling-24a9adb84176,0,7,9050,111
s0-step9050-f4of5-d3of4,111,C3,C6,0.013073979591836649,Q4,0.002462296091104932,0.005012531328320802,0.0046992481203007586,0.013073979591836649,True,stage18-scaling-24a9adb84176,0,7,9050,111
s0-step9050-f4of5-d3of4,111,C4,C5,0.009541397353031722,Q1,0.009541397353031722,0.0015664160401002158,0.0025062656641604564,0.008928571428571508,True,stage18-scaling-24a9adb84176,0,7,9050,111
s0-step9050-f4of5-d3of4,111,C4,C6,0.036626654355186195,Q1,0.036626654355186195,0.00031328320802004317,0.0003132832080201542,0.021364795918367263,True,stage18-scaling-24a9adb84176,0,7,9050,111
s0-step9050-f4of5-d3of4,111,C5,C6,0.046168051708217916,Q1,0.046168051708217916,0.0012531328320801727,0.002192982456140302,0.03029336734693877,True,stage18-scaling-24a9adb84176,0,7,9050,111
s0-step9050-f17of20-d1of4,112,C1,C2,0.009885204081632626,Q4,0.003693444136657398,0.007518796992481147,0.006892230576441061,0.009885204081632626,True,stage18-scaling-24a9adb84176,0,7,9050,112
s0-step9050-f17of20-d1of4,112,C1,C3,0.006463527239150446,Q1,0.006463527239150446,0.0012531328320801727,0.00031328320802004317,0.004145408163265252,True,stage18-scaling-24a9adb84176,0,7,9050,112
s0-step9050-f17of20-d1of4,112,C1,C4,0.0073341836734693855,Q4,0.0015389350569405824,0.0031328320802004317,0.001879699248120259,0.0073341836734693855,True,stage18-scaling-24a9adb84176,0,7,9050,112
s0-step9050-f17of20-d1of4,112,C2,C3,0.014030612244897878,Q4,0.0027700831024930483,0.006265664160400974,0.007205513784461104,0.014030612244897878,True,stage18-scaling-24a9adb84176,0,7,9050,112
s0-step9050-f17of20-d1of4,112,C2,C4,0.005012531328320802,Q3,0.0021545090797168154,0.004385964912280715,0.005012531328320802,0.0025510204081632404,True,stage18-scaling-24a9adb84176,0,7,9050,112
s0-step9050-f17of20-d1of4,112,C3,C4,0.011479591836734637,Q4,0.004924592182209864,0.001879699248120259,0.002192982456140302,0.011479591836734637,True,stage18-scaling-24a9adb84176,0,7,9050,112
s0-step9050-f17of20-d1of2,113,C1,C2,0.009885204081632626,Q4,0.003693444136657398,0.007518796992481147,0.006892230576441061,0.009885204081632626,True,stage18-scaling-24a9adb84176,0,7,9050,113
s0-step9050-f17of20-d1of2,113,C1,C3,0.006463527239150446,Q1,0.006463527239150446,0.0012531328320801727,0.00031328320802004317,0.004145408163265252,True,stage18-scaling-24a9adb84176,0,7,9050,113
s0-step9050-f17of20-d1of2,113,C1,C4,0.0073341836734693855,Q4,0.0015389350569405824,0.0031328320802004317,0.001879699248120259,0.0073341836734693855,True,stage18-scaling-24a9adb84176,0,7,9050,113
s0-step9050-f17of20-d1of2,113,C1,C5,0.01415820252385347,Q1,0.01415820252385347,0.008145363408521233,0.006892230576441061,0.00605867346938771,True,stage18-scaling-24a9adb84176,0,7,9050,113
s0-step9050-f17of20-d1of2,113,C1,C6,0.01052295918367352,Q4,0.008002462296091029,0.009085213032581363,0.00877192982456132,0.01052295918367352,True,stage18-scaling-24a9adb84176,0,7,9050,113
s0-step9050-f17of20-d1of2,113,C2,C3,0.014030612244897878,Q4,0.0027700831024930483,0.006265664160400974,0.007205513784461104,0.014030612244897878,True,stage18-scaling-24a9adb84176,0,7,9050,113
s0-step9050-f17of20-d1of2,113,C2,C4,0.005012531328320802,Q3,0.0021545090797168154,0.004385964912280715,0.005012531328320802,0.0025510204081632404,True,stage18-scaling-24a9adb84176,0,7,9050,113
s0-step9050-f17of20-d1of2,113,C2,C5,0.017851646660510867,Q1,0.017851646660510867,0.0006265664160400863,0.0,0.003826530612244916,True,stage18-scaling-24a9adb84176,0,7,9050,113
s0-step9050-f17of20-d1of2,113,C2,C6,0.020408163265306145,Q4,0.004309018159433631,0.0015664160401002158,0.001879699248120259,0.020408163265306145,True,stage18-scaling-24a9adb84176,0,7,9050,113
s0-step9050-f17of20-d1of2,113,C3,C4,0.011479591836734637,Q4,0.004924592182209864,0.001879699248120259,0.002192982456140302,0.011479591836734637,True,stage18-scaling-24a9adb84176,0,7,9050,113
s0-step9050-f17of20-d1of2,113,C3,C5,0.020621729763003915,Q1,0.020621729763003915,0.006892230576441061,0.007205513784461104,0.010204081632652962,True,stage18-scaling-24a9adb84176,0,7,9050,113
s0-step9050-f17of20-d1of2,113,C3,C6,0.009085213032581363,Q3,0.0015389350569405824,0.00783208020050119,0.009085213032581363,0.0063775510204082675,True,stage18-scaling-24a9adb84176,0,7,9050,113
s0-step9050-f17of20-d1of2,113,C4,C5,0.01569713758079405,Q1,0.01569713758079405,0.005012531328320802,0.005012531328320802,0.0012755102040816757,True,stage18-scaling-24a9adb84176,0,7,9050,113
s0-step9050-f17of20-d1of2,113,C4,C6,0.017857142857142905,Q4,0.006463527239150446,0.005952380952380931,0.006892230576441061,0.017857142857142905,True,stage18-scaling-24a9adb84176,0,7,9050,113
s0-step9050-f17of20-d1of2,113,C5,C6,0.022160664819944498,Q1,0.022160664819944498,0.0009398496240601295,0.001879699248120259,0.01658163265306123,True,stage18-scaling-24a9adb84176,0,7,9050,113
s0-step9050-f17of20-d3of4,114,C1,C2,0.009885204081632626,Q4,0.003693444136657398,0.007518796992481147,0.006892230576441061,0.009885204081632626,True,stage18-scaling-24a9adb84176,0,7,9050,114
s0-step9050-f17of20-d3of4,114,C1,C3,0.006463527239150446,Q1,0.006463527239150446,0.0012531328320801727,0.00031328320802004317,0.004145408163265252,True,stage18-scaling-24a9adb84176,0,7,9050,114
s0-step9050-f17of20-d3of4,114,C1,C4,0.0073341836734693855,Q4,0.0015389350569405824,0.0031328320802004317,0.001879699248120259,0.0073341836734693855,True,stage18-scaling-24a9adb84176,0,7,9050,114
s0-step9050-f17of20-d3of4,114,C1,C5,0.01415820252385347,Q1,0.01415820252385347,0.008145363408521233,0.006892230576441061,0.00605867346938771,True,stage18-scaling-24a9adb84176,0,7,9050,114
s0-step9050-f17of20-d3of4,114,C1,C6,0.01052295918367352,Q4,0.008002462296091029,0.009085213032581363,0.00877192982456132,0.01052295918367352,True,stage18-scaling-24a9adb84176,0,7,9050,114
s0-step9050-f17of20-d3of4,114,C2,C3,0.014030612244897878,Q4,0.0027700831024930483,0.006265664160400974,0.007205513784461104,0.014030612244897878,True,stage18-scaling-24a9adb84176,0,7,9050,114
s0-step9050-f17of20-d3of4,114,C2,C4,0.005012531328320802,Q3,0.0021545090797168154,0.004385964912280715,0.005012531328320802,0.0025510204081632404,True,stage18-scaling-24a9adb84176,0,7,9050,114
s0-step9050-f17of20-d3of4,114,C2,C5,0.017851646660510867,Q1,0.017851646660510867,0.0006265664160400863,0.0,0.003826530612244916,True,stage18-scaling-24a9adb84176,0,7,9050,114
s0-step9050-f17of20-d3of4,114,C2,C6,0.020408163265306145,Q4,0.004309018159433631,0.0015664160401002158,0.001879699248120259,0.020408163265306145,True,stage18-scaling-24a9adb84176,0,7,9050,114
s0-step9050-f17of20-d3of4,114,C3,C4,0.011479591836734637,Q4,0.004924592182209864,0.001879699248120259,0.002192982456140302,0.011479591836734637,True,stage18-scaling-24a9adb84176,0,7,9050,114
s0-step9050-f17of20-d3of4,114,C3,C5,0.020621729763003915,Q1,0.020621729763003915,0.006892230576441061,0.007205513784461104,0.010204081632652962,True,stage18-scaling-24a9adb84176,0,7,9050,114
s0-step9050-f17of20-d3of4,114,C3,C6,0.009085213032581363,Q3,0.0015389350569405824,0.00783208020050119,0.009085213032581363,0.0063775510204082675,True,stage18-scaling-24a9adb84176,0,7,9050,114
s0-step9050-f17of20-d3of4,114,C4,C5,0.01569713758079405,Q1,0.01569713758079405,0.005012531328320802,0.005012531328320802,0.0012755102040816757,True,stage18-scaling-24a9adb84176,0,7,9050,114
s0-step9050-f17of20-d3of4,114,C4,C6,0.017857142857142905,Q4,0.006463527239150446,0.005952380952380931,0.006892230576441061,0.017857142857142905,True,stage18-scaling-24a9adb84176,0,7,9050,114
s0-step9050-f17of20-d3of4,114,C5,C6,0.022160664819944498,Q1,0.022160664819944498,0.0009398496240601295,0.001879699248120259,0.01658163265306123,True,stage18-scaling-24a9adb84176,0,7,9050,114
s0-step9050-f9of10-d1of4,115,C1,C2,0.025854108956602118,Q1,0.025854108956602118,0.005952380952380931,0.004385964912280715,0.0006377551020408934,True,stage18-scaling-24a9adb84176,0,7,9050,115
s0-step9050-f9of10-d1of4,115,C1,C3,0.034779932286857496,Q1,0.034779932286857496,0.01159147869674182,0.00877192982456143,0.002869897959183687,True,stage18-scaling-24a9adb84176,0,7,9050,115
s0-step9050-f9of10-d1of4,115,C1,C4,0.010841836734693855,Q4,0.007079101261926679,0.006265664160400974,0.006265664160400974,0.010841836734693855,True,stage18-scaling-24a9adb84176,0,7,9050,115
s0-step9050-f9of10-d1of4,115,C1,C5,0.017538265306122458,Q4,0.013850415512465464,0.014097744360902276,0.012218045112782017,0.017538265306122458,True,stage18-scaling-24a9adb84176,0,7,9050,115
s0-step9050-f9of10-d1of4,115,C1,C6,0.04783163265306123,Q4,0.019082794706063333,0.009398496240601517,0.007832080200501301,0.04783163265306123,False,stage18-scaling-24a9adb84176,0,7,9050,115
s0-step9050-f9of10-d1of4,115,C2,C3,0.008925823330255378,Q1,0.008925823330255378,0.005639097744360888,0.004385964912280715,0.0022321428571427937,True,stage18-scaling-24a9adb84176,0,7,9050,115
s0-step9050-f9of10-d1of4,115,C2,C4,0.0329332102185288,Q1,0.0329332102185288,0.00031328320802004317,0.001879699248120259,0.010204081632652962,True,stage18-scaling-24a9adb84176,0,7,9050,115
s0-step9050-f9of10-d1of4,115,C2,C5,0.016900510204081565,Q4,0.012003693444136654,0.008145363408521344,0.007832080200501301,0.016900510204081565,True,stage18-scaling-24a9adb84176,0,7,9050,115
s0-step9050-f9of10-d1of4,115,C2,C6,0.047193877551020336,Q4,0.04493690366266545,0.003446115288220586,0.003446115288220586,0.047193877551020336,False,stage18-scaling-24a9adb84176,0,7,9050,115
s0-step9050-f9of10-d1of4,115,C3,C4,0.041859033548784175,Q1,0.041859033548784175,0.005325814536340845,0.0025062656641604564,0.007971938775510168,True,stage18-scaling-24a9adb84176,0,7,9050,115
s0-step9050-f9of10-d1of4,115,C3,C5,0.020929516774392032,Q1,0.020929516774392032,0.0025062656641604564,0.003446115288220586,0.014668367346938771,True,stage18-scaling-24a9adb84176,0,7,9050,115
s0-step9050-f9of10-d1of4,115,C3,C6,0.05386272699292083,Q1,0.05386272699292083,0.002192982456140302,0.0009398496240601295,0.04496173469387754,False,stage18-scaling-24a9adb84176,0,7,9050,115
s0-step9050-f9of10-d1of4,115,C4,C5,0.020929516774392143,Q1,0.020929516774392143,0.007832080200501301,0.005952380952381042,0.006696428571428603,True,stage18-scaling-24a9adb84176,0,7,9050,115
s0-step9050-f9of10-d1of4,115,C4,C6,0.036989795918367374,Q4,0.012003693444136654,0.0031328320802005427,0.0015664160401003269,0.036989795918367374,False,stage18-scaling-24a9adb84176,0,7,9050,115
s0-step9050-f9of10-d1of4,115,C5,C6,0.0329332102185288,Q1,0.0329332102185288,0.0046992481203007586,0.004385964912280715,0.03029336734693877,False,stage18-scaling-24a9adb84176,0,7,9050,115
s0-step9050-f9of10-d1of2,116,C1,C2,0.025854108956602118,Q1,0.025854108956602118,0.005952380952380931,0.004385964912280715,0.0006377551020408934,True,stage18-scaling-24a9adb84176,0,7,9050,116
s0-step9050-f9of10-d1of2,116,C1,C3,0.034779932286857496,Q1,0.034779932286857496,0.01159147869674182,0.00877192982456143,0.002869897959183687,True,stage18-scaling-24a9adb84176,0,7,9050,116
s0-step9050-f9of10-d1of2,116,C1,C4,0.010841836734693855,Q4,0.007079101261926679,0.006265664160400974,0.006265664160400974,0.010841836734693855,True,stage18-scaling-24a9adb84176,0,7,9050,116
s0-step9050-f9of10-d1of2,116,C1,C5,0.017538265306122458,Q4,0.013850415512465464,0.014097744360902276,0.012218045112782017,0.017538265306122458,True,stage18-scaling-24a9adb84176,0,7,9050,116
s0-step9050-f9of10-d1of2,116,C1,C6,0.04783163265306123,Q4,0.019082794706063333,0.009398496240601517,0.007832080200501301,0.04783163265306123,False,stage18-scaling-24a9adb84176,0,7,9050,116
s0-step9050-f9of10-d1of2,116,C2,C3,0.008925823330255378,Q1,0.008925823330255378,0.005639097744360888,0.004385964912280715,0.0022321428571427937,True,stage18-scaling-24a9adb84176,0,7,9050,116
s0-step9050-f9of10-d1of2,116,C2,C4,0.0329332102185288,Q1,0.0329332102185288,0.00031328320802004317,0.001879699248120259,0.010204081632652962,True,stage18-scaling-24a9adb84176,0,7,9050,116
s0-step9050-f9of10-d1of2,116,C2,C5,0.016900510204081565,Q4,0.012003693444136654,0.008145363408521344,0.007832080200501301,0.016900510204081565,True,stage18-scaling-24a9adb84176,0,7,9050,116
s0-step9050-f9of10-d1of2,116,C2,C6,0.047193877551020336,Q4,0.04493690366266545,0.003446115288220586,0.003446115288220586,0.047193877551020336,False,stage18-scaling-24a9adb84176,0,7,9050,116
s0-step9050-f9of10-d1of2,116,C3,C4,0.041859033548784175,Q1,0.041859033548784175,0.005325814536340845,0.0025062656641604564,0.007971938775510168,True,stage18-scaling-24a9adb84176,0,7,9050,116
s0-step9050-f9of10-d1of2,116,C3,C5,0.020929516774392032,Q1,0.020929516774392032,0.0025062656641604564,0.003446115288220586,0.014668367346938771,True,stage18-scaling-24a9adb84176,0,7,9050,116
s0-step9050-f9of10-d1of2,116,C3,C6,0.05386272699292083,Q1,0.05386272699292083,0.002192982456140302,0.0009398496240601295,0.04496173469387754,False,stage18-scaling-24a9adb84176,0,7,9050,116
s0-step9050-f9of10-d1of2,116,C4,C5,0.020929516774392143,Q1,0.020929516774392143,0.007832080200501301,0.005952380952381042,0.006696428571428603,True,stage18-scaling-24a9adb84176,0,7,9050,116
s0-step9050-f9of10-d1of2,116,C4,C6,0.036989795918367374,Q4,0.012003693444136654,0.0031328320802005427,0.0015664160401003269,0.036989795918367374,False,stage18-scaling-24a9adb84176,0,7,9050,116
s0-step9050-f9of10-d1of2,116,C5,C6,0.0329332102185288,Q1,0.0329332102185288,0.0046992481203007586,0.004385964912280715,0.03029336734693877,False,stage18-scaling-24a9adb84176,0,7,9050,116
s0-step9050-f9of10-d3of4,117,C1,C2,0.025854108956602118,Q1,0.025854108956602118,0.005952380952380931,0.004385964912280715,0.0006377551020408934,True,stage18-scaling-24a9adb84176,0,7,9050,117
s0-step9050-f9of10-d3of4,117,C1,C3,0.034779932286857496,Q1,0.034779932286857496,0.01159147869674182,0.00877192982456143,0.002869897959183687,True,stage18-scaling-24a9adb84176,0,7,9050,117
s0-step9050-f9of10-d3of4,117,C1,C4,0.010841836734693855,Q4,0.007079101261926679,0.006265664160400974,0.006265664160400974,0.010841836734693855,True,stage18-scaling-24a9adb84176,0,7,9050,117
s0-step9050-f9of10-d3of4,117,C1,C5,0.017538265306122458,Q4,0.013850415512465464,0.014097744360902276,0.012218045112782017,0.017538265306122458,True,stage18-scaling-24a9adb84176,0,7,9050,117
s0-step9050-f9of10-d3of4,117,C1,C6,0.04783163265306123,Q4,0.019082794706063333,0.009398496240601517,0.007832080200501301,0.04783163265306123,False,stage18-scaling-24a9adb84176,0,7,9050,117
s0-step9050-f9of10-d3of4,117,C2,C3,0.008925823330255378,Q1,0.008925823330255378,0.005639097744360888,0.004385964912280715,0.0022321428571427937,True,stage18-scaling-24a9adb84176,0,7,9050,117
s0-step9050-f9of10-d3of4,117,C2,C4,0.0329332102185288,Q1,0.0329332102185288,0.00031328320802004317,0.001879699248120259,0.010204081632652962,True,stage18-scaling-24a9adb84176,0,7,9050,117
s0-step9050-f9of10-d3of4,117,C2,C5,0.016900510204081565,Q4,0.012003693444136654,0.008145363408521344,0.007832080200501301,0.016900510204081565,True,stage18-scaling-24a9adb84176,0,7,9050,117
s0-step9050-f9of10-d3of4,117,C2,C6,0.047193877551020336,Q4,0.04493690366266545,0.003446115288220586,0.003446115288220586,0.047193877551020336,False,stage18-scaling-24a9adb84176,0,7,9050,117
s0-step9050-f9of10-d3of4,117,C3,C4,0.041859033548784175,Q1,0.041859033548784175,0.005325814536340845,0.0025062656641604564,0.007971938775510168,True,stage18-scaling-24a9adb84176,0,7,9050,117
s0-step9050-f9of10-d3of4,117,C3,C5,0.020929516774392032,Q1,0.020929516774392032,0.0025062656641604564,0.003446115288220586,0.014668367346938771,True,stage18-scaling-24a9adb84176,0,7,9050,117
s0-step9050-f9of10-d3of4,117,C3,C6,0.05386272699292083,Q1,0.05386272699292083,0.002192982456140302,0.0009398496240601295,0.04496173469387754,False,stage18-scaling-24a9adb84176,0,7,9050,117
s0-step9050-f9of10-d3of4,117,C4,C5,0.020929516774392143,Q1,0.020929516774392143,0.007832080200501301,0.005952380952381042,0.006696428571428603,True,stage18-scaling-24a9adb84176,0,7,9050,117
s0-step9050-f9of10-d3of4,117,C4,C6,0.036989795918367374,Q4,0.012003693444136654,0.0031328320802005427,0.0015664160401003269,0.036989795918367374,False,stage18-scaling-24a9adb84176,0,7,9050,117
s0-step9050-f9of10-d3of4,117,C5,C6,0.0329332102185288,Q1,0.0329332102185288,0.0046992481203007586,0.004385964912280715,0.03029336734693877,False,stage18-scaling-24a9adb84176,0,7,9050,117
s0-step9050-f19of20-d1of4,118,C1,C2,0.01323484148968912,Q1,0.01323484148968912,0.0031328320802005427,0.0028195488721804995,0.000956632653061229,True,stage18-scaling-24a9adb84176,0,7,9050,118
s0-step9050-f19of20-d1of4,118,C1,C3,0.015697137580794163,Q1,0.015697137580794163,0.006265664160400974,0.004072681704260672,0.009247448979591844,True,stage18-scaling-24a9adb84176,0,7,9050,118
s0-step9050-f19of20-d1of4,118,C1,C4,0.01052295918367352,Q4,0.0027700831024930483,0.0028195488721804995,0.0031328320802005427,0.01052295918367352,True,stage18-scaling-24a9adb84176,0,7,9050,118
s0-step9050-f19of20-d1of4,118,C2,C3,0.008290816326530615,Q4,0.002462296091105043,0.0031328320802004317,0.0012531328320801727,0.008290816326530615,True,stage18-scaling-24a9adb84176,0,7,9050,118
s0-step9050-f19of20-d1of4,118,C2,C4,0.016004924592182168,Q1,0.016004924592182168,0.00031328320802004317,0.00031328320802004317,0.011479591836734748,True,stage18-scaling-24a9adb84176,0,7,9050,118
s0-step9050-f19of20-d1of4,118,C3,C4,0.019770408163265363,Q4,0.01846722068328721,0.003446115288220475,0.0009398496240601295,0.019770408163265363,True,stage18-scaling-24a9adb84176,0,7,9050,118
s0-step9050-f19of20-d1of2,119,C1,C2,0.01323484148968912,Q1,0.01323484148968912,0.0031328320802005427,0.0028195488721804995,0.000956632653061229,True,stage18-scaling-24a9adb84176,0,7,9050,119
s0-step9050-f19of20-d1of2,119,C1,C3,0.015697137580794163,Q1,0.015697137580794163,0.006265664160400974,0.004072681704260672,0.009247448979591844,True,stage18-scaling-24a9adb84176,0,7,9050,119
s0-step9050-f19of20-d1of2,119,C1,C4,0.01052295918367352,Q4,0.0027700831024930483,0.0028195488721804995,0.0031328320802005427,0.01052295918367352,True,stage18-scaling-24a9adb84176,0,7,9050,119
s0-step9050-f19of20-d1of2,119,C1,C5,0.004072681704260672,Q3,0.001846722068328699,0.002192982456140302,0.004072681704260672,0.000956632653061229,True,stage18-scaling-24a9adb84176,0,7,9050,119
s0-step9050-f19of20-d1of2,119,C1,C6,0.015081563558017819,Q1,0.015081563558017819,0.005325814536340845,0.003759398496240629,0.004783163265306034,True,stage18-scaling-24a9adb84176,0,7,9050,119
s0-step9050-f19of20-d1of2,119,C2,C3,0.008290816326530615,Q4,0.002462296091105043,0.0031328320802004317,0.0012531328320801727,0.008290816326530615,True,stage18-scaling-24a9adb84176,0,7,9050,119
s0-step9050-f19of20-d1of2,119,C2,C4,0.016004924592182168,Q1,0.016004924592182168,0.00031328320802004317,0.00031328320802004317,0.011479591836734748,True,stage18-scaling-24a9adb84176,0,7,9050,119
s0-step9050-f19of20-d1of2,119,C2,C5,0.011388119421360421,Q1,0.011388119421360421,0.005325814536340845,0.006892230576441172,0.0,True,stage18-scaling-24a9adb84176,0,7,9050,119
s0-step9050-f19of20-d1of2,119,C2,C6,0.003826530612244805,Q4,0.001846722068328699,0.002192982456140302,0.0009398496240601295,0.003826530612244805,True,stage18-scaling-24a9adb84176,0,7,9050,119
s0-step9050-f19of20-d1of2,119,C3,C4,0.019770408163265363,Q4,0.01846722068328721,0.003446115288220475,0.0009398496240601295,0.019770408163265363,True,stage18-scaling-24a9adb84176,0,7,9050,119
s0-step9050-f19of20-d1of2,119,C3,C5,0.013850415512465464,Q1,0.013850415512465464,0.008458646616541277,0.008145363408521344,0.008290816326530615,True,stage18-scaling-24a9adb84176,0,7,9050,119
s0-step9050-f19of20-d1of2,119,C3,C6,0.0044642857142858094,Q4,0.000615574022776344,0.0009398496240601295,0.00031328320802004317,0.0044642857142858094,True,stage18-scaling-24a9adb84176,0,7,9050,119
s0-step9050-f19of20-d1of2,119,C4,C5,0.011479591836734748,Q4,0.004616805170821747,0.005012531328320802,0.007205513784461215,0.011479591836734748,True,stage18-scaling-24a9adb84176,0,7,9050,119
s0-step9050-f19of20-d1of2,119,C4,C6,0.017851646660510867,Q1,0.017851646660510867,0.0025062656641603454,0.0006265664160400863,0.015306122448979553,True,stage18-scaling-24a9adb84176,0,7,9050,119
s0-step9050-f19of20-d1of2,119,C5,C6,0.01323484148968912,Q1,0.01323484148968912,0.007518796992481147,0.007832080200501301,0.003826530612244805,True,stage18-scaling-24a9adb84176,0,7,9050,119
s0-step9050-f19of20-d3of4,120,C1,C2,0.01323484148968912,Q1,0.01323484148968912,0.0031328320802005427,0.0028195488721804995,0.000956632653061229,True,stage18-scaling-24a9adb84176,0,7,9050,120
s0-step9050-f19of20-d3of4,120,C1,C3,0.015697137580794163,Q1,0.015697137580794163,0.006265664160400974,0.004072681704260672,0.009247448979591844,True,stage18-scaling-24a9adb84176,0,7,9050,120
s0-step9050-f19of20-d3of4,120,C1,C4,0.01052295918367352,Q4,0.0027700831024930483,0.0028195488721804995,0.0031328320802005427,0.01052295918367352,True,stage18-scaling-24a9adb84176,0,7,9050,120
s0-step9050-f19of20-d3of4,120,C1,C5,0.004072681704260672,Q3,0.001846722068328699,0.002192982456140302,0.004072681704260672,0.000956632653061229,True,stage18-scaling-24a9adb84176,0,7,9050,120
s0-step9050-f19of20-d3of4,120,C1,C6,0.015081563558017819,Q1,0.015081563558017819,0.005325814536340845,0.003759398496240629,0.004783163265306034,True,stage18-scaling-24a9adb84176,0,7,9050,120
s0-step9050-f19of20-d3of4,120,C2,C3,0.008290816326530615,Q4,0.002462296091105043,0.0031328320802004317,0.0012531328320801727,0.008290816326530615,True,stage18-scaling-24a9adb84176,0,7,9050,120
s0-step9050-f19of20-d3of4,120,C2,C4,0.016004924592182168,Q1,0.016004924592182168,0.00031328320802004317,0.00031328320802004317,0.011479591836734748,True,stage18-scaling-24a9adb84176,0,7,9050,120
s0-step9050-f19of20-d3of4,120,C2,C5,0.011388119421360421,Q1,0.011388119421360421,0.005325814536340845,0.006892230576441172,0.0,True,stage18-scaling-24a9adb84176,0,7,9050,120
s0-step9050-f19of20-d3of4,120,C2,C6,0.003826530612244805,Q4,0.001846722068328699,0.002192982456140302,0.0009398496240601295,0.003826530612244805,True,stage18-scaling-24a9adb84176,0,7,9050,120
s0-step9050-f19of20-d3of4,120,C3,C4,0.019770408163265363,Q4,0.01846722068328721,0.003446115288220475,0.0009398496240601295,0.019770408163265363,True,stage18-scaling-24a9adb84176,0,7,9050,120
s0-step9050-f19of20-d3of4,120,C3,C5,0.013850415512465464,Q1,0.013850415512465464,0.008458646616541277,0.008145363408521344,0.008290816326530615,True,stage18-scaling-24a9adb84176,0,7,9050,120
s0-step9050-f19of20-d3of4,120,C3,C6,0.0044642857142858094,Q4,0.000615574022776344,0.0009398496240601295,0.00031328320802004317,0.0044642857142858094,True,stage18-scaling-24a9adb84176,0,7,9050,120
s0-step9050-f19of20-d3of4,120,C4,C5,0.011479591836734748,Q4,0.004616805170821747,0.005012531328320802,0.007205513784461215,0.011479591836734748,True,stage18-scaling-24a9adb84176,0,7,9050,120
s0-step9050-f19of20-d3of4,120,C4,C6,0.017851646660510867,Q1,0.017851646660510867,0.0025062656641603454,0.0006265664160400863,0.015306122448979553,True,stage18-scaling-24a9adb84176,0,7,9050,120
s0-step9050-f19of20-d3of4,120,C5,C6,0.01323484148968912,Q1,0.01323484148968912,0.007518796992481147,0.007832080200501301,0.003826530612244805,True,stage18-scaling-24a9adb84176,0,7,9050,120
s0-step9050-f39of40-d1of4,121,C1,C2,0.00877192982456143,Q2,0.003077870113881165,0.00877192982456143,0.006578947368421129,0.0012755102040816757,True,stage18-scaling-24a9adb84176,0,7,9050,121
s0-step9050-f39of40-d1of4,121,C1,C3,0.005847953216374213,Q1,0.005847953216374213,0.004072681704260672,0.0015664160401003269,0.000956632653061229,True,stage18-scaling-24a9adb84176,0,7,9050,121
s0-step9050-f39of40-d1of4,121,C1,C4,0.003446115288220586,Q2,0.002462296091104932,0.003446115288220586,0.0006265664160400863,0.0025510204081632404,True,stage18-scaling-24a9adb84176,0,7,9050,121
s0-step9050-f39of40-d1of4,121,C1,C5,0.007386888273314796,Q1,0.007386888273314796,0.00031328320802004317,0.0025062656641603454,0.0012755102040815647,True,stage18-scaling-24a9adb84176,0,7,9050,121
s0-step9050-f39of40-d1of4,121,C1,C6,0.0031887755102041337,Q4,0.0009233610341643494,0.0025062656641603454,0.00031328320802004317,0.0031887755102041337,True,stage18-scaling-24a9adb84176,0,7,9050,121
s0-step9050-f39of40-d1of4,121,C2,C3,0.005012531328320802,Q3,0.0027700831024930483,0.0046992481203007586,0.005012531328320802,0.0022321428571429047,True,stage18-scaling-24a9adb84176,0,7,9050,121
s0-step9050-f39of40-d1of4,121,C2,C4,0.005952380952381042,Q3,0.000615574022776233,0.005325814536340845,0.005952380952381042,0.003826530612244916,True,stage18-scaling-24a9adb84176,0,7,9050,121
s0-step9050-f39of40-d1of4,121,C2,C5,0.009085213032581474,Q3,0.004309018159433631,0.008458646616541388,0.009085213032581474,0.0025510204081632404,True,stage18-scaling-24a9adb84176,0,7,9050,121
s0-step9050-f39of40-d1of4,121,C2,C6,0.006265664160401085,Q2,0.0021545090797168154,0.006265664160401085,0.006265664160401085,0.001913265306122458,True,stage18-scaling-24a9adb84176,0,7,9050,121
s0-step9050-f39of40-d1of4,121,C3,C4,0.0033856571252692813,Q1,0.0033856571252692813,0.0006265664160400863,0.0009398496240602405,0.0015943877551020114,True,stage18-scaling-24a9adb84176,0,7,9050,121
s0-step9050-f39of40-d1of4,121,C3,C5,0.004072681704260672,Q3,0.0015389350569405824,0.003759398496240629,0.004072681704260672,0.00031887755102033566,True,stage18-scaling-24a9adb84176,0,7,9050,121
s0-step9050-f39of40-d1of4,121,C3,C6,0.004924592182209864,Q1,0.004924592182209864,0.0015664160401003269,0.0012531328320802837,0.004145408163265363,True,stage18-scaling-24a9adb84176,0,7,9050,121
s0-step9050-f39of40-d1of4,121,C4,C5,0.004924592182209864,Q1,0.004924592182209864,0.0031328320802005427,0.0031328320802004317,0.0012755102040816757,True,stage18-scaling-24a9adb84176,0,7,9050,121
s0-step9050-f39of40-d1of4,121,C4,C6,0.005739795918367374,Q4,0.0015389350569405824,0.0009398496240602405,0.00031328320802004317,0.005739795918367374,True,stage18-scaling-24a9adb84176,0,7,9050,121
s0-step9050-f39of40-d1of4,121,C5,C6,0.006463527239150446,Q1,0.006463527239150446,0.002192982456140302,0.0028195488721803885,0.004464285714285698,True,stage18-scaling-24a9adb84176,0,7,9050,121
s0-step9050-f39of40-d1of2,122,C1,C2,0.00877192982456143,Q2,0.003077870113881165,0.00877192982456143,0.006578947368421129,0.0012755102040816757,True,stage18-scaling-24a9adb84176,0,7,9050,122
s0-step9050-f39of40-d1of2,122,C1,C3,0.005847953216374213,Q1,0.005847953216374213,0.004072681704260672,0.0015664160401003269,0.000956632653061229,True,stage18-scaling-24a9adb84176,0,7,9050,122
s0-step9050-f39of40-d1of2,122,C1,C4,0.003446115288220586,Q2,0.002462296091104932,0.003446115288220586,0.0006265664160400863,0.0025510204081632404,True,stage18-scaling-24a9adb84176,0,7,9050,122
s0-step9050-f39of40-d1of2,122,C1,C5,0.007386888273314796,Q1,0.007386888273314796,0.00031328320802004317,0.0025062656641603454,0.0012755102040815647,True,stage18-scaling-24a9adb84176,0,7,9050,122
s0-step9050-f39of40-d1of2,122,C1,C6,0.0031887755102041337,Q4,0.0009233610341643494,0.0025062656641603454,0.00031328320802004317,0.0031887755102041337,True,stage18-scaling-24a9adb84176,0,7,9050,122
s0-step9050-f39of40-d1of2,122,C2,C3,0.005012531328320802,Q3,0.0027700831024930483,0.0046992481203007586,0.005012531328320802,0.0022321428571429047,True,stage18-scaling-24a9adb84176,0,7,9050,122
s0-step9050-f39of40-d1of2,122,C2,C4,0.005952380952381042,Q3,0.000615574022776233,0.005325814536340845,0.005952380952381042,0.003826530612244916,True,stage18-scaling-24a9adb84176,0,7,9050,122
s0-step9050-f39of40-d1of2,122,C2,C5,0.009085213032581474,Q3,0.004309018159433631,0.008458646616541388,0.009085213032581474,0.0025510204081632404,True,stage18-scaling-24a9adb84176,0,7,9050,122
s0-step9050-f39of40-d1of2,122,C2,C6,0.006265664160401085,Q2,0.0021545090797168154,0.006265664160401085,0.006265664160401085,0.001913265306122458,True,stage18-scaling-24a9adb84176,0,7,9050,122
s0-step9050-f39of40-d1of2,122,C3,C4,0.0033856571252692813,Q1,0.0033856571252692813,0.0006265664160400863,0.0009398496240602405,0.0015943877551020114,True,stage18-scaling-24a9adb84176,0,7,9050,122
s0-step9050-f39of40-d1of2,122,C3,C5,0.004072681704260672,Q3,0.0015389350569405824,0.003759398496240629,0.004072681704260672,0.00031887755102033566,True,stage18-scaling-24a9adb84176,0,7,9050,122
s0-step9050-f39of40-d1of2,122,C3,C6,0.004924592182209864,Q1,0.004924592182209864,0.0015664160401003269,0.0012531328320802837,0.004145408163265363,True,stage18-scaling-24a9adb84176,0,7,9050,122
s0-step9050-f39of40-d1of2,122,C4,C5,0.004924592182209864,Q1,0.004924592182209864,0.0031328320802005427,0.0031328320802004317,0.0012755102040816757,True,stage18-scaling-24a9adb84176,0,7,9050,122
s0-step9050-f39of40-d1of2,122,C4,C6,0.005739795918367374,Q4,0.0015389350569405824,0.0009398496240602405,0.00031328320802004317,0.005739795918367374,True,stage18-scaling-24a9adb84176,0,7,9050,122
s0-step9050-f39of40-d1of2,122,C5,C6,0.006463527239150446,Q1,0.006463527239150446,0.002192982456140302,0.0028195488721803885,0.004464285714285698,True,stage18-scaling-24a9adb84176,0,7,9050,122
s0-step9050-f39of40-d3of4,123,C1,C2,0.00877192982456143,Q2,0.003077870113881165,0.00877192982456143,0.006578947368421129,0.0012755102040816757,True,stage18-scaling-24a9adb84176,0,7,9050,123
s0-step9050-f39of40-d3of4,123,C1,C3,0.005847953216374213,Q1,0.005847953216374213,0.004072681704260672,0.0015664160401003269,0.000956632653061229,True,stage18-scaling-24a9adb84176,0,7,9050,123
s0-step9050-f39of40-d3of4,123,C1,C4,0.003446115288220586,Q2,0.002462296091104932,0.003446115288220586,0.0006265664160400863,0.0025510204081632404,True,stage18-scaling-24a9adb84176,0,7,9050,123
s0-step9050-f39of40-d3of4,123,C1,C5,0.007386888273314796,Q1,0.007386888273314796,0.00031328320802004317,0.0025062656641603454,0.0012755102040815647,True,stage18-scaling-24a9adb84176,0,7,9050,123
s0-step9050-f39of40-d3of4,123,C1,C6,0.0031887755102041337,Q4,0.0009233610341643494,0.0025062656641603454,0.00031328320802004317,0.0031887755102041337,True,stage18-scaling-24a9adb84176,0,7,9050,123
s0-step9050-f39of40-d3of4,123,C2,C3,0.005012531328320802,Q3,0.0027700831024930483,0.0046992481203007586,0.005012531328320802,0.0022321428571429047,True,stage18-scaling-24a9adb84176,0,7,9050,123
s0-step9050-f39of40-d3of4,123,C2,C4,0.005952380952381042,Q3,0.000615574022776233,0.005325814536340845,0.005952380952381042,0.003826530612244916,True,stage18-scaling-24a9adb84176,0,7,9050,123
s0-step9050-f39of40-d3of4,123,C2,C5,0.009085213032581474,Q3,0.004309018159433631,0.008458646616541388,0.009085213032581474,0.0025510204081632404,True,stage18-scaling-24a9adb84176,0,7,9050,123
s0-step9050-f39of40-d3of4,123,C2,C6,0.006265664160401085,Q2,0.0021545090797168154,0.006265664160401085,0.006265664160401085,0.001913265306122458,True,stage18-scaling-24a9adb84176,0,7,9050,123
s0-step9050-f39of40-d3of4,123,C3,C4,0.0033856571252692813,Q1,0.0033856571252692813,0.0006265664160400863,0.0009398496240602405,0.0015943877551020114,True,stage18-scaling-24a9adb84176,0,7,9050,123
s0-step9050-f39of40-d3of4,123,C3,C5,0.004072681704260672,Q3,0.0015389350569405824,0.003759398496240629,0.004072681704260672,0.00031887755102033566,True,stage18-scaling-24a9adb84176,0,7,9050,123
s0-step9050-f39of40-d3of4,123,C3,C6,0.004924592182209864,Q1,0.004924592182209864,0.0015664160401003269,0.0012531328320802837,0.004145408163265363,True,stage18-scaling-24a9adb84176,0,7,9050,123
s0-step9050-f39of40-d3of4,123,C4,C5,0.004924592182209864,Q1,0.004924592182209864,0.0031328320802005427,0.0031328320802004317,0.0012755102040816757,True,stage18-scaling-24a9adb84176,0,7,9050,123
s0-step9050-f39of40-d3of4,123,C4,C6,0.005739795918367374,Q4,0.0015389350569405824,0.0009398496240602405,0.00031328320802004317,0.005739795918367374,True,stage18-scaling-24a9adb84176,0,7,9050,123
s0-step9050-f39of40-d3of4,123,C5,C6,0.006463527239150446,Q1,0.006463527239150446,0.002192982456140302,0.0028195488721803885,0.004464285714285698,True,stage18-scaling-24a9adb84176,0,7,9050,123
s0-step9050-f99of100-d1of4,124,C1,C2,0.002192982456140413,Q3,0.0021545090797168154,0.0009398496240601295,0.002192982456140413,0.000956632653061229,True,stage18-scaling-24a9adb84176,0,7,9050,124
s0-step9050-f99of100-d1of4,124,C1,C3,0.004001231148045514,Q1,0.004001231148045514,0.002192982456140413,0.0028195488721804995,0.0015943877551021224,True,stage18-scaling-24a9adb84176,0,7,9050,124
s0-step9050-f99of100-d1of4,124,C1,C4,0.0031887755102041337,Q4,0.001846722068328699,0.0006265664160400863,0.0012531328320801727,0.0031887755102041337,True,stage18-scaling-24a9adb84176,0,7,9050,124
s0-step9050-f99of100-d1of4,124,C1,C5,0.002462296091104932,Q1,0.002462296091104932,0.00031328320802004317,0.0009398496240601295,0.000956632653061229,True,stage18-scaling-24a9adb84176,0,7,9050,124
s0-step9050-f99of100-d1of4,124,C2,C3,0.0025510204081633514,Q4,0.001846722068328699,0.0012531328320802837,0.0006265664160400863,0.0025510204081633514,True,stage18-scaling-24a9adb84176,0,7,9050,124
s0-step9050-f99of100-d1of4,124,C2,C4,0.004145408163265363,Q4,0.0003077870113881165,0.0015664160401002158,0.0009398496240602405,0.004145408163265363,True,stage18-scaling-24a9adb84176,0,7,9050,124
s0-step9050-f99of100-d1of4,124,C2,C5,0.001913265306122458,Q4,0.0003077870113881165,0.0012531328320801727,0.0012531328320802837,0.001913265306122458,True,stage18-scaling-24a9adb84176,0,7,9050,124
s0-step9050-f99of100-d1of4,124,C3,C4,0.0028195488721804995,Q2,0.0021545090797168154,0.0028195488721804995,0.0015664160401003269,0.0015943877551020114,True,stage18-scaling-24a9adb84176,0,7,9050,124
s0-step9050-f99of100-d1of4,124,C3,C5,0.0025062656641604564,Q2,0.0015389350569405824,0.0025062656641604564,0.00187969924812037,0.0006377551020408934,True,stage18-scaling-24a9adb84176,0,7,9050,124
s0-step9050-f99of100-d1of4,124,C4,C5,0.0022321428571429047,Q4,0.000615574022776233,0.00031328320802004317,0.00031328320802004317,0.0022321428571429047,True,stage18-scaling-24a9adb84176,0,7,9050,124
s0-step9050-f99of100-d1of2,125,C1,C2,0.002192982456140413,Q3,0.0021545090797168154,0.0009398496240601295,0.002192982456140413,0.000956632653061229,True,stage18-scaling-24a9adb84176,0,7,9050,125
s0-step9050-f99of100-d1of2,125,C1,C3,0.004001231148045514,Q1,0.004001231148045514,0.002192982456140413,0.0028195488721804995,0.0015943877551021224,True,stage18-scaling-24a9adb84176,0,7,9050,125
s0-step9050-f99of100-d1of2,125,C1,C4,0.0031887755102041337,Q4,0.001846722068328699,0.0006265664160400863,0.0012531328320801727,0.0031887755102041337,True,stage18-scaling-24a9adb84176,0,7,9050,125
s0-step9050-f99of100-d1of2,125,C1,C5,0.002462296091104932,Q1,0.002462296091104932,0.00031328320802004317,0.0009398496240601295,0.000956632653061229,True,stage18-scaling-24a9adb84176,0,7,9050,125
s0-step9050-f99of100-d1of2,125,C1,C6,0.004309018159433631,Q1,0.004309018159433631,0.00187969924812037,0.0025062656641604564,0.0025510204081633514,True,stage18-scaling-24a9adb84176,0,7,9050,125
s0-step9050-f99of100-d1of2,125,C2,C3,0.0025510204081633514,Q4,0.001846722068328699,0.0012531328320802837,0.0006265664160400863,0.0025510204081633514,True,stage18-scaling-24a9adb84176,0,7,9050,125
s0-step9050-f99of100-d1of2,125,C2,C4,0.004145408163265363,Q4,0.0003077870113881165,0.0015664160401002158,0.0009398496240602405,0.004145408163265363,True,stage18-scaling-24a9adb84176,0,7,9050,125
s0-step9050-f99of100-d1of2,125,C2,C5,0.001913265306122458,Q4,0.0003077870113881165,0.0012531328320801727,0.0012531328320802837,0.001913265306122458,True,stage18-scaling-24a9adb84176,0,7,9050,125
s0-step9050-f99of100-d1of2,125,C2,C6,0.0035076530612245804,Q4,0.0021545090797168154,0.0009398496240602405,0.00031328320802004317,0.0035076530612245804,True,stage18-scaling-24a9adb84176,0,7,9050,125
s0-step9050-f99of100-d1of2,125,C3,C4,0.0028195488721804995,Q2,0.0021545090797168154,0.0028195488721804995,0.0015664160401003269,0.0015943877551020114,True,stage18-scaling-24a9adb84176,0,7,9050,125
s0-step9050-f99of100-d1of2,125,C3,C5,0.0025062656641604564,Q2,0.0015389350569405824,0.0025062656641604564,0.00187969924812037,0.0006377551020408934,True,stage18-scaling-24a9adb84176,0,7,9050,125
s0-step9050-f99of100-d1of2,125,C3,C6,0.000956632653061229,Q4,0.0003077870113881165,0.00031328320802004317,0.00031328320802004317,0.000956632653061229,True,stage18-scaling-24a9adb84176,0,7,9050,125
s0-step9050-f99of100-d1of2,125,C4,C5,0.0022321428571429047,Q4,0.000615574022776233,0.00031328320802004317,0.00031328320802004317,0.0022321428571429047,True,stage18-scaling-24a9adb84176,0,7,9050,125
s0-step9050-f99of100-d1of2,125,C4,C6,0.0025062656641604564,Q2,0.002462296091104932,0.0025062656641604564,0.0012531328320802837,0.0006377551020407823,True,stage18-scaling-24a9adb84176,0,7,9050,125
s0-step9050-f99of100-d1of2,125,C5,C6,0.002192982456140413,Q2,0.001846722068328699,0.002192982456140413,0.0015664160401003269,0.0015943877551021224,True,stage18-scaling-24a9adb84176,0,7,9050,125
s0-step9050-f99of100-d3of4,126,C1,C2,0.002192982456140413,Q3,0.0021545090797168154,0.0009398496240601295,0.002192982456140413,0.000956632653061229,True,stage18-scaling-24a9adb84176,0,7,9050,126
s0-step9050-f99of100-d3of4,126,C1,C3,0.004001231148045514,Q1,0.004001231148045514,0.002192982456140413,0.0028195488721804995,0.0015943877551021224,True,stage18-scaling-24a9adb84176,0,7,9050,126
s0-step9050-f99of100-d3of4,126,C1,C4,0.0031887755102041337,Q4,0.001846722068328699,0.0006265664160400863,0.0012531328320801727,0.0031887755102041337,True,stage18-scaling-24a9adb84176,0,7,9050,126
s0-step9050-f99of100-d3of4,126,C1,C5,0.002462296091104932,Q1,0.002462296091104932,0.00031328320802004317,0.0009398496240601295,0.000956632653061229,True,stage18-scaling-24a9adb84176,0,7,9050,126
s0-step9050-f99of100-d3of4,126,C1,C6,0.004309018159433631,Q1,0.004309018159433631,0.00187969924812037,0.0025062656641604564,0.0025510204081633514,True,stage18-scaling-24a9adb84176,0,7,9050,126
s0-step9050-f99of100-d3of4,126,C2,C3,0.0025510204081633514,Q4,0.001846722068328699,0.0012531328320802837,0.0006265664160400863,0.0025510204081633514,True,stage18-scaling-24a9adb84176,0,7,9050,126
s0-step9050-f99of100-d3of4,126,C2,C4,0.004145408163265363,Q4,0.0003077870113881165,0.0015664160401002158,0.0009398496240602405,0.004145408163265363,True,stage18-scaling-24a9adb84176,0,7,9050,126
s0-step9050-f99of100-d3of4,126,C2,C5,0.001913265306122458,Q4,0.0003077870113881165,0.0012531328320801727,0.0012531328320802837,0.001913265306122458,True,stage18-scaling-24a9adb84176,0,7,9050,126
s0-step9050-f99of100-d3of4,126,C2,C6,0.0035076530612245804,Q4,0.0021545090797168154,0.0009398496240602405,0.00031328320802004317,0.0035076530612245804,True,stage18-scaling-24a9adb84176,0,7,9050,126
s0-step9050-f99of100-d3of4,126,C3,C4,0.0028195488721804995,Q2,0.0021545090797168154,0.0028195488721804995,0.0015664160401003269,0.0015943877551020114,True,stage18-scaling-24a9adb84176,0,7,9050,126
s0-step9050-f99of100-d3of4,126,C3,C5,0.0025062656641604564,Q2,0.0015389350569405824,0.0025062656641604564,0.00187969924812037,0.0006377551020408934,True,stage18-scaling-24a9adb84176,0,7,9050,126
s0-step9050-f99of100-d3of4,126,C3,C6,0.000956632653061229,Q4,0.0003077870113881165,0.00031328320802004317,0.00031328320802004317,0.000956632653061229,True,stage18-scaling-24a9adb84176,0,7,9050,126
s0-step9050-f99of100-d3of4,126,C4,C5,0.0022321428571429047,Q4,0.000615574022776233,0.00031328320802004317,0.00031328320802004317,0.0022321428571429047,True,stage18-scaling-24a9adb84176,0,7,9050,126
s0-step9050-f99of100-d3of4,126,C4,C6,0.0025062656641604564,Q2,0.002462296091104932,0.0025062656641604564,0.0012531328320802837,0.0006377551020407823,True,stage18-scaling-24a9adb84176,0,7,9050,126
s0-step9050-f99of100-d3of4,126,C5,C6,0.002192982456140413,Q2,0.001846722068328699,0.002192982456140413,0.0015664160401003269,0.0015943877551021224,True,stage18-scaling-24a9adb84176,0,7,9050,126
s1-step8650-f4of5-d1of4,217,C1,C2,0.010204081632653073,Q4,0.009233610341643494,0.00031328320802004317,0.00031328320802004317,0.010204081632653073,True,stage18-scaling-24a9adb84176,1,6,8650,217
s1-step8650-f4of5-d1of4,217,C1,C3,0.025510204081632626,Q4,0.006463527239150446,0.007518796992481258,0.010338345864661647,0.025510204081632626,True,stage18-scaling-24a9adb84176,1,6,8650,217
s1-step8650-f4of5-d1of4,217,C2,C3,0.015306122448979553,Q4,0.0027700831024930483,0.007832080200501301,0.010025062656641603,0.015306122448979553,True,stage18-scaling-24a9adb84176,1,6,8650,217
s1-step8650-f4of5-d1of2,218,C1,C2,0.010204081632653073,Q4,0.009233610341643494,0.00031328320802004317,0.00031328320802004317,0.010204081632653073,True,stage18-scaling-24a9adb84176,1,6,8650,218
s1-step8650-f4of5-d1of2,218,C1,C3,0.025510204081632626,Q4,0.006463527239150446,0.007518796992481258,0.010338345864661647,0.025510204081632626,True,stage18-scaling-24a9adb84176,1,6,8650,218
s1-step8650-f4of5-d1of2,218,C1,C4,0.014030612244897989,Q4,0.011388119421360421,0.0015664160401003269,0.0006265664160400863,0.014030612244897989,True,stage18-scaling-24a9adb84176,1,6,8650,218
s1-step8650-f4of5-d1of2,218,C1,C5,0.007653061224489832,Q4,0.0015389350569405824,0.005012531328320802,0.0028195488721804995,0.007653061224489832,True,stage18-scaling-24a9adb84176,1,6,8650,218
s1-step8650-f4of5-d1of2,218,C1,C6,0.003826530612244916,Q4,0.001846722068328699,0.0025062656641604564,0.002192982456140302,0.003826530612244916,True,stage18-scaling-24a9adb84176,1,6,8650,218
s1-step8650-f4of5-d1of2,218,C1,C7,0.01052295918367352,Q4,0.008310249307479145,0.0028195488721804995,0.0015664160401002158,0.01052295918367352,True,stage18-scaling-24a9adb84176,1,6,8650,218
s1-step8650-f4of5-d1of2,218,C1,C8,0.003446115288220586,Q2,0.0033856571252693923,0.003446115288220586,0.0,0.0006377551020407823,True,stage18-scaling-24a9adb84176,1,6,8650,218
s1-step8650-f4of5-d1of2,218,C2,C3,0.015306122448979553,Q4,0.0027700831024930483,0.007832080200501301,0.010025062656641603,0.015306122448979553,True,stage18-scaling-24a9adb84176,1,6,8650,218
s1-step8650-f4of5-d1of2,218,C2,C4,0.003826530612244916,Q4,0.0021545090797169264,0.00187969924812037,0.0009398496240601295,0.003826530612244916,True,stage18-scaling-24a9adb84176,1,6,8650,218
s1-step8650-f4of5-d1of2,218,C2,C5,0.010772545398584077,Q1,0.010772545398584077,0.005325814536340845,0.0025062656641604564,0.0025510204081632404,True,stage18-scaling-24a9adb84176,1,6,8650,218
s1-step8650-f4of5-d1of2,218,C2,C6,0.007386888273314796,Q1,0.007386888273314796,0.0028195488721804995,0.0025062656641603454,0.0063775510204081565,True,stage18-scaling-24a9adb84176,1,6,8650,218
s1-step8650-f4of5-d1of2,218,C2,C7,0.0031328320802005427,Q2,0.0009233610341643494,0.0031328320802005427,0.001879699248120259,0.0003188775510204467,True,stage18-scaling-24a9adb84176,1,6,8650,218
s1-step8650-f4of5-d1of2,218,C2,C8,0.012619267466912887,Q1,0.012619267466912887,0.003759398496240629,0.00031328320802004317,0.00956632653061229,True,stage18-scaling-24a9adb84176,1,6,8650,218
s1-step8650-f4of5-d1of2,218,C3,C4,0.011479591836734637,Q4,0.004924592182209975,0.005952380952380931,0.010964912280701733,0.011479591836734637,True,stage18-scaling-24a9adb84176,1,6,8650,218
s1-step8650-f4of5-d1of2,218,C3,C5,0.017857142857142794,Q4,0.008002462296091029,0.0025062656641604564,0.007518796992481147,0.017857142857142794,True,stage18-scaling-24a9adb84176,1,6,8650,218
s1-step8650-f4of5-d1of2,218,C3,C6,0.02168367346938771,Q4,0.004616805170821747,0.005012531328320802,0.012531328320801949,0.02168367346938771,True,stage18-scaling-24a9adb84176,1,6,8650,218
s1-step8650-f4of5-d1of2,218,C3,C7,0.014987244897959107,Q4,0.001846722068328699,0.0046992481203007586,0.011904761904761862,0.014987244897959107,True,stage18-scaling-24a9adb84176,1,6,8650,218
s1-step8650-f4of5-d1of2,218,C3,C8,0.024872448979591844,Q4,0.009849184364419838,0.004072681704260672,0.010338345864661647,0.024872448979591844,True,stage18-scaling-24a9adb84176,1,6,8650,218
s1-step8650-f4of5-d1of2,218,C4,C5,0.012927054478301003,Q1,0.012927054478301003,0.003446115288220475,0.003446115288220586,0.0063775510204081565,True,stage18-scaling-24a9adb84176,1,6,8650,218
s1-step8650-f4of5-d1of2,218,C4,C6,0.010204081632653073,Q4,0.009541397353031722,0.0009398496240601295,0.0015664160401002158,0.010204081632653073,True,stage18-scaling-24a9adb84176,1,6,8650,218
s1-step8650-f4of5-d1of2,218,C4,C7,0.0035076530612244694,Q4,0.003077870113881276,0.0012531328320801727,0.0009398496240601295,0.0035076530612244694,True,stage18-scaling-24a9adb84176,1,6,8650,218
s1-step8650-f4of5-d1of2,218,C4,C8,0.014773776546629813,Q1,0.014773776546629813,0.001879699248120259,0.0006265664160400863,0.013392857142857206,True,stage18-scaling-24a9adb84176,1,6,8650,218
s1-step8650-f4of5-d1of2,218,C5,C6,0.005012531328320802,Q3,0.0033856571252692813,0.0025062656641603454,0.005012531328320802,0.003826530612244916,True,stage18-scaling-24a9adb84176,1,6,8650,218
s1-step8650-f4of5-d1of2,218,C5,C7,0.009849184364419727,Q1,0.009849184364419727,0.002192982456140302,0.004385964912280715,0.002869897959183687,True,stage18-scaling-24a9adb84176,1,6,8650,218
s1-step8650-f4of5-d1of2,218,C5,C8,0.00701530612244905,Q4,0.00184672206832881,0.0015664160401002158,0.0028195488721804995,0.00701530612244905,True,stage18-scaling-24a9adb84176,1,6,8650,218
s1-step8650-f4of5-d1of2,218,C6,C7,0.006696428571428603,Q4,0.006463527239150446,0.00031328320802004317,0.0006265664160400863,0.006696428571428603,True,stage18-scaling-24a9adb84176,1,6,8650,218
s1-step8650-f4of5-d1of2,218,C6,C8,0.005232379193598091,Q1,0.005232379193598091,0.0009398496240601295,0.002192982456140302,0.0031887755102041337,True,stage18-scaling-24a9adb84176,1,6,8650,218
s1-step8650-f4of5-d1of2,218,C7,C8,0.011695906432748537,Q1,0.011695906432748537,0.0006265664160400863,0.0015664160401002158,0.009885204081632737,True,stage18-scaling-24a9adb84176,1,6,8650,218
s1-step8650-f4of5-d3of4,219,C1,C2,0.010204081632653073,Q4,0.009233610341643494,0.00031328320802004317,0.00031328320802004317,0.010204081632653073,True,stage18-scaling-24a9adb84176,1,6,8650,219
s1-step8650-f4of5-d3of4,219,C1,C3,0.025510204081632626,Q4,0.006463527239150446,0.007518796992481258,0.010338345864661647,0.025510204081632626,True,stage18-scaling-24a9adb84176,1,6,8650,219
s1-step8650-f4of5-d3of4,219,C1,C4,0.014030612244897989,Q4,0.011388119421360421,0.0015664160401003269,0.0006265664160400863,0.014030612244897989,True,stage18-scaling-24a9adb84176,1,6,8650,219
s1-step8650-f4of5-d3of4,219,C1,C5,0.007653061224489832,Q4,0.0015389350569405824,0.005012531328320802,0.0028195488721804995,0.007653061224489832,True,stage18-scaling-24a9adb84176,1,6,8650,219
s1-step8650-f4of5-d3of4,219,C1,C6,0.003826530612244916,Q4,0.001846722068328699,0.0025062656641604564,0.002192982456140302,0.003826530612244916,True,stage18-scaling-24a9adb84176,1,6,8650,219
s1-step8650-f4of5-d3of4,219,C1,C7,0.01052295918367352,Q4,0.008310249307479145,0.0028195488721804995,0.0015664160401002158,0.01052295918367352,True,stage18-scaling-24a9adb84176,1,6,8650,219
s1-step8650-f4of5-d3of4,219,C1,C8,0.003446115288220586,Q2,0.0033856571252693923,0.003446115288220586,0.0,0.0006377551020407823,True,stage18-scaling-24a9adb84176,1,6,8650,219
s1-step8650-f4of5-d3of4,219,C2,C3,0.015306122448979553,Q4,0.0027700831024930483,0.007832080200501301,0.010025062656641603,0.015306122448979553,True,stage18-scaling-24a9adb84176,1,6,8650,219
s1-step8650-f4of5-d3of4,219,C2,C4,0.003826530612244916,Q4,0.0021545090797169264,0.00187969924812037,0.0009398496240601295,0.003826530612244916,True,stage18-scaling-24a9adb84176,1,6,8650,219
s1-step8650-f4of5-d3of4,219,C2,C5,0.010772545398584077,Q1,0.010772545398584077,0.005325814536340845,0.0025062656641604564,0.0025510204081632404,True,stage18-scaling-24a9adb84176,1,6,8650,219
s1-step8650-f4of5-d3of4,219,C2,C6,0.007386888273314796,Q1,0.007386888273314796,0.0028195488721804995,0.0025062656641603454,0.0063775510204081565,True,stage18-scaling-24a9adb84176,1,6,8650,219
s1-step8650-f4of5-d3of4,219,C2,C7,0.0031328320802005427,Q2,0.0009233610341643494,0.0031328320802005427,0.001879699248120259,0.0003188775510204467,True,stage18-scaling-24a9adb84176,1,6,8650,219
s1-step8650-f4of5-d3of4,219,C2,C8,0.012619267466912887,Q1,0.012619267466912887,0.003759398496240629,0.00031328320802004317,0.00956632653061229,True,stage18-scaling-24a9adb84176,1,6,8650,219
s1-step8650-f4of5-d3of4,219,C3,C4,0.011479591836734637,Q4,0.004924592182209975,0.005952380952380931,0.010964912280701733,0.011479591836734637,True,stage18-scaling-24a9adb84176,1,6,8650,219
s1-step8650-f4of5-d3of4,219,C3,C5,0.017857142857142794,Q4,0.008002462296091029,0.0025062656641604564,0.007518796992481147,0.017857142857142794,True,stage18-scaling-24a9adb84176,1,6,8650,219
s1-step8650-f4of5-d3of4,219,C3,C6,0.02168367346938771,Q4,0.004616805170821747,0.005012531328320802,0.012531328320801949,0.02168367346938771,True,stage18-scaling-24a9adb84176,1,6,8650,219
s1-step8650-f4of5-d3of4,219,C3,C7,0.014987244897959107,Q4,0.001846722068328699,0.0046992481203007586,0.011904761904761862,0.014987244897959107,True,stage18-scaling-24a9adb84176,1,6,8650,219
s1-step8650-f4of5-d3of4,219,C3,C8,0.024872448979591844,Q4,0.009849184364419838,0.004072681704260672,0.010338345864661647,0.024872448979591844,True,stage18-scaling-24a9adb84176,1,6,8650,219
s1-step8650-f4of5-d3of4,219,C4,C5,0.012927054478301003,Q1,0.012927054478301003,0.003446115288220475,0.003446115288220586,0.0063775510204081565,True,stage18-scaling-24a9adb84176,1,6,8650,219
s1-step8650-f4of5-d3of4,219,C4,C6,0.010204081632653073,Q4,0.009541397353031722,0.0009398496240601295,0.0015664160401002158,0.010204081632653073,True,stage18-scaling-24a9adb84176,1,6,8650,219
s1-step8650-f4of5-d3of4,219,C4,C7,0.0035076530612244694,Q4,0.003077870113881276,0.0012531328320801727,0.0009398496240601295,0.0035076530612244694,True,stage18-scaling-24a9adb84176,1,6,8650,219
s1-step8650-f4of5-d3of4,219,C4,C8,0.014773776546629813,Q1,0.014773776546629813,0.001879699248120259,0.0006265664160400863,0.013392857142857206,True,stage18-scaling-24a9adb84176,1,6,8650,219
s1-step8650-f4of5-d3of4,219,C5,C6,0.005012531328320802,Q3,0.0033856571252692813,0.0025062656641603454,0.005012531328320802,0.003826530612244916,True,stage18-scaling-24a9adb84176,1,6,8650,219
s1-step8650-f4of5-d3of4,219,C5,C7,0.009849184364419727,Q1,0.009849184364419727,0.002192982456140302,0.004385964912280715,0.002869897959183687,True,stage18-scaling-24a9adb84176,1,6,8650,219
s1-step8650-f4of5-d3of4,219,C5,C8,0.00701530612244905,Q4,0.00184672206832881,0.0015664160401002158,0.0028195488721804995,0.00701530612244905,True,stage18-scaling-24a9adb84176,1,6,8650,219
s1-step8650-f4of5-d3of4,219,C6,C7,0.006696428571428603,Q4,0.006463527239150446,0.00031328320802004317,0.0006265664160400863,0.006696428571428603,True,stage18-scaling-24a9adb84176,1,6,8650,219
s1-step8650-f4of5-d3of4,219,C6,C8,0.005232379193598091,Q1,0.005232379193598091,0.0009398496240601295,0.002192982456140302,0.0031887755102041337,True,stage18-scaling-24a9adb84176,1,6,8650,219
s1-step8650-f4of5-d3of4,219,C7,C8,0.011695906432748537,Q1,0.011695906432748537,0.0006265664160400863,0.0015664160401002158,0.009885204081632737,True,stage18-scaling-24a9adb84176,1,6,8650,219
s1-step8650-f17of20-d1of4,220,C1,C2,0.01939058171745156,Q1,0.01939058171745156,0.002192982456140302,0.011278195488721776,0.005739795918367374,True,stage18-scaling-24a9adb84176,1,6,8650,220
s1-step8650-f17of20-d1of2,221,C1,C2,0.01939058171745156,Q1,0.01939058171745156,0.002192982456140302,0.011278195488721776,0.005739795918367374,True,stage18-scaling-24a9adb84176,1,6,8650,221
s1-step8650-f17of20-d1of2,221,C1,C3,0.007694675284703023,Q1,0.007694675284703023,0.0046992481203007586,0.003446115288220586,0.0012755102040815647,True,stage18-scaling-24a9adb84176,1,6,8650,221
s1-step8650-f17of20-d1of2,221,C1,C4,0.02168367346938782,Q4,0.010464758387196071,0.0025062656641604564,0.008145363408521344,0.02168367346938782,True,stage18-scaling-24a9adb84176,1,6,8650,221
s1-step8650-f17of20-d1of2,221,C1,C5,0.015081563558017819,Q1,0.015081563558017819,0.005639097744360888,0.003446115288220586,0.005102040816326592,True,stage18-scaling-24a9adb84176,1,6,8650,221
s1-step8650-f17of20-d1of2,221,C1,C6,0.009885204081632626,Q4,0.001846722068328699,0.0028195488721804995,0.005325814536340845,0.009885204081632626,True,stage18-scaling-24a9adb84176,1,6,8650,221
s1-step8650-f17of20-d1of2,221,C1,C7,0.0073341836734693855,Q4,0.004616805170821747,0.004385964912280715,0.001879699248120259,0.0073341836734693855,True,stage18-scaling-24a9adb84176,1,6,8650,221
s1-step8650-f17of20-d1of2,221,C1,C8,0.010841836734693855,Q4,0.010156971375807955,0.00031328320802004317,0.0006265664160400863,0.010841836734693855,True,stage18-scaling-24a9adb84176,1,6,8650,221
s1-step8650-f17of20-d1of2,221,C2,C3,0.011695906432748537,Q1,0.011695906432748537,0.0025062656641604564,0.00783208020050119,0.007015306122448939,True,stage18-scaling-24a9adb84176,1,6,8650,221
s1-step8650-f17of20-d1of2,221,C2,C4,0.01942355889724312,Q3,0.008925823330255489,0.0046992481203007586,0.01942355889724312,0.015943877551020447,True,stage18-scaling-24a9adb84176,1,6,8650,221
s1-step8650-f17of20-d1of2,221,C2,C5,0.00783208020050119,Q3,0.004309018159433742,0.003446115288220586,0.00783208020050119,0.0006377551020407823,True,stage18-scaling-24a9adb84176,1,6,8650,221
s1-step8650-f17of20-d1of2,221,C2,C6,0.01754385964912286,Q1,0.01754385964912286,0.005012531328320802,0.01660401002506262,0.004145408163265252,True,stage18-scaling-24a9adb84176,1,6,8650,221
s1-step8650-f17of20-d1of2,221,C2,C7,0.014773776546629813,Q1,0.014773776546629813,0.006578947368421018,0.009398496240601517,0.0015943877551020114,True,stage18-scaling-24a9adb84176,1,6,8650,221
s1-step8650-f17of20-d1of2,221,C2,C8,0.011904761904761862,Q3,0.009233610341643606,0.001879699248120259,0.011904761904761862,0.005102040816326481,True,stage18-scaling-24a9adb84176,1,6,8650,221
s1-step8650-f17of20-d1of2,221,C3,C4,0.022959183673469385,Q4,0.0027700831024930483,0.007205513784461215,0.01159147869674193,0.022959183673469385,True,stage18-scaling-24a9adb84176,1,6,8650,221
s1-step8650-f17of20-d1of2,221,C3,C5,0.007386888273314796,Q1,0.007386888273314796,0.0009398496240601295,0.0,0.0063775510204081565,True,stage18-scaling-24a9adb84176,1,6,8650,221
s1-step8650-f17of20-d1of2,221,C3,C6,0.01116071428571419,Q4,0.005847953216374324,0.007518796992481258,0.00877192982456143,0.01116071428571419,True,stage18-scaling-24a9adb84176,1,6,8650,221
s1-step8650-f17of20-d1of2,221,C3,C7,0.009085213032581474,Q2,0.003077870113881276,0.009085213032581474,0.0015664160401003269,0.00860969387755095,True,stage18-scaling-24a9adb84176,1,6,8650,221
s1-step8650-f17of20-d1of2,221,C3,C8,0.01211734693877542,Q4,0.002462296091104932,0.004385964912280715,0.004072681704260672,0.01211734693877542,True,stage18-scaling-24a9adb84176,1,6,8650,221
s1-step8650-f17of20-d1of2,221,C4,C5,0.01658163265306123,Q4,0.004616805170821747,0.008145363408521344,0.01159147869674193,0.01658163265306123,True,stage18-scaling-24a9adb84176,1,6,8650,221
s1-step8650-f17of20-d1of2,221,C4,C6,0.011798469387755195,Q4,0.008618036318867373,0.00031328320802004317,0.0028195488721804995,0.011798469387755195,True,stage18-scaling-24a9adb84176,1,6,8650,221
s1-step8650-f17of20-d1of2,221,C4,C7,0.014349489795918435,Q4,0.005847953216374324,0.001879699248120259,0.010025062656641603,0.014349489795918435,True,stage18-scaling-24a9adb84176,1,6,8650,221
s1-step8650-f17of20-d1of2,221,C4,C8,0.010841836734693966,Q4,0.0003077870113881165,0.0028195488721804995,0.007518796992481258,0.010841836734693966,True,stage18-scaling-24a9adb84176,1,6,8650,221
s1-step8650-f17of20-d1of2,221,C5,C6,0.01323484148968912,Q1,0.01323484148968912,0.008458646616541388,0.00877192982456143,0.004783163265306034,True,stage18-scaling-24a9adb84176,1,6,8650,221
s1-step8650-f17of20-d1of2,221,C5,C7,0.010464758387196071,Q1,0.010464758387196071,0.010025062656641603,0.0015664160401003269,0.0022321428571427937,True,stage18-scaling-24a9adb84176,1,6,8650,221
s1-step8650-f17of20-d1of2,221,C5,C8,0.005739795918367263,Q4,0.004924592182209864,0.005325814536340845,0.004072681704260672,0.005739795918367263,True,stage18-scaling-24a9adb84176,1,6,8650,221
s1-step8650-f17of20-d1of2,221,C6,C7,0.007205513784461104,Q3,0.0027700831024930483,0.0015664160401002158,0.007205513784461104,0.0025510204081632404,True,stage18-scaling-24a9adb84176,1,6,8650,221
s1-step8650-f17of20-d1of2,221,C6,C8,0.008310249307479256,Q1,0.008310249307479256,0.0031328320802005427,0.0046992481203007586,0.000956632653061229,True,stage18-scaling-24a9adb84176,1,6,8650,221
s1-step8650-f17of20-d1of2,221,C7,C8,0.005540166204986208,Q1,0.005540166204986208,0.0046992481203007586,0.0025062656641603454,0.0035076530612244694,True,stage18-scaling-24a9adb84176,1,6,8650,221
s1-step8650-f17of20-d3of4,222,C1,C2,0.01939058171745156,Q1,0.01939058171745156,0.002192982456140302,0.011278195488721776,0.005739795918367374,True,stage18-scaling-24a9adb84176,1,6,8650,222
s1-step8650-f17of20-d3of4,222,C1,C3,0.007694675284703023,Q1,0.007694675284703023,0.0046992481203007586,0.003446115288220586,0.0012755102040815647,True,stage18-scaling-24a9adb84176,1,6,8650,222
s1-step8650-f17of20-d3of4,222,C1,C4,0.02168367346938782,Q4,0.010464758387196071,0.0025062656641604564,0.008145363408521344,0.02168367346938782,True,stage18-scaling-24a9adb84176,1,6,8650,222
s1-step8650-f17of20-d3of4,222,C1,C5,0.015081563558017819,Q1,0.015081563558017819,0.005639097744360888,0.003446115288220586,0.005102040816326592,True,stage18-scaling-24a9adb84176,1,6,8650,222
s1-step8650-f17of20-d3of4,222,C1,C6,0.009885204081632626,Q4,0.001846722068328699,0.0028195488721804995,0.005325814536340845,0.009885204081632626,True,stage18-scaling-24a9adb84176,1,6,8650,222
s1-step8650-f17of20-d3of4,222,C1,C7,0.0073341836734693855,Q4,0.004616805170821747,0.004385964912280715,0.001879699248120259,0.0073341836734693855,True,stage18-scaling-24a9adb84176,1,6,8650,222
s1-step8650-f17of20-d3of4,222,C1,C8,0.010841836734693855,Q4,0.010156971375807955,0.00031328320802004317,0.0006265664160400863,0.010841836734693855,True,stage18-scaling-24a9adb84176,1,6,8650,222
s1-step8650-f17of20-d3of4,222,C2,C3,0.011695906432748537,Q1,0.011695906432748537,0.0025062656641604564,0.00783208020050119,0.007015306122448939,True,stage18-scaling-24a9adb84176,1,6,8650,222
s1-step8650-f17of20-d3of4,222,C2,C4,0.01942355889724312,Q3,0.008925823330255489,0.0046992481203007586,0.01942355889724312,0.015943877551020447,True,stage18-scaling-24a9adb84176,1,6,8650,222
s1-step8650-f17of20-d3of4,222,C2,C5,0.00783208020050119,Q3,0.004309018159433742,0.003446115288220586,0.00783208020050119,0.0006377551020407823,True,stage18-scaling-24a9adb84176,1,6,8650,222
s1-step8650-f17of20-d3of4,222,C2,C6,0.01754385964912286,Q1,0.01754385964912286,0.005012531328320802,0.01660401002506262,0.004145408163265252,True,stage18-scaling-24a9adb84176,1,6,8650,222
s1-step8650-f17of20-d3of4,222,C2,C7,0.014773776546629813,Q1,0.014773776546629813,0.006578947368421018,0.009398496240601517,0.0015943877551020114,True,stage18-scaling-24a9adb84176,1,6,8650,222
s1-step8650-f17of20-d3of4,222,C2,C8,0.011904761904761862,Q3,0.009233610341643606,0.001879699248120259,0.011904761904761862,0.005102040816326481,True,stage18-scaling-24a9adb84176,1,6,8650,222
s1-step8650-f17of20-d3of4,222,C3,C4,0.022959183673469385,Q4,0.0027700831024930483,0.007205513784461215,0.01159147869674193,0.022959183673469385,True,stage18-scaling-24a9adb84176,1,6,8650,222
s1-step8650-f17of20-d3of4,222,C3,C5,0.007386888273314796,Q1,0.007386888273314796,0.0009398496240601295,0.0,0.0063775510204081565,True,stage18-scaling-24a9adb84176,1,6,8650,222
s1-step8650-f17of20-d3of4,222,C3,C6,0.01116071428571419,Q4,0.005847953216374324,0.007518796992481258,0.00877192982456143,0.01116071428571419,True,stage18-scaling-24a9adb84176,1,6,8650,222
s1-step8650-f17of20-d3of4,222,C3,C7,0.009085213032581474,Q2,0.003077870113881276,0.009085213032581474,0.0015664160401003269,0.00860969387755095,True,stage18-scaling-24a9adb84176,1,6,8650,222
s1-step8650-f17of20-d3of4,222,C3,C8,0.01211734693877542,Q4,0.002462296091104932,0.004385964912280715,0.004072681704260672,0.01211734693877542,True,stage18-scaling-24a9adb84176,1,6,8650,222
s1-step8650-f17of20-d3of4,222,C4,C5,0.01658163265306123,Q4,0.004616805170821747,0.008145363408521344,0.01159147869674193,0.01658163265306123,True,stage18-scaling-24a9adb84176,1,6,8650,222
s1-step8650-f17of20-d3of4,222,C4,C6,0.011798469387755195,Q4,0.008618036318867373,0.00031328320802004317,0.0028195488721804995,0.011798469387755195,True,stage18-scaling-24a9adb84176,1,6,8650,222
s1-step8650-f17of20-d3of4,222,C4,C7,0.014349489795918435,Q4,0.005847953216374324,0.001879699248120259,0.010025062656641603,0.014349489795918435,True,stage18-scaling-24a9adb84176,1,6,8650,222
s1-step8650-f17of20-d3of4,222,C4,C8,0.010841836734693966,Q4,0.0003077870113881165,0.0028195488721804995,0.007518796992481258,0.010841836734693966,True,stage18-scaling-24a9adb84176,1,6,8650,222
s1-step8650-f17of20-d3of4,222,C5,C6,0.01323484148968912,Q1,0.01323484148968912,0.008458646616541388,0.00877192982456143,0.004783163265306034,True,stage18-scaling-24a9adb84176,1,6,8650,222
s1-step8650-f17of20-d3of4,222,C5,C7,0.010464758387196071,Q1,0.010464758387196071,0.010025062656641603,0.0015664160401003269,0.0022321428571427937,True,stage18-scaling-24a9adb84176,1,6,8650,222
s1-step8650-f17of20-d3of4,222,C5,C8,0.005739795918367263,Q4,0.004924592182209864,0.005325814536340845,0.004072681704260672,0.005739795918367263,True,stage18-scaling-24a9adb84176,1,6,8650,222
s1-step8650-f17of20-d3of4,222,C6,C7,0.007205513784461104,Q3,0.0027700831024930483,0.0015664160401002158,0.007205513784461104,0.0025510204081632404,True,stage18-scaling-24a9adb84176,1,6,8650,222
s1-step8650-f17of20-d3of4,222,C6,C8,0.008310249307479256,Q1,0.008310249307479256,0.0031328320802005427,0.0046992481203007586,0.000956632653061229,True,stage18-scaling-24a9adb84176,1,6,8650,222
s1-step8650-f17of20-d3of4,222,C7,C8,0.005540166204986208,Q1,0.005540166204986208,0.0046992481203007586,0.0025062656641603454,0.0035076530612244694,True,stage18-scaling-24a9adb84176,1,6,8650,222
s1-step8650-f9of10-d1of4,223,C1,C2,0.007971938775510168,Q4,0.006155740227762441,0.0006265664160400863,0.002192982456140302,0.007971938775510168,True,stage18-scaling-24a9adb84176,1,6,8650,223
s1-step8650-f9of10-d1of2,224,C1,C2,0.007971938775510168,Q4,0.006155740227762441,0.0006265664160400863,0.002192982456140302,0.007971938775510168,True,stage18-scaling-24a9adb84176,1,6,8650,224
s1-step8650-f9of10-d1of2,224,C1,C3,0.011479591836734637,Q4,0.004924592182209975,0.0046992481203007586,0.0012531328320801727,0.011479591836734637,True,stage18-scaling-24a9adb84176,1,6,8650,224
s1-step8650-f9of10-d1of2,224,C1,C4,0.007015306122448939,Q4,0.004309018159433742,0.003446115288220586,0.0009398496240602405,0.007015306122448939,True,stage18-scaling-24a9adb84176,1,6,8650,224
s1-step8650-f9of10-d1of2,224,C1,C5,0.0046992481203007586,Q3,0.004001231148045625,0.004072681704260672,0.0046992481203007586,0.003826530612244805,True,stage18-scaling-24a9adb84176,1,6,8650,224
s1-step8650-f9of10-d1of2,224,C1,C6,0.006578947368421018,Q2,0.001231148045552466,0.006578947368421018,0.0012531328320802837,0.003826530612244805,True,stage18-scaling-24a9adb84176,1,6,8650,224
s1-step8650-f9of10-d1of2,224,C1,C7,0.009247448979591844,Q4,0.0021545090797168154,0.006578947368421018,0.00031328320802004317,0.009247448979591844,True,stage18-scaling-24a9adb84176,1,6,8650,224
s1-step8650-f9of10-d1of2,224,C1,C8,0.005639097744360888,Q2,0.004309018159433742,0.005639097744360888,0.003446115288220586,0.005102040816326592,True,stage18-scaling-24a9adb84176,1,6,8650,224
s1-step8650-f9of10-d1of2,224,C2,C3,0.005325814536340845,Q2,0.001231148045552466,0.005325814536340845,0.0009398496240601295,0.0035076530612244694,True,stage18-scaling-24a9adb84176,1,6,8650,224
s1-step8650-f9of10-d1of2,224,C2,C4,0.004072681704260672,Q2,0.001846722068328699,0.004072681704260672,0.0031328320802005427,0.000956632653061229,True,stage18-scaling-24a9adb84176,1,6,8650,224
s1-step8650-f9of10-d1of2,224,C2,C5,0.006892230576441061,Q3,0.0021545090797168154,0.0046992481203007586,0.006892230576441061,0.004145408163265363,True,stage18-scaling-24a9adb84176,1,6,8650,224
s1-step8650-f9of10-d1of2,224,C2,C6,0.007386888273314907,Q1,0.007386888273314907,0.007205513784461104,0.003446115288220586,0.004145408163265363,True,stage18-scaling-24a9adb84176,1,6,8650,224
s1-step8650-f9of10-d1of2,224,C2,C7,0.007205513784461104,Q2,0.004001231148045625,0.007205513784461104,0.001879699248120259,0.0012755102040816757,True,stage18-scaling-24a9adb84176,1,6,8650,224
s1-step8650-f9of10-d1of2,224,C2,C8,0.01307397959183676,Q4,0.001846722068328699,0.005012531328320802,0.005639097744360888,0.01307397959183676,True,stage18-scaling-24a9adb84176,1,6,8650,224
s1-step8650-f9of10-d1of2,224,C3,C4,0.004464285714285698,Q4,0.000615574022776233,0.0012531328320801727,0.002192982456140413,0.004464285714285698,True,stage18-scaling-24a9adb84176,1,6,8650,224
s1-step8650-f9of10-d1of2,224,C3,C5,0.007653061224489832,Q4,0.0009233610341643494,0.0006265664160400863,0.005952380952380931,0.007653061224489832,True,stage18-scaling-24a9adb84176,1,6,8650,224
s1-step8650-f9of10-d1of2,224,C3,C6,0.007653061224489832,Q4,0.006155740227762441,0.001879699248120259,0.0025062656641604564,0.007653061224489832,True,stage18-scaling-24a9adb84176,1,6,8650,224
s1-step8650-f9of10-d1of2,224,C3,C7,0.0027700831024931594,Q1,0.0027700831024931594,0.001879699248120259,0.0009398496240601295,0.0022321428571427937,True,stage18-scaling-24a9adb84176,1,6,8650,224
s1-step8650-f9of10-d1of2,224,C3,C8,0.01658163265306123,Q4,0.000615574022776233,0.010338345864661647,0.0046992481203007586,0.01658163265306123,True,stage18-scaling-24a9adb84176,1,6,8650,224
s1-step8650-f9of10-d1of2,224,C4,C5,0.003759398496240518,Q3,0.0003077870113881165,0.0006265664160400863,0.003759398496240518,0.0031887755102041337,True,stage18-scaling-24a9adb84176,1,6,8650,224
s1-step8650-f9of10-d1of2,224,C4,C6,0.005540166204986208,Q1,0.005540166204986208,0.0031328320802004317,0.00031328320802004317,0.0031887755102041337,True,stage18-scaling-24a9adb84176,1,6,8650,224
s1-step8650-f9of10-d1of2,224,C4,C7,0.0031328320802004317,Q2,0.0021545090797169264,0.0031328320802004317,0.0012531328320802837,0.0022321428571429047,True,stage18-scaling-24a9adb84176,1,6,8650,224
s1-step8650-f9of10-d1of2,224,C4,C8,0.01211734693877553,Q4,0.0,0.009085213032581474,0.0025062656641603454,0.01211734693877553,True,stage18-scaling-24a9adb84176,1,6,8650,224
s1-step8650-f9of10-d1of2,224,C5,C6,0.005232379193598091,Q1,0.005232379193598091,0.0025062656641603454,0.003446115288220475,0.0,True,stage18-scaling-24a9adb84176,1,6,8650,224
s1-step8650-f9of10-d1of2,224,C5,C7,0.0054209183673470385,Q4,0.00184672206832881,0.0025062656641603454,0.005012531328320802,0.0054209183673470385,True,stage18-scaling-24a9adb84176,1,6,8650,224
s1-step8650-f9of10-d1of2,224,C5,C8,0.00971177944862156,Q2,0.0003077870113881165,0.00971177944862156,0.0012531328320801727,0.008928571428571397,True,stage18-scaling-24a9adb84176,1,6,8650,224
s1-step8650-f9of10-d1of2,224,C6,C7,0.0054209183673470385,Q4,0.0033856571252692813,0.0,0.0015664160401003269,0.0054209183673470385,True,stage18-scaling-24a9adb84176,1,6,8650,224
s1-step8650-f9of10-d1of2,224,C6,C8,0.012218045112781906,Q2,0.005540166204986208,0.012218045112781906,0.002192982456140302,0.008928571428571397,True,stage18-scaling-24a9adb84176,1,6,8650,224
s1-step8650-f9of10-d1of2,224,C7,C8,0.014349489795918435,Q4,0.0021545090797169264,0.012218045112781906,0.003759398496240629,0.014349489795918435,True,stage18-scaling-24a9adb84176,1,6,8650,224
s1-step8650-f9of10-d3of4,225,C1,C2,0.007971938775510168,Q4,0.006155740227762441,0.0006265664160400863,0.002192982456140302,0.007971938775510168,True,stage18-scaling-24a9adb84176,1,6,8650,225
s1-step8650-f9of10-d3of4,225,C1,C3,0.011479591836734637,Q4,0.004924592182209975,0.0046992481203007586,0.0012531328320801727,0.011479591836734637,True,stage18-scaling-24a9adb84176,1,6,8650,225
s1-step8650-f9of10-d3of4,225,C1,C4,0.007015306122448939,Q4,0.004309018159433742,0.003446115288220586,0.0009398496240602405,0.007015306122448939,True,stage18-scaling-24a9adb84176,1,6,8650,225
s1-step8650-f9of10-d3of4,225,C1,C5,0.0046992481203007586,Q3,0.004001231148045625,0.004072681704260672,0.0046992481203007586,0.003826530612244805,True,stage18-scaling-24a9adb84176,1,6,8650,225
s1-step8650-f9of10-d3of4,225,C1,C6,0.006578947368421018,Q2,0.001231148045552466,0.006578947368421018,0.0012531328320802837,0.003826530612244805,True,stage18-scaling-24a9adb84176,1,6,8650,225
s1-step8650-f9of10-d3of4,225,C1,C7,0.009247448979591844,Q4,0.0021545090797168154,0.006578947368421018,0.00031328320802004317,0.009247448979591844,True,stage18-scaling-24a9adb84176,1,6,8650,225
s1-step8650-f9of10-d3of4,225,C1,C8,0.005639097744360888,Q2,0.004309018159433742,0.005639097744360888,0.003446115288220586,0.005102040816326592,True,stage18-scaling-24a9adb84176,1,6,8650,225
s1-step8650-f9of10-d3of4,225,C2,C3,0.005325814536340845,Q2,0.001231148045552466,0.005325814536340845,0.0009398496240601295,0.0035076530612244694,True,stage18-scaling-24a9adb84176,1,6,8650,225
s1-step8650-f9of10-d3of4,225,C2,C4,0.004072681704260672,Q2,0.001846722068328699,0.004072681704260672,0.0031328320802005427,0.000956632653061229,True,stage18-scaling-24a9adb84176,1,6,8650,225
s1-step8650-f9of10-d3of4,225,C2,C5,0.006892230576441061,Q3,0.0021545090797168154,0.0046992481203007586,0.006892230576441061,0.004145408163265363,True,stage18-scaling-24a9adb84176,1,6,8650,225
s1-step8650-f9of10-d3of4,225,C2,C6,0.007386888273314907,Q1,0.007386888273314907,0.007205513784461104,0.003446115288220586,0.004145408163265363,True,stage18-scaling-24a9adb84176,1,6,8650,225
s1-step8650-f9of10-d3of4,225,C2,C7,0.007205513784461104,Q2,0.004001231148045625,0.007205513784461104,0.001879699248120259,0.0012755102040816757,True,stage18-scaling-24a9adb84176,1,6,8650,225
s1-step8650-f9of10-d3of4,225,C2,C8,0.01307397959183676,Q4,0.001846722068328699,0.005012531328320802,0.005639097744360888,0.01307397959183676,True,stage18-scaling-24a9adb84176,1,6,8650,225
s1-step8650-f9of10-d3of4,225,C3,C4,0.004464285714285698,Q4,0.000615574022776233,0.0012531328320801727,0.002192982456140413,0.004464285714285698,True,stage18-scaling-24a9adb84176,1,6,8650,225
s1-step8650-f9of10-d3of4,225,C3,C5,0.007653061224489832,Q4,0.0009233610341643494,0.0006265664160400863,0.005952380952380931,0.007653061224489832,True,stage18-scaling-24a9adb84176,1,6,8650,225
s1-step8650-f9of10-d3of4,225,C3,C6,0.007653061224489832,Q4,0.006155740227762441,0.001879699248120259,0.0025062656641604564,0.007653061224489832,True,stage18-scaling-24a9adb84176,1,6,8650,225
s1-step8650-f9of10-d3of4,225,C3,C7,0.0027700831024931594,Q1,0.0027700831024931594,0.001879699248120259,0.0009398496240601295,0.0022321428571427937,True,stage18-scaling-24a9adb84176,1,6,8650,225
s1-step8650-f9of10-d3of4,225,C3,C8,0.01658163265306123,Q4,0.000615574022776233,0.010338345864661647,0.0046992481203007586,0.01658163265306123,True,stage18-scaling-24a9adb84176,1,6,8650,225
s1-step8650-f9of10-d3of4,225,C4,C5,0.003759398496240518,Q3,0.0003077870113881165,0.0006265664160400863,0.003759398496240518,0.0031887755102041337,True,stage18-scaling-24a9adb84176,1,6,8650,225
s1-step8650-f9of10-d3of4,225,C4,C6,0.005540166204986208,Q1,0.005540166204986208,0.0031328320802004317,0.00031328320802004317,0.0031887755102041337,True,stage18-scaling-24a9adb84176,1,6,8650,225
s1-step8650-f9of10-d3of4,225,C4,C7,0.0031328320802004317,Q2,0.0021545090797169264,0.0031328320802004317,0.0012531328320802837,0.0022321428571429047,True,stage18-scaling-24a9adb84176,1,6,8650,225
s1-step8650-f9of10-d3of4,225,C4,C8,0.01211734693877553,Q4,0.0,0.009085213032581474,0.0025062656641603454,0.01211734693877553,True,stage18-scaling-24a9adb84176,1,6,8650,225
s1-step8650-f9of10-d3of4,225,C5,C6,0.005232379193598091,Q1,0.005232379193598091,0.0025062656641603454,0.003446115288220475,0.0,True,stage18-scaling-24a9adb84176,1,6,8650,225
s1-step8650-f9of10-d3of4,225,C5,C7,0.0054209183673470385,Q4,0.00184672206832881,0.0025062656641603454,0.005012531328320802,0.0054209183673470385,True,stage18-scaling-24a9adb84176,1,6,8650,225
s1-step8650-f9of10-d3of4,225,C5,C8,0.00971177944862156,Q2,0.0003077870113881165,0.00971177944862156,0.0012531328320801727,0.008928571428571397,True,stage18-scaling-24a9adb84176,1,6,8650,225
s1-step8650-f9of10-d3of4,225,C6,C7,0.0054209183673470385,Q4,0.0033856571252692813,0.0,0.0015664160401003269,0.0054209183673470385,True,stage18-scaling-24a9adb84176,1,6,8650,225
s1-step8650-f9of10-d3of4,225,C6,C8,0.012218045112781906,Q2,0.005540166204986208,0.012218045112781906,0.002192982456140302,0.008928571428571397,True,stage18-scaling-24a9adb84176,1,6,8650,225
s1-step8650-f9of10-d3of4,225,C7,C8,0.014349489795918435,Q4,0.0021545090797169264,0.012218045112781906,0.003759398496240629,0.014349489795918435,True,stage18-scaling-24a9adb84176,1,6,8650,225
s1-step9050-f4of5-d1of4,1,C1,C2,0.019770408163265252,Q4,0.005847953216374324,0.007518796992481258,0.005012531328320802,0.019770408163265252,True,stage18-scaling-24a9adb84176,1,7,9050,235
s1-step9050-f4of5-d1of4,1,C1,C3,0.0736607142857143,Q4,0.03447214527546938,0.020676691729323293,0.020050125313283207,0.0736607142857143,False,stage18-scaling-24a9adb84176,1,7,9050,235
s1-step9050-f4of5-d1of4,1,C2,C3,0.05389030612244905,Q4,0.028624192059095055,0.013157894736842035,0.015037593984962405,0.05389030612244905,False,stage18-scaling-24a9adb84176,1,7,9050,235
s1-step9050-f4of5-d1of2,2,C1,C2,0.019770408163265252,Q4,0.005847953216374324,0.007518796992481258,0.005012531328320802,0.019770408163265252,True,stage18-scaling-24a9adb84176,1,7,9050,236
s1-step9050-f4of5-d1of2,2,C1,C3,0.0736607142857143,Q4,0.03447214527546938,0.020676691729323293,0.020050125313283207,0.0736607142857143,False,stage18-scaling-24a9adb84176,1,7,9050,236
s1-step9050-f4of5-d1of2,2,C1,C4,0.043048469387755084,Q4,0.004924592182209864,0.023809523809523836,0.023496240601503793,0.043048469387755084,False,stage18-scaling-24a9adb84176,1,7,9050,236
s1-step9050-f4of5-d1of2,2,C1,C5,0.06377551020408156,Q4,0.01415820252385347,0.025689223057644095,0.023496240601503793,0.06377551020408156,False,stage18-scaling-24a9adb84176,1,7,9050,236
s1-step9050-f4of5-d1of2,2,C1,C6,0.042091836734693855,Q4,0.015389350569405935,0.013784461152882233,0.013157894736842146,0.042091836734693855,False,stage18-scaling-24a9adb84176,1,7,9050,236
s1-step9050-f4of5-d1of2,2,C2,C3,0.05389030612244905,Q4,0.028624192059095055,0.013157894736842035,0.015037593984962405,0.05389030612244905,False,stage18-scaling-24a9adb84176,1,7,9050,236
s1-step9050-f4of5-d1of2,2,C2,C4,0.023278061224489832,Q4,0.010772545398584188,0.016290726817042578,0.01848370927318299,0.023278061224489832,False,stage18-scaling-24a9adb84176,1,7,9050,236
s1-step9050-f4of5-d1of2,2,C2,C5,0.04400510204081631,Q4,0.008310249307479145,0.018170426065162837,0.01848370927318299,0.04400510204081631,False,stage18-scaling-24a9adb84176,1,7,9050,236
s1-step9050-f4of5-d1of2,2,C2,C6,0.022321428571428603,Q4,0.009541397353031611,0.006265664160400974,0.008145363408521344,0.022321428571428603,False,stage18-scaling-24a9adb84176,1,7,9050,236
s1-step9050-f4of5-d1of2,2,C3,C4,0.03939673745767924,Q1,0.03939673745767924,0.0031328320802005427,0.003446115288220586,0.030612244897959218,True,stage18-scaling-24a9adb84176,1,7,9050,236
s1-step9050-f4of5-d1of2,2,C3,C5,0.02031394275161591,Q1,0.02031394275161591,0.005012531328320802,0.003446115288220586,0.009885204081632737,True,stage18-scaling-24a9adb84176,1,7,9050,236
s1-step9050-f4of5-d1of2,2,C3,C6,0.03156887755102045,Q4,0.019082794706063444,0.006892230576441061,0.006892230576441061,0.03156887755102045,True,stage18-scaling-24a9adb84176,1,7,9050,236
s1-step9050-f4of5-d1of2,2,C4,C5,0.02072704081632648,Q4,0.019082794706063333,0.001879699248120259,0.0,0.02072704081632648,True,stage18-scaling-24a9adb84176,1,7,9050,236
s1-step9050-f4of5-d1of2,2,C4,C6,0.0203139427516158,Q1,0.0203139427516158,0.010025062656641603,0.010338345864661647,0.000956632653061229,True,stage18-scaling-24a9adb84176,1,7,9050,236
s1-step9050-f4of5-d1of2,2,C5,C6,0.02168367346938771,Q4,0.001231148045552466,0.011904761904761862,0.010338345864661647,0.02168367346938771,True,stage18-scaling-24a9adb84176,1,7,9050,236
s1-step9050-f4of5-d3of4,3,C1,C2,0.019770408163265252,Q4,0.005847953216374324,0.007518796992481258,0.005012531328320802,0.019770408163265252,True,stage18-scaling-24a9adb84176,1,7,9050,237
s1-step9050-f4of5-d3of4,3,C1,C3,0.0736607142857143,Q4,0.03447214527546938,0.020676691729323293,0.020050125313283207,0.0736607142857143,False,stage18-scaling-24a9adb84176,1,7,9050,237
s1-step9050-f4of5-d3of4,3,C1,C4,0.043048469387755084,Q4,0.004924592182209864,0.023809523809523836,0.023496240601503793,0.043048469387755084,False,stage18-scaling-24a9adb84176,1,7,9050,237
s1-step9050-f4of5-d3of4,3,C1,C5,0.06377551020408156,Q4,0.01415820252385347,0.025689223057644095,0.023496240601503793,0.06377551020408156,False,stage18-scaling-24a9adb84176,1,7,9050,237
s1-step9050-f4of5-d3of4,3,C1,C6,0.042091836734693855,Q4,0.015389350569405935,0.013784461152882233,0.013157894736842146,0.042091836734693855,False,stage18-scaling-24a9adb84176,1,7,9050,237
s1-step9050-f4of5-d3of4,3,C2,C3,0.05389030612244905,Q4,0.028624192059095055,0.013157894736842035,0.015037593984962405,0.05389030612244905,False,stage18-scaling-24a9adb84176,1,7,9050,237
s1-step9050-f4of5-d3of4,3,C2,C4,0.023278061224489832,Q4,0.010772545398584188,0.016290726817042578,0.01848370927318299,0.023278061224489832,False,stage18-scaling-24a9adb84176,1,7,9050,237
s1-step9050-f4of5-d3of4,3,C2,C5,0.04400510204081631,Q4,0.008310249307479145,0.018170426065162837,0.01848370927318299,0.04400510204081631,False,stage18-scaling-24a9adb84176,1,7,9050,237
s1-step9050-f4of5-d3of4,3,C2,C6,0.022321428571428603,Q4,0.009541397353031611,0.006265664160400974,0.008145363408521344,0.022321428571428603,False,stage18-scaling-24a9adb84176,1,7,9050,237
s1-step9050-f4of5-d3of4,3,C3,C4,0.03939673745767924,Q1,0.03939673745767924,0.0031328320802005427,0.003446115288220586,0.030612244897959218,True,stage18-scaling-24a9adb84176,1,7,9050,237
s1-step9050-f4of5-d3of4,3,C3,C5,0.02031394275161591,Q1,0.02031394275161591,0.005012531328320802,0.003446115288220586,0.009885204081632737,True,stage18-scaling-24a9adb84176,1,7,9050,237
s1-step9050-f4of5-d3of4,3,C3,C6,0.03156887755102045,Q4,0.019082794706063444,0.006892230576441061,0.006892230576441061,0.03156887755102045,True,stage18-scaling-24a9adb84176,1,7,9050,237
s1-step9050-f4of5-d3of4,3,C4,C5,0.02072704081632648,Q4,0.019082794706063333,0.001879699248120259,0.0,0.02072704081632648,True,stage18-scaling-24a9adb84176,1,7,9050,237
s1-step9050-f4of5-d3of4,3,C4,C6,0.0203139427516158,Q1,0.0203139427516158,0.010025062656641603,0.010338345864661647,0.000956632653061229,True,stage18-scaling-24a9adb84176,1,7,9050,237
s1-step9050-f4of5-d3of4,3,C5,C6,0.02168367346938771,Q4,0.001231148045552466,0.011904761904761862,0.010338345864661647,0.02168367346938771,True,stage18-scaling-24a9adb84176,1,7,9050,237
s1-step9050-f17of20-d1of4,4,C1,C2,0.034438775510204134,Q4,0.008925823330255489,0.015977443609022535,0.01159147869674182,0.034438775510204134,True,stage18-scaling-24a9adb84176,1,7,9050,238
s1-step9050-f17of20-d1of2,5,C1,C2,0.034438775510204134,Q4,0.008925823330255489,0.015977443609022535,0.01159147869674182,0.034438775510204134,False,stage18-scaling-24a9adb84176,1,7,9050,239
s1-step9050-f17of20-d1of2,5,C1,C3,0.07684948979591844,Q4,0.052631578947368474,0.013471177944862078,0.011278195488721776,0.07684948979591844,False,stage18-scaling-24a9adb84176,1,7,9050,239
s1-step9050-f17of20-d1of2,5,C1,C4,0.04878826530612246,Q4,0.017851646660510978,0.014411027568922208,0.015037593984962405,0.04878826530612246,False,stage18-scaling-24a9adb84176,1,7,9050,239
s1-step9050-f17of20-d1of2,5,C1,C5,0.04783163265306123,Q4,0.006155740227762441,0.022556390977443552,0.021929824561403466,0.04783163265306123,False,stage18-scaling-24a9adb84176,1,7,9050,239
s1-step9050-f17of20-d1of2,5,C1,C6,0.056122448979591844,Q4,0.00707910126192679,0.02318295739348364,0.01848370927318299,0.056122448979591844,False,stage18-scaling-24a9adb84176,1,7,9050,239
s1-step9050-f17of20-d1of2,5,C2,C3,0.043705755617112985,Q1,0.043705755617112985,0.0025062656641604564,0.00031328320802004317,0.0424107142857143,True,stage18-scaling-24a9adb84176,1,7,9050,239
s1-step9050-f17of20-d1of2,5,C2,C4,0.014349489795918324,Q4,0.008925823330255489,0.0015664160401003269,0.003446115288220586,0.014349489795918324,True,stage18-scaling-24a9adb84176,1,7,9050,239
s1-step9050-f17of20-d1of2,5,C2,C5,0.013392857142857095,Q4,0.0027700831024930483,0.006578947368421018,0.010338345864661647,0.013392857142857095,True,stage18-scaling-24a9adb84176,1,7,9050,239
s1-step9050-f17of20-d1of2,5,C2,C6,0.02168367346938771,Q4,0.001846722068328699,0.007205513784461104,0.006892230576441172,0.02168367346938771,True,stage18-scaling-24a9adb84176,1,7,9050,239
s1-step9050-f17of20-d1of2,5,C3,C4,0.034779932286857496,Q1,0.034779932286857496,0.0009398496240601295,0.003759398496240629,0.028061224489795977,True,stage18-scaling-24a9adb84176,1,7,9050,239
s1-step9050-f17of20-d1of2,5,C3,C5,0.04647583871960603,Q1,0.04647583871960603,0.009085213032581474,0.01065162907268169,0.029017857142857206,True,stage18-scaling-24a9adb84176,1,7,9050,239
s1-step9050-f17of20-d1of2,5,C3,C6,0.045552477685441684,Q1,0.045552477685441684,0.00971177944862156,0.007205513784461215,0.020727040816326592,True,stage18-scaling-24a9adb84176,1,7,9050,239
s1-step9050-f17of20-d1of2,5,C4,C5,0.011695906432748537,Q1,0.011695906432748537,0.008145363408521344,0.006892230576441061,0.000956632653061229,True,stage18-scaling-24a9adb84176,1,7,9050,239
s1-step9050-f17of20-d1of2,5,C4,C6,0.010772545398584188,Q1,0.010772545398584188,0.00877192982456143,0.003446115288220586,0.0073341836734693855,True,stage18-scaling-24a9adb84176,1,7,9050,239
s1-step9050-f17of20-d1of2,5,C5,C6,0.008290816326530615,Q4,0.0009233610341643494,0.0006265664160400863,0.003446115288220475,0.008290816326530615,True,stage18-scaling-24a9adb84176,1,7,9050,239
s1-step9050-f17of20-d3of4,6,C1,C2,0.034438775510204134,Q4,0.008925823330255489,0.015977443609022535,0.01159147869674182,0.034438775510204134,False,stage18-scaling-24a9adb84176,1,7,9050,240
s1-step9050-f17of20-d3of4,6,C1,C3,0.07684948979591844,Q4,0.052631578947368474,0.013471177944862078,0.011278195488721776,0.07684948979591844,False,stage18-scaling-24a9adb84176,1,7,9050,240
s1-step9050-f17of20-d3of4,6,C1,C4,0.04878826530612246,Q4,0.017851646660510978,0.014411027568922208,0.015037593984962405,0.04878826530612246,False,stage18-scaling-24a9adb84176,1,7,9050,240
s1-step9050-f17of20-d3of4,6,C1,C5,0.04783163265306123,Q4,0.006155740227762441,0.022556390977443552,0.021929824561403466,0.04783163265306123,False,stage18-scaling-24a9adb84176,1,7,9050,240
s1-step9050-f17of20-d3of4,6,C1,C6,0.056122448979591844,Q4,0.00707910126192679,0.02318295739348364,0.01848370927318299,0.056122448979591844,False,stage18-scaling-24a9adb84176,1,7,9050,240
s1-step9050-f17of20-d3of4,6,C2,C3,0.043705755617112985,Q1,0.043705755617112985,0.0025062656641604564,0.00031328320802004317,0.0424107142857143,True,stage18-scaling-24a9adb84176,1,7,9050,240
s1-step9050-f17of20-d3of4,6,C2,C4,0.014349489795918324,Q4,0.008925823330255489,0.0015664160401003269,0.003446115288220586,0.014349489795918324,True,stage18-scaling-24a9adb84176,1,7,9050,240
s1-step9050-f17of20-d3of4,6,C2,C5,0.013392857142857095,Q4,0.0027700831024930483,0.006578947368421018,0.010338345864661647,0.013392857142857095,True,stage18-scaling-24a9adb84176,1,7,9050,240
s1-step9050-f17of20-d3of4,6,C2,C6,0.02168367346938771,Q4,0.001846722068328699,0.007205513784461104,0.006892230576441172,0.02168367346938771,True,stage18-scaling-24a9adb84176,1,7,9050,240
s1-step9050-f17of20-d3of4,6,C3,C4,0.034779932286857496,Q1,0.034779932286857496,0.0009398496240601295,0.003759398496240629,0.028061224489795977,True,stage18-scaling-24a9adb84176,1,7,9050,240
s1-step9050-f17of20-d3of4,6,C3,C5,0.04647583871960603,Q1,0.04647583871960603,0.009085213032581474,0.01065162907268169,0.029017857142857206,True,stage18-scaling-24a9adb84176,1,7,9050,240
s1-step9050-f17of20-d3of4,6,C3,C6,0.045552477685441684,Q1,0.045552477685441684,0.00971177944862156,0.007205513784461215,0.020727040816326592,True,stage18-scaling-24a9adb84176,1,7,9050,240
s1-step9050-f17of20-d3of4,6,C4,C5,0.011695906432748537,Q1,0.011695906432748537,0.008145363408521344,0.006892230576441061,0.000956632653061229,True,stage18-scaling-24a9adb84176,1,7,9050,240
s1-step9050-f17of20-d3of4,6,C4,C6,0.010772545398584188,Q1,0.010772545398584188,0.00877192982456143,0.003446115288220586,0.0073341836734693855,True,stage18-scaling-24a9adb84176,1,7,9050,240
s1-step9050-f17of20-d3of4,6,C5,C6,0.008290816326530615,Q4,0.0009233610341643494,0.0006265664160400863,0.003446115288220475,0.008290816326530615,True,stage18-scaling-24a9adb84176,1,7,9050,240
s1-step9050-f9of10-d1of4,7,C1,C2,0.01721938775510201,Q4,0.0033856571252693923,0.014097744360902276,0.007205513784461104,0.01721938775510201,True,stage18-scaling-24a9adb84176,1,7,9050,241
s1-step9050-f9of10-d1of4,7,C1,C3,0.019082794706063444,Q1,0.019082794706063444,0.018170426065162948,0.015350877192982448,0.014030612244897989,True,stage18-scaling-24a9adb84176,1,7,9050,241
s1-step9050-f9of10-d1of4,7,C2,C3,0.01569713758079405,Q1,0.01569713758079405,0.004072681704260672,0.008145363408521344,0.0031887755102040227,True,stage18-scaling-24a9adb84176,1,7,9050,241
s1-step9050-f9of10-d1of2,8,C1,C2,0.01721938775510201,Q4,0.0033856571252693923,0.014097744360902276,0.007205513784461104,0.01721938775510201,True,stage18-scaling-24a9adb84176,1,7,9050,242
s1-step9050-f9of10-d1of2,8,C1,C3,0.019082794706063444,Q1,0.019082794706063444,0.018170426065162948,0.015350877192982448,0.014030612244897989,True,stage18-scaling-24a9adb84176,1,7,9050,242
s1-step9050-f9of10-d1of2,8,C1,C4,0.010464758387196071,Q1,0.010464758387196071,0.0012531328320801727,0.001879699248120259,0.00956632653061229,True,stage18-scaling-24a9adb84176,1,7,9050,242
s1-step9050-f9of10-d1of2,8,C1,C5,0.022468451831332725,Q1,0.022468451831332725,0.006892230576441172,0.0046992481203007586,0.011798469387755084,True,stage18-scaling-24a9adb84176,1,7,9050,242
s1-step9050-f9of10-d1of2,8,C1,C6,0.011695906432748537,Q1,0.011695906432748537,0.011278195488721776,0.006578947368421018,0.0054209183673469274,True,stage18-scaling-24a9adb84176,1,7,9050,242
s1-step9050-f9of10-d1of2,8,C1,C7,0.02554632194521389,Q1,0.02554632194521389,0.01660401002506262,0.011278195488721776,0.005102040816326481,True,stage18-scaling-24a9adb84176,1,7,9050,242
s1-step9050-f9of10-d1of2,8,C2,C3,0.01569713758079405,Q1,0.01569713758079405,0.004072681704260672,0.008145363408521344,0.0031887755102040227,True,stage18-scaling-24a9adb84176,1,7,9050,242
s1-step9050-f9of10-d1of2,8,C2,C4,0.013850415512465464,Q1,0.013850415512465464,0.012844611528822103,0.009085213032581363,0.007653061224489721,True,stage18-scaling-24a9adb84176,1,7,9050,242
s1-step9050-f9of10-d1of2,8,C2,C5,0.029017857142857095,Q4,0.019082794706063333,0.007205513784461104,0.0025062656641603454,0.029017857142857095,True,stage18-scaling-24a9adb84176,1,7,9050,242
s1-step9050-f9of10-d1of2,8,C2,C6,0.011798469387755084,Q4,0.008310249307479145,0.0028195488721804995,0.0006265664160400863,0.011798469387755084,True,stage18-scaling-24a9adb84176,1,7,9050,242
s1-step9050-f9of10-d1of2,8,C2,C7,0.022160664819944498,Q1,0.022160664819944498,0.0025062656641603454,0.004072681704260672,0.01211734693877553,True,stage18-scaling-24a9adb84176,1,7,9050,242
s1-step9050-f9of10-d1of2,8,C3,C4,0.029547553093259515,Q1,0.029547553093259515,0.016917293233082775,0.017230576441102707,0.004464285714285698,True,stage18-scaling-24a9adb84176,1,7,9050,242
s1-step9050-f9of10-d1of2,8,C3,C5,0.025829081632653073,Q4,0.0033856571252692813,0.011278195488721776,0.01065162907268169,0.025829081632653073,True,stage18-scaling-24a9adb84176,1,7,9050,242
s1-step9050-f9of10-d1of2,8,C3,C6,0.00877192982456143,Q3,0.007386888273314907,0.006892230576441172,0.00877192982456143,0.008609693877551061,True,stage18-scaling-24a9adb84176,1,7,9050,242
s1-step9050-f9of10-d1of2,8,C3,C7,0.008928571428571508,Q4,0.006463527239150446,0.0015664160401003269,0.004072681704260672,0.008928571428571508,True,stage18-scaling-24a9adb84176,1,7,9050,242
s1-step9050-f9of10-d1of2,8,C4,C5,0.0329332102185288,Q1,0.0329332102185288,0.005639097744360999,0.006578947368421018,0.021364795918367374,True,stage18-scaling-24a9adb84176,1,7,9050,242
s1-step9050-f9of10-d1of2,8,C4,C6,0.02216066481994461,Q1,0.02216066481994461,0.010025062656641603,0.008458646616541277,0.004145408163265363,True,stage18-scaling-24a9adb84176,1,7,9050,242
s1-step9050-f9of10-d1of2,8,C4,C7,0.03601108033240996,Q1,0.03601108033240996,0.015350877192982448,0.013157894736842035,0.0044642857142858094,True,stage18-scaling-24a9adb84176,1,7,9050,242
s1-step9050-f9of10-d1of2,8,C5,C6,0.01721938775510201,Q4,0.010772545398584188,0.004385964912280604,0.001879699248120259,0.01721938775510201,True,stage18-scaling-24a9adb84176,1,7,9050,242
s1-step9050-f9of10-d1of2,8,C5,C7,0.016900510204081565,Q4,0.003077870113881165,0.00971177944862145,0.006578947368421018,0.016900510204081565,True,stage18-scaling-24a9adb84176,1,7,9050,242
s1-step9050-f9of10-d1of2,8,C6,C7,0.013850415512465353,Q1,0.013850415512465353,0.005325814536340845,0.0046992481203007586,0.0003188775510204467,True,stage18-scaling-24a9adb84176,1,7,9050,242
s1-step9050-f9of10-d3of4,9,C1,C2,0.01721938775510201,Q4,0.0033856571252693923,0.014097744360902276,0.007205513784461104,0.01721938775510201,True,stage18-scaling-24a9adb84176,1,7,9050,243
s1-step9050-f9of10-d3of4,9,C1,C3,0.019082794706063444,Q1,0.019082794706063444,0.018170426065162948,0.015350877192982448,0.014030612244897989,True,stage18-scaling-24a9adb84176,1,7,9050,243
s1-step9050-f9of10-d3of4,9,C1,C4,0.010464758387196071,Q1,0.010464758387196071,0.0012531328320801727,0.001879699248120259,0.00956632653061229,True,stage18-scaling-24a9adb84176,1,7,9050,243
s1-step9050-f9of10-d3of4,9,C1,C5,0.022468451831332725,Q1,0.022468451831332725,0.006892230576441172,0.0046992481203007586,0.011798469387755084,True,stage18-scaling-24a9adb84176,1,7,9050,243
s1-step9050-f9of10-d3of4,9,C1,C6,0.011695906432748537,Q1,0.011695906432748537,0.011278195488721776,0.006578947368421018,0.0054209183673469274,True,stage18-scaling-24a9adb84176,1,7,9050,243
s1-step9050-f9of10-d3of4,9,C1,C7,0.02554632194521389,Q1,0.02554632194521389,0.01660401002506262,0.011278195488721776,0.005102040816326481,True,stage18-scaling-24a9adb84176,1,7,9050,243
s1-step9050-f9of10-d3of4,9,C2,C3,0.01569713758079405,Q1,0.01569713758079405,0.004072681704260672,0.008145363408521344,0.0031887755102040227,True,stage18-scaling-24a9adb84176,1,7,9050,243
s1-step9050-f9of10-d3of4,9,C2,C4,0.013850415512465464,Q1,0.013850415512465464,0.012844611528822103,0.009085213032581363,0.007653061224489721,True,stage18-scaling-24a9adb84176,1,7,9050,243
s1-step9050-f9of10-d3of4,9,C2,C5,0.029017857142857095,Q4,0.019082794706063333,0.007205513784461104,0.0025062656641603454,0.029017857142857095,True,stage18-scaling-24a9adb84176,1,7,9050,243
s1-step9050-f9of10-d3of4,9,C2,C6,0.011798469387755084,Q4,0.008310249307479145,0.0028195488721804995,0.0006265664160400863,0.011798469387755084,True,stage18-scaling-24a9adb84176,1,7,9050,243
s1-step9050-f9of10-d3of4,9,C2,C7,0.022160664819944498,Q1,0.022160664819944498,0.0025062656641603454,0.004072681704260672,0.01211734693877553,True,stage18-scaling-24a9adb84176,1,7,9050,243
s1-step9050-f9of10-d3of4,9,C3,C4,0.029547553093259515,Q1,0.029547553093259515,0.016917293233082775,0.017230576441102707,0.004464285714285698,True,stage18-scaling-24a9adb84176,1,7,9050,243
s1-step9050-f9of10-d3of4,9,C3,C5,0.025829081632653073,Q4,0.0033856571252692813,0.011278195488721776,0.01065162907268169,0.025829081632653073,True,stage18-scaling-24a9adb84176,1,7,9050,243
s1-step9050-f9of10-d3of4,9,C3,C6,0.00877192982456143,Q3,0.007386888273314907,0.006892230576441172,0.00877192982456143,0.008609693877551061,True,stage18-scaling-24a9adb84176,1,7,9050,243
s1-step9050-f9of10-d3of4,9,C3,C7,0.008928571428571508,Q4,0.006463527239150446,0.0015664160401003269,0.004072681704260672,0.008928571428571508,True,stage18-scaling-24a9adb84176,1,7,9050,243
s1-step9050-f9of10-d3of4,9,C4,C5,0.0329332102185288,Q1,0.0329332102185288,0.005639097744360999,0.006578947368421018,0.021364795918367374,True,stage18-scaling-24a9adb84176,1,7,9050,243
s1-step9050-f9of10-d3of4,9,C4,C6,0.02216066481994461,Q1,0.02216066481994461,0.010025062656641603,0.008458646616541277,0.004145408163265363,True,stage18-scaling-24a9adb84176,1,7,9050,243
s1-step9050-f9of10-d3of4,9,C4,C7,0.03601108033240996,Q1,0.03601108033240996,0.015350877192982448,0.013157894736842035,0.0044642857142858094,True,stage18-scaling-24a9adb84176,1,7,9050,243
s1-step9050-f9of10-d3of4,9,C5,C6,0.01721938775510201,Q4,0.010772545398584188,0.004385964912280604,0.001879699248120259,0.01721938775510201,True,stage18-scaling-24a9adb84176,1,7,9050,243
s1-step9050-f9of10-d3of4,9,C5,C7,0.016900510204081565,Q4,0.003077870113881165,0.00971177944862145,0.006578947368421018,0.016900510204081565,True,stage18-scaling-24a9adb84176,1,7,9050,243
s1-step9050-f9of10-d3of4,9,C6,C7,0.013850415512465353,Q1,0.013850415512465353,0.005325814536340845,0.0046992481203007586,0.0003188775510204467,True,stage18-scaling-24a9adb84176,1,7,9050,243
s1-step9050-f19of20-d1of4,10,C1,C2,0.006463527239150446,Q1,0.006463527239150446,0.003446115288220475,0.0006265664160400863,0.0006377551020408934,True,stage18-scaling-24a9adb84176,1,7,9050,244
s1-step9050-f19of20-d1of4,10,C1,C3,0.007653061224489832,Q4,0.001231148045552466,0.0015664160401002158,0.003759398496240518,0.007653061224489832,True,stage18-scaling-24a9adb84176,1,7,9050,244
s1-step9050-f19of20-d1of4,10,C1,C4,0.007971938775510279,Q4,0.0,0.0025062656641603454,0.005325814536340845,0.007971938775510279,True,stage18-scaling-24a9adb84176,1,7,9050,244
s1-step9050-f19of20-d1of4,10,C2,C3,0.007015306122448939,Q4,0.00523237919359798,0.001879699248120259,0.0031328320802004317,0.007015306122448939,True,stage18-scaling-24a9adb84176,1,7,9050,244
s1-step9050-f19of20-d1of4,10,C2,C4,0.0073341836734693855,Q4,0.006463527239150446,0.0009398496240601295,0.0046992481203007586,0.0073341836734693855,True,stage18-scaling-24a9adb84176,1,7,9050,244
s1-step9050-f19of20-d1of4,10,C3,C4,0.0015664160401003269,Q3,0.001231148045552466,0.0009398496240601295,0.0015664160401003269,0.0003188775510204467,True,stage18-scaling-24a9adb84176,1,7,9050,244
s1-step9050-f19of20-d1of2,11,C1,C2,0.006463527239150446,Q1,0.006463527239150446,0.003446115288220475,0.0006265664160400863,0.0006377551020408934,True,stage18-scaling-24a9adb84176,1,7,9050,245
s1-step9050-f19of20-d1of2,11,C1,C3,0.007653061224489832,Q4,0.001231148045552466,0.0015664160401002158,0.003759398496240518,0.007653061224489832,True,stage18-scaling-24a9adb84176,1,7,9050,245
s1-step9050-f19of20-d1of2,11,C1,C4,0.007971938775510279,Q4,0.0,0.0025062656641603454,0.005325814536340845,0.007971938775510279,True,stage18-scaling-24a9adb84176,1,7,9050,245
s1-step9050-f19of20-d1of2,11,C1,C5,0.010772545398584188,Q1,0.010772545398584188,0.007518796992481147,0.007518796992481147,0.00701530612244905,True,stage18-scaling-24a9adb84176,1,7,9050,245
s1-step9050-f19of20-d1of2,11,C1,C6,0.00956632653061218,Q4,0.003077870113881165,0.004072681704260672,0.005325814536340956,0.00956632653061218,True,stage18-scaling-24a9adb84176,1,7,9050,245
s1-step9050-f19of20-d1of2,11,C1,C7,0.008928571428571508,Q4,0.0009233610341643494,0.0028195488721803885,0.003446115288220475,0.008928571428571508,True,stage18-scaling-24a9adb84176,1,7,9050,245
s1-step9050-f19of20-d1of2,11,C2,C3,0.007015306122448939,Q4,0.00523237919359798,0.001879699248120259,0.0031328320802004317,0.007015306122448939,True,stage18-scaling-24a9adb84176,1,7,9050,245
s1-step9050-f19of20-d1of2,11,C2,C4,0.0073341836734693855,Q4,0.006463527239150446,0.0009398496240601295,0.0046992481203007586,0.0073341836734693855,True,stage18-scaling-24a9adb84176,1,7,9050,245
s1-step9050-f19of20-d1of2,11,C2,C5,0.006892230576441061,Q3,0.004309018159433742,0.004072681704260672,0.006892230576441061,0.0063775510204081565,True,stage18-scaling-24a9adb84176,1,7,9050,245
s1-step9050-f19of20-d1of2,11,C2,C6,0.010204081632653073,Q4,0.0033856571252692813,0.007518796992481147,0.005952380952381042,0.010204081632653073,True,stage18-scaling-24a9adb84176,1,7,9050,245
s1-step9050-f19of20-d1of2,11,C2,C7,0.008290816326530615,Q4,0.007386888273314796,0.0006265664160400863,0.0028195488721803885,0.008290816326530615,True,stage18-scaling-24a9adb84176,1,7,9050,245
s1-step9050-f19of20-d1of2,11,C3,C4,0.0015664160401003269,Q3,0.001231148045552466,0.0009398496240601295,0.0015664160401003269,0.0003188775510204467,True,stage18-scaling-24a9adb84176,1,7,9050,245
s1-step9050-f19of20-d1of2,11,C3,C5,0.009541397353031722,Q1,0.009541397353031722,0.005952380952380931,0.003759398496240629,0.0006377551020407823,True,stage18-scaling-24a9adb84176,1,7,9050,245
s1-step9050-f19of20-d1of2,11,C3,C6,0.01721938775510201,Q4,0.001846722068328699,0.005639097744360888,0.009085213032581474,0.01721938775510201,True,stage18-scaling-24a9adb84176,1,7,9050,245
s1-step9050-f19of20-d1of2,11,C3,C7,0.0021545090797168154,Q1,0.0021545090797168154,0.0012531328320801727,0.00031328320802004317,0.0012755102040816757,True,stage18-scaling-24a9adb84176,1,7,9050,245
s1-step9050-f19of20-d1of2,11,C4,C5,0.010772545398584188,Q1,0.010772545398584188,0.005012531328320802,0.002192982456140302,0.000956632653061229,True,stage18-scaling-24a9adb84176,1,7,9050,245
s1-step9050-f19of20-d1of2,11,C4,C6,0.017538265306122458,Q4,0.003077870113881165,0.006578947368421018,0.0106516290726818,0.017538265306122458,True,stage18-scaling-24a9adb84176,1,7,9050,245
s1-step9050-f19of20-d1of2,11,C4,C7,0.00187969924812037,Q3,0.0009233610341643494,0.00031328320802004317,0.00187969924812037,0.000956632653061229,True,stage18-scaling-24a9adb84176,1,7,9050,245
s1-step9050-f19of20-d1of2,11,C5,C6,0.01658163265306123,Q4,0.007694675284703023,0.01159147869674182,0.012844611528822103,0.01658163265306123,True,stage18-scaling-24a9adb84176,1,7,9050,245
s1-step9050-f19of20-d1of2,11,C5,C7,0.011695906432748537,Q1,0.011695906432748537,0.0046992481203007586,0.004072681704260672,0.001913265306122458,True,stage18-scaling-24a9adb84176,1,7,9050,245
s1-step9050-f19of20-d1of2,11,C6,C7,0.018494897959183687,Q4,0.004001231148045514,0.006892230576441061,0.00877192982456143,0.018494897959183687,True,stage18-scaling-24a9adb84176,1,7,9050,245
s1-step9050-f19of20-d3of4,12,C1,C2,0.006463527239150446,Q1,0.006463527239150446,0.003446115288220475,0.0006265664160400863,0.0006377551020408934,True,stage18-scaling-24a9adb84176,1,7,9050,246
s1-step9050-f19of20-d3of4,12,C1,C3,0.007653061224489832,Q4,0.001231148045552466,0.0015664160401002158,0.003759398496240518,0.007653061224489832,True,stage18-scaling-24a9adb84176,1,7,9050,246
s1-step9050-f19of20-d3of4,12,C1,C4,0.007971938775510279,Q4,0.0,0.0025062656641603454,0.005325814536340845,0.007971938775510279,True,stage18-scaling-24a9adb84176,1,7,9050,246
s1-step9050-f19of20-d3of4,12,C1,C5,0.010772545398584188,Q1,0.010772545398584188,0.007518796992481147,0.007518796992481147,0.00701530612244905,True,stage18-scaling-24a9adb84176,1,7,9050,246
s1-step9050-f19of20-d3of4,12,C1,C6,0.00956632653061218,Q4,0.003077870113881165,0.004072681704260672,0.005325814536340956,0.00956632653061218,True,stage18-scaling-24a9adb84176,1,7,9050,246
s1-step9050-f19of20-d3of4,12,C1,C7,0.008928571428571508,Q4,0.0009233610341643494,0.0028195488721803885,0.003446115288220475,0.008928571428571508,True,stage18-scaling-24a9adb84176,1,7,9050,246
s1-step9050-f19of20-d3of4,12,C2,C3,0.007015306122448939,Q4,0.00523237919359798,0.001879699248120259,0.0031328320802004317,0.007015306122448939,True,stage18-scaling-24a9adb84176,1,7,9050,246
s1-step9050-f19of20-d3of4,12,C2,C4,0.0073341836734693855,Q4,0.006463527239150446,0.0009398496240601295,0.0046992481203007586,0.0073341836734693855,True,stage18-scaling-24a9adb84176,1,7,9050,246
s1-step9050-f19of20-d3of4,12,C2,C5,0.006892230576441061,Q3,0.004309018159433742,0.004072681704260672,0.006892230576441061,0.0063775510204081565,True,stage18-scaling-24a9adb84176,1,7,9050,246
s1-step9050-f19of20-d3of4,12,C2,C6,0.010204081632653073,Q4,0.0033856571252692813,0.007518796992481147,0.005952380952381042,0.010204081632653073,True,stage18-scaling-24a9adb84176,1,7,9050,246
s1-step9050-f19of20-d3of4,12,C2,C7,0.008290816326530615,Q4,0.007386888273314796,0.0006265664160400863,0.0028195488721803885,0.008290816326530615,True,stage18-scaling-24a9adb84176,1,7,9050,246
s1-step9050-f19of20-d3of4,12,C3,C4,0.0015664160401003269,Q3,0.001231148045552466,0.0009398496240601295,0.0015664160401003269,0.0003188775510204467,True,stage18-scaling-24a9adb84176,1,7,9050,246
s1-step9050-f19of20-d3of4,12,C3,C5,0.009541397353031722,Q1,0.009541397353031722,0.005952380952380931,0.003759398496240629,0.0006377551020407823,True,stage18-scaling-24a9adb84176,1,7,9050,246
s1-step9050-f19of20-d3of4,12,C3,C6,0.01721938775510201,Q4,0.001846722068328699,0.005639097744360888,0.009085213032581474,0.01721938775510201,True,stage18-scaling-24a9adb84176,1,7,9050,246
s1-step9050-f19of20-d3of4,12,C3,C7,0.0021545090797168154,Q1,0.0021545090797168154,0.0012531328320801727,0.00031328320802004317,0.0012755102040816757,True,stage18-scaling-24a9adb84176,1,7,9050,246
s1-step9050-f19of20-d3of4,12,C4,C5,0.010772545398584188,Q1,0.010772545398584188,0.005012531328320802,0.002192982456140302,0.000956632653061229,True,stage18-scaling-24a9adb84176,1,7,9050,246
s1-step9050-f19of20-d3of4,12,C4,C6,0.017538265306122458,Q4,0.003077870113881165,0.006578947368421018,0.0106516290726818,0.017538265306122458,True,stage18-scaling-24a9adb84176,1,7,9050,246
s1-step9050-f19of20-d3of4,12,C4,C7,0.00187969924812037,Q3,0.0009233610341643494,0.00031328320802004317,0.00187969924812037,0.000956632653061229,True,stage18-scaling-24a9adb84176,1,7,9050,246
s1-step9050-f19of20-d3of4,12,C5,C6,0.01658163265306123,Q4,0.007694675284703023,0.01159147869674182,0.012844611528822103,0.01658163265306123,True,stage18-scaling-24a9adb84176,1,7,9050,246
s1-step9050-f19of20-d3of4,12,C5,C7,0.011695906432748537,Q1,0.011695906432748537,0.0046992481203007586,0.004072681704260672,0.001913265306122458,True,stage18-scaling-24a9adb84176,1,7,9050,246
s1-step9050-f19of20-d3of4,12,C6,C7,0.018494897959183687,Q4,0.004001231148045514,0.006892230576441061,0.00877192982456143,0.018494897959183687,True,stage18-scaling-24a9adb84176,1,7,9050,246
s1-step9050-f39of40-d1of4,13,C1,C2,0.002869897959183687,Q4,0.0,0.0025062656641604564,0.0,0.002869897959183687,True,stage18-scaling-24a9adb84176,1,7,9050,247
s1-step9050-f39of40-d1of4,13,C1,C3,0.008928571428571397,Q4,0.004001231148045514,0.0028195488721804995,0.0012531328320802837,0.008928571428571397,True,stage18-scaling-24a9adb84176,1,7,9050,247
s1-step9050-f39of40-d1of4,13,C1,C4,0.004385964912280715,Q2,0.002462296091104932,0.004385964912280715,0.00187969924812037,0.003826530612244916,True,stage18-scaling-24a9adb84176,1,7,9050,247
s1-step9050-f39of40-d1of4,13,C2,C3,0.00605867346938771,Q4,0.004001231148045514,0.00031328320802004317,0.0012531328320802837,0.00605867346938771,True,stage18-scaling-24a9adb84176,1,7,9050,247
s1-step9050-f39of40-d1of4,13,C2,C4,0.002462296091104932,Q1,0.002462296091104932,0.001879699248120259,0.00187969924812037,0.000956632653061229,True,stage18-scaling-24a9adb84176,1,7,9050,247
s1-step9050-f39of40-d1of4,13,C3,C4,0.006463527239150446,Q1,0.006463527239150446,0.0015664160401002158,0.0006265664160400863,0.005102040816326481,True,stage18-scaling-24a9adb84176,1,7,9050,247
s1-step9050-f39of40-d1of2,14,C1,C2,0.002869897959183687,Q4,0.0,0.0025062656641604564,0.0,0.002869897959183687,True,stage18-scaling-24a9adb84176,1,7,9050,248
s1-step9050-f39of40-d1of2,14,C1,C3,0.008928571428571397,Q4,0.004001231148045514,0.0028195488721804995,0.0012531328320802837,0.008928571428571397,True,stage18-scaling-24a9adb84176,1,7,9050,248
s1-step9050-f39of40-d1of2,14,C1,C4,0.004385964912280715,Q2,0.002462296091104932,0.004385964912280715,0.00187969924812037,0.003826530612244916,True,stage18-scaling-24a9adb84176,1,7,9050,248
s1-step9050-f39of40-d1of2,14,C1,C5,0.00800246229609114,Q1,0.00800246229609114,0.002192982456140302,0.0025062656641603454,0.003826530612244916,True,stage18-scaling-24a9adb84176,1,7,9050,248
s1-step9050-f39of40-d1of2,14,C1,C6,0.011160714285714302,Q4,0.005847953216374213,0.003759398496240629,0.0012531328320802837,0.011160714285714302,True,stage18-scaling-24a9adb84176,1,7,9050,248
s1-step9050-f39of40-d1of2,14,C1,C7,0.005639097744360888,Q2,0.005540166204986208,0.005639097744360888,0.0028195488721804995,0.002869897959183687,True,stage18-scaling-24a9adb84176,1,7,9050,248
s1-step9050-f39of40-d1of2,14,C2,C3,0.00605867346938771,Q4,0.004001231148045514,0.00031328320802004317,0.0012531328320802837,0.00605867346938771,True,stage18-scaling-24a9adb84176,1,7,9050,248
s1-step9050-f39of40-d1of2,14,C2,C4,0.002462296091104932,Q1,0.002462296091104932,0.001879699248120259,0.00187969924812037,0.000956632653061229,True,stage18-scaling-24a9adb84176,1,7,9050,248
s1-step9050-f39of40-d1of2,14,C2,C5,0.00800246229609114,Q1,0.00800246229609114,0.0046992481203007586,0.0025062656641603454,0.000956632653061229,True,stage18-scaling-24a9adb84176,1,7,9050,248
s1-step9050-f39of40-d1of2,14,C2,C6,0.008290816326530615,Q4,0.005847953216374213,0.0012531328320801727,0.0012531328320802837,0.008290816326530615,True,stage18-scaling-24a9adb84176,1,7,9050,248
s1-step9050-f39of40-d1of2,14,C2,C7,0.005540166204986208,Q1,0.005540166204986208,0.0031328320802004317,0.0028195488721804995,0.0,True,stage18-scaling-24a9adb84176,1,7,9050,248
s1-step9050-f39of40-d1of2,14,C3,C4,0.006463527239150446,Q1,0.006463527239150446,0.0015664160401002158,0.0006265664160400863,0.005102040816326481,True,stage18-scaling-24a9adb84176,1,7,9050,248
s1-step9050-f39of40-d1of2,14,C3,C5,0.005102040816326481,Q4,0.004001231148045625,0.005012531328320802,0.003759398496240629,0.005102040816326481,True,stage18-scaling-24a9adb84176,1,7,9050,248
s1-step9050-f39of40-d1of2,14,C3,C6,0.0022321428571429047,Q4,0.001846722068328699,0.0009398496240601295,0.0,0.0022321428571429047,True,stage18-scaling-24a9adb84176,1,7,9050,248
s1-step9050-f39of40-d1of2,14,C3,C7,0.009541397353031722,Q1,0.009541397353031722,0.0028195488721803885,0.0015664160401002158,0.00605867346938771,True,stage18-scaling-24a9adb84176,1,7,9050,248
s1-step9050-f39of40-d1of2,14,C4,C5,0.010464758387196071,Q1,0.010464758387196071,0.006578947368421018,0.004385964912280715,0.0,True,stage18-scaling-24a9adb84176,1,7,9050,248
s1-step9050-f39of40-d1of2,14,C4,C6,0.008310249307479145,Q1,0.008310249307479145,0.0006265664160400863,0.0006265664160400863,0.0073341836734693855,True,stage18-scaling-24a9adb84176,1,7,9050,248
s1-step9050-f39of40-d1of2,14,C4,C7,0.003077870113881276,Q1,0.003077870113881276,0.0012531328320801727,0.0009398496240601295,0.000956632653061229,True,stage18-scaling-24a9adb84176,1,7,9050,248
s1-step9050-f39of40-d1of2,14,C5,C6,0.0073341836734693855,Q4,0.0021545090797169264,0.005952380952380931,0.003759398496240629,0.0073341836734693855,True,stage18-scaling-24a9adb84176,1,7,9050,248
s1-step9050-f39of40-d1of2,14,C5,C7,0.013542628501077347,Q1,0.013542628501077347,0.00783208020050119,0.005325814536340845,0.000956632653061229,True,stage18-scaling-24a9adb84176,1,7,9050,248
s1-step9050-f39of40-d1of2,14,C6,C7,0.011388119421360421,Q1,0.011388119421360421,0.001879699248120259,0.0015664160401002158,0.008290816326530615,True,stage18-scaling-24a9adb84176,1,7,9050,248
s1-step9050-f39of40-d3of4,15,C1,C2,0.002869897959183687,Q4,0.0,0.0025062656641604564,0.0,0.002869897959183687,True,stage18-scaling-24a9adb84176,1,7,9050,249
s1-step9050-f39of40-d3of4,15,C1,C3,0.008928571428571397,Q4,0.004001231148045514,0.0028195488721804995,0.0012531328320802837,0.008928571428571397,True,stage18-scaling-24a9adb84176,1,7,9050,249
s1-step9050-f39of40-d3of4,15,C1,C4,0.004385964912280715,Q2,0.002462296091104932,0.004385964912280715,0.00187969924812037,0.003826530612244916,True,stage18-scaling-24a9adb84176,1,7,9050,249
s1-step9050-f39of40-d3of4,15,C1,C5,0.00800246229609114,Q1,0.00800246229609114,0.002192982456140302,0.0025062656641603454,0.003826530612244916,True,stage18-scaling-24a9adb84176,1,7,9050,249
s1-step9050-f39of40-d3of4,15,C1,C6,0.011160714285714302,Q4,0.005847953216374213,0.003759398496240629,0.0012531328320802837,0.011160714285714302,True,stage18-scaling-24a9adb84176,1,7,9050,249
s1-step9050-f39of40-d3of4,15,C1,C7,0.005639097744360888,Q2,0.005540166204986208,0.005639097744360888,0.0028195488721804995,0.002869897959183687,True,stage18-scaling-24a9adb84176,1,7,9050,249
s1-step9050-f39of40-d3of4,15,C2,C3,0.00605867346938771,Q4,0.004001231148045514,0.00031328320802004317,0.0012531328320802837,0.00605867346938771,True,stage18-scaling-24a9adb84176,1,7,9050,249
s1-step9050-f39of40-d3of4,15,C2,C4,0.002462296091104932,Q1,0.002462296091104932,0.001879699248120259,0.00187969924812037,0.000956632653061229,True,stage18-scaling-24a9adb84176,1,7,9050,249
s1-step9050-f39of40-d3of4,15,C2,C5,0.00800246229609114,Q1,0.00800246229609114,0.0046992481203007586,0.0025062656641603454,0.000956632653061229,True,stage18-scaling-24a9adb84176,1,7,9050,249
s1-step9050-f39of40-d3of4,15,C2,C6,0.008290816326530615,Q4,0.005847953216374213,0.0012531328320801727,0.0012531328320802837,0.008290816326530615,True,stage18-scaling-24a9adb84176,1,7,9050,249
s1-step9050-f39of40-d3of4,15,C2,C7,0.005540166204986208,Q1,0.005540166204986208,0.0031328320802004317,0.0028195488721804995,0.0,True,stage18-scaling-24a9adb84176,1,7,9050,249
s1-step9050-f39of40-d3of4,15,C3,C4,0.006463527239150446,Q1,0.006463527239150446,0.0015664160401002158,0.0006265664160400863,0.005102040816326481,True,stage18-scaling-24a9adb84176,1,7,9050,249
s1-step9050-f39of40-d3of4,15,C3,C5,0.005102040816326481,Q4,0.004001231148045625,0.005012531328320802,0.003759398496240629,0.005102040816326481,True,stage18-scaling-24a9adb84176,1,7,9050,249
s1-step9050-f39of40-d3of4,15,C3,C6,0.0022321428571429047,Q4,0.001846722068328699,0.0009398496240601295,0.0,0.0022321428571429047,True,stage18-scaling-24a9adb84176,1,7,9050,249
s1-step9050-f39of40-d3of4,15,C3,C7,0.009541397353031722,Q1,0.009541397353031722,0.0028195488721803885,0.0015664160401002158,0.00605867346938771,True,stage18-scaling-24a9adb84176,1,7,9050,249
s1-step9050-f39of40-d3of4,15,C4,C5,0.010464758387196071,Q1,0.010464758387196071,0.006578947368421018,0.004385964912280715,0.0,True,stage18-scaling-24a9adb84176,1,7,9050,249
s1-step9050-f39of40-d3of4,15,C4,C6,0.008310249307479145,Q1,0.008310249307479145,0.0006265664160400863,0.0006265664160400863,0.0073341836734693855,True,stage18-scaling-24a9adb84176,1,7,9050,249
s1-step9050-f39of40-d3of4,15,C4,C7,0.003077870113881276,Q1,0.003077870113881276,0.0012531328320801727,0.0009398496240601295,0.000956632653061229,True,stage18-scaling-24a9adb84176,1,7,9050,249
s1-step9050-f39of40-d3of4,15,C5,C6,0.0073341836734693855,Q4,0.0021545090797169264,0.005952380952380931,0.003759398496240629,0.0073341836734693855,True,stage18-scaling-24a9adb84176,1,7,9050,249
s1-step9050-f39of40-d3of4,15,C5,C7,0.013542628501077347,Q1,0.013542628501077347,0.00783208020050119,0.005325814536340845,0.000956632653061229,True,stage18-scaling-24a9adb84176,1,7,9050,249
s1-step9050-f39of40-d3of4,15,C6,C7,0.011388119421360421,Q1,0.011388119421360421,0.001879699248120259,0.0015664160401002158,0.008290816326530615,True,stage18-scaling-24a9adb84176,1,7,9050,249
s1-step9050-f99of100-d1of4,16,C1,C2,0.0025510204081632404,Q4,0.002462296091104932,0.00031328320802004317,0.00031328320802004317,0.0025510204081632404,True,stage18-scaling-24a9adb84176,1,7,9050,250
s1-step9050-f99of100-d1of4,16,C1,C3,0.004616805170821747,Q1,0.004616805170821747,0.002192982456140302,0.0015664160401002158,0.0006377551020408934,True,stage18-scaling-24a9adb84176,1,7,9050,250
s1-step9050-f99of100-d1of4,16,C2,C3,0.0025062656641603454,Q2,0.0021545090797168154,0.0025062656641603454,0.0012531328320801727,0.001913265306122347,True,stage18-scaling-24a9adb84176,1,7,9050,250
s1-step9050-f99of100-d1of2,17,C1,C2,0.0025510204081632404,Q4,0.002462296091104932,0.00031328320802004317,0.00031328320802004317,0.0025510204081632404,True,stage18-scaling-24a9adb84176,1,7,9050,251
s1-step9050-f99of100-d1of2,17,C1,C3,0.004616805170821747,Q1,0.004616805170821747,0.002192982456140302,0.0015664160401002158,0.0006377551020408934,True,stage18-scaling-24a9adb84176,1,7,9050,251
s1-step9050-f99of100-d1of2,17,C1,C4,0.0033856571252692813,Q1,0.0033856571252692813,0.0012531328320801727,0.0006265664160400863,0.0015943877551020114,True,stage18-scaling-24a9adb84176,1,7,9050,251
s1-step9050-f99of100-d1of2,17,C1,C5,0.00701530612244905,Q4,0.004001231148045514,0.0015664160401003269,0.0012531328320801727,0.00701530612244905,True,stage18-scaling-24a9adb84176,1,7,9050,251
s1-step9050-f99of100-d1of2,17,C1,C6,0.005739795918367374,Q4,0.004616805170821747,0.0006265664160400863,0.00031328320802004317,0.005739795918367374,True,stage18-scaling-24a9adb84176,1,7,9050,251
s1-step9050-f99of100-d1of2,17,C1,C7,0.0021545090797168154,Q1,0.0021545090797168154,0.00031328320802004317,0.00031328320802004317,0.001913265306122458,True,stage18-scaling-24a9adb84176,1,7,9050,251
s1-step9050-f99of100-d1of2,17,C2,C3,0.0025062656641603454,Q2,0.0021545090797168154,0.0025062656641603454,0.0012531328320801727,0.001913265306122347,True,stage18-scaling-24a9adb84176,1,7,9050,251
s1-step9050-f99of100-d1of2,17,C2,C4,0.0015664160401002158,Q2,0.0009233610341643494,0.0015664160401002158,0.00031328320802004317,0.000956632653061229,True,stage18-scaling-24a9adb84176,1,7,9050,251
s1-step9050-f99of100-d1of2,17,C2,C5,0.0044642857142858094,Q4,0.0015389350569405824,0.0012531328320802837,0.0015664160401002158,0.0044642857142858094,True,stage18-scaling-24a9adb84176,1,7,9050,251
s1-step9050-f99of100-d1of2,17,C2,C6,0.0031887755102041337,Q4,0.0021545090797168154,0.00031328320802004317,0.0006265664160400863,0.0031887755102041337,True,stage18-scaling-24a9adb84176,1,7,9050,251
s1-step9050-f99of100-d1of2,17,C2,C7,0.0006377551020407823,Q4,0.0003077870113881165,0.0006265664160400863,0.0006265664160400863,0.0006377551020407823,True,stage18-scaling-24a9adb84176,1,7,9050,251
s1-step9050-f99of100-d1of2,17,C3,C4,0.001231148045552466,Q1,0.001231148045552466,0.0009398496240601295,0.0009398496240601295,0.000956632653061118,True,stage18-scaling-24a9adb84176,1,7,9050,251
s1-step9050-f99of100-d1of2,17,C3,C5,0.0063775510204081565,Q4,0.000615574022776233,0.003759398496240629,0.0028195488721803885,0.0063775510204081565,True,stage18-scaling-24a9adb84176,1,7,9050,251
s1-step9050-f99of100-d1of2,17,C3,C6,0.005102040816326481,Q4,0.0,0.0028195488721803885,0.001879699248120259,0.005102040816326481,True,stage18-scaling-24a9adb84176,1,7,9050,251
s1-step9050-f99of100-d1of2,17,C3,C7,0.002462296091104932,Q1,0.002462296091104932,0.001879699248120259,0.001879699248120259,0.0012755102040815647,True,stage18-scaling-24a9adb84176,1,7,9050,251
s1-step9050-f99of100-d1of2,17,C4,C5,0.0054209183673470385,Q4,0.000615574022776233,0.0028195488721804995,0.001879699248120259,0.0054209183673470385,True,stage18-scaling-24a9adb84176,1,7,9050,251
s1-step9050-f99of100-d1of2,17,C4,C6,0.004145408163265363,Q4,0.001231148045552466,0.001879699248120259,0.0009398496240601295,0.004145408163265363,True,stage18-scaling-24a9adb84176,1,7,9050,251
s1-step9050-f99of100-d1of2,17,C4,C7,0.001231148045552466,Q1,0.001231148045552466,0.0009398496240601295,0.0009398496240601295,0.0003188775510204467,True,stage18-scaling-24a9adb84176,1,7,9050,251
s1-step9050-f99of100-d1of2,17,C5,C6,0.0012755102040816757,Q4,0.000615574022776233,0.0009398496240602405,0.0009398496240601295,0.0012755102040816757,True,stage18-scaling-24a9adb84176,1,7,9050,251
s1-step9050-f99of100-d1of2,17,C5,C7,0.005102040816326592,Q4,0.001846722068328699,0.00187969924812037,0.0009398496240601295,0.005102040816326592,True,stage18-scaling-24a9adb84176,1,7,9050,251
s1-step9050-f99of100-d1of2,17,C6,C7,0.003826530612244916,Q4,0.002462296091104932,0.0009398496240601295,0.0,0.003826530612244916,True,stage18-scaling-24a9adb84176,1,7,9050,251
s1-step9050-f99of100-d3of4,18,C1,C2,0.0025510204081632404,Q4,0.002462296091104932,0.00031328320802004317,0.00031328320802004317,0.0025510204081632404,True,stage18-scaling-24a9adb84176,1,7,9050,252
s1-step9050-f99of100-d3of4,18,C1,C3,0.004616805170821747,Q1,0.004616805170821747,0.002192982456140302,0.0015664160401002158,0.0006377551020408934,True,stage18-scaling-24a9adb84176,1,7,9050,252
s1-step9050-f99of100-d3of4,18,C1,C4,0.0033856571252692813,Q1,0.0033856571252692813,0.0012531328320801727,0.0006265664160400863,0.0015943877551020114,True,stage18-scaling-24a9adb84176,1,7,9050,252
s1-step9050-f99of100-d3of4,18,C1,C5,0.00701530612244905,Q4,0.004001231148045514,0.0015664160401003269,0.0012531328320801727,0.00701530612244905,True,stage18-scaling-24a9adb84176,1,7,9050,252
s1-step9050-f99of100-d3of4,18,C1,C6,0.005739795918367374,Q4,0.004616805170821747,0.0006265664160400863,0.00031328320802004317,0.005739795918367374,True,stage18-scaling-24a9adb84176,1,7,9050,252
s1-step9050-f99of100-d3of4,18,C1,C7,0.0021545090797168154,Q1,0.0021545090797168154,0.00031328320802004317,0.00031328320802004317,0.001913265306122458,True,stage18-scaling-24a9adb84176,1,7,9050,252
s1-step9050-f99of100-d3of4,18,C2,C3,0.0025062656641603454,Q2,0.0021545090797168154,0.0025062656641603454,0.0012531328320801727,0.001913265306122347,True,stage18-scaling-24a9adb84176,1,7,9050,252
s1-step9050-f99of100-d3of4,18,C2,C4,0.0015664160401002158,Q2,0.0009233610341643494,0.0015664160401002158,0.00031328320802004317,0.000956632653061229,True,stage18-scaling-24a9adb84176,1,7,9050,252
s1-step9050-f99of100-d3of4,18,C2,C5,0.0044642857142858094,Q4,0.0015389350569405824,0.0012531328320802837,0.0015664160401002158,0.0044642857142858094,True,stage18-scaling-24a9adb84176,1,7,9050,252
s1-step9050-f99of100-d3of4,18,C2,C6,0.0031887755102041337,Q4,0.0021545090797168154,0.00031328320802004317,0.0006265664160400863,0.0031887755102041337,True,stage18-scaling-24a9adb84176,1,7,9050,252
s1-step9050-f99of100-d3of4,18,C2,C7,0.0006377551020407823,Q4,0.0003077870113881165,0.0006265664160400863,0.0006265664160400863,0.0006377551020407823,True,stage18-scaling-24a9adb84176,1,7,9050,252
s1-step9050-f99of100-d3of4,18,C3,C4,0.001231148045552466,Q1,0.001231148045552466,0.0009398496240601295,0.0009398496240601295,0.000956632653061118,True,stage18-scaling-24a9adb84176,1,7,9050,252
s1-step9050-f99of100-d3of4,18,C3,C5,0.0063775510204081565,Q4,0.000615574022776233,0.003759398496240629,0.0028195488721803885,0.0063775510204081565,True,stage18-scaling-24a9adb84176,1,7,9050,252
s1-step9050-f99of100-d3of4,18,C3,C6,0.005102040816326481,Q4,0.0,0.0028195488721803885,0.001879699248120259,0.005102040816326481,True,stage18-scaling-24a9adb84176,1,7,9050,252
s1-step9050-f99of100-d3of4,18,C3,C7,0.002462296091104932,Q1,0.002462296091104932,0.001879699248120259,0.001879699248120259,0.0012755102040815647,True,stage18-scaling-24a9adb84176,1,7,9050,252
s1-step9050-f99of100-d3of4,18,C4,C5,0.0054209183673470385,Q4,0.000615574022776233,0.0028195488721804995,0.001879699248120259,0.0054209183673470385,True,stage18-scaling-24a9adb84176,1,7,9050,252
s1-step9050-f99of100-d3of4,18,C4,C6,0.004145408163265363,Q4,0.001231148045552466,0.001879699248120259,0.0009398496240601295,0.004145408163265363,True,stage18-scaling-24a9adb84176,1,7,9050,252
s1-step9050-f99of100-d3of4,18,C4,C7,0.001231148045552466,Q1,0.001231148045552466,0.0009398496240601295,0.0009398496240601295,0.0003188775510204467,True,stage18-scaling-24a9adb84176,1,7,9050,252
s1-step9050-f99of100-d3of4,18,C5,C6,0.0012755102040816757,Q4,0.000615574022776233,0.0009398496240602405,0.0009398496240601295,0.0012755102040816757,True,stage18-scaling-24a9adb84176,1,7,9050,252
s1-step9050-f99of100-d3of4,18,C5,C7,0.005102040816326592,Q4,0.001846722068328699,0.00187969924812037,0.0009398496240601295,0.005102040816326592,True,stage18-scaling-24a9adb84176,1,7,9050,252
s1-step9050-f99of100-d3of4,18,C6,C7,0.003826530612244916,Q4,0.002462296091104932,0.0009398496240601295,0.0,0.003826530612244916,True,stage18-scaling-24a9adb84176,1,7,9050,252
s2-step7450-f4of5-d1of4,289,C1,C2,0.021545090797168376,Q1,0.021545090797168376,0.0031328320802005427,0.004385964912280715,0.012755102040816313,True,stage18-scaling-24a9adb84176,2,3,7450,289
s2-step7450-f4of5-d1of4,289,C1,C3,0.015081563558017819,Q1,0.015081563558017819,0.005639097744360888,0.0012531328320801727,0.000956632653061229,True,stage18-scaling-24a9adb84176,2,3,7450,289
s2-step7450-f4of5-d1of4,289,C2,C3,0.011798469387755084,Q4,0.006463527239150557,0.0025062656641603454,0.005639097744360888,0.011798469387755084,True,stage18-scaling-24a9adb84176,2,3,7450,289
s2-step7450-f4of5-d1of2,290,C1,C2,0.021545090797168376,Q1,0.021545090797168376,0.0031328320802005427,0.004385964912280715,0.012755102040816313,True,stage18-scaling-24a9adb84176,2,3,7450,290
s2-step7450-f4of5-d1of2,290,C1,C3,0.015081563558017819,Q1,0.015081563558017819,0.005639097744360888,0.0012531328320801727,0.000956632653061229,True,stage18-scaling-24a9adb84176,2,3,7450,290
s2-step7450-f4of5-d1of2,290,C1,C4,0.023391812865497075,Q1,0.023391812865497075,0.006265664160400974,0.015350877192982448,0.005739795918367374,True,stage18-scaling-24a9adb84176,2,3,7450,290
s2-step7450-f4of5-d1of2,290,C1,C5,0.012619267466912887,Q1,0.012619267466912887,0.002192982456140302,0.0031328320802004317,0.01116071428571419,True,stage18-scaling-24a9adb84176,2,3,7450,290
s2-step7450-f4of5-d1of2,290,C1,C6,0.02369959987688519,Q1,0.02369959987688519,0.0,0.0006265664160400863,0.01658163265306123,True,stage18-scaling-24a9adb84176,2,3,7450,290
s2-step7450-f4of5-d1of2,290,C1,C7,0.011798469387755195,Q4,0.011388119421360421,0.006892230576441172,0.005952380952380931,0.011798469387755195,True,stage18-scaling-24a9adb84176,2,3,7450,290
s2-step7450-f4of5-d1of2,290,C2,C3,0.011798469387755084,Q4,0.006463527239150557,0.0025062656641603454,0.005639097744360888,0.011798469387755084,True,stage18-scaling-24a9adb84176,2,3,7450,290
s2-step7450-f4of5-d1of2,290,C2,C4,0.018494897959183687,Q4,0.001846722068328699,0.0031328320802004317,0.010964912280701733,0.018494897959183687,True,stage18-scaling-24a9adb84176,2,3,7450,290
s2-step7450-f4of5-d1of2,290,C2,C5,0.008925823330255489,Q1,0.008925823330255489,0.005325814536340845,0.007518796992481147,0.0015943877551021224,True,stage18-scaling-24a9adb84176,2,3,7450,290
s2-step7450-f4of5-d1of2,290,C2,C6,0.005012531328320802,Q3,0.0021545090797168154,0.0031328320802005427,0.005012531328320802,0.003826530612244916,True,stage18-scaling-24a9adb84176,2,3,7450,290
s2-step7450-f4of5-d1of2,290,C2,C7,0.024553571428571508,Q4,0.010156971375807955,0.003759398496240629,0.0015664160401002158,0.024553571428571508,True,stage18-scaling-24a9adb84176,2,3,7450,290
s2-step7450-f4of5-d1of2,290,C3,C4,0.01660401002506262,Q3,0.008310249307479256,0.0006265664160400863,0.01660401002506262,0.006696428571428603,True,stage18-scaling-24a9adb84176,2,3,7450,290
s2-step7450-f4of5-d1of2,290,C3,C5,0.010204081632652962,Q4,0.002462296091104932,0.00783208020050119,0.001879699248120259,0.010204081632652962,True,stage18-scaling-24a9adb84176,2,3,7450,290
s2-step7450-f4of5-d1of2,290,C3,C6,0.015625,Q4,0.008618036318867373,0.005639097744360888,0.0006265664160400863,0.015625,True,stage18-scaling-24a9adb84176,2,3,7450,290
s2-step7450-f4of5-d1of2,290,C3,C7,0.012755102040816424,Q4,0.003693444136657398,0.0012531328320802837,0.007205513784461104,0.012755102040816424,True,stage18-scaling-24a9adb84176,2,3,7450,290
s2-step7450-f4of5-d1of2,290,C4,C5,0.01848370927318288,Q3,0.010772545398584188,0.008458646616541277,0.01848370927318288,0.016900510204081565,True,stage18-scaling-24a9adb84176,2,3,7450,290
s2-step7450-f4of5-d1of2,290,C4,C6,0.022321428571428603,Q4,0.0003077870113881165,0.006265664160400974,0.015977443609022535,0.022321428571428603,True,stage18-scaling-24a9adb84176,2,3,7450,290
s2-step7450-f4of5-d1of2,290,C4,C7,0.012003693444136654,Q1,0.012003693444136654,0.0006265664160401974,0.009398496240601517,0.006058673469387821,True,stage18-scaling-24a9adb84176,2,3,7450,290
s2-step7450-f4of5-d1of2,290,C5,C6,0.011080332409972304,Q1,0.011080332409972304,0.002192982456140302,0.0025062656641603454,0.0054209183673470385,True,stage18-scaling-24a9adb84176,2,3,7450,290
s2-step7450-f4of5-d1of2,290,C5,C7,0.022959183673469385,Q4,0.001231148045552466,0.009085213032581474,0.009085213032581363,0.022959183673469385,True,stage18-scaling-24a9adb84176,2,3,7450,290
s2-step7450-f4of5-d1of2,290,C6,C7,0.028380102040816424,Q4,0.01231148045552477,0.006892230576441172,0.006578947368421018,0.028380102040816424,True,stage18-scaling-24a9adb84176,2,3,7450,290
s2-step7450-f4of5-d3of4,291,C1,C2,0.021545090797168376,Q1,0.021545090797168376,0.0031328320802005427,0.004385964912280715,0.012755102040816313,True,stage18-scaling-24a9adb84176,2,3,7450,291
s2-step7450-f4of5-d3of4,291,C1,C3,0.015081563558017819,Q1,0.015081563558017819,0.005639097744360888,0.0012531328320801727,0.000956632653061229,True,stage18-scaling-24a9adb84176,2,3,7450,291
s2-step7450-f4of5-d3of4,291,C1,C4,0.023391812865497075,Q1,0.023391812865497075,0.006265664160400974,0.015350877192982448,0.005739795918367374,True,stage18-scaling-24a9adb84176,2,3,7450,291
s2-step7450-f4of5-d3of4,291,C1,C5,0.012619267466912887,Q1,0.012619267466912887,0.002192982456140302,0.0031328320802004317,0.01116071428571419,True,stage18-scaling-24a9adb84176,2,3,7450,291
s2-step7450-f4of5-d3of4,291,C1,C6,0.02369959987688519,Q1,0.02369959987688519,0.0,0.0006265664160400863,0.01658163265306123,True,stage18-scaling-24a9adb84176,2,3,7450,291
s2-step7450-f4of5-d3of4,291,C1,C7,0.011798469387755195,Q4,0.011388119421360421,0.006892230576441172,0.005952380952380931,0.011798469387755195,True,stage18-scaling-24a9adb84176,2,3,7450,291
s2-step7450-f4of5-d3of4,291,C2,C3,0.011798469387755084,Q4,0.006463527239150557,0.0025062656641603454,0.005639097744360888,0.011798469387755084,True,stage18-scaling-24a9adb84176,2,3,7450,291
s2-step7450-f4of5-d3of4,291,C2,C4,0.018494897959183687,Q4,0.001846722068328699,0.0031328320802004317,0.010964912280701733,0.018494897959183687,True,stage18-scaling-24a9adb84176,2,3,7450,291
s2-step7450-f4of5-d3of4,291,C2,C5,0.008925823330255489,Q1,0.008925823330255489,0.005325814536340845,0.007518796992481147,0.0015943877551021224,True,stage18-scaling-24a9adb84176,2,3,7450,291
s2-step7450-f4of5-d3of4,291,C2,C6,0.005012531328320802,Q3,0.0021545090797168154,0.0031328320802005427,0.005012531328320802,0.003826530612244916,True,stage18-scaling-24a9adb84176,2,3,7450,291
s2-step7450-f4of5-d3of4,291,C2,C7,0.024553571428571508,Q4,0.010156971375807955,0.003759398496240629,0.0015664160401002158,0.024553571428571508,True,stage18-scaling-24a9adb84176,2,3,7450,291
s2-step7450-f4of5-d3of4,291,C3,C4,0.01660401002506262,Q3,0.008310249307479256,0.0006265664160400863,0.01660401002506262,0.006696428571428603,True,stage18-scaling-24a9adb84176,2,3,7450,291
s2-step7450-f4of5-d3of4,291,C3,C5,0.010204081632652962,Q4,0.002462296091104932,0.00783208020050119,0.001879699248120259,0.010204081632652962,True,stage18-scaling-24a9adb84176,2,3,7450,291
s2-step7450-f4of5-d3of4,291,C3,C6,0.015625,Q4,0.008618036318867373,0.005639097744360888,0.0006265664160400863,0.015625,True,stage18-scaling-24a9adb84176,2,3,7450,291
s2-step7450-f4of5-d3of4,291,C3,C7,0.012755102040816424,Q4,0.003693444136657398,0.0012531328320802837,0.007205513784461104,0.012755102040816424,True,stage18-scaling-24a9adb84176,2,3,7450,291
s2-step7450-f4of5-d3of4,291,C4,C5,0.01848370927318288,Q3,0.010772545398584188,0.008458646616541277,0.01848370927318288,0.016900510204081565,True,stage18-scaling-24a9adb84176,2,3,7450,291
s2-step7450-f4of5-d3of4,291,C4,C6,0.022321428571428603,Q4,0.0003077870113881165,0.006265664160400974,0.015977443609022535,0.022321428571428603,True,stage18-scaling-24a9adb84176,2,3,7450,291
s2-step7450-f4of5-d3of4,291,C4,C7,0.012003693444136654,Q1,0.012003693444136654,0.0006265664160401974,0.009398496240601517,0.006058673469387821,True,stage18-scaling-24a9adb84176,2,3,7450,291
s2-step7450-f4of5-d3of4,291,C5,C6,0.011080332409972304,Q1,0.011080332409972304,0.002192982456140302,0.0025062656641603454,0.0054209183673470385,True,stage18-scaling-24a9adb84176,2,3,7450,291
s2-step7450-f4of5-d3of4,291,C5,C7,0.022959183673469385,Q4,0.001231148045552466,0.009085213032581474,0.009085213032581363,0.022959183673469385,True,stage18-scaling-24a9adb84176,2,3,7450,291
s2-step7450-f4of5-d3of4,291,C6,C7,0.028380102040816424,Q4,0.01231148045552477,0.006892230576441172,0.006578947368421018,0.028380102040816424,True,stage18-scaling-24a9adb84176,2,3,7450,291
s2-step7450-f17of20-d1of4,292,C1,C2,0.010464758387196071,Q1,0.010464758387196071,0.002192982456140302,0.0031328320802004317,0.002869897959183687,True,stage18-scaling-24a9adb84176,2,3,7450,292
s2-step7450-f17of20-d1of4,292,C1,C3,0.010841836734693966,Q4,0.0027700831024930483,0.006578947368421129,0.00031328320802004317,0.010841836734693966,True,stage18-scaling-24a9adb84176,2,3,7450,292
s2-step7450-f17of20-d1of4,292,C2,C3,0.013711734693877653,Q4,0.007694675284703023,0.00877192982456143,0.0028195488721803885,0.013711734693877653,True,stage18-scaling-24a9adb84176,2,3,7450,292
s2-step7450-f17of20-d1of2,293,C1,C2,0.010464758387196071,Q1,0.010464758387196071,0.002192982456140302,0.0031328320802004317,0.002869897959183687,True,stage18-scaling-24a9adb84176,2,3,7450,293
s2-step7450-f17of20-d1of2,293,C1,C3,0.010841836734693966,Q4,0.0027700831024930483,0.006578947368421129,0.00031328320802004317,0.010841836734693966,True,stage18-scaling-24a9adb84176,2,3,7450,293
s2-step7450-f17of20-d1of2,293,C1,C4,0.005540166204986097,Q1,0.005540166204986097,0.002192982456140302,0.0025062656641603454,0.0025510204081633514,True,stage18-scaling-24a9adb84176,2,3,7450,293
s2-step7450-f17of20-d1of2,293,C1,C5,0.010025062656641603,Q2,0.0015389350569405824,0.010025062656641603,0.0028195488721803885,0.0003188775510204467,True,stage18-scaling-24a9adb84176,2,3,7450,293
s2-step7450-f17of20-d1of2,293,C1,C6,0.011080332409972304,Q1,0.011080332409972304,0.00187969924812037,0.005639097744360888,0.004464285714285698,True,stage18-scaling-24a9adb84176,2,3,7450,293
s2-step7450-f17of20-d1of2,293,C1,C7,0.005952380952380931,Q2,0.0015389350569405824,0.005952380952380931,0.00187969924812037,0.0022321428571429047,True,stage18-scaling-24a9adb84176,2,3,7450,293
s2-step7450-f17of20-d1of2,293,C2,C3,0.013711734693877653,Q4,0.007694675284703023,0.00877192982456143,0.0028195488721803885,0.013711734693877653,True,stage18-scaling-24a9adb84176,2,3,7450,293
s2-step7450-f17of20-d1of2,293,C2,C4,0.0054209183673470385,Q4,0.004924592182209975,0.0,0.0006265664160400863,0.0054209183673470385,True,stage18-scaling-24a9adb84176,2,3,7450,293
s2-step7450-f17of20-d1of2,293,C2,C5,0.012003693444136654,Q1,0.012003693444136654,0.007832080200501301,0.00031328320802004317,0.0031887755102041337,True,stage18-scaling-24a9adb84176,2,3,7450,293
s2-step7450-f17of20-d1of2,293,C2,C6,0.0073341836734693855,Q4,0.000615574022776233,0.004072681704260672,0.0025062656641604564,0.0073341836734693855,True,stage18-scaling-24a9adb84176,2,3,7450,293
s2-step7450-f17of20-d1of2,293,C2,C7,0.012003693444136654,Q1,0.012003693444136654,0.003759398496240629,0.005012531328320802,0.005102040816326592,True,stage18-scaling-24a9adb84176,2,3,7450,293
s2-step7450-f17of20-d1of2,293,C3,C4,0.00877192982456143,Q2,0.0027700831024930483,0.00877192982456143,0.002192982456140302,0.008290816326530615,True,stage18-scaling-24a9adb84176,2,3,7450,293
s2-step7450-f17of20-d1of2,293,C3,C5,0.016604010025062732,Q2,0.004309018159433631,0.016604010025062732,0.0025062656641603454,0.01052295918367352,True,stage18-scaling-24a9adb84176,2,3,7450,293
s2-step7450-f17of20-d1of2,293,C3,C6,0.008310249307479256,Q1,0.008310249307479256,0.0046992481203007586,0.005325814536340845,0.0063775510204082675,True,stage18-scaling-24a9adb84176,2,3,7450,293
s2-step7450-f17of20-d1of2,293,C3,C7,0.01253132832080206,Q2,0.004309018159433631,0.01253132832080206,0.002192982456140413,0.008609693877551061,True,stage18-scaling-24a9adb84176,2,3,7450,293
s2-step7450-f17of20-d1of2,293,C4,C5,0.007832080200501301,Q2,0.007079101261926679,0.007832080200501301,0.00031328320802004317,0.0022321428571429047,True,stage18-scaling-24a9adb84176,2,3,7450,293
s2-step7450-f17of20-d1of2,293,C4,C6,0.005540166204986208,Q1,0.005540166204986208,0.004072681704260672,0.0031328320802005427,0.001913265306122347,True,stage18-scaling-24a9adb84176,2,3,7450,293
s2-step7450-f17of20-d1of2,293,C4,C7,0.007079101261926679,Q1,0.007079101261926679,0.003759398496240629,0.004385964912280715,0.0003188775510204467,True,stage18-scaling-24a9adb84176,2,3,7450,293
s2-step7450-f17of20-d1of2,293,C5,C6,0.012619267466912887,Q1,0.012619267466912887,0.011904761904761973,0.0028195488721804995,0.004145408163265252,True,stage18-scaling-24a9adb84176,2,3,7450,293
s2-step7450-f17of20-d1of2,293,C5,C7,0.0046992481203007586,Q3,0.0,0.004072681704260672,0.0046992481203007586,0.001913265306122458,True,stage18-scaling-24a9adb84176,2,3,7450,293
s2-step7450-f17of20-d1of2,293,C6,C7,0.012619267466912887,Q1,0.012619267466912887,0.007832080200501301,0.007518796992481258,0.0022321428571427937,True,stage18-scaling-24a9adb84176,2,3,7450,293
s2-step7450-f17of20-d3of4,294,C1,C2,0.010464758387196071,Q1,0.010464758387196071,0.002192982456140302,0.0031328320802004317,0.002869897959183687,True,stage18-scaling-24a9adb84176,2,3,7450,294
s2-step7450-f17of20-d3of4,294,C1,C3,0.010841836734693966,Q4,0.0027700831024930483,0.006578947368421129,0.00031328320802004317,0.010841836734693966,True,stage18-scaling-24a9adb84176,2,3,7450,294
s2-step7450-f17of20-d3of4,294,C1,C4,0.005540166204986097,Q1,0.005540166204986097,0.002192982456140302,0.0025062656641603454,0.0025510204081633514,True,stage18-scaling-24a9adb84176,2,3,7450,294
s2-step7450-f17of20-d3of4,294,C1,C5,0.010025062656641603,Q2,0.0015389350569405824,0.010025062656641603,0.0028195488721803885,0.0003188775510204467,True,stage18-scaling-24a9adb84176,2,3,7450,294
s2-step7450-f17of20-d3of4,294,C1,C6,0.011080332409972304,Q1,0.011080332409972304,0.00187969924812037,0.005639097744360888,0.004464285714285698,True,stage18-scaling-24a9adb84176,2,3,7450,294
s2-step7450-f17of20-d3of4,294,C1,C7,0.005952380952380931,Q2,0.0015389350569405824,0.005952380952380931,0.00187969924812037,0.0022321428571429047,True,stage18-scaling-24a9adb84176,2,3,7450,294
s2-step7450-f17of20-d3of4,294,C2,C3,0.013711734693877653,Q4,0.007694675284703023,0.00877192982456143,0.0028195488721803885,0.013711734693877653,True,stage18-scaling-24a9adb84176,2,3,7450,294
s2-step7450-f17of20-d3of4,294,C2,C4,0.0054209183673470385,Q4,0.004924592182209975,0.0,0.0006265664160400863,0.0054209183673470385,True,stage18-scaling-24a9adb84176,2,3,7450,294
s2-step7450-f17of20-d3of4,294,C2,C5,0.012003693444136654,Q1,0.012003693444136654,0.007832080200501301,0.00031328320802004317,0.0031887755102041337,True,stage18-scaling-24a9adb84176,2,3,7450,294
s2-step7450-f17of20-d3of4,294,C2,C6,0.0073341836734693855,Q4,0.000615574022776233,0.004072681704260672,0.0025062656641604564,0.0073341836734693855,True,stage18-scaling-24a9adb84176,2,3,7450,294
s2-step7450-f17of20-d3of4,294,C2,C7,0.012003693444136654,Q1,0.012003693444136654,0.003759398496240629,0.005012531328320802,0.005102040816326592,True,stage18-scaling-24a9adb84176,2,3,7450,294
s2-step7450-f17of20-d3of4,294,C3,C4,0.00877192982456143,Q2,0.0027700831024930483,0.00877192982456143,0.002192982456140302,0.008290816326530615,True,stage18-scaling-24a9adb84176,2,3,7450,294
s2-step7450-f17of20-d3of4,294,C3,C5,0.016604010025062732,Q2,0.004309018159433631,0.016604010025062732,0.0025062656641603454,0.01052295918367352,True,stage18-scaling-24a9adb84176,2,3,7450,294
s2-step7450-f17of20-d3of4,294,C3,C6,0.008310249307479256,Q1,0.008310249307479256,0.0046992481203007586,0.005325814536340845,0.0063775510204082675,True,stage18-scaling-24a9adb84176,2,3,7450,294
s2-step7450-f17of20-d3of4,294,C3,C7,0.01253132832080206,Q2,0.004309018159433631,0.01253132832080206,0.002192982456140413,0.008609693877551061,True,stage18-scaling-24a9adb84176,2,3,7450,294
s2-step7450-f17of20-d3of4,294,C4,C5,0.007832080200501301,Q2,0.007079101261926679,0.007832080200501301,0.00031328320802004317,0.0022321428571429047,True,stage18-scaling-24a9adb84176,2,3,7450,294
s2-step7450-f17of20-d3of4,294,C4,C6,0.005540166204986208,Q1,0.005540166204986208,0.004072681704260672,0.0031328320802005427,0.001913265306122347,True,stage18-scaling-24a9adb84176,2,3,7450,294
s2-step7450-f17of20-d3of4,294,C4,C7,0.007079101261926679,Q1,0.007079101261926679,0.003759398496240629,0.004385964912280715,0.0003188775510204467,True,stage18-scaling-24a9adb84176,2,3,7450,294
s2-step7450-f17of20-d3of4,294,C5,C6,0.012619267466912887,Q1,0.012619267466912887,0.011904761904761973,0.0028195488721804995,0.004145408163265252,True,stage18-scaling-24a9adb84176,2,3,7450,294
s2-step7450-f17of20-d3of4,294,C5,C7,0.0046992481203007586,Q3,0.0,0.004072681704260672,0.0046992481203007586,0.001913265306122458,True,stage18-scaling-24a9adb84176,2,3,7450,294
s2-step7450-f17of20-d3of4,294,C6,C7,0.012619267466912887,Q1,0.012619267466912887,0.007832080200501301,0.007518796992481258,0.0022321428571427937,True,stage18-scaling-24a9adb84176,2,3,7450,294
s2-step7450-f9of10-d1of4,295,C1,C2,0.014987244897959107,Q4,0.010156971375807955,0.012218045112781906,0.009085213032581474,0.014987244897959107,True,stage18-scaling-24a9adb84176,2,3,7450,295
s2-step7450-f9of10-d1of4,295,C1,C3,0.013711734693877542,Q4,0.002462296091104932,0.006265664160400974,0.006265664160400974,0.013711734693877542,True,stage18-scaling-24a9adb84176,2,3,7450,295
s2-step7450-f9of10-d1of4,295,C2,C3,0.007694675284703023,Q1,0.007694675284703023,0.005952380952380931,0.0028195488721804995,0.0012755102040815647,True,stage18-scaling-24a9adb84176,2,3,7450,295
s2-step7450-f9of10-d1of2,296,C1,C2,0.014987244897959107,Q4,0.010156971375807955,0.012218045112781906,0.009085213032581474,0.014987244897959107,True,stage18-scaling-24a9adb84176,2,3,7450,296
s2-step7450-f9of10-d1of2,296,C1,C3,0.013711734693877542,Q4,0.002462296091104932,0.006265664160400974,0.006265664160400974,0.013711734693877542,True,stage18-scaling-24a9adb84176,2,3,7450,296
s2-step7450-f9of10-d1of2,296,C1,C4,0.007205513784461104,Q3,0.0015389350569405824,0.0009398496240601295,0.007205513784461104,0.0015943877551021224,True,stage18-scaling-24a9adb84176,2,3,7450,296
s2-step7450-f9of10-d1of2,296,C1,C5,0.01231148045552477,Q1,0.01231148045552477,0.006892230576441061,0.005325814536340845,0.0022321428571427937,True,stage18-scaling-24a9adb84176,2,3,7450,296
s2-step7450-f9of10-d1of2,296,C1,C6,0.010964912280701733,Q2,0.00800246229609114,0.010964912280701733,0.003759398496240629,0.009885204081632626,True,stage18-scaling-24a9adb84176,2,3,7450,296
s2-step7450-f9of10-d1of2,296,C1,C7,0.012927054478301003,Q1,0.012927054478301003,0.00971177944862145,0.003759398496240629,0.002869897959183687,True,stage18-scaling-24a9adb84176,2,3,7450,296
s2-step7450-f9of10-d1of2,296,C2,C3,0.007694675284703023,Q1,0.007694675284703023,0.005952380952380931,0.0028195488721804995,0.0012755102040815647,True,stage18-scaling-24a9adb84176,2,3,7450,296
s2-step7450-f9of10-d1of2,296,C2,C4,0.01658163265306123,Q4,0.011695906432748537,0.011278195488721776,0.016290726817042578,0.01658163265306123,True,stage18-scaling-24a9adb84176,2,3,7450,296
s2-step7450-f9of10-d1of2,296,C2,C5,0.012755102040816313,Q4,0.0021545090797168154,0.005325814536340845,0.003759398496240629,0.012755102040816313,True,stage18-scaling-24a9adb84176,2,3,7450,296
s2-step7450-f9of10-d1of2,296,C2,C6,0.005325814536340845,Q3,0.0021545090797168154,0.0012531328320801727,0.005325814536340845,0.005102040816326481,True,stage18-scaling-24a9adb84176,2,3,7450,296
s2-step7450-f9of10-d1of2,296,C2,C7,0.01211734693877542,Q4,0.0027700831024930483,0.0025062656641604564,0.005325814536340845,0.01211734693877542,True,stage18-scaling-24a9adb84176,2,3,7450,296
s2-step7450-f9of10-d1of2,296,C3,C4,0.015306122448979664,Q4,0.004001231148045514,0.005325814536340845,0.013471177944862078,0.015306122448979664,True,stage18-scaling-24a9adb84176,2,3,7450,296
s2-step7450-f9of10-d1of2,296,C3,C5,0.011479591836734748,Q4,0.009849184364419838,0.0006265664160400863,0.0009398496240601295,0.011479591836734748,True,stage18-scaling-24a9adb84176,2,3,7450,296
s2-step7450-f9of10-d1of2,296,C3,C6,0.005540166204986208,Q1,0.005540166204986208,0.0046992481203007586,0.0025062656641603454,0.003826530612244916,True,stage18-scaling-24a9adb84176,2,3,7450,296
s2-step7450-f9of10-d1of2,296,C3,C7,0.010841836734693855,Q4,0.010464758387196071,0.003446115288220475,0.0025062656641603454,0.010841836734693855,True,stage18-scaling-24a9adb84176,2,3,7450,296
s2-step7450-f9of10-d1of2,296,C4,C5,0.013850415512465353,Q1,0.013850415512465353,0.005952380952380931,0.012531328320801949,0.003826530612244916,True,stage18-scaling-24a9adb84176,2,3,7450,296
s2-step7450-f9of10-d1of2,296,C4,C6,0.011479591836734748,Q4,0.009541397353031722,0.010025062656641603,0.010964912280701733,0.011479591836734748,True,stage18-scaling-24a9adb84176,2,3,7450,296
s2-step7450-f9of10-d1of2,296,C4,C7,0.014465989535241586,Q1,0.014465989535241586,0.00877192982456132,0.010964912280701733,0.0044642857142858094,True,stage18-scaling-24a9adb84176,2,3,7450,296
s2-step7450-f9of10-d1of2,296,C5,C6,0.007653061224489832,Q4,0.004309018159433631,0.004072681704260672,0.0015664160401002158,0.007653061224489832,True,stage18-scaling-24a9adb84176,2,3,7450,296
s2-step7450-f9of10-d1of2,296,C5,C7,0.0028195488721803885,Q2,0.000615574022776233,0.0028195488721803885,0.0015664160401002158,0.0006377551020408934,True,stage18-scaling-24a9adb84176,2,3,7450,296
s2-step7450-f9of10-d1of2,296,C6,C7,0.007015306122448939,Q4,0.004924592182209864,0.0012531328320802837,0.0,0.007015306122448939,True,stage18-scaling-24a9adb84176,2,3,7450,296
s2-step7450-f9of10-d3of4,297,C1,C2,0.014987244897959107,Q4,0.010156971375807955,0.012218045112781906,0.009085213032581474,0.014987244897959107,True,stage18-scaling-24a9adb84176,2,3,7450,297
s2-step7450-f9of10-d3of4,297,C1,C3,0.013711734693877542,Q4,0.002462296091104932,0.006265664160400974,0.006265664160400974,0.013711734693877542,True,stage18-scaling-24a9adb84176,2,3,7450,297
s2-step7450-f9of10-d3of4,297,C1,C4,0.007205513784461104,Q3,0.0015389350569405824,0.0009398496240601295,0.007205513784461104,0.0015943877551021224,True,stage18-scaling-24a9adb84176,2,3,7450,297
s2-step7450-f9of10-d3of4,297,C1,C5,0.01231148045552477,Q1,0.01231148045552477,0.006892230576441061,0.005325814536340845,0.0022321428571427937,True,stage18-scaling-24a9adb84176,2,3,7450,297
s2-step7450-f9of10-d3of4,297,C1,C6,0.010964912280701733,Q2,0.00800246229609114,0.010964912280701733,0.003759398496240629,0.009885204081632626,True,stage18-scaling-24a9adb84176,2,3,7450,297
s2-step7450-f9of10-d3of4,297,C1,C7,0.012927054478301003,Q1,0.012927054478301003,0.00971177944862145,0.003759398496240629,0.002869897959183687,True,stage18-scaling-24a9adb84176,2,3,7450,297
s2-step7450-f9of10-d3of4,297,C2,C3,0.007694675284703023,Q1,0.007694675284703023,0.005952380952380931,0.0028195488721804995,0.0012755102040815647,True,stage18-scaling-24a9adb84176,2,3,7450,297
s2-step7450-f9of10-d3of4,297,C2,C4,0.01658163265306123,Q4,0.011695906432748537,0.011278195488721776,0.016290726817042578,0.01658163265306123,True,stage18-scaling-24a9adb84176,2,3,7450,297
s2-step7450-f9of10-d3of4,297,C2,C5,0.012755102040816313,Q4,0.0021545090797168154,0.005325814536340845,0.003759398496240629,0.012755102040816313,True,stage18-scaling-24a9adb84176,2,3,7450,297
s2-step7450-f9of10-d3of4,297,C2,C6,0.005325814536340845,Q3,0.0021545090797168154,0.0012531328320801727,0.005325814536340845,0.005102040816326481,True,stage18-scaling-24a9adb84176,2,3,7450,297
s2-step7450-f9of10-d3of4,297,C2,C7,0.01211734693877542,Q4,0.0027700831024930483,0.0025062656641604564,0.005325814536340845,0.01211734693877542,True,stage18-scaling-24a9adb84176,2,3,7450,297
s2-step7450-f9of10-d3of4,297,C3,C4,0.015306122448979664,Q4,0.004001231148045514,0.005325814536340845,0.013471177944862078,0.015306122448979664,True,stage18-scaling-24a9adb84176,2,3,7450,297
s2-step7450-f9of10-d3of4,297,C3,C5,0.011479591836734748,Q4,0.009849184364419838,0.0006265664160400863,0.0009398496240601295,0.011479591836734748,True,stage18-scaling-24a9adb84176,2,3,7450,297
s2-step7450-f9of10-d3of4,297,C3,C6,0.005540166204986208,Q1,0.005540166204986208,0.0046992481203007586,0.0025062656641603454,0.003826530612244916,True,stage18-scaling-24a9adb84176,2,3,7450,297
s2-step7450-f9of10-d3of4,297,C3,C7,0.010841836734693855,Q4,0.010464758387196071,0.003446115288220475,0.0025062656641603454,0.010841836734693855,True,stage18-scaling-24a9adb84176,2,3,7450,297
s2-step7450-f9of10-d3of4,297,C4,C5,0.013850415512465353,Q1,0.013850415512465353,0.005952380952380931,0.012531328320801949,0.003826530612244916,True,stage18-scaling-24a9adb84176,2,3,7450,297
s2-step7450-f9of10-d3of4,297,C4,C6,0.011479591836734748,Q4,0.009541397353031722,0.010025062656641603,0.010964912280701733,0.011479591836734748,True,stage18-scaling-24a9adb84176,2,3,7450,297
s2-step7450-f9of10-d3of4,297,C4,C7,0.014465989535241586,Q1,0.014465989535241586,0.00877192982456132,0.010964912280701733,0.0044642857142858094,True,stage18-scaling-24a9adb84176,2,3,7450,297
s2-step7450-f9of10-d3of4,297,C5,C6,0.007653061224489832,Q4,0.004309018159433631,0.004072681704260672,0.0015664160401002158,0.007653061224489832,True,stage18-scaling-24a9adb84176,2,3,7450,297
s2-step7450-f9of10-d3of4,297,C5,C7,0.0028195488721803885,Q2,0.000615574022776233,0.0028195488721803885,0.0015664160401002158,0.0006377551020408934,True,stage18-scaling-24a9adb84176,2,3,7450,297
s2-step7450-f9of10-d3of4,297,C6,C7,0.007015306122448939,Q4,0.004924592182209864,0.0012531328320802837,0.0,0.007015306122448939,True,stage18-scaling-24a9adb84176,2,3,7450,297
s2-step7450-f19of20-d1of4,298,C1,C2,0.00605867346938771,Q4,0.0003077870113881165,0.00031328320802004317,0.005639097744360888,0.00605867346938771,True,stage18-scaling-24a9adb84176,2,3,7450,298
s2-step7450-f19of20-d1of4,298,C1,C3,0.004145408163265363,Q4,0.002462296091104932,0.002192982456140302,0.003446115288220586,0.004145408163265363,True,stage18-scaling-24a9adb84176,2,3,7450,298
s2-step7450-f19of20-d1of4,298,C2,C3,0.0027700831024930483,Q1,0.0027700831024930483,0.0025062656641603454,0.002192982456140302,0.001913265306122347,True,stage18-scaling-24a9adb84176,2,3,7450,298
s2-step7450-f19of20-d1of2,299,C1,C2,0.00605867346938771,Q4,0.0003077870113881165,0.00031328320802004317,0.005639097744360888,0.00605867346938771,True,stage18-scaling-24a9adb84176,2,3,7450,299
s2-step7450-f19of20-d1of2,299,C1,C3,0.004145408163265363,Q4,0.002462296091104932,0.002192982456140302,0.003446115288220586,0.004145408163265363,True,stage18-scaling-24a9adb84176,2,3,7450,299
s2-step7450-f19of20-d1of2,299,C1,C4,0.00605867346938771,Q4,0.002462296091104932,0.0006265664160400863,0.003759398496240629,0.00605867346938771,True,stage18-scaling-24a9adb84176,2,3,7450,299
s2-step7450-f19of20-d1of2,299,C1,C5,0.003759398496240629,Q2,0.0015389350569405824,0.003759398496240629,0.0006265664160400863,0.0025510204081632404,True,stage18-scaling-24a9adb84176,2,3,7450,299
s2-step7450-f19of20-d1of2,299,C1,C6,0.005012531328320802,Q2,0.004001231148045514,0.005012531328320802,0.0028195488721803885,0.004145408163265252,True,stage18-scaling-24a9adb84176,2,3,7450,299
s2-step7450-f19of20-d1of2,299,C1,C7,0.005102040816326481,Q4,0.002462296091104932,0.003759398496240629,0.0009398496240602405,0.005102040816326481,True,stage18-scaling-24a9adb84176,2,3,7450,299
s2-step7450-f19of20-d1of2,299,C1,C8,0.004145408163265363,Q4,0.000615574022776233,0.0,0.003759398496240629,0.004145408163265363,True,stage18-scaling-24a9adb84176,2,3,7450,299
s2-step7450-f19of20-d1of2,299,C2,C3,0.0027700831024930483,Q1,0.0027700831024930483,0.0025062656641603454,0.002192982456140302,0.001913265306122347,True,stage18-scaling-24a9adb84176,2,3,7450,299
s2-step7450-f19of20-d1of2,299,C2,C4,0.0027700831024930483,Q1,0.0027700831024930483,0.0009398496240601295,0.001879699248120259,0.0,True,stage18-scaling-24a9adb84176,2,3,7450,299
s2-step7450-f19of20-d1of2,299,C2,C5,0.00860969387755095,Q4,0.001846722068328699,0.004072681704260672,0.006265664160400974,0.00860969387755095,True,stage18-scaling-24a9adb84176,2,3,7450,299
s2-step7450-f19of20-d1of2,299,C2,C6,0.010204081632652962,Q4,0.004309018159433631,0.005325814536340845,0.008458646616541277,0.010204081632652962,True,stage18-scaling-24a9adb84176,2,3,7450,299
s2-step7450-f19of20-d1of2,299,C2,C7,0.01116071428571419,Q4,0.0021545090797168154,0.004072681704260672,0.0046992481203006475,0.01116071428571419,True,stage18-scaling-24a9adb84176,2,3,7450,299
s2-step7450-f19of20-d1of2,299,C2,C8,0.001913265306122347,Q4,0.0009233610341643494,0.00031328320802004317,0.001879699248120259,0.001913265306122347,True,stage18-scaling-24a9adb84176,2,3,7450,299
s2-step7450-f19of20-d1of2,299,C3,C4,0.001913265306122347,Q4,0.0,0.0015664160401002158,0.00031328320802004317,0.001913265306122347,True,stage18-scaling-24a9adb84176,2,3,7450,299
s2-step7450-f19of20-d1of2,299,C3,C5,0.006696428571428603,Q4,0.0009233610341643494,0.0015664160401003269,0.004072681704260672,0.006696428571428603,True,stage18-scaling-24a9adb84176,2,3,7450,299
s2-step7450-f19of20-d1of2,299,C3,C6,0.008290816326530615,Q4,0.0015389350569405824,0.0028195488721804995,0.006265664160400974,0.008290816326530615,True,stage18-scaling-24a9adb84176,2,3,7450,299
s2-step7450-f19of20-d1of2,299,C3,C7,0.009247448979591844,Q4,0.004924592182209864,0.0015664160401003269,0.0025062656641603454,0.009247448979591844,True,stage18-scaling-24a9adb84176,2,3,7450,299
s2-step7450-f19of20-d1of2,299,C3,C8,0.002192982456140302,Q2,0.001846722068328699,0.002192982456140302,0.00031328320802004317,0.0,True,stage18-scaling-24a9adb84176,2,3,7450,299
s2-step7450-f19of20-d1of2,299,C4,C5,0.00860969387755095,Q4,0.0009233610341643494,0.0031328320802005427,0.004385964912280715,0.00860969387755095,True,stage18-scaling-24a9adb84176,2,3,7450,299
s2-step7450-f19of20-d1of2,299,C4,C6,0.010204081632652962,Q4,0.0015389350569405824,0.004385964912280715,0.006578947368421018,0.010204081632652962,True,stage18-scaling-24a9adb84176,2,3,7450,299
s2-step7450-f19of20-d1of2,299,C4,C7,0.01116071428571419,Q4,0.004924592182209864,0.0031328320802005427,0.0028195488721803885,0.01116071428571419,True,stage18-scaling-24a9adb84176,2,3,7450,299
s2-step7450-f19of20-d1of2,299,C4,C8,0.001913265306122347,Q4,0.001846722068328699,0.0006265664160400863,0.0,0.001913265306122347,True,stage18-scaling-24a9adb84176,2,3,7450,299
s2-step7450-f19of20-d1of2,299,C5,C6,0.002462296091104932,Q1,0.002462296091104932,0.0012531328320801727,0.002192982456140302,0.0015943877551020114,True,stage18-scaling-24a9adb84176,2,3,7450,299
s2-step7450-f19of20-d1of2,299,C5,C7,0.004001231148045514,Q1,0.004001231148045514,0.0,0.0015664160401003269,0.0025510204081632404,True,stage18-scaling-24a9adb84176,2,3,7450,299
s2-step7450-f19of20-d1of2,299,C5,C8,0.006696428571428603,Q4,0.0009233610341643494,0.003759398496240629,0.004385964912280715,0.006696428571428603,True,stage18-scaling-24a9adb84176,2,3,7450,299
s2-step7450-f19of20-d1of2,299,C6,C7,0.006463527239150446,Q1,0.006463527239150446,0.0012531328320801727,0.003759398496240629,0.000956632653061229,True,stage18-scaling-24a9adb84176,2,3,7450,299
s2-step7450-f19of20-d1of2,299,C6,C8,0.008290816326530615,Q4,0.0033856571252692813,0.005012531328320802,0.006578947368421018,0.008290816326530615,True,stage18-scaling-24a9adb84176,2,3,7450,299
s2-step7450-f19of20-d1of2,299,C7,C8,0.009247448979591844,Q4,0.003077870113881165,0.003759398496240629,0.0028195488721803885,0.009247448979591844,True,stage18-scaling-24a9adb84176,2,3,7450,299
s2-step7450-f19of20-d3of4,300,C1,C2,0.00605867346938771,Q4,0.0003077870113881165,0.00031328320802004317,0.005639097744360888,0.00605867346938771,True,stage18-scaling-24a9adb84176,2,3,7450,300
s2-step7450-f19of20-d3of4,300,C1,C3,0.004145408163265363,Q4,0.002462296091104932,0.002192982456140302,0.003446115288220586,0.004145408163265363,True,stage18-scaling-24a9adb84176,2,3,7450,300
s2-step7450-f19of20-d3of4,300,C1,C4,0.00605867346938771,Q4,0.002462296091104932,0.0006265664160400863,0.003759398496240629,0.00605867346938771,True,stage18-scaling-24a9adb84176,2,3,7450,300
s2-step7450-f19of20-d3of4,300,C1,C5,0.003759398496240629,Q2,0.0015389350569405824,0.003759398496240629,0.0006265664160400863,0.0025510204081632404,True,stage18-scaling-24a9adb84176,2,3,7450,300
s2-step7450-f19of20-d3of4,300,C1,C6,0.005012531328320802,Q2,0.004001231148045514,0.005012531328320802,0.0028195488721803885,0.004145408163265252,True,stage18-scaling-24a9adb84176,2,3,7450,300
s2-step7450-f19of20-d3of4,300,C1,C7,0.005102040816326481,Q4,0.002462296091104932,0.003759398496240629,0.0009398496240602405,0.005102040816326481,True,stage18-scaling-24a9adb84176,2,3,7450,300
s2-step7450-f19of20-d3of4,300,C1,C8,0.004145408163265363,Q4,0.000615574022776233,0.0,0.003759398496240629,0.004145408163265363,True,stage18-scaling-24a9adb84176,2,3,7450,300
s2-step7450-f19of20-d3of4,300,C2,C3,0.0027700831024930483,Q1,0.0027700831024930483,0.0025062656641603454,0.002192982456140302,0.001913265306122347,True,stage18-scaling-24a9adb84176,2,3,7450,300
s2-step7450-f19of20-d3of4,300,C2,C4,0.0027700831024930483,Q1,0.0027700831024930483,0.0009398496240601295,0.001879699248120259,0.0,True,stage18-scaling-24a9adb84176,2,3,7450,300
s2-step7450-f19of20-d3of4,300,C2,C5,0.00860969387755095,Q4,0.001846722068328699,0.004072681704260672,0.006265664160400974,0.00860969387755095,True,stage18-scaling-24a9adb84176,2,3,7450,300
s2-step7450-f19of20-d3of4,300,C2,C6,0.010204081632652962,Q4,0.004309018159433631,0.005325814536340845,0.008458646616541277,0.010204081632652962,True,stage18-scaling-24a9adb84176,2,3,7450,300
s2-step7450-f19of20-d3of4,300,C2,C7,0.01116071428571419,Q4,0.0021545090797168154,0.004072681704260672,0.0046992481203006475,0.01116071428571419,True,stage18-scaling-24a9adb84176,2,3,7450,300
s2-step7450-f19of20-d3of4,300,C2,C8,0.001913265306122347,Q4,0.0009233610341643494,0.00031328320802004317,0.001879699248120259,0.001913265306122347,True,stage18-scaling-24a9adb84176,2,3,7450,300
s2-step7450-f19of20-d3of4,300,C3,C4,0.001913265306122347,Q4,0.0,0.0015664160401002158,0.00031328320802004317,0.001913265306122347,True,stage18-scaling-24a9adb84176,2,3,7450,300
s2-step7450-f19of20-d3of4,300,C3,C5,0.006696428571428603,Q4,0.0009233610341643494,0.0015664160401003269,0.004072681704260672,0.006696428571428603,True,stage18-scaling-24a9adb84176,2,3,7450,300
s2-step7450-f19of20-d3of4,300,C3,C6,0.008290816326530615,Q4,0.0015389350569405824,0.0028195488721804995,0.006265664160400974,0.008290816326530615,True,stage18-scaling-24a9adb84176,2,3,7450,300
s2-step7450-f19of20-d3of4,300,C3,C7,0.009247448979591844,Q4,0.004924592182209864,0.0015664160401003269,0.0025062656641603454,0.009247448979591844,True,stage18-scaling-24a9adb84176,2,3,7450,300
s2-step7450-f19of20-d3of4,300,C3,C8,0.002192982456140302,Q2,0.001846722068328699,0.002192982456140302,0.00031328320802004317,0.0,True,stage18-scaling-24a9adb84176,2,3,7450,300
s2-step7450-f19of20-d3of4,300,C4,C5,0.00860969387755095,Q4,0.0009233610341643494,0.0031328320802005427,0.004385964912280715,0.00860969387755095,True,stage18-scaling-24a9adb84176,2,3,7450,300
s2-step7450-f19of20-d3of4,300,C4,C6,0.010204081632652962,Q4,0.0015389350569405824,0.004385964912280715,0.006578947368421018,0.010204081632652962,True,stage18-scaling-24a9adb84176,2,3,7450,300
s2-step7450-f19of20-d3of4,300,C4,C7,0.01116071428571419,Q4,0.004924592182209864,0.0031328320802005427,0.0028195488721803885,0.01116071428571419,True,stage18-scaling-24a9adb84176,2,3,7450,300
s2-step7450-f19of20-d3of4,300,C4,C8,0.001913265306122347,Q4,0.001846722068328699,0.0006265664160400863,0.0,0.001913265306122347,True,stage18-scaling-24a9adb84176,2,3,7450,300
s2-step7450-f19of20-d3of4,300,C5,C6,0.002462296091104932,Q1,0.002462296091104932,0.0012531328320801727,0.002192982456140302,0.0015943877551020114,True,stage18-scaling-24a9adb84176,2,3,7450,300
s2-step7450-f19of20-d3of4,300,C5,C7,0.004001231148045514,Q1,0.004001231148045514,0.0,0.0015664160401003269,0.0025510204081632404,True,stage18-scaling-24a9adb84176,2,3,7450,300
s2-step7450-f19of20-d3of4,300,C5,C8,0.006696428571428603,Q4,0.0009233610341643494,0.003759398496240629,0.004385964912280715,0.006696428571428603,True,stage18-scaling-24a9adb84176,2,3,7450,300
s2-step7450-f19of20-d3of4,300,C6,C7,0.006463527239150446,Q1,0.006463527239150446,0.0012531328320801727,0.003759398496240629,0.000956632653061229,True,stage18-scaling-24a9adb84176,2,3,7450,300
s2-step7450-f19of20-d3of4,300,C6,C8,0.008290816326530615,Q4,0.0033856571252692813,0.005012531328320802,0.006578947368421018,0.008290816326530615,True,stage18-scaling-24a9adb84176,2,3,7450,300
s2-step7450-f19of20-d3of4,300,C7,C8,0.009247448979591844,Q4,0.003077870113881165,0.003759398496240629,0.0028195488721803885,0.009247448979591844,True,stage18-scaling-24a9adb84176,2,3,7450,300
s2-step7450-f39of40-d1of4,301,C1,C2,0.002192982456140413,Q2,0.001846722068328699,0.002192982456140413,0.0009398496240601295,0.0012755102040816757,True,stage18-scaling-24a9adb84176,2,3,7450,301
s2-step7450-f39of40-d1of2,302,C1,C2,0.002192982456140413,Q2,0.001846722068328699,0.002192982456140413,0.0009398496240601295,0.0012755102040816757,True,stage18-scaling-24a9adb84176,2,3,7450,302
s2-step7450-f39of40-d1of2,302,C1,C3,0.0025062656641603454,Q2,0.002462296091104932,0.0025062656641603454,0.0012531328320801727,0.0015943877551020114,True,stage18-scaling-24a9adb84176,2,3,7450,302
s2-step7450-f39of40-d1of2,302,C1,C4,0.0027700831024930483,Q1,0.0027700831024930483,0.0009398496240601295,0.0015664160401002158,0.0022321428571429047,True,stage18-scaling-24a9adb84176,2,3,7450,302
s2-step7450-f39of40-d1of2,302,C1,C5,0.003826530612244916,Q4,0.001231148045552466,0.00031328320802004317,0.002192982456140302,0.003826530612244916,True,stage18-scaling-24a9adb84176,2,3,7450,302
s2-step7450-f39of40-d1of2,302,C1,C6,0.0028195488721803885,Q2,0.0,0.0028195488721803885,0.001879699248120259,0.0015943877551020114,True,stage18-scaling-24a9adb84176,2,3,7450,302
s2-step7450-f39of40-d1of2,302,C1,C7,0.004001231148045514,Q1,0.004001231148045514,0.0012531328320802837,0.003446115288220586,0.0003188775510204467,True,stage18-scaling-24a9adb84176,2,3,7450,302
s2-step7450-f39of40-d1of2,302,C1,C8,0.004145408163265363,Q4,0.001846722068328699,0.0015664160401002158,0.0006265664160400863,0.004145408163265363,True,stage18-scaling-24a9adb84176,2,3,7450,302
s2-step7450-f39of40-d1of2,302,C2,C3,0.0046992481203007586,Q2,0.004309018159433631,0.0046992481203007586,0.002192982456140302,0.002869897959183687,True,stage18-scaling-24a9adb84176,2,3,7450,302
s2-step7450-f39of40-d1of2,302,C2,C4,0.0035076530612245804,Q4,0.0009233610341643494,0.0031328320802005427,0.0006265664160400863,0.0035076530612245804,True,stage18-scaling-24a9adb84176,2,3,7450,302
s2-step7450-f39of40-d1of2,302,C2,C5,0.003077870113881165,Q1,0.003077870113881165,0.00187969924812037,0.0012531328320801727,0.0025510204081632404,True,stage18-scaling-24a9adb84176,2,3,7450,302
s2-step7450-f39of40-d1of2,302,C2,C6,0.005012531328320802,Q2,0.001846722068328699,0.005012531328320802,0.0009398496240601295,0.002869897959183687,True,stage18-scaling-24a9adb84176,2,3,7450,302
s2-step7450-f39of40-d1of2,302,C2,C7,0.0025062656641604564,Q3,0.0021545090797168154,0.0009398496240601295,0.0025062656641604564,0.000956632653061229,True,stage18-scaling-24a9adb84176,2,3,7450,302
s2-step7450-f39of40-d1of2,302,C2,C8,0.0054209183673470385,Q4,0.0,0.003759398496240629,0.0015664160401002158,0.0054209183673470385,True,stage18-scaling-24a9adb84176,2,3,7450,302
s2-step7450-f39of40-d1of2,302,C3,C4,0.00523237919359798,Q1,0.00523237919359798,0.0015664160401002158,0.0028195488721803885,0.0006377551020408934,True,stage18-scaling-24a9adb84176,2,3,7450,302
s2-step7450-f39of40-d1of2,302,C3,C5,0.0054209183673469274,Q4,0.001231148045552466,0.0028195488721803885,0.003446115288220475,0.0054209183673469274,True,stage18-scaling-24a9adb84176,2,3,7450,302
s2-step7450-f39of40-d1of2,302,C3,C6,0.0031328320802004317,Q3,0.002462296091104932,0.00031328320802004317,0.0031328320802004317,0.0,True,stage18-scaling-24a9adb84176,2,3,7450,302
s2-step7450-f39of40-d1of2,302,C3,C7,0.006463527239150446,Q1,0.006463527239150446,0.003759398496240629,0.0046992481203007586,0.001913265306122458,True,stage18-scaling-24a9adb84176,2,3,7450,302
s2-step7450-f39of40-d1of2,302,C3,C8,0.004309018159433631,Q1,0.004309018159433631,0.0009398496240601295,0.0006265664160400863,0.0025510204081633514,True,stage18-scaling-24a9adb84176,2,3,7450,302
s2-step7450-f39of40-d1of2,302,C4,C5,0.006058673469387821,Q4,0.004001231148045514,0.0012531328320801727,0.0006265664160400863,0.006058673469387821,True,stage18-scaling-24a9adb84176,2,3,7450,302
s2-step7450-f39of40-d1of2,302,C4,C6,0.0027700831024930483,Q1,0.0027700831024930483,0.001879699248120259,0.00031328320802004317,0.0006377551020408934,True,stage18-scaling-24a9adb84176,2,3,7450,302
s2-step7450-f39of40-d1of2,302,C4,C7,0.0025510204081633514,Q4,0.001231148045552466,0.002192982456140413,0.00187969924812037,0.0025510204081633514,True,stage18-scaling-24a9adb84176,2,3,7450,302
s2-step7450-f39of40-d1of2,302,C4,C8,0.002192982456140302,Q3,0.0009233610341643494,0.0006265664160400863,0.002192982456140302,0.001913265306122458,True,stage18-scaling-24a9adb84176,2,3,7450,302
s2-step7450-f39of40-d1of2,302,C5,C6,0.0054209183673469274,Q4,0.001231148045552466,0.0031328320802004317,0.00031328320802004317,0.0054209183673469274,True,stage18-scaling-24a9adb84176,2,3,7450,302
s2-step7450-f39of40-d1of2,302,C5,C7,0.00523237919359798,Q1,0.00523237919359798,0.0009398496240602405,0.0012531328320802837,0.0035076530612244694,True,stage18-scaling-24a9adb84176,2,3,7450,302
s2-step7450-f39of40-d1of2,302,C5,C8,0.007971938775510279,Q4,0.003077870113881165,0.001879699248120259,0.0028195488721803885,0.007971938775510279,True,stage18-scaling-24a9adb84176,2,3,7450,302
s2-step7450-f39of40-d1of2,302,C6,C7,0.004072681704260672,Q2,0.004001231148045514,0.004072681704260672,0.0015664160401003269,0.001913265306122458,True,stage18-scaling-24a9adb84176,2,3,7450,302
s2-step7450-f39of40-d1of2,302,C6,C8,0.0025510204081633514,Q4,0.001846722068328699,0.0012531328320801727,0.0025062656641603454,0.0025510204081633514,True,stage18-scaling-24a9adb84176,2,3,7450,302
s2-step7450-f39of40-d1of2,302,C7,C8,0.0044642857142858094,Q4,0.0021545090797168154,0.0028195488721804995,0.004072681704260672,0.0044642857142858094,True,stage18-scaling-24a9adb84176,2,3,7450,302
s2-step7450-f39of40-d3of4,303,C1,C2,0.002192982456140413,Q2,0.001846722068328699,0.002192982456140413,0.0009398496240601295,0.0012755102040816757,True,stage18-scaling-24a9adb84176,2,3,7450,303
s2-step7450-f39of40-d3of4,303,C1,C3,0.0025062656641603454,Q2,0.002462296091104932,0.0025062656641603454,0.0012531328320801727,0.0015943877551020114,True,stage18-scaling-24a9adb84176,2,3,7450,303
s2-step7450-f39of40-d3of4,303,C1,C4,0.0027700831024930483,Q1,0.0027700831024930483,0.0009398496240601295,0.0015664160401002158,0.0022321428571429047,True,stage18-scaling-24a9adb84176,2,3,7450,303
s2-step7450-f39of40-d3of4,303,C1,C5,0.003826530612244916,Q4,0.001231148045552466,0.00031328320802004317,0.002192982456140302,0.003826530612244916,True,stage18-scaling-24a9adb84176,2,3,7450,303
s2-step7450-f39of40-d3of4,303,C1,C6,0.0028195488721803885,Q2,0.0,0.0028195488721803885,0.001879699248120259,0.0015943877551020114,True,stage18-scaling-24a9adb84176,2,3,7450,303
s2-step7450-f39of40-d3of4,303,C1,C7,0.004001231148045514,Q1,0.004001231148045514,0.0012531328320802837,0.003446115288220586,0.0003188775510204467,True,stage18-scaling-24a9adb84176,2,3,7450,303
s2-step7450-f39of40-d3of4,303,C1,C8,0.004145408163265363,Q4,0.001846722068328699,0.0015664160401002158,0.0006265664160400863,0.004145408163265363,True,stage18-scaling-24a9adb84176,2,3,7450,303
s2-step7450-f39of40-d3of4,303,C2,C3,0.0046992481203007586,Q2,0.004309018159433631,0.0046992481203007586,0.002192982456140302,0.002869897959183687,True,stage18-scaling-24a9adb84176,2,3,7450,303
s2-step7450-f39of40-d3of4,303,C2,C4,0.0035076530612245804,Q4,0.0009233610341643494,0.0031328320802005427,0.0006265664160400863,0.0035076530612245804,True,stage18-scaling-24a9adb84176,2,3,7450,303
s2-step7450-f39of40-d3of4,303,C2,C5,0.003077870113881165,Q1,0.003077870113881165,0.00187969924812037,0.0012531328320801727,0.0025510204081632404,True,stage18-scaling-24a9adb84176,2,3,7450,303
s2-step7450-f39of40-d3of4,303,C2,C6,0.005012531328320802,Q2,0.001846722068328699,0.005012531328320802,0.0009398496240601295,0.002869897959183687,True,stage18-scaling-24a9adb84176,2,3,7450,303
s2-step7450-f39of40-d3of4,303,C2,C7,0.0025062656641604564,Q3,0.0021545090797168154,0.0009398496240601295,0.0025062656641604564,0.000956632653061229,True,stage18-scaling-24a9adb84176,2,3,7450,303
s2-step7450-f39of40-d3of4,303,C2,C8,0.0054209183673470385,Q4,0.0,0.003759398496240629,0.0015664160401002158,0.0054209183673470385,True,stage18-scaling-24a9adb84176,2,3,7450,303
s2-step7450-f39of40-d3of4,303,C3,C4,0.00523237919359798,Q1,0.00523237919359798,0.0015664160401002158,0.0028195488721803885,0.0006377551020408934,True,stage18-scaling-24a9adb84176,2,3,7450,303
s2-step7450-f39of40-d3of4,303,C3,C5,0.0054209183673469274,Q4,0.001231148045552466,0.0028195488721803885,0.003446115288220475,0.0054209183673469274,True,stage18-scaling-24a9adb84176,2,3,7450,303
s2-step7450-f39of40-d3of4,303,C3,C6,0.0031328320802004317,Q3,0.002462296091104932,0.00031328320802004317,0.0031328320802004317,0.0,True,stage18-scaling-24a9adb84176,2,3,7450,303
s2-step7450-f39of40-d3of4,303,C3,C7,0.006463527239150446,Q1,0.006463527239150446,0.003759398496240629,0.0046992481203007586,0.001913265306122458,True,stage18-scaling-24a9adb84176,2,3,7450,303
s2-step7450-f39of40-d3of4,303,C3,C8,0.004309018159433631,Q1,0.004309018159433631,0.0009398496240601295,0.0006265664160400863,0.0025510204081633514,True,stage18-scaling-24a9adb84176,2,3,7450,303
s2-step7450-f39of40-d3of4,303,C4,C5,0.006058673469387821,Q4,0.004001231148045514,0.0012531328320801727,0.0006265664160400863,0.006058673469387821,True,stage18-scaling-24a9adb84176,2,3,7450,303
s2-step7450-f39of40-d3of4,303,C4,C6,0.0027700831024930483,Q1,0.0027700831024930483,0.001879699248120259,0.00031328320802004317,0.0006377551020408934,True,stage18-scaling-24a9adb84176,2,3,7450,303
s2-step7450-f39of40-d3of4,303,C4,C7,0.0025510204081633514,Q4,0.001231148045552466,0.002192982456140413,0.00187969924812037,0.0025510204081633514,True,stage18-scaling-24a9adb84176,2,3,7450,303
s2-step7450-f39of40-d3of4,303,C4,C8,0.002192982456140302,Q3,0.0009233610341643494,0.0006265664160400863,0.002192982456140302,0.001913265306122458,True,stage18-scaling-24a9adb84176,2,3,7450,303
s2-step7450-f39of40-d3of4,303,C5,C6,0.0054209183673469274,Q4,0.001231148045552466,0.0031328320802004317,0.00031328320802004317,0.0054209183673469274,True,stage18-scaling-24a9adb84176,2,3,7450,303
s2-step7450-f39of40-d3of4,303,C5,C7,0.00523237919359798,Q1,0.00523237919359798,0.0009398496240602405,0.0012531328320802837,0.0035076530612244694,True,stage18-scaling-24a9adb84176,2,3,7450,303
s2-step7450-f39of40-d3of4,303,C5,C8,0.007971938775510279,Q4,0.003077870113881165,0.001879699248120259,0.0028195488721803885,0.007971938775510279,True,stage18-scaling-24a9adb84176,2,3,7450,303
s2-step7450-f39of40-d3of4,303,C6,C7,0.004072681704260672,Q2,0.004001231148045514,0.004072681704260672,0.0015664160401003269,0.001913265306122458,True,stage18-scaling-24a9adb84176,2,3,7450,303
s2-step7450-f39of40-d3of4,303,C6,C8,0.0025510204081633514,Q4,0.001846722068328699,0.0012531328320801727,0.0025062656641603454,0.0025510204081633514,True,stage18-scaling-24a9adb84176,2,3,7450,303
s2-step7450-f39of40-d3of4,303,C7,C8,0.0044642857142858094,Q4,0.0021545090797168154,0.0028195488721804995,0.004072681704260672,0.0044642857142858094,True,stage18-scaling-24a9adb84176,2,3,7450,303
s2-step8150-f4of5-d1of4,307,C1,C2,0.01658163265306123,Q4,0.006771314250538674,0.015350877192982448,0.013471177944862078,0.01658163265306123,True,stage18-scaling-24a9adb84176,2,4,8150,307
s2-step8150-f4of5-d1of2,308,C1,C2,0.01658163265306123,Q4,0.006771314250538674,0.015350877192982448,0.013471177944862078,0.01658163265306123,True,stage18-scaling-24a9adb84176,2,4,8150,308
s2-step8150-f4of5-d1of2,308,C1,C3,0.015697137580794163,Q1,0.015697137580794163,0.012218045112781906,0.012531328320801949,0.012755102040816424,True,stage18-scaling-24a9adb84176,2,4,8150,308
s2-step8150-f4of5-d1of2,308,C1,C4,0.008609693877551061,Q4,0.000615574022776233,0.0028195488721803885,0.0028195488721803885,0.008609693877551061,True,stage18-scaling-24a9adb84176,2,4,8150,308
s2-step8150-f4of5-d1of2,308,C1,C5,0.03324099722991691,Q1,0.03324099722991691,0.024122807017543768,0.024122807017543768,0.0054209183673469274,True,stage18-scaling-24a9adb84176,2,4,8150,308
s2-step8150-f4of5-d1of2,308,C1,C6,0.046875,Q4,0.008925823330255378,0.015037593984962405,0.018796992481202923,0.046875,False,stage18-scaling-24a9adb84176,2,4,8150,308
s2-step8150-f4of5-d1of2,308,C2,C3,0.008925823330255489,Q1,0.008925823330255489,0.0031328320802005427,0.0009398496240601295,0.003826530612244805,True,stage18-scaling-24a9adb84176,2,4,8150,308
s2-step8150-f4of5-d1of2,308,C2,C4,0.01253132832080206,Q2,0.006155740227762441,0.01253132832080206,0.01065162907268169,0.007971938775510168,True,stage18-scaling-24a9adb84176,2,4,8150,308
s2-step8150-f4of5-d1of2,308,C2,C5,0.02646968297937824,Q1,0.02646968297937824,0.00877192982456132,0.01065162907268169,0.022002551020408156,True,stage18-scaling-24a9adb84176,2,4,8150,308
s2-step8150-f4of5-d1of2,308,C2,C6,0.03029336734693877,Q4,0.01569713758079405,0.00031328320802004317,0.005325814536340845,0.03029336734693877,False,stage18-scaling-24a9adb84176,2,4,8150,308
s2-step8150-f4of5-d1of2,308,C3,C4,0.01508156355801793,Q1,0.01508156355801793,0.009398496240601517,0.00971177944862156,0.004145408163265363,True,stage18-scaling-24a9adb84176,2,4,8150,308
s2-step8150-f4of5-d1of2,308,C3,C5,0.01817602040816335,Q4,0.01754385964912275,0.011904761904761862,0.01159147869674182,0.01817602040816335,True,stage18-scaling-24a9adb84176,2,4,8150,308
s2-step8150-f4of5-d1of2,308,C3,C6,0.034119897959183576,Q4,0.02462296091104954,0.0028195488721804995,0.006265664160400974,0.034119897959183576,False,stage18-scaling-24a9adb84176,2,4,8150,308
s2-step8150-f4of5-d1of2,308,C4,C5,0.03262542320714068,Q1,0.03262542320714068,0.02130325814536338,0.02130325814536338,0.014030612244897989,True,stage18-scaling-24a9adb84176,2,4,8150,308
s2-step8150-f4of5-d1of2,308,C4,C6,0.03826530612244894,Q4,0.009541397353031611,0.012218045112782017,0.015977443609022535,0.03826530612244894,False,stage18-scaling-24a9adb84176,2,4,8150,308
s2-step8150-f4of5-d1of2,308,C5,C6,0.05229591836734693,Q4,0.04216682056017229,0.009085213032581363,0.005325814536340845,0.05229591836734693,False,stage18-scaling-24a9adb84176,2,4,8150,308
s2-step8150-f4of5-d3of4,309,C1,C2,0.01658163265306123,Q4,0.006771314250538674,0.015350877192982448,0.013471177944862078,0.01658163265306123,True,stage18-scaling-24a9adb84176,2,4,8150,309
s2-step8150-f4of5-d3of4,309,C1,C3,0.015697137580794163,Q1,0.015697137580794163,0.012218045112781906,0.012531328320801949,0.012755102040816424,True,stage18-scaling-24a9adb84176,2,4,8150,309
s2-step8150-f4of5-d3of4,309,C1,C4,0.008609693877551061,Q4,0.000615574022776233,0.0028195488721803885,0.0028195488721803885,0.008609693877551061,True,stage18-scaling-24a9adb84176,2,4,8150,309
s2-step8150-f4of5-d3of4,309,C1,C5,0.03324099722991691,Q1,0.03324099722991691,0.024122807017543768,0.024122807017543768,0.0054209183673469274,True,stage18-scaling-24a9adb84176,2,4,8150,309
s2-step8150-f4of5-d3of4,309,C1,C6,0.046875,Q4,0.008925823330255378,0.015037593984962405,0.018796992481202923,0.046875,False,stage18-scaling-24a9adb84176,2,4,8150,309
s2-step8150-f4of5-d3of4,309,C2,C3,0.008925823330255489,Q1,0.008925823330255489,0.0031328320802005427,0.0009398496240601295,0.003826530612244805,True,stage18-scaling-24a9adb84176,2,4,8150,309
s2-step8150-f4of5-d3of4,309,C2,C4,0.01253132832080206,Q2,0.006155740227762441,0.01253132832080206,0.01065162907268169,0.007971938775510168,True,stage18-scaling-24a9adb84176,2,4,8150,309
s2-step8150-f4of5-d3of4,309,C2,C5,0.02646968297937824,Q1,0.02646968297937824,0.00877192982456132,0.01065162907268169,0.022002551020408156,True,stage18-scaling-24a9adb84176,2,4,8150,309
s2-step8150-f4of5-d3of4,309,C2,C6,0.03029336734693877,Q4,0.01569713758079405,0.00031328320802004317,0.005325814536340845,0.03029336734693877,False,stage18-scaling-24a9adb84176,2,4,8150,309
s2-step8150-f4of5-d3of4,309,C3,C4,0.01508156355801793,Q1,0.01508156355801793,0.009398496240601517,0.00971177944862156,0.004145408163265363,True,stage18-scaling-24a9adb84176,2,4,8150,309
s2-step8150-f4of5-d3of4,309,C3,C5,0.01817602040816335,Q4,0.01754385964912275,0.011904761904761862,0.01159147869674182,0.01817602040816335,True,stage18-scaling-24a9adb84176,2,4,8150,309
s2-step8150-f4of5-d3of4,309,C3,C6,0.034119897959183576,Q4,0.02462296091104954,0.0028195488721804995,0.006265664160400974,0.034119897959183576,False,stage18-scaling-24a9adb84176,2,4,8150,309
s2-step8150-f4of5-d3of4,309,C4,C5,0.03262542320714068,Q1,0.03262542320714068,0.02130325814536338,0.02130325814536338,0.014030612244897989,True,stage18-scaling-24a9adb84176,2,4,8150,309
s2-step8150-f4of5-d3of4,309,C4,C6,0.03826530612244894,Q4,0.009541397353031611,0.012218045112782017,0.015977443609022535,0.03826530612244894,False,stage18-scaling-24a9adb84176,2,4,8150,309
s2-step8150-f4of5-d3of4,309,C5,C6,0.05229591836734693,Q4,0.04216682056017229,0.009085213032581363,0.005325814536340845,0.05229591836734693,False,stage18-scaling-24a9adb84176,2,4,8150,309
s2-step8150-f17of20-d1of4,310,C1,C2,0.04081632653061229,Q4,0.02216066481994461,0.0006265664160400863,0.0028195488721803885,0.04081632653061229,True,stage18-scaling-24a9adb84176,2,4,8150,310
s2-step8150-f17of20-d1of2,311,C1,C2,0.04081632653061229,Q4,0.02216066481994461,0.0006265664160400863,0.0028195488721803885,0.04081632653061229,True,stage18-scaling-24a9adb84176,2,4,8150,311
s2-step8150-f17of20-d1of2,311,C1,C3,0.046875,Q4,0.010156971375807955,0.0009398496240601295,0.0025062656641603454,0.046875,True,stage18-scaling-24a9adb84176,2,4,8150,311
s2-step8150-f17of20-d1of2,311,C1,C4,0.03188775510204089,Q4,0.024315173899661424,0.0028195488721803885,0.0009398496240601295,0.03188775510204089,True,stage18-scaling-24a9adb84176,2,4,8150,311
s2-step8150-f17of20-d1of2,311,C1,C5,0.03985969387755106,Q4,0.03631886734379819,0.011278195488721776,0.005639097744360888,0.03985969387755106,True,stage18-scaling-24a9adb84176,2,4,8150,311
s2-step8150-f17of20-d1of2,311,C1,C6,0.014030612244897989,Q4,0.01231148045552477,0.011278195488721776,0.007832080200501301,0.014030612244897989,True,stage18-scaling-24a9adb84176,2,4,8150,311
s2-step8150-f17of20-d1of2,311,C2,C3,0.012003693444136654,Q1,0.012003693444136654,0.0015664160401002158,0.00031328320802004317,0.00605867346938771,True,stage18-scaling-24a9adb84176,2,4,8150,311
s2-step8150-f17of20-d1of2,311,C2,C4,0.008928571428571397,Q4,0.0021545090797168154,0.003446115288220475,0.003759398496240518,0.008928571428571397,True,stage18-scaling-24a9adb84176,2,4,8150,311
s2-step8150-f17of20-d1of2,311,C2,C5,0.01415820252385358,Q1,0.01415820252385358,0.011904761904761862,0.008458646616541277,0.000956632653061229,True,stage18-scaling-24a9adb84176,2,4,8150,311
s2-step8150-f17of20-d1of2,311,C2,C6,0.0267857142857143,Q4,0.009849184364419838,0.011904761904761862,0.01065162907268169,0.0267857142857143,True,stage18-scaling-24a9adb84176,2,4,8150,311
s2-step8150-f17of20-d1of2,311,C3,C4,0.014987244897959107,Q4,0.01415820252385347,0.001879699248120259,0.003446115288220475,0.014987244897959107,True,stage18-scaling-24a9adb84176,2,4,8150,311
s2-step8150-f17of20-d1of2,311,C3,C5,0.026161895967990234,Q1,0.026161895967990234,0.010338345864661647,0.008145363408521233,0.007015306122448939,True,stage18-scaling-24a9adb84176,2,4,8150,311
s2-step8150-f17of20-d1of2,311,C3,C6,0.03284438775510201,Q4,0.0021545090797168154,0.010338345864661647,0.010338345864661647,0.03284438775510201,True,stage18-scaling-24a9adb84176,2,4,8150,311
s2-step8150-f17of20-d1of2,311,C4,C5,0.012003693444136765,Q1,0.012003693444136765,0.008458646616541388,0.0046992481203007586,0.007971938775510168,True,stage18-scaling-24a9adb84176,2,4,8150,311
s2-step8150-f17of20-d1of2,311,C4,C6,0.017857142857142905,Q4,0.012003693444136654,0.008458646616541388,0.006892230576441172,0.017857142857142905,True,stage18-scaling-24a9adb84176,2,4,8150,311
s2-step8150-f17of20-d1of2,311,C5,C6,0.025829081632653073,Q4,0.02400738688827342,0.0,0.002192982456140413,0.025829081632653073,True,stage18-scaling-24a9adb84176,2,4,8150,311
s2-step8150-f17of20-d3of4,312,C1,C2,0.04081632653061229,Q4,0.02216066481994461,0.0006265664160400863,0.0028195488721803885,0.04081632653061229,True,stage18-scaling-24a9adb84176,2,4,8150,312
s2-step8150-f17of20-d3of4,312,C1,C3,0.046875,Q4,0.010156971375807955,0.0009398496240601295,0.0025062656641603454,0.046875,True,stage18-scaling-24a9adb84176,2,4,8150,312
s2-step8150-f17of20-d3of4,312,C1,C4,0.03188775510204089,Q4,0.024315173899661424,0.0028195488721803885,0.0009398496240601295,0.03188775510204089,True,stage18-scaling-24a9adb84176,2,4,8150,312
s2-step8150-f17of20-d3of4,312,C1,C5,0.03985969387755106,Q4,0.03631886734379819,0.011278195488721776,0.005639097744360888,0.03985969387755106,True,stage18-scaling-24a9adb84176,2,4,8150,312
s2-step8150-f17of20-d3of4,312,C1,C6,0.014030612244897989,Q4,0.01231148045552477,0.011278195488721776,0.007832080200501301,0.014030612244897989,True,stage18-scaling-24a9adb84176,2,4,8150,312
s2-step8150-f17of20-d3of4,312,C2,C3,0.012003693444136654,Q1,0.012003693444136654,0.0015664160401002158,0.00031328320802004317,0.00605867346938771,True,stage18-scaling-24a9adb84176,2,4,8150,312
s2-step8150-f17of20-d3of4,312,C2,C4,0.008928571428571397,Q4,0.0021545090797168154,0.003446115288220475,0.003759398496240518,0.008928571428571397,True,stage18-scaling-24a9adb84176,2,4,8150,312
s2-step8150-f17of20-d3of4,312,C2,C5,0.01415820252385358,Q1,0.01415820252385358,0.011904761904761862,0.008458646616541277,0.000956632653061229,True,stage18-scaling-24a9adb84176,2,4,8150,312
s2-step8150-f17of20-d3of4,312,C2,C6,0.0267857142857143,Q4,0.009849184364419838,0.011904761904761862,0.01065162907268169,0.0267857142857143,True,stage18-scaling-24a9adb84176,2,4,8150,312
s2-step8150-f17of20-d3of4,312,C3,C4,0.014987244897959107,Q4,0.01415820252385347,0.001879699248120259,0.003446115288220475,0.014987244897959107,True,stage18-scaling-24a9adb84176,2,4,8150,312
s2-step8150-f17of20-d3of4,312,C3,C5,0.026161895967990234,Q1,0.026161895967990234,0.010338345864661647,0.008145363408521233,0.007015306122448939,True,stage18-scaling-24a9adb84176,2,4,8150,312
s2-step8150-f17of20-d3of4,312,C3,C6,0.03284438775510201,Q4,0.0021545090797168154,0.010338345864661647,0.010338345864661647,0.03284438775510201,True,stage18-scaling-24a9adb84176,2,4,8150,312
s2-step8150-f17of20-d3of4,312,C4,C5,0.012003693444136765,Q1,0.012003693444136765,0.008458646616541388,0.0046992481203007586,0.007971938775510168,True,stage18-scaling-24a9adb84176,2,4,8150,312
s2-step8150-f17of20-d3of4,312,C4,C6,0.017857142857142905,Q4,0.012003693444136654,0.008458646616541388,0.006892230576441172,0.017857142857142905,True,stage18-scaling-24a9adb84176,2,4,8150,312
s2-step8150-f17of20-d3of4,312,C5,C6,0.025829081632653073,Q4,0.02400738688827342,0.0,0.002192982456140413,0.025829081632653073,True,stage18-scaling-24a9adb84176,2,4,8150,312
s2-step8150-f9of10-d1of4,313,C1,C2,0.014349489795918324,Q4,0.006771314250538674,0.004072681704260672,0.005325814536340845,0.014349489795918324,True,stage18-scaling-24a9adb84176,2,4,8150,313
s2-step8150-f9of10-d1of2,314,C1,C2,0.014349489795918324,Q4,0.006771314250538674,0.004072681704260672,0.005325814536340845,0.014349489795918324,True,stage18-scaling-24a9adb84176,2,4,8150,314
s2-step8150-f9of10-d1of2,314,C1,C3,0.026777469990766467,Q1,0.026777469990766467,0.003446115288220586,0.004072681704260672,0.023278061224489832,True,stage18-scaling-24a9adb84176,2,4,8150,314
s2-step8150-f9of10-d1of2,314,C1,C4,0.02216066481994461,Q1,0.02216066481994461,0.0009398496240601295,0.0025062656641604564,0.0003188775510204467,True,stage18-scaling-24a9adb84176,2,4,8150,314
s2-step8150-f9of10-d1of2,314,C1,C5,0.034779932286857496,Q1,0.034779932286857496,0.005325814536340845,0.003446115288220586,0.006696428571428603,True,stage18-scaling-24a9adb84176,2,4,8150,314
s2-step8150-f9of10-d1of2,314,C1,C6,0.009233610341643606,Q1,0.009233610341643606,0.005639097744360888,0.0015664160401002158,0.007015306122448939,True,stage18-scaling-24a9adb84176,2,4,8150,314
s2-step8150-f9of10-d1of2,314,C2,C3,0.020006155740227793,Q1,0.020006155740227793,0.0006265664160400863,0.0012531328320801727,0.008928571428571508,True,stage18-scaling-24a9adb84176,2,4,8150,314
s2-step8150-f9of10-d1of2,314,C2,C4,0.015389350569405935,Q1,0.015389350569405935,0.005012531328320802,0.0028195488721803885,0.014030612244897878,True,stage18-scaling-24a9adb84176,2,4,8150,314
s2-step8150-f9of10-d1of2,314,C2,C5,0.028008618036318822,Q1,0.028008618036318822,0.009398496240601517,0.00877192982456143,0.007653061224489721,True,stage18-scaling-24a9adb84176,2,4,8150,314
s2-step8150-f9of10-d1of2,314,C2,C6,0.021364795918367263,Q4,0.002462296091104932,0.0015664160401002158,0.003759398496240629,0.021364795918367263,True,stage18-scaling-24a9adb84176,2,4,8150,314
s2-step8150-f9of10-d1of2,314,C3,C4,0.022959183673469385,Q4,0.004616805170821858,0.004385964912280715,0.0015664160401002158,0.022959183673469385,True,stage18-scaling-24a9adb84176,2,4,8150,314
s2-step8150-f9of10-d1of2,314,C3,C5,0.01658163265306123,Q4,0.008002462296091029,0.00877192982456143,0.007518796992481258,0.01658163265306123,True,stage18-scaling-24a9adb84176,2,4,8150,314
s2-step8150-f9of10-d1of2,314,C3,C6,0.03029336734693877,Q4,0.01754385964912286,0.002192982456140302,0.0025062656641604564,0.03029336734693877,True,stage18-scaling-24a9adb84176,2,4,8150,314
s2-step8150-f9of10-d1of2,314,C4,C5,0.012619267466912887,Q1,0.012619267466912887,0.004385964912280715,0.005952380952381042,0.0063775510204081565,True,stage18-scaling-24a9adb84176,2,4,8150,314
s2-step8150-f9of10-d1of2,314,C4,C6,0.012927054478301003,Q1,0.012927054478301003,0.006578947368421018,0.0009398496240602405,0.0073341836734693855,True,stage18-scaling-24a9adb84176,2,4,8150,314
s2-step8150-f9of10-d1of2,314,C5,C6,0.02554632194521389,Q1,0.02554632194521389,0.010964912280701733,0.005012531328320802,0.013711734693877542,True,stage18-scaling-24a9adb84176,2,4,8150,314
s2-step8150-f9of10-d3of4,315,C1,C2,0.014349489795918324,Q4,0.006771314250538674,0.004072681704260672,0.005325814536340845,0.014349489795918324,True,stage18-scaling-24a9adb84176,2,4,8150,315
s2-step8150-f9of10-d3of4,315,C1,C3,0.026777469990766467,Q1,0.026777469990766467,0.003446115288220586,0.004072681704260672,0.023278061224489832,True,stage18-scaling-24a9adb84176,2,4,8150,315
s2-step8150-f9of10-d3of4,315,C1,C4,0.02216066481994461,Q1,0.02216066481994461,0.0009398496240601295,0.0025062656641604564,0.0003188775510204467,True,stage18-scaling-24a9adb84176,2,4,8150,315
s2-step8150-f9of10-d3of4,315,C1,C5,0.034779932286857496,Q1,0.034779932286857496,0.005325814536340845,0.003446115288220586,0.006696428571428603,True,stage18-scaling-24a9adb84176,2,4,8150,315
s2-step8150-f9of10-d3of4,315,C1,C6,0.009233610341643606,Q1,0.009233610341643606,0.005639097744360888,0.0015664160401002158,0.007015306122448939,True,stage18-scaling-24a9adb84176,2,4,8150,315
s2-step8150-f9of10-d3of4,315,C2,C3,0.020006155740227793,Q1,0.020006155740227793,0.0006265664160400863,0.0012531328320801727,0.008928571428571508,True,stage18-scaling-24a9adb84176,2,4,8150,315
s2-step8150-f9of10-d3of4,315,C2,C4,0.015389350569405935,Q1,0.015389350569405935,0.005012531328320802,0.0028195488721803885,0.014030612244897878,True,stage18-scaling-24a9adb84176,2,4,8150,315
s2-step8150-f9of10-d3of4,315,C2,C5,0.028008618036318822,Q1,0.028008618036318822,0.009398496240601517,0.00877192982456143,0.007653061224489721,True,stage18-scaling-24a9adb84176,2,4,8150,315
s2-step8150-f9of10-d3of4,315,C2,C6,0.021364795918367263,Q4,0.002462296091104932,0.0015664160401002158,0.003759398496240629,0.021364795918367263,True,stage18-scaling-24a9adb84176,2,4,8150,315
s2-step8150-f9of10-d3of4,315,C3,C4,0.022959183673469385,Q4,0.004616805170821858,0.004385964912280715,0.0015664160401002158,0.022959183673469385,True,stage18-scaling-24a9adb84176,2,4,8150,315
s2-step8150-f9of10-d3of4,315,C3,C5,0.01658163265306123,Q4,0.008002462296091029,0.00877192982456143,0.007518796992481258,0.01658163265306123,True,stage18-scaling-24a9adb84176,2,4,8150,315
s2-step8150-f9of10-d3of4,315,C3,C6,0.03029336734693877,Q4,0.01754385964912286,0.002192982456140302,0.0025062656641604564,0.03029336734693877,True,stage18-scaling-24a9adb84176,2,4,8150,315
s2-step8150-f9of10-d3of4,315,C4,C5,0.012619267466912887,Q1,0.012619267466912887,0.004385964912280715,0.005952380952381042,0.0063775510204081565,True,stage18-scaling-24a9adb84176,2,4,8150,315
s2-step8150-f9of10-d3of4,315,C4,C6,0.012927054478301003,Q1,0.012927054478301003,0.006578947368421018,0.0009398496240602405,0.0073341836734693855,True,stage18-scaling-24a9adb84176,2,4,8150,315
s2-step8150-f9of10-d3of4,315,C5,C6,0.02554632194521389,Q1,0.02554632194521389,0.010964912280701733,0.005012531328320802,0.013711734693877542,True,stage18-scaling-24a9adb84176,2,4,8150,315
s2-step8150-f19of20-d1of4,316,C1,C2,0.01658163265306123,Q4,0.00184672206832881,0.01347117794486219,0.01347117794486219,0.01658163265306123,True,stage18-scaling-24a9adb84176,2,4,8150,316
s2-step8150-f19of20-d1of2,317,C1,C2,0.01658163265306123,Q4,0.00184672206832881,0.01347117794486219,0.01347117794486219,0.01658163265306123,True,stage18-scaling-24a9adb84176,2,4,8150,317
s2-step8150-f19of20-d1of2,317,C1,C3,0.010025062656641603,Q2,0.006771314250538674,0.010025062656641603,0.00971177944862156,0.0006377551020407823,True,stage18-scaling-24a9adb84176,2,4,8150,317
s2-step8150-f19of20-d1of2,317,C1,C4,0.01566416040100249,Q3,0.0021545090797169264,0.012844611528822103,0.01566416040100249,0.015625,True,stage18-scaling-24a9adb84176,2,4,8150,317
s2-step8150-f19of20-d1of2,317,C1,C5,0.015350877192982448,Q3,0.004001231148045625,0.015037593984962405,0.015350877192982448,0.013711734693877542,True,stage18-scaling-24a9adb84176,2,4,8150,317
s2-step8150-f19of20-d1of2,317,C1,C6,0.009398496240601517,Q3,0.0015389350569406934,0.008458646616541388,0.009398496240601517,0.005739795918367263,True,stage18-scaling-24a9adb84176,2,4,8150,317
s2-step8150-f19of20-d1of2,317,C1,C7,0.015037593984962405,Q3,0.008310249307479256,0.01253132832080206,0.015037593984962405,0.014987244897959107,True,stage18-scaling-24a9adb84176,2,4,8150,317
s2-step8150-f19of20-d1of2,317,C2,C3,0.015943877551020447,Q4,0.004924592182209864,0.003446115288220586,0.003759398496240629,0.015943877551020447,True,stage18-scaling-24a9adb84176,2,4,8150,317
s2-step8150-f19of20-d1of2,317,C2,C4,0.002192982456140302,Q3,0.0003077870113881165,0.0006265664160400863,0.002192982456140302,0.000956632653061229,True,stage18-scaling-24a9adb84176,2,4,8150,317
s2-step8150-f19of20-d1of2,317,C2,C5,0.002869897959183687,Q4,0.0021545090797168154,0.0015664160401002158,0.001879699248120259,0.002869897959183687,True,stage18-scaling-24a9adb84176,2,4,8150,317
s2-step8150-f19of20-d1of2,317,C2,C6,0.010841836734693966,Q4,0.0003077870113881165,0.005012531328320802,0.004072681704260672,0.010841836734693966,True,stage18-scaling-24a9adb84176,2,4,8150,317
s2-step8150-f19of20-d1of2,317,C2,C7,0.006463527239150446,Q1,0.006463527239150446,0.0009398496240601295,0.0015664160401002158,0.0015943877551021224,True,stage18-scaling-24a9adb84176,2,4,8150,317
s2-step8150-f19of20-d1of2,317,C3,C4,0.014987244897959218,Q4,0.004616805170821747,0.0028195488721804995,0.005952380952380931,0.014987244897959218,True,stage18-scaling-24a9adb84176,2,4,8150,317
s2-step8150-f19of20-d1of2,317,C3,C5,0.01307397959183676,Q4,0.0027700831024930483,0.005012531328320802,0.005639097744360888,0.01307397959183676,True,stage18-scaling-24a9adb84176,2,4,8150,317
s2-step8150-f19of20-d1of2,317,C3,C6,0.00523237919359798,Q1,0.00523237919359798,0.0015664160401002158,0.00031328320802004317,0.005102040816326481,True,stage18-scaling-24a9adb84176,2,4,8150,317
s2-step8150-f19of20-d1of2,317,C3,C7,0.014349489795918324,Q4,0.0015389350569405824,0.0025062656641604564,0.005325814536340845,0.014349489795918324,True,stage18-scaling-24a9adb84176,2,4,8150,317
s2-step8150-f19of20-d1of2,317,C4,C5,0.002192982456140302,Q2,0.001846722068328699,0.002192982456140302,0.00031328320802004317,0.001913265306122458,True,stage18-scaling-24a9adb84176,2,4,8150,317
s2-step8150-f19of20-d1of2,317,C4,C6,0.009885204081632737,Q4,0.000615574022776233,0.004385964912280715,0.006265664160400974,0.009885204081632737,True,stage18-scaling-24a9adb84176,2,4,8150,317
s2-step8150-f19of20-d1of2,317,C4,C7,0.00615574022776233,Q1,0.00615574022776233,0.00031328320802004317,0.0006265664160400863,0.0006377551020408934,True,stage18-scaling-24a9adb84176,2,4,8150,317
s2-step8150-f19of20-d1of2,317,C5,C6,0.007971938775510279,Q4,0.002462296091104932,0.006578947368421018,0.005952380952380931,0.007971938775510279,True,stage18-scaling-24a9adb84176,2,4,8150,317
s2-step8150-f19of20-d1of2,317,C5,C7,0.004309018159433631,Q1,0.004309018159433631,0.0025062656641603454,0.00031328320802004317,0.0012755102040815647,True,stage18-scaling-24a9adb84176,2,4,8150,317
s2-step8150-f19of20-d1of2,317,C6,C7,0.009247448979591844,Q4,0.006771314250538563,0.004072681704260672,0.005639097744360888,0.009247448979591844,True,stage18-scaling-24a9adb84176,2,4,8150,317
s2-step8150-f19of20-d3of4,318,C1,C2,0.01658163265306123,Q4,0.00184672206832881,0.01347117794486219,0.01347117794486219,0.01658163265306123,True,stage18-scaling-24a9adb84176,2,4,8150,318
s2-step8150-f19of20-d3of4,318,C1,C3,0.010025062656641603,Q2,0.006771314250538674,0.010025062656641603,0.00971177944862156,0.0006377551020407823,True,stage18-scaling-24a9adb84176,2,4,8150,318
s2-step8150-f19of20-d3of4,318,C1,C4,0.01566416040100249,Q3,0.0021545090797169264,0.012844611528822103,0.01566416040100249,0.015625,True,stage18-scaling-24a9adb84176,2,4,8150,318
s2-step8150-f19of20-d3of4,318,C1,C5,0.015350877192982448,Q3,0.004001231148045625,0.015037593984962405,0.015350877192982448,0.013711734693877542,True,stage18-scaling-24a9adb84176,2,4,8150,318
s2-step8150-f19of20-d3of4,318,C1,C6,0.009398496240601517,Q3,0.0015389350569406934,0.008458646616541388,0.009398496240601517,0.005739795918367263,True,stage18-scaling-24a9adb84176,2,4,8150,318
s2-step8150-f19of20-d3of4,318,C1,C7,0.015037593984962405,Q3,0.008310249307479256,0.01253132832080206,0.015037593984962405,0.014987244897959107,True,stage18-scaling-24a9adb84176,2,4,8150,318
s2-step8150-f19of20-d3of4,318,C2,C3,0.015943877551020447,Q4,0.004924592182209864,0.003446115288220586,0.003759398496240629,0.015943877551020447,True,stage18-scaling-24a9adb84176,2,4,8150,318
s2-step8150-f19of20-d3of4,318,C2,C4,0.002192982456140302,Q3,0.0003077870113881165,0.0006265664160400863,0.002192982456140302,0.000956632653061229,True,stage18-scaling-24a9adb84176,2,4,8150,318
s2-step8150-f19of20-d3of4,318,C2,C5,0.002869897959183687,Q4,0.0021545090797168154,0.0015664160401002158,0.001879699248120259,0.002869897959183687,True,stage18-scaling-24a9adb84176,2,4,8150,318
s2-step8150-f19of20-d3of4,318,C2,C6,0.010841836734693966,Q4,0.0003077870113881165,0.005012531328320802,0.004072681704260672,0.010841836734693966,True,stage18-scaling-24a9adb84176,2,4,8150,318
s2-step8150-f19of20-d3of4,318,C2,C7,0.006463527239150446,Q1,0.006463527239150446,0.0009398496240601295,0.0015664160401002158,0.0015943877551021224,True,stage18-scaling-24a9adb84176,2,4,8150,318
s2-step8150-f19of20-d3of4,318,C3,C4,0.014987244897959218,Q4,0.004616805170821747,0.0028195488721804995,0.005952380952380931,0.014987244897959218,True,stage18-scaling-24a9adb84176,2,4,8150,318
s2-step8150-f19of20-d3of4,318,C3,C5,0.01307397959183676,Q4,0.0027700831024930483,0.005012531328320802,0.005639097744360888,0.01307397959183676,True,stage18-scaling-24a9adb84176,2,4,8150,318
s2-step8150-f19of20-d3of4,318,C3,C6,0.00523237919359798,Q1,0.00523237919359798,0.0015664160401002158,0.00031328320802004317,0.005102040816326481,True,stage18-scaling-24a9adb84176,2,4,8150,318
s2-step8150-f19of20-d3of4,318,C3,C7,0.014349489795918324,Q4,0.0015389350569405824,0.0025062656641604564,0.005325814536340845,0.014349489795918324,True,stage18-scaling-24a9adb84176,2,4,8150,318
s2-step8150-f19of20-d3of4,318,C4,C5,0.002192982456140302,Q2,0.001846722068328699,0.002192982456140302,0.00031328320802004317,0.001913265306122458,True,stage18-scaling-24a9adb84176,2,4,8150,318
s2-step8150-f19of20-d3of4,318,C4,C6,0.009885204081632737,Q4,0.000615574022776233,0.004385964912280715,0.006265664160400974,0.009885204081632737,True,stage18-scaling-24a9adb84176,2,4,8150,318
s2-step8150-f19of20-d3of4,318,C4,C7,0.00615574022776233,Q1,0.00615574022776233,0.00031328320802004317,0.0006265664160400863,0.0006377551020408934,True,stage18-scaling-24a9adb84176,2,4,8150,318
s2-step8150-f19of20-d3of4,318,C5,C6,0.007971938775510279,Q4,0.002462296091104932,0.006578947368421018,0.005952380952380931,0.007971938775510279,True,stage18-scaling-24a9adb84176,2,4,8150,318
s2-step8150-f19of20-d3of4,318,C5,C7,0.004309018159433631,Q1,0.004309018159433631,0.0025062656641603454,0.00031328320802004317,0.0012755102040815647,True,stage18-scaling-24a9adb84176,2,4,8150,318
s2-step8150-f19of20-d3of4,318,C6,C7,0.009247448979591844,Q4,0.006771314250538563,0.004072681704260672,0.005639097744360888,0.009247448979591844,True,stage18-scaling-24a9adb84176,2,4,8150,318
s2-step8150-f39of40-d1of4,319,C1,C2,0.008002462296091029,Q1,0.008002462296091029,0.002192982456140413,0.0015664160401002158,0.004464285714285698,True,stage18-scaling-24a9adb84176,2,4,8150,319
s2-step8150-f39of40-d1of2,320,C1,C2,0.008002462296091029,Q1,0.008002462296091029,0.002192982456140413,0.0015664160401002158,0.004464285714285698,True,stage18-scaling-24a9adb84176,2,4,8150,320
s2-step8150-f39of40-d1of2,320,C1,C3,0.003077870113881165,Q1,0.003077870113881165,0.0006265664160401974,0.0,0.002869897959183687,True,stage18-scaling-24a9adb84176,2,4,8150,320
s2-step8150-f39of40-d1of2,320,C1,C4,0.0054209183673469274,Q4,0.000615574022776233,0.0031328320802005427,0.0031328320802004317,0.0054209183673469274,True,stage18-scaling-24a9adb84176,2,4,8150,320
s2-step8150-f39of40-d1of2,320,C1,C5,0.0035076530612244694,Q4,0.0009233610341643494,0.0028195488721804995,0.0012531328320801727,0.0035076530612244694,True,stage18-scaling-24a9adb84176,2,4,8150,320
s2-step8150-f39of40-d1of2,320,C1,C6,0.009247448979591844,Q4,0.0,0.005639097744360999,0.005639097744360888,0.009247448979591844,True,stage18-scaling-24a9adb84176,2,4,8150,320
s2-step8150-f39of40-d1of2,320,C1,C7,0.0063775510204081565,Q4,0.0033856571252693923,0.004072681704260672,0.0025062656641603454,0.0063775510204081565,True,stage18-scaling-24a9adb84176,2,4,8150,320
s2-step8150-f39of40-d1of2,320,C2,C3,0.004924592182209864,Q1,0.004924592182209864,0.0015664160401002158,0.0015664160401002158,0.0015943877551020114,True,stage18-scaling-24a9adb84176,2,4,8150,320
s2-step8150-f39of40-d1of2,320,C2,C4,0.009885204081632626,Q4,0.008618036318867262,0.0009398496240601295,0.0015664160401002158,0.009885204081632626,True,stage18-scaling-24a9adb84176,2,4,8150,320
s2-step8150-f39of40-d1of2,320,C2,C5,0.007971938775510168,Q4,0.007079101261926679,0.0006265664160400863,0.00031328320802004317,0.007971938775510168,True,stage18-scaling-24a9adb84176,2,4,8150,320
s2-step8150-f39of40-d1of2,320,C2,C6,0.013711734693877542,Q4,0.008002462296091029,0.003446115288220586,0.004072681704260672,0.013711734693877542,True,stage18-scaling-24a9adb84176,2,4,8150,320
s2-step8150-f39of40-d1of2,320,C2,C7,0.011388119421360421,Q1,0.011388119421360421,0.001879699248120259,0.0009398496240601295,0.010841836734693855,True,stage18-scaling-24a9adb84176,2,4,8150,320
s2-step8150-f39of40-d1of2,320,C3,C4,0.008290816326530615,Q4,0.003693444136657398,0.0025062656641603454,0.0031328320802004317,0.008290816326530615,True,stage18-scaling-24a9adb84176,2,4,8150,320
s2-step8150-f39of40-d1of2,320,C3,C5,0.0063775510204081565,Q4,0.0021545090797168154,0.002192982456140302,0.0012531328320801727,0.0063775510204081565,True,stage18-scaling-24a9adb84176,2,4,8150,320
s2-step8150-f39of40-d1of2,320,C3,C6,0.01211734693877553,Q4,0.003077870113881165,0.005012531328320802,0.005639097744360888,0.01211734693877553,True,stage18-scaling-24a9adb84176,2,4,8150,320
s2-step8150-f39of40-d1of2,320,C3,C7,0.009247448979591844,Q4,0.006463527239150557,0.003446115288220475,0.0025062656641603454,0.009247448979591844,True,stage18-scaling-24a9adb84176,2,4,8150,320
s2-step8150-f39of40-d1of2,320,C4,C5,0.001913265306122458,Q4,0.0015389350569405824,0.00031328320802004317,0.001879699248120259,0.001913265306122458,True,stage18-scaling-24a9adb84176,2,4,8150,320
s2-step8150-f39of40-d1of2,320,C4,C6,0.003826530612244916,Q4,0.000615574022776233,0.0025062656641604564,0.0025062656641604564,0.003826530612244916,True,stage18-scaling-24a9adb84176,2,4,8150,320
s2-step8150-f39of40-d1of2,320,C4,C7,0.0027700831024931594,Q1,0.0027700831024931594,0.0009398496240601295,0.0006265664160400863,0.000956632653061229,True,stage18-scaling-24a9adb84176,2,4,8150,320
s2-step8150-f39of40-d1of2,320,C5,C6,0.005739795918367374,Q4,0.0009233610341643494,0.0028195488721804995,0.004385964912280715,0.005739795918367374,True,stage18-scaling-24a9adb84176,2,4,8150,320
s2-step8150-f39of40-d1of2,320,C5,C7,0.004309018159433742,Q1,0.004309018159433742,0.0012531328320801727,0.0012531328320801727,0.002869897959183687,True,stage18-scaling-24a9adb84176,2,4,8150,320
s2-step8150-f39of40-d1of2,320,C6,C7,0.0033856571252693923,Q1,0.0033856571252693923,0.0015664160401003269,0.0031328320802005427,0.002869897959183687,True,stage18-scaling-24a9adb84176,2,4,8150,320
s2-step8150-f39of40-d3of4,321,C1,C2,0.008002462296091029,Q1,0.008002462296091029,0.002192982456140413,0.0015664160401002158,0.004464285714285698,True,stage18-scaling-24a9adb84176,2,4,8150,321
s2-step8150-f39of40-d3of4,321,C1,C3,0.003077870113881165,Q1,0.003077870113881165,0.0006265664160401974,0.0,0.002869897959183687,True,stage18-scaling-24a9adb84176,2,4,8150,321
s2-step8150-f39of40-d3of4,321,C1,C4,0.0054209183673469274,Q4,0.000615574022776233,0.0031328320802005427,0.0031328320802004317,0.0054209183673469274,True,stage18-scaling-24a9adb84176,2,4,8150,321
s2-step8150-f39of40-d3of4,321,C1,C5,0.0035076530612244694,Q4,0.0009233610341643494,0.0028195488721804995,0.0012531328320801727,0.0035076530612244694,True,stage18-scaling-24a9adb84176,2,4,8150,321
s2-step8150-f39of40-d3of4,321,C1,C6,0.009247448979591844,Q4,0.0,0.005639097744360999,0.005639097744360888,0.009247448979591844,True,stage18-scaling-24a9adb84176,2,4,8150,321
s2-step8150-f39of40-d3of4,321,C1,C7,0.0063775510204081565,Q4,0.0033856571252693923,0.004072681704260672,0.0025062656641603454,0.0063775510204081565,True,stage18-scaling-24a9adb84176,2,4,8150,321
s2-step8150-f39of40-d3of4,321,C2,C3,0.004924592182209864,Q1,0.004924592182209864,0.0015664160401002158,0.0015664160401002158,0.0015943877551020114,True,stage18-scaling-24a9adb84176,2,4,8150,321
s2-step8150-f39of40-d3of4,321,C2,C4,0.009885204081632626,Q4,0.008618036318867262,0.0009398496240601295,0.0015664160401002158,0.009885204081632626,True,stage18-scaling-24a9adb84176,2,4,8150,321
s2-step8150-f39of40-d3of4,321,C2,C5,0.007971938775510168,Q4,0.007079101261926679,0.0006265664160400863,0.00031328320802004317,0.007971938775510168,True,stage18-scaling-24a9adb84176,2,4,8150,321
s2-step8150-f39of40-d3of4,321,C2,C6,0.013711734693877542,Q4,0.008002462296091029,0.003446115288220586,0.004072681704260672,0.013711734693877542,True,stage18-scaling-24a9adb84176,2,4,8150,321
s2-step8150-f39of40-d3of4,321,C2,C7,0.011388119421360421,Q1,0.011388119421360421,0.001879699248120259,0.0009398496240601295,0.010841836734693855,True,stage18-scaling-24a9adb84176,2,4,8150,321
s2-step8150-f39of40-d3of4,321,C3,C4,0.008290816326530615,Q4,0.003693444136657398,0.0025062656641603454,0.0031328320802004317,0.008290816326530615,True,stage18-scaling-24a9adb84176,2,4,8150,321
s2-step8150-f39of40-d3of4,321,C3,C5,0.0063775510204081565,Q4,0.0021545090797168154,0.002192982456140302,0.0012531328320801727,0.0063775510204081565,True,stage18-scaling-24a9adb84176,2,4,8150,321
s2-step8150-f39of40-d3of4,321,C3,C6,0.01211734693877553,Q4,0.003077870113881165,0.005012531328320802,0.005639097744360888,0.01211734693877553,True,stage18-scaling-24a9adb84176,2,4,8150,321
s2-step8150-f39of40-d3of4,321,C3,C7,0.009247448979591844,Q4,0.006463527239150557,0.003446115288220475,0.0025062656641603454,0.009247448979591844,True,stage18-scaling-24a9adb84176,2,4,8150,321
s2-step8150-f39of40-d3of4,321,C4,C5,0.001913265306122458,Q4,0.0015389350569405824,0.00031328320802004317,0.001879699248120259,0.001913265306122458,True,stage18-scaling-24a9adb84176,2,4,8150,321
s2-step8150-f39of40-d3of4,321,C4,C6,0.003826530612244916,Q4,0.000615574022776233,0.0025062656641604564,0.0025062656641604564,0.003826530612244916,True,stage18-scaling-24a9adb84176,2,4,8150,321
s2-step8150-f39of40-d3of4,321,C4,C7,0.0027700831024931594,Q1,0.0027700831024931594,0.0009398496240601295,0.0006265664160400863,0.000956632653061229,True,stage18-scaling-24a9adb84176,2,4,8150,321
s2-step8150-f39of40-d3of4,321,C5,C6,0.005739795918367374,Q4,0.0009233610341643494,0.0028195488721804995,0.004385964912280715,0.005739795918367374,True,stage18-scaling-24a9adb84176,2,4,8150,321
s2-step8150-f39of40-d3of4,321,C5,C7,0.004309018159433742,Q1,0.004309018159433742,0.0012531328320801727,0.0012531328320801727,0.002869897959183687,True,stage18-scaling-24a9adb84176,2,4,8150,321
s2-step8150-f39of40-d3of4,321,C6,C7,0.0033856571252693923,Q1,0.0033856571252693923,0.0015664160401003269,0.0031328320802005427,0.002869897959183687,True,stage18-scaling-24a9adb84176,2,4,8150,321
s2-step8150-f99of100-d1of4,322,C1,C2,0.0035076530612244694,Q4,0.0009233610341643494,0.002192982456140413,0.0009398496240601295,0.0035076530612244694,True,stage18-scaling-24a9adb84176,2,4,8150,322
s2-step8150-f99of100-d1of2,323,C1,C2,0.0035076530612244694,Q4,0.0009233610341643494,0.002192982456140413,0.0009398496240601295,0.0035076530612244694,True,stage18-scaling-24a9adb84176,2,4,8150,323
s2-step8150-f99of100-d1of2,323,C1,C3,0.0031887755102041337,Q4,0.0003077870113881165,0.0009398496240601295,0.001879699248120259,0.0031887755102041337,True,stage18-scaling-24a9adb84176,2,4,8150,323
s2-step8150-f99of100-d1of2,323,C1,C4,0.0021545090797168154,Q1,0.0021545090797168154,0.0006265664160400863,0.0006265664160400863,0.0015943877551020114,True,stage18-scaling-24a9adb84176,2,4,8150,323
s2-step8150-f99of100-d1of2,323,C1,C5,0.0015943877551020114,Q4,0.0015389350569405824,0.0012531328320802837,0.0006265664160400863,0.0015943877551020114,True,stage18-scaling-24a9adb84176,2,4,8150,323
s2-step8150-f99of100-d1of2,323,C1,C6,0.001846722068328699,Q1,0.001846722068328699,0.0012531328320801727,0.0006265664160400863,0.000956632653061229,True,stage18-scaling-24a9adb84176,2,4,8150,323
s2-step8150-f99of100-d1of2,323,C1,C7,0.0015664160401002158,Q3,0.0009233610341643494,0.0006265664160400863,0.0015664160401002158,0.0,True,stage18-scaling-24a9adb84176,2,4,8150,323
s2-step8150-f99of100-d1of2,323,C2,C3,0.006696428571428603,Q4,0.000615574022776233,0.0031328320802005427,0.0028195488721803885,0.006696428571428603,True,stage18-scaling-24a9adb84176,2,4,8150,323
s2-step8150-f99of100-d1of2,323,C2,C4,0.005102040816326481,Q4,0.001231148045552466,0.0015664160401003269,0.00031328320802004317,0.005102040816326481,True,stage18-scaling-24a9adb84176,2,4,8150,323
s2-step8150-f99of100-d1of2,323,C2,C5,0.005102040816326481,Q4,0.000615574022776233,0.0009398496240601295,0.0015664160401002158,0.005102040816326481,True,stage18-scaling-24a9adb84176,2,4,8150,323
s2-step8150-f99of100-d1of2,323,C2,C6,0.004464285714285698,Q4,0.0027700831024930483,0.003446115288220586,0.0015664160401002158,0.004464285714285698,True,stage18-scaling-24a9adb84176,2,4,8150,323
s2-step8150-f99of100-d1of2,323,C2,C7,0.0035076530612244694,Q4,0.001846722068328699,0.0028195488721804995,0.0025062656641603454,0.0035076530612244694,True,stage18-scaling-24a9adb84176,2,4,8150,323
s2-step8150-f99of100-d1of2,323,C3,C4,0.0025062656641603454,Q3,0.001846722068328699,0.0015664160401002158,0.0025062656641603454,0.0015943877551021224,True,stage18-scaling-24a9adb84176,2,4,8150,323
s2-step8150-f99of100-d1of2,323,C3,C5,0.002192982456140413,Q2,0.001231148045552466,0.002192982456140413,0.0012531328320801727,0.0015943877551021224,True,stage18-scaling-24a9adb84176,2,4,8150,323
s2-step8150-f99of100-d1of2,323,C3,C6,0.0022321428571429047,Q4,0.0021545090797168154,0.00031328320802004317,0.0012531328320801727,0.0022321428571429047,True,stage18-scaling-24a9adb84176,2,4,8150,323
s2-step8150-f99of100-d1of2,323,C3,C7,0.0031887755102041337,Q4,0.001231148045552466,0.00031328320802004317,0.00031328320802004317,0.0031887755102041337,True,stage18-scaling-24a9adb84176,2,4,8150,323
s2-step8150-f99of100-d1of2,323,C4,C5,0.0012531328320801727,Q3,0.000615574022776233,0.0006265664160401974,0.0012531328320801727,0.0,True,stage18-scaling-24a9adb84176,2,4,8150,323
s2-step8150-f99of100-d1of2,323,C4,C6,0.004001231148045514,Q1,0.004001231148045514,0.001879699248120259,0.0012531328320801727,0.0006377551020407823,True,stage18-scaling-24a9adb84176,2,4,8150,323
s2-step8150-f99of100-d1of2,323,C4,C7,0.003077870113881165,Q1,0.003077870113881165,0.0012531328320801727,0.002192982456140302,0.0015943877551020114,True,stage18-scaling-24a9adb84176,2,4,8150,323
s2-step8150-f99of100-d1of2,323,C5,C6,0.0033856571252692813,Q1,0.0033856571252692813,0.0025062656641604564,0.0,0.0006377551020407823,True,stage18-scaling-24a9adb84176,2,4,8150,323
s2-step8150-f99of100-d1of2,323,C5,C7,0.002462296091104932,Q1,0.002462296091104932,0.00187969924812037,0.0009398496240601295,0.0015943877551020114,True,stage18-scaling-24a9adb84176,2,4,8150,323
s2-step8150-f99of100-d1of2,323,C6,C7,0.000956632653061229,Q4,0.0009233610341643494,0.0006265664160400863,0.0009398496240601295,0.000956632653061229,True,stage18-scaling-24a9adb84176,2,4,8150,323
s2-step8150-f99of100-d3of4,324,C1,C2,0.0035076530612244694,Q4,0.0009233610341643494,0.002192982456140413,0.0009398496240601295,0.0035076530612244694,True,stage18-scaling-24a9adb84176,2,4,8150,324
s2-step8150-f99of100-d3of4,324,C1,C3,0.0031887755102041337,Q4,0.0003077870113881165,0.0009398496240601295,0.001879699248120259,0.0031887755102041337,True,stage18-scaling-24a9adb84176,2,4,8150,324
s2-step8150-f99of100-d3of4,324,C1,C4,0.0021545090797168154,Q1,0.0021545090797168154,0.0006265664160400863,0.0006265664160400863,0.0015943877551020114,True,stage18-scaling-24a9adb84176,2,4,8150,324
s2-step8150-f99of100-d3of4,324,C1,C5,0.0015943877551020114,Q4,0.0015389350569405824,0.0012531328320802837,0.0006265664160400863,0.0015943877551020114,True,stage18-scaling-24a9adb84176,2,4,8150,324
s2-step8150-f99of100-d3of4,324,C1,C6,0.001846722068328699,Q1,0.001846722068328699,0.0012531328320801727,0.0006265664160400863,0.000956632653061229,True,stage18-scaling-24a9adb84176,2,4,8150,324
s2-step8150-f99of100-d3of4,324,C1,C7,0.0015664160401002158,Q3,0.0009233610341643494,0.0006265664160400863,0.0015664160401002158,0.0,True,stage18-scaling-24a9adb84176,2,4,8150,324
s2-step8150-f99of100-d3of4,324,C2,C3,0.006696428571428603,Q4,0.000615574022776233,0.0031328320802005427,0.0028195488721803885,0.006696428571428603,True,stage18-scaling-24a9adb84176,2,4,8150,324
s2-step8150-f99of100-d3of4,324,C2,C4,0.005102040816326481,Q4,0.001231148045552466,0.0015664160401003269,0.00031328320802004317,0.005102040816326481,True,stage18-scaling-24a9adb84176,2,4,8150,324
s2-step8150-f99of100-d3of4,324,C2,C5,0.005102040816326481,Q4,0.000615574022776233,0.0009398496240601295,0.0015664160401002158,0.005102040816326481,True,stage18-scaling-24a9adb84176,2,4,8150,324
s2-step8150-f99of100-d3of4,324,C2,C6,0.004464285714285698,Q4,0.0027700831024930483,0.003446115288220586,0.0015664160401002158,0.004464285714285698,True,stage18-scaling-24a9adb84176,2,4,8150,324
s2-step8150-f99of100-d3of4,324,C2,C7,0.0035076530612244694,Q4,0.001846722068328699,0.0028195488721804995,0.0025062656641603454,0.0035076530612244694,True,stage18-scaling-24a9adb84176,2,4,8150,324
s2-step8150-f99of100-d3of4,324,C3,C4,0.0025062656641603454,Q3,0.001846722068328699,0.0015664160401002158,0.0025062656641603454,0.0015943877551021224,True,stage18-scaling-24a9adb84176,2,4,8150,324
s2-step8150-f99of100-d3of4,324,C3,C5,0.002192982456140413,Q2,0.001231148045552466,0.002192982456140413,0.0012531328320801727,0.0015943877551021224,True,stage18-scaling-24a9adb84176,2,4,8150,324
s2-step8150-f99of100-d3of4,324,C3,C6,0.0022321428571429047,Q4,0.0021545090797168154,0.00031328320802004317,0.0012531328320801727,0.0022321428571429047,True,stage18-scaling-24a9adb84176,2,4,8150,324
s2-step8150-f99of100-d3of4,324,C3,C7,0.0031887755102041337,Q4,0.001231148045552466,0.00031328320802004317,0.00031328320802004317,0.0031887755102041337,True,stage18-scaling-24a9adb84176,2,4,8150,324
s2-step8150-f99of100-d3of4,324,C4,C5,0.0012531328320801727,Q3,0.000615574022776233,0.0006265664160401974,0.0012531328320801727,0.0,True,stage18-scaling-24a9adb84176,2,4,8150,324
s2-step8150-f99of100-d3of4,324,C4,C6,0.004001231148045514,Q1,0.004001231148045514,0.001879699248120259,0.0012531328320801727,0.0006377551020407823,True,stage18-scaling-24a9adb84176,2,4,8150,324
s2-step8150-f99of100-d3of4,324,C4,C7,0.003077870113881165,Q1,0.003077870113881165,0.0012531328320801727,0.002192982456140302,0.0015943877551020114,True,stage18-scaling-24a9adb84176,2,4,8150,324
s2-step8150-f99of100-d3of4,324,C5,C6,0.0033856571252692813,Q1,0.0033856571252692813,0.0025062656641604564,0.0,0.0006377551020407823,True,stage18-scaling-24a9adb84176,2,4,8150,324
s2-step8150-f99of100-d3of4,324,C5,C7,0.002462296091104932,Q1,0.002462296091104932,0.00187969924812037,0.0009398496240601295,0.0015943877551020114,True,stage18-scaling-24a9adb84176,2,4,8150,324
s2-step8150-f99of100-d3of4,324,C6,C7,0.000956632653061229,Q4,0.0009233610341643494,0.0006265664160400863,0.0009398496240601295,0.000956632653061229,True,stage18-scaling-24a9adb84176,2,4,8150,324
s2-step8500-f4of5-d1of4,325,C1,C2,0.010841836734693855,Q4,0.007386888273314907,0.0031328320802004317,0.001879699248120259,0.010841836734693855,True,stage18-scaling-24a9adb84176,2,5,8500,325
s2-step8500-f4of5-d1of4,325,C1,C3,0.02130325814536338,Q2,0.013542628501077236,0.02130325814536338,0.01754385964912275,0.0006377551020407823,True,stage18-scaling-24a9adb84176,2,5,8500,325
s2-step8500-f4of5-d1of4,325,C1,C4,0.010464758387196071,Q1,0.010464758387196071,0.0015664160401002158,0.00031328320802004317,0.005739795918367263,True,stage18-scaling-24a9adb84176,2,5,8500,325
s2-step8500-f4of5-d1of4,325,C2,C3,0.01942355889724301,Q3,0.00615574022776233,0.018170426065162948,0.01942355889724301,0.010204081632653073,True,stage18-scaling-24a9adb84176,2,5,8500,325
s2-step8500-f4of5-d1of4,325,C2,C4,0.005102040816326592,Q4,0.003077870113881165,0.0015664160401002158,0.002192982456140302,0.005102040816326592,True,stage18-scaling-24a9adb84176,2,5,8500,325
s2-step8500-f4of5-d1of4,325,C3,C4,0.019736842105263164,Q2,0.003077870113881165,0.019736842105263164,0.017230576441102707,0.005102040816326481,True,stage18-scaling-24a9adb84176,2,5,8500,325
s2-step8500-f4of5-d1of2,326,C1,C2,0.010841836734693855,Q4,0.007386888273314907,0.0031328320802004317,0.001879699248120259,0.010841836734693855,True,stage18-scaling-24a9adb84176,2,5,8500,326
s2-step8500-f4of5-d1of2,326,C1,C3,0.02130325814536338,Q2,0.013542628501077236,0.02130325814536338,0.01754385964912275,0.0006377551020407823,True,stage18-scaling-24a9adb84176,2,5,8500,326
s2-step8500-f4of5-d1of2,326,C1,C4,0.010464758387196071,Q1,0.010464758387196071,0.0015664160401002158,0.00031328320802004317,0.005739795918367263,True,stage18-scaling-24a9adb84176,2,5,8500,326
s2-step8500-f4of5-d1of2,326,C1,C5,0.02519132653061218,Q4,0.018775007694675327,0.011278195488721887,0.011278195488721776,0.02519132653061218,True,stage18-scaling-24a9adb84176,2,5,8500,326
s2-step8500-f4of5-d1of2,326,C1,C6,0.029974489795918324,Q4,0.0027700831024930483,0.003446115288220586,0.005012531328320802,0.029974489795918324,True,stage18-scaling-24a9adb84176,2,5,8500,326
s2-step8500-f4of5-d1of2,326,C2,C3,0.01942355889724301,Q3,0.00615574022776233,0.018170426065162948,0.01942355889724301,0.010204081632653073,True,stage18-scaling-24a9adb84176,2,5,8500,326
s2-step8500-f4of5-d1of2,326,C2,C4,0.005102040816326592,Q4,0.003077870113881165,0.0015664160401002158,0.002192982456140302,0.005102040816326592,True,stage18-scaling-24a9adb84176,2,5,8500,326
s2-step8500-f4of5-d1of2,326,C2,C5,0.014411027568922319,Q2,0.011388119421360421,0.014411027568922319,0.009398496240601517,0.014349489795918324,True,stage18-scaling-24a9adb84176,2,5,8500,326
s2-step8500-f4of5-d1of2,326,C2,C6,0.01913265306122447,Q4,0.004616805170821858,0.006578947368421018,0.0031328320802005427,0.01913265306122447,True,stage18-scaling-24a9adb84176,2,5,8500,326
s2-step8500-f4of5-d1of2,326,C3,C4,0.019736842105263164,Q2,0.003077870113881165,0.019736842105263164,0.017230576441102707,0.005102040816326481,True,stage18-scaling-24a9adb84176,2,5,8500,326
s2-step8500-f4of5-d1of2,326,C3,C5,0.03258145363408527,Q2,0.005232379193598091,0.03258145363408527,0.028822055137844527,0.024553571428571397,True,stage18-scaling-24a9adb84176,2,5,8500,326
s2-step8500-f4of5-d1of2,326,C3,C6,0.029336734693877542,Q4,0.010772545398584188,0.024749373433583965,0.022556390977443552,0.029336734693877542,True,stage18-scaling-24a9adb84176,2,5,8500,326
s2-step8500-f4of5-d1of2,326,C4,C5,0.019451530612244916,Q4,0.008310249307479256,0.012844611528822103,0.01159147869674182,0.019451530612244916,True,stage18-scaling-24a9adb84176,2,5,8500,326
s2-step8500-f4of5-d1of2,326,C4,C6,0.02423469387755106,Q4,0.007694675284703023,0.005012531328320802,0.005325814536340845,0.02423469387755106,True,stage18-scaling-24a9adb84176,2,5,8500,326
s2-step8500-f4of5-d1of2,326,C5,C6,0.01600492459218228,Q1,0.01600492459218228,0.007832080200501301,0.006265664160400974,0.004783163265306145,True,stage18-scaling-24a9adb84176,2,5,8500,326
s2-step8500-f4of5-d3of4,327,C1,C2,0.010841836734693855,Q4,0.007386888273314907,0.0031328320802004317,0.001879699248120259,0.010841836734693855,True,stage18-scaling-24a9adb84176,2,5,8500,327
s2-step8500-f4of5-d3of4,327,C1,C3,0.02130325814536338,Q2,0.013542628501077236,0.02130325814536338,0.01754385964912275,0.0006377551020407823,True,stage18-scaling-24a9adb84176,2,5,8500,327
s2-step8500-f4of5-d3of4,327,C1,C4,0.010464758387196071,Q1,0.010464758387196071,0.0015664160401002158,0.00031328320802004317,0.005739795918367263,True,stage18-scaling-24a9adb84176,2,5,8500,327
s2-step8500-f4of5-d3of4,327,C1,C5,0.02519132653061218,Q4,0.018775007694675327,0.011278195488721887,0.011278195488721776,0.02519132653061218,True,stage18-scaling-24a9adb84176,2,5,8500,327
s2-step8500-f4of5-d3of4,327,C1,C6,0.029974489795918324,Q4,0.0027700831024930483,0.003446115288220586,0.005012531328320802,0.029974489795918324,True,stage18-scaling-24a9adb84176,2,5,8500,327
s2-step8500-f4of5-d3of4,327,C2,C3,0.01942355889724301,Q3,0.00615574022776233,0.018170426065162948,0.01942355889724301,0.010204081632653073,True,stage18-scaling-24a9adb84176,2,5,8500,327
s2-step8500-f4of5-d3of4,327,C2,C4,0.005102040816326592,Q4,0.003077870113881165,0.0015664160401002158,0.002192982456140302,0.005102040816326592,True,stage18-scaling-24a9adb84176,2,5,8500,327
s2-step8500-f4of5-d3of4,327,C2,C5,0.014411027568922319,Q2,0.011388119421360421,0.014411027568922319,0.009398496240601517,0.014349489795918324,True,stage18-scaling-24a9adb84176,2,5,8500,327
s2-step8500-f4of5-d3of4,327,C2,C6,0.01913265306122447,Q4,0.004616805170821858,0.006578947368421018,0.0031328320802005427,0.01913265306122447,True,stage18-scaling-24a9adb84176,2,5,8500,327
s2-step8500-f4of5-d3of4,327,C3,C4,0.019736842105263164,Q2,0.003077870113881165,0.019736842105263164,0.017230576441102707,0.005102040816326481,True,stage18-scaling-24a9adb84176,2,5,8500,327
s2-step8500-f4of5-d3of4,327,C3,C5,0.03258145363408527,Q2,0.005232379193598091,0.03258145363408527,0.028822055137844527,0.024553571428571397,True,stage18-scaling-24a9adb84176,2,5,8500,327
s2-step8500-f4of5-d3of4,327,C3,C6,0.029336734693877542,Q4,0.010772545398584188,0.024749373433583965,0.022556390977443552,0.029336734693877542,True,stage18-scaling-24a9adb84176,2,5,8500,327
s2-step8500-f4of5-d3of4,327,C4,C5,0.019451530612244916,Q4,0.008310249307479256,0.012844611528822103,0.01159147869674182,0.019451530612244916,True,stage18-scaling-24a9adb84176,2,5,8500,327
s2-step8500-f4of5-d3of4,327,C4,C6,0.02423469387755106,Q4,0.007694675284703023,0.005012531328320802,0.005325814536340845,0.02423469387755106,True,stage18-scaling-24a9adb84176,2,5,8500,327
s2-step8500-f4of5-d3of4,327,C5,C6,0.01600492459218228,Q1,0.01600492459218228,0.007832080200501301,0.006265664160400974,0.004783163265306145,True,stage18-scaling-24a9adb84176,2,5,8500,327
s2-step8500-f17of20-d1of4,328,C1,C2,0.020989974937343336,Q3,0.01508156355801793,0.020050125313283207,0.020989974937343336,0.015306122448979664,True,stage18-scaling-24a9adb84176,2,5,8500,328
s2-step8500-f17of20-d1of4,328,C1,C3,0.024436090225563922,Q2,0.007694675284703023,0.024436090225563922,0.023496240601503793,0.009247448979591844,True,stage18-scaling-24a9adb84176,2,5,8500,328
s2-step8500-f17of20-d1of4,328,C1,C4,0.032268170426065224,Q2,0.0015389350569405824,0.032268170426065224,0.03164160401002514,0.019451530612244916,True,stage18-scaling-24a9adb84176,2,5,8500,328
s2-step8500-f17of20-d1of4,328,C1,C5,0.034461152882205526,Q3,0.015697137580794163,0.03414786967418548,0.034461152882205526,0.014987244897959218,True,stage18-scaling-24a9adb84176,2,5,8500,328
s2-step8500-f17of20-d1of4,328,C2,C3,0.024553571428571508,Q4,0.007386888273314907,0.004385964912280715,0.0025062656641604564,0.024553571428571508,True,stage18-scaling-24a9adb84176,2,5,8500,328
s2-step8500-f17of20-d1of4,328,C2,C4,0.016620498614958512,Q1,0.016620498614958512,0.012218045112782017,0.0106516290726818,0.004145408163265252,True,stage18-scaling-24a9adb84176,2,5,8500,328
s2-step8500-f17of20-d1of4,328,C2,C5,0.014097744360902276,Q2,0.000615574022776233,0.014097744360902276,0.01347117794486219,0.0003188775510204467,True,stage18-scaling-24a9adb84176,2,5,8500,328
s2-step8500-f17of20-d1of4,328,C3,C4,0.02869897959183676,Q4,0.009233610341643606,0.007832080200501301,0.008145363408521344,0.02869897959183676,True,stage18-scaling-24a9adb84176,2,5,8500,328
s2-step8500-f17of20-d1of4,328,C3,C5,0.02423469387755106,Q4,0.00800246229609114,0.00971177944862156,0.010964912280701733,0.02423469387755106,True,stage18-scaling-24a9adb84176,2,5,8500,328
s2-step8500-f17of20-d1of4,328,C4,C5,0.017236072637734745,Q1,0.017236072637734745,0.001879699248120259,0.0028195488721803885,0.004464285714285698,True,stage18-scaling-24a9adb84176,2,5,8500,328
s2-step8500-f17of20-d1of2,329,C1,C2,0.020989974937343336,Q3,0.01508156355801793,0.020050125313283207,0.020989974937343336,0.015306122448979664,True,stage18-scaling-24a9adb84176,2,5,8500,329
s2-step8500-f17of20-d1of2,329,C1,C3,0.024436090225563922,Q2,0.007694675284703023,0.024436090225563922,0.023496240601503793,0.009247448979591844,True,stage18-scaling-24a9adb84176,2,5,8500,329
s2-step8500-f17of20-d1of2,329,C1,C4,0.032268170426065224,Q2,0.0015389350569405824,0.032268170426065224,0.03164160401002514,0.019451530612244916,True,stage18-scaling-24a9adb84176,2,5,8500,329
s2-step8500-f17of20-d1of2,329,C1,C5,0.034461152882205526,Q3,0.015697137580794163,0.03414786967418548,0.034461152882205526,0.014987244897959218,True,stage18-scaling-24a9adb84176,2,5,8500,329
s2-step8500-f17of20-d1of2,329,C1,C6,0.01939058171745145,Q1,0.01939058171745145,0.016290726817042578,0.016917293233082775,0.00956632653061218,True,stage18-scaling-24a9adb84176,2,5,8500,329
s2-step8500-f17of20-d1of2,329,C2,C3,0.024553571428571508,Q4,0.007386888273314907,0.004385964912280715,0.0025062656641604564,0.024553571428571508,True,stage18-scaling-24a9adb84176,2,5,8500,329
s2-step8500-f17of20-d1of2,329,C2,C4,0.016620498614958512,Q1,0.016620498614958512,0.012218045112782017,0.0106516290726818,0.004145408163265252,True,stage18-scaling-24a9adb84176,2,5,8500,329
s2-step8500-f17of20-d1of2,329,C2,C5,0.014097744360902276,Q2,0.000615574022776233,0.014097744360902276,0.01347117794486219,0.0003188775510204467,True,stage18-scaling-24a9adb84176,2,5,8500,329
s2-step8500-f17of20-d1of2,329,C2,C6,0.03447214527546938,Q1,0.03447214527546938,0.003759398496240629,0.004072681704260561,0.024872448979591844,True,stage18-scaling-24a9adb84176,2,5,8500,329
s2-step8500-f17of20-d1of2,329,C3,C4,0.02869897959183676,Q4,0.009233610341643606,0.007832080200501301,0.008145363408521344,0.02869897959183676,True,stage18-scaling-24a9adb84176,2,5,8500,329
s2-step8500-f17of20-d1of2,329,C3,C5,0.02423469387755106,Q4,0.00800246229609114,0.00971177944862156,0.010964912280701733,0.02423469387755106,True,stage18-scaling-24a9adb84176,2,5,8500,329
s2-step8500-f17of20-d1of2,329,C3,C6,0.027085257002154473,Q1,0.027085257002154473,0.008145363408521344,0.006578947368421018,0.00031887755102033566,True,stage18-scaling-24a9adb84176,2,5,8500,329
s2-step8500-f17of20-d1of2,329,C4,C5,0.017236072637734745,Q1,0.017236072637734745,0.001879699248120259,0.0028195488721803885,0.004464285714285698,True,stage18-scaling-24a9adb84176,2,5,8500,329
s2-step8500-f17of20-d1of2,329,C4,C6,0.029017857142857095,Q4,0.017851646660510867,0.015977443609022646,0.014724310776942362,0.029017857142857095,True,stage18-scaling-24a9adb84176,2,5,8500,329
s2-step8500-f17of20-d1of2,329,C5,C6,0.03508771929824561,Q1,0.03508771929824561,0.017857142857142905,0.01754385964912275,0.024553571428571397,True,stage18-scaling-24a9adb84176,2,5,8500,329
s2-step8500-f17of20-d3of4,330,C1,C2,0.020989974937343336,Q3,0.01508156355801793,0.020050125313283207,0.020989974937343336,0.015306122448979664,True,stage18-scaling-24a9adb84176,2,5,8500,330
s2-step8500-f17of20-d3of4,330,C1,C3,0.024436090225563922,Q2,0.007694675284703023,0.024436090225563922,0.023496240601503793,0.009247448979591844,True,stage18-scaling-24a9adb84176,2,5,8500,330
s2-step8500-f17of20-d3of4,330,C1,C4,0.032268170426065224,Q2,0.0015389350569405824,0.032268170426065224,0.03164160401002514,0.019451530612244916,True,stage18-scaling-24a9adb84176,2,5,8500,330
s2-step8500-f17of20-d3of4,330,C1,C5,0.034461152882205526,Q3,0.015697137580794163,0.03414786967418548,0.034461152882205526,0.014987244897959218,True,stage18-scaling-24a9adb84176,2,5,8500,330
s2-step8500-f17of20-d3of4,330,C1,C6,0.01939058171745145,Q1,0.01939058171745145,0.016290726817042578,0.016917293233082775,0.00956632653061218,True,stage18-scaling-24a9adb84176,2,5,8500,330
s2-step8500-f17of20-d3of4,330,C2,C3,0.024553571428571508,Q4,0.007386888273314907,0.004385964912280715,0.0025062656641604564,0.024553571428571508,True,stage18-scaling-24a9adb84176,2,5,8500,330
s2-step8500-f17of20-d3of4,330,C2,C4,0.016620498614958512,Q1,0.016620498614958512,0.012218045112782017,0.0106516290726818,0.004145408163265252,True,stage18-scaling-24a9adb84176,2,5,8500,330
s2-step8500-f17of20-d3of4,330,C2,C5,0.014097744360902276,Q2,0.000615574022776233,0.014097744360902276,0.01347117794486219,0.0003188775510204467,True,stage18-scaling-24a9adb84176,2,5,8500,330
s2-step8500-f17of20-d3of4,330,C2,C6,0.03447214527546938,Q1,0.03447214527546938,0.003759398496240629,0.004072681704260561,0.024872448979591844,True,stage18-scaling-24a9adb84176,2,5,8500,330
s2-step8500-f17of20-d3of4,330,C3,C4,0.02869897959183676,Q4,0.009233610341643606,0.007832080200501301,0.008145363408521344,0.02869897959183676,True,stage18-scaling-24a9adb84176,2,5,8500,330
s2-step8500-f17of20-d3of4,330,C3,C5,0.02423469387755106,Q4,0.00800246229609114,0.00971177944862156,0.010964912280701733,0.02423469387755106,True,stage18-scaling-24a9adb84176,2,5,8500,330
s2-step8500-f17of20-d3of4,330,C3,C6,0.027085257002154473,Q1,0.027085257002154473,0.008145363408521344,0.006578947368421018,0.00031887755102033566,True,stage18-scaling-24a9adb84176,2,5,8500,330
s2-step8500-f17of20-d3of4,330,C4,C5,0.017236072637734745,Q1,0.017236072637734745,0.001879699248120259,0.0028195488721803885,0.004464285714285698,True,stage18-scaling-24a9adb84176,2,5,8500,330
s2-step8500-f17of20-d3of4,330,C4,C6,0.029017857142857095,Q4,0.017851646660510867,0.015977443609022646,0.014724310776942362,0.029017857142857095,True,stage18-scaling-24a9adb84176,2,5,8500,330
s2-step8500-f17of20-d3of4,330,C5,C6,0.03508771929824561,Q1,0.03508771929824561,0.017857142857142905,0.01754385964912275,0.024553571428571397,True,stage18-scaling-24a9adb84176,2,5,8500,330
s2-step8500-f9of10-d1of4,331,C1,C2,0.016312711603570396,Q1,0.016312711603570396,0.013784461152882233,0.014724310776942362,0.006696428571428603,True,stage18-scaling-24a9adb84176,2,5,8500,331
s2-step8500-f9of10-d1of2,332,C1,C2,0.016312711603570396,Q1,0.016312711603570396,0.013784461152882233,0.014724310776942362,0.006696428571428603,True,stage18-scaling-24a9adb84176,2,5,8500,332
s2-step8500-f9of10-d1of2,332,C1,C3,0.008618036318867262,Q1,0.008618036318867262,0.002192982456140302,0.0009398496240601295,0.0006377551020408934,True,stage18-scaling-24a9adb84176,2,5,8500,332
s2-step8500-f9of10-d1of2,332,C1,C4,0.012755102040816313,Q4,0.006771314250538674,0.0028195488721804995,0.0046992481203007586,0.012755102040816313,True,stage18-scaling-24a9adb84176,2,5,8500,332
s2-step8500-f9of10-d1of2,332,C1,C5,0.02216066481994461,Q1,0.02216066481994461,0.01347117794486219,0.013784461152882233,0.004783163265306145,True,stage18-scaling-24a9adb84176,2,5,8500,332
s2-step8500-f9of10-d1of2,332,C1,C6,0.018494897959183687,Q4,0.01569713758079405,0.004385964912280715,0.005952380952380931,0.018494897959183687,True,stage18-scaling-24a9adb84176,2,5,8500,332
s2-step8500-f9of10-d1of2,332,C2,C3,0.024930747922437657,Q1,0.024930747922437657,0.015977443609022535,0.01566416040100249,0.00605867346938771,True,stage18-scaling-24a9adb84176,2,5,8500,332
s2-step8500-f9of10-d1of2,332,C2,C4,0.010964912280701733,Q2,0.009541397353031722,0.010964912280701733,0.010025062656641603,0.00605867346938771,True,stage18-scaling-24a9adb84176,2,5,8500,332
s2-step8500-f9of10-d1of2,332,C2,C5,0.005847953216374213,Q1,0.005847953216374213,0.00031328320802004317,0.0009398496240601295,0.001913265306122458,True,stage18-scaling-24a9adb84176,2,5,8500,332
s2-step8500-f9of10-d1of2,332,C2,C6,0.03200984918436445,Q1,0.03200984918436445,0.009398496240601517,0.00877192982456143,0.011798469387755084,True,stage18-scaling-24a9adb84176,2,5,8500,332
s2-step8500-f9of10-d1of2,332,C3,C4,0.015389350569405935,Q1,0.015389350569405935,0.005012531328320802,0.005639097744360888,0.01211734693877542,True,stage18-scaling-24a9adb84176,2,5,8500,332
s2-step8500-f9of10-d1of2,332,C3,C5,0.03077870113881187,Q1,0.03077870113881187,0.01566416040100249,0.014724310776942362,0.004145408163265252,True,stage18-scaling-24a9adb84176,2,5,8500,332
s2-step8500-f9of10-d1of2,332,C3,C6,0.017857142857142794,Q4,0.00707910126192679,0.006578947368421018,0.006892230576441061,0.017857142857142794,True,stage18-scaling-24a9adb84176,2,5,8500,332
s2-step8500-f9of10-d1of2,332,C4,C5,0.015389350569405935,Q1,0.015389350569405935,0.01065162907268169,0.009085213032581474,0.007971938775510168,True,stage18-scaling-24a9adb84176,2,5,8500,332
s2-step8500-f9of10-d1of2,332,C4,C6,0.022468451831332725,Q1,0.022468451831332725,0.0015664160401002158,0.0012531328320801727,0.005739795918367374,True,stage18-scaling-24a9adb84176,2,5,8500,332
s2-step8500-f9of10-d1of2,332,C5,C6,0.03785780240073866,Q1,0.03785780240073866,0.009085213032581474,0.007832080200501301,0.013711734693877542,True,stage18-scaling-24a9adb84176,2,5,8500,332
s2-step8500-f9of10-d3of4,333,C1,C2,0.016312711603570396,Q1,0.016312711603570396,0.013784461152882233,0.014724310776942362,0.006696428571428603,True,stage18-scaling-24a9adb84176,2,5,8500,333
s2-step8500-f9of10-d3of4,333,C1,C3,0.008618036318867262,Q1,0.008618036318867262,0.002192982456140302,0.0009398496240601295,0.0006377551020408934,True,stage18-scaling-24a9adb84176,2,5,8500,333
s2-step8500-f9of10-d3of4,333,C1,C4,0.012755102040816313,Q4,0.006771314250538674,0.0028195488721804995,0.0046992481203007586,0.012755102040816313,True,stage18-scaling-24a9adb84176,2,5,8500,333
s2-step8500-f9of10-d3of4,333,C1,C5,0.02216066481994461,Q1,0.02216066481994461,0.01347117794486219,0.013784461152882233,0.004783163265306145,True,stage18-scaling-24a9adb84176,2,5,8500,333
s2-step8500-f9of10-d3of4,333,C1,C6,0.018494897959183687,Q4,0.01569713758079405,0.004385964912280715,0.005952380952380931,0.018494897959183687,True,stage18-scaling-24a9adb84176,2,5,8500,333
s2-step8500-f9of10-d3of4,333,C2,C3,0.024930747922437657,Q1,0.024930747922437657,0.015977443609022535,0.01566416040100249,0.00605867346938771,True,stage18-scaling-24a9adb84176,2,5,8500,333
s2-step8500-f9of10-d3of4,333,C2,C4,0.010964912280701733,Q2,0.009541397353031722,0.010964912280701733,0.010025062656641603,0.00605867346938771,True,stage18-scaling-24a9adb84176,2,5,8500,333
s2-step8500-f9of10-d3of4,333,C2,C5,0.005847953216374213,Q1,0.005847953216374213,0.00031328320802004317,0.0009398496240601295,0.001913265306122458,True,stage18-scaling-24a9adb84176,2,5,8500,333
s2-step8500-f9of10-d3of4,333,C2,C6,0.03200984918436445,Q1,0.03200984918436445,0.009398496240601517,0.00877192982456143,0.011798469387755084,True,stage18-scaling-24a9adb84176,2,5,8500,333
s2-step8500-f9of10-d3of4,333,C3,C4,0.015389350569405935,Q1,0.015389350569405935,0.005012531328320802,0.005639097744360888,0.01211734693877542,True,stage18-scaling-24a9adb84176,2,5,8500,333
s2-step8500-f9of10-d3of4,333,C3,C5,0.03077870113881187,Q1,0.03077870113881187,0.01566416040100249,0.014724310776942362,0.004145408163265252,True,stage18-scaling-24a9adb84176,2,5,8500,333
s2-step8500-f9of10-d3of4,333,C3,C6,0.017857142857142794,Q4,0.00707910126192679,0.006578947368421018,0.006892230576441061,0.017857142857142794,True,stage18-scaling-24a9adb84176,2,5,8500,333
s2-step8500-f9of10-d3of4,333,C4,C5,0.015389350569405935,Q1,0.015389350569405935,0.01065162907268169,0.009085213032581474,0.007971938775510168,True,stage18-scaling-24a9adb84176,2,5,8500,333
s2-step8500-f9of10-d3of4,333,C4,C6,0.022468451831332725,Q1,0.022468451831332725,0.0015664160401002158,0.0012531328320801727,0.005739795918367374,True,stage18-scaling-24a9adb84176,2,5,8500,333
s2-step8500-f9of10-d3of4,333,C5,C6,0.03785780240073866,Q1,0.03785780240073866,0.009085213032581474,0.007832080200501301,0.013711734693877542,True,stage18-scaling-24a9adb84176,2,5,8500,333
s2-step8500-f19of20-d1of4,334,C1,C2,0.008925823330255378,Q1,0.008925823330255378,0.0015664160401002158,0.002192982456140302,0.0073341836734693855,True,stage18-scaling-24a9adb84176,2,5,8500,334
s2-step8500-f19of20-d1of4,334,C1,C3,0.006058673469387821,Q4,0.001231148045552466,0.0015664160401002158,0.0025062656641603454,0.006058673469387821,True,stage18-scaling-24a9adb84176,2,5,8500,334
s2-step8500-f19of20-d1of4,334,C2,C3,0.013392857142857206,Q4,0.007694675284702912,0.0,0.00031328320802004317,0.013392857142857206,True,stage18-scaling-24a9adb84176,2,5,8500,334
s2-step8500-f19of20-d1of2,335,C1,C2,0.008925823330255378,Q1,0.008925823330255378,0.0015664160401002158,0.002192982456140302,0.0073341836734693855,True,stage18-scaling-24a9adb84176,2,5,8500,335
s2-step8500-f19of20-d1of2,335,C1,C3,0.006058673469387821,Q4,0.001231148045552466,0.0015664160401002158,0.0025062656641603454,0.006058673469387821,True,stage18-scaling-24a9adb84176,2,5,8500,335
s2-step8500-f19of20-d1of2,335,C1,C4,0.00523237919359798,Q1,0.00523237919359798,0.002192982456140413,0.0009398496240602405,0.003826530612244916,True,stage18-scaling-24a9adb84176,2,5,8500,335
s2-step8500-f19of20-d1of2,335,C1,C5,0.006578947368421129,Q3,0.001231148045552466,0.005952380952381042,0.006578947368421129,0.004464285714285698,True,stage18-scaling-24a9adb84176,2,5,8500,335
s2-step8500-f19of20-d1of2,335,C1,C6,0.005739795918367263,Q4,0.0003077870113881165,0.0031328320802005427,0.0015664160401003269,0.005739795918367263,True,stage18-scaling-24a9adb84176,2,5,8500,335
s2-step8500-f19of20-d1of2,335,C2,C3,0.013392857142857206,Q4,0.007694675284702912,0.0,0.00031328320802004317,0.013392857142857206,True,stage18-scaling-24a9adb84176,2,5,8500,335
s2-step8500-f19of20-d1of2,335,C2,C4,0.011160714285714302,Q4,0.003693444136657398,0.003759398496240629,0.0031328320802005427,0.011160714285714302,True,stage18-scaling-24a9adb84176,2,5,8500,335
s2-step8500-f19of20-d1of2,335,C2,C5,0.00877192982456143,Q3,0.007694675284702912,0.007518796992481258,0.00877192982456143,0.002869897959183687,True,stage18-scaling-24a9adb84176,2,5,8500,335
s2-step8500-f19of20-d1of2,335,C2,C6,0.008618036318867262,Q1,0.008618036318867262,0.0046992481203007586,0.003759398496240629,0.0015943877551021224,True,stage18-scaling-24a9adb84176,2,5,8500,335
s2-step8500-f19of20-d1of2,335,C3,C4,0.004001231148045514,Q1,0.004001231148045514,0.003759398496240629,0.003446115288220586,0.0022321428571429047,True,stage18-scaling-24a9adb84176,2,5,8500,335
s2-step8500-f19of20-d1of2,335,C3,C5,0.01052295918367352,Q4,0.0,0.007518796992481258,0.009085213032581474,0.01052295918367352,True,stage18-scaling-24a9adb84176,2,5,8500,335
s2-step8500-f19of20-d1of2,335,C3,C6,0.011798469387755084,Q4,0.0009233610341643494,0.0046992481203007586,0.004072681704260672,0.011798469387755084,True,stage18-scaling-24a9adb84176,2,5,8500,335
s2-step8500-f19of20-d1of2,335,C4,C5,0.008290816326530615,Q4,0.004001231148045514,0.003759398496240629,0.005639097744360888,0.008290816326530615,True,stage18-scaling-24a9adb84176,2,5,8500,335
s2-step8500-f19of20-d1of2,335,C4,C6,0.00956632653061218,Q4,0.004924592182209864,0.0009398496240601295,0.0006265664160400863,0.00956632653061218,True,stage18-scaling-24a9adb84176,2,5,8500,335
s2-step8500-f19of20-d1of2,335,C5,C6,0.005012531328320802,Q3,0.0009233610341643494,0.0028195488721804995,0.005012531328320802,0.0012755102040815647,True,stage18-scaling-24a9adb84176,2,5,8500,335
s2-step8500-f19of20-d3of4,336,C1,C2,0.008925823330255378,Q1,0.008925823330255378,0.0015664160401002158,0.002192982456140302,0.0073341836734693855,True,stage18-scaling-24a9adb84176,2,5,8500,336
s2-step8500-f19of20-d3of4,336,C1,C3,0.006058673469387821,Q4,0.001231148045552466,0.0015664160401002158,0.0025062656641603454,0.006058673469387821,True,stage18-scaling-24a9adb84176,2,5,8500,336
s2-step8500-f19of20-d3of4,336,C1,C4,0.00523237919359798,Q1,0.00523237919359798,0.002192982456140413,0.0009398496240602405,0.003826530612244916,True,stage18-scaling-24a9adb84176,2,5,8500,336
s2-step8500-f19of20-d3of4,336,C1,C5,0.006578947368421129,Q3,0.001231148045552466,0.005952380952381042,0.006578947368421129,0.004464285714285698,True,stage18-scaling-24a9adb84176,2,5,8500,336
s2-step8500-f19of20-d3of4,336,C1,C6,0.005739795918367263,Q4,0.0003077870113881165,0.0031328320802005427,0.0015664160401003269,0.005739795918367263,True,stage18-scaling-24a9adb84176,2,5,8500,336
s2-step8500-f19of20-d3of4,336,C2,C3,0.013392857142857206,Q4,0.007694675284702912,0.0,0.00031328320802004317,0.013392857142857206,True,stage18-scaling-24a9adb84176,2,5,8500,336
s2-step8500-f19of20-d3of4,336,C2,C4,0.011160714285714302,Q4,0.003693444136657398,0.003759398496240629,0.0031328320802005427,0.011160714285714302,True,stage18-scaling-24a9adb84176,2,5,8500,336
s2-step8500-f19of20-d3of4,336,C2,C5,0.00877192982456143,Q3,0.007694675284702912,0.007518796992481258,0.00877192982456143,0.002869897959183687,True,stage18-scaling-24a9adb84176,2,5,8500,336
s2-step8500-f19of20-d3of4,336,C2,C6,0.008618036318867262,Q1,0.008618036318867262,0.0046992481203007586,0.003759398496240629,0.0015943877551021224,True,stage18-scaling-24a9adb84176,2,5,8500,336
s2-step8500-f19of20-d3of4,336,C3,C4,0.004001231148045514,Q1,0.004001231148045514,0.003759398496240629,0.003446115288220586,0.0022321428571429047,True,stage18-scaling-24a9adb84176,2,5,8500,336
s2-step8500-f19of20-d3of4,336,C3,C5,0.01052295918367352,Q4,0.0,0.007518796992481258,0.009085213032581474,0.01052295918367352,True,stage18-scaling-24a9adb84176,2,5,8500,336
s2-step8500-f19of20-d3of4,336,C3,C6,0.011798469387755084,Q4,0.0009233610341643494,0.0046992481203007586,0.004072681704260672,0.011798469387755084,True,stage18-scaling-24a9adb84176,2,5,8500,336
s2-step8500-f19of20-d3of4,336,C4,C5,0.008290816326530615,Q4,0.004001231148045514,0.003759398496240629,0.005639097744360888,0.008290816326530615,True,stage18-scaling-24a9adb84176,2,5,8500,336
s2-step8500-f19of20-d3of4,336,C4,C6,0.00956632653061218,Q4,0.004924592182209864,0.0009398496240601295,0.0006265664160400863,0.00956632653061218,True,stage18-scaling-24a9adb84176,2,5,8500,336
s2-step8500-f19of20-d3of4,336,C5,C6,0.005012531328320802,Q3,0.0009233610341643494,0.0028195488721804995,0.005012531328320802,0.0012755102040815647,True,stage18-scaling-24a9adb84176,2,5,8500,336
s2-step8500-f39of40-d1of4,337,C1,C2,0.004783163265306034,Q4,0.0003077870113881165,0.0006265664160400863,0.0,0.004783163265306034,True,stage18-scaling-24a9adb84176,2,5,8500,337
s2-step8500-f39of40-d1of4,337,C1,C3,0.006696428571428492,Q4,0.006463527239150446,0.0025062656641604564,0.0028195488721804995,0.006696428571428492,True,stage18-scaling-24a9adb84176,2,5,8500,337
s2-step8500-f39of40-d1of4,337,C2,C3,0.006771314250538563,Q1,0.006771314250538563,0.00187969924812037,0.0028195488721804995,0.001913265306122458,True,stage18-scaling-24a9adb84176,2,5,8500,337
s2-step8500-f39of40-d1of2,338,C1,C2,0.004783163265306034,Q4,0.0003077870113881165,0.0006265664160400863,0.0,0.004783163265306034,True,stage18-scaling-24a9adb84176,2,5,8500,338
s2-step8500-f39of40-d1of2,338,C1,C3,0.006696428571428492,Q4,0.006463527239150446,0.0025062656641604564,0.0028195488721804995,0.006696428571428492,True,stage18-scaling-24a9adb84176,2,5,8500,338
s2-step8500-f39of40-d1of2,338,C1,C4,0.0073341836734693855,Q4,0.0003077870113881165,0.003759398496240629,0.005012531328320802,0.0073341836734693855,True,stage18-scaling-24a9adb84176,2,5,8500,338
s2-step8500-f39of40-d1of2,338,C1,C5,0.002869897959183687,Q4,0.001846722068328699,0.002192982456140413,0.0006265664160400863,0.002869897959183687,True,stage18-scaling-24a9adb84176,2,5,8500,338
s2-step8500-f39of40-d1of2,338,C1,C6,0.0073341836734693855,Q4,0.000615574022776233,0.0015664160401002158,0.0028195488721803885,0.0073341836734693855,True,stage18-scaling-24a9adb84176,2,5,8500,338
s2-step8500-f39of40-d1of2,338,C1,C7,0.007079101261926679,Q1,0.007079101261926679,0.0028195488721804995,0.0028195488721804995,0.0006377551020407823,True,stage18-scaling-24a9adb84176,2,5,8500,338
s2-step8500-f39of40-d1of2,338,C2,C3,0.006771314250538563,Q1,0.006771314250538563,0.00187969924812037,0.0028195488721804995,0.001913265306122458,True,stage18-scaling-24a9adb84176,2,5,8500,338
s2-step8500-f39of40-d1of2,338,C2,C4,0.005012531328320802,Q3,0.000615574022776233,0.004385964912280715,0.005012531328320802,0.0025510204081633514,True,stage18-scaling-24a9adb84176,2,5,8500,338
s2-step8500-f39of40-d1of2,338,C2,C5,0.007653061224489721,Q4,0.0021545090797168154,0.0015664160401003269,0.0006265664160400863,0.007653061224489721,True,stage18-scaling-24a9adb84176,2,5,8500,338
s2-step8500-f39of40-d1of2,338,C2,C6,0.0028195488721803885,Q3,0.0009233610341643494,0.002192982456140302,0.0028195488721803885,0.0025510204081633514,True,stage18-scaling-24a9adb84176,2,5,8500,338
s2-step8500-f39of40-d1of2,338,C2,C7,0.007386888273314796,Q1,0.007386888273314796,0.002192982456140413,0.0028195488721804995,0.004145408163265252,True,stage18-scaling-24a9adb84176,2,5,8500,338
s2-step8500-f39of40-d1of2,338,C3,C4,0.007832080200501301,Q3,0.00615574022776233,0.006265664160401085,0.007832080200501301,0.0006377551020408934,True,stage18-scaling-24a9adb84176,2,5,8500,338
s2-step8500-f39of40-d1of2,338,C3,C5,0.00956632653061218,Q4,0.004616805170821747,0.00031328320802004317,0.002192982456140413,0.00956632653061218,True,stage18-scaling-24a9adb84176,2,5,8500,338
s2-step8500-f39of40-d1of2,338,C3,C6,0.005847953216374213,Q1,0.005847953216374213,0.004072681704260672,0.005639097744360888,0.0006377551020408934,True,stage18-scaling-24a9adb84176,2,5,8500,338
s2-step8500-f39of40-d1of2,338,C3,C7,0.00605867346938771,Q4,0.000615574022776233,0.00031328320802004317,0.0,0.00605867346938771,True,stage18-scaling-24a9adb84176,2,5,8500,338
s2-step8500-f39of40-d1of2,338,C4,C5,0.010204081632653073,Q4,0.0015389350569405824,0.005952380952381042,0.005639097744360888,0.010204081632653073,True,stage18-scaling-24a9adb84176,2,5,8500,338
s2-step8500-f39of40-d1of2,338,C4,C6,0.002192982456140413,Q2,0.0003077870113881165,0.002192982456140413,0.002192982456140413,0.0,True,stage18-scaling-24a9adb84176,2,5,8500,338
s2-step8500-f39of40-d1of2,338,C4,C7,0.007832080200501301,Q3,0.006771314250538563,0.006578947368421129,0.007832080200501301,0.006696428571428603,True,stage18-scaling-24a9adb84176,2,5,8500,338
s2-step8500-f39of40-d1of2,338,C5,C6,0.010204081632653073,Q4,0.001231148045552466,0.003759398496240629,0.003446115288220475,0.010204081632653073,True,stage18-scaling-24a9adb84176,2,5,8500,338
s2-step8500-f39of40-d1of2,338,C5,C7,0.00523237919359798,Q1,0.00523237919359798,0.0006265664160400863,0.002192982456140413,0.0035076530612244694,True,stage18-scaling-24a9adb84176,2,5,8500,338
s2-step8500-f39of40-d1of2,338,C6,C7,0.006696428571428603,Q4,0.006463527239150446,0.004385964912280715,0.005639097744360888,0.006696428571428603,True,stage18-scaling-24a9adb84176,2,5,8500,338
s2-step8500-f39of40-d3of4,339,C1,C2,0.004783163265306034,Q4,0.0003077870113881165,0.0006265664160400863,0.0,0.004783163265306034,True,stage18-scaling-24a9adb84176,2,5,8500,339
s2-step8500-f39of40-d3of4,339,C1,C3,0.006696428571428492,Q4,0.006463527239150446,0.0025062656641604564,0.0028195488721804995,0.006696428571428492,True,stage18-scaling-24a9adb84176,2,5,8500,339
s2-step8500-f39of40-d3of4,339,C1,C4,0.0073341836734693855,Q4,0.0003077870113881165,0.003759398496240629,0.005012531328320802,0.0073341836734693855,True,stage18-scaling-24a9adb84176,2,5,8500,339
s2-step8500-f39of40-d3of4,339,C1,C5,0.002869897959183687,Q4,0.001846722068328699,0.002192982456140413,0.0006265664160400863,0.002869897959183687,True,stage18-scaling-24a9adb84176,2,5,8500,339
s2-step8500-f39of40-d3of4,339,C1,C6,0.0073341836734693855,Q4,0.000615574022776233,0.0015664160401002158,0.0028195488721803885,0.0073341836734693855,True,stage18-scaling-24a9adb84176,2,5,8500,339
s2-step8500-f39of40-d3of4,339,C1,C7,0.007079101261926679,Q1,0.007079101261926679,0.0028195488721804995,0.0028195488721804995,0.0006377551020407823,True,stage18-scaling-24a9adb84176,2,5,8500,339
s2-step8500-f39of40-d3of4,339,C2,C3,0.006771314250538563,Q1,0.006771314250538563,0.00187969924812037,0.0028195488721804995,0.001913265306122458,True,stage18-scaling-24a9adb84176,2,5,8500,339
s2-step8500-f39of40-d3of4,339,C2,C4,0.005012531328320802,Q3,0.000615574022776233,0.004385964912280715,0.005012531328320802,0.0025510204081633514,True,stage18-scaling-24a9adb84176,2,5,8500,339
s2-step8500-f39of40-d3of4,339,C2,C5,0.007653061224489721,Q4,0.0021545090797168154,0.0015664160401003269,0.0006265664160400863,0.007653061224489721,True,stage18-scaling-24a9adb84176,2,5,8500,339
s2-step8500-f39of40-d3of4,339,C2,C6,0.0028195488721803885,Q3,0.0009233610341643494,0.002192982456140302,0.0028195488721803885,0.0025510204081633514,True,stage18-scaling-24a9adb84176,2,5,8500,339
s2-step8500-f39of40-d3of4,339,C2,C7,0.007386888273314796,Q1,0.007386888273314796,0.002192982456140413,0.0028195488721804995,0.004145408163265252,True,stage18-scaling-24a9adb84176,2,5,8500,339
s2-step8500-f39of40-d3of4,339,C3,C4,0.007832080200501301,Q3,0.00615574022776233,0.006265664160401085,0.007832080200501301,0.0006377551020408934,True,stage18-scaling-24a9adb84176,2,5,8500,339
s2-step8500-f39of40-d3of4,339,C3,C5,0.00956632653061218,Q4,0.004616805170821747,0.00031328320802004317,0.002192982456140413,0.00956632653061218,True,stage18-scaling-24a9adb84176,2,5,8500,339
s2-step8500-f39of40-d3of4,339,C3,C6,0.005847953216374213,Q1,0.005847953216374213,0.004072681704260672,0.005639097744360888,0.0006377551020408934,True,stage18-scaling-24a9adb84176,2,5,8500,339
s2-step8500-f39of40-d3of4,339,C3,C7,0.00605867346938771,Q4,0.000615574022776233,0.00031328320802004317,0.0,0.00605867346938771,True,stage18-scaling-24a9adb84176,2,5,8500,339
s2-step8500-f39of40-d3of4,339,C4,C5,0.010204081632653073,Q4,0.0015389350569405824,0.005952380952381042,0.005639097744360888,0.010204081632653073,True,stage18-scaling-24a9adb84176,2,5,8500,339
s2-step8500-f39of40-d3of4,339,C4,C6,0.002192982456140413,Q2,0.0003077870113881165,0.002192982456140413,0.002192982456140413,0.0,True,stage18-scaling-24a9adb84176,2,5,8500,339
s2-step8500-f39of40-d3of4,339,C4,C7,0.007832080200501301,Q3,0.006771314250538563,0.006578947368421129,0.007832080200501301,0.006696428571428603,True,stage18-scaling-24a9adb84176,2,5,8500,339
s2-step8500-f39of40-d3of4,339,C5,C6,0.010204081632653073,Q4,0.001231148045552466,0.003759398496240629,0.003446115288220475,0.010204081632653073,True,stage18-scaling-24a9adb84176,2,5,8500,339
s2-step8500-f39of40-d3of4,339,C5,C7,0.00523237919359798,Q1,0.00523237919359798,0.0006265664160400863,0.002192982456140413,0.0035076530612244694,True,stage18-scaling-24a9adb84176,2,5,8500,339
s2-step8500-f39of40-d3of4,339,C6,C7,0.006696428571428603,Q4,0.006463527239150446,0.004385964912280715,0.005639097744360888,0.006696428571428603,True,stage18-scaling-24a9adb84176,2,5,8500,339
s2-step8500-f99of100-d1of4,340,C1,C2,0.0031887755102041337,Q4,0.001231148045552466,0.0025062656641603454,0.0015664160401002158,0.0031887755102041337,True,stage18-scaling-24a9adb84176,2,5,8500,340
s2-step8500-f99of100-d1of4,340,C1,C3,0.0009398496240601295,Q3,0.0009233610341643494,0.00031328320802004317,0.0009398496240601295,0.0,True,stage18-scaling-24a9adb84176,2,5,8500,340
s2-step8500-f99of100-d1of4,340,C2,C3,0.0031887755102041337,Q4,0.0021545090797168154,0.002192982456140302,0.0025062656641603454,0.0031887755102041337,True,stage18-scaling-24a9adb84176,2,5,8500,340
s2-step8500-f99of100-d1of2,341,C1,C2,0.0031887755102041337,Q4,0.001231148045552466,0.0025062656641603454,0.0015664160401002158,0.0031887755102041337,True,stage18-scaling-24a9adb84176,2,5,8500,341
s2-step8500-f99of100-d1of2,341,C1,C3,0.0009398496240601295,Q3,0.0009233610341643494,0.00031328320802004317,0.0009398496240601295,0.0,True,stage18-scaling-24a9adb84176,2,5,8500,341
s2-step8500-f99of100-d1of2,341,C1,C4,0.0012531328320801727,Q3,0.0003077870113881165,0.00031328320802004317,0.0012531328320801727,0.0006377551020407823,True,stage18-scaling-24a9adb84176,2,5,8500,341
s2-step8500-f99of100-d1of2,341,C1,C5,0.00031887755102033566,Q4,0.0003077870113881165,0.00031328320802004317,0.00031328320802004317,0.00031887755102033566,True,stage18-scaling-24a9adb84176,2,5,8500,341
s2-step8500-f99of100-d1of2,341,C1,C6,0.00523237919359798,Q1,0.00523237919359798,0.003759398496240518,0.0031328320802004317,0.0015943877551021224,True,stage18-scaling-24a9adb84176,2,5,8500,341
s2-step8500-f99of100-d1of2,341,C1,C7,0.0027700831024930483,Q1,0.0027700831024930483,0.0015664160401002158,0.00031328320802004317,0.0012755102040815647,True,stage18-scaling-24a9adb84176,2,5,8500,341
s2-step8500-f99of100-d1of2,341,C2,C3,0.0031887755102041337,Q4,0.0021545090797168154,0.002192982456140302,0.0025062656641603454,0.0031887755102041337,True,stage18-scaling-24a9adb84176,2,5,8500,341
s2-step8500-f99of100-d1of2,341,C2,C4,0.003826530612244916,Q4,0.0015389350569405824,0.0028195488721803885,0.0028195488721803885,0.003826530612244916,True,stage18-scaling-24a9adb84176,2,5,8500,341
s2-step8500-f99of100-d1of2,341,C2,C5,0.0035076530612244694,Q4,0.0009233610341643494,0.002192982456140302,0.001879699248120259,0.0035076530612244694,True,stage18-scaling-24a9adb84176,2,5,8500,341
s2-step8500-f99of100-d1of2,341,C2,C6,0.004001231148045514,Q1,0.004001231148045514,0.0012531328320801727,0.0015664160401002158,0.0015943877551020114,True,stage18-scaling-24a9adb84176,2,5,8500,341
s2-step8500-f99of100-d1of2,341,C2,C7,0.004464285714285698,Q4,0.0015389350569405824,0.0009398496240601295,0.0012531328320801727,0.004464285714285698,True,stage18-scaling-24a9adb84176,2,5,8500,341
s2-step8500-f99of100-d1of2,341,C3,C4,0.0006377551020407823,Q4,0.000615574022776233,0.0006265664160400863,0.00031328320802004317,0.0006377551020407823,True,stage18-scaling-24a9adb84176,2,5,8500,341
s2-step8500-f99of100-d1of2,341,C3,C5,0.001231148045552466,Q1,0.001231148045552466,0.0,0.0006265664160400863,0.00031887755102033566,True,stage18-scaling-24a9adb84176,2,5,8500,341
s2-step8500-f99of100-d1of2,341,C3,C6,0.00615574022776233,Q1,0.00615574022776233,0.003446115288220475,0.004072681704260561,0.0015943877551021224,True,stage18-scaling-24a9adb84176,2,5,8500,341
s2-step8500-f99of100-d1of2,341,C3,C7,0.003693444136657398,Q1,0.003693444136657398,0.0012531328320801727,0.0012531328320801727,0.0012755102040815647,True,stage18-scaling-24a9adb84176,2,5,8500,341
s2-step8500-f99of100-d1of2,341,C4,C5,0.0009398496240601295,Q3,0.000615574022776233,0.0006265664160400863,0.0009398496240601295,0.0003188775510204467,True,stage18-scaling-24a9adb84176,2,5,8500,341
s2-step8500-f99of100-d1of2,341,C4,C6,0.005540166204986097,Q1,0.005540166204986097,0.004072681704260561,0.004385964912280604,0.0022321428571429047,True,stage18-scaling-24a9adb84176,2,5,8500,341
s2-step8500-f99of100-d1of2,341,C4,C7,0.003077870113881165,Q1,0.003077870113881165,0.001879699248120259,0.0015664160401002158,0.0006377551020407823,True,stage18-scaling-24a9adb84176,2,5,8500,341
s2-step8500-f99of100-d1of2,341,C5,C6,0.004924592182209864,Q1,0.004924592182209864,0.003446115288220475,0.003446115288220475,0.001913265306122458,True,stage18-scaling-24a9adb84176,2,5,8500,341
s2-step8500-f99of100-d1of2,341,C5,C7,0.002462296091104932,Q1,0.002462296091104932,0.0012531328320801727,0.0006265664160400863,0.000956632653061229,True,stage18-scaling-24a9adb84176,2,5,8500,341
s2-step8500-f99of100-d1of2,341,C6,C7,0.002869897959183687,Q4,0.002462296091104932,0.002192982456140302,0.0028195488721803885,0.002869897959183687,True,stage18-scaling-24a9adb84176,2,5,8500,341
s2-step8500-f99of100-d3of4,342,C1,C2,0.0031887755102041337,Q4,0.001231148045552466,0.0025062656641603454,0.0015664160401002158,0.0031887755102041337,True,stage18-scaling-24a9adb84176,2,5,8500,342
s2-step8500-f99of100-d3of4,342,C1,C3,0.0009398496240601295,Q3,0.0009233610341643494,0.00031328320802004317,0.0009398496240601295,0.0,True,stage18-scaling-24a9adb84176,2,5,8500,342
s2-step8500-f99of100-d3of4,342,C1,C4,0.0012531328320801727,Q3,0.0003077870113881165,0.00031328320802004317,0.0012531328320801727,0.0006377551020407823,True,stage18-scaling-24a9adb84176,2,5,8500,342
s2-step8500-f99of100-d3of4,342,C1,C5,0.00031887755102033566,Q4,0.0003077870113881165,0.00031328320802004317,0.00031328320802004317,0.00031887755102033566,True,stage18-scaling-24a9adb84176,2,5,8500,342
s2-step8500-f99of100-d3of4,342,C1,C6,0.00523237919359798,Q1,0.00523237919359798,0.003759398496240518,0.0031328320802004317,0.0015943877551021224,True,stage18-scaling-24a9adb84176,2,5,8500,342
s2-step8500-f99of100-d3of4,342,C1,C7,0.0027700831024930483,Q1,0.0027700831024930483,0.0015664160401002158,0.00031328320802004317,0.0012755102040815647,True,stage18-scaling-24a9adb84176,2,5,8500,342
s2-step8500-f99of100-d3of4,342,C2,C3,0.0031887755102041337,Q4,0.0021545090797168154,0.002192982456140302,0.0025062656641603454,0.0031887755102041337,True,stage18-scaling-24a9adb84176,2,5,8500,342
s2-step8500-f99of100-d3of4,342,C2,C4,0.003826530612244916,Q4,0.0015389350569405824,0.0028195488721803885,0.0028195488721803885,0.003826530612244916,True,stage18-scaling-24a9adb84176,2,5,8500,342
s2-step8500-f99of100-d3of4,342,C2,C5,0.0035076530612244694,Q4,0.0009233610341643494,0.002192982456140302,0.001879699248120259,0.0035076530612244694,True,stage18-scaling-24a9adb84176,2,5,8500,342
s2-step8500-f99of100-d3of4,342,C2,C6,0.004001231148045514,Q1,0.004001231148045514,0.0012531328320801727,0.0015664160401002158,0.0015943877551020114,True,stage18-scaling-24a9adb84176,2,5,8500,342
s2-step8500-f99of100-d3of4,342,C2,C7,0.004464285714285698,Q4,0.0015389350569405824,0.0009398496240601295,0.0012531328320801727,0.004464285714285698,True,stage18-scaling-24a9adb84176,2,5,8500,342
s2-step8500-f99of100-d3of4,342,C3,C4,0.0006377551020407823,Q4,0.000615574022776233,0.0006265664160400863,0.00031328320802004317,0.0006377551020407823,True,stage18-scaling-24a9adb84176,2,5,8500,342
s2-step8500-f99of100-d3of4,342,C3,C5,0.001231148045552466,Q1,0.001231148045552466,0.0,0.0006265664160400863,0.00031887755102033566,True,stage18-scaling-24a9adb84176,2,5,8500,342
s2-step8500-f99of100-d3of4,342,C3,C6,0.00615574022776233,Q1,0.00615574022776233,0.003446115288220475,0.004072681704260561,0.0015943877551021224,True,stage18-scaling-24a9adb84176,2,5,8500,342
s2-step8500-f99of100-d3of4,342,C3,C7,0.003693444136657398,Q1,0.003693444136657398,0.0012531328320801727,0.0012531328320801727,0.0012755102040815647,True,stage18-scaling-24a9adb84176,2,5,8500,342
s2-step8500-f99of100-d3of4,342,C4,C5,0.0009398496240601295,Q3,0.000615574022776233,0.0006265664160400863,0.0009398496240601295,0.0003188775510204467,True,stage18-scaling-24a9adb84176,2,5,8500,342
s2-step8500-f99of100-d3of4,342,C4,C6,0.005540166204986097,Q1,0.005540166204986097,0.004072681704260561,0.004385964912280604,0.0022321428571429047,True,stage18-scaling-24a9adb84176,2,5,8500,342
s2-step8500-f99of100-d3of4,342,C4,C7,0.003077870113881165,Q1,0.003077870113881165,0.001879699248120259,0.0015664160401002158,0.0006377551020407823,True,stage18-scaling-24a9adb84176,2,5,8500,342
s2-step8500-f99of100-d3of4,342,C5,C6,0.004924592182209864,Q1,0.004924592182209864,0.003446115288220475,0.003446115288220475,0.001913265306122458,True,stage18-scaling-24a9adb84176,2,5,8500,342
s2-step8500-f99of100-d3of4,342,C5,C7,0.002462296091104932,Q1,0.002462296091104932,0.0012531328320801727,0.0006265664160400863,0.000956632653061229,True,stage18-scaling-24a9adb84176,2,5,8500,342
s2-step8500-f99of100-d3of4,342,C6,C7,0.002869897959183687,Q4,0.002462296091104932,0.002192982456140302,0.0028195488721803885,0.002869897959183687,True,stage18-scaling-24a9adb84176,2,5,8500,342
s2-step8650-f4of5-d1of4,343,C1,C2,0.018159433671898983,Q1,0.018159433671898983,0.006265664160401085,0.006265664160400974,0.017219387755102122,True,stage18-scaling-24a9adb84176,2,6,8650,343
s2-step8650-f4of5-d1of2,344,C1,C2,0.018159433671898983,Q1,0.018159433671898983,0.006265664160401085,0.006265664160400974,0.017219387755102122,True,stage18-scaling-24a9adb84176,2,6,8650,344
s2-step8650-f4of5-d1of2,344,C1,C3,0.017857142857142905,Q4,0.01754385964912275,0.0009398496240601295,0.0009398496240601295,0.017857142857142905,True,stage18-scaling-24a9adb84176,2,6,8650,344
s2-step8650-f4of5-d1of2,344,C1,C4,0.014724310776942362,Q2,0.0003077870113881165,0.014724310776942362,0.01347117794486219,0.005739795918367374,True,stage18-scaling-24a9adb84176,2,6,8650,344
s2-step8650-f4of5-d1of2,344,C1,C5,0.0313942751615881,Q1,0.0313942751615881,0.00187969924812037,0.0028195488721804995,0.009885204081632737,True,stage18-scaling-24a9adb84176,2,6,8650,344
s2-step8650-f4of5-d1of2,344,C1,C6,0.02008928571428581,Q4,0.004924592182209975,0.0028195488721804995,0.0028195488721804995,0.02008928571428581,True,stage18-scaling-24a9adb84176,2,6,8650,344
s2-step8650-f4of5-d1of2,344,C2,C3,0.007205513784461215,Q2,0.000615574022776233,0.007205513784461215,0.005325814536340845,0.0006377551020407823,True,stage18-scaling-24a9adb84176,2,6,8650,344
s2-step8650-f4of5-d1of2,344,C2,C4,0.017851646660510867,Q1,0.017851646660510867,0.008458646616541277,0.007205513784461215,0.011479591836734748,True,stage18-scaling-24a9adb84176,2,6,8650,344
s2-step8650-f4of5-d1of2,344,C2,C5,0.01323484148968912,Q1,0.01323484148968912,0.004385964912280715,0.003446115288220475,0.0073341836734693855,True,stage18-scaling-24a9adb84176,2,6,8650,344
s2-step8650-f4of5-d1of2,344,C2,C6,0.023084025854108958,Q1,0.023084025854108958,0.003446115288220586,0.003446115288220475,0.002869897959183687,True,stage18-scaling-24a9adb84176,2,6,8650,344
s2-step8650-f4of5-d1of2,344,C3,C4,0.017236072637734634,Q1,0.017236072637734634,0.01566416040100249,0.01253132832080206,0.01211734693877553,True,stage18-scaling-24a9adb84176,2,6,8650,344
s2-step8650-f4of5-d1of2,344,C3,C5,0.013850415512465353,Q1,0.013850415512465353,0.0028195488721804995,0.00187969924812037,0.007971938775510168,True,stage18-scaling-24a9adb84176,2,6,8650,344
s2-step8650-f4of5-d1of2,344,C3,C6,0.022468451831332725,Q1,0.022468451831332725,0.003759398496240629,0.00187969924812037,0.0022321428571429047,True,stage18-scaling-24a9adb84176,2,6,8650,344
s2-step8650-f4of5-d1of2,344,C4,C5,0.031086488150199987,Q1,0.031086488150199987,0.012844611528821992,0.01065162907268169,0.004145408163265363,True,stage18-scaling-24a9adb84176,2,6,8650,344
s2-step8650-f4of5-d1of2,344,C4,C6,0.014349489795918435,Q4,0.005232379193598091,0.011904761904761862,0.01065162907268169,0.014349489795918435,True,stage18-scaling-24a9adb84176,2,6,8650,344
s2-step8650-f4of5-d1of2,344,C5,C6,0.03631886734379808,Q1,0.03631886734379808,0.0009398496240601295,0.0,0.010204081632653073,True,stage18-scaling-24a9adb84176,2,6,8650,344
s2-step8650-f4of5-d3of4,345,C1,C2,0.018159433671898983,Q1,0.018159433671898983,0.006265664160401085,0.006265664160400974,0.017219387755102122,True,stage18-scaling-24a9adb84176,2,6,8650,345
s2-step8650-f4of5-d3of4,345,C1,C3,0.017857142857142905,Q4,0.01754385964912275,0.0009398496240601295,0.0009398496240601295,0.017857142857142905,True,stage18-scaling-24a9adb84176,2,6,8650,345
s2-step8650-f4of5-d3of4,345,C1,C4,0.014724310776942362,Q2,0.0003077870113881165,0.014724310776942362,0.01347117794486219,0.005739795918367374,True,stage18-scaling-24a9adb84176,2,6,8650,345
s2-step8650-f4of5-d3of4,345,C1,C5,0.0313942751615881,Q1,0.0313942751615881,0.00187969924812037,0.0028195488721804995,0.009885204081632737,True,stage18-scaling-24a9adb84176,2,6,8650,345
s2-step8650-f4of5-d3of4,345,C1,C6,0.02008928571428581,Q4,0.004924592182209975,0.0028195488721804995,0.0028195488721804995,0.02008928571428581,True,stage18-scaling-24a9adb84176,2,6,8650,345
s2-step8650-f4of5-d3of4,345,C2,C3,0.007205513784461215,Q2,0.000615574022776233,0.007205513784461215,0.005325814536340845,0.0006377551020407823,True,stage18-scaling-24a9adb84176,2,6,8650,345
s2-step8650-f4of5-d3of4,345,C2,C4,0.017851646660510867,Q1,0.017851646660510867,0.008458646616541277,0.007205513784461215,0.011479591836734748,True,stage18-scaling-24a9adb84176,2,6,8650,345
s2-step8650-f4of5-d3of4,345,C2,C5,0.01323484148968912,Q1,0.01323484148968912,0.004385964912280715,0.003446115288220475,0.0073341836734693855,True,stage18-scaling-24a9adb84176,2,6,8650,345
s2-step8650-f4of5-d3of4,345,C2,C6,0.023084025854108958,Q1,0.023084025854108958,0.003446115288220586,0.003446115288220475,0.002869897959183687,True,stage18-scaling-24a9adb84176,2,6,8650,345
s2-step8650-f4of5-d3of4,345,C3,C4,0.017236072637734634,Q1,0.017236072637734634,0.01566416040100249,0.01253132832080206,0.01211734693877553,True,stage18-scaling-24a9adb84176,2,6,8650,345
s2-step8650-f4of5-d3of4,345,C3,C5,0.013850415512465353,Q1,0.013850415512465353,0.0028195488721804995,0.00187969924812037,0.007971938775510168,True,stage18-scaling-24a9adb84176,2,6,8650,345
s2-step8650-f4of5-d3of4,345,C3,C6,0.022468451831332725,Q1,0.022468451831332725,0.003759398496240629,0.00187969924812037,0.0022321428571429047,True,stage18-scaling-24a9adb84176,2,6,8650,345
s2-step8650-f4of5-d3of4,345,C4,C5,0.031086488150199987,Q1,0.031086488150199987,0.012844611528821992,0.01065162907268169,0.004145408163265363,True,stage18-scaling-24a9adb84176,2,6,8650,345
s2-step8650-f4of5-d3of4,345,C4,C6,0.014349489795918435,Q4,0.005232379193598091,0.011904761904761862,0.01065162907268169,0.014349489795918435,True,stage18-scaling-24a9adb84176,2,6,8650,345
s2-step8650-f4of5-d3of4,345,C5,C6,0.03631886734379808,Q1,0.03631886734379808,0.0009398496240601295,0.0,0.010204081632653073,True,stage18-scaling-24a9adb84176,2,6,8650,345
s2-step8650-f17of20-d1of4,346,C1,C2,0.03029336734693877,Q4,0.009233610341643606,0.005012531328320802,0.0046992481203007586,0.03029336734693877,True,stage18-scaling-24a9adb84176,2,6,8650,346
s2-step8650-f17of20-d1of4,346,C1,C3,0.01052295918367352,Q4,0.009849184364419838,0.0,0.002192982456140302,0.01052295918367352,True,stage18-scaling-24a9adb84176,2,6,8650,346
s2-step8650-f17of20-d1of4,346,C2,C3,0.019770408163265252,Q4,0.000615574022776233,0.005012531328320802,0.006892230576441061,0.019770408163265252,True,stage18-scaling-24a9adb84176,2,6,8650,346
s2-step8650-f17of20-d1of2,347,C1,C2,0.03029336734693877,Q4,0.009233610341643606,0.005012531328320802,0.0046992481203007586,0.03029336734693877,True,stage18-scaling-24a9adb84176,2,6,8650,347
s2-step8650-f17of20-d1of2,347,C1,C3,0.01052295918367352,Q4,0.009849184364419838,0.0,0.002192982456140302,0.01052295918367352,True,stage18-scaling-24a9adb84176,2,6,8650,347
s2-step8650-f17of20-d1of2,347,C1,C4,0.020408163265306145,Q4,0.003077870113881165,0.00031328320802004317,0.0006265664160400863,0.020408163265306145,True,stage18-scaling-24a9adb84176,2,6,8650,347
s2-step8650-f17of20-d1of2,347,C1,C5,0.02774234693877553,Q4,0.006771314250538563,0.010338345864661647,0.010025062656641603,0.02774234693877553,True,stage18-scaling-24a9adb84176,2,6,8650,347
s2-step8650-f17of20-d1of2,347,C1,C6,0.013392857142857206,Q4,0.000615574022776344,0.001879699248120259,0.0015664160401002158,0.013392857142857206,True,stage18-scaling-24a9adb84176,2,6,8650,347
s2-step8650-f17of20-d1of2,347,C2,C3,0.019770408163265252,Q4,0.000615574022776233,0.005012531328320802,0.006892230576441061,0.019770408163265252,True,stage18-scaling-24a9adb84176,2,6,8650,347
s2-step8650-f17of20-d1of2,347,C2,C4,0.01231148045552477,Q1,0.01231148045552477,0.0046992481203007586,0.005325814536340845,0.009885204081632626,True,stage18-scaling-24a9adb84176,2,6,8650,347
s2-step8650-f17of20-d1of2,347,C2,C5,0.016004924592182168,Q1,0.016004924592182168,0.015350877192982448,0.014724310776942362,0.0025510204081632404,True,stage18-scaling-24a9adb84176,2,6,8650,347
s2-step8650-f17of20-d1of2,347,C2,C6,0.016900510204081565,Q4,0.008618036318867262,0.006892230576441061,0.006265664160400974,0.016900510204081565,True,stage18-scaling-24a9adb84176,2,6,8650,347
s2-step8650-f17of20-d1of2,347,C3,C4,0.012927054478301003,Q1,0.012927054478301003,0.00031328320802004317,0.0015664160401002158,0.009885204081632626,True,stage18-scaling-24a9adb84176,2,6,8650,347
s2-step8650-f17of20-d1of2,347,C3,C5,0.01721938775510201,Q4,0.0166204986149584,0.010338345864661647,0.007832080200501301,0.01721938775510201,True,stage18-scaling-24a9adb84176,2,6,8650,347
s2-step8650-f17of20-d1of2,347,C3,C6,0.009233610341643494,Q1,0.009233610341643494,0.001879699248120259,0.0006265664160400863,0.002869897959183687,True,stage18-scaling-24a9adb84176,2,6,8650,347
s2-step8650-f17of20-d1of2,347,C4,C5,0.01065162907268169,Q2,0.003693444136657398,0.01065162907268169,0.009398496240601517,0.0073341836734693855,True,stage18-scaling-24a9adb84176,2,6,8650,347
s2-step8650-f17of20-d1of2,347,C4,C6,0.007015306122448939,Q4,0.003693444136657509,0.002192982456140302,0.0009398496240601295,0.007015306122448939,True,stage18-scaling-24a9adb84176,2,6,8650,347
s2-step8650-f17of20-d1of2,347,C5,C6,0.014349489795918324,Q4,0.007386888273314907,0.008458646616541388,0.008458646616541388,0.014349489795918324,True,stage18-scaling-24a9adb84176,2,6,8650,347
s2-step8650-f17of20-d3of4,348,C1,C2,0.03029336734693877,Q4,0.009233610341643606,0.005012531328320802,0.0046992481203007586,0.03029336734693877,True,stage18-scaling-24a9adb84176,2,6,8650,348
s2-step8650-f17of20-d3of4,348,C1,C3,0.01052295918367352,Q4,0.009849184364419838,0.0,0.002192982456140302,0.01052295918367352,True,stage18-scaling-24a9adb84176,2,6,8650,348
s2-step8650-f17of20-d3of4,348,C1,C4,0.020408163265306145,Q4,0.003077870113881165,0.00031328320802004317,0.0006265664160400863,0.020408163265306145,True,stage18-scaling-24a9adb84176,2,6,8650,348
s2-step8650-f17of20-d3of4,348,C1,C5,0.02774234693877553,Q4,0.006771314250538563,0.010338345864661647,0.010025062656641603,0.02774234693877553,True,stage18-scaling-24a9adb84176,2,6,8650,348
s2-step8650-f17of20-d3of4,348,C1,C6,0.013392857142857206,Q4,0.000615574022776344,0.001879699248120259,0.0015664160401002158,0.013392857142857206,True,stage18-scaling-24a9adb84176,2,6,8650,348
s2-step8650-f17of20-d3of4,348,C2,C3,0.019770408163265252,Q4,0.000615574022776233,0.005012531328320802,0.006892230576441061,0.019770408163265252,True,stage18-scaling-24a9adb84176,2,6,8650,348
s2-step8650-f17of20-d3of4,348,C2,C4,0.01231148045552477,Q1,0.01231148045552477,0.0046992481203007586,0.005325814536340845,0.009885204081632626,True,stage18-scaling-24a9adb84176,2,6,8650,348
s2-step8650-f17of20-d3of4,348,C2,C5,0.016004924592182168,Q1,0.016004924592182168,0.015350877192982448,0.014724310776942362,0.0025510204081632404,True,stage18-scaling-24a9adb84176,2,6,8650,348
s2-step8650-f17of20-d3of4,348,C2,C6,0.016900510204081565,Q4,0.008618036318867262,0.006892230576441061,0.006265664160400974,0.016900510204081565,True,stage18-scaling-24a9adb84176,2,6,8650,348
s2-step8650-f17of20-d3of4,348,C3,C4,0.012927054478301003,Q1,0.012927054478301003,0.00031328320802004317,0.0015664160401002158,0.009885204081632626,True,stage18-scaling-24a9adb84176,2,6,8650,348
s2-step8650-f17of20-d3of4,348,C3,C5,0.01721938775510201,Q4,0.0166204986149584,0.010338345864661647,0.007832080200501301,0.01721938775510201,True,stage18-scaling-24a9adb84176,2,6,8650,348
s2-step8650-f17of20-d3of4,348,C3,C6,0.009233610341643494,Q1,0.009233610341643494,0.001879699248120259,0.0006265664160400863,0.002869897959183687,True,stage18-scaling-24a9adb84176,2,6,8650,348
s2-step8650-f17of20-d3of4,348,C4,C5,0.01065162907268169,Q2,0.003693444136657398,0.01065162907268169,0.009398496240601517,0.0073341836734693855,True,stage18-scaling-24a9adb84176,2,6,8650,348
s2-step8650-f17of20-d3of4,348,C4,C6,0.007015306122448939,Q4,0.003693444136657509,0.002192982456140302,0.0009398496240601295,0.007015306122448939,True,stage18-scaling-24a9adb84176,2,6,8650,348
s2-step8650-f17of20-d3of4,348,C5,C6,0.014349489795918324,Q4,0.007386888273314907,0.008458646616541388,0.008458646616541388,0.014349489795918324,True,stage18-scaling-24a9adb84176,2,6,8650,348
s2-step8650-f9of10-d1of4,349,C1,C2,0.021045918367346927,Q4,0.016312711603570285,0.008458646616541388,0.00971177944862156,0.021045918367346927,True,stage18-scaling-24a9adb84176,2,6,8650,349
s2-step8650-f9of10-d1of4,349,C1,C3,0.0106516290726818,Q2,0.0003077870113881165,0.0106516290726818,0.00877192982456143,0.005102040816326592,True,stage18-scaling-24a9adb84176,2,6,8650,349
s2-step8650-f9of10-d1of4,349,C2,C3,0.016004924592182168,Q1,0.016004924592182168,0.002192982456140413,0.0009398496240601295,0.015943877551020336,True,stage18-scaling-24a9adb84176,2,6,8650,349
s2-step8650-f9of10-d1of2,350,C1,C2,0.021045918367346927,Q4,0.016312711603570285,0.008458646616541388,0.00971177944862156,0.021045918367346927,True,stage18-scaling-24a9adb84176,2,6,8650,350
s2-step8650-f9of10-d1of2,350,C1,C3,0.0106516290726818,Q2,0.0003077870113881165,0.0106516290726818,0.00877192982456143,0.005102040816326592,True,stage18-scaling-24a9adb84176,2,6,8650,350
s2-step8650-f9of10-d1of2,350,C1,C4,0.02369959987688519,Q1,0.02369959987688519,0.007205513784461215,0.00877192982456143,0.0063775510204081565,True,stage18-scaling-24a9adb84176,2,6,8650,350
s2-step8650-f9of10-d1of2,350,C1,C5,0.014987244897959218,Q4,0.011388119421360421,0.007832080200501301,0.009398496240601517,0.014987244897959218,True,stage18-scaling-24a9adb84176,2,6,8650,350
s2-step8650-f9of10-d1of2,350,C1,C6,0.04017857142857151,Q4,0.011388119421360421,0.00031328320802004317,0.0006265664160401974,0.04017857142857151,True,stage18-scaling-24a9adb84176,2,6,8650,350
s2-step8650-f9of10-d1of2,350,C2,C3,0.016004924592182168,Q1,0.016004924592182168,0.002192982456140413,0.0009398496240601295,0.015943877551020336,True,stage18-scaling-24a9adb84176,2,6,8650,350
s2-step8650-f9of10-d1of2,350,C2,C4,0.014668367346938771,Q4,0.007386888273314907,0.0012531328320801727,0.0009398496240601295,0.014668367346938771,True,stage18-scaling-24a9adb84176,2,6,8650,350
s2-step8650-f9of10-d1of2,350,C2,C5,0.00605867346938771,Q4,0.004924592182209864,0.0006265664160400863,0.00031328320802004317,0.00605867346938771,True,stage18-scaling-24a9adb84176,2,6,8650,350
s2-step8650-f9of10-d1of2,350,C2,C6,0.01913265306122458,Q4,0.004924592182209864,0.00877192982456143,0.009085213032581363,0.01913265306122458,True,stage18-scaling-24a9adb84176,2,6,8650,350
s2-step8650-f9of10-d1of2,350,C3,C4,0.023391812865497075,Q1,0.023391812865497075,0.003446115288220586,0.0,0.0012755102040815647,True,stage18-scaling-24a9adb84176,2,6,8650,350
s2-step8650-f9of10-d1of2,350,C3,C5,0.011080332409972304,Q1,0.011080332409972304,0.0028195488721804995,0.0006265664160400863,0.009885204081632626,True,stage18-scaling-24a9adb84176,2,6,8650,350
s2-step8650-f9of10-d1of2,350,C3,C6,0.035076530612244916,Q4,0.011080332409972304,0.010964912280701844,0.008145363408521233,0.035076530612244916,True,stage18-scaling-24a9adb84176,2,6,8650,350
s2-step8650-f9of10-d1of2,350,C4,C5,0.01231148045552477,Q1,0.01231148045552477,0.0006265664160400863,0.0006265664160400863,0.008609693877551061,True,stage18-scaling-24a9adb84176,2,6,8650,350
s2-step8650-f9of10-d1of2,350,C4,C6,0.03380102040816335,Q4,0.01231148045552477,0.007518796992481258,0.008145363408521233,0.03380102040816335,True,stage18-scaling-24a9adb84176,2,6,8650,350
s2-step8650-f9of10-d1of2,350,C5,C6,0.02519132653061229,Q4,0.0,0.008145363408521344,0.00877192982456132,0.02519132653061229,True,stage18-scaling-24a9adb84176,2,6,8650,350
s2-step8650-f9of10-d3of4,351,C1,C2,0.021045918367346927,Q4,0.016312711603570285,0.008458646616541388,0.00971177944862156,0.021045918367346927,True,stage18-scaling-24a9adb84176,2,6,8650,351
s2-step8650-f9of10-d3of4,351,C1,C3,0.0106516290726818,Q2,0.0003077870113881165,0.0106516290726818,0.00877192982456143,0.005102040816326592,True,stage18-scaling-24a9adb84176,2,6,8650,351
s2-step8650-f9of10-d3of4,351,C1,C4,0.02369959987688519,Q1,0.02369959987688519,0.007205513784461215,0.00877192982456143,0.0063775510204081565,True,stage18-scaling-24a9adb84176,2,6,8650,351
s2-step8650-f9of10-d3of4,351,C1,C5,0.014987244897959218,Q4,0.011388119421360421,0.007832080200501301,0.009398496240601517,0.014987244897959218,True,stage18-scaling-24a9adb84176,2,6,8650,351
s2-step8650-f9of10-d3of4,351,C1,C6,0.04017857142857151,Q4,0.011388119421360421,0.00031328320802004317,0.0006265664160401974,0.04017857142857151,True,stage18-scaling-24a9adb84176,2,6,8650,351
s2-step8650-f9of10-d3of4,351,C2,C3,0.016004924592182168,Q1,0.016004924592182168,0.002192982456140413,0.0009398496240601295,0.015943877551020336,True,stage18-scaling-24a9adb84176,2,6,8650,351
s2-step8650-f9of10-d3of4,351,C2,C4,0.014668367346938771,Q4,0.007386888273314907,0.0012531328320801727,0.0009398496240601295,0.014668367346938771,True,stage18-scaling-24a9adb84176,2,6,8650,351
s2-step8650-f9of10-d3of4,351,C2,C5,0.00605867346938771,Q4,0.004924592182209864,0.0006265664160400863,0.00031328320802004317,0.00605867346938771,True,stage18-scaling-24a9adb84176,2,6,8650,351
s2-step8650-f9of10-d3of4,351,C2,C6,0.01913265306122458,Q4,0.004924592182209864,0.00877192982456143,0.009085213032581363,0.01913265306122458,True,stage18-scaling-24a9adb84176,2,6,8650,351
s2-step8650-f9of10-d3of4,351,C3,C4,0.023391812865497075,Q1,0.023391812865497075,0.003446115288220586,0.0,0.0012755102040815647,True,stage18-scaling-24a9adb84176,2,6,8650,351
s2-step8650-f9of10-d3of4,351,C3,C5,0.011080332409972304,Q1,0.011080332409972304,0.0028195488721804995,0.0006265664160400863,0.009885204081632626,True,stage18-scaling-24a9adb84176,2,6,8650,351
s2-step8650-f9of10-d3of4,351,C3,C6,0.035076530612244916,Q4,0.011080332409972304,0.010964912280701844,0.008145363408521233,0.035076530612244916,True,stage18-scaling-24a9adb84176,2,6,8650,351
s2-step8650-f9of10-d3of4,351,C4,C5,0.01231148045552477,Q1,0.01231148045552477,0.0006265664160400863,0.0006265664160400863,0.008609693877551061,True,stage18-scaling-24a9adb84176,2,6,8650,351
s2-step8650-f9of10-d3of4,351,C4,C6,0.03380102040816335,Q4,0.01231148045552477,0.007518796992481258,0.008145363408521233,0.03380102040816335,True,stage18-scaling-24a9adb84176,2,6,8650,351
s2-step8650-f9of10-d3of4,351,C5,C6,0.02519132653061229,Q4,0.0,0.008145363408521344,0.00877192982456132,0.02519132653061229,True,stage18-scaling-24a9adb84176,2,6,8650,351
s2-step8650-f19of20-d1of4,352,C1,C2,0.011080332409972304,Q1,0.011080332409972304,0.00877192982456132,0.00877192982456132,0.004145408163265363,True,stage18-scaling-24a9adb84176,2,6,8650,352
s2-step8650-f19of20-d1of4,352,C1,C3,0.02036340852130325,Q2,0.010772545398584188,0.02036340852130325,0.01848370927318288,0.013392857142857206,True,stage18-scaling-24a9adb84176,2,6,8650,352
s2-step8650-f19of20-d1of4,352,C2,C3,0.01159147869674193,Q2,0.0003077870113881165,0.01159147869674193,0.00971177944862156,0.009247448979591844,True,stage18-scaling-24a9adb84176,2,6,8650,352
s2-step8650-f19of20-d1of2,353,C1,C2,0.011080332409972304,Q1,0.011080332409972304,0.00877192982456132,0.00877192982456132,0.004145408163265363,True,stage18-scaling-24a9adb84176,2,6,8650,353
s2-step8650-f19of20-d1of2,353,C1,C3,0.02036340852130325,Q2,0.010772545398584188,0.02036340852130325,0.01848370927318288,0.013392857142857206,True,stage18-scaling-24a9adb84176,2,6,8650,353
s2-step8650-f19of20-d1of2,353,C1,C4,0.01231148045552477,Q1,0.01231148045552477,0.01065162907268169,0.00971177944862156,0.000956632653061229,True,stage18-scaling-24a9adb84176,2,6,8650,353
s2-step8650-f19of20-d1of2,353,C1,C5,0.019736842105263164,Q2,0.018159433671899095,0.019736842105263164,0.019110275689223077,0.013711734693877653,True,stage18-scaling-24a9adb84176,2,6,8650,353
s2-step8650-f19of20-d1of2,353,C1,C6,0.013542628501077236,Q1,0.013542628501077236,0.009398496240601406,0.01065162907268169,0.002869897959183687,True,stage18-scaling-24a9adb84176,2,6,8650,353
s2-step8650-f19of20-d1of2,353,C2,C3,0.01159147869674193,Q2,0.0003077870113881165,0.01159147869674193,0.00971177944862156,0.009247448979591844,True,stage18-scaling-24a9adb84176,2,6,8650,353
s2-step8650-f19of20-d1of2,353,C2,C4,0.0031887755102041337,Q4,0.001231148045552466,0.00187969924812037,0.0009398496240602405,0.0031887755102041337,True,stage18-scaling-24a9adb84176,2,6,8650,353
s2-step8650-f19of20-d1of2,353,C2,C5,0.010964912280701844,Q2,0.00707910126192679,0.010964912280701844,0.010338345864661758,0.00956632653061229,True,stage18-scaling-24a9adb84176,2,6,8650,353
s2-step8650-f19of20-d1of2,353,C2,C6,0.002462296091104932,Q1,0.002462296091104932,0.0006265664160400863,0.00187969924812037,0.0012755102040816757,True,stage18-scaling-24a9adb84176,2,6,8650,353
s2-step8650-f19of20-d1of2,353,C3,C4,0.012436224489795977,Q4,0.0015389350569405824,0.00971177944862156,0.00877192982456132,0.012436224489795977,True,stage18-scaling-24a9adb84176,2,6,8650,353
s2-step8650-f19of20-d1of2,353,C3,C5,0.007386888273314907,Q1,0.007386888273314907,0.0006265664160400863,0.0006265664160401974,0.0003188775510204467,True,stage18-scaling-24a9adb84176,2,6,8650,353
s2-step8650-f19of20-d1of2,353,C3,C6,0.010964912280701844,Q2,0.0027700831024930483,0.010964912280701844,0.00783208020050119,0.01052295918367352,True,stage18-scaling-24a9adb84176,2,6,8650,353
s2-step8650-f19of20-d1of2,353,C4,C5,0.012755102040816424,Q4,0.005847953216374324,0.009085213032581474,0.009398496240601517,0.012755102040816424,True,stage18-scaling-24a9adb84176,2,6,8650,353
s2-step8650-f19of20-d1of2,353,C4,C6,0.001913265306122458,Q4,0.001231148045552466,0.0012531328320802837,0.0009398496240601295,0.001913265306122458,True,stage18-scaling-24a9adb84176,2,6,8650,353
s2-step8650-f19of20-d1of2,353,C5,C6,0.010841836734693966,Q4,0.004616805170821858,0.010338345864661758,0.008458646616541388,0.010841836734693966,True,stage18-scaling-24a9adb84176,2,6,8650,353
s2-step8650-f19of20-d3of4,354,C1,C2,0.011080332409972304,Q1,0.011080332409972304,0.00877192982456132,0.00877192982456132,0.004145408163265363,True,stage18-scaling-24a9adb84176,2,6,8650,354
s2-step8650-f19of20-d3of4,354,C1,C3,0.02036340852130325,Q2,0.010772545398584188,0.02036340852130325,0.01848370927318288,0.013392857142857206,True,stage18-scaling-24a9adb84176,2,6,8650,354
s2-step8650-f19of20-d3of4,354,C1,C4,0.01231148045552477,Q1,0.01231148045552477,0.01065162907268169,0.00971177944862156,0.000956632653061229,True,stage18-scaling-24a9adb84176,2,6,8650,354
s2-step8650-f19of20-d3of4,354,C1,C5,0.019736842105263164,Q2,0.018159433671899095,0.019736842105263164,0.019110275689223077,0.013711734693877653,True,stage18-scaling-24a9adb84176,2,6,8650,354
s2-step8650-f19of20-d3of4,354,C1,C6,0.013542628501077236,Q1,0.013542628501077236,0.009398496240601406,0.01065162907268169,0.002869897959183687,True,stage18-scaling-24a9adb84176,2,6,8650,354
s2-step8650-f19of20-d3of4,354,C2,C3,0.01159147869674193,Q2,0.0003077870113881165,0.01159147869674193,0.00971177944862156,0.009247448979591844,True,stage18-scaling-24a9adb84176,2,6,8650,354
s2-step8650-f19of20-d3of4,354,C2,C4,0.0031887755102041337,Q4,0.001231148045552466,0.00187969924812037,0.0009398496240602405,0.0031887755102041337,True,stage18-scaling-24a9adb84176,2,6,8650,354
s2-step8650-f19of20-d3of4,354,C2,C5,0.010964912280701844,Q2,0.00707910126192679,0.010964912280701844,0.010338345864661758,0.00956632653061229,True,stage18-scaling-24a9adb84176,2,6,8650,354
s2-step8650-f19of20-d3of4,354,C2,C6,0.002462296091104932,Q1,0.002462296091104932,0.0006265664160400863,0.00187969924812037,0.0012755102040816757,True,stage18-scaling-24a9adb84176,2,6,8650,354
s2-step8650-f19of20-d3of4,354,C3,C4,0.012436224489795977,Q4,0.0015389350569405824,0.00971177944862156,0.00877192982456132,0.012436224489795977,True,stage18-scaling-24a9adb84176,2,6,8650,354
s2-step8650-f19of20-d3of4,354,C3,C5,0.007386888273314907,Q1,0.007386888273314907,0.0006265664160400863,0.0006265664160401974,0.0003188775510204467,True,stage18-scaling-24a9adb84176,2,6,8650,354
s2-step8650-f19of20-d3of4,354,C3,C6,0.010964912280701844,Q2,0.0027700831024930483,0.010964912280701844,0.00783208020050119,0.01052295918367352,True,stage18-scaling-24a9adb84176,2,6,8650,354
s2-step8650-f19of20-d3of4,354,C4,C5,0.012755102040816424,Q4,0.005847953216374324,0.009085213032581474,0.009398496240601517,0.012755102040816424,True,stage18-scaling-24a9adb84176,2,6,8650,354
s2-step8650-f19of20-d3of4,354,C4,C6,0.001913265306122458,Q4,0.001231148045552466,0.0012531328320802837,0.0009398496240601295,0.001913265306122458,True,stage18-scaling-24a9adb84176,2,6,8650,354
s2-step8650-f19of20-d3of4,354,C5,C6,0.010841836734693966,Q4,0.004616805170821858,0.010338345864661758,0.008458646616541388,0.010841836734693966,True,stage18-scaling-24a9adb84176,2,6,8650,354
s2-step8650-f39of40-d1of4,355,C1,C2,0.01323484148968923,Q1,0.01323484148968923,0.005012531328320802,0.004385964912280715,0.0025510204081633514,True,stage18-scaling-24a9adb84176,2,6,8650,355
s2-step8650-f39of40-d1of4,355,C1,C3,0.012619267466912887,Q1,0.012619267466912887,0.005325814536340845,0.004072681704260672,0.0031887755102041337,True,stage18-scaling-24a9adb84176,2,6,8650,355
s2-step8650-f39of40-d1of4,355,C2,C3,0.0006377551020407823,Q4,0.000615574022776344,0.00031328320802004317,0.00031328320802004317,0.0006377551020407823,True,stage18-scaling-24a9adb84176,2,6,8650,355
s2-step8650-f39of40-d1of2,356,C1,C2,0.01323484148968923,Q1,0.01323484148968923,0.005012531328320802,0.004385964912280715,0.0025510204081633514,True,stage18-scaling-24a9adb84176,2,6,8650,356
s2-step8650-f39of40-d1of2,356,C1,C3,0.012619267466912887,Q1,0.012619267466912887,0.005325814536340845,0.004072681704260672,0.0031887755102041337,True,stage18-scaling-24a9adb84176,2,6,8650,356
s2-step8650-f39of40-d1of2,356,C1,C4,0.010156971375807955,Q1,0.010156971375807955,0.0031328320802004317,0.0015664160401002158,0.005102040816326592,True,stage18-scaling-24a9adb84176,2,6,8650,356
s2-step8650-f39of40-d1of2,356,C1,C5,0.011388119421360421,Q1,0.011388119421360421,0.006265664160400974,0.0046992481203007586,0.0073341836734693855,True,stage18-scaling-24a9adb84176,2,6,8650,356
s2-step8650-f39of40-d1of2,356,C1,C6,0.007386888273314907,Q1,0.007386888273314907,0.005012531328320802,0.003759398496240629,0.000956632653061229,True,stage18-scaling-24a9adb84176,2,6,8650,356
s2-step8650-f39of40-d1of2,356,C1,C7,0.0025062656641603454,Q2,0.0015389350569406934,0.0025062656641603454,0.002192982456140302,0.0,True,stage18-scaling-24a9adb84176,2,6,8650,356
s2-step8650-f39of40-d1of2,356,C2,C3,0.0006377551020407823,Q4,0.000615574022776344,0.00031328320802004317,0.00031328320802004317,0.0006377551020407823,True,stage18-scaling-24a9adb84176,2,6,8650,356
s2-step8650-f39of40-d1of2,356,C2,C4,0.003077870113881276,Q1,0.003077870113881276,0.00187969924812037,0.0028195488721804995,0.0025510204081632404,True,stage18-scaling-24a9adb84176,2,6,8650,356
s2-step8650-f39of40-d1of2,356,C2,C5,0.004783163265306034,Q4,0.00184672206832881,0.0012531328320801727,0.00031328320802004317,0.004783163265306034,True,stage18-scaling-24a9adb84176,2,6,8650,356
s2-step8650-f39of40-d1of2,356,C2,C6,0.005847953216374324,Q1,0.005847953216374324,0.0,0.0006265664160400863,0.0035076530612245804,True,stage18-scaling-24a9adb84176,2,6,8650,356
s2-step8650-f39of40-d1of2,356,C2,C7,0.011695906432748537,Q1,0.011695906432748537,0.0025062656641604564,0.002192982456140413,0.0025510204081633514,True,stage18-scaling-24a9adb84176,2,6,8650,356
s2-step8650-f39of40-d1of2,356,C3,C4,0.0025062656641604564,Q3,0.002462296091104932,0.002192982456140413,0.0025062656641604564,0.001913265306122458,True,stage18-scaling-24a9adb84176,2,6,8650,356
s2-step8650-f39of40-d1of2,356,C3,C5,0.004145408163265252,Q4,0.001231148045552466,0.0009398496240601295,0.0006265664160400863,0.004145408163265252,True,stage18-scaling-24a9adb84176,2,6,8650,356
s2-step8650-f39of40-d1of2,356,C3,C6,0.00523237919359798,Q1,0.00523237919359798,0.00031328320802004317,0.00031328320802004317,0.004145408163265363,True,stage18-scaling-24a9adb84176,2,6,8650,356
s2-step8650-f39of40-d1of2,356,C3,C7,0.011080332409972193,Q1,0.011080332409972193,0.0028195488721804995,0.00187969924812037,0.0031887755102041337,True,stage18-scaling-24a9adb84176,2,6,8650,356
s2-step8650-f39of40-d1of2,356,C4,C5,0.0031328320802005427,Q2,0.001231148045552466,0.0031328320802005427,0.0031328320802005427,0.0022321428571427937,True,stage18-scaling-24a9adb84176,2,6,8650,356
s2-step8650-f39of40-d1of2,356,C4,C6,0.006058673469387821,Q4,0.0027700831024930483,0.00187969924812037,0.002192982456140413,0.006058673469387821,True,stage18-scaling-24a9adb84176,2,6,8650,356
s2-step8650-f39of40-d1of2,356,C4,C7,0.008618036318867262,Q1,0.008618036318867262,0.0006265664160400863,0.0006265664160400863,0.005102040816326592,True,stage18-scaling-24a9adb84176,2,6,8650,356
s2-step8650-f39of40-d1of2,356,C5,C6,0.008290816326530615,Q4,0.004001231148045514,0.0012531328320801727,0.0009398496240601295,0.008290816326530615,True,stage18-scaling-24a9adb84176,2,6,8650,356
s2-step8650-f39of40-d1of2,356,C5,C7,0.009849184364419727,Q1,0.009849184364419727,0.003759398496240629,0.0025062656641604564,0.0073341836734693855,True,stage18-scaling-24a9adb84176,2,6,8650,356
s2-step8650-f39of40-d1of2,356,C6,C7,0.005847953216374213,Q1,0.005847953216374213,0.0025062656641604564,0.0015664160401003269,0.000956632653061229,True,stage18-scaling-24a9adb84176,2,6,8650,356
s2-step8650-f39of40-d3of4,357,C1,C2,0.01323484148968923,Q1,0.01323484148968923,0.005012531328320802,0.004385964912280715,0.0025510204081633514,True,stage18-scaling-24a9adb84176,2,6,8650,357
s2-step8650-f39of40-d3of4,357,C1,C3,0.012619267466912887,Q1,0.012619267466912887,0.005325814536340845,0.004072681704260672,0.0031887755102041337,True,stage18-scaling-24a9adb84176,2,6,8650,357
s2-step8650-f39of40-d3of4,357,C1,C4,0.010156971375807955,Q1,0.010156971375807955,0.0031328320802004317,0.0015664160401002158,0.005102040816326592,True,stage18-scaling-24a9adb84176,2,6,8650,357
s2-step8650-f39of40-d3of4,357,C1,C5,0.011388119421360421,Q1,0.011388119421360421,0.006265664160400974,0.0046992481203007586,0.0073341836734693855,True,stage18-scaling-24a9adb84176,2,6,8650,357
s2-step8650-f39of40-d3of4,357,C1,C6,0.007386888273314907,Q1,0.007386888273314907,0.005012531328320802,0.003759398496240629,0.000956632653061229,True,stage18-scaling-24a9adb84176,2,6,8650,357
s2-step8650-f39of40-d3of4,357,C1,C7,0.0025062656641603454,Q2,0.0015389350569406934,0.0025062656641603454,0.002192982456140302,0.0,True,stage18-scaling-24a9adb84176,2,6,8650,357
s2-step8650-f39of40-d3of4,357,C2,C3,0.0006377551020407823,Q4,0.000615574022776344,0.00031328320802004317,0.00031328320802004317,0.0006377551020407823,True,stage18-scaling-24a9adb84176,2,6,8650,357
s2-step8650-f39of40-d3of4,357,C2,C4,0.003077870113881276,Q1,0.003077870113881276,0.00187969924812037,0.0028195488721804995,0.0025510204081632404,True,stage18-scaling-24a9adb84176,2,6,8650,357
s2-step8650-f39of40-d3of4,357,C2,C5,0.004783163265306034,Q4,0.00184672206832881,0.0012531328320801727,0.00031328320802004317,0.004783163265306034,True,stage18-scaling-24a9adb84176,2,6,8650,357
s2-step8650-f39of40-d3of4,357,C2,C6,0.005847953216374324,Q1,0.005847953216374324,0.0,0.0006265664160400863,0.0035076530612245804,True,stage18-scaling-24a9adb84176,2,6,8650,357
s2-step8650-f39of40-d3of4,357,C2,C7,0.011695906432748537,Q1,0.011695906432748537,0.0025062656641604564,0.002192982456140413,0.0025510204081633514,True,stage18-scaling-24a9adb84176,2,6,8650,357
s2-step8650-f39of40-d3of4,357,C3,C4,0.0025062656641604564,Q3,0.002462296091104932,0.002192982456140413,0.0025062656641604564,0.001913265306122458,True,stage18-scaling-24a9adb84176,2,6,8650,357
s2-step8650-f39of40-d3of4,357,C3,C5,0.004145408163265252,Q4,0.001231148045552466,0.0009398496240601295,0.0006265664160400863,0.004145408163265252,True,stage18-scaling-24a9adb84176,2,6,8650,357
s2-step8650-f39of40-d3of4,357,C3,C6,0.00523237919359798,Q1,0.00523237919359798,0.00031328320802004317,0.00031328320802004317,0.004145408163265363,True,stage18-scaling-24a9adb84176,2,6,8650,357
s2-step8650-f39of40-d3of4,357,C3,C7,0.011080332409972193,Q1,0.011080332409972193,0.0028195488721804995,0.00187969924812037,0.0031887755102041337,True,stage18-scaling-24a9adb84176,2,6,8650,357
s2-step8650-f39of40-d3of4,357,C4,C5,0.0031328320802005427,Q2,0.001231148045552466,0.0031328320802005427,0.0031328320802005427,0.0022321428571427937,True,stage18-scaling-24a9adb84176,2,6,8650,357
s2-step8650-f39of40-d3of4,357,C4,C6,0.006058673469387821,Q4,0.0027700831024930483,0.00187969924812037,0.002192982456140413,0.006058673469387821,True,stage18-scaling-24a9adb84176,2,6,8650,357
s2-step8650-f39of40-d3of4,357,C4,C7,0.008618036318867262,Q1,0.008618036318867262,0.0006265664160400863,0.0006265664160400863,0.005102040816326592,True,stage18-scaling-24a9adb84176,2,6,8650,357
s2-step8650-f39of40-d3of4,357,C5,C6,0.008290816326530615,Q4,0.004001231148045514,0.0012531328320801727,0.0009398496240601295,0.008290816326530615,True,stage18-scaling-24a9adb84176,2,6,8650,357
s2-step8650-f39of40-d3of4,357,C5,C7,0.009849184364419727,Q1,0.009849184364419727,0.003759398496240629,0.0025062656641604564,0.0073341836734693855,True,stage18-scaling-24a9adb84176,2,6,8650,357
s2-step8650-f39of40-d3of4,357,C6,C7,0.005847953216374213,Q1,0.005847953216374213,0.0025062656641604564,0.0015664160401003269,0.000956632653061229,True,stage18-scaling-24a9adb84176,2,6,8650,357
s2-step8650-f99of100-d1of4,358,C1,C2,0.001913265306122458,Q4,0.0015389350569405824,0.0015664160401002158,0.0009398496240601295,0.001913265306122458,True,stage18-scaling-24a9adb84176,2,6,8650,358
s2-step8650-f99of100-d1of4,358,C1,C3,0.0021545090797168154,Q1,0.0021545090797168154,0.0006265664160400863,0.0009398496240601295,0.0,True,stage18-scaling-24a9adb84176,2,6,8650,358
s2-step8650-f99of100-d1of4,358,C2,C3,0.001913265306122458,Q4,0.000615574022776233,0.0009398496240601295,0.0,0.001913265306122458,True,stage18-scaling-24a9adb84176,2,6,8650,358
s2-step8650-f99of100-d1of2,359,C1,C2,0.001913265306122458,Q4,0.0015389350569405824,0.0015664160401002158,0.0009398496240601295,0.001913265306122458,True,stage18-scaling-24a9adb84176,2,6,8650,359
s2-step8650-f99of100-d1of2,359,C1,C3,0.0021545090797168154,Q1,0.0021545090797168154,0.0006265664160400863,0.0009398496240601295,0.0,True,stage18-scaling-24a9adb84176,2,6,8650,359
s2-step8650-f99of100-d1of2,359,C1,C4,0.0012531328320802837,Q3,0.0003077870113881165,0.0006265664160401974,0.0012531328320802837,0.0,True,stage18-scaling-24a9adb84176,2,6,8650,359
s2-step8650-f99of100-d1of2,359,C1,C5,0.0027700831024930483,Q1,0.0027700831024930483,0.001879699248120259,0.0009398496240601295,0.0006377551020408934,True,stage18-scaling-24a9adb84176,2,6,8650,359
s2-step8650-f99of100-d1of2,359,C1,C6,0.0027700831024930483,Q1,0.0027700831024930483,0.0012531328320801727,0.0015664160401002158,0.0012755102040816757,True,stage18-scaling-24a9adb84176,2,6,8650,359
s2-step8650-f99of100-d1of2,359,C1,C7,0.001913265306122458,Q4,0.001231148045552466,0.00031328320802004317,0.00031328320802004317,0.001913265306122458,True,stage18-scaling-24a9adb84176,2,6,8650,359
s2-step8650-f99of100-d1of2,359,C2,C3,0.001913265306122458,Q4,0.000615574022776233,0.0009398496240601295,0.0,0.001913265306122458,True,stage18-scaling-24a9adb84176,2,6,8650,359
s2-step8650-f99of100-d1of2,359,C2,C4,0.002192982456140413,Q2,0.001846722068328699,0.002192982456140413,0.002192982456140413,0.001913265306122458,True,stage18-scaling-24a9adb84176,2,6,8650,359
s2-step8650-f99of100-d1of2,359,C2,C5,0.0012755102040815647,Q4,0.001231148045552466,0.00031328320802004317,0.0,0.0012755102040815647,True,stage18-scaling-24a9adb84176,2,6,8650,359
s2-step8650-f99of100-d1of2,359,C2,C6,0.001231148045552466,Q1,0.001231148045552466,0.00031328320802004317,0.0006265664160400863,0.0006377551020407823,True,stage18-scaling-24a9adb84176,2,6,8650,359
s2-step8650-f99of100-d1of2,359,C2,C7,0.0027700831024930483,Q1,0.0027700831024930483,0.0012531328320801727,0.0006265664160400863,0.0,True,stage18-scaling-24a9adb84176,2,6,8650,359
s2-step8650-f99of100-d1of2,359,C3,C4,0.002462296091104932,Q1,0.002462296091104932,0.0012531328320802837,0.002192982456140413,0.0,True,stage18-scaling-24a9adb84176,2,6,8650,359
s2-step8650-f99of100-d1of2,359,C3,C5,0.0012531328320801727,Q2,0.000615574022776233,0.0012531328320801727,0.0,0.0006377551020408934,True,stage18-scaling-24a9adb84176,2,6,8650,359
s2-step8650-f99of100-d1of2,359,C3,C6,0.0012755102040816757,Q4,0.000615574022776233,0.0006265664160400863,0.0006265664160400863,0.0012755102040816757,True,stage18-scaling-24a9adb84176,2,6,8650,359
s2-step8650-f99of100-d1of2,359,C3,C7,0.0033856571252692813,Q1,0.0033856571252692813,0.00031328320802004317,0.0006265664160400863,0.001913265306122458,True,stage18-scaling-24a9adb84176,2,6,8650,359
s2-step8650-f99of100-d1of2,359,C4,C5,0.003077870113881165,Q1,0.003077870113881165,0.0025062656641604564,0.002192982456140413,0.0006377551020408934,True,stage18-scaling-24a9adb84176,2,6,8650,359
s2-step8650-f99of100-d1of2,359,C4,C6,0.003077870113881165,Q1,0.003077870113881165,0.00187969924812037,0.0028195488721804995,0.0012755102040816757,True,stage18-scaling-24a9adb84176,2,6,8650,359
s2-step8650-f99of100-d1of2,359,C4,C7,0.001913265306122458,Q4,0.0009233610341643494,0.0009398496240602405,0.0015664160401003269,0.001913265306122458,True,stage18-scaling-24a9adb84176,2,6,8650,359
s2-step8650-f99of100-d1of2,359,C5,C6,0.0006377551020407823,Q4,0.0,0.0006265664160400863,0.0006265664160400863,0.0006377551020407823,True,stage18-scaling-24a9adb84176,2,6,8650,359
s2-step8650-f99of100-d1of2,359,C5,C7,0.004001231148045514,Q1,0.004001231148045514,0.0015664160401002158,0.0006265664160400863,0.0012755102040815647,True,stage18-scaling-24a9adb84176,2,6,8650,359
s2-step8650-f99of100-d1of2,359,C6,C7,0.004001231148045514,Q1,0.004001231148045514,0.0009398496240601295,0.0012531328320801727,0.0006377551020407823,True,stage18-scaling-24a9adb84176,2,6,8650,359
s2-step8650-f99of100-d3of4,360,C1,C2,0.001913265306122458,Q4,0.0015389350569405824,0.0015664160401002158,0.0009398496240601295,0.001913265306122458,True,stage18-scaling-24a9adb84176,2,6,8650,360
s2-step8650-f99of100-d3of4,360,C1,C3,0.0021545090797168154,Q1,0.0021545090797168154,0.0006265664160400863,0.0009398496240601295,0.0,True,stage18-scaling-24a9adb84176,2,6,8650,360
s2-step8650-f99of100-d3of4,360,C1,C4,0.0012531328320802837,Q3,0.0003077870113881165,0.0006265664160401974,0.0012531328320802837,0.0,True,stage18-scaling-24a9adb84176,2,6,8650,360
s2-step8650-f99of100-d3of4,360,C1,C5,0.0027700831024930483,Q1,0.0027700831024930483,0.001879699248120259,0.0009398496240601295,0.0006377551020408934,True,stage18-scaling-24a9adb84176,2,6,8650,360
s2-step8650-f99of100-d3of4,360,C1,C6,0.0027700831024930483,Q1,0.0027700831024930483,0.0012531328320801727,0.0015664160401002158,0.0012755102040816757,True,stage18-scaling-24a9adb84176,2,6,8650,360
s2-step8650-f99of100-d3of4,360,C1,C7,0.001913265306122458,Q4,0.001231148045552466,0.00031328320802004317,0.00031328320802004317,0.001913265306122458,True,stage18-scaling-24a9adb84176,2,6,8650,360
s2-step8650-f99of100-d3of4,360,C2,C3,0.001913265306122458,Q4,0.000615574022776233,0.0009398496240601295,0.0,0.001913265306122458,True,stage18-scaling-24a9adb84176,2,6,8650,360
s2-step8650-f99of100-d3of4,360,C2,C4,0.002192982456140413,Q2,0.001846722068328699,0.002192982456140413,0.002192982456140413,0.001913265306122458,True,stage18-scaling-24a9adb84176,2,6,8650,360
s2-step8650-f99of100-d3of4,360,C2,C5,0.0012755102040815647,Q4,0.001231148045552466,0.00031328320802004317,0.0,0.0012755102040815647,True,stage18-scaling-24a9adb84176,2,6,8650,360
s2-step8650-f99of100-d3of4,360,C2,C6,0.001231148045552466,Q1,0.001231148045552466,0.00031328320802004317,0.0006265664160400863,0.0006377551020407823,True,stage18-scaling-24a9adb84176,2,6,8650,360
s2-step8650-f99of100-d3of4,360,C2,C7,0.0027700831024930483,Q1,0.0027700831024930483,0.0012531328320801727,0.0006265664160400863,0.0,True,stage18-scaling-24a9adb84176,2,6,8650,360
s2-step8650-f99of100-d3of4,360,C3,C4,0.002462296091104932,Q1,0.002462296091104932,0.0012531328320802837,0.002192982456140413,0.0,True,stage18-scaling-24a9adb84176,2,6,8650,360
s2-step8650-f99of100-d3of4,360,C3,C5,0.0012531328320801727,Q2,0.000615574022776233,0.0012531328320801727,0.0,0.0006377551020408934,True,stage18-scaling-24a9adb84176,2,6,8650,360
s2-step8650-f99of100-d3of4,360,C3,C6,0.0012755102040816757,Q4,0.000615574022776233,0.0006265664160400863,0.0006265664160400863,0.0012755102040816757,True,stage18-scaling-24a9adb84176,2,6,8650,360
s2-step8650-f99of100-d3of4,360,C3,C7,0.0033856571252692813,Q1,0.0033856571252692813,0.00031328320802004317,0.0006265664160400863,0.001913265306122458,True,stage18-scaling-24a9adb84176,2,6,8650,360
s2-step8650-f99of100-d3of4,360,C4,C5,0.003077870113881165,Q1,0.003077870113881165,0.0025062656641604564,0.002192982456140413,0.0006377551020408934,True,stage18-scaling-24a9adb84176,2,6,8650,360
s2-step8650-f99of100-d3of4,360,C4,C6,0.003077870113881165,Q1,0.003077870113881165,0.00187969924812037,0.0028195488721804995,0.0012755102040816757,True,stage18-scaling-24a9adb84176,2,6,8650,360
s2-step8650-f99of100-d3of4,360,C4,C7,0.001913265306122458,Q4,0.0009233610341643494,0.0009398496240602405,0.0015664160401003269,0.001913265306122458,True,stage18-scaling-24a9adb84176,2,6,8650,360
s2-step8650-f99of100-d3of4,360,C5,C6,0.0006377551020407823,Q4,0.0,0.0006265664160400863,0.0006265664160400863,0.0006377551020407823,True,stage18-scaling-24a9adb84176,2,6,8650,360
s2-step8650-f99of100-d3of4,360,C5,C7,0.004001231148045514,Q1,0.004001231148045514,0.0015664160401002158,0.0006265664160400863,0.0012755102040815647,True,stage18-scaling-24a9adb84176,2,6,8650,360
s2-step8650-f99of100-d3of4,360,C6,C7,0.004001231148045514,Q1,0.004001231148045514,0.0009398496240601295,0.0012531328320801727,0.0006377551020407823,True,stage18-scaling-24a9adb84176,2,6,8650,360
s2-step9050-f4of5-d1of4,361,C1,C2,0.033856571252693146,Q1,0.033856571252693146,0.0003132832080201542,0.00031328320802004317,0.0022321428571429047,True,stage18-scaling-24a9adb84176,2,7,9050,361
s2-step9050-f4of5-d1of4,361,C1,C3,0.03324099722991691,Q1,0.03324099722991691,0.019110275689222966,0.01942355889724312,0.01817602040816324,True,stage18-scaling-24a9adb84176,2,7,9050,361
s2-step9050-f4of5-d1of4,361,C2,C3,0.020408163265306145,Q4,0.000615574022776233,0.01942355889724312,0.019110275689223077,0.020408163265306145,True,stage18-scaling-24a9adb84176,2,7,9050,361
s2-step9050-f4of5-d1of2,362,C1,C2,0.033856571252693146,Q1,0.033856571252693146,0.0003132832080201542,0.00031328320802004317,0.0022321428571429047,True,stage18-scaling-24a9adb84176,2,7,9050,362
s2-step9050-f4of5-d1of2,362,C1,C3,0.03324099722991691,Q1,0.03324099722991691,0.019110275689222966,0.01942355889724312,0.01817602040816324,True,stage18-scaling-24a9adb84176,2,7,9050,362
s2-step9050-f4of5-d1of2,362,C1,C4,0.03878116343490312,Q1,0.03878116343490312,0.016917293233082664,0.019110275689223077,0.00701530612244905,True,stage18-scaling-24a9adb84176,2,7,9050,362
s2-step9050-f4of5-d1of2,362,C1,C5,0.043705755617112985,Q1,0.043705755617112985,0.015350877192982448,0.01754385964912286,0.026147959183673408,True,stage18-scaling-24a9adb84176,2,7,9050,362
s2-step9050-f4of5-d1of2,362,C1,C6,0.031086488150200098,Q1,0.031086488150200098,0.004385964912280604,0.005639097744360888,0.013711734693877542,True,stage18-scaling-24a9adb84176,2,7,9050,362
s2-step9050-f4of5-d1of2,362,C2,C3,0.020408163265306145,Q4,0.000615574022776233,0.01942355889724312,0.019110275689223077,0.020408163265306145,True,stage18-scaling-24a9adb84176,2,7,9050,362
s2-step9050-f4of5-d1of2,362,C2,C4,0.018796992481203034,Q3,0.004924592182209975,0.01723057644110282,0.018796992481203034,0.004783163265306145,True,stage18-scaling-24a9adb84176,2,7,9050,362
s2-step9050-f4of5-d1of2,362,C2,C5,0.028380102040816313,Q4,0.009849184364419838,0.015664160401002603,0.01723057644110282,0.028380102040816313,True,stage18-scaling-24a9adb84176,2,7,9050,362
s2-step9050-f4of5-d1of2,362,C2,C6,0.015943877551020447,Q4,0.0027700831024930483,0.0046992481203007586,0.005325814536340845,0.015943877551020447,True,stage18-scaling-24a9adb84176,2,7,9050,362
s2-step9050-f4of5-d1of2,362,C3,C4,0.02519132653061229,Q4,0.005540166204986208,0.002192982456140302,0.00031328320802004317,0.02519132653061229,True,stage18-scaling-24a9adb84176,2,7,9050,362
s2-step9050-f4of5-d1of2,362,C3,C5,0.010464758387196071,Q1,0.010464758387196071,0.003759398496240518,0.001879699248120259,0.007971938775510168,True,stage18-scaling-24a9adb84176,2,7,9050,362
s2-step9050-f4of5-d1of2,362,C3,C6,0.014724310776942362,Q2,0.0021545090797168154,0.014724310776942362,0.013784461152882233,0.004464285714285698,True,stage18-scaling-24a9adb84176,2,7,9050,362
s2-step9050-f4of5-d1of2,362,C4,C5,0.03316326530612246,Q4,0.004924592182209864,0.0015664160401002158,0.0015664160401002158,0.03316326530612246,True,stage18-scaling-24a9adb84176,2,7,9050,362
s2-step9050-f4of5-d1of2,362,C4,C6,0.020727040816326592,Q4,0.007694675284703023,0.01253132832080206,0.01347117794486219,0.020727040816326592,True,stage18-scaling-24a9adb84176,2,7,9050,362
s2-step9050-f4of5-d1of2,362,C5,C6,0.012619267466912887,Q1,0.012619267466912887,0.010964912280701844,0.011904761904761973,0.012436224489795866,True,stage18-scaling-24a9adb84176,2,7,9050,362
s2-step9050-f4of5-d3of4,363,C1,C2,0.033856571252693146,Q1,0.033856571252693146,0.0003132832080201542,0.00031328320802004317,0.0022321428571429047,True,stage18-scaling-24a9adb84176,2,7,9050,363
s2-step9050-f4of5-d3of4,363,C1,C3,0.03324099722991691,Q1,0.03324099722991691,0.019110275689222966,0.01942355889724312,0.01817602040816324,True,stage18-scaling-24a9adb84176,2,7,9050,363
s2-step9050-f4of5-d3of4,363,C1,C4,0.03878116343490312,Q1,0.03878116343490312,0.016917293233082664,0.019110275689223077,0.00701530612244905,True,stage18-scaling-24a9adb84176,2,7,9050,363
s2-step9050-f4of5-d3of4,363,C1,C5,0.043705755617112985,Q1,0.043705755617112985,0.015350877192982448,0.01754385964912286,0.026147959183673408,True,stage18-scaling-24a9adb84176,2,7,9050,363
s2-step9050-f4of5-d3of4,363,C1,C6,0.031086488150200098,Q1,0.031086488150200098,0.004385964912280604,0.005639097744360888,0.013711734693877542,True,stage18-scaling-24a9adb84176,2,7,9050,363
s2-step9050-f4of5-d3of4,363,C2,C3,0.020408163265306145,Q4,0.000615574022776233,0.01942355889724312,0.019110275689223077,0.020408163265306145,True,stage18-scaling-24a9adb84176,2,7,9050,363
s2-step9050-f4of5-d3of4,363,C2,C4,0.018796992481203034,Q3,0.004924592182209975,0.01723057644110282,0.018796992481203034,0.004783163265306145,True,stage18-scaling-24a9adb84176,2,7,9050,363
s2-step9050-f4of5-d3of4,363,C2,C5,0.028380102040816313,Q4,0.009849184364419838,0.015664160401002603,0.01723057644110282,0.028380102040816313,True,stage18-scaling-24a9adb84176,2,7,9050,363
s2-step9050-f4of5-d3of4,363,C2,C6,0.015943877551020447,Q4,0.0027700831024930483,0.0046992481203007586,0.005325814536340845,0.015943877551020447,True,stage18-scaling-24a9adb84176,2,7,9050,363
s2-step9050-f4of5-d3of4,363,C3,C4,0.02519132653061229,Q4,0.005540166204986208,0.002192982456140302,0.00031328320802004317,0.02519132653061229,True,stage18-scaling-24a9adb84176,2,7,9050,363
s2-step9050-f4of5-d3of4,363,C3,C5,0.010464758387196071,Q1,0.010464758387196071,0.003759398496240518,0.001879699248120259,0.007971938775510168,True,stage18-scaling-24a9adb84176,2,7,9050,363
s2-step9050-f4of5-d3of4,363,C3,C6,0.014724310776942362,Q2,0.0021545090797168154,0.014724310776942362,0.013784461152882233,0.004464285714285698,True,stage18-scaling-24a9adb84176,2,7,9050,363
s2-step9050-f4of5-d3of4,363,C4,C5,0.03316326530612246,Q4,0.004924592182209864,0.0015664160401002158,0.0015664160401002158,0.03316326530612246,True,stage18-scaling-24a9adb84176,2,7,9050,363
s2-step9050-f4of5-d3of4,363,C4,C6,0.020727040816326592,Q4,0.007694675284703023,0.01253132832080206,0.01347117794486219,0.020727040816326592,True,stage18-scaling-24a9adb84176,2,7,9050,363
s2-step9050-f4of5-d3of4,363,C5,C6,0.012619267466912887,Q1,0.012619267466912887,0.010964912280701844,0.011904761904761973,0.012436224489795866,True,stage18-scaling-24a9adb84176,2,7,9050,363
s2-step9050-f17of20-d1of4,364,C1,C2,0.018159433671899095,Q1,0.018159433671899095,0.008145363408521344,0.007205513784461104,0.00956632653061229,True,stage18-scaling-24a9adb84176,2,7,9050,364
s2-step9050-f17of20-d1of4,364,C1,C3,0.024930747922437657,Q1,0.024930747922437657,0.006265664160400974,0.005952380952380931,0.022321428571428603,True,stage18-scaling-24a9adb84176,2,7,9050,364
s2-step9050-f17of20-d1of4,364,C1,C4,0.02831640504770705,Q1,0.02831640504770705,0.010338345864661647,0.009085213032581474,0.02423469387755106,True,stage18-scaling-24a9adb84176,2,7,9050,364
s2-step9050-f17of20-d1of4,364,C2,C3,0.012755102040816313,Q4,0.006771314250538563,0.00187969924812037,0.0012531328320801727,0.012755102040816313,True,stage18-scaling-24a9adb84176,2,7,9050,364
s2-step9050-f17of20-d1of4,364,C2,C4,0.014668367346938771,Q4,0.010156971375807955,0.002192982456140302,0.00187969924812037,0.014668367346938771,True,stage18-scaling-24a9adb84176,2,7,9050,364
s2-step9050-f17of20-d1of4,364,C3,C4,0.004072681704260672,Q2,0.0033856571252693923,0.004072681704260672,0.0031328320802005427,0.001913265306122458,True,stage18-scaling-24a9adb84176,2,7,9050,364
s2-step9050-f17of20-d1of2,365,C1,C2,0.018159433671899095,Q1,0.018159433671899095,0.008145363408521344,0.007205513784461104,0.00956632653061229,True,stage18-scaling-24a9adb84176,2,7,9050,365
s2-step9050-f17of20-d1of2,365,C1,C3,0.024930747922437657,Q1,0.024930747922437657,0.006265664160400974,0.005952380952380931,0.022321428571428603,True,stage18-scaling-24a9adb84176,2,7,9050,365
s2-step9050-f17of20-d1of2,365,C1,C4,0.02831640504770705,Q1,0.02831640504770705,0.010338345864661647,0.009085213032581474,0.02423469387755106,True,stage18-scaling-24a9adb84176,2,7,9050,365
s2-step9050-f17of20-d1of2,365,C1,C5,0.03601108033240996,Q1,0.03601108033240996,0.005952380952380931,0.006578947368421018,0.006696428571428603,True,stage18-scaling-24a9adb84176,2,7,9050,365
s2-step9050-f17of20-d1of2,365,C1,C6,0.016312711603570396,Q1,0.016312711603570396,0.007518796992481147,0.008145363408521344,0.0015943877551020114,True,stage18-scaling-24a9adb84176,2,7,9050,365
s2-step9050-f17of20-d1of2,365,C2,C3,0.012755102040816313,Q4,0.006771314250538563,0.00187969924812037,0.0012531328320801727,0.012755102040816313,True,stage18-scaling-24a9adb84176,2,7,9050,365
s2-step9050-f17of20-d1of2,365,C2,C4,0.014668367346938771,Q4,0.010156971375807955,0.002192982456140302,0.00187969924812037,0.014668367346938771,True,stage18-scaling-24a9adb84176,2,7,9050,365
s2-step9050-f17of20-d1of2,365,C2,C5,0.017851646660510867,Q1,0.017851646660510867,0.002192982456140413,0.0006265664160400863,0.002869897959183687,True,stage18-scaling-24a9adb84176,2,7,9050,365
s2-step9050-f17of20-d1of2,365,C2,C6,0.007971938775510279,Q4,0.001846722068328699,0.0006265664160401974,0.0009398496240602405,0.007971938775510279,True,stage18-scaling-24a9adb84176,2,7,9050,365
s2-step9050-f17of20-d1of2,365,C3,C4,0.004072681704260672,Q2,0.0033856571252693923,0.004072681704260672,0.0031328320802005427,0.001913265306122458,True,stage18-scaling-24a9adb84176,2,7,9050,365
s2-step9050-f17of20-d1of2,365,C3,C5,0.015625,Q4,0.011080332409972304,0.00031328320802004317,0.0006265664160400863,0.015625,True,stage18-scaling-24a9adb84176,2,7,9050,365
s2-step9050-f17of20-d1of2,365,C3,C6,0.020727040816326592,Q4,0.008618036318867262,0.0012531328320801727,0.002192982456140413,0.020727040816326592,True,stage18-scaling-24a9adb84176,2,7,9050,365
s2-step9050-f17of20-d1of2,365,C4,C5,0.017538265306122458,Q4,0.007694675284702912,0.004385964912280715,0.0025062656641604564,0.017538265306122458,True,stage18-scaling-24a9adb84176,2,7,9050,365
s2-step9050-f17of20-d1of2,365,C4,C6,0.02264030612244905,Q4,0.012003693444136654,0.0028195488721804995,0.0009398496240601295,0.02264030612244905,True,stage18-scaling-24a9adb84176,2,7,9050,365
s2-step9050-f17of20-d1of2,365,C5,C6,0.019698368728839566,Q1,0.019698368728839566,0.0015664160401002158,0.0015664160401003269,0.005102040816326592,True,stage18-scaling-24a9adb84176,2,7,9050,365
s2-step9050-f17of20-d3of4,366,C1,C2,0.018159433671899095,Q1,0.018159433671899095,0.008145363408521344,0.007205513784461104,0.00956632653061229,True,stage18-scaling-24a9adb84176,2,7,9050,366
s2-step9050-f17of20-d3of4,366,C1,C3,0.024930747922437657,Q1,0.024930747922437657,0.006265664160400974,0.005952380952380931,0.022321428571428603,True,stage18-scaling-24a9adb84176,2,7,9050,366
s2-step9050-f17of20-d3of4,366,C1,C4,0.02831640504770705,Q1,0.02831640504770705,0.010338345864661647,0.009085213032581474,0.02423469387755106,True,stage18-scaling-24a9adb84176,2,7,9050,366
s2-step9050-f17of20-d3of4,366,C1,C5,0.03601108033240996,Q1,0.03601108033240996,0.005952380952380931,0.006578947368421018,0.006696428571428603,True,stage18-scaling-24a9adb84176,2,7,9050,366
s2-step9050-f17of20-d3of4,366,C1,C6,0.016312711603570396,Q1,0.016312711603570396,0.007518796992481147,0.008145363408521344,0.0015943877551020114,True,stage18-scaling-24a9adb84176,2,7,9050,366
s2-step9050-f17of20-d3of4,366,C2,C3,0.012755102040816313,Q4,0.006771314250538563,0.00187969924812037,0.0012531328320801727,0.012755102040816313,True,stage18-scaling-24a9adb84176,2,7,9050,366
s2-step9050-f17of20-d3of4,366,C2,C4,0.014668367346938771,Q4,0.010156971375807955,0.002192982456140302,0.00187969924812037,0.014668367346938771,True,stage18-scaling-24a9adb84176,2,7,9050,366
s2-step9050-f17of20-d3of4,366,C2,C5,0.017851646660510867,Q1,0.017851646660510867,0.002192982456140413,0.0006265664160400863,0.002869897959183687,True,stage18-scaling-24a9adb84176,2,7,9050,366
s2-step9050-f17of20-d3of4,366,C2,C6,0.007971938775510279,Q4,0.001846722068328699,0.0006265664160401974,0.0009398496240602405,0.007971938775510279,True,stage18-scaling-24a9adb84176,2,7,9050,366
s2-step9050-f17of20-d3of4,366,C3,C4,0.004072681704260672,Q2,0.0033856571252693923,0.004072681704260672,0.0031328320802005427,0.001913265306122458,True,stage18-scaling-24a9adb84176,2,7,9050,366
s2-step9050-f17of20-d3of4,366,C3,C5,0.015625,Q4,0.011080332409972304,0.00031328320802004317,0.0006265664160400863,0.015625,True,stage18-scaling-24a9adb84176,2,7,9050,366
s2-step9050-f17of20-d3of4,366,C3,C6,0.020727040816326592,Q4,0.008618036318867262,0.0012531328320801727,0.002192982456140413,0.020727040816326592,True,stage18-scaling-24a9adb84176,2,7,9050,366
s2-step9050-f17of20-d3of4,366,C4,C5,0.017538265306122458,Q4,0.007694675284702912,0.004385964912280715,0.0025062656641604564,0.017538265306122458,True,stage18-scaling-24a9adb84176,2,7,9050,366
s2-step9050-f17of20-d3of4,366,C4,C6,0.02264030612244905,Q4,0.012003693444136654,0.0028195488721804995,0.0009398496240601295,0.02264030612244905,True,stage18-scaling-24a9adb84176,2,7,9050,366
s2-step9050-f17of20-d3of4,366,C5,C6,0.019698368728839566,Q1,0.019698368728839566,0.0015664160401002158,0.0015664160401003269,0.005102040816326592,True,stage18-scaling-24a9adb84176,2,7,9050,366
s2-step9050-f9of10-d1of4,367,C1,C2,0.010841836734693855,Q4,0.004616805170821747,0.009398496240601517,0.008458646616541277,0.010841836734693855,True,stage18-scaling-24a9adb84176,2,7,9050,367
s2-step9050-f9of10-d1of4,367,C1,C3,0.010025062656641603,Q3,0.009541397353031722,0.00877192982456132,0.010025062656641603,0.000956632653061229,True,stage18-scaling-24a9adb84176,2,7,9050,367
s2-step9050-f9of10-d1of4,367,C2,C3,0.01415820252385347,Q1,0.01415820252385347,0.0006265664160401974,0.0015664160401003269,0.009885204081632626,True,stage18-scaling-24a9adb84176,2,7,9050,367
s2-step9050-f9of10-d1of2,368,C1,C2,0.010841836734693855,Q4,0.004616805170821747,0.009398496240601517,0.008458646616541277,0.010841836734693855,True,stage18-scaling-24a9adb84176,2,7,9050,368
s2-step9050-f9of10-d1of2,368,C1,C3,0.010025062656641603,Q3,0.009541397353031722,0.00877192982456132,0.010025062656641603,0.000956632653061229,True,stage18-scaling-24a9adb84176,2,7,9050,368
s2-step9050-f9of10-d1of2,368,C1,C4,0.0073341836734693855,Q4,0.00523237919359798,0.005325814536340845,0.003446115288220475,0.0073341836734693855,True,stage18-scaling-24a9adb84176,2,7,9050,368
s2-step9050-f9of10-d1of2,368,C1,C5,0.01323484148968912,Q1,0.01323484148968912,0.011904761904761862,0.013157894736842035,0.008928571428571397,True,stage18-scaling-24a9adb84176,2,7,9050,368
s2-step9050-f9of10-d1of2,368,C1,C6,0.012436224489795866,Q4,0.006155740227762441,0.011904761904761862,0.010964912280701733,0.012436224489795866,True,stage18-scaling-24a9adb84176,2,7,9050,368
s2-step9050-f9of10-d1of2,368,C2,C3,0.01415820252385347,Q1,0.01415820252385347,0.0006265664160401974,0.0015664160401003269,0.009885204081632626,True,stage18-scaling-24a9adb84176,2,7,9050,368
s2-step9050-f9of10-d1of2,368,C2,C4,0.005012531328320802,Q3,0.000615574022776233,0.004072681704260672,0.005012531328320802,0.0035076530612244694,True,stage18-scaling-24a9adb84176,2,7,9050,368
s2-step9050-f9of10-d1of2,368,C2,C5,0.017851646660510867,Q1,0.017851646660510867,0.0025062656641603454,0.0046992481203007586,0.001913265306122458,True,stage18-scaling-24a9adb84176,2,7,9050,368
s2-step9050-f9of10-d1of2,368,C2,C6,0.010772545398584188,Q1,0.010772545398584188,0.0025062656641603454,0.0025062656641604564,0.0015943877551020114,True,stage18-scaling-24a9adb84176,2,7,9050,368
s2-step9050-f9of10-d1of2,368,C3,C4,0.014773776546629702,Q1,0.014773776546629702,0.003446115288220475,0.006578947368421129,0.0063775510204081565,True,stage18-scaling-24a9adb84176,2,7,9050,368
s2-step9050-f9of10-d1of2,368,C3,C5,0.007971938775510168,Q4,0.003693444136657398,0.0031328320802005427,0.0031328320802004317,0.007971938775510168,True,stage18-scaling-24a9adb84176,2,7,9050,368
s2-step9050-f9of10-d1of2,368,C3,C6,0.011479591836734637,Q4,0.0033856571252692813,0.0031328320802005427,0.0009398496240601295,0.011479591836734637,True,stage18-scaling-24a9adb84176,2,7,9050,368
s2-step9050-f9of10-d1of2,368,C4,C5,0.0184672206832871,Q1,0.0184672206832871,0.006578947368421018,0.00971177944862156,0.0015943877551020114,True,stage18-scaling-24a9adb84176,2,7,9050,368
s2-step9050-f9of10-d1of2,368,C4,C6,0.011388119421360421,Q1,0.011388119421360421,0.006578947368421018,0.007518796992481258,0.005102040816326481,True,stage18-scaling-24a9adb84176,2,7,9050,368
s2-step9050-f9of10-d1of2,368,C5,C6,0.007079101261926679,Q1,0.007079101261926679,0.0,0.002192982456140302,0.0035076530612244694,True,stage18-scaling-24a9adb84176,2,7,9050,368
s2-step9050-f9of10-d3of4,369,C1,C2,0.010841836734693855,Q4,0.004616805170821747,0.009398496240601517,0.008458646616541277,0.010841836734693855,True,stage18-scaling-24a9adb84176,2,7,9050,369
s2-step9050-f9of10-d3of4,369,C1,C3,0.010025062656641603,Q3,0.009541397353031722,0.00877192982456132,0.010025062656641603,0.000956632653061229,True,stage18-scaling-24a9adb84176,2,7,9050,369
s2-step9050-f9of10-d3of4,369,C1,C4,0.0073341836734693855,Q4,0.00523237919359798,0.005325814536340845,0.003446115288220475,0.0073341836734693855,True,stage18-scaling-24a9adb84176,2,7,9050,369
s2-step9050-f9of10-d3of4,369,C1,C5,0.01323484148968912,Q1,0.01323484148968912,0.011904761904761862,0.013157894736842035,0.008928571428571397,True,stage18-scaling-24a9adb84176,2,7,9050,369
s2-step9050-f9of10-d3of4,369,C1,C6,0.012436224489795866,Q4,0.006155740227762441,0.011904761904761862,0.010964912280701733,0.012436224489795866,True,stage18-scaling-24a9adb84176,2,7,9050,369
s2-step9050-f9of10-d3of4,369,C2,C3,0.01415820252385347,Q1,0.01415820252385347,0.0006265664160401974,0.0015664160401003269,0.009885204081632626,True,stage18-scaling-24a9adb84176,2,7,9050,369
s2-step9050-f9of10-d3of4,369,C2,C4,0.005012531328320802,Q3,0.000615574022776233,0.004072681704260672,0.005012531328320802,0.0035076530612244694,True,stage18-scaling-24a9adb84176,2,7,9050,369
s2-step9050-f9of10-d3of4,369,C2,C5,0.017851646660510867,Q1,0.017851646660510867,0.0025062656641603454,0.0046992481203007586,0.001913265306122458,True,stage18-scaling-24a9adb84176,2,7,9050,369
s2-step9050-f9of10-d3of4,369,C2,C6,0.010772545398584188,Q1,0.010772545398584188,0.0025062656641603454,0.0025062656641604564,0.0015943877551020114,True,stage18-scaling-24a9adb84176,2,7,9050,369
s2-step9050-f9of10-d3of4,369,C3,C4,0.014773776546629702,Q1,0.014773776546629702,0.003446115288220475,0.006578947368421129,0.0063775510204081565,True,stage18-scaling-24a9adb84176,2,7,9050,369
s2-step9050-f9of10-d3of4,369,C3,C5,0.007971938775510168,Q4,0.003693444136657398,0.0031328320802005427,0.0031328320802004317,0.007971938775510168,True,stage18-scaling-24a9adb84176,2,7,9050,369
s2-step9050-f9of10-d3of4,369,C3,C6,0.011479591836734637,Q4,0.0033856571252692813,0.0031328320802005427,0.0009398496240601295,0.011479591836734637,True,stage18-scaling-24a9adb84176,2,7,9050,369
s2-step9050-f9of10-d3of4,369,C4,C5,0.0184672206832871,Q1,0.0184672206832871,0.006578947368421018,0.00971177944862156,0.0015943877551020114,True,stage18-scaling-24a9adb84176,2,7,9050,369
s2-step9050-f9of10-d3of4,369,C4,C6,0.011388119421360421,Q1,0.011388119421360421,0.006578947368421018,0.007518796992481258,0.005102040816326481,True,stage18-scaling-24a9adb84176,2,7,9050,369
s2-step9050-f9of10-d3of4,369,C5,C6,0.007079101261926679,Q1,0.007079101261926679,0.0,0.002192982456140302,0.0035076530612244694,True,stage18-scaling-24a9adb84176,2,7,9050,369
s2-step9050-f19of20-d1of4,370,C1,C2,0.01231148045552477,Q1,0.01231148045552477,0.0031328320802004317,0.004072681704260561,0.0035076530612244694,True,stage18-scaling-24a9adb84176,2,7,9050,370
s2-step9050-f19of20-d1of4,370,C1,C3,0.009849184364419838,Q1,0.009849184364419838,0.003446115288220475,0.005639097744360888,0.005102040816326481,True,stage18-scaling-24a9adb84176,2,7,9050,370
s2-step9050-f19of20-d1of4,370,C1,C4,0.016004924592182168,Q1,0.016004924592182168,0.004072681704260672,0.005325814536340845,0.000956632653061229,True,stage18-scaling-24a9adb84176,2,7,9050,370
s2-step9050-f19of20-d1of4,370,C1,C5,0.016928285626346518,Q1,0.016928285626346518,0.0046992481203007586,0.005952380952380931,0.0015943877551020114,True,stage18-scaling-24a9adb84176,2,7,9050,370
s2-step9050-f19of20-d1of4,370,C2,C3,0.002462296091104932,Q1,0.002462296091104932,0.00031328320802004317,0.0015664160401003269,0.0015943877551020114,True,stage18-scaling-24a9adb84176,2,7,9050,370
s2-step9050-f19of20-d1of4,370,C2,C4,0.004464285714285698,Q4,0.003693444136657398,0.0009398496240602405,0.0012531328320802837,0.004464285714285698,True,stage18-scaling-24a9adb84176,2,7,9050,370
s2-step9050-f19of20-d1of4,370,C2,C5,0.004616805170821747,Q1,0.004616805170821747,0.0015664160401003269,0.00187969924812037,0.001913265306122458,True,stage18-scaling-24a9adb84176,2,7,9050,370
s2-step9050-f19of20-d1of4,370,C3,C4,0.00615574022776233,Q1,0.00615574022776233,0.0006265664160401974,0.00031328320802004317,0.00605867346938771,True,stage18-scaling-24a9adb84176,2,7,9050,370
s2-step9050-f19of20-d1of4,370,C3,C5,0.007079101261926679,Q1,0.007079101261926679,0.0012531328320802837,0.00031328320802004317,0.0035076530612244694,True,stage18-scaling-24a9adb84176,2,7,9050,370
s2-step9050-f19of20-d1of4,370,C4,C5,0.0025510204081632404,Q4,0.0009233610341643494,0.0006265664160400863,0.0006265664160400863,0.0025510204081632404,True,stage18-scaling-24a9adb84176,2,7,9050,370
s2-step9050-f19of20-d1of2,371,C1,C2,0.01231148045552477,Q1,0.01231148045552477,0.0031328320802004317,0.004072681704260561,0.0035076530612244694,True,stage18-scaling-24a9adb84176,2,7,9050,371
s2-step9050-f19of20-d1of2,371,C1,C3,0.009849184364419838,Q1,0.009849184364419838,0.003446115288220475,0.005639097744360888,0.005102040816326481,True,stage18-scaling-24a9adb84176,2,7,9050,371
s2-step9050-f19of20-d1of2,371,C1,C4,0.016004924592182168,Q1,0.016004924592182168,0.004072681704260672,0.005325814536340845,0.000956632653061229,True,stage18-scaling-24a9adb84176,2,7,9050,371
s2-step9050-f19of20-d1of2,371,C1,C5,0.016928285626346518,Q1,0.016928285626346518,0.0046992481203007586,0.005952380952380931,0.0015943877551020114,True,stage18-scaling-24a9adb84176,2,7,9050,371
s2-step9050-f19of20-d1of2,371,C1,C6,0.012927054478301003,Q1,0.012927054478301003,0.0015664160401002158,0.0028195488721803885,0.002869897959183687,True,stage18-scaling-24a9adb84176,2,7,9050,371
s2-step9050-f19of20-d1of2,371,C2,C3,0.002462296091104932,Q1,0.002462296091104932,0.00031328320802004317,0.0015664160401003269,0.0015943877551020114,True,stage18-scaling-24a9adb84176,2,7,9050,371
s2-step9050-f19of20-d1of2,371,C2,C4,0.004464285714285698,Q4,0.003693444136657398,0.0009398496240602405,0.0012531328320802837,0.004464285714285698,True,stage18-scaling-24a9adb84176,2,7,9050,371
s2-step9050-f19of20-d1of2,371,C2,C5,0.004616805170821747,Q1,0.004616805170821747,0.0015664160401003269,0.00187969924812037,0.001913265306122458,True,stage18-scaling-24a9adb84176,2,7,9050,371
s2-step9050-f19of20-d1of2,371,C2,C6,0.0063775510204081565,Q4,0.000615574022776233,0.0015664160401002158,0.0012531328320801727,0.0063775510204081565,True,stage18-scaling-24a9adb84176,2,7,9050,371
s2-step9050-f19of20-d1of2,371,C3,C4,0.00615574022776233,Q1,0.00615574022776233,0.0006265664160401974,0.00031328320802004317,0.00605867346938771,True,stage18-scaling-24a9adb84176,2,7,9050,371
s2-step9050-f19of20-d1of2,371,C3,C5,0.007079101261926679,Q1,0.007079101261926679,0.0012531328320802837,0.00031328320802004317,0.0035076530612244694,True,stage18-scaling-24a9adb84176,2,7,9050,371
s2-step9050-f19of20-d1of2,371,C3,C6,0.007971938775510168,Q4,0.003077870113881165,0.001879699248120259,0.0028195488721804995,0.007971938775510168,True,stage18-scaling-24a9adb84176,2,7,9050,371
s2-step9050-f19of20-d1of2,371,C4,C5,0.0025510204081632404,Q4,0.0009233610341643494,0.0006265664160400863,0.0006265664160400863,0.0025510204081632404,True,stage18-scaling-24a9adb84176,2,7,9050,371
s2-step9050-f19of20-d1of2,371,C4,C6,0.003077870113881165,Q1,0.003077870113881165,0.0025062656641604564,0.0025062656641604564,0.001913265306122458,True,stage18-scaling-24a9adb84176,2,7,9050,371
s2-step9050-f19of20-d1of2,371,C5,C6,0.004464285714285698,Q4,0.004001231148045514,0.0031328320802005427,0.0031328320802005427,0.004464285714285698,True,stage18-scaling-24a9adb84176,2,7,9050,371
s2-step9050-f19of20-d3of4,372,C1,C2,0.01231148045552477,Q1,0.01231148045552477,0.0031328320802004317,0.004072681704260561,0.0035076530612244694,True,stage18-scaling-24a9adb84176,2,7,9050,372
s2-step9050-f19of20-d3of4,372,C1,C3,0.009849184364419838,Q1,0.009849184364419838,0.003446115288220475,0.005639097744360888,0.005102040816326481,True,stage18-scaling-24a9adb84176,2,7,9050,372
s2-step9050-f19of20-d3of4,372,C1,C4,0.016004924592182168,Q1,0.016004924592182168,0.004072681704260672,0.005325814536340845,0.000956632653061229,True,stage18-scaling-24a9adb84176,2,7,9050,372
s2-step9050-f19of20-d3of4,372,C1,C5,0.016928285626346518,Q1,0.016928285626346518,0.0046992481203007586,0.005952380952380931,0.0015943877551020114,True,stage18-scaling-24a9adb84176,2,7,9050,372
s2-step9050-f19of20-d3of4,372,C1,C6,0.012927054478301003,Q1,0.012927054478301003,0.0015664160401002158,0.0028195488721803885,0.002869897959183687,True,stage18-scaling-24a9adb84176,2,7,9050,372
s2-step9050-f19of20-d3of4,372,C2,C3,0.002462296091104932,Q1,0.002462296091104932,0.00031328320802004317,0.0015664160401003269,0.0015943877551020114,True,stage18-scaling-24a9adb84176,2,7,9050,372
s2-step9050-f19of20-d3of4,372,C2,C4,0.004464285714285698,Q4,0.003693444136657398,0.0009398496240602405,0.0012531328320802837,0.004464285714285698,True,stage18-scaling-24a9adb84176,2,7,9050,372
s2-step9050-f19of20-d3of4,372,C2,C5,0.004616805170821747,Q1,0.004616805170821747,0.0015664160401003269,0.00187969924812037,0.001913265306122458,True,stage18-scaling-24a9adb84176,2,7,9050,372
s2-step9050-f19of20-d3of4,372,C2,C6,0.0063775510204081565,Q4,0.000615574022776233,0.0015664160401002158,0.0012531328320801727,0.0063775510204081565,True,stage18-scaling-24a9adb84176,2,7,9050,372
s2-step9050-f19of20-d3of4,372,C3,C4,0.00615574022776233,Q1,0.00615574022776233,0.0006265664160401974,0.00031328320802004317,0.00605867346938771,True,stage18-scaling-24a9adb84176,2,7,9050,372
s2-step9050-f19of20-d3of4,372,C3,C5,0.007079101261926679,Q1,0.007079101261926679,0.0012531328320802837,0.00031328320802004317,0.0035076530612244694,True,stage18-scaling-24a9adb84176,2,7,9050,372
s2-step9050-f19of20-d3of4,372,C3,C6,0.007971938775510168,Q4,0.003077870113881165,0.001879699248120259,0.0028195488721804995,0.007971938775510168,True,stage18-scaling-24a9adb84176,2,7,9050,372
s2-step9050-f19of20-d3of4,372,C4,C5,0.0025510204081632404,Q4,0.0009233610341643494,0.0006265664160400863,0.0006265664160400863,0.0025510204081632404,True,stage18-scaling-24a9adb84176,2,7,9050,372
s2-step9050-f19of20-d3of4,372,C4,C6,0.003077870113881165,Q1,0.003077870113881165,0.0025062656641604564,0.0025062656641604564,0.001913265306122458,True,stage18-scaling-24a9adb84176,2,7,9050,372
s2-step9050-f19of20-d3of4,372,C5,C6,0.004464285714285698,Q4,0.004001231148045514,0.0031328320802005427,0.0031328320802005427,0.004464285714285698,True,stage18-scaling-24a9adb84176,2,7,9050,372
s2-step9050-f39of40-d1of4,373,C1,C2,0.008290816326530615,Q4,0.00523237919359798,0.0031328320802005427,0.0031328320802005427,0.008290816326530615,True,stage18-scaling-24a9adb84176,2,7,9050,373
s2-step9050-f39of40-d1of4,373,C1,C3,0.009233610341643606,Q1,0.009233610341643606,0.00187969924812037,0.0028195488721804995,0.004145408163265363,True,stage18-scaling-24a9adb84176,2,7,9050,373
s2-step9050-f39of40-d1of4,373,C1,C4,0.007694675284702912,Q1,0.007694675284702912,0.0031328320802005427,0.0031328320802005427,0.000956632653061229,True,stage18-scaling-24a9adb84176,2,7,9050,373
s2-step9050-f39of40-d1of4,373,C1,C5,0.005102040816326592,Q4,0.0033856571252692813,0.0009398496240602405,0.0012531328320802837,0.005102040816326592,True,stage18-scaling-24a9adb84176,2,7,9050,373
s2-step9050-f39of40-d1of4,373,C1,C6,0.01231148045552477,Q1,0.01231148045552477,0.00187969924812037,0.0015664160401003269,0.0022321428571429047,True,stage18-scaling-24a9adb84176,2,7,9050,373
s2-step9050-f39of40-d1of4,373,C1,C7,0.016004924592182168,Q1,0.016004924592182168,0.007205513784461215,0.007518796992481258,0.009885204081632626,True,stage18-scaling-24a9adb84176,2,7,9050,373
s2-step9050-f39of40-d1of4,373,C2,C3,0.004145408163265252,Q4,0.004001231148045625,0.0012531328320801727,0.00031328320802004317,0.004145408163265252,True,stage18-scaling-24a9adb84176,2,7,9050,373
s2-step9050-f39of40-d1of4,373,C2,C4,0.009247448979591844,Q4,0.002462296091104932,0.0,0.0,0.009247448979591844,True,stage18-scaling-24a9adb84176,2,7,9050,373
s2-step9050-f39of40-d1of4,373,C2,C5,0.0031887755102040227,Q4,0.001846722068328699,0.002192982456140302,0.001879699248120259,0.0031887755102040227,True,stage18-scaling-24a9adb84176,2,7,9050,373
s2-step9050-f39of40-d1of4,373,C2,C6,0.00707910126192679,Q1,0.00707910126192679,0.0012531328320801727,0.0015664160401002158,0.00605867346938771,True,stage18-scaling-24a9adb84176,2,7,9050,373
s2-step9050-f39of40-d1of4,373,C2,C7,0.010772545398584188,Q1,0.010772545398584188,0.004072681704260672,0.004385964912280715,0.0015943877551020114,True,stage18-scaling-24a9adb84176,2,7,9050,373
s2-step9050-f39of40-d1of4,373,C3,C4,0.005102040816326592,Q4,0.0015389350569406934,0.0012531328320801727,0.00031328320802004317,0.005102040816326592,True,stage18-scaling-24a9adb84176,2,7,9050,373
s2-step9050-f39of40-d1of4,373,C3,C5,0.005847953216374324,Q1,0.005847953216374324,0.0009398496240601295,0.0015664160401002158,0.000956632653061229,True,stage18-scaling-24a9adb84176,2,7,9050,373
s2-step9050-f39of40-d1of4,373,C3,C6,0.003077870113881165,Q1,0.003077870113881165,0.0,0.0012531328320801727,0.001913265306122458,True,stage18-scaling-24a9adb84176,2,7,9050,373
s2-step9050-f39of40-d1of4,373,C3,C7,0.006771314250538563,Q1,0.006771314250538563,0.005325814536340845,0.0046992481203007586,0.005739795918367263,True,stage18-scaling-24a9adb84176,2,7,9050,373
s2-step9050-f39of40-d1of4,373,C4,C5,0.006058673469387821,Q4,0.004309018159433631,0.002192982456140302,0.001879699248120259,0.006058673469387821,True,stage18-scaling-24a9adb84176,2,7,9050,373
s2-step9050-f39of40-d1of4,373,C4,C6,0.004616805170821858,Q1,0.004616805170821858,0.0012531328320801727,0.0015664160401002158,0.0031887755102041337,True,stage18-scaling-24a9adb84176,2,7,9050,373
s2-step9050-f39of40-d1of4,373,C4,C7,0.010841836734693855,Q4,0.008310249307479256,0.004072681704260672,0.004385964912280715,0.010841836734693855,True,stage18-scaling-24a9adb84176,2,7,9050,373
s2-step9050-f39of40-d1of4,373,C5,C6,0.008925823330255489,Q1,0.008925823330255489,0.0009398496240601295,0.00031328320802004317,0.002869897959183687,True,stage18-scaling-24a9adb84176,2,7,9050,373
s2-step9050-f39of40-d1of4,373,C5,C7,0.012619267466912887,Q1,0.012619267466912887,0.006265664160400974,0.006265664160400974,0.004783163265306034,True,stage18-scaling-24a9adb84176,2,7,9050,373
s2-step9050-f39of40-d1of4,373,C6,C7,0.007653061224489721,Q4,0.003693444136657398,0.005325814536340845,0.005952380952380931,0.007653061224489721,True,stage18-scaling-24a9adb84176,2,7,9050,373
s2-step9050-f39of40-d1of2,374,C1,C2,0.008290816326530615,Q4,0.00523237919359798,0.0031328320802005427,0.0031328320802005427,0.008290816326530615,True,stage18-scaling-24a9adb84176,2,7,9050,374
s2-step9050-f39of40-d1of2,374,C1,C3,0.009233610341643606,Q1,0.009233610341643606,0.00187969924812037,0.0028195488721804995,0.004145408163265363,True,stage18-scaling-24a9adb84176,2,7,9050,374
s2-step9050-f39of40-d1of2,374,C1,C4,0.007694675284702912,Q1,0.007694675284702912,0.0031328320802005427,0.0031328320802005427,0.000956632653061229,True,stage18-scaling-24a9adb84176,2,7,9050,374
s2-step9050-f39of40-d1of2,374,C1,C5,0.005102040816326592,Q4,0.0033856571252692813,0.0009398496240602405,0.0012531328320802837,0.005102040816326592,True,stage18-scaling-24a9adb84176,2,7,9050,374
s2-step9050-f39of40-d1of2,374,C1,C6,0.01231148045552477,Q1,0.01231148045552477,0.00187969924812037,0.0015664160401003269,0.0022321428571429047,True,stage18-scaling-24a9adb84176,2,7,9050,374
s2-step9050-f39of40-d1of2,374,C1,C7,0.016004924592182168,Q1,0.016004924592182168,0.007205513784461215,0.007518796992481258,0.009885204081632626,True,stage18-scaling-24a9adb84176,2,7,9050,374
s2-step9050-f39of40-d1of2,374,C2,C3,0.004145408163265252,Q4,0.004001231148045625,0.0012531328320801727,0.00031328320802004317,0.004145408163265252,True,stage18-scaling-24a9adb84176,2,7,9050,374
s2-step9050-f39of40-d1of2,374,C2,C4,0.009247448979591844,Q4,0.002462296091104932,0.0,0.0,0.009247448979591844,True,stage18-scaling-24a9adb84176,2,7,9050,374
s2-step9050-f39of40-d1of2,374,C2,C5,0.0031887755102040227,Q4,0.001846722068328699,0.002192982456140302,0.001879699248120259,0.0031887755102040227,True,stage18-scaling-24a9adb84176,2,7,9050,374
s2-step9050-f39of40-d1of2,374,C2,C6,0.00707910126192679,Q1,0.00707910126192679,0.0012531328320801727,0.0015664160401002158,0.00605867346938771,True,stage18-scaling-24a9adb84176,2,7,9050,374
s2-step9050-f39of40-d1of2,374,C2,C7,0.010772545398584188,Q1,0.010772545398584188,0.004072681704260672,0.004385964912280715,0.0015943877551020114,True,stage18-scaling-24a9adb84176,2,7,9050,374
s2-step9050-f39of40-d1of2,374,C3,C4,0.005102040816326592,Q4,0.0015389350569406934,0.0012531328320801727,0.00031328320802004317,0.005102040816326592,True,stage18-scaling-24a9adb84176,2,7,9050,374
s2-step9050-f39of40-d1of2,374,C3,C5,0.005847953216374324,Q1,0.005847953216374324,0.0009398496240601295,0.0015664160401002158,0.000956632653061229,True,stage18-scaling-24a9adb84176,2,7,9050,374
s2-step9050-f39of40-d1of2,374,C3,C6,0.003077870113881165,Q1,0.003077870113881165,0.0,0.0012531328320801727,0.001913265306122458,True,stage18-scaling-24a9adb84176,2,7,9050,374
s2-step9050-f39of40-d1of2,374,C3,C7,0.006771314250538563,Q1,0.006771314250538563,0.005325814536340845,0.0046992481203007586,0.005739795918367263,True,stage18-scaling-24a9adb84176,2,7,9050,374
s2-step9050-f39of40-d1of2,374,C4,C5,0.006058673469387821,Q4,0.004309018159433631,0.002192982456140302,0.001879699248120259,0.006058673469387821,True,stage18-scaling-24a9adb84176,2,7,9050,374
s2-step9050-f39of40-d1of2,374,C4,C6,0.004616805170821858,Q1,0.004616805170821858,0.0012531328320801727,0.0015664160401002158,0.0031887755102041337,True,stage18-scaling-24a9adb84176,2,7,9050,374
s2-step9050-f39of40-d1of2,374,C4,C7,0.010841836734693855,Q4,0.008310249307479256,0.004072681704260672,0.004385964912280715,0.010841836734693855,True,stage18-scaling-24a9adb84176,2,7,9050,374
s2-step9050-f39of40-d1of2,374,C5,C6,0.008925823330255489,Q1,0.008925823330255489,0.0009398496240601295,0.00031328320802004317,0.002869897959183687,True,stage18-scaling-24a9adb84176,2,7,9050,374
s2-step9050-f39of40-d1of2,374,C5,C7,0.012619267466912887,Q1,0.012619267466912887,0.006265664160400974,0.006265664160400974,0.004783163265306034,True,stage18-scaling-24a9adb84176,2,7,9050,374
s2-step9050-f39of40-d1of2,374,C6,C7,0.007653061224489721,Q4,0.003693444136657398,0.005325814536340845,0.005952380952380931,0.007653061224489721,True,stage18-scaling-24a9adb84176,2,7,9050,374
s2-step9050-f39of40-d3of4,375,C1,C2,0.008290816326530615,Q4,0.00523237919359798,0.0031328320802005427,0.0031328320802005427,0.008290816326530615,True,stage18-scaling-24a9adb84176,2,7,9050,375
s2-step9050-f39of40-d3of4,375,C1,C3,0.009233610341643606,Q1,0.009233610341643606,0.00187969924812037,0.0028195488721804995,0.004145408163265363,True,stage18-scaling-24a9adb84176,2,7,9050,375
s2-step9050-f39of40-d3of4,375,C1,C4,0.007694675284702912,Q1,0.007694675284702912,0.0031328320802005427,0.0031328320802005427,0.000956632653061229,True,stage18-scaling-24a9adb84176,2,7,9050,375
s2-step9050-f39of40-d3of4,375,C1,C5,0.005102040816326592,Q4,0.0033856571252692813,0.0009398496240602405,0.0012531328320802837,0.005102040816326592,True,stage18-scaling-24a9adb84176,2,7,9050,375
s2-step9050-f39of40-d3of4,375,C1,C6,0.01231148045552477,Q1,0.01231148045552477,0.00187969924812037,0.0015664160401003269,0.0022321428571429047,True,stage18-scaling-24a9adb84176,2,7,9050,375
s2-step9050-f39of40-d3of4,375,C1,C7,0.016004924592182168,Q1,0.016004924592182168,0.007205513784461215,0.007518796992481258,0.009885204081632626,True,stage18-scaling-24a9adb84176,2,7,9050,375
s2-step9050-f39of40-d3of4,375,C2,C3,0.004145408163265252,Q4,0.004001231148045625,0.0012531328320801727,0.00031328320802004317,0.004145408163265252,True,stage18-scaling-24a9adb84176,2,7,9050,375
s2-step9050-f39of40-d3of4,375,C2,C4,0.009247448979591844,Q4,0.002462296091104932,0.0,0.0,0.009247448979591844,True,stage18-scaling-24a9adb84176,2,7,9050,375
s2-step9050-f39of40-d3of4,375,C2,C5,0.0031887755102040227,Q4,0.001846722068328699,0.002192982456140302,0.001879699248120259,0.0031887755102040227,True,stage18-scaling-24a9adb84176,2,7,9050,375
s2-step9050-f39of40-d3of4,375,C2,C6,0.00707910126192679,Q1,0.00707910126192679,0.0012531328320801727,0.0015664160401002158,0.00605867346938771,True,stage18-scaling-24a9adb84176,2,7,9050,375
s2-step9050-f39of40-d3of4,375,C2,C7,0.010772545398584188,Q1,0.010772545398584188,0.004072681704260672,0.004385964912280715,0.0015943877551020114,True,stage18-scaling-24a9adb84176,2,7,9050,375
s2-step9050-f39of40-d3of4,375,C3,C4,0.005102040816326592,Q4,0.0015389350569406934,0.0012531328320801727,0.00031328320802004317,0.005102040816326592,True,stage18-scaling-24a9adb84176,2,7,9050,375
s2-step9050-f39of40-d3of4,375,C3,C5,0.005847953216374324,Q1,0.005847953216374324,0.0009398496240601295,0.0015664160401002158,0.000956632653061229,True,stage18-scaling-24a9adb84176,2,7,9050,375
s2-step9050-f39of40-d3of4,375,C3,C6,0.003077870113881165,Q1,0.003077870113881165,0.0,0.0012531328320801727,0.001913265306122458,True,stage18-scaling-24a9adb84176,2,7,9050,375
s2-step9050-f39of40-d3of4,375,C3,C7,0.006771314250538563,Q1,0.006771314250538563,0.005325814536340845,0.0046992481203007586,0.005739795918367263,True,stage18-scaling-24a9adb84176,2,7,9050,375
s2-step9050-f39of40-d3of4,375,C4,C5,0.006058673469387821,Q4,0.004309018159433631,0.002192982456140302,0.001879699248120259,0.006058673469387821,True,stage18-scaling-24a9adb84176,2,7,9050,375
s2-step9050-f39of40-d3of4,375,C4,C6,0.004616805170821858,Q1,0.004616805170821858,0.0012531328320801727,0.0015664160401002158,0.0031887755102041337,True,stage18-scaling-24a9adb84176,2,7,9050,375
s2-step9050-f39of40-d3of4,375,C4,C7,0.010841836734693855,Q4,0.008310249307479256,0.004072681704260672,0.004385964912280715,0.010841836734693855,True,stage18-scaling-24a9adb84176,2,7,9050,375
s2-step9050-f39of40-d3of4,375,C5,C6,0.008925823330255489,Q1,0.008925823330255489,0.0009398496240601295,0.00031328320802004317,0.002869897959183687,True,stage18-scaling-24a9adb84176,2,7,9050,375
s2-step9050-f39of40-d3of4,375,C5,C7,0.012619267466912887,Q1,0.012619267466912887,0.006265664160400974,0.006265664160400974,0.004783163265306034,True,stage18-scaling-24a9adb84176,2,7,9050,375
s2-step9050-f39of40-d3of4,375,C6,C7,0.007653061224489721,Q4,0.003693444136657398,0.005325814536340845,0.005952380952380931,0.007653061224489721,True,stage18-scaling-24a9adb84176,2,7,9050,375
s2-step9050-f99of100-d1of4,376,C1,C2,0.00605867346938771,Q4,0.005847953216374213,0.0,0.0,0.00605867346938771,True,stage18-scaling-24a9adb84176,2,7,9050,376
s2-step9050-f99of100-d1of4,376,C1,C3,0.004309018159433631,Q1,0.004309018159433631,0.0012531328320801727,0.0015664160401003269,0.0025510204081632404,True,stage18-scaling-24a9adb84176,2,7,9050,376
s2-step9050-f99of100-d1of4,376,C1,C4,0.004924592182209864,Q1,0.004924592182209864,0.003446115288220586,0.003446115288220586,0.0015943877551020114,True,stage18-scaling-24a9adb84176,2,7,9050,376
s2-step9050-f99of100-d1of4,376,C1,C5,0.007079101261926679,Q1,0.007079101261926679,0.003446115288220586,0.0031328320802005427,0.0003188775510204467,True,stage18-scaling-24a9adb84176,2,7,9050,376
s2-step9050-f99of100-d1of4,376,C1,C6,0.00605867346938771,Q4,0.004001231148045514,0.00031328320802004317,0.00031328320802004317,0.00605867346938771,True,stage18-scaling-24a9adb84176,2,7,9050,376
s2-step9050-f99of100-d1of4,376,C2,C3,0.0035076530612244694,Q4,0.0015389350569405824,0.0012531328320801727,0.0015664160401003269,0.0035076530612244694,True,stage18-scaling-24a9adb84176,2,7,9050,376
s2-step9050-f99of100-d1of4,376,C2,C4,0.007653061224489721,Q4,0.0009233610341643494,0.003446115288220586,0.003446115288220586,0.007653061224489721,True,stage18-scaling-24a9adb84176,2,7,9050,376
s2-step9050-f99of100-d1of4,376,C2,C5,0.005739795918367263,Q4,0.001231148045552466,0.003446115288220586,0.0031328320802005427,0.005739795918367263,True,stage18-scaling-24a9adb84176,2,7,9050,376
s2-step9050-f99of100-d1of4,376,C2,C6,0.001846722068328699,Q1,0.001846722068328699,0.00031328320802004317,0.00031328320802004317,0.0,True,stage18-scaling-24a9adb84176,2,7,9050,376
s2-step9050-f99of100-d1of4,376,C3,C4,0.004145408163265252,Q4,0.000615574022776233,0.002192982456140413,0.001879699248120259,0.004145408163265252,True,stage18-scaling-24a9adb84176,2,7,9050,376
s2-step9050-f99of100-d1of4,376,C3,C5,0.0027700831024930483,Q1,0.0027700831024930483,0.002192982456140413,0.0015664160401002158,0.0022321428571427937,True,stage18-scaling-24a9adb84176,2,7,9050,376
s2-step9050-f99of100-d1of4,376,C3,C6,0.0035076530612244694,Q4,0.0003077870113881165,0.0015664160401002158,0.00187969924812037,0.0035076530612244694,True,stage18-scaling-24a9adb84176,2,7,9050,376
s2-step9050-f99of100-d1of4,376,C4,C5,0.0021545090797168154,Q1,0.0021545090797168154,0.0,0.00031328320802004317,0.001913265306122458,True,stage18-scaling-24a9adb84176,2,7,9050,376
s2-step9050-f99of100-d1of4,376,C4,C6,0.007653061224489721,Q4,0.0009233610341643494,0.003759398496240629,0.003759398496240629,0.007653061224489721,True,stage18-scaling-24a9adb84176,2,7,9050,376
s2-step9050-f99of100-d1of4,376,C5,C6,0.005739795918367263,Q4,0.003077870113881165,0.003759398496240629,0.003446115288220586,0.005739795918367263,True,stage18-scaling-24a9adb84176,2,7,9050,376
s2-step9050-f99of100-d1of2,377,C1,C2,0.00605867346938771,Q4,0.005847953216374213,0.0,0.0,0.00605867346938771,True,stage18-scaling-24a9adb84176,2,7,9050,377
s2-step9050-f99of100-d1of2,377,C1,C3,0.004309018159433631,Q1,0.004309018159433631,0.0012531328320801727,0.0015664160401003269,0.0025510204081632404,True,stage18-scaling-24a9adb84176,2,7,9050,377
s2-step9050-f99of100-d1of2,377,C1,C4,0.004924592182209864,Q1,0.004924592182209864,0.003446115288220586,0.003446115288220586,0.0015943877551020114,True,stage18-scaling-24a9adb84176,2,7,9050,377
s2-step9050-f99of100-d1of2,377,C1,C5,0.007079101261926679,Q1,0.007079101261926679,0.003446115288220586,0.0031328320802005427,0.0003188775510204467,True,stage18-scaling-24a9adb84176,2,7,9050,377
s2-step9050-f99of100-d1of2,377,C1,C6,0.00605867346938771,Q4,0.004001231148045514,0.00031328320802004317,0.00031328320802004317,0.00605867346938771,True,stage18-scaling-24a9adb84176,2,7,9050,377
s2-step9050-f99of100-d1of2,377,C1,C7,0.005739795918367374,Q4,0.004924592182209864,0.00031328320802004317,0.00031328320802004317,0.005739795918367374,True,stage18-scaling-24a9adb84176,2,7,9050,377
s2-step9050-f99of100-d1of2,377,C2,C3,0.0035076530612244694,Q4,0.0015389350569405824,0.0012531328320801727,0.0015664160401003269,0.0035076530612244694,True,stage18-scaling-24a9adb84176,2,7,9050,377
s2-step9050-f99of100-d1of2,377,C2,C4,0.007653061224489721,Q4,0.0009233610341643494,0.003446115288220586,0.003446115288220586,0.007653061224489721,True,stage18-scaling-24a9adb84176,2,7,9050,377
s2-step9050-f99of100-d1of2,377,C2,C5,0.005739795918367263,Q4,0.001231148045552466,0.003446115288220586,0.0031328320802005427,0.005739795918367263,True,stage18-scaling-24a9adb84176,2,7,9050,377
s2-step9050-f99of100-d1of2,377,C2,C6,0.001846722068328699,Q1,0.001846722068328699,0.00031328320802004317,0.00031328320802004317,0.0,True,stage18-scaling-24a9adb84176,2,7,9050,377
s2-step9050-f99of100-d1of2,377,C2,C7,0.0009233610341643494,Q1,0.0009233610341643494,0.00031328320802004317,0.00031328320802004317,0.00031887755102033566,True,stage18-scaling-24a9adb84176,2,7,9050,377
s2-step9050-f99of100-d1of2,377,C3,C4,0.004145408163265252,Q4,0.000615574022776233,0.002192982456140413,0.001879699248120259,0.004145408163265252,True,stage18-scaling-24a9adb84176,2,7,9050,377
s2-step9050-f99of100-d1of2,377,C3,C5,0.0027700831024930483,Q1,0.0027700831024930483,0.002192982456140413,0.0015664160401002158,0.0022321428571427937,True,stage18-scaling-24a9adb84176,2,7,9050,377
s2-step9050-f99of100-d1of2,377,C3,C6,0.0035076530612244694,Q4,0.0003077870113881165,0.0015664160401002158,0.00187969924812037,0.0035076530612244694,True,stage18-scaling-24a9adb84176,2,7,9050,377
s2-step9050-f99of100-d1of2,377,C3,C7,0.0031887755102041337,Q4,0.000615574022776233,0.0015664160401002158,0.00187969924812037,0.0031887755102041337,True,stage18-scaling-24a9adb84176,2,7,9050,377
s2-step9050-f99of100-d1of2,377,C4,C5,0.0021545090797168154,Q1,0.0021545090797168154,0.0,0.00031328320802004317,0.001913265306122458,True,stage18-scaling-24a9adb84176,2,7,9050,377
s2-step9050-f99of100-d1of2,377,C4,C6,0.007653061224489721,Q4,0.0009233610341643494,0.003759398496240629,0.003759398496240629,0.007653061224489721,True,stage18-scaling-24a9adb84176,2,7,9050,377
s2-step9050-f99of100-d1of2,377,C4,C7,0.0073341836734693855,Q4,0.0,0.003759398496240629,0.003759398496240629,0.0073341836734693855,True,stage18-scaling-24a9adb84176,2,7,9050,377
s2-step9050-f99of100-d1of2,377,C5,C6,0.005739795918367263,Q4,0.003077870113881165,0.003759398496240629,0.003446115288220586,0.005739795918367263,True,stage18-scaling-24a9adb84176,2,7,9050,377
s2-step9050-f99of100-d1of2,377,C5,C7,0.0054209183673469274,Q4,0.0021545090797168154,0.003759398496240629,0.003446115288220586,0.0054209183673469274,True,stage18-scaling-24a9adb84176,2,7,9050,377
s2-step9050-f99of100-d1of2,377,C6,C7,0.0009233610341643494,Q1,0.0009233610341643494,0.0,0.0,0.00031887755102033566,True,stage18-scaling-24a9adb84176,2,7,9050,377
s2-step9050-f99of100-d3of4,378,C1,C2,0.00605867346938771,Q4,0.005847953216374213,0.0,0.0,0.00605867346938771,True,stage18-scaling-24a9adb84176,2,7,9050,378
s2-step9050-f99of100-d3of4,378,C1,C3,0.004309018159433631,Q1,0.004309018159433631,0.0012531328320801727,0.0015664160401003269,0.0025510204081632404,True,stage18-scaling-24a9adb84176,2,7,9050,378
s2-step9050-f99of100-d3of4,378,C1,C4,0.004924592182209864,Q1,0.004924592182209864,0.003446115288220586,0.003446115288220586,0.0015943877551020114,True,stage18-scaling-24a9adb84176,2,7,9050,378
s2-step9050-f99of100-d3of4,378,C1,C5,0.007079101261926679,Q1,0.007079101261926679,0.003446115288220586,0.0031328320802005427,0.0003188775510204467,True,stage18-scaling-24a9adb84176,2,7,9050,378
s2-step9050-f99of100-d3of4,378,C1,C6,0.00605867346938771,Q4,0.004001231148045514,0.00031328320802004317,0.00031328320802004317,0.00605867346938771,True,stage18-scaling-24a9adb84176,2,7,9050,378
s2-step9050-f99of100-d3of4,378,C1,C7,0.005739795918367374,Q4,0.004924592182209864,0.00031328320802004317,0.00031328320802004317,0.005739795918367374,True,stage18-scaling-24a9adb84176,2,7,9050,378
s2-step9050-f99of100-d3of4,378,C2,C3,0.0035076530612244694,Q4,0.0015389350569405824,0.0012531328320801727,0.0015664160401003269,0.0035076530612244694,True,stage18-scaling-24a9adb84176,2,7,9050,378
s2-step9050-f99of100-d3of4,378,C2,C4,0.007653061224489721,Q4,0.0009233610341643494,0.003446115288220586,0.003446115288220586,0.007653061224489721,True,stage18-scaling-24a9adb84176,2,7,9050,378
s2-step9050-f99of100-d3of4,378,C2,C5,0.005739795918367263,Q4,0.001231148045552466,0.003446115288220586,0.0031328320802005427,0.005739795918367263,True,stage18-scaling-24a9adb84176,2,7,9050,378
s2-step9050-f99of100-d3of4,378,C2,C6,0.001846722068328699,Q1,0.001846722068328699,0.00031328320802004317,0.00031328320802004317,0.0,True,stage18-scaling-24a9adb84176,2,7,9050,378
s2-step9050-f99of100-d3of4,378,C2,C7,0.0009233610341643494,Q1,0.0009233610341643494,0.00031328320802004317,0.00031328320802004317,0.00031887755102033566,True,stage18-scaling-24a9adb84176,2,7,9050,378
s2-step9050-f99of100-d3of4,378,C3,C4,0.004145408163265252,Q4,0.000615574022776233,0.002192982456140413,0.001879699248120259,0.004145408163265252,True,stage18-scaling-24a9adb84176,2,7,9050,378
s2-step9050-f99of100-d3of4,378,C3,C5,0.0027700831024930483,Q1,0.0027700831024930483,0.002192982456140413,0.0015664160401002158,0.0022321428571427937,True,stage18-scaling-24a9adb84176,2,7,9050,378
s2-step9050-f99of100-d3of4,378,C3,C6,0.0035076530612244694,Q4,0.0003077870113881165,0.0015664160401002158,0.00187969924812037,0.0035076530612244694,True,stage18-scaling-24a9adb84176,2,7,9050,378
s2-step9050-f99of100-d3of4,378,C3,C7,0.0031887755102041337,Q4,0.000615574022776233,0.0015664160401002158,0.00187969924812037,0.0031887755102041337,True,stage18-scaling-24a9adb84176,2,7,9050,378
s2-step9050-f99of100-d3of4,378,C4,C5,0.0021545090797168154,Q1,0.0021545090797168154,0.0,0.00031328320802004317,0.001913265306122458,True,stage18-scaling-24a9adb84176,2,7,9050,378
s2-step9050-f99of100-d3of4,378,C4,C6,0.007653061224489721,Q4,0.0009233610341643494,0.003759398496240629,0.003759398496240629,0.007653061224489721,True,stage18-scaling-24a9adb84176,2,7,9050,378
s2-step9050-f99of100-d3of4,378,C4,C7,0.0073341836734693855,Q4,0.0,0.003759398496240629,0.003759398496240629,0.0073341836734693855,True,stage18-scaling-24a9adb84176,2,7,9050,378
s2-step9050-f99of100-d3of4,378,C5,C6,0.005739795918367263,Q4,0.003077870113881165,0.003759398496240629,0.003446115288220586,0.005739795918367263,True,stage18-scaling-24a9adb84176,2,7,9050,378
s2-step9050-f99of100-d3of4,378,C5,C7,0.0054209183673469274,Q4,0.0021545090797168154,0.003759398496240629,0.003446115288220586,0.0054209183673469274,True,stage18-scaling-24a9adb84176,2,7,9050,378
s2-step9050-f99of100-d3of4,378,C6,C7,0.0009233610341643494,Q1,0.0009233610341643494,0.0,0.0,0.00031887755102033566,True,stage18-scaling-24a9adb84176,2,7,9050,378
s3-step9050-f4of5-d1of4,487,C1,C2,0.013711734693877542,Q4,0.012619267466912887,0.005012531328320802,0.004385964912280715,0.013711734693877542,True,stage18-scaling-24a9adb84176,3,7,9050,487
s3-step9050-f4of5-d1of2,488,C1,C2,0.013711734693877542,Q4,0.012619267466912887,0.005012531328320802,0.004385964912280715,0.013711734693877542,True,stage18-scaling-24a9adb84176,3,7,9050,488
s3-step9050-f4of5-d1of2,488,C1,C3,0.010964912280701733,Q3,0.0033856571252692813,0.008145363408521344,0.010964912280701733,0.0063775510204081565,True,stage18-scaling-24a9adb84176,3,7,9050,488
s3-step9050-f4of5-d1of2,488,C1,C4,0.008458646616541388,Q2,0.007386888273314907,0.008458646616541388,0.003759398496240629,0.002869897959183687,True,stage18-scaling-24a9adb84176,3,7,9050,488
s3-step9050-f4of5-d1of2,488,C1,C5,0.016312711603570396,Q1,0.016312711603570396,0.001879699248120259,0.004072681704260672,0.010841836734693855,True,stage18-scaling-24a9adb84176,3,7,9050,488
s3-step9050-f4of5-d1of2,488,C1,C6,0.01817602040816324,Q4,0.01231148045552477,0.00031328320802004317,0.005012531328320802,0.01817602040816324,True,stage18-scaling-24a9adb84176,3,7,9050,488
s3-step9050-f4of5-d1of2,488,C2,C3,0.015350877192982448,Q3,0.009233610341643606,0.013157894736842146,0.015350877192982448,0.0073341836734693855,True,stage18-scaling-24a9adb84176,3,7,9050,488
s3-step9050-f4of5-d1of2,488,C2,C4,0.01347117794486219,Q2,0.00523237919359798,0.01347117794486219,0.008145363408521344,0.010841836734693855,True,stage18-scaling-24a9adb84176,3,7,9050,488
s3-step9050-f4of5-d1of2,488,C2,C5,0.006892230576441061,Q2,0.003693444136657509,0.006892230576441061,0.00031328320802004317,0.002869897959183687,True,stage18-scaling-24a9adb84176,3,7,9050,488
s3-step9050-f4of5-d1of2,488,C2,C6,0.009398496240601517,Q3,0.0003077870113881165,0.0046992481203007586,0.009398496240601517,0.004464285714285698,True,stage18-scaling-24a9adb84176,3,7,9050,488
s3-step9050-f4of5-d1of2,488,C3,C4,0.007205513784461104,Q3,0.004001231148045625,0.00031328320802004317,0.007205513784461104,0.0035076530612244694,True,stage18-scaling-24a9adb84176,3,7,9050,488
s3-step9050-f4of5-d1of2,488,C3,C5,0.015037593984962405,Q3,0.012927054478301114,0.006265664160401085,0.015037593984962405,0.004464285714285698,True,stage18-scaling-24a9adb84176,3,7,9050,488
s3-step9050-f4of5-d1of2,488,C3,C6,0.011798469387755084,Q4,0.008925823330255489,0.008458646616541388,0.005952380952380931,0.011798469387755084,True,stage18-scaling-24a9adb84176,3,7,9050,488
s3-step9050-f4of5-d1of2,488,C4,C5,0.008925823330255489,Q1,0.008925823330255489,0.006578947368421129,0.007832080200501301,0.007971938775510168,True,stage18-scaling-24a9adb84176,3,7,9050,488
s3-step9050-f4of5-d1of2,488,C4,C6,0.015306122448979553,Q4,0.004924592182209864,0.00877192982456143,0.0012531328320801727,0.015306122448979553,True,stage18-scaling-24a9adb84176,3,7,9050,488
s3-step9050-f4of5-d1of2,488,C5,C6,0.009085213032581474,Q3,0.004001231148045625,0.002192982456140302,0.009085213032581474,0.0073341836734693855,True,stage18-scaling-24a9adb84176,3,7,9050,488
s3-step9050-f4of5-d3of4,489,C1,C2,0.013711734693877542,Q4,0.012619267466912887,0.005012531328320802,0.004385964912280715,0.013711734693877542,True,stage18-scaling-24a9adb84176,3,7,9050,489
s3-step9050-f4of5-d3of4,489,C1,C3,0.010964912280701733,Q3,0.0033856571252692813,0.008145363408521344,0.010964912280701733,0.0063775510204081565,True,stage18-scaling-24a9adb84176,3,7,9050,489
s3-step9050-f4of5-d3of4,489,C1,C4,0.008458646616541388,Q2,0.007386888273314907,0.008458646616541388,0.003759398496240629,0.002869897959183687,True,stage18-scaling-24a9adb84176,3,7,9050,489
s3-step9050-f4of5-d3of4,489,C1,C5,0.016312711603570396,Q1,0.016312711603570396,0.001879699248120259,0.004072681704260672,0.010841836734693855,True,stage18-scaling-24a9adb84176,3,7,9050,489
s3-step9050-f4of5-d3of4,489,C1,C6,0.01817602040816324,Q4,0.01231148045552477,0.00031328320802004317,0.005012531328320802,0.01817602040816324,True,stage18-scaling-24a9adb84176,3,7,9050,489
s3-step9050-f4of5-d3of4,489,C2,C3,0.015350877192982448,Q3,0.009233610341643606,0.013157894736842146,0.015350877192982448,0.0073341836734693855,True,stage18-scaling-24a9adb84176,3,7,9050,489
s3-step9050-f4of5-d3of4,489,C2,C4,0.01347117794486219,Q2,0.00523237919359798,0.01347117794486219,0.008145363408521344,0.010841836734693855,True,stage18-scaling-24a9adb84176,3,7,9050,489
s3-step9050-f4of5-d3of4,489,C2,C5,0.006892230576441061,Q2,0.003693444136657509,0.006892230576441061,0.00031328320802004317,0.002869897959183687,True,stage18-scaling-24a9adb84176,3,7,9050,489
s3-step9050-f4of5-d3of4,489,C2,C6,0.009398496240601517,Q3,0.0003077870113881165,0.0046992481203007586,0.009398496240601517,0.004464285714285698,True,stage18-scaling-24a9adb84176,3,7,9050,489
s3-step9050-f4of5-d3of4,489,C3,C4,0.007205513784461104,Q3,0.004001231148045625,0.00031328320802004317,0.007205513784461104,0.0035076530612244694,True,stage18-scaling-24a9adb84176,3,7,9050,489
s3-step9050-f4of5-d3of4,489,C3,C5,0.015037593984962405,Q3,0.012927054478301114,0.006265664160401085,0.015037593984962405,0.004464285714285698,True,stage18-scaling-24a9adb84176,3,7,9050,489
s3-step9050-f4of5-d3of4,489,C3,C6,0.011798469387755084,Q4,0.008925823330255489,0.008458646616541388,0.005952380952380931,0.011798469387755084,True,stage18-scaling-24a9adb84176,3,7,9050,489
s3-step9050-f4of5-d3of4,489,C4,C5,0.008925823330255489,Q1,0.008925823330255489,0.006578947368421129,0.007832080200501301,0.007971938775510168,True,stage18-scaling-24a9adb84176,3,7,9050,489
s3-step9050-f4of5-d3of4,489,C4,C6,0.015306122448979553,Q4,0.004924592182209864,0.00877192982456143,0.0012531328320801727,0.015306122448979553,True,stage18-scaling-24a9adb84176,3,7,9050,489
s3-step9050-f4of5-d3of4,489,C5,C6,0.009085213032581474,Q3,0.004001231148045625,0.002192982456140302,0.009085213032581474,0.0073341836734693855,True,stage18-scaling-24a9adb84176,3,7,9050,489
s4-step7450-f4of5-d1of4,541,C1,C2,0.015389350569406046,Q1,0.015389350569406046,0.003759398496240629,0.00783208020050119,0.0063775510204081565,True,stage18-scaling-24a9adb84176,4,3,7450,541
s4-step7450-f4of5-d1of4,541,C1,C3,0.012218045112781906,Q3,0.001231148045552577,0.010964912280701733,0.012218045112781906,0.007653061224489721,True,stage18-scaling-24a9adb84176,4,3,7450,541
s4-step7450-f4of5-d1of4,541,C1,C4,0.007386888273314907,Q1,0.007386888273314907,0.006265664160400974,0.005639097744360888,0.0015943877551020114,True,stage18-scaling-24a9adb84176,4,3,7450,541
s4-step7450-f4of5-d1of4,541,C1,C5,0.015625,Q4,0.00523237919359798,0.009085213032581474,0.005639097744360888,0.015625,True,stage18-scaling-24a9adb84176,4,3,7450,541
s4-step7450-f4of5-d1of4,541,C2,C3,0.01415820252385347,Q1,0.01415820252385347,0.007205513784461104,0.004385964912280715,0.0012755102040815647,True,stage18-scaling-24a9adb84176,4,3,7450,541
s4-step7450-f4of5-d1of4,541,C2,C4,0.00800246229609114,Q1,0.00800246229609114,0.0025062656641603454,0.002192982456140302,0.004783163265306145,True,stage18-scaling-24a9adb84176,4,3,7450,541
s4-step7450-f4of5-d1of4,541,C2,C5,0.022002551020408156,Q4,0.020621729763004026,0.012844611528822103,0.013471177944862078,0.022002551020408156,True,stage18-scaling-24a9adb84176,4,3,7450,541
s4-step7450-f4of5-d1of4,541,C3,C4,0.006578947368421018,Q3,0.00615574022776233,0.0046992481203007586,0.006578947368421018,0.00605867346938771,True,stage18-scaling-24a9adb84176,4,3,7450,541
s4-step7450-f4of5-d1of4,541,C3,C5,0.02327806122448972,Q4,0.006463527239150557,0.020050125313283207,0.017857142857142794,0.02327806122448972,True,stage18-scaling-24a9adb84176,4,3,7450,541
s4-step7450-f4of5-d1of4,541,C4,C5,0.01721938775510201,Q4,0.012619267466912887,0.015350877192982448,0.011278195488721776,0.01721938775510201,True,stage18-scaling-24a9adb84176,4,3,7450,541
s4-step7450-f4of5-d1of2,542,C1,C2,0.015389350569406046,Q1,0.015389350569406046,0.003759398496240629,0.00783208020050119,0.0063775510204081565,True,stage18-scaling-24a9adb84176,4,3,7450,542
s4-step7450-f4of5-d1of2,542,C1,C3,0.012218045112781906,Q3,0.001231148045552577,0.010964912280701733,0.012218045112781906,0.007653061224489721,True,stage18-scaling-24a9adb84176,4,3,7450,542
s4-step7450-f4of5-d1of2,542,C1,C4,0.007386888273314907,Q1,0.007386888273314907,0.006265664160400974,0.005639097744360888,0.0015943877551020114,True,stage18-scaling-24a9adb84176,4,3,7450,542
s4-step7450-f4of5-d1of2,542,C1,C5,0.015625,Q4,0.00523237919359798,0.009085213032581474,0.005639097744360888,0.015625,True,stage18-scaling-24a9adb84176,4,3,7450,542
s4-step7450-f4of5-d1of2,542,C1,C6,0.011695906432748537,Q1,0.011695906432748537,0.0012531328320801727,0.003446115288220475,0.007653061224489721,True,stage18-scaling-24a9adb84176,4,3,7450,542
s4-step7450-f4of5-d1of2,542,C2,C3,0.01415820252385347,Q1,0.01415820252385347,0.007205513784461104,0.004385964912280715,0.0012755102040815647,True,stage18-scaling-24a9adb84176,4,3,7450,542
s4-step7450-f4of5-d1of2,542,C2,C4,0.00800246229609114,Q1,0.00800246229609114,0.0025062656641603454,0.002192982456140302,0.004783163265306145,True,stage18-scaling-24a9adb84176,4,3,7450,542
s4-step7450-f4of5-d1of2,542,C2,C5,0.022002551020408156,Q4,0.020621729763004026,0.012844611528822103,0.013471177944862078,0.022002551020408156,True,stage18-scaling-24a9adb84176,4,3,7450,542
s4-step7450-f4of5-d1of2,542,C2,C6,0.005012531328320802,Q2,0.003693444136657509,0.005012531328320802,0.004385964912280715,0.0012755102040815647,True,stage18-scaling-24a9adb84176,4,3,7450,542
s4-step7450-f4of5-d1of2,542,C3,C4,0.006578947368421018,Q3,0.00615574022776233,0.0046992481203007586,0.006578947368421018,0.00605867346938771,True,stage18-scaling-24a9adb84176,4,3,7450,542
s4-step7450-f4of5-d1of2,542,C3,C5,0.02327806122448972,Q4,0.006463527239150557,0.020050125313283207,0.017857142857142794,0.02327806122448972,True,stage18-scaling-24a9adb84176,4,3,7450,542
s4-step7450-f4of5-d1of2,542,C3,C6,0.012218045112781906,Q2,0.01046475838719596,0.012218045112781906,0.00877192982456143,0.0,True,stage18-scaling-24a9adb84176,4,3,7450,542
s4-step7450-f4of5-d1of2,542,C4,C5,0.01721938775510201,Q4,0.012619267466912887,0.015350877192982448,0.011278195488721776,0.01721938775510201,True,stage18-scaling-24a9adb84176,4,3,7450,542
s4-step7450-f4of5-d1of2,542,C4,C6,0.007518796992481147,Q2,0.004309018159433631,0.007518796992481147,0.002192982456140413,0.00605867346938771,True,stage18-scaling-24a9adb84176,4,3,7450,542
s4-step7450-f4of5-d1of2,542,C5,C6,0.02327806122448972,Q4,0.016928285626346518,0.007832080200501301,0.009085213032581363,0.02327806122448972,True,stage18-scaling-24a9adb84176,4,3,7450,542
s4-step7450-f4of5-d3of4,543,C1,C2,0.015389350569406046,Q1,0.015389350569406046,0.003759398496240629,0.00783208020050119,0.0063775510204081565,True,stage18-scaling-24a9adb84176,4,3,7450,543
s4-step7450-f4of5-d3of4,543,C1,C3,0.012218045112781906,Q3,0.001231148045552577,0.010964912280701733,0.012218045112781906,0.007653061224489721,True,stage18-scaling-24a9adb84176,4,3,7450,543
s4-step7450-f4of5-d3of4,543,C1,C4,0.007386888273314907,Q1,0.007386888273314907,0.006265664160400974,0.005639097744360888,0.0015943877551020114,True,stage18-scaling-24a9adb84176,4,3,7450,543
s4-step7450-f4of5-d3of4,543,C1,C5,0.015625,Q4,0.00523237919359798,0.009085213032581474,0.005639097744360888,0.015625,True,stage18-scaling-24a9adb84176,4,3,7450,543
s4-step7450-f4of5-d3of4,543,C1,C6,0.011695906432748537,Q1,0.011695906432748537,0.0012531328320801727,0.003446115288220475,0.007653061224489721,True,stage18-scaling-24a9adb84176,4,3,7450,543
s4-step7450-f4of5-d3of4,543,C2,C3,0.01415820252385347,Q1,0.01415820252385347,0.007205513784461104,0.004385964912280715,0.0012755102040815647,True,stage18-scaling-24a9adb84176,4,3,7450,543
s4-step7450-f4of5-d3of4,543,C2,C4,0.00800246229609114,Q1,0.00800246229609114,0.0025062656641603454,0.002192982456140302,0.004783163265306145,True,stage18-scaling-24a9adb84176,4,3,7450,543
s4-step7450-f4of5-d3of4,543,C2,C5,0.022002551020408156,Q4,0.020621729763004026,0.012844611528822103,0.013471177944862078,0.022002551020408156,True,stage18-scaling-24a9adb84176,4,3,7450,543
s4-step7450-f4of5-d3of4,543,C2,C6,0.005012531328320802,Q2,0.003693444136657509,0.005012531328320802,0.004385964912280715,0.0012755102040815647,True,stage18-scaling-24a9adb84176,4,3,7450,543
s4-step7450-f4of5-d3of4,543,C3,C4,0.006578947368421018,Q3,0.00615574022776233,0.0046992481203007586,0.006578947368421018,0.00605867346938771,True,stage18-scaling-24a9adb84176,4,3,7450,543
s4-step7450-f4of5-d3of4,543,C3,C5,0.02327806122448972,Q4,0.006463527239150557,0.020050125313283207,0.017857142857142794,0.02327806122448972,True,stage18-scaling-24a9adb84176,4,3,7450,543
s4-step7450-f4of5-d3of4,543,C3,C6,0.012218045112781906,Q2,0.01046475838719596,0.012218045112781906,0.00877192982456143,0.0,True,stage18-scaling-24a9adb84176,4,3,7450,543
s4-step7450-f4of5-d3of4,543,C4,C5,0.01721938775510201,Q4,0.012619267466912887,0.015350877192982448,0.011278195488721776,0.01721938775510201,True,stage18-scaling-24a9adb84176,4,3,7450,543
s4-step7450-f4of5-d3of4,543,C4,C6,0.007518796992481147,Q2,0.004309018159433631,0.007518796992481147,0.002192982456140413,0.00605867346938771,True,stage18-scaling-24a9adb84176,4,3,7450,543
s4-step7450-f4of5-d3of4,543,C5,C6,0.02327806122448972,Q4,0.016928285626346518,0.007832080200501301,0.009085213032581363,0.02327806122448972,True,stage18-scaling-24a9adb84176,4,3,7450,543
s4-step7450-f17of20-d1of4,544,C1,C2,0.024553571428571508,Q4,0.009849184364419838,0.011904761904761862,0.012531328320801949,0.024553571428571508,True,stage18-scaling-24a9adb84176,4,3,7450,544
s4-step7450-f17of20-d1of4,544,C1,C3,0.01600492459218228,Q1,0.01600492459218228,0.007518796992481147,0.010338345864661647,0.0006377551020407823,True,stage18-scaling-24a9adb84176,4,3,7450,544
s4-step7450-f17of20-d1of4,544,C1,C4,0.00956632653061229,Q4,0.0021545090797168154,0.008458646616541277,0.007518796992481147,0.00956632653061229,True,stage18-scaling-24a9adb84176,4,3,7450,544
s4-step7450-f17of20-d1of4,544,C2,C3,0.02519132653061229,Q4,0.006155740227762441,0.004385964912280715,0.002192982456140302,0.02519132653061229,True,stage18-scaling-24a9adb84176,4,3,7450,544
s4-step7450-f17of20-d1of4,544,C2,C4,0.014987244897959218,Q4,0.012003693444136654,0.003446115288220586,0.005012531328320802,0.014987244897959218,True,stage18-scaling-24a9adb84176,4,3,7450,544
s4-step7450-f17of20-d1of4,544,C3,C4,0.018159433671899095,Q1,0.018159433671899095,0.0009398496240601295,0.0028195488721804995,0.010204081632653073,True,stage18-scaling-24a9adb84176,4,3,7450,544
s4-step7450-f17of20-d1of2,545,C1,C2,0.024553571428571508,Q4,0.009849184364419838,0.011904761904761862,0.012531328320801949,0.024553571428571508,True,stage18-scaling-24a9adb84176,4,3,7450,545
s4-step7450-f17of20-d1of2,545,C1,C3,0.01600492459218228,Q1,0.01600492459218228,0.007518796992481147,0.010338345864661647,0.0006377551020407823,True,stage18-scaling-24a9adb84176,4,3,7450,545
s4-step7450-f17of20-d1of2,545,C1,C4,0.00956632653061229,Q4,0.0021545090797168154,0.008458646616541277,0.007518796992481147,0.00956632653061229,True,stage18-scaling-24a9adb84176,4,3,7450,545
s4-step7450-f17of20-d1of2,545,C1,C5,0.012755102040816313,Q4,0.008618036318867373,0.003759398496240629,0.003446115288220586,0.012755102040816313,True,stage18-scaling-24a9adb84176,4,3,7450,545
s4-step7450-f17of20-d1of2,545,C1,C6,0.01052295918367352,Q4,0.009541397353031722,0.006892230576441061,0.005012531328320802,0.01052295918367352,True,stage18-scaling-24a9adb84176,4,3,7450,545
s4-step7450-f17of20-d1of2,545,C2,C3,0.02519132653061229,Q4,0.006155740227762441,0.004385964912280715,0.002192982456140302,0.02519132653061229,True,stage18-scaling-24a9adb84176,4,3,7450,545
s4-step7450-f17of20-d1of2,545,C2,C4,0.014987244897959218,Q4,0.012003693444136654,0.003446115288220586,0.005012531328320802,0.014987244897959218,True,stage18-scaling-24a9adb84176,4,3,7450,545
s4-step7450-f17of20-d1of2,545,C2,C5,0.015977443609022535,Q3,0.001231148045552466,0.01566416040100249,0.015977443609022535,0.011798469387755195,True,stage18-scaling-24a9adb84176,4,3,7450,545
s4-step7450-f17of20-d1of2,545,C2,C6,0.014030612244897989,Q4,0.0003077870113881165,0.005012531328320802,0.007518796992481147,0.014030612244897989,True,stage18-scaling-24a9adb84176,4,3,7450,545
s4-step7450-f17of20-d1of2,545,C3,C4,0.018159433671899095,Q1,0.018159433671899095,0.0009398496240601295,0.0028195488721804995,0.010204081632653073,True,stage18-scaling-24a9adb84176,4,3,7450,545
s4-step7450-f17of20-d1of2,545,C3,C5,0.013784461152882233,Q3,0.007386888273314907,0.011278195488721776,0.013784461152882233,0.013392857142857095,True,stage18-scaling-24a9adb84176,4,3,7450,545
s4-step7450-f17of20-d1of2,545,C3,C6,0.011160714285714302,Q4,0.006463527239150557,0.0006265664160400863,0.005325814536340845,0.011160714285714302,True,stage18-scaling-24a9adb84176,4,3,7450,545
s4-step7450-f17of20-d1of2,545,C4,C5,0.012218045112781906,Q2,0.010772545398584188,0.012218045112781906,0.010964912280701733,0.0031887755102040227,True,stage18-scaling-24a9adb84176,4,3,7450,545
s4-step7450-f17of20-d1of2,545,C4,C6,0.011695906432748537,Q1,0.011695906432748537,0.0015664160401002158,0.0025062656641603454,0.000956632653061229,True,stage18-scaling-24a9adb84176,4,3,7450,545
s4-step7450-f17of20-d1of2,545,C5,C6,0.01065162907268169,Q2,0.0009233610341643494,0.01065162907268169,0.008458646616541388,0.0022321428571427937,True,stage18-scaling-24a9adb84176,4,3,7450,545
s4-step7450-f17of20-d3of4,546,C1,C2,0.024553571428571508,Q4,0.009849184364419838,0.011904761904761862,0.012531328320801949,0.024553571428571508,True,stage18-scaling-24a9adb84176,4,3,7450,546
s4-step7450-f17of20-d3of4,546,C1,C3,0.01600492459218228,Q1,0.01600492459218228,0.007518796992481147,0.010338345864661647,0.0006377551020407823,True,stage18-scaling-24a9adb84176,4,3,7450,546
s4-step7450-f17of20-d3of4,546,C1,C4,0.00956632653061229,Q4,0.0021545090797168154,0.008458646616541277,0.007518796992481147,0.00956632653061229,True,stage18-scaling-24a9adb84176,4,3,7450,546
s4-step7450-f17of20-d3of4,546,C1,C5,0.012755102040816313,Q4,0.008618036318867373,0.003759398496240629,0.003446115288220586,0.012755102040816313,True,stage18-scaling-24a9adb84176,4,3,7450,546
s4-step7450-f17of20-d3of4,546,C1,C6,0.01052295918367352,Q4,0.009541397353031722,0.006892230576441061,0.005012531328320802,0.01052295918367352,True,stage18-scaling-24a9adb84176,4,3,7450,546
s4-step7450-f17of20-d3of4,546,C2,C3,0.02519132653061229,Q4,0.006155740227762441,0.004385964912280715,0.002192982456140302,0.02519132653061229,True,stage18-scaling-24a9adb84176,4,3,7450,546
s4-step7450-f17of20-d3of4,546,C2,C4,0.014987244897959218,Q4,0.012003693444136654,0.003446115288220586,0.005012531328320802,0.014987244897959218,True,stage18-scaling-24a9adb84176,4,3,7450,546
s4-step7450-f17of20-d3of4,546,C2,C5,0.015977443609022535,Q3,0.001231148045552466,0.01566416040100249,0.015977443609022535,0.011798469387755195,True,stage18-scaling-24a9adb84176,4,3,7450,546
s4-step7450-f17of20-d3of4,546,C2,C6,0.014030612244897989,Q4,0.0003077870113881165,0.005012531328320802,0.007518796992481147,0.014030612244897989,True,stage18-scaling-24a9adb84176,4,3,7450,546
s4-step7450-f17of20-d3of4,546,C3,C4,0.018159433671899095,Q1,0.018159433671899095,0.0009398496240601295,0.0028195488721804995,0.010204081632653073,True,stage18-scaling-24a9adb84176,4,3,7450,546
s4-step7450-f17of20-d3of4,546,C3,C5,0.013784461152882233,Q3,0.007386888273314907,0.011278195488721776,0.013784461152882233,0.013392857142857095,True,stage18-scaling-24a9adb84176,4,3,7450,546
s4-step7450-f17of20-d3of4,546,C3,C6,0.011160714285714302,Q4,0.006463527239150557,0.0006265664160400863,0.005325814536340845,0.011160714285714302,True,stage18-scaling-24a9adb84176,4,3,7450,546
s4-step7450-f17of20-d3of4,546,C4,C5,0.012218045112781906,Q2,0.010772545398584188,0.012218045112781906,0.010964912280701733,0.0031887755102040227,True,stage18-scaling-24a9adb84176,4,3,7450,546
s4-step7450-f17of20-d3of4,546,C4,C6,0.011695906432748537,Q1,0.011695906432748537,0.0015664160401002158,0.0025062656641603454,0.000956632653061229,True,stage18-scaling-24a9adb84176,4,3,7450,546
s4-step7450-f17of20-d3of4,546,C5,C6,0.01065162907268169,Q2,0.0009233610341643494,0.01065162907268169,0.008458646616541388,0.0022321428571427937,True,stage18-scaling-24a9adb84176,4,3,7450,546
s4-step7450-f9of10-d1of4,547,C1,C2,0.01658163265306123,Q4,0.010464758387196071,0.006265664160400974,0.003759398496240518,0.01658163265306123,True,stage18-scaling-24a9adb84176,4,3,7450,547
s4-step7450-f9of10-d1of4,547,C1,C3,0.003759398496240629,Q3,0.003693444136657398,0.0025062656641603454,0.003759398496240629,0.0015943877551021224,True,stage18-scaling-24a9adb84176,4,3,7450,547
s4-step7450-f9of10-d1of4,547,C2,C3,0.01817602040816335,Q4,0.01415820252385347,0.00877192982456132,0.007518796992481147,0.01817602040816335,True,stage18-scaling-24a9adb84176,4,3,7450,547
s4-step7450-f9of10-d1of2,548,C1,C2,0.01658163265306123,Q4,0.010464758387196071,0.006265664160400974,0.003759398496240518,0.01658163265306123,True,stage18-scaling-24a9adb84176,4,3,7450,548
s4-step7450-f9of10-d1of2,548,C1,C3,0.003759398496240629,Q3,0.003693444136657398,0.0025062656641603454,0.003759398496240629,0.0015943877551021224,True,stage18-scaling-24a9adb84176,4,3,7450,548
s4-step7450-f9of10-d1of2,548,C1,C4,0.006892230576441172,Q3,0.0021545090797169264,0.0009398496240601295,0.006892230576441172,0.004464285714285698,True,stage18-scaling-24a9adb84176,4,3,7450,548
s4-step7450-f9of10-d1of2,548,C1,C5,0.01159147869674193,Q3,0.000615574022776233,0.007832080200501301,0.01159147869674193,0.004145408163265363,True,stage18-scaling-24a9adb84176,4,3,7450,548
s4-step7450-f9of10-d1of2,548,C1,C6,0.011798469387755084,Q4,0.004924592182209864,0.00031328320802004317,0.001879699248120259,0.011798469387755084,True,stage18-scaling-24a9adb84176,4,3,7450,548
s4-step7450-f9of10-d1of2,548,C2,C3,0.01817602040816335,Q4,0.01415820252385347,0.00877192982456132,0.007518796992481147,0.01817602040816335,True,stage18-scaling-24a9adb84176,4,3,7450,548
s4-step7450-f9of10-d1of2,548,C2,C4,0.01211734693877553,Q4,0.008310249307479145,0.007205513784461104,0.01065162907268169,0.01211734693877553,True,stage18-scaling-24a9adb84176,4,3,7450,548
s4-step7450-f9of10-d1of2,548,C2,C5,0.020727040816326592,Q4,0.009849184364419838,0.014097744360902276,0.015350877192982448,0.020727040816326592,True,stage18-scaling-24a9adb84176,4,3,7450,548
s4-step7450-f9of10-d1of2,548,C2,C6,0.015389350569405935,Q1,0.015389350569405935,0.005952380952380931,0.001879699248120259,0.004783163265306145,True,stage18-scaling-24a9adb84176,4,3,7450,548
s4-step7450-f9of10-d1of2,548,C3,C4,0.006058673469387821,Q4,0.005847953216374324,0.0015664160401002158,0.0031328320802005427,0.006058673469387821,True,stage18-scaling-24a9adb84176,4,3,7450,548
s4-step7450-f9of10-d1of2,548,C3,C5,0.007832080200501301,Q3,0.004309018159433631,0.005325814536340956,0.007832080200501301,0.0025510204081632404,True,stage18-scaling-24a9adb84176,4,3,7450,548
s4-step7450-f9of10-d1of2,548,C3,C6,0.013392857142857206,Q4,0.001231148045552466,0.0028195488721803885,0.005639097744360888,0.013392857142857206,True,stage18-scaling-24a9adb84176,4,3,7450,548
s4-step7450-f9of10-d1of2,548,C4,C5,0.008609693877551061,Q4,0.0015389350569406934,0.006892230576441172,0.0046992481203007586,0.008609693877551061,True,stage18-scaling-24a9adb84176,4,3,7450,548
s4-step7450-f9of10-d1of2,548,C4,C6,0.00877192982456143,Q3,0.00707910126192679,0.0012531328320801727,0.00877192982456143,0.0073341836734693855,True,stage18-scaling-24a9adb84176,4,3,7450,548
s4-step7450-f9of10-d1of2,548,C5,C6,0.015943877551020447,Q4,0.005540166204986097,0.008145363408521344,0.01347117794486219,0.015943877551020447,True,stage18-scaling-24a9adb84176,4,3,7450,548
s4-step7450-f9of10-d3of4,549,C1,C2,0.01658163265306123,Q4,0.010464758387196071,0.006265664160400974,0.003759398496240518,0.01658163265306123,True,stage18-scaling-24a9adb84176,4,3,7450,549
s4-step7450-f9of10-d3of4,549,C1,C3,0.003759398496240629,Q3,0.003693444136657398,0.0025062656641603454,0.003759398496240629,0.0015943877551021224,True,stage18-scaling-24a9adb84176,4,3,7450,549
s4-step7450-f9of10-d3of4,549,C1,C4,0.006892230576441172,Q3,0.0021545090797169264,0.0009398496240601295,0.006892230576441172,0.004464285714285698,True,stage18-scaling-24a9adb84176,4,3,7450,549
s4-step7450-f9of10-d3of4,549,C1,C5,0.01159147869674193,Q3,0.000615574022776233,0.007832080200501301,0.01159147869674193,0.004145408163265363,True,stage18-scaling-24a9adb84176,4,3,7450,549
s4-step7450-f9of10-d3of4,549,C1,C6,0.011798469387755084,Q4,0.004924592182209864,0.00031328320802004317,0.001879699248120259,0.011798469387755084,True,stage18-scaling-24a9adb84176,4,3,7450,549
s4-step7450-f9of10-d3of4,549,C2,C3,0.01817602040816335,Q4,0.01415820252385347,0.00877192982456132,0.007518796992481147,0.01817602040816335,True,stage18-scaling-24a9adb84176,4,3,7450,549
s4-step7450-f9of10-d3of4,549,C2,C4,0.01211734693877553,Q4,0.008310249307479145,0.007205513784461104,0.01065162907268169,0.01211734693877553,True,stage18-scaling-24a9adb84176,4,3,7450,549
s4-step7450-f9of10-d3of4,549,C2,C5,0.020727040816326592,Q4,0.009849184364419838,0.014097744360902276,0.015350877192982448,0.020727040816326592,True,stage18-scaling-24a9adb84176,4,3,7450,549
s4-step7450-f9of10-d3of4,549,C2,C6,0.015389350569405935,Q1,0.015389350569405935,0.005952380952380931,0.001879699248120259,0.004783163265306145,True,stage18-scaling-24a9adb84176,4,3,7450,549
s4-step7450-f9of10-d3of4,549,C3,C4,0.006058673469387821,Q4,0.005847953216374324,0.0015664160401002158,0.0031328320802005427,0.006058673469387821,True,stage18-scaling-24a9adb84176,4,3,7450,549
s4-step7450-f9of10-d3of4,549,C3,C5,0.007832080200501301,Q3,0.004309018159433631,0.005325814536340956,0.007832080200501301,0.0025510204081632404,True,stage18-scaling-24a9adb84176,4,3,7450,549
s4-step7450-f9of10-d3of4,549,C3,C6,0.013392857142857206,Q4,0.001231148045552466,0.0028195488721803885,0.005639097744360888,0.013392857142857206,True,stage18-scaling-24a9adb84176,4,3,7450,549
s4-step7450-f9of10-d3of4,549,C4,C5,0.008609693877551061,Q4,0.0015389350569406934,0.006892230576441172,0.0046992481203007586,0.008609693877551061,True,stage18-scaling-24a9adb84176,4,3,7450,549
s4-step7450-f9of10-d3of4,549,C4,C6,0.00877192982456143,Q3,0.00707910126192679,0.0012531328320801727,0.00877192982456143,0.0073341836734693855,True,stage18-scaling-24a9adb84176,4,3,7450,549
s4-step7450-f9of10-d3of4,549,C5,C6,0.015943877551020447,Q4,0.005540166204986097,0.008145363408521344,0.01347117794486219,0.015943877551020447,True,stage18-scaling-24a9adb84176,4,3,7450,549
s4-step7450-f19of20-d1of4,550,C1,C2,0.007694675284702912,Q1,0.007694675284702912,0.0006265664160400863,0.00031328320802004317,0.0006377551020407823,True,stage18-scaling-24a9adb84176,4,3,7450,550
s4-step7450-f19of20-d1of4,550,C1,C3,0.005739795918367263,Q4,0.002462296091104932,0.005012531328320802,0.0012531328320801727,0.005739795918367263,True,stage18-scaling-24a9adb84176,4,3,7450,550
s4-step7450-f19of20-d1of4,550,C1,C4,0.004924592182209864,Q1,0.004924592182209864,0.0012531328320801727,0.0015664160401002158,0.003826530612244916,True,stage18-scaling-24a9adb84176,4,3,7450,550
s4-step7450-f19of20-d1of4,550,C1,C5,0.009849184364419838,Q1,0.009849184364419838,0.005012531328320802,0.004072681704260561,0.0025510204081632404,True,stage18-scaling-24a9adb84176,4,3,7450,550
s4-step7450-f19of20-d1of4,550,C2,C3,0.010156971375807844,Q1,0.010156971375807844,0.005639097744360888,0.0015664160401002158,0.005102040816326481,True,stage18-scaling-24a9adb84176,4,3,7450,550
s4-step7450-f19of20-d1of4,550,C2,C4,0.004464285714285698,Q4,0.0027700831024930483,0.001879699248120259,0.001879699248120259,0.004464285714285698,True,stage18-scaling-24a9adb84176,4,3,7450,550
s4-step7450-f19of20-d1of4,550,C2,C5,0.005639097744360888,Q2,0.0021545090797169264,0.005639097744360888,0.004385964912280604,0.0031887755102040227,True,stage18-scaling-24a9adb84176,4,3,7450,550
s4-step7450-f19of20-d1of4,550,C3,C4,0.00956632653061218,Q4,0.007386888273314796,0.003759398496240629,0.00031328320802004317,0.00956632653061218,True,stage18-scaling-24a9adb84176,4,3,7450,550
s4-step7450-f19of20-d1of4,550,C3,C5,0.01231148045552477,Q1,0.01231148045552477,0.0,0.0028195488721803885,0.008290816326530503,True,stage18-scaling-24a9adb84176,4,3,7450,550
s4-step7450-f19of20-d1of4,550,C4,C5,0.004924592182209975,Q1,0.004924592182209975,0.003759398496240629,0.0025062656641603454,0.0012755102040816757,True,stage18-scaling-24a9adb84176,4,3,7450,550
s4-step7450-f19of20-d1of2,551,C1,C2,0.007694675284702912,Q1,0.007694675284702912,0.0006265664160400863,0.00031328320802004317,0.0006377551020407823,True,stage18-scaling-24a9adb84176,4,3,7450,551
s4-step7450-f19of20-d1of2,551,C1,C3,0.005739795918367263,Q4,0.002462296091104932,0.005012531328320802,0.0012531328320801727,0.005739795918367263,True,stage18-scaling-24a9adb84176,4,3,7450,551
s4-step7450-f19of20-d1of2,551,C1,C4,0.004924592182209864,Q1,0.004924592182209864,0.0012531328320801727,0.0015664160401002158,0.003826530612244916,True,stage18-scaling-24a9adb84176,4,3,7450,551
s4-step7450-f19of20-d1of2,551,C1,C5,0.009849184364419838,Q1,0.009849184364419838,0.005012531328320802,0.004072681704260561,0.0025510204081632404,True,stage18-scaling-24a9adb84176,4,3,7450,551
s4-step7450-f19of20-d1of2,551,C1,C6,0.004072681704260672,Q2,0.0,0.004072681704260672,0.0012531328320801727,0.0035076530612244694,True,stage18-scaling-24a9adb84176,4,3,7450,551
s4-step7450-f19of20-d1of2,551,C2,C3,0.010156971375807844,Q1,0.010156971375807844,0.005639097744360888,0.0015664160401002158,0.005102040816326481,True,stage18-scaling-24a9adb84176,4,3,7450,551
s4-step7450-f19of20-d1of2,551,C2,C4,0.004464285714285698,Q4,0.0027700831024930483,0.001879699248120259,0.001879699248120259,0.004464285714285698,True,stage18-scaling-24a9adb84176,4,3,7450,551
s4-step7450-f19of20-d1of2,551,C2,C5,0.005639097744360888,Q2,0.0021545090797169264,0.005639097744360888,0.004385964912280604,0.0031887755102040227,True,stage18-scaling-24a9adb84176,4,3,7450,551
s4-step7450-f19of20-d1of2,551,C2,C6,0.007694675284702912,Q1,0.007694675284702912,0.0046992481203007586,0.0015664160401002158,0.002869897959183687,True,stage18-scaling-24a9adb84176,4,3,7450,551
s4-step7450-f19of20-d1of2,551,C3,C4,0.00956632653061218,Q4,0.007386888273314796,0.003759398496240629,0.00031328320802004317,0.00956632653061218,True,stage18-scaling-24a9adb84176,4,3,7450,551
s4-step7450-f19of20-d1of2,551,C3,C5,0.01231148045552477,Q1,0.01231148045552477,0.0,0.0028195488721803885,0.008290816326530503,True,stage18-scaling-24a9adb84176,4,3,7450,551
s4-step7450-f19of20-d1of2,551,C3,C6,0.002462296091104932,Q1,0.002462296091104932,0.0009398496240601295,0.0,0.0022321428571427937,True,stage18-scaling-24a9adb84176,4,3,7450,551
s4-step7450-f19of20-d1of2,551,C4,C5,0.004924592182209975,Q1,0.004924592182209975,0.003759398496240629,0.0025062656641603454,0.0012755102040816757,True,stage18-scaling-24a9adb84176,4,3,7450,551
s4-step7450-f19of20-d1of2,551,C4,C6,0.0073341836734693855,Q4,0.004924592182209864,0.0028195488721804995,0.00031328320802004317,0.0073341836734693855,True,stage18-scaling-24a9adb84176,4,3,7450,551
s4-step7450-f19of20-d1of2,551,C5,C6,0.009849184364419838,Q1,0.009849184364419838,0.0009398496240601295,0.0028195488721803885,0.00605867346938771,True,stage18-scaling-24a9adb84176,4,3,7450,551
s4-step7450-f19of20-d3of4,552,C1,C2,0.007694675284702912,Q1,0.007694675284702912,0.0006265664160400863,0.00031328320802004317,0.0006377551020407823,True,stage18-scaling-24a9adb84176,4,3,7450,552
s4-step7450-f19of20-d3of4,552,C1,C3,0.005739795918367263,Q4,0.002462296091104932,0.005012531328320802,0.0012531328320801727,0.005739795918367263,True,stage18-scaling-24a9adb84176,4,3,7450,552
s4-step7450-f19of20-d3of4,552,C1,C4,0.004924592182209864,Q1,0.004924592182209864,0.0012531328320801727,0.0015664160401002158,0.003826530612244916,True,stage18-scaling-24a9adb84176,4,3,7450,552
s4-step7450-f19of20-d3of4,552,C1,C5,0.009849184364419838,Q1,0.009849184364419838,0.005012531328320802,0.004072681704260561,0.0025510204081632404,True,stage18-scaling-24a9adb84176,4,3,7450,552
s4-step7450-f19of20-d3of4,552,C1,C6,0.004072681704260672,Q2,0.0,0.004072681704260672,0.0012531328320801727,0.0035076530612244694,True,stage18-scaling-24a9adb84176,4,3,7450,552
s4-step7450-f19of20-d3of4,552,C2,C3,0.010156971375807844,Q1,0.010156971375807844,0.005639097744360888,0.0015664160401002158,0.005102040816326481,True,stage18-scaling-24a9adb84176,4,3,7450,552
s4-step7450-f19of20-d3of4,552,C2,C4,0.004464285714285698,Q4,0.0027700831024930483,0.001879699248120259,0.001879699248120259,0.004464285714285698,True,stage18-scaling-24a9adb84176,4,3,7450,552
s4-step7450-f19of20-d3of4,552,C2,C5,0.005639097744360888,Q2,0.0021545090797169264,0.005639097744360888,0.004385964912280604,0.0031887755102040227,True,stage18-scaling-24a9adb84176,4,3,7450,552
s4-step7450-f19of20-d3of4,552,C2,C6,0.007694675284702912,Q1,0.007694675284702912,0.0046992481203007586,0.0015664160401002158,0.002869897959183687,True,stage18-scaling-24a9adb84176,4,3,7450,552
s4-step7450-f19of20-d3of4,552,C3,C4,0.00956632653061218,Q4,0.007386888273314796,0.003759398496240629,0.00031328320802004317,0.00956632653061218,True,stage18-scaling-24a9adb84176,4,3,7450,552
s4-step7450-f19of20-d3of4,552,C3,C5,0.01231148045552477,Q1,0.01231148045552477,0.0,0.0028195488721803885,0.008290816326530503,True,stage18-scaling-24a9adb84176,4,3,7450,552
s4-step7450-f19of20-d3of4,552,C3,C6,0.002462296091104932,Q1,0.002462296091104932,0.0009398496240601295,0.0,0.0022321428571427937,True,stage18-scaling-24a9adb84176,4,3,7450,552
s4-step7450-f19of20-d3of4,552,C4,C5,0.004924592182209975,Q1,0.004924592182209975,0.003759398496240629,0.0025062656641603454,0.0012755102040816757,True,stage18-scaling-24a9adb84176,4,3,7450,552
s4-step7450-f19of20-d3of4,552,C4,C6,0.0073341836734693855,Q4,0.004924592182209864,0.0028195488721804995,0.00031328320802004317,0.0073341836734693855,True,stage18-scaling-24a9adb84176,4,3,7450,552
s4-step7450-f19of20-d3of4,552,C5,C6,0.009849184364419838,Q1,0.009849184364419838,0.0009398496240601295,0.0028195488721803885,0.00605867346938771,True,stage18-scaling-24a9adb84176,4,3,7450,552
s4-step7450-f39of40-d1of4,553,C1,C2,0.011479591836734637,Q4,0.000615574022776233,0.0006265664160400863,0.001879699248120259,0.011479591836734637,True,stage18-scaling-24a9adb84176,4,3,7450,553
s4-step7450-f39of40-d1of4,553,C1,C3,0.005847953216374213,Q1,0.005847953216374213,0.0025062656641603454,0.003446115288220586,0.004464285714285698,True,stage18-scaling-24a9adb84176,4,3,7450,553
s4-step7450-f39of40-d1of4,553,C1,C4,0.006696428571428492,Q4,0.003693444136657398,0.0006265664160400863,0.0006265664160400863,0.006696428571428492,True,stage18-scaling-24a9adb84176,4,3,7450,553
s4-step7450-f39of40-d1of4,553,C1,C5,0.009541397353031611,Q1,0.009541397353031611,0.0009398496240601295,0.00031328320802004317,0.0015943877551021224,True,stage18-scaling-24a9adb84176,4,3,7450,553
s4-step7450-f39of40-d1of4,553,C2,C3,0.015943877551020336,Q4,0.006463527239150446,0.0031328320802004317,0.005325814536340845,0.015943877551020336,True,stage18-scaling-24a9adb84176,4,3,7450,553
s4-step7450-f39of40-d1of4,553,C2,C4,0.004783163265306145,Q4,0.004309018159433631,0.0,0.0012531328320801727,0.004783163265306145,True,stage18-scaling-24a9adb84176,4,3,7450,553
s4-step7450-f39of40-d1of4,553,C2,C5,0.01307397959183676,Q4,0.010156971375807844,0.00031328320802004317,0.002192982456140302,0.01307397959183676,True,stage18-scaling-24a9adb84176,4,3,7450,553
s4-step7450-f39of40-d1of4,553,C3,C4,0.01116071428571419,Q4,0.0021545090797168154,0.0031328320802004317,0.004072681704260672,0.01116071428571419,True,stage18-scaling-24a9adb84176,4,3,7450,553
s4-step7450-f39of40-d1of4,553,C3,C5,0.003693444136657398,Q1,0.003693444136657398,0.003446115288220475,0.0031328320802005427,0.002869897959183576,True,stage18-scaling-24a9adb84176,4,3,7450,553
s4-step7450-f39of40-d1of4,553,C4,C5,0.008290816326530615,Q4,0.005847953216374213,0.00031328320802004317,0.0009398496240601295,0.008290816326530615,True,stage18-scaling-24a9adb84176,4,3,7450,553
s4-step7450-f39of40-d1of2,554,C1,C2,0.011479591836734637,Q4,0.000615574022776233,0.0006265664160400863,0.001879699248120259,0.011479591836734637,True,stage18-scaling-24a9adb84176,4,3,7450,554
s4-step7450-f39of40-d1of2,554,C1,C3,0.005847953216374213,Q1,0.005847953216374213,0.0025062656641603454,0.003446115288220586,0.004464285714285698,True,stage18-scaling-24a9adb84176,4,3,7450,554
s4-step7450-f39of40-d1of2,554,C1,C4,0.006696428571428492,Q4,0.003693444136657398,0.0006265664160400863,0.0006265664160400863,0.006696428571428492,True,stage18-scaling-24a9adb84176,4,3,7450,554
s4-step7450-f39of40-d1of2,554,C1,C5,0.009541397353031611,Q1,0.009541397353031611,0.0009398496240601295,0.00031328320802004317,0.0015943877551021224,True,stage18-scaling-24a9adb84176,4,3,7450,554
s4-step7450-f39of40-d1of2,554,C1,C6,0.00523237919359798,Q1,0.00523237919359798,0.002192982456140413,0.0009398496240601295,0.004783163265306034,True,stage18-scaling-24a9adb84176,4,3,7450,554
s4-step7450-f39of40-d1of2,554,C1,C7,0.0022321428571427937,Q4,0.0015389350569405824,0.001879699248120259,0.0015664160401002158,0.0022321428571427937,True,stage18-scaling-24a9adb84176,4,3,7450,554
s4-step7450-f39of40-d1of2,554,C2,C3,0.015943877551020336,Q4,0.006463527239150446,0.0031328320802004317,0.005325814536340845,0.015943877551020336,True,stage18-scaling-24a9adb84176,4,3,7450,554
s4-step7450-f39of40-d1of2,554,C2,C4,0.004783163265306145,Q4,0.004309018159433631,0.0,0.0012531328320801727,0.004783163265306145,True,stage18-scaling-24a9adb84176,4,3,7450,554
s4-step7450-f39of40-d1of2,554,C2,C5,0.01307397959183676,Q4,0.010156971375807844,0.00031328320802004317,0.002192982456140302,0.01307397959183676,True,stage18-scaling-24a9adb84176,4,3,7450,554
s4-step7450-f39of40-d1of2,554,C2,C6,0.006696428571428603,Q4,0.005847953216374213,0.0015664160401003269,0.0009398496240601295,0.006696428571428603,True,stage18-scaling-24a9adb84176,4,3,7450,554
s4-step7450-f39of40-d1of2,554,C2,C7,0.009247448979591844,Q4,0.0021545090797168154,0.0025062656641603454,0.003446115288220475,0.009247448979591844,True,stage18-scaling-24a9adb84176,4,3,7450,554
s4-step7450-f39of40-d1of2,554,C3,C4,0.01116071428571419,Q4,0.0021545090797168154,0.0031328320802004317,0.004072681704260672,0.01116071428571419,True,stage18-scaling-24a9adb84176,4,3,7450,554
s4-step7450-f39of40-d1of2,554,C3,C5,0.003693444136657398,Q1,0.003693444136657398,0.003446115288220475,0.0031328320802005427,0.002869897959183576,True,stage18-scaling-24a9adb84176,4,3,7450,554
s4-step7450-f39of40-d1of2,554,C3,C6,0.009247448979591733,Q4,0.000615574022776233,0.0046992481203007586,0.004385964912280715,0.009247448979591733,True,stage18-scaling-24a9adb84176,4,3,7450,554
s4-step7450-f39of40-d1of2,554,C3,C7,0.006696428571428492,Q4,0.004309018159433631,0.0006265664160400863,0.00187969924812037,0.006696428571428492,True,stage18-scaling-24a9adb84176,4,3,7450,554
s4-step7450-f39of40-d1of2,554,C4,C5,0.008290816326530615,Q4,0.005847953216374213,0.00031328320802004317,0.0009398496240601295,0.008290816326530615,True,stage18-scaling-24a9adb84176,4,3,7450,554
s4-step7450-f39of40-d1of2,554,C4,C6,0.001913265306122458,Q4,0.0015389350569405824,0.0015664160401003269,0.00031328320802004317,0.001913265306122458,True,stage18-scaling-24a9adb84176,4,3,7450,554
s4-step7450-f39of40-d1of2,554,C4,C7,0.004464285714285698,Q4,0.0021545090797168154,0.0025062656641603454,0.002192982456140302,0.004464285714285698,True,stage18-scaling-24a9adb84176,4,3,7450,554
s4-step7450-f39of40-d1of2,554,C5,C6,0.0063775510204081565,Q4,0.004309018159433631,0.0012531328320802837,0.0012531328320801727,0.0063775510204081565,True,stage18-scaling-24a9adb84176,4,3,7450,554
s4-step7450-f39of40-d1of2,554,C5,C7,0.008002462296091029,Q1,0.008002462296091029,0.0028195488721803885,0.0012531328320801727,0.003826530612244916,True,stage18-scaling-24a9adb84176,4,3,7450,554
s4-step7450-f39of40-d1of2,554,C6,C7,0.004072681704260672,Q2,0.003693444136657398,0.004072681704260672,0.0025062656641603454,0.0025510204081632404,True,stage18-scaling-24a9adb84176,4,3,7450,554
s4-step7450-f39of40-d3of4,555,C1,C2,0.011479591836734637,Q4,0.000615574022776233,0.0006265664160400863,0.001879699248120259,0.011479591836734637,True,stage18-scaling-24a9adb84176,4,3,7450,555
s4-step7450-f39of40-d3of4,555,C1,C3,0.005847953216374213,Q1,0.005847953216374213,0.0025062656641603454,0.003446115288220586,0.004464285714285698,True,stage18-scaling-24a9adb84176,4,3,7450,555
s4-step7450-f39of40-d3of4,555,C1,C4,0.006696428571428492,Q4,0.003693444136657398,0.0006265664160400863,0.0006265664160400863,0.006696428571428492,True,stage18-scaling-24a9adb84176,4,3,7450,555
s4-step7450-f39of40-d3of4,555,C1,C5,0.009541397353031611,Q1,0.009541397353031611,0.0009398496240601295,0.00031328320802004317,0.0015943877551021224,True,stage18-scaling-24a9adb84176,4,3,7450,555
s4-step7450-f39of40-d3of4,555,C1,C6,0.00523237919359798,Q1,0.00523237919359798,0.002192982456140413,0.0009398496240601295,0.004783163265306034,True,stage18-scaling-24a9adb84176,4,3,7450,555
s4-step7450-f39of40-d3of4,555,C1,C7,0.0022321428571427937,Q4,0.0015389350569405824,0.001879699248120259,0.0015664160401002158,0.0022321428571427937,True,stage18-scaling-24a9adb84176,4,3,7450,555
s4-step7450-f39of40-d3of4,555,C2,C3,0.015943877551020336,Q4,0.006463527239150446,0.0031328320802004317,0.005325814536340845,0.015943877551020336,True,stage18-scaling-24a9adb84176,4,3,7450,555
s4-step7450-f39of40-d3of4,555,C2,C4,0.004783163265306145,Q4,0.004309018159433631,0.0,0.0012531328320801727,0.004783163265306145,True,stage18-scaling-24a9adb84176,4,3,7450,555
s4-step7450-f39of40-d3of4,555,C2,C5,0.01307397959183676,Q4,0.010156971375807844,0.00031328320802004317,0.002192982456140302,0.01307397959183676,True,stage18-scaling-24a9adb84176,4,3,7450,555
s4-step7450-f39of40-d3of4,555,C2,C6,0.006696428571428603,Q4,0.005847953216374213,0.0015664160401003269,0.0009398496240601295,0.006696428571428603,True,stage18-scaling-24a9adb84176,4,3,7450,555
s4-step7450-f39of40-d3of4,555,C2,C7,0.009247448979591844,Q4,0.0021545090797168154,0.0025062656641603454,0.003446115288220475,0.009247448979591844,True,stage18-scaling-24a9adb84176,4,3,7450,555
s4-step7450-f39of40-d3of4,555,C3,C4,0.01116071428571419,Q4,0.0021545090797168154,0.0031328320802004317,0.004072681704260672,0.01116071428571419,True,stage18-scaling-24a9adb84176,4,3,7450,555
s4-step7450-f39of40-d3of4,555,C3,C5,0.003693444136657398,Q1,0.003693444136657398,0.003446115288220475,0.0031328320802005427,0.002869897959183576,True,stage18-scaling-24a9adb84176,4,3,7450,555
s4-step7450-f39of40-d3of4,555,C3,C6,0.009247448979591733,Q4,0.000615574022776233,0.0046992481203007586,0.004385964912280715,0.009247448979591733,True,stage18-scaling-24a9adb84176,4,3,7450,555
s4-step7450-f39of40-d3of4,555,C3,C7,0.006696428571428492,Q4,0.004309018159433631,0.0006265664160400863,0.00187969924812037,0.006696428571428492,True,stage18-scaling-24a9adb84176,4,3,7450,555
s4-step7450-f39of40-d3of4,555,C4,C5,0.008290816326530615,Q4,0.005847953216374213,0.00031328320802004317,0.0009398496240601295,0.008290816326530615,True,stage18-scaling-24a9adb84176,4,3,7450,555
s4-step7450-f39of40-d3of4,555,C4,C6,0.001913265306122458,Q4,0.0015389350569405824,0.0015664160401003269,0.00031328320802004317,0.001913265306122458,True,stage18-scaling-24a9adb84176,4,3,7450,555
s4-step7450-f39of40-d3of4,555,C4,C7,0.004464285714285698,Q4,0.0021545090797168154,0.0025062656641603454,0.002192982456140302,0.004464285714285698,True,stage18-scaling-24a9adb84176,4,3,7450,555
s4-step7450-f39of40-d3of4,555,C5,C6,0.0063775510204081565,Q4,0.004309018159433631,0.0012531328320802837,0.0012531328320801727,0.0063775510204081565,True,stage18-scaling-24a9adb84176,4,3,7450,555
s4-step7450-f39of40-d3of4,555,C5,C7,0.008002462296091029,Q1,0.008002462296091029,0.0028195488721803885,0.0012531328320801727,0.003826530612244916,True,stage18-scaling-24a9adb84176,4,3,7450,555
s4-step7450-f39of40-d3of4,555,C6,C7,0.004072681704260672,Q2,0.003693444136657398,0.004072681704260672,0.0025062656641603454,0.0025510204081632404,True,stage18-scaling-24a9adb84176,4,3,7450,555
s4-step7450-f99of100-d1of4,556,C1,C2,0.002462296091104932,Q1,0.002462296091104932,0.0006265664160400863,0.0012531328320801727,0.0015943877551020114,True,stage18-scaling-24a9adb84176,4,3,7450,556
s4-step7450-f99of100-d1of4,556,C1,C3,0.003693444136657398,Q1,0.003693444136657398,0.0,0.0006265664160400863,0.0022321428571429047,True,stage18-scaling-24a9adb84176,4,3,7450,556
s4-step7450-f99of100-d1of4,556,C1,C4,0.002869897959183687,Q4,0.0009233610341644605,0.0006265664160400863,0.002192982456140302,0.002869897959183687,True,stage18-scaling-24a9adb84176,4,3,7450,556
s4-step7450-f99of100-d1of4,556,C2,C3,0.001231148045552466,Q1,0.001231148045552466,0.0006265664160400863,0.0006265664160400863,0.0006377551020408934,True,stage18-scaling-24a9adb84176,4,3,7450,556
s4-step7450-f99of100-d1of4,556,C2,C4,0.003446115288220475,Q3,0.0033856571252693923,0.0012531328320801727,0.003446115288220475,0.0012755102040816757,True,stage18-scaling-24a9adb84176,4,3,7450,556
s4-step7450-f99of100-d1of4,556,C3,C4,0.004616805170821858,Q1,0.004616805170821858,0.0006265664160400863,0.0028195488721803885,0.0006377551020407823,True,stage18-scaling-24a9adb84176,4,3,7450,556
s4-step7450-f99of100-d1of2,557,C1,C2,0.002462296091104932,Q1,0.002462296091104932,0.0006265664160400863,0.0012531328320801727,0.0015943877551020114,True,stage18-scaling-24a9adb84176,4,3,7450,557
s4-step7450-f99of100-d1of2,557,C1,C3,0.003693444136657398,Q1,0.003693444136657398,0.0,0.0006265664160400863,0.0022321428571429047,True,stage18-scaling-24a9adb84176,4,3,7450,557
s4-step7450-f99of100-d1of2,557,C1,C4,0.002869897959183687,Q4,0.0009233610341644605,0.0006265664160400863,0.002192982456140302,0.002869897959183687,True,stage18-scaling-24a9adb84176,4,3,7450,557
s4-step7450-f99of100-d1of2,557,C1,C5,0.0027700831024930483,Q1,0.0027700831024930483,0.002192982456140302,0.0012531328320801727,0.000956632653061229,True,stage18-scaling-24a9adb84176,4,3,7450,557
s4-step7450-f99of100-d1of2,557,C1,C6,0.0009398496240601295,Q3,0.0003077870113882275,0.00031328320802004317,0.0009398496240601295,0.0,True,stage18-scaling-24a9adb84176,4,3,7450,557
s4-step7450-f99of100-d1of2,557,C1,C7,0.0028195488721803885,Q2,0.0021545090797168154,0.0028195488721803885,0.001879699248120259,0.0022321428571427937,True,stage18-scaling-24a9adb84176,4,3,7450,557
s4-step7450-f99of100-d1of2,557,C2,C3,0.001231148045552466,Q1,0.001231148045552466,0.0006265664160400863,0.0006265664160400863,0.0006377551020408934,True,stage18-scaling-24a9adb84176,4,3,7450,557
s4-step7450-f99of100-d1of2,557,C2,C4,0.003446115288220475,Q3,0.0033856571252693923,0.0012531328320801727,0.003446115288220475,0.0012755102040816757,True,stage18-scaling-24a9adb84176,4,3,7450,557
s4-step7450-f99of100-d1of2,557,C2,C5,0.0025510204081632404,Q4,0.0003077870113881165,0.0015664160401002158,0.0,0.0025510204081632404,True,stage18-scaling-24a9adb84176,4,3,7450,557
s4-step7450-f99of100-d1of2,557,C2,C6,0.0027700831024931594,Q1,0.0027700831024931594,0.00031328320802004317,0.002192982456140302,0.0015943877551020114,True,stage18-scaling-24a9adb84176,4,3,7450,557
s4-step7450-f99of100-d1of2,557,C2,C7,0.003826530612244805,Q4,0.0003077870113881165,0.002192982456140302,0.0006265664160400863,0.003826530612244805,True,stage18-scaling-24a9adb84176,4,3,7450,557
s4-step7450-f99of100-d1of2,557,C3,C4,0.004616805170821858,Q1,0.004616805170821858,0.0006265664160400863,0.0028195488721803885,0.0006377551020407823,True,stage18-scaling-24a9adb84176,4,3,7450,557
s4-step7450-f99of100-d1of2,557,C3,C5,0.0031887755102041337,Q4,0.0009233610341643494,0.002192982456140302,0.0006265664160400863,0.0031887755102041337,True,stage18-scaling-24a9adb84176,4,3,7450,557
s4-step7450-f99of100-d1of2,557,C3,C6,0.004001231148045625,Q1,0.004001231148045625,0.00031328320802004317,0.0015664160401002158,0.0022321428571429047,True,stage18-scaling-24a9adb84176,4,3,7450,557
s4-step7450-f99of100-d1of2,557,C3,C7,0.004464285714285698,Q4,0.0015389350569405824,0.0028195488721803885,0.0012531328320801727,0.004464285714285698,True,stage18-scaling-24a9adb84176,4,3,7450,557
s4-step7450-f99of100-d1of2,557,C4,C5,0.003826530612244916,Q4,0.003693444136657509,0.0028195488721803885,0.003446115288220475,0.003826530612244916,True,stage18-scaling-24a9adb84176,4,3,7450,557
s4-step7450-f99of100-d1of2,557,C4,C6,0.002869897959183687,Q4,0.000615574022776233,0.0009398496240601295,0.0012531328320801727,0.002869897959183687,True,stage18-scaling-24a9adb84176,4,3,7450,557
s4-step7450-f99of100-d1of2,557,C4,C7,0.005102040816326481,Q4,0.003077870113881276,0.003446115288220475,0.004072681704260561,0.005102040816326481,True,stage18-scaling-24a9adb84176,4,3,7450,557
s4-step7450-f99of100-d1of2,557,C5,C6,0.003077870113881276,Q1,0.003077870113881276,0.001879699248120259,0.002192982456140302,0.000956632653061229,True,stage18-scaling-24a9adb84176,4,3,7450,557
s4-step7450-f99of100-d1of2,557,C5,C7,0.0012755102040815647,Q4,0.000615574022776233,0.0006265664160400863,0.0006265664160400863,0.0012755102040815647,True,stage18-scaling-24a9adb84176,4,3,7450,557
s4-step7450-f99of100-d1of2,557,C6,C7,0.0028195488721803885,Q3,0.002462296091105043,0.0025062656641603454,0.0028195488721803885,0.0022321428571427937,True,stage18-scaling-24a9adb84176,4,3,7450,557
s4-step7450-f99of100-d3of4,558,C1,C2,0.002462296091104932,Q1,0.002462296091104932,0.0006265664160400863,0.0012531328320801727,0.0015943877551020114,True,stage18-scaling-24a9adb84176,4,3,7450,558
s4-step7450-f99of100-d3of4,558,C1,C3,0.003693444136657398,Q1,0.003693444136657398,0.0,0.0006265664160400863,0.0022321428571429047,True,stage18-scaling-24a9adb84176,4,3,7450,558
s4-step7450-f99of100-d3of4,558,C1,C4,0.002869897959183687,Q4,0.0009233610341644605,0.0006265664160400863,0.002192982456140302,0.002869897959183687,True,stage18-scaling-24a9adb84176,4,3,7450,558
s4-step7450-f99of100-d3of4,558,C1,C5,0.0027700831024930483,Q1,0.0027700831024930483,0.002192982456140302,0.0012531328320801727,0.000956632653061229,True,stage18-scaling-24a9adb84176,4,3,7450,558
s4-step7450-f99of100-d3of4,558,C1,C6,0.0009398496240601295,Q3,0.0003077870113882275,0.00031328320802004317,0.0009398496240601295,0.0,True,stage18-scaling-24a9adb84176,4,3,7450,558
s4-step7450-f99of100-d3of4,558,C1,C7,0.0028195488721803885,Q2,0.0021545090797168154,0.0028195488721803885,0.001879699248120259,0.0022321428571427937,True,stage18-scaling-24a9adb84176,4,3,7450,558
s4-step7450-f99of100-d3of4,558,C2,C3,0.001231148045552466,Q1,0.001231148045552466,0.0006265664160400863,0.0006265664160400863,0.0006377551020408934,True,stage18-scaling-24a9adb84176,4,3,7450,558
s4-step7450-f99of100-d3of4,558,C2,C4,0.003446115288220475,Q3,0.0033856571252693923,0.0012531328320801727,0.003446115288220475,0.0012755102040816757,True,stage18-scaling-24a9adb84176,4,3,7450,558
s4-step7450-f99of100-d3of4,558,C2,C5,0.0025510204081632404,Q4,0.0003077870113881165,0.0015664160401002158,0.0,0.0025510204081632404,True,stage18-scaling-24a9adb84176,4,3,7450,558
s4-step7450-f99of100-d3of4,558,C2,C6,0.0027700831024931594,Q1,0.0027700831024931594,0.00031328320802004317,0.002192982456140302,0.0015943877551020114,True,stage18-scaling-24a9adb84176,4,3,7450,558
s4-step7450-f99of100-d3of4,558,C2,C7,0.003826530612244805,Q4,0.0003077870113881165,0.002192982456140302,0.0006265664160400863,0.003826530612244805,True,stage18-scaling-24a9adb84176,4,3,7450,558
s4-step7450-f99of100-d3of4,558,C3,C4,0.004616805170821858,Q1,0.004616805170821858,0.0006265664160400863,0.0028195488721803885,0.0006377551020407823,True,stage18-scaling-24a9adb84176,4,3,7450,558
s4-step7450-f99of100-d3of4,558,C3,C5,0.0031887755102041337,Q4,0.0009233610341643494,0.002192982456140302,0.0006265664160400863,0.0031887755102041337,True,stage18-scaling-24a9adb84176,4,3,7450,558
s4-step7450-f99of100-d3of4,558,C3,C6,0.004001231148045625,Q1,0.004001231148045625,0.00031328320802004317,0.0015664160401002158,0.0022321428571429047,True,stage18-scaling-24a9adb84176,4,3,7450,558
s4-step7450-f99of100-d3of4,558,C3,C7,0.004464285714285698,Q4,0.0015389350569405824,0.0028195488721803885,0.0012531328320801727,0.004464285714285698,True,stage18-scaling-24a9adb84176,4,3,7450,558
s4-step7450-f99of100-d3of4,558,C4,C5,0.003826530612244916,Q4,0.003693444136657509,0.0028195488721803885,0.003446115288220475,0.003826530612244916,True,stage18-scaling-24a9adb84176,4,3,7450,558
s4-step7450-f99of100-d3of4,558,C4,C6,0.002869897959183687,Q4,0.000615574022776233,0.0009398496240601295,0.0012531328320801727,0.002869897959183687,True,stage18-scaling-24a9adb84176,4,3,7450,558
s4-step7450-f99of100-d3of4,558,C4,C7,0.005102040816326481,Q4,0.003077870113881276,0.003446115288220475,0.004072681704260561,0.005102040816326481,True,stage18-scaling-24a9adb84176,4,3,7450,558
s4-step7450-f99of100-d3of4,558,C5,C6,0.003077870113881276,Q1,0.003077870113881276,0.001879699248120259,0.002192982456140302,0.000956632653061229,True,stage18-scaling-24a9adb84176,4,3,7450,558
s4-step7450-f99of100-d3of4,558,C5,C7,0.0012755102040815647,Q4,0.000615574022776233,0.0006265664160400863,0.0006265664160400863,0.0012755102040815647,True,stage18-scaling-24a9adb84176,4,3,7450,558
s4-step7450-f99of100-d3of4,558,C6,C7,0.0028195488721803885,Q3,0.002462296091105043,0.0025062656641603454,0.0028195488721803885,0.0022321428571427937,True,stage18-scaling-24a9adb84176,4,3,7450,558
s4-step8150-f4of5-d1of4,559,C1,C2,0.03602756892230574,Q2,0.0009233610341643494,0.03602756892230574,0.035401002506265655,0.00031887755102033566,True,stage18-scaling-24a9adb84176,4,4,8150,559
s4-step8150-f4of5-d1of4,559,C1,C3,0.033521303258145396,Q2,0.012619267466912887,0.033521303258145396,0.032268170426065224,0.00956632653061229,True,stage18-scaling-24a9adb84176,4,4,8150,559
s4-step8150-f4of5-d1of4,559,C1,C4,0.02893197907048317,Q1,0.02893197907048317,0.017857142857142794,0.016290726817042578,0.02264030612244905,True,stage18-scaling-24a9adb84176,4,4,8150,559
s4-step8150-f4of5-d1of4,559,C2,C3,0.011695906432748537,Q1,0.011695906432748537,0.0025062656641603454,0.0031328320802004317,0.009885204081632626,True,stage18-scaling-24a9adb84176,4,4,8150,559
s4-step8150-f4of5-d1of4,559,C2,C4,0.028008618036318822,Q1,0.028008618036318822,0.018170426065162948,0.019110275689223077,0.022959183673469385,True,stage18-scaling-24a9adb84176,4,4,8150,559
s4-step8150-f4of5-d1of4,559,C3,C4,0.016312711603570285,Q1,0.016312711603570285,0.015664160401002603,0.015977443609022646,0.01307397959183676,True,stage18-scaling-24a9adb84176,4,4,8150,559
s4-step8150-f4of5-d1of2,560,C1,C2,0.03602756892230574,Q2,0.0009233610341643494,0.03602756892230574,0.035401002506265655,0.00031887755102033566,False,stage18-scaling-24a9adb84176,4,4,8150,560
s4-step8150-f4of5-d1of2,560,C1,C3,0.033521303258145396,Q2,0.012619267466912887,0.033521303258145396,0.032268170426065224,0.00956632653061229,False,stage18-scaling-24a9adb84176,4,4,8150,560
s4-step8150-f4of5-d1of2,560,C1,C4,0.02893197907048317,Q1,0.02893197907048317,0.017857142857142794,0.016290726817042578,0.02264030612244905,False,stage18-scaling-24a9adb84176,4,4,8150,560
s4-step8150-f4of5-d1of2,560,C1,C5,0.026002506265664138,Q2,0.025854108956602007,0.026002506265664138,0.02318295739348375,0.00956632653061218,True,stage18-scaling-24a9adb84176,4,4,8150,560
s4-step8150-f4of5-d1of2,560,C1,C6,0.03443877551020402,Q4,0.01415820252385347,0.01159147869674182,0.012218045112782017,0.03443877551020402,True,stage18-scaling-24a9adb84176,4,4,8150,560
s4-step8150-f4of5-d1of2,560,C2,C3,0.011695906432748537,Q1,0.011695906432748537,0.0025062656641603454,0.0031328320802004317,0.009885204081632626,True,stage18-scaling-24a9adb84176,4,4,8150,560
s4-step8150-f4of5-d1of2,560,C2,C4,0.028008618036318822,Q1,0.028008618036318822,0.018170426065162948,0.019110275689223077,0.022959183673469385,True,stage18-scaling-24a9adb84176,4,4,8150,560
s4-step8150-f4of5-d1of2,560,C2,C5,0.024930747922437657,Q1,0.024930747922437657,0.010025062656641603,0.012218045112781906,0.009247448979591844,False,stage18-scaling-24a9adb84176,4,4,8150,560
s4-step8150-f4of5-d1of2,560,C2,C6,0.03411989795918369,Q4,0.01323484148968912,0.024436090225563922,0.02318295739348364,0.03411989795918369,False,stage18-scaling-24a9adb84176,4,4,8150,560
s4-step8150-f4of5-d1of2,560,C3,C4,0.016312711603570285,Q1,0.016312711603570285,0.015664160401002603,0.015977443609022646,0.01307397959183676,True,stage18-scaling-24a9adb84176,4,4,8150,560
s4-step8150-f4of5-d1of2,560,C3,C5,0.01913265306122447,Q4,0.01323484148968912,0.007518796992481258,0.009085213032581474,0.01913265306122447,False,stage18-scaling-24a9adb84176,4,4,8150,560
s4-step8150-f4of5-d1of2,560,C3,C6,0.04400510204081631,Q4,0.0015389350569405824,0.021929824561403577,0.020050125313283207,0.04400510204081631,False,stage18-scaling-24a9adb84176,4,4,8150,560
s4-step8150-f4of5-d1of2,560,C4,C5,0.03220663265306123,Q4,0.003077870113881165,0.008145363408521344,0.006892230576441172,0.03220663265306123,False,stage18-scaling-24a9adb84176,4,4,8150,560
s4-step8150-f4of5-d1of2,560,C4,C6,0.05707908163265307,Q4,0.014773776546629702,0.006265664160400974,0.004072681704260561,0.05707908163265307,False,stage18-scaling-24a9adb84176,4,4,8150,560
s4-step8150-f4of5-d1of2,560,C5,C6,0.024872448979591844,Q4,0.011695906432748537,0.014411027568922319,0.010964912280701733,0.024872448979591844,True,stage18-scaling-24a9adb84176,4,4,8150,560
s4-step8150-f4of5-d3of4,561,C1,C2,0.03602756892230574,Q2,0.0009233610341643494,0.03602756892230574,0.035401002506265655,0.00031887755102033566,False,stage18-scaling-24a9adb84176,4,4,8150,561
s4-step8150-f4of5-d3of4,561,C1,C3,0.033521303258145396,Q2,0.012619267466912887,0.033521303258145396,0.032268170426065224,0.00956632653061229,False,stage18-scaling-24a9adb84176,4,4,8150,561
s4-step8150-f4of5-d3of4,561,C1,C4,0.02893197907048317,Q1,0.02893197907048317,0.017857142857142794,0.016290726817042578,0.02264030612244905,False,stage18-scaling-24a9adb84176,4,4,8150,561
s4-step8150-f4of5-d3of4,561,C1,C5,0.026002506265664138,Q2,0.025854108956602007,0.026002506265664138,0.02318295739348375,0.00956632653061218,True,stage18-scaling-24a9adb84176,4,4,8150,561
s4-step8150-f4of5-d3of4,561,C1,C6,0.03443877551020402,Q4,0.01415820252385347,0.01159147869674182,0.012218045112782017,0.03443877551020402,True,stage18-scaling-24a9adb84176,4,4,8150,561
s4-step8150-f4of5-d3of4,561,C2,C3,0.011695906432748537,Q1,0.011695906432748537,0.0025062656641603454,0.0031328320802004317,0.009885204081632626,True,stage18-scaling-24a9adb84176,4,4,8150,561
s4-step8150-f4of5-d3of4,561,C2,C4,0.028008618036318822,Q1,0.028008618036318822,0.018170426065162948,0.019110275689223077,0.022959183673469385,True,stage18-scaling-24a9adb84176,4,4,8150,561
s4-step8150-f4of5-d3of4,561,C2,C5,0.024930747922437657,Q1,0.024930747922437657,0.010025062656641603,0.012218045112781906,0.009247448979591844,False,stage18-scaling-24a9adb84176,4,4,8150,561
s4-step8150-f4of5-d3of4,561,C2,C6,0.03411989795918369,Q4,0.01323484148968912,0.024436090225563922,0.02318295739348364,0.03411989795918369,False,stage18-scaling-24a9adb84176,4,4,8150,561
s4-step8150-f4of5-d3of4,561,C3,C4,0.016312711603570285,Q1,0.016312711603570285,0.015664160401002603,0.015977443609022646,0.01307397959183676,True,stage18-scaling-24a9adb84176,4,4,8150,561
s4-step8150-f4of5-d3of4,561,C3,C5,0.01913265306122447,Q4,0.01323484148968912,0.007518796992481258,0.009085213032581474,0.01913265306122447,False,stage18-scaling-24a9adb84176,4,4,8150,561
s4-step8150-f4of5-d3of4,561,C3,C6,0.04400510204081631,Q4,0.0015389350569405824,0.021929824561403577,0.020050125313283207,0.04400510204081631,False,stage18-scaling-24a9adb84176,4,4,8150,561
s4-step8150-f4of5-d3of4,561,C4,C5,0.03220663265306123,Q4,0.003077870113881165,0.008145363408521344,0.006892230576441172,0.03220663265306123,False,stage18-scaling-24a9adb84176,4,4,8150,561
s4-step8150-f4of5-d3of4,561,C4,C6,0.05707908163265307,Q4,0.014773776546629702,0.006265664160400974,0.004072681704260561,0.05707908163265307,False,stage18-scaling-24a9adb84176,4,4,8150,561
s4-step8150-f4of5-d3of4,561,C5,C6,0.024872448979591844,Q4,0.011695906432748537,0.014411027568922319,0.010964912280701733,0.024872448979591844,True,stage18-scaling-24a9adb84176,4,4,8150,561
s4-step8150-f17of20-d1of4,562,C1,C2,0.020408163265306145,Q4,0.0021545090797168154,0.006265664160400974,0.005639097744360888,0.020408163265306145,True,stage18-scaling-24a9adb84176,4,4,8150,562
s4-step8150-f17of20-d1of4,562,C1,C3,0.005847953216374324,Q1,0.005847953216374324,0.003759398496240518,0.0028195488721803885,0.0,True,stage18-scaling-24a9adb84176,4,4,8150,562
s4-step8150-f17of20-d1of4,562,C2,C3,0.020408163265306145,Q4,0.00800246229609114,0.0025062656641604564,0.0028195488721804995,0.020408163265306145,True,stage18-scaling-24a9adb84176,4,4,8150,562
s4-step8150-f17of20-d1of2,563,C1,C2,0.020408163265306145,Q4,0.0021545090797168154,0.006265664160400974,0.005639097744360888,0.020408163265306145,True,stage18-scaling-24a9adb84176,4,4,8150,563
s4-step8150-f17of20-d1of2,563,C1,C3,0.005847953216374324,Q1,0.005847953216374324,0.003759398496240518,0.0028195488721803885,0.0,True,stage18-scaling-24a9adb84176,4,4,8150,563
s4-step8150-f17of20-d1of2,563,C1,C4,0.010025062656641603,Q2,0.001846722068328699,0.010025062656641603,0.00877192982456132,0.007653061224489832,True,stage18-scaling-24a9adb84176,4,4,8150,563
s4-step8150-f17of20-d1of2,563,C1,C5,0.012844611528821992,Q3,0.003693444136657509,0.012531328320801949,0.012844611528821992,0.004464285714285698,True,stage18-scaling-24a9adb84176,4,4,8150,563
s4-step8150-f17of20-d1of2,563,C1,C6,0.010964912280701733,Q2,0.008002462296091029,0.010964912280701733,0.010338345864661647,0.003826530612244916,True,stage18-scaling-24a9adb84176,4,4,8150,563
s4-step8150-f17of20-d1of2,563,C2,C3,0.020408163265306145,Q4,0.00800246229609114,0.0025062656641604564,0.0028195488721804995,0.020408163265306145,True,stage18-scaling-24a9adb84176,4,4,8150,563
s4-step8150-f17of20-d1of2,563,C2,C4,0.012755102040816313,Q4,0.0003077870113881165,0.003759398496240629,0.0031328320802004317,0.012755102040816313,True,stage18-scaling-24a9adb84176,4,4,8150,563
s4-step8150-f17of20-d1of2,563,C2,C5,0.015943877551020447,Q4,0.005847953216374324,0.006265664160400974,0.007205513784461104,0.015943877551020447,True,stage18-scaling-24a9adb84176,4,4,8150,563
s4-step8150-f17of20-d1of2,563,C2,C6,0.01658163265306123,Q4,0.005847953216374213,0.0046992481203007586,0.0046992481203007586,0.01658163265306123,True,stage18-scaling-24a9adb84176,4,4,8150,563
s4-step8150-f17of20-d1of2,563,C3,C4,0.007694675284703023,Q1,0.007694675284703023,0.006265664160401085,0.005952380952380931,0.007653061224489832,True,stage18-scaling-24a9adb84176,4,4,8150,563
s4-step8150-f17of20-d1of2,563,C3,C5,0.010025062656641603,Q3,0.0021545090797168154,0.00877192982456143,0.010025062656641603,0.004464285714285698,True,stage18-scaling-24a9adb84176,4,4,8150,563
s4-step8150-f17of20-d1of2,563,C3,C6,0.013850415512465353,Q1,0.013850415512465353,0.007205513784461215,0.007518796992481258,0.003826530612244916,True,stage18-scaling-24a9adb84176,4,4,8150,563
s4-step8150-f17of20-d1of2,563,C4,C5,0.005540166204986208,Q1,0.005540166204986208,0.0025062656641603454,0.004072681704260672,0.0031887755102041337,True,stage18-scaling-24a9adb84176,4,4,8150,563
s4-step8150-f17of20-d1of2,563,C4,C6,0.00615574022776233,Q1,0.00615574022776233,0.0009398496240601295,0.0015664160401003269,0.003826530612244916,True,stage18-scaling-24a9adb84176,4,4,8150,563
s4-step8150-f17of20-d1of2,563,C5,C6,0.011695906432748537,Q1,0.011695906432748537,0.0015664160401002158,0.0025062656641603454,0.0006377551020407823,True,stage18-scaling-24a9adb84176,4,4,8150,563
s4-step8150-f17of20-d3of4,564,C1,C2,0.020408163265306145,Q4,0.0021545090797168154,0.006265664160400974,0.005639097744360888,0.020408163265306145,True,stage18-scaling-24a9adb84176,4,4,8150,564
s4-step8150-f17of20-d3of4,564,C1,C3,0.005847953216374324,Q1,0.005847953216374324,0.003759398496240518,0.0028195488721803885,0.0,True,stage18-scaling-24a9adb84176,4,4,8150,564
s4-step8150-f17of20-d3of4,564,C1,C4,0.010025062656641603,Q2,0.001846722068328699,0.010025062656641603,0.00877192982456132,0.007653061224489832,True,stage18-scaling-24a9adb84176,4,4,8150,564
s4-step8150-f17of20-d3of4,564,C1,C5,0.012844611528821992,Q3,0.003693444136657509,0.012531328320801949,0.012844611528821992,0.004464285714285698,True,stage18-scaling-24a9adb84176,4,4,8150,564
s4-step8150-f17of20-d3of4,564,C1,C6,0.010964912280701733,Q2,0.008002462296091029,0.010964912280701733,0.010338345864661647,0.003826530612244916,True,stage18-scaling-24a9adb84176,4,4,8150,564
s4-step8150-f17of20-d3of4,564,C2,C3,0.020408163265306145,Q4,0.00800246229609114,0.0025062656641604564,0.0028195488721804995,0.020408163265306145,True,stage18-scaling-24a9adb84176,4,4,8150,564
s4-step8150-f17of20-d3of4,564,C2,C4,0.012755102040816313,Q4,0.0003077870113881165,0.003759398496240629,0.0031328320802004317,0.012755102040816313,True,stage18-scaling-24a9adb84176,4,4,8150,564
s4-step8150-f17of20-d3of4,564,C2,C5,0.015943877551020447,Q4,0.005847953216374324,0.006265664160400974,0.007205513784461104,0.015943877551020447,True,stage18-scaling-24a9adb84176,4,4,8150,564
s4-step8150-f17of20-d3of4,564,C2,C6,0.01658163265306123,Q4,0.005847953216374213,0.0046992481203007586,0.0046992481203007586,0.01658163265306123,True,stage18-scaling-24a9adb84176,4,4,8150,564
s4-step8150-f17of20-d3of4,564,C3,C4,0.007694675284703023,Q1,0.007694675284703023,0.006265664160401085,0.005952380952380931,0.007653061224489832,True,stage18-scaling-24a9adb84176,4,4,8150,564
s4-step8150-f17of20-d3of4,564,C3,C5,0.010025062656641603,Q3,0.0021545090797168154,0.00877192982456143,0.010025062656641603,0.004464285714285698,True,stage18-scaling-24a9adb84176,4,4,8150,564
s4-step8150-f17of20-d3of4,564,C3,C6,0.013850415512465353,Q1,0.013850415512465353,0.007205513784461215,0.007518796992481258,0.003826530612244916,True,stage18-scaling-24a9adb84176,4,4,8150,564
s4-step8150-f17of20-d3of4,564,C4,C5,0.005540166204986208,Q1,0.005540166204986208,0.0025062656641603454,0.004072681704260672,0.0031887755102041337,True,stage18-scaling-24a9adb84176,4,4,8150,564
s4-step8150-f17of20-d3of4,564,C4,C6,0.00615574022776233,Q1,0.00615574022776233,0.0009398496240601295,0.0015664160401003269,0.003826530612244916,True,stage18-scaling-24a9adb84176,4,4,8150,564
s4-step8150-f17of20-d3of4,564,C5,C6,0.011695906432748537,Q1,0.011695906432748537,0.0015664160401002158,0.0025062656641603454,0.0006377551020407823,True,stage18-scaling-24a9adb84176,4,4,8150,564
s4-step8150-f9of10-d1of4,565,C1,C2,0.015389350569405935,Q1,0.015389350569405935,0.007832080200501301,0.009085213032581474,0.004783163265306145,True,stage18-scaling-24a9adb84176,4,4,8150,565
s4-step8150-f9of10-d1of4,565,C1,C3,0.010338345864661647,Q2,0.00800246229609114,0.010338345864661647,0.00877192982456143,0.0022321428571429047,True,stage18-scaling-24a9adb84176,4,4,8150,565
s4-step8150-f9of10-d1of4,565,C2,C3,0.018170426065162948,Q2,0.007386888273314796,0.018170426065162948,0.017857142857142905,0.00701530612244905,True,stage18-scaling-24a9adb84176,4,4,8150,565
s4-step8150-f9of10-d1of2,566,C1,C2,0.015389350569405935,Q1,0.015389350569405935,0.007832080200501301,0.009085213032581474,0.004783163265306145,True,stage18-scaling-24a9adb84176,4,4,8150,566
s4-step8150-f9of10-d1of2,566,C1,C3,0.010338345864661647,Q2,0.00800246229609114,0.010338345864661647,0.00877192982456143,0.0022321428571429047,True,stage18-scaling-24a9adb84176,4,4,8150,566
s4-step8150-f9of10-d1of2,566,C1,C4,0.025854108956602007,Q1,0.025854108956602007,0.0028195488721803885,0.00031328320802004317,0.011160714285714302,True,stage18-scaling-24a9adb84176,4,4,8150,566
s4-step8150-f9of10-d1of2,566,C1,C5,0.009233610341643606,Q1,0.009233610341643606,0.007832080200501301,0.007518796992481147,0.004145408163265252,True,stage18-scaling-24a9adb84176,4,4,8150,566
s4-step8150-f9of10-d1of2,566,C1,C6,0.01323484148968912,Q1,0.01323484148968912,0.0009398496240601295,0.0015664160401002158,0.000956632653061229,True,stage18-scaling-24a9adb84176,4,4,8150,566
s4-step8150-f9of10-d1of2,566,C2,C3,0.018170426065162948,Q2,0.007386888273314796,0.018170426065162948,0.017857142857142905,0.00701530612244905,True,stage18-scaling-24a9adb84176,4,4,8150,566
s4-step8150-f9of10-d1of2,566,C2,C4,0.01065162907268169,Q2,0.010464758387196071,0.01065162907268169,0.00877192982456143,0.0063775510204081565,True,stage18-scaling-24a9adb84176,4,4,8150,566
s4-step8150-f9of10-d1of2,566,C2,C5,0.00615574022776233,Q1,0.00615574022776233,0.0,0.0015664160401003269,0.0006377551020408934,True,stage18-scaling-24a9adb84176,4,4,8150,566
s4-step8150-f9of10-d1of2,566,C2,C6,0.007518796992481258,Q3,0.0021545090797168154,0.006892230576441172,0.007518796992481258,0.005739795918367374,True,stage18-scaling-24a9adb84176,4,4,8150,566
s4-step8150-f9of10-d1of2,566,C3,C4,0.017851646660510867,Q1,0.017851646660510867,0.007518796992481258,0.009085213032581474,0.013392857142857206,True,stage18-scaling-24a9adb84176,4,4,8150,566
s4-step8150-f9of10-d1of2,566,C3,C5,0.018170426065162948,Q2,0.001231148045552466,0.018170426065162948,0.016290726817042578,0.0063775510204081565,True,stage18-scaling-24a9adb84176,4,4,8150,566
s4-step8150-f9of10-d1of2,566,C3,C6,0.011278195488721776,Q2,0.00523237919359798,0.011278195488721776,0.010338345864661647,0.0012755102040816757,True,stage18-scaling-24a9adb84176,4,4,8150,566
s4-step8150-f9of10-d1of2,566,C4,C5,0.0166204986149584,Q1,0.0166204986149584,0.01065162907268169,0.007205513784461104,0.00701530612244905,True,stage18-scaling-24a9adb84176,4,4,8150,566
s4-step8150-f9of10-d1of2,566,C4,C6,0.012619267466912887,Q1,0.012619267466912887,0.003759398496240518,0.0012531328320801727,0.01211734693877553,True,stage18-scaling-24a9adb84176,4,4,8150,566
s4-step8150-f9of10-d1of2,566,C5,C6,0.006892230576441172,Q2,0.004001231148045514,0.006892230576441172,0.005952380952380931,0.005102040816326481,True,stage18-scaling-24a9adb84176,4,4,8150,566
s4-step8150-f9of10-d3of4,567,C1,C2,0.015389350569405935,Q1,0.015389350569405935,0.007832080200501301,0.009085213032581474,0.004783163265306145,True,stage18-scaling-24a9adb84176,4,4,8150,567
s4-step8150-f9of10-d3of4,567,C1,C3,0.010338345864661647,Q2,0.00800246229609114,0.010338345864661647,0.00877192982456143,0.0022321428571429047,True,stage18-scaling-24a9adb84176,4,4,8150,567
s4-step8150-f9of10-d3of4,567,C1,C4,0.025854108956602007,Q1,0.025854108956602007,0.0028195488721803885,0.00031328320802004317,0.011160714285714302,True,stage18-scaling-24a9adb84176,4,4,8150,567
s4-step8150-f9of10-d3of4,567,C1,C5,0.009233610341643606,Q1,0.009233610341643606,0.007832080200501301,0.007518796992481147,0.004145408163265252,True,stage18-scaling-24a9adb84176,4,4,8150,567
s4-step8150-f9of10-d3of4,567,C1,C6,0.01323484148968912,Q1,0.01323484148968912,0.0009398496240601295,0.0015664160401002158,0.000956632653061229,True,stage18-scaling-24a9adb84176,4,4,8150,567
s4-step8150-f9of10-d3of4,567,C2,C3,0.018170426065162948,Q2,0.007386888273314796,0.018170426065162948,0.017857142857142905,0.00701530612244905,True,stage18-scaling-24a9adb84176,4,4,8150,567
s4-step8150-f9of10-d3of4,567,C2,C4,0.01065162907268169,Q2,0.010464758387196071,0.01065162907268169,0.00877192982456143,0.0063775510204081565,True,stage18-scaling-24a9adb84176,4,4,8150,567
s4-step8150-f9of10-d3of4,567,C2,C5,0.00615574022776233,Q1,0.00615574022776233,0.0,0.0015664160401003269,0.0006377551020408934,True,stage18-scaling-24a9adb84176,4,4,8150,567
s4-step8150-f9of10-d3of4,567,C2,C6,0.007518796992481258,Q3,0.0021545090797168154,0.006892230576441172,0.007518796992481258,0.005739795918367374,True,stage18-scaling-24a9adb84176,4,4,8150,567
s4-step8150-f9of10-d3of4,567,C3,C4,0.017851646660510867,Q1,0.017851646660510867,0.007518796992481258,0.009085213032581474,0.013392857142857206,True,stage18-scaling-24a9adb84176,4,4,8150,567
s4-step8150-f9of10-d3of4,567,C3,C5,0.018170426065162948,Q2,0.001231148045552466,0.018170426065162948,0.016290726817042578,0.0063775510204081565,True,stage18-scaling-24a9adb84176,4,4,8150,567
s4-step8150-f9of10-d3of4,567,C3,C6,0.011278195488721776,Q2,0.00523237919359798,0.011278195488721776,0.010338345864661647,0.0012755102040816757,True,stage18-scaling-24a9adb84176,4,4,8150,567
s4-step8150-f9of10-d3of4,567,C4,C5,0.0166204986149584,Q1,0.0166204986149584,0.01065162907268169,0.007205513784461104,0.00701530612244905,True,stage18-scaling-24a9adb84176,4,4,8150,567
s4-step8150-f9of10-d3of4,567,C4,C6,0.012619267466912887,Q1,0.012619267466912887,0.003759398496240518,0.0012531328320801727,0.01211734693877553,True,stage18-scaling-24a9adb84176,4,4,8150,567
s4-step8150-f9of10-d3of4,567,C5,C6,0.006892230576441172,Q2,0.004001231148045514,0.006892230576441172,0.005952380952380931,0.005102040816326481,True,stage18-scaling-24a9adb84176,4,4,8150,567
s4-step8150-f19of20-d1of4,568,C1,C2,0.004464285714285698,Q4,0.0003077870113881165,0.00031328320802004317,0.0015664160401002158,0.004464285714285698,True,stage18-scaling-24a9adb84176,4,4,8150,568
s4-step8150-f19of20-d1of4,568,C1,C3,0.005739795918367374,Q4,0.0033856571252692813,0.0,0.0003132832080201542,0.005739795918367374,True,stage18-scaling-24a9adb84176,4,4,8150,568
s4-step8150-f19of20-d1of4,568,C1,C4,0.003826530612244916,Q4,0.003077870113881165,0.00031328320802004317,0.001879699248120259,0.003826530612244916,True,stage18-scaling-24a9adb84176,4,4,8150,568
s4-step8150-f19of20-d1of4,568,C2,C3,0.010204081632653073,Q4,0.003693444136657398,0.00031328320802004317,0.00187969924812037,0.010204081632653073,True,stage18-scaling-24a9adb84176,4,4,8150,568
s4-step8150-f19of20-d1of4,568,C2,C4,0.008290816326530615,Q4,0.0027700831024930483,0.0,0.00031328320802004317,0.008290816326530615,True,stage18-scaling-24a9adb84176,4,4,8150,568
s4-step8150-f19of20-d1of4,568,C3,C4,0.006463527239150446,Q1,0.006463527239150446,0.00031328320802004317,0.002192982456140413,0.001913265306122458,True,stage18-scaling-24a9adb84176,4,4,8150,568
s4-step8150-f19of20-d1of2,569,C1,C2,0.004464285714285698,Q4,0.0003077870113881165,0.00031328320802004317,0.0015664160401002158,0.004464285714285698,True,stage18-scaling-24a9adb84176,4,4,8150,569
s4-step8150-f19of20-d1of2,569,C1,C3,0.005739795918367374,Q4,0.0033856571252692813,0.0,0.0003132832080201542,0.005739795918367374,True,stage18-scaling-24a9adb84176,4,4,8150,569
s4-step8150-f19of20-d1of2,569,C1,C4,0.003826530612244916,Q4,0.003077870113881165,0.00031328320802004317,0.001879699248120259,0.003826530612244916,True,stage18-scaling-24a9adb84176,4,4,8150,569
s4-step8150-f19of20-d1of2,569,C1,C5,0.004924592182209975,Q1,0.004924592182209975,0.002192982456140413,0.0003132832080201542,0.0003188775510204467,True,stage18-scaling-24a9adb84176,4,4,8150,569
s4-step8150-f19of20-d1of2,569,C1,C6,0.01211734693877553,Q4,0.00615574022776233,0.0046992481203007586,0.005952380952380931,0.01211734693877553,True,stage18-scaling-24a9adb84176,4,4,8150,569
s4-step8150-f19of20-d1of2,569,C2,C3,0.010204081632653073,Q4,0.003693444136657398,0.00031328320802004317,0.00187969924812037,0.010204081632653073,True,stage18-scaling-24a9adb84176,4,4,8150,569
s4-step8150-f19of20-d1of2,569,C2,C4,0.008290816326530615,Q4,0.0027700831024930483,0.0,0.00031328320802004317,0.008290816326530615,True,stage18-scaling-24a9adb84176,4,4,8150,569
s4-step8150-f19of20-d1of2,569,C2,C5,0.004783163265306145,Q4,0.004616805170821858,0.0025062656641604564,0.00187969924812037,0.004783163265306145,True,stage18-scaling-24a9adb84176,4,4,8150,569
s4-step8150-f19of20-d1of2,569,C2,C6,0.01658163265306123,Q4,0.006463527239150446,0.004385964912280715,0.004385964912280715,0.01658163265306123,True,stage18-scaling-24a9adb84176,4,4,8150,569
s4-step8150-f19of20-d1of2,569,C3,C4,0.006463527239150446,Q1,0.006463527239150446,0.00031328320802004317,0.002192982456140413,0.001913265306122458,True,stage18-scaling-24a9adb84176,4,4,8150,569
s4-step8150-f19of20-d1of2,569,C3,C5,0.008310249307479256,Q1,0.008310249307479256,0.002192982456140413,0.0,0.0054209183673469274,True,stage18-scaling-24a9adb84176,4,4,8150,569
s4-step8150-f19of20-d1of2,569,C3,C6,0.0063775510204081565,Q4,0.0027700831024930483,0.0046992481203007586,0.006265664160401085,0.0063775510204081565,True,stage18-scaling-24a9adb84176,4,4,8150,569
s4-step8150-f19of20-d1of2,569,C4,C5,0.0035076530612244694,Q4,0.00184672206832881,0.0025062656641604564,0.002192982456140413,0.0035076530612244694,True,stage18-scaling-24a9adb84176,4,4,8150,569
s4-step8150-f19of20-d1of2,569,C4,C6,0.009233610341643494,Q1,0.009233610341643494,0.004385964912280715,0.004072681704260672,0.008290816326530615,True,stage18-scaling-24a9adb84176,4,4,8150,569
s4-step8150-f19of20-d1of2,569,C5,C6,0.011798469387755084,Q4,0.011080332409972304,0.006892230576441172,0.006265664160401085,0.011798469387755084,True,stage18-scaling-24a9adb84176,4,4,8150,569
s4-step8150-f19of20-d3of4,570,C1,C2,0.004464285714285698,Q4,0.0003077870113881165,0.00031328320802004317,0.0015664160401002158,0.004464285714285698,True,stage18-scaling-24a9adb84176,4,4,8150,570
s4-step8150-f19of20-d3of4,570,C1,C3,0.005739795918367374,Q4,0.0033856571252692813,0.0,0.0003132832080201542,0.005739795918367374,True,stage18-scaling-24a9adb84176,4,4,8150,570
s4-step8150-f19of20-d3of4,570,C1,C4,0.003826530612244916,Q4,0.003077870113881165,0.00031328320802004317,0.001879699248120259,0.003826530612244916,True,stage18-scaling-24a9adb84176,4,4,8150,570
s4-step8150-f19of20-d3of4,570,C1,C5,0.004924592182209975,Q1,0.004924592182209975,0.002192982456140413,0.0003132832080201542,0.0003188775510204467,True,stage18-scaling-24a9adb84176,4,4,8150,570
s4-step8150-f19of20-d3of4,570,C1,C6,0.01211734693877553,Q4,0.00615574022776233,0.0046992481203007586,0.005952380952380931,0.01211734693877553,True,stage18-scaling-24a9adb84176,4,4,8150,570
s4-step8150-f19of20-d3of4,570,C2,C3,0.010204081632653073,Q4,0.003693444136657398,0.00031328320802004317,0.00187969924812037,0.010204081632653073,True,stage18-scaling-24a9adb84176,4,4,8150,570
s4-step8150-f19of20-d3of4,570,C2,C4,0.008290816326530615,Q4,0.0027700831024930483,0.0,0.00031328320802004317,0.008290816326530615,True,stage18-scaling-24a9adb84176,4,4,8150,570
s4-step8150-f19of20-d3of4,570,C2,C5,0.004783163265306145,Q4,0.004616805170821858,0.0025062656641604564,0.00187969924812037,0.004783163265306145,True,stage18-scaling-24a9adb84176,4,4,8150,570
s4-step8150-f19of20-d3of4,570,C2,C6,0.01658163265306123,Q4,0.006463527239150446,0.004385964912280715,0.004385964912280715,0.01658163265306123,True,stage18-scaling-24a9adb84176,4,4,8150,570
s4-step8150-f19of20-d3of4,570,C3,C4,0.006463527239150446,Q1,0.006463527239150446,0.00031328320802004317,0.002192982456140413,0.001913265306122458,True,stage18-scaling-24a9adb84176,4,4,8150,570
s4-step8150-f19of20-d3of4,570,C3,C5,0.008310249307479256,Q1,0.008310249307479256,0.002192982456140413,0.0,0.0054209183673469274,True,stage18-scaling-24a9adb84176,4,4,8150,570
s4-step8150-f19of20-d3of4,570,C3,C6,0.0063775510204081565,Q4,0.0027700831024930483,0.0046992481203007586,0.006265664160401085,0.0063775510204081565,True,stage18-scaling-24a9adb84176,4,4,8150,570
s4-step8150-f19of20-d3of4,570,C4,C5,0.0035076530612244694,Q4,0.00184672206832881,0.0025062656641604564,0.002192982456140413,0.0035076530612244694,True,stage18-scaling-24a9adb84176,4,4,8150,570
s4-step8150-f19of20-d3of4,570,C4,C6,0.009233610341643494,Q1,0.009233610341643494,0.004385964912280715,0.004072681704260672,0.008290816326530615,True,stage18-scaling-24a9adb84176,4,4,8150,570
s4-step8150-f19of20-d3of4,570,C5,C6,0.011798469387755084,Q4,0.011080332409972304,0.006892230576441172,0.006265664160401085,0.011798469387755084,True,stage18-scaling-24a9adb84176,4,4,8150,570
s4-step8150-f39of40-d1of4,571,C1,C2,0.0025510204081632404,Q4,0.002462296091104932,0.002192982456140413,0.002192982456140413,0.0025510204081632404,True,stage18-scaling-24a9adb84176,4,4,8150,571
s4-step8150-f39of40-d1of4,571,C1,C3,0.001913265306122458,Q4,0.001846722068328699,0.0009398496240601295,0.00031328320802004317,0.001913265306122458,True,stage18-scaling-24a9adb84176,4,4,8150,571
s4-step8150-f39of40-d1of4,571,C2,C3,0.004309018159433631,Q1,0.004309018159433631,0.0031328320802005427,0.0025062656641604564,0.0006377551020407823,True,stage18-scaling-24a9adb84176,4,4,8150,571
s4-step8150-f39of40-d1of2,572,C1,C2,0.0025510204081632404,Q4,0.002462296091104932,0.002192982456140413,0.002192982456140413,0.0025510204081632404,True,stage18-scaling-24a9adb84176,4,4,8150,572
s4-step8150-f39of40-d1of2,572,C1,C3,0.001913265306122458,Q4,0.001846722068328699,0.0009398496240601295,0.00031328320802004317,0.001913265306122458,True,stage18-scaling-24a9adb84176,4,4,8150,572
s4-step8150-f39of40-d1of2,572,C1,C4,0.0035076530612244694,Q4,0.001846722068328699,0.0031328320802004317,0.0025062656641603454,0.0035076530612244694,True,stage18-scaling-24a9adb84176,4,4,8150,572
s4-step8150-f39of40-d1of2,572,C1,C5,0.0033856571252692813,Q1,0.0033856571252692813,0.00031328320802004317,0.0009398496240601295,0.0025510204081632404,True,stage18-scaling-24a9adb84176,4,4,8150,572
s4-step8150-f39of40-d1of2,572,C1,C6,0.0015389350569405824,Q1,0.0015389350569405824,0.0009398496240601295,0.0012531328320801727,0.000956632653061229,True,stage18-scaling-24a9adb84176,4,4,8150,572
s4-step8150-f39of40-d1of2,572,C2,C3,0.004309018159433631,Q1,0.004309018159433631,0.0031328320802005427,0.0025062656641604564,0.0006377551020407823,True,stage18-scaling-24a9adb84176,4,4,8150,572
s4-step8150-f39of40-d1of2,572,C2,C4,0.005325814536340845,Q2,0.004309018159433631,0.005325814536340845,0.0046992481203007586,0.000956632653061229,True,stage18-scaling-24a9adb84176,4,4,8150,572
s4-step8150-f39of40-d1of2,572,C2,C5,0.00187969924812037,Q2,0.0009233610341643494,0.00187969924812037,0.0012531328320802837,0.0,True,stage18-scaling-24a9adb84176,4,4,8150,572
s4-step8150-f39of40-d1of2,572,C2,C6,0.0035076530612244694,Q4,0.0009233610341643494,0.0012531328320802837,0.0009398496240602405,0.0035076530612244694,True,stage18-scaling-24a9adb84176,4,4,8150,572
s4-step8150-f39of40-d1of2,572,C3,C4,0.002192982456140302,Q2,0.0,0.002192982456140302,0.002192982456140302,0.0015943877551020114,True,stage18-scaling-24a9adb84176,4,4,8150,572
s4-step8150-f39of40-d1of2,572,C3,C5,0.00523237919359798,Q1,0.00523237919359798,0.0012531328320801727,0.0012531328320801727,0.0006377551020407823,True,stage18-scaling-24a9adb84176,4,4,8150,572
s4-step8150-f39of40-d1of2,572,C3,C6,0.0033856571252692813,Q1,0.0033856571252692813,0.001879699248120259,0.0015664160401002158,0.002869897959183687,True,stage18-scaling-24a9adb84176,4,4,8150,572
s4-step8150-f39of40-d1of2,572,C4,C5,0.00523237919359798,Q1,0.00523237919359798,0.003446115288220475,0.003446115288220475,0.000956632653061229,True,stage18-scaling-24a9adb84176,4,4,8150,572
s4-step8150-f39of40-d1of2,572,C4,C6,0.004464285714285698,Q4,0.0033856571252692813,0.004072681704260561,0.003759398496240518,0.004464285714285698,True,stage18-scaling-24a9adb84176,4,4,8150,572
s4-step8150-f39of40-d1of2,572,C5,C6,0.0035076530612244694,Q4,0.001846722068328699,0.0006265664160400863,0.00031328320802004317,0.0035076530612244694,True,stage18-scaling-24a9adb84176,4,4,8150,572
s4-step8150-f39of40-d3of4,573,C1,C2,0.0025510204081632404,Q4,0.002462296091104932,0.002192982456140413,0.002192982456140413,0.0025510204081632404,True,stage18-scaling-24a9adb84176,4,4,8150,573
s4-step8150-f39of40-d3of4,573,C1,C3,0.001913265306122458,Q4,0.001846722068328699,0.0009398496240601295,0.00031328320802004317,0.001913265306122458,True,stage18-scaling-24a9adb84176,4,4,8150,573
s4-step8150-f39of40-d3of4,573,C1,C4,0.0035076530612244694,Q4,0.001846722068328699,0.0031328320802004317,0.0025062656641603454,0.0035076530612244694,True,stage18-scaling-24a9adb84176,4,4,8150,573
s4-step8150-f39of40-d3of4,573,C1,C5,0.0033856571252692813,Q1,0.0033856571252692813,0.00031328320802004317,0.0009398496240601295,0.0025510204081632404,True,stage18-scaling-24a9adb84176,4,4,8150,573
s4-step8150-f39of40-d3of4,573,C1,C6,0.0015389350569405824,Q1,0.0015389350569405824,0.0009398496240601295,0.0012531328320801727,0.000956632653061229,True,stage18-scaling-24a9adb84176,4,4,8150,573
s4-step8150-f39of40-d3of4,573,C2,C3,0.004309018159433631,Q1,0.004309018159433631,0.0031328320802005427,0.0025062656641604564,0.0006377551020407823,True,stage18-scaling-24a9adb84176,4,4,8150,573
s4-step8150-f39of40-d3of4,573,C2,C4,0.005325814536340845,Q2,0.004309018159433631,0.005325814536340845,0.0046992481203007586,0.000956632653061229,True,stage18-scaling-24a9adb84176,4,4,8150,573
s4-step8150-f39of40-d3of4,573,C2,C5,0.00187969924812037,Q2,0.0009233610341643494,0.00187969924812037,0.0012531328320802837,0.0,True,stage18-scaling-24a9adb84176,4,4,8150,573
s4-step8150-f39of40-d3of4,573,C2,C6,0.0035076530612244694,Q4,0.0009233610341643494,0.0012531328320802837,0.0009398496240602405,0.0035076530612244694,True,stage18-scaling-24a9adb84176,4,4,8150,573
s4-step8150-f39of40-d3of4,573,C3,C4,0.002192982456140302,Q2,0.0,0.002192982456140302,0.002192982456140302,0.0015943877551020114,True,stage18-scaling-24a9adb84176,4,4,8150,573
s4-step8150-f39of40-d3of4,573,C3,C5,0.00523237919359798,Q1,0.00523237919359798,0.0012531328320801727,0.0012531328320801727,0.0006377551020407823,True,stage18-scaling-24a9adb84176,4,4,8150,573
s4-step8150-f39of40-d3of4,573,C3,C6,0.0033856571252692813,Q1,0.0033856571252692813,0.001879699248120259,0.0015664160401002158,0.002869897959183687,True,stage18-scaling-24a9adb84176,4,4,8150,573
s4-step8150-f39of40-d3of4,573,C4,C5,0.00523237919359798,Q1,0.00523237919359798,0.003446115288220475,0.003446115288220475,0.000956632653061229,True,stage18-scaling-24a9adb84176,4,4,8150,573
s4-step8150-f39of40-d3of4,573,C4,C6,0.004464285714285698,Q4,0.0033856571252692813,0.004072681704260561,0.003759398496240518,0.004464285714285698,True,stage18-scaling-24a9adb84176,4,4,8150,573
s4-step8150-f39of40-d3of4,573,C5,C6,0.0035076530612244694,Q4,0.001846722068328699,0.0006265664160400863,0.00031328320802004317,0.0035076530612244694,True,stage18-scaling-24a9adb84176,4,4,8150,573
s4-step8150-f99of100-d1of4,574,C1,C2,0.0035076530612244694,Q4,0.0027700831024931594,0.0015664160401002158,0.0009398496240601295,0.0035076530612244694,True,stage18-scaling-24a9adb84176,4,4,8150,574
s4-step8150-f99of100-d1of4,574,C1,C3,0.003693444136657509,Q1,0.003693444136657509,0.00031328320802004317,0.0009398496240601295,0.001913265306122458,True,stage18-scaling-24a9adb84176,4,4,8150,574
s4-step8150-f99of100-d1of4,574,C1,C4,0.006155740227762441,Q1,0.006155740227762441,0.003759398496240518,0.0028195488721803885,0.0025510204081633514,True,stage18-scaling-24a9adb84176,4,4,8150,574
s4-step8150-f99of100-d1of4,574,C2,C3,0.0054209183673469274,Q4,0.0009233610341643494,0.0012531328320801727,0.001879699248120259,0.0054209183673469274,True,stage18-scaling-24a9adb84176,4,4,8150,574
s4-step8150-f99of100-d1of4,574,C2,C4,0.0033856571252692813,Q1,0.0033856571252692813,0.002192982456140302,0.001879699248120259,0.000956632653061118,True,stage18-scaling-24a9adb84176,4,4,8150,574
s4-step8150-f99of100-d1of4,574,C3,C4,0.0044642857142858094,Q4,0.002462296091104932,0.003446115288220475,0.003759398496240518,0.0044642857142858094,True,stage18-scaling-24a9adb84176,4,4,8150,574
s4-step8150-f99of100-d1of2,575,C1,C2,0.0035076530612244694,Q4,0.0027700831024931594,0.0015664160401002158,0.0009398496240601295,0.0035076530612244694,True,stage18-scaling-24a9adb84176,4,4,8150,575
s4-step8150-f99of100-d1of2,575,C1,C3,0.003693444136657509,Q1,0.003693444136657509,0.00031328320802004317,0.0009398496240601295,0.001913265306122458,True,stage18-scaling-24a9adb84176,4,4,8150,575
s4-step8150-f99of100-d1of2,575,C1,C4,0.006155740227762441,Q1,0.006155740227762441,0.003759398496240518,0.0028195488721803885,0.0025510204081633514,True,stage18-scaling-24a9adb84176,4,4,8150,575
s4-step8150-f99of100-d1of2,575,C1,C5,0.006155740227762441,Q1,0.006155740227762441,0.002192982456140302,0.0009398496240601295,0.001913265306122458,True,stage18-scaling-24a9adb84176,4,4,8150,575
s4-step8150-f99of100-d1of2,575,C1,C6,0.00184672206832881,Q1,0.00184672206832881,0.0006265664160400863,0.0012531328320801727,0.00031887755102033566,True,stage18-scaling-24a9adb84176,4,4,8150,575
s4-step8150-f99of100-d1of2,575,C1,C7,0.0015943877551021224,Q4,0.0015389350569405824,0.0009398496240601295,0.0,0.0015943877551021224,True,stage18-scaling-24a9adb84176,4,4,8150,575
s4-step8150-f99of100-d1of2,575,C2,C3,0.0054209183673469274,Q4,0.0009233610341643494,0.0012531328320801727,0.001879699248120259,0.0054209183673469274,True,stage18-scaling-24a9adb84176,4,4,8150,575
s4-step8150-f99of100-d1of2,575,C2,C4,0.0033856571252692813,Q1,0.0033856571252692813,0.002192982456140302,0.001879699248120259,0.000956632653061118,True,stage18-scaling-24a9adb84176,4,4,8150,575
s4-step8150-f99of100-d1of2,575,C2,C5,0.0033856571252692813,Q1,0.0033856571252692813,0.0006265664160400863,0.0,0.0015943877551020114,True,stage18-scaling-24a9adb84176,4,4,8150,575
s4-step8150-f99of100-d1of2,575,C2,C6,0.003826530612244805,Q4,0.0009233610341643494,0.002192982456140302,0.002192982456140302,0.003826530612244805,True,stage18-scaling-24a9adb84176,4,4,8150,575
s4-step8150-f99of100-d1of2,575,C2,C7,0.001913265306122347,Q4,0.001231148045552577,0.0006265664160400863,0.0009398496240601295,0.001913265306122347,True,stage18-scaling-24a9adb84176,4,4,8150,575
s4-step8150-f99of100-d1of2,575,C3,C4,0.0044642857142858094,Q4,0.002462296091104932,0.003446115288220475,0.003759398496240518,0.0044642857142858094,True,stage18-scaling-24a9adb84176,4,4,8150,575
s4-step8150-f99of100-d1of2,575,C3,C5,0.003826530612244916,Q4,0.002462296091104932,0.001879699248120259,0.001879699248120259,0.003826530612244916,True,stage18-scaling-24a9adb84176,4,4,8150,575
s4-step8150-f99of100-d1of2,575,C3,C6,0.001846722068328699,Q1,0.001846722068328699,0.0009398496240601295,0.00031328320802004317,0.0015943877551021224,True,stage18-scaling-24a9adb84176,4,4,8150,575
s4-step8150-f99of100-d1of2,575,C3,C7,0.0035076530612245804,Q4,0.0021545090797169264,0.0006265664160400863,0.0009398496240601295,0.0035076530612245804,True,stage18-scaling-24a9adb84176,4,4,8150,575
s4-step8150-f99of100-d1of2,575,C4,C5,0.001879699248120259,Q3,0.0,0.0015664160401002158,0.001879699248120259,0.0006377551020408934,True,stage18-scaling-24a9adb84176,4,4,8150,575
s4-step8150-f99of100-d1of2,575,C4,C6,0.004385964912280604,Q2,0.004309018159433631,0.004385964912280604,0.004072681704260561,0.002869897959183687,True,stage18-scaling-24a9adb84176,4,4,8150,575
s4-step8150-f99of100-d1of2,575,C4,C7,0.004616805170821858,Q1,0.004616805170821858,0.0028195488721803885,0.0028195488721803885,0.000956632653061229,True,stage18-scaling-24a9adb84176,4,4,8150,575
s4-step8150-f99of100-d1of2,575,C5,C6,0.004309018159433631,Q1,0.004309018159433631,0.0028195488721803885,0.002192982456140302,0.0022321428571427937,True,stage18-scaling-24a9adb84176,4,4,8150,575
s4-step8150-f99of100-d1of2,575,C5,C7,0.004616805170821858,Q1,0.004616805170821858,0.0012531328320801727,0.0009398496240601295,0.00031887755102033566,True,stage18-scaling-24a9adb84176,4,4,8150,575
s4-step8150-f99of100-d1of2,575,C6,C7,0.001913265306122458,Q4,0.0003077870113882275,0.0015664160401002158,0.0012531328320801727,0.001913265306122458,True,stage18-scaling-24a9adb84176,4,4,8150,575
s4-step8150-f99of100-d3of4,576,C1,C2,0.0035076530612244694,Q4,0.0027700831024931594,0.0015664160401002158,0.0009398496240601295,0.0035076530612244694,True,stage18-scaling-24a9adb84176,4,4,8150,576
s4-step8150-f99of100-d3of4,576,C1,C3,0.003693444136657509,Q1,0.003693444136657509,0.00031328320802004317,0.0009398496240601295,0.001913265306122458,True,stage18-scaling-24a9adb84176,4,4,8150,576
s4-step8150-f99of100-d3of4,576,C1,C4,0.006155740227762441,Q1,0.006155740227762441,0.003759398496240518,0.0028195488721803885,0.0025510204081633514,True,stage18-scaling-24a9adb84176,4,4,8150,576
s4-step8150-f99of100-d3of4,576,C1,C5,0.006155740227762441,Q1,0.006155740227762441,0.002192982456140302,0.0009398496240601295,0.001913265306122458,True,stage18-scaling-24a9adb84176,4,4,8150,576
s4-step8150-f99of100-d3of4,576,C1,C6,0.00184672206832881,Q1,0.00184672206832881,0.0006265664160400863,0.0012531328320801727,0.00031887755102033566,True,stage18-scaling-24a9adb84176,4,4,8150,576
s4-step8150-f99of100-d3of4,576,C1,C7,0.0015943877551021224,Q4,0.0015389350569405824,0.0009398496240601295,0.0,0.0015943877551021224,True,stage18-scaling-24a9adb84176,4,4,8150,576
s4-step8150-f99of100-d3of4,576,C2,C3,0.0054209183673469274,Q4,0.0009233610341643494,0.0012531328320801727,0.001879699248120259,0.0054209183673469274,True,stage18-scaling-24a9adb84176,4,4,8150,576
s4-step8150-f99of100-d3of4,576,C2,C4,0.0033856571252692813,Q1,0.0033856571252692813,0.002192982456140302,0.001879699248120259,0.000956632653061118,True,stage18-scaling-24a9adb84176,4,4,8150,576
s4-step8150-f99of100-d3of4,576,C2,C5,0.0033856571252692813,Q1,0.0033856571252692813,0.0006265664160400863,0.0,0.0015943877551020114,True,stage18-scaling-24a9adb84176,4,4,8150,576
s4-step8150-f99of100-d3of4,576,C2,C6,0.003826530612244805,Q4,0.0009233610341643494,0.002192982456140302,0.002192982456140302,0.003826530612244805,True,stage18-scaling-24a9adb84176,4,4,8150,576
s4-step8150-f99of100-d3of4,576,C2,C7,0.001913265306122347,Q4,0.001231148045552577,0.0006265664160400863,0.0009398496240601295,0.001913265306122347,True,stage18-scaling-24a9adb84176,4,4,8150,576
s4-step8150-f99of100-d3of4,576,C3,C4,0.0044642857142858094,Q4,0.002462296091104932,0.003446115288220475,0.003759398496240518,0.0044642857142858094,True,stage18-scaling-24a9adb84176,4,4,8150,576
s4-step8150-f99of100-d3of4,576,C3,C5,0.003826530612244916,Q4,0.002462296091104932,0.001879699248120259,0.001879699248120259,0.003826530612244916,True,stage18-scaling-24a9adb84176,4,4,8150,576
s4-step8150-f99of100-d3of4,576,C3,C6,0.001846722068328699,Q1,0.001846722068328699,0.0009398496240601295,0.00031328320802004317,0.0015943877551021224,True,stage18-scaling-24a9adb84176,4,4,8150,576
s4-step8150-f99of100-d3of4,576,C3,C7,0.0035076530612245804,Q4,0.0021545090797169264,0.0006265664160400863,0.0009398496240601295,0.0035076530612245804,True,stage18-scaling-24a9adb84176,4,4,8150,576
s4-step8150-f99of100-d3of4,576,C4,C5,0.001879699248120259,Q3,0.0,0.0015664160401002158,0.001879699248120259,0.0006377551020408934,True,stage18-scaling-24a9adb84176,4,4,8150,576
s4-step8150-f99of100-d3of4,576,C4,C6,0.004385964912280604,Q2,0.004309018159433631,0.004385964912280604,0.004072681704260561,0.002869897959183687,True,stage18-scaling-24a9adb84176,4,4,8150,576
s4-step8150-f99of100-d3of4,576,C4,C7,0.004616805170821858,Q1,0.004616805170821858,0.0028195488721803885,0.0028195488721803885,0.000956632653061229,True,stage18-scaling-24a9adb84176,4,4,8150,576
s4-step8150-f99of100-d3of4,576,C5,C6,0.004309018159433631,Q1,0.004309018159433631,0.0028195488721803885,0.002192982456140302,0.0022321428571427937,True,stage18-scaling-24a9adb84176,4,4,8150,576
s4-step8150-f99of100-d3of4,576,C5,C7,0.004616805170821858,Q1,0.004616805170821858,0.0012531328320801727,0.0009398496240601295,0.00031887755102033566,True,stage18-scaling-24a9adb84176,4,4,8150,576
s4-step8150-f99of100-d3of4,576,C6,C7,0.001913265306122458,Q4,0.0003077870113882275,0.0015664160401002158,0.0012531328320801727,0.001913265306122458,True,stage18-scaling-24a9adb84176,4,4,8150,576
s4-step8500-f4of5-d1of4,577,C1,C2,0.01307397959183676,Q4,0.012619267466912887,0.01159147869674193,0.011904761904761862,0.01307397959183676,True,stage18-scaling-24a9adb84176,4,5,8500,577
s4-step8500-f4of5-d1of4,577,C1,C3,0.01415820252385347,Q1,0.01415820252385347,0.003446115288220586,0.004072681704260672,0.0003188775510204467,True,stage18-scaling-24a9adb84176,4,5,8500,577
s4-step8500-f4of5-d1of4,577,C1,C4,0.011798469387755195,Q4,0.000615574022776233,0.00971177944862156,0.01159147869674182,0.011798469387755195,True,stage18-scaling-24a9adb84176,4,5,8500,577
s4-step8500-f4of5-d1of4,577,C2,C3,0.026777469990766356,Q1,0.026777469990766356,0.008145363408521344,0.00783208020050119,0.012755102040816313,True,stage18-scaling-24a9adb84176,4,5,8500,577
s4-step8500-f4of5-d1of4,577,C2,C4,0.012003693444136654,Q1,0.012003693444136654,0.00187969924812037,0.00031328320802004317,0.0012755102040815647,True,stage18-scaling-24a9adb84176,4,5,8500,577
s4-step8500-f4of5-d1of4,577,C3,C4,0.014773776546629702,Q1,0.014773776546629702,0.006265664160400974,0.007518796992481147,0.011479591836734748,True,stage18-scaling-24a9adb84176,4,5,8500,577
s4-step8500-f4of5-d1of2,578,C1,C2,0.01307397959183676,Q4,0.012619267466912887,0.01159147869674193,0.011904761904761862,0.01307397959183676,True,stage18-scaling-24a9adb84176,4,5,8500,578
s4-step8500-f4of5-d1of2,578,C1,C3,0.01415820252385347,Q1,0.01415820252385347,0.003446115288220586,0.004072681704260672,0.0003188775510204467,True,stage18-scaling-24a9adb84176,4,5,8500,578
s4-step8500-f4of5-d1of2,578,C1,C4,0.011798469387755195,Q4,0.000615574022776233,0.00971177944862156,0.01159147869674182,0.011798469387755195,True,stage18-scaling-24a9adb84176,4,5,8500,578
s4-step8500-f4of5-d1of2,578,C1,C5,0.012927054478301003,Q1,0.012927054478301003,0.003759398496240629,0.0025062656641604564,0.011479591836734748,True,stage18-scaling-24a9adb84176,4,5,8500,578
s4-step8500-f4of5-d1of2,578,C1,C6,0.00707910126192679,Q1,0.00707910126192679,0.005325814536340845,0.005012531328320802,0.0006377551020408934,True,stage18-scaling-24a9adb84176,4,5,8500,578
s4-step8500-f4of5-d1of2,578,C2,C3,0.026777469990766356,Q1,0.026777469990766356,0.008145363408521344,0.00783208020050119,0.012755102040816313,True,stage18-scaling-24a9adb84176,4,5,8500,578
s4-step8500-f4of5-d1of2,578,C2,C4,0.012003693444136654,Q1,0.012003693444136654,0.00187969924812037,0.00031328320802004317,0.0012755102040815647,True,stage18-scaling-24a9adb84176,4,5,8500,578
s4-step8500-f4of5-d1of2,578,C2,C5,0.02554632194521389,Q1,0.02554632194521389,0.007832080200501301,0.009398496240601406,0.0015943877551020114,True,stage18-scaling-24a9adb84176,4,5,8500,578
s4-step8500-f4of5-d1of2,578,C2,C6,0.012436224489795866,Q4,0.005540166204986097,0.006265664160401085,0.006892230576441061,0.012436224489795866,True,stage18-scaling-24a9adb84176,4,5,8500,578
s4-step8500-f4of5-d1of2,578,C3,C4,0.014773776546629702,Q1,0.014773776546629702,0.006265664160400974,0.007518796992481147,0.011479591836734748,True,stage18-scaling-24a9adb84176,4,5,8500,578
s4-step8500-f4of5-d1of2,578,C3,C5,0.011160714285714302,Q4,0.001231148045552466,0.00031328320802004317,0.0015664160401002158,0.011160714285714302,True,stage18-scaling-24a9adb84176,4,5,8500,578
s4-step8500-f4of5-d1of2,578,C3,C6,0.02123730378578026,Q1,0.02123730378578026,0.001879699248120259,0.0009398496240601295,0.0003188775510204467,True,stage18-scaling-24a9adb84176,4,5,8500,578
s4-step8500-f4of5-d1of2,578,C4,C5,0.013542628501077236,Q1,0.013542628501077236,0.005952380952380931,0.009085213032581363,0.0003188775510204467,True,stage18-scaling-24a9adb84176,4,5,8500,578
s4-step8500-f4of5-d1of2,578,C4,C6,0.011160714285714302,Q4,0.006463527239150557,0.004385964912280715,0.006578947368421018,0.011160714285714302,True,stage18-scaling-24a9adb84176,4,5,8500,578
s4-step8500-f4of5-d1of2,578,C5,C6,0.020006155740227793,Q1,0.020006155740227793,0.0015664160401002158,0.0025062656641603454,0.010841836734693855,True,stage18-scaling-24a9adb84176,4,5,8500,578
s4-step8500-f4of5-d3of4,579,C1,C2,0.01307397959183676,Q4,0.012619267466912887,0.01159147869674193,0.011904761904761862,0.01307397959183676,True,stage18-scaling-24a9adb84176,4,5,8500,579
s4-step8500-f4of5-d3of4,579,C1,C3,0.01415820252385347,Q1,0.01415820252385347,0.003446115288220586,0.004072681704260672,0.0003188775510204467,True,stage18-scaling-24a9adb84176,4,5,8500,579
s4-step8500-f4of5-d3of4,579,C1,C4,0.011798469387755195,Q4,0.000615574022776233,0.00971177944862156,0.01159147869674182,0.011798469387755195,True,stage18-scaling-24a9adb84176,4,5,8500,579
s4-step8500-f4of5-d3of4,579,C1,C5,0.012927054478301003,Q1,0.012927054478301003,0.003759398496240629,0.0025062656641604564,0.011479591836734748,True,stage18-scaling-24a9adb84176,4,5,8500,579
s4-step8500-f4of5-d3of4,579,C1,C6,0.00707910126192679,Q1,0.00707910126192679,0.005325814536340845,0.005012531328320802,0.0006377551020408934,True,stage18-scaling-24a9adb84176,4,5,8500,579
s4-step8500-f4of5-d3of4,579,C2,C3,0.026777469990766356,Q1,0.026777469990766356,0.008145363408521344,0.00783208020050119,0.012755102040816313,True,stage18-scaling-24a9adb84176,4,5,8500,579
s4-step8500-f4of5-d3of4,579,C2,C4,0.012003693444136654,Q1,0.012003693444136654,0.00187969924812037,0.00031328320802004317,0.0012755102040815647,True,stage18-scaling-24a9adb84176,4,5,8500,579
s4-step8500-f4of5-d3of4,579,C2,C5,0.02554632194521389,Q1,0.02554632194521389,0.007832080200501301,0.009398496240601406,0.0015943877551020114,True,stage18-scaling-24a9adb84176,4,5,8500,579
s4-step8500-f4of5-d3of4,579,C2,C6,0.012436224489795866,Q4,0.005540166204986097,0.006265664160401085,0.006892230576441061,0.012436224489795866,True,stage18-scaling-24a9adb84176,4,5,8500,579
s4-step8500-f4of5-d3of4,579,C3,C4,0.014773776546629702,Q1,0.014773776546629702,0.006265664160400974,0.007518796992481147,0.011479591836734748,True,stage18-scaling-24a9adb84176,4,5,8500,579
s4-step8500-f4of5-d3of4,579,C3,C5,0.011160714285714302,Q4,0.001231148045552466,0.00031328320802004317,0.0015664160401002158,0.011160714285714302,True,stage18-scaling-24a9adb84176,4,5,8500,579
s4-step8500-f4of5-d3of4,579,C3,C6,0.02123730378578026,Q1,0.02123730378578026,0.001879699248120259,0.0009398496240601295,0.0003188775510204467,True,stage18-scaling-24a9adb84176,4,5,8500,579
s4-step8500-f4of5-d3of4,579,C4,C5,0.013542628501077236,Q1,0.013542628501077236,0.005952380952380931,0.009085213032581363,0.0003188775510204467,True,stage18-scaling-24a9adb84176,4,5,8500,579
s4-step8500-f4of5-d3of4,579,C4,C6,0.011160714285714302,Q4,0.006463527239150557,0.004385964912280715,0.006578947368421018,0.011160714285714302,True,stage18-scaling-24a9adb84176,4,5,8500,579
s4-step8500-f4of5-d3of4,579,C5,C6,0.020006155740227793,Q1,0.020006155740227793,0.0015664160401002158,0.0025062656641603454,0.010841836734693855,True,stage18-scaling-24a9adb84176,4,5,8500,579
s4-step8500-f17of20-d1of4,580,C1,C2,0.00800246229609114,Q1,0.00800246229609114,0.0009398496240601295,0.0009398496240601295,0.007971938775510168,True,stage18-scaling-24a9adb84176,4,5,8500,580
s4-step8500-f17of20-d1of4,580,C1,C3,0.02614795918367352,Q4,0.00707910126192679,0.0028195488721803885,0.001879699248120259,0.02614795918367352,True,stage18-scaling-24a9adb84176,4,5,8500,580
s4-step8500-f17of20-d1of4,580,C2,C3,0.01817602040816335,Q4,0.0009233610341643494,0.001879699248120259,0.0028195488721803885,0.01817602040816335,True,stage18-scaling-24a9adb84176,4,5,8500,580
s4-step8500-f17of20-d1of2,581,C1,C2,0.00800246229609114,Q1,0.00800246229609114,0.0009398496240601295,0.0009398496240601295,0.007971938775510168,True,stage18-scaling-24a9adb84176,4,5,8500,581
s4-step8500-f17of20-d1of2,581,C1,C3,0.02614795918367352,Q4,0.00707910126192679,0.0028195488721803885,0.001879699248120259,0.02614795918367352,True,stage18-scaling-24a9adb84176,4,5,8500,581
s4-step8500-f17of20-d1of2,581,C1,C4,0.007832080200501301,Q3,0.0,0.006265664160401085,0.007832080200501301,0.007653061224489832,True,stage18-scaling-24a9adb84176,4,5,8500,581
s4-step8500-f17of20-d1of2,581,C1,C5,0.015037593984962405,Q3,0.013542628501077236,0.014724310776942362,0.015037593984962405,0.0022321428571429047,True,stage18-scaling-24a9adb84176,4,5,8500,581
s4-step8500-f17of20-d1of2,581,C1,C6,0.011479591836734748,Q4,0.009849184364419838,0.011278195488721887,0.010964912280701733,0.011479591836734748,True,stage18-scaling-24a9adb84176,4,5,8500,581
s4-step8500-f17of20-d1of2,581,C2,C3,0.01817602040816335,Q4,0.0009233610341643494,0.001879699248120259,0.0028195488721803885,0.01817602040816335,True,stage18-scaling-24a9adb84176,4,5,8500,581
s4-step8500-f17of20-d1of2,581,C2,C4,0.00800246229609114,Q1,0.00800246229609114,0.007205513784461215,0.006892230576441172,0.00031887755102033566,True,stage18-scaling-24a9adb84176,4,5,8500,581
s4-step8500-f17of20-d1of2,581,C2,C5,0.01566416040100249,Q2,0.005540166204986097,0.01566416040100249,0.014097744360902276,0.010204081632653073,True,stage18-scaling-24a9adb84176,4,5,8500,581
s4-step8500-f17of20-d1of2,581,C2,C6,0.012218045112782017,Q2,0.001846722068328699,0.012218045112782017,0.010025062656641603,0.0035076530612245804,True,stage18-scaling-24a9adb84176,4,5,8500,581
s4-step8500-f17of20-d1of2,581,C3,C4,0.018494897959183687,Q4,0.00707910126192679,0.009085213032581474,0.00971177944862156,0.018494897959183687,True,stage18-scaling-24a9adb84176,4,5,8500,581
s4-step8500-f17of20-d1of2,581,C3,C5,0.028380102040816424,Q4,0.006463527239150446,0.01754385964912275,0.016917293233082664,0.028380102040816424,True,stage18-scaling-24a9adb84176,4,5,8500,581
s4-step8500-f17of20-d1of2,581,C3,C6,0.014668367346938771,Q4,0.0027700831024930483,0.014097744360902276,0.012844611528821992,0.014668367346938771,True,stage18-scaling-24a9adb84176,4,5,8500,581
s4-step8500-f17of20-d1of2,581,C4,C5,0.013542628501077236,Q1,0.013542628501077236,0.008458646616541277,0.007205513784461104,0.009885204081632737,True,stage18-scaling-24a9adb84176,4,5,8500,581
s4-step8500-f17of20-d1of2,581,C4,C6,0.009849184364419838,Q1,0.009849184364419838,0.005012531328320802,0.0031328320802004317,0.003826530612244916,True,stage18-scaling-24a9adb84176,4,5,8500,581
s4-step8500-f17of20-d1of2,581,C5,C6,0.013711734693877653,Q4,0.003693444136657398,0.003446115288220475,0.004072681704260672,0.013711734693877653,True,stage18-scaling-24a9adb84176,4,5,8500,581
s4-step8500-f17of20-d3of4,582,C1,C2,0.00800246229609114,Q1,0.00800246229609114,0.0009398496240601295,0.0009398496240601295,0.007971938775510168,True,stage18-scaling-24a9adb84176,4,5,8500,582
s4-step8500-f17of20-d3of4,582,C1,C3,0.02614795918367352,Q4,0.00707910126192679,0.0028195488721803885,0.001879699248120259,0.02614795918367352,True,stage18-scaling-24a9adb84176,4,5,8500,582
s4-step8500-f17of20-d3of4,582,C1,C4,0.007832080200501301,Q3,0.0,0.006265664160401085,0.007832080200501301,0.007653061224489832,True,stage18-scaling-24a9adb84176,4,5,8500,582
s4-step8500-f17of20-d3of4,582,C1,C5,0.015037593984962405,Q3,0.013542628501077236,0.014724310776942362,0.015037593984962405,0.0022321428571429047,True,stage18-scaling-24a9adb84176,4,5,8500,582
s4-step8500-f17of20-d3of4,582,C1,C6,0.011479591836734748,Q4,0.009849184364419838,0.011278195488721887,0.010964912280701733,0.011479591836734748,True,stage18-scaling-24a9adb84176,4,5,8500,582
s4-step8500-f17of20-d3of4,582,C2,C3,0.01817602040816335,Q4,0.0009233610341643494,0.001879699248120259,0.0028195488721803885,0.01817602040816335,True,stage18-scaling-24a9adb84176,4,5,8500,582
s4-step8500-f17of20-d3of4,582,C2,C4,0.00800246229609114,Q1,0.00800246229609114,0.007205513784461215,0.006892230576441172,0.00031887755102033566,True,stage18-scaling-24a9adb84176,4,5,8500,582
s4-step8500-f17of20-d3of4,582,C2,C5,0.01566416040100249,Q2,0.005540166204986097,0.01566416040100249,0.014097744360902276,0.010204081632653073,True,stage18-scaling-24a9adb84176,4,5,8500,582
s4-step8500-f17of20-d3of4,582,C2,C6,0.012218045112782017,Q2,0.001846722068328699,0.012218045112782017,0.010025062656641603,0.0035076530612245804,True,stage18-scaling-24a9adb84176,4,5,8500,582
s4-step8500-f17of20-d3of4,582,C3,C4,0.018494897959183687,Q4,0.00707910126192679,0.009085213032581474,0.00971177944862156,0.018494897959183687,True,stage18-scaling-24a9adb84176,4,5,8500,582
s4-step8500-f17of20-d3of4,582,C3,C5,0.028380102040816424,Q4,0.006463527239150446,0.01754385964912275,0.016917293233082664,0.028380102040816424,True,stage18-scaling-24a9adb84176,4,5,8500,582
s4-step8500-f17of20-d3of4,582,C3,C6,0.014668367346938771,Q4,0.0027700831024930483,0.014097744360902276,0.012844611528821992,0.014668367346938771,True,stage18-scaling-24a9adb84176,4,5,8500,582
s4-step8500-f17of20-d3of4,582,C4,C5,0.013542628501077236,Q1,0.013542628501077236,0.008458646616541277,0.007205513784461104,0.009885204081632737,True,stage18-scaling-24a9adb84176,4,5,8500,582
s4-step8500-f17of20-d3of4,582,C4,C6,0.009849184364419838,Q1,0.009849184364419838,0.005012531328320802,0.0031328320802004317,0.003826530612244916,True,stage18-scaling-24a9adb84176,4,5,8500,582
s4-step8500-f17of20-d3of4,582,C5,C6,0.013711734693877653,Q4,0.003693444136657398,0.003446115288220475,0.004072681704260672,0.013711734693877653,True,stage18-scaling-24a9adb84176,4,5,8500,582
s4-step8500-f9of10-d1of4,583,C1,C2,0.013850415512465353,Q1,0.013850415512465353,0.010025062656641603,0.009085213032581474,0.0025510204081632404,True,stage18-scaling-24a9adb84176,4,5,8500,583
s4-step8500-f9of10-d1of4,583,C1,C3,0.01754385964912286,Q1,0.01754385964912286,0.00971177944862156,0.008145363408521344,0.014030612244897989,True,stage18-scaling-24a9adb84176,4,5,8500,583
s4-step8500-f9of10-d1of4,583,C1,C4,0.02519132653061218,Q4,0.014773776546629702,0.007832080200501301,0.006578947368421129,0.02519132653061218,True,stage18-scaling-24a9adb84176,4,5,8500,583
s4-step8500-f9of10-d1of4,583,C1,C5,0.02031394275161591,Q1,0.02031394275161591,0.0006265664160400863,0.0006265664160400863,0.016262755102040782,True,stage18-scaling-24a9adb84176,4,5,8500,583
s4-step8500-f9of10-d1of4,583,C2,C3,0.011479591836734748,Q4,0.003693444136657509,0.00031328320802004317,0.0009398496240601295,0.011479591836734748,True,stage18-scaling-24a9adb84176,4,5,8500,583
s4-step8500-f9of10-d1of4,583,C2,C4,0.02264030612244894,Q4,0.0009233610341643494,0.002192982456140302,0.0025062656641603454,0.02264030612244894,True,stage18-scaling-24a9adb84176,4,5,8500,583
s4-step8500-f9of10-d1of4,583,C2,C5,0.013711734693877542,Q4,0.006463527239150557,0.009398496240601517,0.00971177944862156,0.013711734693877542,True,stage18-scaling-24a9adb84176,4,5,8500,583
s4-step8500-f9of10-d1of4,583,C3,C4,0.01116071428571419,Q4,0.0027700831024931594,0.001879699248120259,0.0015664160401002158,0.01116071428571419,True,stage18-scaling-24a9adb84176,4,5,8500,583
s4-step8500-f9of10-d1of4,583,C3,C5,0.009085213032581474,Q2,0.0027700831024930483,0.009085213032581474,0.00877192982456143,0.0022321428571427937,True,stage18-scaling-24a9adb84176,4,5,8500,583
s4-step8500-f9of10-d1of4,583,C4,C5,0.008928571428571397,Q4,0.005540166204986208,0.007205513784461215,0.007205513784461215,0.008928571428571397,True,stage18-scaling-24a9adb84176,4,5,8500,583
s4-step8500-f9of10-d1of2,584,C1,C2,0.013850415512465353,Q1,0.013850415512465353,0.010025062656641603,0.009085213032581474,0.0025510204081632404,True,stage18-scaling-24a9adb84176,4,5,8500,584
s4-step8500-f9of10-d1of2,584,C1,C3,0.01754385964912286,Q1,0.01754385964912286,0.00971177944862156,0.008145363408521344,0.014030612244897989,True,stage18-scaling-24a9adb84176,4,5,8500,584
s4-step8500-f9of10-d1of2,584,C1,C4,0.02519132653061218,Q4,0.014773776546629702,0.007832080200501301,0.006578947368421129,0.02519132653061218,True,stage18-scaling-24a9adb84176,4,5,8500,584
s4-step8500-f9of10-d1of2,584,C1,C5,0.02031394275161591,Q1,0.02031394275161591,0.0006265664160400863,0.0006265664160400863,0.016262755102040782,True,stage18-scaling-24a9adb84176,4,5,8500,584
s4-step8500-f9of10-d1of2,584,C1,C6,0.026466836734693855,Q4,0.0166204986149584,0.0046992481203007586,0.0031328320802005427,0.026466836734693855,True,stage18-scaling-24a9adb84176,4,5,8500,584
s4-step8500-f9of10-d1of2,584,C2,C3,0.011479591836734748,Q4,0.003693444136657509,0.00031328320802004317,0.0009398496240601295,0.011479591836734748,True,stage18-scaling-24a9adb84176,4,5,8500,584
s4-step8500-f9of10-d1of2,584,C2,C4,0.02264030612244894,Q4,0.0009233610341643494,0.002192982456140302,0.0025062656641603454,0.02264030612244894,True,stage18-scaling-24a9adb84176,4,5,8500,584
s4-step8500-f9of10-d1of2,584,C2,C5,0.013711734693877542,Q4,0.006463527239150557,0.009398496240601517,0.00971177944862156,0.013711734693877542,True,stage18-scaling-24a9adb84176,4,5,8500,584
s4-step8500-f9of10-d1of2,584,C2,C6,0.023915816326530615,Q4,0.0027700831024930483,0.005325814536340845,0.005952380952380931,0.023915816326530615,True,stage18-scaling-24a9adb84176,4,5,8500,584
s4-step8500-f9of10-d1of2,584,C3,C4,0.01116071428571419,Q4,0.0027700831024931594,0.001879699248120259,0.0015664160401002158,0.01116071428571419,True,stage18-scaling-24a9adb84176,4,5,8500,584
s4-step8500-f9of10-d1of2,584,C3,C5,0.009085213032581474,Q2,0.0027700831024930483,0.009085213032581474,0.00877192982456143,0.0022321428571427937,True,stage18-scaling-24a9adb84176,4,5,8500,584
s4-step8500-f9of10-d1of2,584,C3,C6,0.012436224489795866,Q4,0.0009233610341644605,0.005012531328320802,0.005012531328320802,0.012436224489795866,True,stage18-scaling-24a9adb84176,4,5,8500,584
s4-step8500-f9of10-d1of2,584,C4,C5,0.008928571428571397,Q4,0.005540166204986208,0.007205513784461215,0.007205513784461215,0.008928571428571397,True,stage18-scaling-24a9adb84176,4,5,8500,584
s4-step8500-f9of10-d1of2,584,C4,C6,0.003446115288220586,Q3,0.001846722068328699,0.0031328320802005427,0.003446115288220586,0.0012755102040816757,True,stage18-scaling-24a9adb84176,4,5,8500,584
s4-step8500-f9of10-d1of2,584,C5,C6,0.010204081632653073,Q4,0.003693444136657509,0.004072681704260672,0.003759398496240629,0.010204081632653073,True,stage18-scaling-24a9adb84176,4,5,8500,584
s4-step8500-f9of10-d3of4,585,C1,C2,0.013850415512465353,Q1,0.013850415512465353,0.010025062656641603,0.009085213032581474,0.0025510204081632404,True,stage18-scaling-24a9adb84176,4,5,8500,585
s4-step8500-f9of10-d3of4,585,C1,C3,0.01754385964912286,Q1,0.01754385964912286,0.00971177944862156,0.008145363408521344,0.014030612244897989,True,stage18-scaling-24a9adb84176,4,5,8500,585
s4-step8500-f9of10-d3of4,585,C1,C4,0.02519132653061218,Q4,0.014773776546629702,0.007832080200501301,0.006578947368421129,0.02519132653061218,True,stage18-scaling-24a9adb84176,4,5,8500,585
s4-step8500-f9of10-d3of4,585,C1,C5,0.02031394275161591,Q1,0.02031394275161591,0.0006265664160400863,0.0006265664160400863,0.016262755102040782,True,stage18-scaling-24a9adb84176,4,5,8500,585
s4-step8500-f9of10-d3of4,585,C1,C6,0.026466836734693855,Q4,0.0166204986149584,0.0046992481203007586,0.0031328320802005427,0.026466836734693855,True,stage18-scaling-24a9adb84176,4,5,8500,585
s4-step8500-f9of10-d3of4,585,C2,C3,0.011479591836734748,Q4,0.003693444136657509,0.00031328320802004317,0.0009398496240601295,0.011479591836734748,True,stage18-scaling-24a9adb84176,4,5,8500,585
s4-step8500-f9of10-d3of4,585,C2,C4,0.02264030612244894,Q4,0.0009233610341643494,0.002192982456140302,0.0025062656641603454,0.02264030612244894,True,stage18-scaling-24a9adb84176,4,5,8500,585
s4-step8500-f9of10-d3of4,585,C2,C5,0.013711734693877542,Q4,0.006463527239150557,0.009398496240601517,0.00971177944862156,0.013711734693877542,True,stage18-scaling-24a9adb84176,4,5,8500,585
s4-step8500-f9of10-d3of4,585,C2,C6,0.023915816326530615,Q4,0.0027700831024930483,0.005325814536340845,0.005952380952380931,0.023915816326530615,True,stage18-scaling-24a9adb84176,4,5,8500,585
s4-step8500-f9of10-d3of4,585,C3,C4,0.01116071428571419,Q4,0.0027700831024931594,0.001879699248120259,0.0015664160401002158,0.01116071428571419,True,stage18-scaling-24a9adb84176,4,5,8500,585
s4-step8500-f9of10-d3of4,585,C3,C5,0.009085213032581474,Q2,0.0027700831024930483,0.009085213032581474,0.00877192982456143,0.0022321428571427937,True,stage18-scaling-24a9adb84176,4,5,8500,585
s4-step8500-f9of10-d3of4,585,C3,C6,0.012436224489795866,Q4,0.0009233610341644605,0.005012531328320802,0.005012531328320802,0.012436224489795866,True,stage18-scaling-24a9adb84176,4,5,8500,585
s4-step8500-f9of10-d3of4,585,C4,C5,0.008928571428571397,Q4,0.005540166204986208,0.007205513784461215,0.007205513784461215,0.008928571428571397,True,stage18-scaling-24a9adb84176,4,5,8500,585
s4-step8500-f9of10-d3of4,585,C4,C6,0.003446115288220586,Q3,0.001846722068328699,0.0031328320802005427,0.003446115288220586,0.0012755102040816757,True,stage18-scaling-24a9adb84176,4,5,8500,585
s4-step8500-f9of10-d3of4,585,C5,C6,0.010204081632653073,Q4,0.003693444136657509,0.004072681704260672,0.003759398496240629,0.010204081632653073,True,stage18-scaling-24a9adb84176,4,5,8500,585
s4-step8500-f19of20-d1of4,586,C1,C2,0.004145408163265252,Q4,0.001846722068328699,0.004072681704260672,0.004072681704260672,0.004145408163265252,True,stage18-scaling-24a9adb84176,4,5,8500,586
s4-step8500-f19of20-d1of4,586,C1,C3,0.007079101261926679,Q1,0.007079101261926679,0.003446115288220586,0.003759398496240629,0.004783163265306145,True,stage18-scaling-24a9adb84176,4,5,8500,586
s4-step8500-f19of20-d1of4,586,C2,C3,0.008928571428571397,Q4,0.00523237919359798,0.0006265664160400863,0.00031328320802004317,0.008928571428571397,True,stage18-scaling-24a9adb84176,4,5,8500,586
s4-step8500-f19of20-d1of2,587,C1,C2,0.004145408163265252,Q4,0.001846722068328699,0.004072681704260672,0.004072681704260672,0.004145408163265252,True,stage18-scaling-24a9adb84176,4,5,8500,587
s4-step8500-f19of20-d1of2,587,C1,C3,0.007079101261926679,Q1,0.007079101261926679,0.003446115288220586,0.003759398496240629,0.004783163265306145,True,stage18-scaling-24a9adb84176,4,5,8500,587
s4-step8500-f19of20-d1of2,587,C1,C4,0.0044642857142858094,Q4,0.0009233610341643494,0.0015664160401002158,0.001879699248120259,0.0044642857142858094,True,stage18-scaling-24a9adb84176,4,5,8500,587
s4-step8500-f19of20-d1of2,587,C1,C5,0.009247448979591844,Q4,0.00800246229609114,0.007205513784461104,0.007205513784461104,0.009247448979591844,True,stage18-scaling-24a9adb84176,4,5,8500,587
s4-step8500-f19of20-d1of2,587,C1,C6,0.003826530612244916,Q4,0.0009233610341643494,0.001879699248120259,0.001879699248120259,0.003826530612244916,True,stage18-scaling-24a9adb84176,4,5,8500,587
s4-step8500-f19of20-d1of2,587,C2,C3,0.008928571428571397,Q4,0.00523237919359798,0.0006265664160400863,0.00031328320802004317,0.008928571428571397,True,stage18-scaling-24a9adb84176,4,5,8500,587
s4-step8500-f19of20-d1of2,587,C2,C4,0.008609693877551061,Q4,0.0009233610341643494,0.005639097744360888,0.005952380952380931,0.008609693877551061,True,stage18-scaling-24a9adb84176,4,5,8500,587
s4-step8500-f19of20-d1of2,587,C2,C5,0.013392857142857095,Q4,0.009849184364419838,0.0031328320802004317,0.0031328320802004317,0.013392857142857095,True,stage18-scaling-24a9adb84176,4,5,8500,587
s4-step8500-f19of20-d1of2,587,C2,C6,0.007971938775510168,Q4,0.0009233610341643494,0.005952380952380931,0.005952380952380931,0.007971938775510168,True,stage18-scaling-24a9adb84176,4,5,8500,587
s4-step8500-f19of20-d1of2,587,C3,C4,0.00615574022776233,Q1,0.00615574022776233,0.005012531328320802,0.005639097744360888,0.00031887755102033566,True,stage18-scaling-24a9adb84176,4,5,8500,587
s4-step8500-f19of20-d1of2,587,C3,C5,0.015081563558017819,Q1,0.015081563558017819,0.003759398496240518,0.003446115288220475,0.004464285714285698,True,stage18-scaling-24a9adb84176,4,5,8500,587
s4-step8500-f19of20-d1of2,587,C3,C6,0.00615574022776233,Q1,0.00615574022776233,0.005325814536340845,0.005639097744360888,0.000956632653061229,True,stage18-scaling-24a9adb84176,4,5,8500,587
s4-step8500-f19of20-d1of2,587,C4,C5,0.009085213032581363,Q3,0.008925823330255489,0.00877192982456132,0.009085213032581363,0.004783163265306034,True,stage18-scaling-24a9adb84176,4,5,8500,587
s4-step8500-f19of20-d1of2,587,C4,C6,0.0006377551020408934,Q4,0.0,0.00031328320802004317,0.0,0.0006377551020408934,True,stage18-scaling-24a9adb84176,4,5,8500,587
s4-step8500-f19of20-d1of2,587,C5,C6,0.009085213032581363,Q2,0.008925823330255489,0.009085213032581363,0.009085213032581363,0.0054209183673469274,True,stage18-scaling-24a9adb84176,4,5,8500,587
s4-step8500-f19of20-d3of4,588,C1,C2,0.004145408163265252,Q4,0.001846722068328699,0.004072681704260672,0.004072681704260672,0.004145408163265252,True,stage18-scaling-24a9adb84176,4,5,8500,588
s4-step8500-f19of20-d3of4,588,C1,C3,0.007079101261926679,Q1,0.007079101261926679,0.003446115288220586,0.003759398496240629,0.004783163265306145,True,stage18-scaling-24a9adb84176,4,5,8500,588
s4-step8500-f19of20-d3of4,588,C1,C4,0.0044642857142858094,Q4,0.0009233610341643494,0.0015664160401002158,0.001879699248120259,0.0044642857142858094,True,stage18-scaling-24a9adb84176,4,5,8500,588
s4-step8500-f19of20-d3of4,588,C1,C5,0.009247448979591844,Q4,0.00800246229609114,0.007205513784461104,0.007205513784461104,0.009247448979591844,True,stage18-scaling-24a9adb84176,4,5,8500,588
s4-step8500-f19of20-d3of4,588,C1,C6,0.003826530612244916,Q4,0.0009233610341643494,0.001879699248120259,0.001879699248120259,0.003826530612244916,True,stage18-scaling-24a9adb84176,4,5,8500,588
s4-step8500-f19of20-d3of4,588,C2,C3,0.008928571428571397,Q4,0.00523237919359798,0.0006265664160400863,0.00031328320802004317,0.008928571428571397,True,stage18-scaling-24a9adb84176,4,5,8500,588
s4-step8500-f19of20-d3of4,588,C2,C4,0.008609693877551061,Q4,0.0009233610341643494,0.005639097744360888,0.005952380952380931,0.008609693877551061,True,stage18-scaling-24a9adb84176,4,5,8500,588
s4-step8500-f19of20-d3of4,588,C2,C5,0.013392857142857095,Q4,0.009849184364419838,0.0031328320802004317,0.0031328320802004317,0.013392857142857095,True,stage18-scaling-24a9adb84176,4,5,8500,588
s4-step8500-f19of20-d3of4,588,C2,C6,0.007971938775510168,Q4,0.0009233610341643494,0.005952380952380931,0.005952380952380931,0.007971938775510168,True,stage18-scaling-24a9adb84176,4,5,8500,588
s4-step8500-f19of20-d3of4,588,C3,C4,0.00615574022776233,Q1,0.00615574022776233,0.005012531328320802,0.005639097744360888,0.00031887755102033566,True,stage18-scaling-24a9adb84176,4,5,8500,588
s4-step8500-f19of20-d3of4,588,C3,C5,0.015081563558017819,Q1,0.015081563558017819,0.003759398496240518,0.003446115288220475,0.004464285714285698,True,stage18-scaling-24a9adb84176,4,5,8500,588
s4-step8500-f19of20-d3of4,588,C3,C6,0.00615574022776233,Q1,0.00615574022776233,0.005325814536340845,0.005639097744360888,0.000956632653061229,True,stage18-scaling-24a9adb84176,4,5,8500,588
s4-step8500-f19of20-d3of4,588,C4,C5,0.009085213032581363,Q3,0.008925823330255489,0.00877192982456132,0.009085213032581363,0.004783163265306034,True,stage18-scaling-24a9adb84176,4,5,8500,588
s4-step8500-f19of20-d3of4,588,C4,C6,0.0006377551020408934,Q4,0.0,0.00031328320802004317,0.0,0.0006377551020408934,True,stage18-scaling-24a9adb84176,4,5,8500,588
s4-step8500-f19of20-d3of4,588,C5,C6,0.009085213032581363,Q2,0.008925823330255489,0.009085213032581363,0.009085213032581363,0.0054209183673469274,True,stage18-scaling-24a9adb84176,4,5,8500,588
s4-step8500-f39of40-d1of4,589,C1,C2,0.009233610341643494,Q1,0.009233610341643494,0.0031328320802005427,0.0031328320802005427,0.004145408163265252,True,stage18-scaling-24a9adb84176,4,5,8500,589
s4-step8500-f39of40-d1of4,589,C1,C3,0.007653061224489832,Q4,0.00523237919359798,0.0006265664160400863,0.0006265664160400863,0.007653061224489832,True,stage18-scaling-24a9adb84176,4,5,8500,589
s4-step8500-f39of40-d1of4,589,C2,C3,0.004001231148045514,Q1,0.004001231148045514,0.0025062656641604564,0.0025062656641604564,0.0035076530612245804,True,stage18-scaling-24a9adb84176,4,5,8500,589
s4-step8500-f39of40-d1of2,590,C1,C2,0.009233610341643494,Q1,0.009233610341643494,0.0031328320802005427,0.0031328320802005427,0.004145408163265252,True,stage18-scaling-24a9adb84176,4,5,8500,590
s4-step8500-f39of40-d1of2,590,C1,C3,0.007653061224489832,Q4,0.00523237919359798,0.0006265664160400863,0.0006265664160400863,0.007653061224489832,True,stage18-scaling-24a9adb84176,4,5,8500,590
s4-step8500-f39of40-d1of2,590,C1,C4,0.002462296091104932,Q1,0.002462296091104932,0.0012531328320802837,0.0009398496240601295,0.000956632653061229,True,stage18-scaling-24a9adb84176,4,5,8500,590
s4-step8500-f39of40-d1of2,590,C1,C5,0.006463527239150446,Q1,0.006463527239150446,0.005325814536340845,0.0046992481203007586,0.002869897959183687,True,stage18-scaling-24a9adb84176,4,5,8500,590
s4-step8500-f39of40-d1of2,590,C1,C6,0.004145408163265252,Q4,0.001846722068328699,0.0015664160401003269,0.0006265664160400863,0.004145408163265252,True,stage18-scaling-24a9adb84176,4,5,8500,590
s4-step8500-f39of40-d1of2,590,C2,C3,0.004001231148045514,Q1,0.004001231148045514,0.0025062656641604564,0.0025062656641604564,0.0035076530612245804,True,stage18-scaling-24a9adb84176,4,5,8500,590
s4-step8500-f39of40-d1of2,590,C2,C4,0.006771314250538563,Q1,0.006771314250538563,0.001879699248120259,0.002192982456140413,0.005102040816326481,True,stage18-scaling-24a9adb84176,4,5,8500,590
s4-step8500-f39of40-d1of2,590,C2,C5,0.0027700831024930483,Q1,0.0027700831024930483,0.002192982456140302,0.0015664160401002158,0.0012755102040815647,True,stage18-scaling-24a9adb84176,4,5,8500,590
s4-step8500-f39of40-d1of2,590,C2,C6,0.007386888273314796,Q1,0.007386888273314796,0.0015664160401002158,0.0025062656641604564,0.0,True,stage18-scaling-24a9adb84176,4,5,8500,590
s4-step8500-f39of40-d1of2,590,C3,C4,0.008609693877551061,Q4,0.0027700831024930483,0.0006265664160401974,0.00031328320802004317,0.008609693877551061,True,stage18-scaling-24a9adb84176,4,5,8500,590
s4-step8500-f39of40-d1of2,590,C3,C5,0.004783163265306145,Q4,0.001231148045552466,0.0046992481203007586,0.004072681704260672,0.004783163265306145,True,stage18-scaling-24a9adb84176,4,5,8500,590
s4-step8500-f39of40-d1of2,590,C3,C6,0.0035076530612245804,Q4,0.0033856571252692813,0.0009398496240602405,0.0,0.0035076530612245804,True,stage18-scaling-24a9adb84176,4,5,8500,590
s4-step8500-f39of40-d1of2,590,C4,C5,0.004072681704260561,Q2,0.004001231148045514,0.004072681704260561,0.003759398496240629,0.003826530612244916,True,stage18-scaling-24a9adb84176,4,5,8500,590
s4-step8500-f39of40-d1of2,590,C4,C6,0.005102040816326481,Q4,0.000615574022776233,0.00031328320802004317,0.00031328320802004317,0.005102040816326481,True,stage18-scaling-24a9adb84176,4,5,8500,590
s4-step8500-f39of40-d1of2,590,C5,C6,0.004616805170821747,Q1,0.004616805170821747,0.003759398496240518,0.004072681704260672,0.0012755102040815647,True,stage18-scaling-24a9adb84176,4,5,8500,590
s4-step8500-f39of40-d3of4,591,C1,C2,0.009233610341643494,Q1,0.009233610341643494,0.0031328320802005427,0.0031328320802005427,0.004145408163265252,True,stage18-scaling-24a9adb84176,4,5,8500,591
s4-step8500-f39of40-d3of4,591,C1,C3,0.007653061224489832,Q4,0.00523237919359798,0.0006265664160400863,0.0006265664160400863,0.007653061224489832,True,stage18-scaling-24a9adb84176,4,5,8500,591
s4-step8500-f39of40-d3of4,591,C1,C4,0.002462296091104932,Q1,0.002462296091104932,0.0012531328320802837,0.0009398496240601295,0.000956632653061229,True,stage18-scaling-24a9adb84176,4,5,8500,591
s4-step8500-f39of40-d3of4,591,C1,C5,0.006463527239150446,Q1,0.006463527239150446,0.005325814536340845,0.0046992481203007586,0.002869897959183687,True,stage18-scaling-24a9adb84176,4,5,8500,591
s4-step8500-f39of40-d3of4,591,C1,C6,0.004145408163265252,Q4,0.001846722068328699,0.0015664160401003269,0.0006265664160400863,0.004145408163265252,True,stage18-scaling-24a9adb84176,4,5,8500,591
s4-step8500-f39of40-d3of4,591,C2,C3,0.004001231148045514,Q1,0.004001231148045514,0.0025062656641604564,0.0025062656641604564,0.0035076530612245804,True,stage18-scaling-24a9adb84176,4,5,8500,591
s4-step8500-f39of40-d3of4,591,C2,C4,0.006771314250538563,Q1,0.006771314250538563,0.001879699248120259,0.002192982456140413,0.005102040816326481,True,stage18-scaling-24a9adb84176,4,5,8500,591
s4-step8500-f39of40-d3of4,591,C2,C5,0.0027700831024930483,Q1,0.0027700831024930483,0.002192982456140302,0.0015664160401002158,0.0012755102040815647,True,stage18-scaling-24a9adb84176,4,5,8500,591
s4-step8500-f39of40-d3of4,591,C2,C6,0.007386888273314796,Q1,0.007386888273314796,0.0015664160401002158,0.0025062656641604564,0.0,True,stage18-scaling-24a9adb84176,4,5,8500,591
s4-step8500-f39of40-d3of4,591,C3,C4,0.008609693877551061,Q4,0.0027700831024930483,0.0006265664160401974,0.00031328320802004317,0.008609693877551061,True,stage18-scaling-24a9adb84176,4,5,8500,591
s4-step8500-f39of40-d3of4,591,C3,C5,0.004783163265306145,Q4,0.001231148045552466,0.0046992481203007586,0.004072681704260672,0.004783163265306145,True,stage18-scaling-24a9adb84176,4,5,8500,591
s4-step8500-f39of40-d3of4,591,C3,C6,0.0035076530612245804,Q4,0.0033856571252692813,0.0009398496240602405,0.0,0.0035076530612245804,True,stage18-scaling-24a9adb84176,4,5,8500,591
s4-step8500-f39of40-d3of4,591,C4,C5,0.004072681704260561,Q2,0.004001231148045514,0.004072681704260561,0.003759398496240629,0.003826530612244916,True,stage18-scaling-24a9adb84176,4,5,8500,591
s4-step8500-f39of40-d3of4,591,C4,C6,0.005102040816326481,Q4,0.000615574022776233,0.00031328320802004317,0.00031328320802004317,0.005102040816326481,True,stage18-scaling-24a9adb84176,4,5,8500,591
s4-step8500-f39of40-d3of4,591,C5,C6,0.004616805170821747,Q1,0.004616805170821747,0.003759398496240518,0.004072681704260672,0.0012755102040815647,True,stage18-scaling-24a9adb84176,4,5,8500,591
s4-step8500-f99of100-d1of4,592,C1,C2,0.004001231148045514,Q1,0.004001231148045514,0.001879699248120259,0.0012531328320801727,0.003826530612244916,True,stage18-scaling-24a9adb84176,4,5,8500,592
s4-step8500-f99of100-d1of4,592,C1,C3,0.0025510204081633514,Q4,0.001231148045552466,0.001879699248120259,0.0009398496240601295,0.0025510204081633514,True,stage18-scaling-24a9adb84176,4,5,8500,592
s4-step8500-f99of100-d1of4,592,C1,C4,0.004309018159433631,Q1,0.004309018159433631,0.0009398496240601295,0.0,0.0003188775510204467,True,stage18-scaling-24a9adb84176,4,5,8500,592
s4-step8500-f99of100-d1of4,592,C2,C3,0.0063775510204082675,Q4,0.00523237919359798,0.003759398496240518,0.002192982456140302,0.0063775510204082675,True,stage18-scaling-24a9adb84176,4,5,8500,592
s4-step8500-f99of100-d1of4,592,C2,C4,0.004145408163265363,Q4,0.0003077870113881165,0.0028195488721803885,0.0012531328320801727,0.004145408163265363,True,stage18-scaling-24a9adb84176,4,5,8500,592
s4-step8500-f99of100-d1of4,592,C3,C4,0.005540166204986097,Q1,0.005540166204986097,0.0009398496240601295,0.0009398496240601295,0.0022321428571429047,True,stage18-scaling-24a9adb84176,4,5,8500,592
s4-step8500-f99of100-d1of2,593,C1,C2,0.004001231148045514,Q1,0.004001231148045514,0.001879699248120259,0.0012531328320801727,0.003826530612244916,True,stage18-scaling-24a9adb84176,4,5,8500,593
s4-step8500-f99of100-d1of2,593,C1,C3,0.0025510204081633514,Q4,0.001231148045552466,0.001879699248120259,0.0009398496240601295,0.0025510204081633514,True,stage18-scaling-24a9adb84176,4,5,8500,593
s4-step8500-f99of100-d1of2,593,C1,C4,0.004309018159433631,Q1,0.004309018159433631,0.0009398496240601295,0.0,0.0003188775510204467,True,stage18-scaling-24a9adb84176,4,5,8500,593
s4-step8500-f99of100-d1of2,593,C1,C5,0.003077870113881165,Q1,0.003077870113881165,0.001879699248120259,0.0009398496240601295,0.0012755102040816757,True,stage18-scaling-24a9adb84176,4,5,8500,593
s4-step8500-f99of100-d1of2,593,C1,C6,0.002869897959183687,Q4,0.0003077870113881165,0.0009398496240601295,0.00031328320802004317,0.002869897959183687,True,stage18-scaling-24a9adb84176,4,5,8500,593
s4-step8500-f99of100-d1of2,593,C2,C3,0.0063775510204082675,Q4,0.00523237919359798,0.003759398496240518,0.002192982456140302,0.0063775510204082675,True,stage18-scaling-24a9adb84176,4,5,8500,593
s4-step8500-f99of100-d1of2,593,C2,C4,0.004145408163265363,Q4,0.0003077870113881165,0.0028195488721803885,0.0012531328320801727,0.004145408163265363,True,stage18-scaling-24a9adb84176,4,5,8500,593
s4-step8500-f99of100-d1of2,593,C2,C5,0.005102040816326592,Q4,0.0009233610341643494,0.003759398496240518,0.002192982456140302,0.005102040816326592,True,stage18-scaling-24a9adb84176,4,5,8500,593
s4-step8500-f99of100-d1of2,593,C2,C6,0.006696428571428603,Q4,0.004309018159433631,0.0028195488721803885,0.0015664160401002158,0.006696428571428603,True,stage18-scaling-24a9adb84176,4,5,8500,593
s4-step8500-f99of100-d1of2,593,C3,C4,0.005540166204986097,Q1,0.005540166204986097,0.0009398496240601295,0.0009398496240601295,0.0022321428571429047,True,stage18-scaling-24a9adb84176,4,5,8500,593
s4-step8500-f99of100-d1of2,593,C3,C5,0.004309018159433631,Q1,0.004309018159433631,0.0,0.0,0.0012755102040816757,True,stage18-scaling-24a9adb84176,4,5,8500,593
s4-step8500-f99of100-d1of2,593,C3,C6,0.0009398496240601295,Q2,0.0009233610341643494,0.0009398496240601295,0.0006265664160400863,0.00031887755102033566,True,stage18-scaling-24a9adb84176,4,5,8500,593
s4-step8500-f99of100-d1of2,593,C4,C5,0.001231148045552466,Q1,0.001231148045552466,0.0009398496240601295,0.0009398496240601295,0.000956632653061229,True,stage18-scaling-24a9adb84176,4,5,8500,593
s4-step8500-f99of100-d1of2,593,C4,C6,0.004616805170821747,Q1,0.004616805170821747,0.0,0.00031328320802004317,0.0025510204081632404,True,stage18-scaling-24a9adb84176,4,5,8500,593
s4-step8500-f99of100-d1of2,593,C5,C6,0.0033856571252692813,Q1,0.0033856571252692813,0.0009398496240601295,0.0006265664160400863,0.0015943877551020114,True,stage18-scaling-24a9adb84176,4,5,8500,593
s4-step8500-f99of100-d3of4,594,C1,C2,0.004001231148045514,Q1,0.004001231148045514,0.001879699248120259,0.0012531328320801727,0.003826530612244916,True,stage18-scaling-24a9adb84176,4,5,8500,594
s4-step8500-f99of100-d3of4,594,C1,C3,0.0025510204081633514,Q4,0.001231148045552466,0.001879699248120259,0.0009398496240601295,0.0025510204081633514,True,stage18-scaling-24a9adb84176,4,5,8500,594
s4-step8500-f99of100-d3of4,594,C1,C4,0.004309018159433631,Q1,0.004309018159433631,0.0009398496240601295,0.0,0.0003188775510204467,True,stage18-scaling-24a9adb84176,4,5,8500,594
s4-step8500-f99of100-d3of4,594,C1,C5,0.003077870113881165,Q1,0.003077870113881165,0.001879699248120259,0.0009398496240601295,0.0012755102040816757,True,stage18-scaling-24a9adb84176,4,5,8500,594
s4-step8500-f99of100-d3of4,594,C1,C6,0.002869897959183687,Q4,0.0003077870113881165,0.0009398496240601295,0.00031328320802004317,0.002869897959183687,True,stage18-scaling-24a9adb84176,4,5,8500,594
s4-step8500-f99of100-d3of4,594,C2,C3,0.0063775510204082675,Q4,0.00523237919359798,0.003759398496240518,0.002192982456140302,0.0063775510204082675,True,stage18-scaling-24a9adb84176,4,5,8500,594
s4-step8500-f99of100-d3of4,594,C2,C4,0.004145408163265363,Q4,0.0003077870113881165,0.0028195488721803885,0.0012531328320801727,0.004145408163265363,True,stage18-scaling-24a9adb84176,4,5,8500,594
s4-step8500-f99of100-d3of4,594,C2,C5,0.005102040816326592,Q4,0.0009233610341643494,0.003759398496240518,0.002192982456140302,0.005102040816326592,True,stage18-scaling-24a9adb84176,4,5,8500,594
s4-step8500-f99of100-d3of4,594,C2,C6,0.006696428571428603,Q4,0.004309018159433631,0.0028195488721803885,0.0015664160401002158,0.006696428571428603,True,stage18-scaling-24a9adb84176,4,5,8500,594
s4-step8500-f99of100-d3of4,594,C3,C4,0.005540166204986097,Q1,0.005540166204986097,0.0009398496240601295,0.0009398496240601295,0.0022321428571429047,True,stage18-scaling-24a9adb84176,4,5,8500,594
s4-step8500-f99of100-d3of4,594,C3,C5,0.004309018159433631,Q1,0.004309018159433631,0.0,0.0,0.0012755102040816757,True,stage18-scaling-24a9adb84176,4,5,8500,594
s4-step8500-f99of100-d3of4,594,C3,C6,0.0009398496240601295,Q2,0.0009233610341643494,0.0009398496240601295,0.0006265664160400863,0.00031887755102033566,True,stage18-scaling-24a9adb84176,4,5,8500,594
s4-step8500-f99of100-d3of4,594,C4,C5,0.001231148045552466,Q1,0.001231148045552466,0.0009398496240601295,0.0009398496240601295,0.000956632653061229,True,stage18-scaling-24a9adb84176,4,5,8500,594
s4-step8500-f99of100-d3of4,594,C4,C6,0.004616805170821747,Q1,0.004616805170821747,0.0,0.00031328320802004317,0.0025510204081632404,True,stage18-scaling-24a9adb84176,4,5,8500,594
s4-step8500-f99of100-d3of4,594,C5,C6,0.0033856571252692813,Q1,0.0033856571252692813,0.0009398496240601295,0.0006265664160400863,0.0015943877551020114,True,stage18-scaling-24a9adb84176,4,5,8500,594
s4-step8650-f4of5-d1of4,595,C1,C2,0.023809523809523836,Q2,0.023084025854108958,0.023809523809523836,0.023809523809523836,0.013392857142857095,True,stage18-scaling-24a9adb84176,4,6,8650,595
s4-step8650-f4of5-d1of4,595,C1,C3,0.036626654355186306,Q1,0.036626654355186306,0.008145363408521344,0.006265664160400974,0.01211734693877542,True,stage18-scaling-24a9adb84176,4,6,8650,595
s4-step8650-f4of5-d1of4,595,C1,C4,0.029017857142857095,Q4,0.02031394275161591,0.005639097744360888,0.004072681704260672,0.029017857142857095,True,stage18-scaling-24a9adb84176,4,6,8650,595
s4-step8650-f4of5-d1of4,595,C1,C5,0.01721938775510201,Q4,0.016312711603570396,0.005952380952380931,0.005639097744360888,0.01721938775510201,True,stage18-scaling-24a9adb84176,4,6,8650,595
s4-step8650-f4of5-d1of4,595,C2,C3,0.01754385964912286,Q3,0.013542628501077347,0.01566416040100249,0.01754385964912286,0.0012755102040816757,True,stage18-scaling-24a9adb84176,4,6,8650,595
s4-step8650-f4of5-d1of4,595,C2,C4,0.019736842105263164,Q3,0.0027700831024930483,0.018170426065162948,0.019736842105263164,0.015625,True,stage18-scaling-24a9adb84176,4,6,8650,595
s4-step8650-f4of5-d1of4,595,C2,C5,0.029761904761904767,Q2,0.006771314250538563,0.029761904761904767,0.029448621553884724,0.003826530612244916,True,stage18-scaling-24a9adb84176,4,6,8650,595
s4-step8650-f4of5-d1of4,595,C3,C4,0.016900510204081676,Q4,0.016312711603570396,0.0025062656641604564,0.002192982456140302,0.016900510204081676,True,stage18-scaling-24a9adb84176,4,6,8650,595
s4-step8650-f4of5-d1of4,595,C3,C5,0.02031394275161591,Q1,0.02031394275161591,0.014097744360902276,0.011904761904761862,0.005102040816326592,True,stage18-scaling-24a9adb84176,4,6,8650,595
s4-step8650-f4of5-d1of4,595,C4,C5,0.011798469387755084,Q4,0.004001231148045514,0.01159147869674182,0.00971177944862156,0.011798469387755084,True,stage18-scaling-24a9adb84176,4,6,8650,595
s4-step8650-f4of5-d1of2,596,C1,C2,0.023809523809523836,Q2,0.023084025854108958,0.023809523809523836,0.023809523809523836,0.013392857142857095,True,stage18-scaling-24a9adb84176,4,6,8650,596
s4-step8650-f4of5-d1of2,596,C1,C3,0.036626654355186306,Q1,0.036626654355186306,0.008145363408521344,0.006265664160400974,0.01211734693877542,True,stage18-scaling-24a9adb84176,4,6,8650,596
s4-step8650-f4of5-d1of2,596,C1,C4,0.029017857142857095,Q4,0.02031394275161591,0.005639097744360888,0.004072681704260672,0.029017857142857095,True,stage18-scaling-24a9adb84176,4,6,8650,596
s4-step8650-f4of5-d1of2,596,C1,C5,0.01721938775510201,Q4,0.016312711603570396,0.005952380952380931,0.005639097744360888,0.01721938775510201,True,stage18-scaling-24a9adb84176,4,6,8650,596
s4-step8650-f4of5-d1of2,596,C1,C6,0.03262542320714068,Q1,0.03262542320714068,0.004385964912280715,0.004385964912280715,0.029974489795918324,True,stage18-scaling-24a9adb84176,4,6,8650,596
s4-step8650-f4of5-d1of2,596,C2,C3,0.01754385964912286,Q3,0.013542628501077347,0.01566416040100249,0.01754385964912286,0.0012755102040816757,True,stage18-scaling-24a9adb84176,4,6,8650,596
s4-step8650-f4of5-d1of2,596,C2,C4,0.019736842105263164,Q3,0.0027700831024930483,0.018170426065162948,0.019736842105263164,0.015625,True,stage18-scaling-24a9adb84176,4,6,8650,596
s4-step8650-f4of5-d1of2,596,C2,C5,0.029761904761904767,Q2,0.006771314250538563,0.029761904761904767,0.029448621553884724,0.003826530612244916,True,stage18-scaling-24a9adb84176,4,6,8650,596
s4-step8650-f4of5-d1of2,596,C2,C6,0.02819548872180455,Q2,0.009541397353031722,0.02819548872180455,0.02819548872180455,0.01658163265306123,True,stage18-scaling-24a9adb84176,4,6,8650,596
s4-step8650-f4of5-d1of2,596,C3,C4,0.016900510204081676,Q4,0.016312711603570396,0.0025062656641604564,0.002192982456140302,0.016900510204081676,True,stage18-scaling-24a9adb84176,4,6,8650,596
s4-step8650-f4of5-d1of2,596,C3,C5,0.02031394275161591,Q1,0.02031394275161591,0.014097744360902276,0.011904761904761862,0.005102040816326592,True,stage18-scaling-24a9adb84176,4,6,8650,596
s4-step8650-f4of5-d1of2,596,C3,C6,0.017857142857142905,Q4,0.004001231148045625,0.01253132832080206,0.01065162907268169,0.017857142857142905,True,stage18-scaling-24a9adb84176,4,6,8650,596
s4-step8650-f4of5-d1of2,596,C4,C5,0.011798469387755084,Q4,0.004001231148045514,0.01159147869674182,0.00971177944862156,0.011798469387755084,True,stage18-scaling-24a9adb84176,4,6,8650,596
s4-step8650-f4of5-d1of2,596,C4,C6,0.01231148045552477,Q1,0.01231148045552477,0.010025062656641603,0.008458646616541388,0.000956632653061229,True,stage18-scaling-24a9adb84176,4,6,8650,596
s4-step8650-f4of5-d1of2,596,C5,C6,0.016312711603570285,Q1,0.016312711603570285,0.0015664160401002158,0.0012531328320801727,0.012755102040816313,True,stage18-scaling-24a9adb84176,4,6,8650,596
s4-step8650-f4of5-d3of4,597,C1,C2,0.023809523809523836,Q2,0.023084025854108958,0.023809523809523836,0.023809523809523836,0.013392857142857095,True,stage18-scaling-24a9adb84176,4,6,8650,597
s4-step8650-f4of5-d3of4,597,C1,C3,0.036626654355186306,Q1,0.036626654355186306,0.008145363408521344,0.006265664160400974,0.01211734693877542,True,stage18-scaling-24a9adb84176,4,6,8650,597
s4-step8650-f4of5-d3of4,597,C1,C4,0.029017857142857095,Q4,0.02031394275161591,0.005639097744360888,0.004072681704260672,0.029017857142857095,True,stage18-scaling-24a9adb84176,4,6,8650,597
s4-step8650-f4of5-d3of4,597,C1,C5,0.01721938775510201,Q4,0.016312711603570396,0.005952380952380931,0.005639097744360888,0.01721938775510201,True,stage18-scaling-24a9adb84176,4,6,8650,597
s4-step8650-f4of5-d3of4,597,C1,C6,0.03262542320714068,Q1,0.03262542320714068,0.004385964912280715,0.004385964912280715,0.029974489795918324,True,stage18-scaling-24a9adb84176,4,6,8650,597
s4-step8650-f4of5-d3of4,597,C2,C3,0.01754385964912286,Q3,0.013542628501077347,0.01566416040100249,0.01754385964912286,0.0012755102040816757,True,stage18-scaling-24a9adb84176,4,6,8650,597
s4-step8650-f4of5-d3of4,597,C2,C4,0.019736842105263164,Q3,0.0027700831024930483,0.018170426065162948,0.019736842105263164,0.015625,True,stage18-scaling-24a9adb84176,4,6,8650,597
s4-step8650-f4of5-d3of4,597,C2,C5,0.029761904761904767,Q2,0.006771314250538563,0.029761904761904767,0.029448621553884724,0.003826530612244916,True,stage18-scaling-24a9adb84176,4,6,8650,597
s4-step8650-f4of5-d3of4,597,C2,C6,0.02819548872180455,Q2,0.009541397353031722,0.02819548872180455,0.02819548872180455,0.01658163265306123,True,stage18-scaling-24a9adb84176,4,6,8650,597
s4-step8650-f4of5-d3of4,597,C3,C4,0.016900510204081676,Q4,0.016312711603570396,0.0025062656641604564,0.002192982456140302,0.016900510204081676,True,stage18-scaling-24a9adb84176,4,6,8650,597
s4-step8650-f4of5-d3of4,597,C3,C5,0.02031394275161591,Q1,0.02031394275161591,0.014097744360902276,0.011904761904761862,0.005102040816326592,True,stage18-scaling-24a9adb84176,4,6,8650,597
s4-step8650-f4of5-d3of4,597,C3,C6,0.017857142857142905,Q4,0.004001231148045625,0.01253132832080206,0.01065162907268169,0.017857142857142905,True,stage18-scaling-24a9adb84176,4,6,8650,597
s4-step8650-f4of5-d3of4,597,C4,C5,0.011798469387755084,Q4,0.004001231148045514,0.01159147869674182,0.00971177944862156,0.011798469387755084,True,stage18-scaling-24a9adb84176,4,6,8650,597
s4-step8650-f4of5-d3of4,597,C4,C6,0.01231148045552477,Q1,0.01231148045552477,0.010025062656641603,0.008458646616541388,0.000956632653061229,True,stage18-scaling-24a9adb84176,4,6,8650,597
s4-step8650-f4of5-d3of4,597,C5,C6,0.016312711603570285,Q1,0.016312711603570285,0.0015664160401002158,0.0012531328320801727,0.012755102040816313,True,stage18-scaling-24a9adb84176,4,6,8650,597
s4-step8650-f17of20-d1of4,598,C1,C2,0.028008618036318822,Q1,0.028008618036318822,0.007518796992481147,0.00877192982456143,0.0015943877551020114,True,stage18-scaling-24a9adb84176,4,6,8650,598
s4-step8650-f17of20-d1of4,598,C1,C3,0.012927054478301003,Q1,0.012927054478301003,0.00877192982456143,0.007205513784461104,0.0012755102040815647,True,stage18-scaling-24a9adb84176,4,6,8650,598
s4-step8650-f17of20-d1of4,598,C1,C4,0.017857142857142794,Q4,0.007079101261926679,0.0006265664160400863,0.0009398496240602405,0.017857142857142794,True,stage18-scaling-24a9adb84176,4,6,8650,598
s4-step8650-f17of20-d1of4,598,C2,C3,0.016290726817042578,Q2,0.015081563558017819,0.016290726817042578,0.015977443609022535,0.0003188775510204467,True,stage18-scaling-24a9adb84176,4,6,8650,598
s4-step8650-f17of20-d1of4,598,C2,C4,0.020929516774392143,Q1,0.020929516774392143,0.008145363408521233,0.00783208020050119,0.016262755102040782,True,stage18-scaling-24a9adb84176,4,6,8650,598
s4-step8650-f17of20-d1of4,598,C3,C4,0.01658163265306123,Q4,0.005847953216374324,0.008145363408521344,0.008145363408521344,0.01658163265306123,True,stage18-scaling-24a9adb84176,4,6,8650,598
s4-step8650-f17of20-d1of2,599,C1,C2,0.028008618036318822,Q1,0.028008618036318822,0.007518796992481147,0.00877192982456143,0.0015943877551020114,True,stage18-scaling-24a9adb84176,4,6,8650,599
s4-step8650-f17of20-d1of2,599,C1,C3,0.012927054478301003,Q1,0.012927054478301003,0.00877192982456143,0.007205513784461104,0.0012755102040815647,True,stage18-scaling-24a9adb84176,4,6,8650,599
s4-step8650-f17of20-d1of2,599,C1,C4,0.017857142857142794,Q4,0.007079101261926679,0.0006265664160400863,0.0009398496240602405,0.017857142857142794,True,stage18-scaling-24a9adb84176,4,6,8650,599
s4-step8650-f17of20-d1of2,599,C1,C5,0.021364795918367374,Q4,0.012619267466912887,0.00877192982456143,0.005952380952380931,0.021364795918367374,True,stage18-scaling-24a9adb84176,4,6,8650,599
s4-step8650-f17of20-d1of2,599,C1,C6,0.026777469990766356,Q1,0.026777469990766356,0.003446115288220586,0.003446115288220475,0.004464285714285698,True,stage18-scaling-24a9adb84176,4,6,8650,599
s4-step8650-f17of20-d1of2,599,C2,C3,0.016290726817042578,Q2,0.015081563558017819,0.016290726817042578,0.015977443609022535,0.0003188775510204467,True,stage18-scaling-24a9adb84176,4,6,8650,599
s4-step8650-f17of20-d1of2,599,C2,C4,0.020929516774392143,Q1,0.020929516774392143,0.008145363408521233,0.00783208020050119,0.016262755102040782,True,stage18-scaling-24a9adb84176,4,6,8650,599
s4-step8650-f17of20-d1of2,599,C2,C5,0.019770408163265363,Q4,0.015389350569405935,0.016290726817042578,0.014724310776942362,0.019770408163265363,True,stage18-scaling-24a9adb84176,4,6,8650,599
s4-step8650-f17of20-d1of2,599,C2,C6,0.012218045112781906,Q3,0.001231148045552466,0.010964912280701733,0.012218045112781906,0.002869897959183687,True,stage18-scaling-24a9adb84176,4,6,8650,599
s4-step8650-f17of20-d1of2,599,C3,C4,0.01658163265306123,Q4,0.005847953216374324,0.008145363408521344,0.008145363408521344,0.01658163265306123,True,stage18-scaling-24a9adb84176,4,6,8650,599
s4-step8650-f17of20-d1of2,599,C3,C5,0.02008928571428581,Q4,0.0003077870113881165,0.0,0.0012531328320801727,0.02008928571428581,True,stage18-scaling-24a9adb84176,4,6,8650,599
s4-step8650-f17of20-d1of2,599,C3,C6,0.013850415512465353,Q1,0.013850415512465353,0.005325814536340845,0.003759398496240629,0.0031887755102041337,True,stage18-scaling-24a9adb84176,4,6,8650,599
s4-step8650-f17of20-d1of2,599,C4,C5,0.008145363408521344,Q2,0.005540166204986208,0.008145363408521344,0.006892230576441172,0.0035076530612245804,True,stage18-scaling-24a9adb84176,4,6,8650,599
s4-step8650-f17of20-d1of2,599,C4,C6,0.019698368728839677,Q1,0.019698368728839677,0.0028195488721804995,0.004385964912280715,0.013392857142857095,True,stage18-scaling-24a9adb84176,4,6,8650,599
s4-step8650-f17of20-d1of2,599,C5,C6,0.016900510204081676,Q4,0.01415820252385347,0.005325814536340845,0.0025062656641604564,0.016900510204081676,True,stage18-scaling-24a9adb84176,4,6,8650,599
s4-step8650-f17of20-d3of4,600,C1,C2,0.028008618036318822,Q1,0.028008618036318822,0.007518796992481147,0.00877192982456143,0.0015943877551020114,True,stage18-scaling-24a9adb84176,4,6,8650,600
s4-step8650-f17of20-d3of4,600,C1,C3,0.012927054478301003,Q1,0.012927054478301003,0.00877192982456143,0.007205513784461104,0.0012755102040815647,True,stage18-scaling-24a9adb84176,4,6,8650,600
s4-step8650-f17of20-d3of4,600,C1,C4,0.017857142857142794,Q4,0.007079101261926679,0.0006265664160400863,0.0009398496240602405,0.017857142857142794,True,stage18-scaling-24a9adb84176,4,6,8650,600
s4-step8650-f17of20-d3of4,600,C1,C5,0.021364795918367374,Q4,0.012619267466912887,0.00877192982456143,0.005952380952380931,0.021364795918367374,True,stage18-scaling-24a9adb84176,4,6,8650,600
s4-step8650-f17of20-d3of4,600,C1,C6,0.026777469990766356,Q1,0.026777469990766356,0.003446115288220586,0.003446115288220475,0.004464285714285698,True,stage18-scaling-24a9adb84176,4,6,8650,600
s4-step8650-f17of20-d3of4,600,C2,C3,0.016290726817042578,Q2,0.015081563558017819,0.016290726817042578,0.015977443609022535,0.0003188775510204467,True,stage18-scaling-24a9adb84176,4,6,8650,600
s4-step8650-f17of20-d3of4,600,C2,C4,0.020929516774392143,Q1,0.020929516774392143,0.008145363408521233,0.00783208020050119,0.016262755102040782,True,stage18-scaling-24a9adb84176,4,6,8650,600
s4-step8650-f17of20-d3of4,600,C2,C5,0.019770408163265363,Q4,0.015389350569405935,0.016290726817042578,0.014724310776942362,0.019770408163265363,True,stage18-scaling-24a9adb84176,4,6,8650,600
s4-step8650-f17of20-d3of4,600,C2,C6,0.012218045112781906,Q3,0.001231148045552466,0.010964912280701733,0.012218045112781906,0.002869897959183687,True,stage18-scaling-24a9adb84176,4,6,8650,600
s4-step8650-f17of20-d3of4,600,C3,C4,0.01658163265306123,Q4,0.005847953216374324,0.008145363408521344,0.008145363408521344,0.01658163265306123,True,stage18-scaling-24a9adb84176,4,6,8650,600
s4-step8650-f17of20-d3of4,600,C3,C5,0.02008928571428581,Q4,0.0003077870113881165,0.0,0.0012531328320801727,0.02008928571428581,True,stage18-scaling-24a9adb84176,4,6,8650,600
s4-step8650-f17of20-d3of4,600,C3,C6,0.013850415512465353,Q1,0.013850415512465353,0.005325814536340845,0.003759398496240629,0.0031887755102041337,True,stage18-scaling-24a9adb84176,4,6,8650,600
s4-step8650-f17of20-d3of4,600,C4,C5,0.008145363408521344,Q2,0.005540166204986208,0.008145363408521344,0.006892230576441172,0.0035076530612245804,True,stage18-scaling-24a9adb84176,4,6,8650,600
s4-step8650-f17of20-d3of4,600,C4,C6,0.019698368728839677,Q1,0.019698368728839677,0.0028195488721804995,0.004385964912280715,0.013392857142857095,True,stage18-scaling-24a9adb84176,4,6,8650,600
s4-step8650-f17of20-d3of4,600,C5,C6,0.016900510204081676,Q4,0.01415820252385347,0.005325814536340845,0.0025062656641604564,0.016900510204081676,True,stage18-scaling-24a9adb84176,4,6,8650,600
s4-step8650-f9of10-d1of4,601,C1,C2,0.021045918367346927,Q4,0.010772545398584188,0.012844611528822103,0.012844611528822103,0.021045918367346927,True,stage18-scaling-24a9adb84176,4,6,8650,601
s4-step8650-f9of10-d1of4,601,C1,C3,0.03539540816326536,Q4,0.003693444136657398,0.0106516290726818,0.009398496240601517,0.03539540816326536,True,stage18-scaling-24a9adb84176,4,6,8650,601
s4-step8650-f9of10-d1of4,601,C2,C3,0.014349489795918435,Q4,0.00707910126192679,0.002192982456140302,0.003446115288220586,0.014349489795918435,True,stage18-scaling-24a9adb84176,4,6,8650,601
s4-step8650-f9of10-d1of2,602,C1,C2,0.021045918367346927,Q4,0.010772545398584188,0.012844611528822103,0.012844611528822103,0.021045918367346927,True,stage18-scaling-24a9adb84176,4,6,8650,602
s4-step8650-f9of10-d1of2,602,C1,C3,0.03539540816326536,Q4,0.003693444136657398,0.0106516290726818,0.009398496240601517,0.03539540816326536,True,stage18-scaling-24a9adb84176,4,6,8650,602
s4-step8650-f9of10-d1of2,602,C1,C4,0.0267857142857143,Q4,0.00523237919359798,0.01159147869674193,0.010964912280701844,0.0267857142857143,True,stage18-scaling-24a9adb84176,4,6,8650,602
s4-step8650-f9of10-d1of2,602,C1,C5,0.02264030612244894,Q4,0.010464758387196071,0.005012531328320802,0.004385964912280715,0.02264030612244894,True,stage18-scaling-24a9adb84176,4,6,8650,602
s4-step8650-f9of10-d1of2,602,C1,C6,0.022002551020408156,Q4,0.009849184364419838,0.002192982456140413,0.0015664160401003269,0.022002551020408156,True,stage18-scaling-24a9adb84176,4,6,8650,602
s4-step8650-f9of10-d1of2,602,C2,C3,0.014349489795918435,Q4,0.00707910126192679,0.002192982456140302,0.003446115288220586,0.014349489795918435,True,stage18-scaling-24a9adb84176,4,6,8650,602
s4-step8650-f9of10-d1of2,602,C2,C4,0.005739795918367374,Q4,0.005540166204986208,0.0012531328320801727,0.001879699248120259,0.005739795918367374,True,stage18-scaling-24a9adb84176,4,6,8650,602
s4-step8650-f9of10-d1of2,602,C2,C5,0.008458646616541388,Q3,0.0003077870113881165,0.007832080200501301,0.008458646616541388,0.0015943877551020114,True,stage18-scaling-24a9adb84176,4,6,8650,602
s4-step8650-f9of10-d1of2,602,C2,C6,0.011278195488721776,Q3,0.0009233610341643494,0.01065162907268169,0.011278195488721776,0.000956632653061229,True,stage18-scaling-24a9adb84176,4,6,8650,602
s4-step8650-f9of10-d1of2,602,C3,C4,0.008609693877551061,Q4,0.0015389350569405824,0.0009398496240601295,0.0015664160401003269,0.008609693877551061,True,stage18-scaling-24a9adb84176,4,6,8650,602
s4-step8650-f9of10-d1of2,602,C3,C5,0.012755102040816424,Q4,0.006771314250538674,0.005639097744360999,0.005012531328320802,0.012755102040816424,True,stage18-scaling-24a9adb84176,4,6,8650,602
s4-step8650-f9of10-d1of2,602,C3,C6,0.013392857142857206,Q4,0.006155740227762441,0.008458646616541388,0.00783208020050119,0.013392857142857206,True,stage18-scaling-24a9adb84176,4,6,8650,602
s4-step8650-f9of10-d1of2,602,C4,C5,0.006578947368421129,Q2,0.005232379193598091,0.006578947368421129,0.006578947368421129,0.004145408163265363,True,stage18-scaling-24a9adb84176,4,6,8650,602
s4-step8650-f9of10-d1of2,602,C4,C6,0.009398496240601517,Q2,0.004616805170821858,0.009398496240601517,0.009398496240601517,0.004783163265306145,True,stage18-scaling-24a9adb84176,4,6,8650,602
s4-step8650-f9of10-d1of2,602,C5,C6,0.0028195488721803885,Q2,0.000615574022776233,0.0028195488721803885,0.0028195488721803885,0.0006377551020407823,True,stage18-scaling-24a9adb84176,4,6,8650,602
s4-step8650-f9of10-d3of4,603,C1,C2,0.021045918367346927,Q4,0.010772545398584188,0.012844611528822103,0.012844611528822103,0.021045918367346927,True,stage18-scaling-24a9adb84176,4,6,8650,603
s4-step8650-f9of10-d3of4,603,C1,C3,0.03539540816326536,Q4,0.003693444136657398,0.0106516290726818,0.009398496240601517,0.03539540816326536,True,stage18-scaling-24a9adb84176,4,6,8650,603
s4-step8650-f9of10-d3of4,603,C1,C4,0.0267857142857143,Q4,0.00523237919359798,0.01159147869674193,0.010964912280701844,0.0267857142857143,True,stage18-scaling-24a9adb84176,4,6,8650,603
s4-step8650-f9of10-d3of4,603,C1,C5,0.02264030612244894,Q4,0.010464758387196071,0.005012531328320802,0.004385964912280715,0.02264030612244894,True,stage18-scaling-24a9adb84176,4,6,8650,603
s4-step8650-f9of10-d3of4,603,C1,C6,0.022002551020408156,Q4,0.009849184364419838,0.002192982456140413,0.0015664160401003269,0.022002551020408156,True,stage18-scaling-24a9adb84176,4,6,8650,603
s4-step8650-f9of10-d3of4,603,C2,C3,0.014349489795918435,Q4,0.00707910126192679,0.002192982456140302,0.003446115288220586,0.014349489795918435,True,stage18-scaling-24a9adb84176,4,6,8650,603
s4-step8650-f9of10-d3of4,603,C2,C4,0.005739795918367374,Q4,0.005540166204986208,0.0012531328320801727,0.001879699248120259,0.005739795918367374,True,stage18-scaling-24a9adb84176,4,6,8650,603
s4-step8650-f9of10-d3of4,603,C2,C5,0.008458646616541388,Q3,0.0003077870113881165,0.007832080200501301,0.008458646616541388,0.0015943877551020114,True,stage18-scaling-24a9adb84176,4,6,8650,603
s4-step8650-f9of10-d3of4,603,C2,C6,0.011278195488721776,Q3,0.0009233610341643494,0.01065162907268169,0.011278195488721776,0.000956632653061229,True,stage18-scaling-24a9adb84176,4,6,8650,603
s4-step8650-f9of10-d3of4,603,C3,C4,0.008609693877551061,Q4,0.0015389350569405824,0.0009398496240601295,0.0015664160401003269,0.008609693877551061,True,stage18-scaling-24a9adb84176,4,6,8650,603
s4-step8650-f9of10-d3of4,603,C3,C5,0.012755102040816424,Q4,0.006771314250538674,0.005639097744360999,0.005012531328320802,0.012755102040816424,True,stage18-scaling-24a9adb84176,4,6,8650,603
s4-step8650-f9of10-d3of4,603,C3,C6,0.013392857142857206,Q4,0.006155740227762441,0.008458646616541388,0.00783208020050119,0.013392857142857206,True,stage18-scaling-24a9adb84176,4,6,8650,603
s4-step8650-f9of10-d3of4,603,C4,C5,0.006578947368421129,Q2,0.005232379193598091,0.006578947368421129,0.006578947368421129,0.004145408163265363,True,stage18-scaling-24a9adb84176,4,6,8650,603
s4-step8650-f9of10-d3of4,603,C4,C6,0.009398496240601517,Q2,0.004616805170821858,0.009398496240601517,0.009398496240601517,0.004783163265306145,True,stage18-scaling-24a9adb84176,4,6,8650,603
s4-step8650-f9of10-d3of4,603,C5,C6,0.0028195488721803885,Q2,0.000615574022776233,0.0028195488721803885,0.0028195488721803885,0.0006377551020407823,True,stage18-scaling-24a9adb84176,4,6,8650,603
s4-step8650-f19of20-d1of4,604,C1,C2,0.0073341836734693855,Q4,0.005540166204986208,0.005952380952380931,0.006265664160400974,0.0073341836734693855,True,stage18-scaling-24a9adb84176,4,6,8650,604
s4-step8650-f19of20-d1of4,604,C1,C3,0.00971177944862156,Q2,0.000615574022776233,0.00971177944862156,0.009398496240601517,0.003826530612244916,True,stage18-scaling-24a9adb84176,4,6,8650,604
s4-step8650-f19of20-d1of4,604,C1,C4,0.008458646616541388,Q3,0.0009233610341643494,0.007832080200501301,0.008458646616541388,0.002869897959183687,True,stage18-scaling-24a9adb84176,4,6,8650,604
s4-step8650-f19of20-d1of4,604,C1,C5,0.00877192982456143,Q2,0.004616805170821858,0.00877192982456143,0.00877192982456143,0.005102040816326592,True,stage18-scaling-24a9adb84176,4,6,8650,604
s4-step8650-f19of20-d1of4,604,C1,C6,0.008290816326530615,Q4,0.0021545090797169264,0.003759398496240629,0.003759398496240629,0.008290816326530615,True,stage18-scaling-24a9adb84176,4,6,8650,604
s4-step8650-f19of20-d1of4,604,C2,C3,0.004924592182209975,Q1,0.004924592182209975,0.003759398496240629,0.0031328320802005427,0.0035076530612244694,True,stage18-scaling-24a9adb84176,4,6,8650,604
s4-step8650-f19of20-d1of4,604,C2,C4,0.006463527239150557,Q1,0.006463527239150557,0.00187969924812037,0.002192982456140413,0.004464285714285698,True,stage18-scaling-24a9adb84176,4,6,8650,604
s4-step8650-f19of20-d1of4,604,C2,C5,0.0028195488721804995,Q2,0.0009233610341643494,0.0028195488721804995,0.0025062656641604564,0.0022321428571427937,True,stage18-scaling-24a9adb84176,4,6,8650,604
s4-step8650-f19of20-d1of4,604,C2,C6,0.0033856571252692813,Q1,0.0033856571252692813,0.002192982456140302,0.0025062656641603454,0.000956632653061229,True,stage18-scaling-24a9adb84176,4,6,8650,604
s4-step8650-f19of20-d1of4,604,C3,C4,0.001879699248120259,Q2,0.0015389350569405824,0.001879699248120259,0.0009398496240601295,0.000956632653061229,True,stage18-scaling-24a9adb84176,4,6,8650,604
s4-step8650-f19of20-d1of4,604,C3,C5,0.004001231148045625,Q1,0.004001231148045625,0.0009398496240601295,0.0006265664160400863,0.0012755102040816757,True,stage18-scaling-24a9adb84176,4,6,8650,604
s4-step8650-f19of20-d1of4,604,C3,C6,0.005952380952380931,Q2,0.0015389350569406934,0.005952380952380931,0.005639097744360888,0.004464285714285698,True,stage18-scaling-24a9adb84176,4,6,8650,604
s4-step8650-f19of20-d1of4,604,C4,C5,0.005540166204986208,Q1,0.005540166204986208,0.0009398496240601295,0.00031328320802004317,0.0022321428571429047,True,stage18-scaling-24a9adb84176,4,6,8650,604
s4-step8650-f19of20-d1of4,604,C4,C6,0.0054209183673469274,Q4,0.003077870113881276,0.004072681704260672,0.0046992481203007586,0.0054209183673469274,True,stage18-scaling-24a9adb84176,4,6,8650,604
s4-step8650-f19of20-d1of4,604,C5,C6,0.005012531328320802,Q2,0.002462296091104932,0.005012531328320802,0.005012531328320802,0.0031887755102040227,True,stage18-scaling-24a9adb84176,4,6,8650,604
s4-step8650-f19of20-d1of2,605,C1,C2,0.0073341836734693855,Q4,0.005540166204986208,0.005952380952380931,0.006265664160400974,0.0073341836734693855,True,stage18-scaling-24a9adb84176,4,6,8650,605
s4-step8650-f19of20-d1of2,605,C1,C3,0.00971177944862156,Q2,0.000615574022776233,0.00971177944862156,0.009398496240601517,0.003826530612244916,True,stage18-scaling-24a9adb84176,4,6,8650,605
s4-step8650-f19of20-d1of2,605,C1,C4,0.008458646616541388,Q3,0.0009233610341643494,0.007832080200501301,0.008458646616541388,0.002869897959183687,True,stage18-scaling-24a9adb84176,4,6,8650,605
s4-step8650-f19of20-d1of2,605,C1,C5,0.00877192982456143,Q2,0.004616805170821858,0.00877192982456143,0.00877192982456143,0.005102040816326592,True,stage18-scaling-24a9adb84176,4,6,8650,605
s4-step8650-f19of20-d1of2,605,C1,C6,0.008290816326530615,Q4,0.0021545090797169264,0.003759398496240629,0.003759398496240629,0.008290816326530615,True,stage18-scaling-24a9adb84176,4,6,8650,605
s4-step8650-f19of20-d1of2,605,C2,C3,0.004924592182209975,Q1,0.004924592182209975,0.003759398496240629,0.0031328320802005427,0.0035076530612244694,True,stage18-scaling-24a9adb84176,4,6,8650,605
s4-step8650-f19of20-d1of2,605,C2,C4,0.006463527239150557,Q1,0.006463527239150557,0.00187969924812037,0.002192982456140413,0.004464285714285698,True,stage18-scaling-24a9adb84176,4,6,8650,605
s4-step8650-f19of20-d1of2,605,C2,C5,0.0028195488721804995,Q2,0.0009233610341643494,0.0028195488721804995,0.0025062656641604564,0.0022321428571427937,True,stage18-scaling-24a9adb84176,4,6,8650,605
s4-step8650-f19of20-d1of2,605,C2,C6,0.0033856571252692813,Q1,0.0033856571252692813,0.002192982456140302,0.0025062656641603454,0.000956632653061229,True,stage18-scaling-24a9adb84176,4,6,8650,605
s4-step8650-f19of20-d1of2,605,C3,C4,0.001879699248120259,Q2,0.0015389350569405824,0.001879699248120259,0.0009398496240601295,0.000956632653061229,True,stage18-scaling-24a9adb84176,4,6,8650,605
s4-step8650-f19of20-d1of2,605,C3,C5,0.004001231148045625,Q1,0.004001231148045625,0.0009398496240601295,0.0006265664160400863,0.0012755102040816757,True,stage18-scaling-24a9adb84176,4,6,8650,605
s4-step8650-f19of20-d1of2,605,C3,C6,0.005952380952380931,Q2,0.0015389350569406934,0.005952380952380931,0.005639097744360888,0.004464285714285698,True,stage18-scaling-24a9adb84176,4,6,8650,605
s4-step8650-f19of20-d1of2,605,C4,C5,0.005540166204986208,Q1,0.005540166204986208,0.0009398496240601295,0.00031328320802004317,0.0022321428571429047,True,stage18-scaling-24a9adb84176,4,6,8650,605
s4-step8650-f19of20-d1of2,605,C4,C6,0.0054209183673469274,Q4,0.003077870113881276,0.004072681704260672,0.0046992481203007586,0.0054209183673469274,True,stage18-scaling-24a9adb84176,4,6,8650,605
s4-step8650-f19of20-d1of2,605,C5,C6,0.005012531328320802,Q2,0.002462296091104932,0.005012531328320802,0.005012531328320802,0.0031887755102040227,True,stage18-scaling-24a9adb84176,4,6,8650,605
s4-step8650-f19of20-d3of4,606,C1,C2,0.0073341836734693855,Q4,0.005540166204986208,0.005952380952380931,0.006265664160400974,0.0073341836734693855,True,stage18-scaling-24a9adb84176,4,6,8650,606
s4-step8650-f19of20-d3of4,606,C1,C3,0.00971177944862156,Q2,0.000615574022776233,0.00971177944862156,0.009398496240601517,0.003826530612244916,True,stage18-scaling-24a9adb84176,4,6,8650,606
s4-step8650-f19of20-d3of4,606,C1,C4,0.008458646616541388,Q3,0.0009233610341643494,0.007832080200501301,0.008458646616541388,0.002869897959183687,True,stage18-scaling-24a9adb84176,4,6,8650,606
s4-step8650-f19of20-d3of4,606,C1,C5,0.00877192982456143,Q2,0.004616805170821858,0.00877192982456143,0.00877192982456143,0.005102040816326592,True,stage18-scaling-24a9adb84176,4,6,8650,606
s4-step8650-f19of20-d3of4,606,C1,C6,0.008290816326530615,Q4,0.0021545090797169264,0.003759398496240629,0.003759398496240629,0.008290816326530615,True,stage18-scaling-24a9adb84176,4,6,8650,606
s4-step8650-f19of20-d3of4,606,C2,C3,0.004924592182209975,Q1,0.004924592182209975,0.003759398496240629,0.0031328320802005427,0.0035076530612244694,True,stage18-scaling-24a9adb84176,4,6,8650,606
s4-step8650-f19of20-d3of4,606,C2,C4,0.006463527239150557,Q1,0.006463527239150557,0.00187969924812037,0.002192982456140413,0.004464285714285698,True,stage18-scaling-24a9adb84176,4,6,8650,606
s4-step8650-f19of20-d3of4,606,C2,C5,0.0028195488721804995,Q2,0.0009233610341643494,0.0028195488721804995,0.0025062656641604564,0.0022321428571427937,True,stage18-scaling-24a9adb84176,4,6,8650,606
s4-step8650-f19of20-d3of4,606,C2,C6,0.0033856571252692813,Q1,0.0033856571252692813,0.002192982456140302,0.0025062656641603454,0.000956632653061229,True,stage18-scaling-24a9adb84176,4,6,8650,606
s4-step8650-f19of20-d3of4,606,C3,C4,0.001879699248120259,Q2,0.0015389350569405824,0.001879699248120259,0.0009398496240601295,0.000956632653061229,True,stage18-scaling-24a9adb84176,4,6,8650,606
s4-step8650-f19of20-d3of4,606,C3,C5,0.004001231148045625,Q1,0.004001231148045625,0.0009398496240601295,0.0006265664160400863,0.0012755102040816757,True,stage18-scaling-24a9adb84176,4,6,8650,606
s4-step8650-f19of20-d3of4,606,C3,C6,0.005952380952380931,Q2,0.0015389350569406934,0.005952380952380931,0.005639097744360888,0.004464285714285698,True,stage18-scaling-24a9adb84176,4,6,8650,606
s4-step8650-f19of20-d3of4,606,C4,C5,0.005540166204986208,Q1,0.005540166204986208,0.0009398496240601295,0.00031328320802004317,0.0022321428571429047,True,stage18-scaling-24a9adb84176,4,6,8650,606
s4-step8650-f19of20-d3of4,606,C4,C6,0.0054209183673469274,Q4,0.003077870113881276,0.004072681704260672,0.0046992481203007586,0.0054209183673469274,True,stage18-scaling-24a9adb84176,4,6,8650,606
s4-step8650-f19of20-d3of4,606,C5,C6,0.005012531328320802,Q2,0.002462296091104932,0.005012531328320802,0.005012531328320802,0.0031887755102040227,True,stage18-scaling-24a9adb84176,4,6,8650,606
s4-step8650-f39of40-d1of4,607,C1,C2,0.0046992481203007586,Q2,0.003693444136657398,0.0046992481203007586,0.004385964912280715,0.000956632653061229,True,stage18-scaling-24a9adb84176,4,6,8650,607
s4-step8650-f39of40-d1of4,607,C1,C3,0.00971177944862156,Q2,0.00523237919359798,0.00971177944862156,0.008458646616541388,0.000956632653061229,True,stage18-scaling-24a9adb84176,4,6,8650,607
s4-step8650-f39of40-d1of4,607,C1,C4,0.01065162907268169,Q2,0.0021545090797168154,0.01065162907268169,0.009398496240601517,0.0012755102040816757,True,stage18-scaling-24a9adb84176,4,6,8650,607
s4-step8650-f39of40-d1of4,607,C2,C3,0.005012531328320802,Q2,0.0015389350569405824,0.005012531328320802,0.004072681704260672,0.0,True,stage18-scaling-24a9adb84176,4,6,8650,607
s4-step8650-f39of40-d1of4,607,C2,C4,0.005952380952380931,Q2,0.0015389350569405824,0.005952380952380931,0.005012531328320802,0.0003188775510204467,True,stage18-scaling-24a9adb84176,4,6,8650,607
s4-step8650-f39of40-d1of4,607,C3,C4,0.003077870113881165,Q1,0.003077870113881165,0.0009398496240601295,0.0009398496240601295,0.0003188775510204467,True,stage18-scaling-24a9adb84176,4,6,8650,607
s4-step8650-f39of40-d1of2,608,C1,C2,0.0046992481203007586,Q2,0.003693444136657398,0.0046992481203007586,0.004385964912280715,0.000956632653061229,True,stage18-scaling-24a9adb84176,4,6,8650,608
s4-step8650-f39of40-d1of2,608,C1,C3,0.00971177944862156,Q2,0.00523237919359798,0.00971177944862156,0.008458646616541388,0.000956632653061229,True,stage18-scaling-24a9adb84176,4,6,8650,608
s4-step8650-f39of40-d1of2,608,C1,C4,0.01065162907268169,Q2,0.0021545090797168154,0.01065162907268169,0.009398496240601517,0.0012755102040816757,True,stage18-scaling-24a9adb84176,4,6,8650,608
s4-step8650-f39of40-d1of2,608,C1,C5,0.005012531328320802,Q2,0.004616805170821747,0.005012531328320802,0.004072681704260672,0.0025510204081632404,True,stage18-scaling-24a9adb84176,4,6,8650,608
s4-step8650-f39of40-d1of2,608,C1,C6,0.006771314250538563,Q1,0.006771314250538563,0.005639097744360888,0.004072681704260672,0.0006377551020407823,True,stage18-scaling-24a9adb84176,4,6,8650,608
s4-step8650-f39of40-d1of2,608,C2,C3,0.005012531328320802,Q2,0.0015389350569405824,0.005012531328320802,0.004072681704260672,0.0,True,stage18-scaling-24a9adb84176,4,6,8650,608
s4-step8650-f39of40-d1of2,608,C2,C4,0.005952380952380931,Q2,0.0015389350569405824,0.005952380952380931,0.005012531328320802,0.0003188775510204467,True,stage18-scaling-24a9adb84176,4,6,8650,608
s4-step8650-f39of40-d1of2,608,C2,C5,0.0035076530612244694,Q4,0.0009233610341643494,0.00031328320802004317,0.00031328320802004317,0.0035076530612244694,True,stage18-scaling-24a9adb84176,4,6,8650,608
s4-step8650-f39of40-d1of2,608,C2,C6,0.003077870113881165,Q1,0.003077870113881165,0.0009398496240601295,0.00031328320802004317,0.0003188775510204467,True,stage18-scaling-24a9adb84176,4,6,8650,608
s4-step8650-f39of40-d1of2,608,C3,C4,0.003077870113881165,Q1,0.003077870113881165,0.0009398496240601295,0.0009398496240601295,0.0003188775510204467,True,stage18-scaling-24a9adb84176,4,6,8650,608
s4-step8650-f39of40-d1of2,608,C3,C5,0.0046992481203007586,Q2,0.000615574022776233,0.0046992481203007586,0.004385964912280715,0.0035076530612244694,True,stage18-scaling-24a9adb84176,4,6,8650,608
s4-step8650-f39of40-d1of2,608,C3,C6,0.004385964912280715,Q3,0.0015389350569405824,0.004072681704260672,0.004385964912280715,0.0003188775510204467,True,stage18-scaling-24a9adb84176,4,6,8650,608
s4-step8650-f39of40-d1of2,608,C4,C5,0.005639097744360888,Q2,0.002462296091104932,0.005639097744360888,0.005325814536340845,0.003826530612244916,True,stage18-scaling-24a9adb84176,4,6,8650,608
s4-step8650-f39of40-d1of2,608,C4,C6,0.005325814536340845,Q3,0.004616805170821747,0.005012531328320802,0.005325814536340845,0.0006377551020408934,True,stage18-scaling-24a9adb84176,4,6,8650,608
s4-step8650-f39of40-d1of2,608,C5,C6,0.0031887755102040227,Q4,0.0021545090797168154,0.0006265664160400863,0.0,0.0031887755102040227,True,stage18-scaling-24a9adb84176,4,6,8650,608
s4-step8650-f39of40-d3of4,609,C1,C2,0.0046992481203007586,Q2,0.003693444136657398,0.0046992481203007586,0.004385964912280715,0.000956632653061229,True,stage18-scaling-24a9adb84176,4,6,8650,609
s4-step8650-f39of40-d3of4,609,C1,C3,0.00971177944862156,Q2,0.00523237919359798,0.00971177944862156,0.008458646616541388,0.000956632653061229,True,stage18-scaling-24a9adb84176,4,6,8650,609
s4-step8650-f39of40-d3of4,609,C1,C4,0.01065162907268169,Q2,0.0021545090797168154,0.01065162907268169,0.009398496240601517,0.0012755102040816757,True,stage18-scaling-24a9adb84176,4,6,8650,609
s4-step8650-f39of40-d3of4,609,C1,C5,0.005012531328320802,Q2,0.004616805170821747,0.005012531328320802,0.004072681704260672,0.0025510204081632404,True,stage18-scaling-24a9adb84176,4,6,8650,609
s4-step8650-f39of40-d3of4,609,C1,C6,0.006771314250538563,Q1,0.006771314250538563,0.005639097744360888,0.004072681704260672,0.0006377551020407823,True,stage18-scaling-24a9adb84176,4,6,8650,609
s4-step8650-f39of40-d3of4,609,C2,C3,0.005012531328320802,Q2,0.0015389350569405824,0.005012531328320802,0.004072681704260672,0.0,True,stage18-scaling-24a9adb84176,4,6,8650,609
s4-step8650-f39of40-d3of4,609,C2,C4,0.005952380952380931,Q2,0.0015389350569405824,0.005952380952380931,0.005012531328320802,0.0003188775510204467,True,stage18-scaling-24a9adb84176,4,6,8650,609
s4-step8650-f39of40-d3of4,609,C2,C5,0.0035076530612244694,Q4,0.0009233610341643494,0.00031328320802004317,0.00031328320802004317,0.0035076530612244694,True,stage18-scaling-24a9adb84176,4,6,8650,609
s4-step8650-f39of40-d3of4,609,C2,C6,0.003077870113881165,Q1,0.003077870113881165,0.0009398496240601295,0.00031328320802004317,0.0003188775510204467,True,stage18-scaling-24a9adb84176,4,6,8650,609
s4-step8650-f39of40-d3of4,609,C3,C4,0.003077870113881165,Q1,0.003077870113881165,0.0009398496240601295,0.0009398496240601295,0.0003188775510204467,True,stage18-scaling-24a9adb84176,4,6,8650,609
s4-step8650-f39of40-d3of4,609,C3,C5,0.0046992481203007586,Q2,0.000615574022776233,0.0046992481203007586,0.004385964912280715,0.0035076530612244694,True,stage18-scaling-24a9adb84176,4,6,8650,609
s4-step8650-f39of40-d3of4,609,C3,C6,0.004385964912280715,Q3,0.0015389350569405824,0.004072681704260672,0.004385964912280715,0.0003188775510204467,True,stage18-scaling-24a9adb84176,4,6,8650,609
s4-step8650-f39of40-d3of4,609,C4,C5,0.005639097744360888,Q2,0.002462296091104932,0.005639097744360888,0.005325814536340845,0.003826530612244916,True,stage18-scaling-24a9adb84176,4,6,8650,609
s4-step8650-f39of40-d3of4,609,C4,C6,0.005325814536340845,Q3,0.004616805170821747,0.005012531328320802,0.005325814536340845,0.0006377551020408934,True,stage18-scaling-24a9adb84176,4,6,8650,609
s4-step8650-f39of40-d3of4,609,C5,C6,0.0031887755102040227,Q4,0.0021545090797168154,0.0006265664160400863,0.0,0.0031887755102040227,True,stage18-scaling-24a9adb84176,4,6,8650,609
s4-step8650-f99of100-d1of4,610,C1,C2,0.0027700831024930483,Q1,0.0027700831024930483,0.0,0.0,0.0006377551020407823,True,stage18-scaling-24a9adb84176,4,6,8650,610
s4-step8650-f99of100-d1of4,610,C1,C3,0.00605867346938771,Q4,0.005540166204986097,0.0025062656641603454,0.0015664160401002158,0.00605867346938771,True,stage18-scaling-24a9adb84176,4,6,8650,610
s4-step8650-f99of100-d1of4,610,C1,C4,0.005102040816326481,Q4,0.000615574022776233,0.0046992481203007586,0.005012531328320802,0.005102040816326481,True,stage18-scaling-24a9adb84176,4,6,8650,610
s4-step8650-f99of100-d1of4,610,C1,C5,0.003826530612244916,Q4,0.0003077870113881165,0.0,0.0,0.003826530612244916,True,stage18-scaling-24a9adb84176,4,6,8650,610
s4-step8650-f99of100-d1of4,610,C2,C3,0.006696428571428492,Q4,0.0027700831024930483,0.0025062656641603454,0.0015664160401002158,0.006696428571428492,True,stage18-scaling-24a9adb84176,4,6,8650,610
s4-step8650-f99of100-d1of4,610,C2,C4,0.005739795918367263,Q4,0.0033856571252692813,0.0046992481203007586,0.005012531328320802,0.005739795918367263,True,stage18-scaling-24a9adb84176,4,6,8650,610
s4-step8650-f99of100-d1of4,610,C2,C5,0.0031887755102041337,Q4,0.002462296091104932,0.0,0.0,0.0031887755102041337,True,stage18-scaling-24a9adb84176,4,6,8650,610
s4-step8650-f99of100-d1of4,610,C3,C4,0.00615574022776233,Q1,0.00615574022776233,0.002192982456140413,0.003446115288220586,0.000956632653061229,True,stage18-scaling-24a9adb84176,4,6,8650,610
s4-step8650-f99of100-d1of4,610,C3,C5,0.009885204081632626,Q4,0.00523237919359798,0.0025062656641603454,0.0015664160401002158,0.009885204081632626,True,stage18-scaling-24a9adb84176,4,6,8650,610
s4-step8650-f99of100-d1of4,610,C4,C5,0.008928571428571397,Q4,0.0009233610341643494,0.0046992481203007586,0.005012531328320802,0.008928571428571397,True,stage18-scaling-24a9adb84176,4,6,8650,610
s4-step8650-f99of100-d1of2,611,C1,C2,0.0027700831024930483,Q1,0.0027700831024930483,0.0,0.0,0.0006377551020407823,True,stage18-scaling-24a9adb84176,4,6,8650,611
s4-step8650-f99of100-d1of2,611,C1,C3,0.00605867346938771,Q4,0.005540166204986097,0.0025062656641603454,0.0015664160401002158,0.00605867346938771,True,stage18-scaling-24a9adb84176,4,6,8650,611
s4-step8650-f99of100-d1of2,611,C1,C4,0.005102040816326481,Q4,0.000615574022776233,0.0046992481203007586,0.005012531328320802,0.005102040816326481,True,stage18-scaling-24a9adb84176,4,6,8650,611
s4-step8650-f99of100-d1of2,611,C1,C5,0.003826530612244916,Q4,0.0003077870113881165,0.0,0.0,0.003826530612244916,True,stage18-scaling-24a9adb84176,4,6,8650,611
s4-step8650-f99of100-d1of2,611,C1,C6,0.0025510204081632404,Q4,0.0021545090797168154,0.001879699248120259,0.002192982456140302,0.0025510204081632404,True,stage18-scaling-24a9adb84176,4,6,8650,611
s4-step8650-f99of100-d1of2,611,C2,C3,0.006696428571428492,Q4,0.0027700831024930483,0.0025062656641603454,0.0015664160401002158,0.006696428571428492,True,stage18-scaling-24a9adb84176,4,6,8650,611
s4-step8650-f99of100-d1of2,611,C2,C4,0.005739795918367263,Q4,0.0033856571252692813,0.0046992481203007586,0.005012531328320802,0.005739795918367263,True,stage18-scaling-24a9adb84176,4,6,8650,611
s4-step8650-f99of100-d1of2,611,C2,C5,0.0031887755102041337,Q4,0.002462296091104932,0.0,0.0,0.0031887755102041337,True,stage18-scaling-24a9adb84176,4,6,8650,611
s4-step8650-f99of100-d1of2,611,C2,C6,0.0031887755102040227,Q4,0.000615574022776233,0.001879699248120259,0.002192982456140302,0.0031887755102040227,True,stage18-scaling-24a9adb84176,4,6,8650,611
s4-step8650-f99of100-d1of2,611,C3,C4,0.00615574022776233,Q1,0.00615574022776233,0.002192982456140413,0.003446115288220586,0.000956632653061229,True,stage18-scaling-24a9adb84176,4,6,8650,611
s4-step8650-f99of100-d1of2,611,C3,C5,0.009885204081632626,Q4,0.00523237919359798,0.0025062656641603454,0.0015664160401002158,0.009885204081632626,True,stage18-scaling-24a9adb84176,4,6,8650,611
s4-step8650-f99of100-d1of2,611,C3,C6,0.0035076530612244694,Q4,0.0033856571252692813,0.0006265664160400863,0.0006265664160400863,0.0035076530612244694,True,stage18-scaling-24a9adb84176,4,6,8650,611
s4-step8650-f99of100-d1of2,611,C4,C5,0.008928571428571397,Q4,0.0009233610341643494,0.0046992481203007586,0.005012531328320802,0.008928571428571397,True,stage18-scaling-24a9adb84176,4,6,8650,611
s4-step8650-f99of100-d1of2,611,C4,C6,0.0028195488721804995,Q2,0.0027700831024930483,0.0028195488721804995,0.0028195488721804995,0.0025510204081632404,True,stage18-scaling-24a9adb84176,4,6,8650,611
s4-step8650-f99of100-d1of2,611,C5,C6,0.0063775510204081565,Q4,0.001846722068328699,0.001879699248120259,0.002192982456140302,0.0063775510204081565,True,stage18-scaling-24a9adb84176,4,6,8650,611
s4-step8650-f99of100-d3of4,612,C1,C2,0.0027700831024930483,Q1,0.0027700831024930483,0.0,0.0,0.0006377551020407823,True,stage18-scaling-24a9adb84176,4,6,8650,612
s4-step8650-f99of100-d3of4,612,C1,C3,0.00605867346938771,Q4,0.005540166204986097,0.0025062656641603454,0.0015664160401002158,0.00605867346938771,True,stage18-scaling-24a9adb84176,4,6,8650,612
s4-step8650-f99of100-d3of4,612,C1,C4,0.005102040816326481,Q4,0.000615574022776233,0.0046992481203007586,0.005012531328320802,0.005102040816326481,True,stage18-scaling-24a9adb84176,4,6,8650,612
s4-step8650-f99of100-d3of4,612,C1,C5,0.003826530612244916,Q4,0.0003077870113881165,0.0,0.0,0.003826530612244916,True,stage18-scaling-24a9adb84176,4,6,8650,612
s4-step8650-f99of100-d3of4,612,C1,C6,0.0025510204081632404,Q4,0.0021545090797168154,0.001879699248120259,0.002192982456140302,0.0025510204081632404,True,stage18-scaling-24a9adb84176,4,6,8650,612
s4-step8650-f99of100-d3of4,612,C2,C3,0.006696428571428492,Q4,0.0027700831024930483,0.0025062656641603454,0.0015664160401002158,0.006696428571428492,True,stage18-scaling-24a9adb84176,4,6,8650,612
s4-step8650-f99of100-d3of4,612,C2,C4,0.005739795918367263,Q4,0.0033856571252692813,0.0046992481203007586,0.005012531328320802,0.005739795918367263,True,stage18-scaling-24a9adb84176,4,6,8650,612
s4-step8650-f99of100-d3of4,612,C2,C5,0.0031887755102041337,Q4,0.002462296091104932,0.0,0.0,0.0031887755102041337,True,stage18-scaling-24a9adb84176,4,6,8650,612
s4-step8650-f99of100-d3of4,612,C2,C6,0.0031887755102040227,Q4,0.000615574022776233,0.001879699248120259,0.002192982456140302,0.0031887755102040227,True,stage18-scaling-24a9adb84176,4,6,8650,612
s4-step8650-f99of100-d3of4,612,C3,C4,0.00615574022776233,Q1,0.00615574022776233,0.002192982456140413,0.003446115288220586,0.000956632653061229,True,stage18-scaling-24a9adb84176,4,6,8650,612
s4-step8650-f99of100-d3of4,612,C3,C5,0.009885204081632626,Q4,0.00523237919359798,0.0025062656641603454,0.0015664160401002158,0.009885204081632626,True,stage18-scaling-24a9adb84176,4,6,8650,612
s4-step8650-f99of100-d3of4,612,C3,C6,0.0035076530612244694,Q4,0.0033856571252692813,0.0006265664160400863,0.0006265664160400863,0.0035076530612244694,True,stage18-scaling-24a9adb84176,4,6,8650,612
s4-step8650-f99of100-d3of4,612,C4,C5,0.008928571428571397,Q4,0.0009233610341643494,0.0046992481203007586,0.005012531328320802,0.008928571428571397,True,stage18-scaling-24a9adb84176,4,6,8650,612
s4-step8650-f99of100-d3of4,612,C4,C6,0.0028195488721804995,Q2,0.0027700831024930483,0.0028195488721804995,0.0028195488721804995,0.0025510204081632404,True,stage18-scaling-24a9adb84176,4,6,8650,612
s4-step8650-f99of100-d3of4,612,C5,C6,0.0063775510204081565,Q4,0.001846722068328699,0.001879699248120259,0.002192982456140302,0.0063775510204081565,True,stage18-scaling-24a9adb84176,4,6,8650,612
s4-step9050-f4of5-d1of4,613,C1,C2,0.027085257002154473,Q1,0.027085257002154473,0.012218045112781906,0.014724310776942362,0.00701530612244905,True,stage18-scaling-24a9adb84176,4,7,9050,613
s4-step9050-f4of5-d1of4,613,C1,C3,0.028008618036318822,Q1,0.028008618036318822,0.0009398496240601295,0.0009398496240602405,0.014668367346938882,True,stage18-scaling-24a9adb84176,4,7,9050,613
s4-step9050-f4of5-d1of4,613,C2,C3,0.015664160401002603,Q3,0.0009233610341643494,0.013157894736842035,0.015664160401002603,0.007653061224489832,True,stage18-scaling-24a9adb84176,4,7,9050,613
s4-step9050-f4of5-d1of2,614,C1,C2,0.027085257002154473,Q1,0.027085257002154473,0.012218045112781906,0.014724310776942362,0.00701530612244905,True,stage18-scaling-24a9adb84176,4,7,9050,614
s4-step9050-f4of5-d1of2,614,C1,C3,0.028008618036318822,Q1,0.028008618036318822,0.0009398496240601295,0.0009398496240602405,0.014668367346938882,True,stage18-scaling-24a9adb84176,4,7,9050,614
s4-step9050-f4of5-d1of2,614,C1,C4,0.03601108033240996,Q1,0.03601108033240996,0.007205513784461104,0.00877192982456132,0.017538265306122347,True,stage18-scaling-24a9adb84176,4,7,9050,614
s4-step9050-f4of5-d1of2,614,C1,C5,0.016581632653061118,Q4,0.014465989535241586,0.0046992481203007586,0.004385964912280715,0.016581632653061118,True,stage18-scaling-24a9adb84176,4,7,9050,614
s4-step9050-f4of5-d1of2,614,C1,C6,0.024007386888273308,Q1,0.024007386888273308,0.003446115288220586,0.006578947368421018,0.007015306122448939,True,stage18-scaling-24a9adb84176,4,7,9050,614
s4-step9050-f4of5-d1of2,614,C2,C3,0.015664160401002603,Q3,0.0009233610341643494,0.013157894736842035,0.015664160401002603,0.007653061224489832,True,stage18-scaling-24a9adb84176,4,7,9050,614
s4-step9050-f4of5-d1of2,614,C2,C4,0.024553571428571397,Q4,0.008925823330255489,0.005012531328320802,0.005952380952381042,0.024553571428571397,True,stage18-scaling-24a9adb84176,4,7,9050,614
s4-step9050-f4of5-d1of2,614,C2,C5,0.023596938775510168,Q4,0.012619267466912887,0.016917293233082664,0.019110275689223077,0.023596938775510168,True,stage18-scaling-24a9adb84176,4,7,9050,614
s4-step9050-f4of5-d1of2,614,C2,C6,0.014030612244897989,Q4,0.003077870113881165,0.00877192982456132,0.008145363408521344,0.014030612244897989,True,stage18-scaling-24a9adb84176,4,7,9050,614
s4-step9050-f4of5-d1of2,614,C3,C4,0.03220663265306123,Q4,0.00800246229609114,0.008145363408521233,0.00971177944862156,0.03220663265306123,True,stage18-scaling-24a9adb84176,4,7,9050,614
s4-step9050-f4of5-d1of2,614,C3,C5,0.03125,Q4,0.013542628501077236,0.003759398496240629,0.003446115288220475,0.03125,True,stage18-scaling-24a9adb84176,4,7,9050,614
s4-step9050-f4of5-d1of2,614,C3,C6,0.02168367346938782,Q4,0.004001231148045514,0.004385964912280715,0.007518796992481258,0.02168367346938782,True,stage18-scaling-24a9adb84176,4,7,9050,614
s4-step9050-f4of5-d1of2,614,C4,C5,0.021545090797168376,Q1,0.021545090797168376,0.011904761904761862,0.013157894736842035,0.000956632653061229,True,stage18-scaling-24a9adb84176,4,7,9050,614
s4-step9050-f4of5-d1of2,614,C4,C6,0.012003693444136654,Q1,0.012003693444136654,0.003759398496240518,0.002192982456140302,0.010522959183673408,True,stage18-scaling-24a9adb84176,4,7,9050,614
s4-step9050-f4of5-d1of2,614,C5,C6,0.010964912280701733,Q3,0.009541397353031722,0.008145363408521344,0.010964912280701733,0.00956632653061218,True,stage18-scaling-24a9adb84176,4,7,9050,614
s4-step9050-f4of5-d3of4,615,C1,C2,0.027085257002154473,Q1,0.027085257002154473,0.012218045112781906,0.014724310776942362,0.00701530612244905,True,stage18-scaling-24a9adb84176,4,7,9050,615
s4-step9050-f4of5-d3of4,615,C1,C3,0.028008618036318822,Q1,0.028008618036318822,0.0009398496240601295,0.0009398496240602405,0.014668367346938882,True,stage18-scaling-24a9adb84176,4,7,9050,615
s4-step9050-f4of5-d3of4,615,C1,C4,0.03601108033240996,Q1,0.03601108033240996,0.007205513784461104,0.00877192982456132,0.017538265306122347,True,stage18-scaling-24a9adb84176,4,7,9050,615
s4-step9050-f4of5-d3of4,615,C1,C5,0.016581632653061118,Q4,0.014465989535241586,0.0046992481203007586,0.004385964912280715,0.016581632653061118,True,stage18-scaling-24a9adb84176,4,7,9050,615
s4-step9050-f4of5-d3of4,615,C1,C6,0.024007386888273308,Q1,0.024007386888273308,0.003446115288220586,0.006578947368421018,0.007015306122448939,True,stage18-scaling-24a9adb84176,4,7,9050,615
s4-step9050-f4of5-d3of4,615,C2,C3,0.015664160401002603,Q3,0.0009233610341643494,0.013157894736842035,0.015664160401002603,0.007653061224489832,True,stage18-scaling-24a9adb84176,4,7,9050,615
s4-step9050-f4of5-d3of4,615,C2,C4,0.024553571428571397,Q4,0.008925823330255489,0.005012531328320802,0.005952380952381042,0.024553571428571397,True,stage18-scaling-24a9adb84176,4,7,9050,615
s4-step9050-f4of5-d3of4,615,C2,C5,0.023596938775510168,Q4,0.012619267466912887,0.016917293233082664,0.019110275689223077,0.023596938775510168,True,stage18-scaling-24a9adb84176,4,7,9050,615
s4-step9050-f4of5-d3of4,615,C2,C6,0.014030612244897989,Q4,0.003077870113881165,0.00877192982456132,0.008145363408521344,0.014030612244897989,True,stage18-scaling-24a9adb84176,4,7,9050,615
s4-step9050-f4of5-d3of4,615,C3,C4,0.03220663265306123,Q4,0.00800246229609114,0.008145363408521233,0.00971177944862156,0.03220663265306123,True,stage18-scaling-24a9adb84176,4,7,9050,615
s4-step9050-f4of5-d3of4,615,C3,C5,0.03125,Q4,0.013542628501077236,0.003759398496240629,0.003446115288220475,0.03125,True,stage18-scaling-24a9adb84176,4,7,9050,615
s4-step9050-f4of5-d3of4,615,C3,C6,0.02168367346938782,Q4,0.004001231148045514,0.004385964912280715,0.007518796992481258,0.02168367346938782,True,stage18-scaling-24a9adb84176,4,7,9050,615
s4-step9050-f4of5-d3of4,615,C4,C5,0.021545090797168376,Q1,0.021545090797168376,0.011904761904761862,0.013157894736842035,0.000956632653061229,True,stage18-scaling-24a9adb84176,4,7,9050,615
s4-step9050-f4of5-d3of4,615,C4,C6,0.012003693444136654,Q1,0.012003693444136654,0.003759398496240518,0.002192982456140302,0.010522959183673408,True,stage18-scaling-24a9adb84176,4,7,9050,615
s4-step9050-f4of5-d3of4,615,C5,C6,0.010964912280701733,Q3,0.009541397353031722,0.008145363408521344,0.010964912280701733,0.00956632653061218,True,stage18-scaling-24a9adb84176,4,7,9050,615
s4-step9050-f17of20-d1of4,616,C1,C2,0.010156971375807955,Q1,0.010156971375807955,0.007205513784461104,0.00877192982456132,0.008290816326530615,True,stage18-scaling-24a9adb84176,4,7,9050,616
s4-step9050-f17of20-d1of4,616,C1,C3,0.010025062656641603,Q3,0.000615574022776233,0.009085213032581474,0.010025062656641603,0.000956632653061229,True,stage18-scaling-24a9adb84176,4,7,9050,616
s4-step9050-f17of20-d1of4,616,C2,C3,0.009541397353031722,Q1,0.009541397353031722,0.00187969924812037,0.0012531328320802837,0.009247448979591844,True,stage18-scaling-24a9adb84176,4,7,9050,616
s4-step9050-f17of20-d1of2,617,C1,C2,0.010156971375807955,Q1,0.010156971375807955,0.007205513784461104,0.00877192982456132,0.008290816326530615,True,stage18-scaling-24a9adb84176,4,7,9050,617
s4-step9050-f17of20-d1of2,617,C1,C3,0.010025062656641603,Q3,0.000615574022776233,0.009085213032581474,0.010025062656641603,0.000956632653061229,True,stage18-scaling-24a9adb84176,4,7,9050,617
s4-step9050-f17of20-d1of2,617,C1,C4,0.01817602040816335,Q4,0.010772545398584188,0.002192982456140302,0.004072681704260672,0.01817602040816335,True,stage18-scaling-24a9adb84176,4,7,9050,617
s4-step9050-f17of20-d1of2,617,C1,C5,0.02423469387755106,Q4,0.00800246229609114,0.005012531328320802,0.008458646616541277,0.02423469387755106,True,stage18-scaling-24a9adb84176,4,7,9050,617
s4-step9050-f17of20-d1of2,617,C1,C6,0.011160714285714302,Q4,0.006771314250538563,0.002192982456140302,0.004072681704260672,0.011160714285714302,True,stage18-scaling-24a9adb84176,4,7,9050,617
s4-step9050-f17of20-d1of2,617,C2,C3,0.009541397353031722,Q1,0.009541397353031722,0.00187969924812037,0.0012531328320802837,0.009247448979591844,True,stage18-scaling-24a9adb84176,4,7,9050,617
s4-step9050-f17of20-d1of2,617,C2,C4,0.020929516774392143,Q1,0.020929516774392143,0.005012531328320802,0.0046992481203006475,0.009885204081632737,True,stage18-scaling-24a9adb84176,4,7,9050,617
s4-step9050-f17of20-d1of2,617,C2,C5,0.018159433671899095,Q1,0.018159433671899095,0.002192982456140302,0.00031328320802004317,0.015943877551020447,True,stage18-scaling-24a9adb84176,4,7,9050,617
s4-step9050-f17of20-d1of2,617,C2,C6,0.019451530612244916,Q4,0.0033856571252693923,0.005012531328320802,0.0046992481203006475,0.019451530612244916,True,stage18-scaling-24a9adb84176,4,7,9050,617
s4-step9050-f17of20-d1of2,617,C3,C4,0.01913265306122458,Q4,0.011388119421360421,0.006892230576441172,0.005952380952380931,0.01913265306122458,True,stage18-scaling-24a9adb84176,4,7,9050,617
s4-step9050-f17of20-d1of2,617,C3,C5,0.02519132653061229,Q4,0.008618036318867373,0.004072681704260672,0.0015664160401003269,0.02519132653061229,True,stage18-scaling-24a9adb84176,4,7,9050,617
s4-step9050-f17of20-d1of2,617,C3,C6,0.010204081632653073,Q4,0.00615574022776233,0.006892230576441172,0.005952380952380931,0.010204081632653073,True,stage18-scaling-24a9adb84176,4,7,9050,617
s4-step9050-f17of20-d1of2,617,C4,C5,0.00605867346938771,Q4,0.0027700831024930483,0.0028195488721804995,0.004385964912280604,0.00605867346938771,True,stage18-scaling-24a9adb84176,4,7,9050,617
s4-step9050-f17of20-d1of2,617,C4,C6,0.029336734693877653,Q4,0.01754385964912275,0.0,0.0,0.029336734693877653,True,stage18-scaling-24a9adb84176,4,7,9050,617
s4-step9050-f17of20-d1of2,617,C5,C6,0.03539540816326536,Q4,0.014773776546629702,0.0028195488721804995,0.004385964912280604,0.03539540816326536,True,stage18-scaling-24a9adb84176,4,7,9050,617
s4-step9050-f17of20-d3of4,618,C1,C2,0.010156971375807955,Q1,0.010156971375807955,0.007205513784461104,0.00877192982456132,0.008290816326530615,True,stage18-scaling-24a9adb84176,4,7,9050,618
s4-step9050-f17of20-d3of4,618,C1,C3,0.010025062656641603,Q3,0.000615574022776233,0.009085213032581474,0.010025062656641603,0.000956632653061229,True,stage18-scaling-24a9adb84176,4,7,9050,618
s4-step9050-f17of20-d3of4,618,C1,C4,0.01817602040816335,Q4,0.010772545398584188,0.002192982456140302,0.004072681704260672,0.01817602040816335,True,stage18-scaling-24a9adb84176,4,7,9050,618
s4-step9050-f17of20-d3of4,618,C1,C5,0.02423469387755106,Q4,0.00800246229609114,0.005012531328320802,0.008458646616541277,0.02423469387755106,True,stage18-scaling-24a9adb84176,4,7,9050,618
s4-step9050-f17of20-d3of4,618,C1,C6,0.011160714285714302,Q4,0.006771314250538563,0.002192982456140302,0.004072681704260672,0.011160714285714302,True,stage18-scaling-24a9adb84176,4,7,9050,618
s4-step9050-f17of20-d3of4,618,C2,C3,0.009541397353031722,Q1,0.009541397353031722,0.00187969924812037,0.0012531328320802837,0.009247448979591844,True,stage18-scaling-24a9adb84176,4,7,9050,618
s4-step9050-f17of20-d3of4,618,C2,C4,0.020929516774392143,Q1,0.020929516774392143,0.005012531328320802,0.0046992481203006475,0.009885204081632737,True,stage18-scaling-24a9adb84176,4,7,9050,618
s4-step9050-f17of20-d3of4,618,C2,C5,0.018159433671899095,Q1,0.018159433671899095,0.002192982456140302,0.00031328320802004317,0.015943877551020447,True,stage18-scaling-24a9adb84176,4,7,9050,618
s4-step9050-f17of20-d3of4,618,C2,C6,0.019451530612244916,Q4,0.0033856571252693923,0.005012531328320802,0.0046992481203006475,0.019451530612244916,True,stage18-scaling-24a9adb84176,4,7,9050,618
s4-step9050-f17of20-d3of4,618,C3,C4,0.01913265306122458,Q4,0.011388119421360421,0.006892230576441172,0.005952380952380931,0.01913265306122458,True,stage18-scaling-24a9adb84176,4,7,9050,618
s4-step9050-f17of20-d3of4,618,C3,C5,0.02519132653061229,Q4,0.008618036318867373,0.004072681704260672,0.0015664160401003269,0.02519132653061229,True,stage18-scaling-24a9adb84176,4,7,9050,618
s4-step9050-f17of20-d3of4,618,C3,C6,0.010204081632653073,Q4,0.00615574022776233,0.006892230576441172,0.005952380952380931,0.010204081632653073,True,stage18-scaling-24a9adb84176,4,7,9050,618
s4-step9050-f17of20-d3of4,618,C4,C5,0.00605867346938771,Q4,0.0027700831024930483,0.0028195488721804995,0.004385964912280604,0.00605867346938771,True,stage18-scaling-24a9adb84176,4,7,9050,618
s4-step9050-f17of20-d3of4,618,C4,C6,0.029336734693877653,Q4,0.01754385964912275,0.0,0.0,0.029336734693877653,True,stage18-scaling-24a9adb84176,4,7,9050,618
s4-step9050-f17of20-d3of4,618,C5,C6,0.03539540816326536,Q4,0.014773776546629702,0.0028195488721804995,0.004385964912280604,0.03539540816326536,True,stage18-scaling-24a9adb84176,4,7,9050,618
s4-step9050-f9of10-d1of4,619,C1,C2,0.018159433671898983,Q1,0.018159433671898983,0.007832080200501301,0.006578947368421018,0.010841836734693855,True,stage18-scaling-24a9adb84176,4,7,9050,619
s4-step9050-f9of10-d1of4,619,C1,C3,0.006155740227762441,Q1,0.006155740227762441,0.0015664160401003269,0.0,0.004464285714285698,True,stage18-scaling-24a9adb84176,4,7,9050,619
s4-step9050-f9of10-d1of4,619,C1,C4,0.010204081632653073,Q4,0.0033856571252692813,0.0015664160401002158,0.0031328320802005427,0.010204081632653073,True,stage18-scaling-24a9adb84176,4,7,9050,619
s4-step9050-f9of10-d1of4,619,C1,C5,0.008458646616541388,Q2,0.00800246229609114,0.008458646616541388,0.007518796992481147,0.0006377551020407823,True,stage18-scaling-24a9adb84176,4,7,9050,619
s4-step9050-f9of10-d1of4,619,C2,C3,0.024315173899661424,Q1,0.024315173899661424,0.006265664160400974,0.006578947368421018,0.0063775510204081565,True,stage18-scaling-24a9adb84176,4,7,9050,619
s4-step9050-f9of10-d1of4,619,C2,C4,0.021545090797168265,Q1,0.021545090797168265,0.009398496240601517,0.00971177944862156,0.0006377551020407823,True,stage18-scaling-24a9adb84176,4,7,9050,619
s4-step9050-f9of10-d1of4,619,C2,C5,0.026161895967990123,Q1,0.026161895967990123,0.0006265664160400863,0.0009398496240601295,0.011479591836734637,True,stage18-scaling-24a9adb84176,4,7,9050,619
s4-step9050-f9of10-d1of4,619,C3,C4,0.005739795918367374,Q4,0.0027700831024931594,0.0031328320802005427,0.0031328320802005427,0.005739795918367374,True,stage18-scaling-24a9adb84176,4,7,9050,619
s4-step9050-f9of10-d1of4,619,C3,C5,0.007518796992481147,Q3,0.001846722068328699,0.006892230576441061,0.007518796992481147,0.005102040816326481,True,stage18-scaling-24a9adb84176,4,7,9050,619
s4-step9050-f9of10-d1of4,619,C4,C5,0.010841836734693855,Q4,0.004616805170821858,0.010025062656641603,0.01065162907268169,0.010841836734693855,True,stage18-scaling-24a9adb84176,4,7,9050,619
s4-step9050-f9of10-d1of2,620,C1,C2,0.018159433671898983,Q1,0.018159433671898983,0.007832080200501301,0.006578947368421018,0.010841836734693855,True,stage18-scaling-24a9adb84176,4,7,9050,620
s4-step9050-f9of10-d1of2,620,C1,C3,0.006155740227762441,Q1,0.006155740227762441,0.0015664160401003269,0.0,0.004464285714285698,True,stage18-scaling-24a9adb84176,4,7,9050,620
s4-step9050-f9of10-d1of2,620,C1,C4,0.010204081632653073,Q4,0.0033856571252692813,0.0015664160401002158,0.0031328320802005427,0.010204081632653073,True,stage18-scaling-24a9adb84176,4,7,9050,620
s4-step9050-f9of10-d1of2,620,C1,C5,0.008458646616541388,Q2,0.00800246229609114,0.008458646616541388,0.007518796992481147,0.0006377551020407823,True,stage18-scaling-24a9adb84176,4,7,9050,620
s4-step9050-f9of10-d1of2,620,C1,C6,0.010841836734693855,Q4,0.007694675284703023,0.005012531328320802,0.006892230576441172,0.010841836734693855,True,stage18-scaling-24a9adb84176,4,7,9050,620
s4-step9050-f9of10-d1of2,620,C2,C3,0.024315173899661424,Q1,0.024315173899661424,0.006265664160400974,0.006578947368421018,0.0063775510204081565,True,stage18-scaling-24a9adb84176,4,7,9050,620
s4-step9050-f9of10-d1of2,620,C2,C4,0.021545090797168265,Q1,0.021545090797168265,0.009398496240601517,0.00971177944862156,0.0006377551020407823,True,stage18-scaling-24a9adb84176,4,7,9050,620
s4-step9050-f9of10-d1of2,620,C2,C5,0.026161895967990123,Q1,0.026161895967990123,0.0006265664160400863,0.0009398496240601295,0.011479591836734637,True,stage18-scaling-24a9adb84176,4,7,9050,620
s4-step9050-f9of10-d1of2,620,C2,C6,0.025854108956602007,Q1,0.025854108956602007,0.012844611528822103,0.01347117794486219,0.0,True,stage18-scaling-24a9adb84176,4,7,9050,620
s4-step9050-f9of10-d1of2,620,C3,C4,0.005739795918367374,Q4,0.0027700831024931594,0.0031328320802005427,0.0031328320802005427,0.005739795918367374,True,stage18-scaling-24a9adb84176,4,7,9050,620
s4-step9050-f9of10-d1of2,620,C3,C5,0.007518796992481147,Q3,0.001846722068328699,0.006892230576441061,0.007518796992481147,0.005102040816326481,True,stage18-scaling-24a9adb84176,4,7,9050,620
s4-step9050-f9of10-d1of2,620,C3,C6,0.006892230576441172,Q3,0.0015389350569405824,0.006578947368421129,0.006892230576441172,0.0063775510204081565,True,stage18-scaling-24a9adb84176,4,7,9050,620
s4-step9050-f9of10-d1of2,620,C4,C5,0.010841836734693855,Q4,0.004616805170821858,0.010025062656641603,0.01065162907268169,0.010841836734693855,True,stage18-scaling-24a9adb84176,4,7,9050,620
s4-step9050-f9of10-d1of2,620,C4,C6,0.004309018159433742,Q1,0.004309018159433742,0.003446115288220586,0.003759398496240629,0.0006377551020407823,True,stage18-scaling-24a9adb84176,4,7,9050,620
s4-step9050-f9of10-d1of2,620,C5,C6,0.014411027568922319,Q3,0.0003077870113881165,0.01347117794486219,0.014411027568922319,0.011479591836734637,True,stage18-scaling-24a9adb84176,4,7,9050,620
s4-step9050-f9of10-d3of4,621,C1,C2,0.018159433671898983,Q1,0.018159433671898983,0.007832080200501301,0.006578947368421018,0.010841836734693855,True,stage18-scaling-24a9adb84176,4,7,9050,621
s4-step9050-f9of10-d3of4,621,C1,C3,0.006155740227762441,Q1,0.006155740227762441,0.0015664160401003269,0.0,0.004464285714285698,True,stage18-scaling-24a9adb84176,4,7,9050,621
s4-step9050-f9of10-d3of4,621,C1,C4,0.010204081632653073,Q4,0.0033856571252692813,0.0015664160401002158,0.0031328320802005427,0.010204081632653073,True,stage18-scaling-24a9adb84176,4,7,9050,621
s4-step9050-f9of10-d3of4,621,C1,C5,0.008458646616541388,Q2,0.00800246229609114,0.008458646616541388,0.007518796992481147,0.0006377551020407823,True,stage18-scaling-24a9adb84176,4,7,9050,621
s4-step9050-f9of10-d3of4,621,C1,C6,0.010841836734693855,Q4,0.007694675284703023,0.005012531328320802,0.006892230576441172,0.010841836734693855,True,stage18-scaling-24a9adb84176,4,7,9050,621
s4-step9050-f9of10-d3of4,621,C2,C3,0.024315173899661424,Q1,0.024315173899661424,0.006265664160400974,0.006578947368421018,0.0063775510204081565,True,stage18-scaling-24a9adb84176,4,7,9050,621
s4-step9050-f9of10-d3of4,621,C2,C4,0.021545090797168265,Q1,0.021545090797168265,0.009398496240601517,0.00971177944862156,0.0006377551020407823,True,stage18-scaling-24a9adb84176,4,7,9050,621
s4-step9050-f9of10-d3of4,621,C2,C5,0.026161895967990123,Q1,0.026161895967990123,0.0006265664160400863,0.0009398496240601295,0.011479591836734637,True,stage18-scaling-24a9adb84176,4,7,9050,621
s4-step9050-f9of10-d3of4,621,C2,C6,0.025854108956602007,Q1,0.025854108956602007,0.012844611528822103,0.01347117794486219,0.0,True,stage18-scaling-24a9adb84176,4,7,9050,621
s4-step9050-f9of10-d3of4,621,C3,C4,0.005739795918367374,Q4,0.0027700831024931594,0.0031328320802005427,0.0031328320802005427,0.005739795918367374,True,stage18-scaling-24a9adb84176,4,7,9050,621
s4-step9050-f9of10-d3of4,621,C3,C5,0.007518796992481147,Q3,0.001846722068328699,0.006892230576441061,0.007518796992481147,0.005102040816326481,True,stage18-scaling-24a9adb84176,4,7,9050,621
s4-step9050-f9of10-d3of4,621,C3,C6,0.006892230576441172,Q3,0.0015389350569405824,0.006578947368421129,0.006892230576441172,0.0063775510204081565,True,stage18-scaling-24a9adb84176,4,7,9050,621
s4-step9050-f9of10-d3of4,621,C4,C5,0.010841836734693855,Q4,0.004616805170821858,0.010025062656641603,0.01065162907268169,0.010841836734693855,True,stage18-scaling-24a9adb84176,4,7,9050,621
s4-step9050-f9of10-d3of4,621,C4,C6,0.004309018159433742,Q1,0.004309018159433742,0.003446115288220586,0.003759398496240629,0.0006377551020407823,True,stage18-scaling-24a9adb84176,4,7,9050,621
s4-step9050-f9of10-d3of4,621,C5,C6,0.014411027568922319,Q3,0.0003077870113881165,0.01347117794486219,0.014411027568922319,0.011479591836734637,True,stage18-scaling-24a9adb84176,4,7,9050,621
s4-step9050-f19of20-d1of4,622,C1,C2,0.008925823330255489,Q1,0.008925823330255489,0.0015664160401002158,0.004072681704260561,0.008290816326530615,True,stage18-scaling-24a9adb84176,4,7,9050,622
s4-step9050-f19of20-d1of4,622,C1,C3,0.0063775510204081565,Q4,0.002462296091104932,0.0015664160401002158,0.0025062656641603454,0.0063775510204081565,True,stage18-scaling-24a9adb84176,4,7,9050,622
s4-step9050-f19of20-d1of4,622,C1,C4,0.00800246229609114,Q1,0.00800246229609114,0.0012531328320802837,0.0009398496240602405,0.00701530612244905,True,stage18-scaling-24a9adb84176,4,7,9050,622
s4-step9050-f19of20-d1of4,622,C1,C5,0.014349489795918435,Q4,0.0015389350569405824,0.008458646616541277,0.00783208020050119,0.014349489795918435,True,stage18-scaling-24a9adb84176,4,7,9050,622
s4-step9050-f19of20-d1of4,622,C1,C6,0.0015664160401002158,Q2,0.001231148045552466,0.0015664160401002158,0.0006265664160400863,0.0012755102040816757,True,stage18-scaling-24a9adb84176,4,7,9050,622
s4-step9050-f19of20-d1of4,622,C2,C3,0.014668367346938771,Q4,0.006463527239150557,0.0,0.0015664160401002158,0.014668367346938771,True,stage18-scaling-24a9adb84176,4,7,9050,622
s4-step9050-f19of20-d1of4,622,C2,C4,0.01692828562634663,Q1,0.01692828562634663,0.0028195488721804995,0.005012531328320802,0.0012755102040815647,True,stage18-scaling-24a9adb84176,4,7,9050,622
s4-step9050-f19of20-d1of4,622,C2,C5,0.010464758387196071,Q1,0.010464758387196071,0.006892230576441061,0.003759398496240629,0.006058673469387821,True,stage18-scaling-24a9adb84176,4,7,9050,622
s4-step9050-f19of20-d1of4,622,C2,C6,0.007694675284703023,Q1,0.007694675284703023,0.0,0.003446115288220475,0.007015306122448939,True,stage18-scaling-24a9adb84176,4,7,9050,622
s4-step9050-f19of20-d1of4,622,C3,C4,0.013392857142857206,Q4,0.010464758387196071,0.0028195488721804995,0.003446115288220586,0.013392857142857206,True,stage18-scaling-24a9adb84176,4,7,9050,622
s4-step9050-f19of20-d1of4,622,C3,C5,0.020727040816326592,Q4,0.004001231148045514,0.006892230576441061,0.005325814536340845,0.020727040816326592,True,stage18-scaling-24a9adb84176,4,7,9050,622
s4-step9050-f19of20-d1of4,622,C3,C6,0.007653061224489832,Q4,0.001231148045552466,0.0,0.001879699248120259,0.007653061224489832,True,stage18-scaling-24a9adb84176,4,7,9050,622
s4-step9050-f19of20-d1of4,622,C4,C5,0.00971177944862156,Q2,0.006463527239150557,0.00971177944862156,0.00877192982456143,0.0073341836734693855,True,stage18-scaling-24a9adb84176,4,7,9050,622
s4-step9050-f19of20-d1of4,622,C4,C6,0.009233610341643606,Q1,0.009233610341643606,0.0028195488721804995,0.0015664160401003269,0.005739795918367374,True,stage18-scaling-24a9adb84176,4,7,9050,622
s4-step9050-f19of20-d1of4,622,C5,C6,0.01307397959183676,Q4,0.0027700831024930483,0.006892230576441061,0.007205513784461104,0.01307397959183676,True,stage18-scaling-24a9adb84176,4,7,9050,622
s4-step9050-f19of20-d1of2,623,C1,C2,0.008925823330255489,Q1,0.008925823330255489,0.0015664160401002158,0.004072681704260561,0.008290816326530615,True,stage18-scaling-24a9adb84176,4,7,9050,623
s4-step9050-f19of20-d1of2,623,C1,C3,0.0063775510204081565,Q4,0.002462296091104932,0.0015664160401002158,0.0025062656641603454,0.0063775510204081565,True,stage18-scaling-24a9adb84176,4,7,9050,623
s4-step9050-f19of20-d1of2,623,C1,C4,0.00800246229609114,Q1,0.00800246229609114,0.0012531328320802837,0.0009398496240602405,0.00701530612244905,True,stage18-scaling-24a9adb84176,4,7,9050,623
s4-step9050-f19of20-d1of2,623,C1,C5,0.014349489795918435,Q4,0.0015389350569405824,0.008458646616541277,0.00783208020050119,0.014349489795918435,True,stage18-scaling-24a9adb84176,4,7,9050,623
s4-step9050-f19of20-d1of2,623,C1,C6,0.0015664160401002158,Q2,0.001231148045552466,0.0015664160401002158,0.0006265664160400863,0.0012755102040816757,True,stage18-scaling-24a9adb84176,4,7,9050,623
s4-step9050-f19of20-d1of2,623,C2,C3,0.014668367346938771,Q4,0.006463527239150557,0.0,0.0015664160401002158,0.014668367346938771,True,stage18-scaling-24a9adb84176,4,7,9050,623
s4-step9050-f19of20-d1of2,623,C2,C4,0.01692828562634663,Q1,0.01692828562634663,0.0028195488721804995,0.005012531328320802,0.0012755102040815647,True,stage18-scaling-24a9adb84176,4,7,9050,623
s4-step9050-f19of20-d1of2,623,C2,C5,0.010464758387196071,Q1,0.010464758387196071,0.006892230576441061,0.003759398496240629,0.006058673469387821,True,stage18-scaling-24a9adb84176,4,7,9050,623
s4-step9050-f19of20-d1of2,623,C2,C6,0.007694675284703023,Q1,0.007694675284703023,0.0,0.003446115288220475,0.007015306122448939,True,stage18-scaling-24a9adb84176,4,7,9050,623
s4-step9050-f19of20-d1of2,623,C3,C4,0.013392857142857206,Q4,0.010464758387196071,0.0028195488721804995,0.003446115288220586,0.013392857142857206,True,stage18-scaling-24a9adb84176,4,7,9050,623
s4-step9050-f19of20-d1of2,623,C3,C5,0.020727040816326592,Q4,0.004001231148045514,0.006892230576441061,0.005325814536340845,0.020727040816326592,True,stage18-scaling-24a9adb84176,4,7,9050,623
s4-step9050-f19of20-d1of2,623,C3,C6,0.007653061224489832,Q4,0.001231148045552466,0.0,0.001879699248120259,0.007653061224489832,True,stage18-scaling-24a9adb84176,4,7,9050,623
s4-step9050-f19of20-d1of2,623,C4,C5,0.00971177944862156,Q2,0.006463527239150557,0.00971177944862156,0.00877192982456143,0.0073341836734693855,True,stage18-scaling-24a9adb84176,4,7,9050,623
s4-step9050-f19of20-d1of2,623,C4,C6,0.009233610341643606,Q1,0.009233610341643606,0.0028195488721804995,0.0015664160401003269,0.005739795918367374,True,stage18-scaling-24a9adb84176,4,7,9050,623
s4-step9050-f19of20-d1of2,623,C5,C6,0.01307397959183676,Q4,0.0027700831024930483,0.006892230576441061,0.007205513784461104,0.01307397959183676,True,stage18-scaling-24a9adb84176,4,7,9050,623
s4-step9050-f19of20-d3of4,624,C1,C2,0.008925823330255489,Q1,0.008925823330255489,0.0015664160401002158,0.004072681704260561,0.008290816326530615,True,stage18-scaling-24a9adb84176,4,7,9050,624
s4-step9050-f19of20-d3of4,624,C1,C3,0.0063775510204081565,Q4,0.002462296091104932,0.0015664160401002158,0.0025062656641603454,0.0063775510204081565,True,stage18-scaling-24a9adb84176,4,7,9050,624
s4-step9050-f19of20-d3of4,624,C1,C4,0.00800246229609114,Q1,0.00800246229609114,0.0012531328320802837,0.0009398496240602405,0.00701530612244905,True,stage18-scaling-24a9adb84176,4,7,9050,624
s4-step9050-f19of20-d3of4,624,C1,C5,0.014349489795918435,Q4,0.0015389350569405824,0.008458646616541277,0.00783208020050119,0.014349489795918435,True,stage18-scaling-24a9adb84176,4,7,9050,624
s4-step9050-f19of20-d3of4,624,C1,C6,0.0015664160401002158,Q2,0.001231148045552466,0.0015664160401002158,0.0006265664160400863,0.0012755102040816757,True,stage18-scaling-24a9adb84176,4,7,9050,624
s4-step9050-f19of20-d3of4,624,C2,C3,0.014668367346938771,Q4,0.006463527239150557,0.0,0.0015664160401002158,0.014668367346938771,True,stage18-scaling-24a9adb84176,4,7,9050,624
s4-step9050-f19of20-d3of4,624,C2,C4,0.01692828562634663,Q1,0.01692828562634663,0.0028195488721804995,0.005012531328320802,0.0012755102040815647,True,stage18-scaling-24a9adb84176,4,7,9050,624
s4-step9050-f19of20-d3of4,624,C2,C5,0.010464758387196071,Q1,0.010464758387196071,0.006892230576441061,0.003759398496240629,0.006058673469387821,True,stage18-scaling-24a9adb84176,4,7,9050,624
s4-step9050-f19of20-d3of4,624,C2,C6,0.007694675284703023,Q1,0.007694675284703023,0.0,0.003446115288220475,0.007015306122448939,True,stage18-scaling-24a9adb84176,4,7,9050,624
s4-step9050-f19of20-d3of4,624,C3,C4,0.013392857142857206,Q4,0.010464758387196071,0.0028195488721804995,0.003446115288220586,0.013392857142857206,True,stage18-scaling-24a9adb84176,4,7,9050,624
s4-step9050-f19of20-d3of4,624,C3,C5,0.020727040816326592,Q4,0.004001231148045514,0.006892230576441061,0.005325814536340845,0.020727040816326592,True,stage18-scaling-24a9adb84176,4,7,9050,624
s4-step9050-f19of20-d3of4,624,C3,C6,0.007653061224489832,Q4,0.001231148045552466,0.0,0.001879699248120259,0.007653061224489832,True,stage18-scaling-24a9adb84176,4,7,9050,624
s4-step9050-f19of20-d3of4,624,C4,C5,0.00971177944862156,Q2,0.006463527239150557,0.00971177944862156,0.00877192982456143,0.0073341836734693855,True,stage18-scaling-24a9adb84176,4,7,9050,624
s4-step9050-f19of20-d3of4,624,C4,C6,0.009233610341643606,Q1,0.009233610341643606,0.0028195488721804995,0.0015664160401003269,0.005739795918367374,True,stage18-scaling-24a9adb84176,4,7,9050,624
s4-step9050-f19of20-d3of4,624,C5,C6,0.01307397959183676,Q4,0.0027700831024930483,0.006892230576441061,0.007205513784461104,0.01307397959183676,True,stage18-scaling-24a9adb84176,4,7,9050,624
s4-step9050-f39of40-d1of4,625,C1,C2,0.0073341836734693855,Q4,0.0003077870113881165,0.004385964912280715,0.003759398496240629,0.0073341836734693855,True,stage18-scaling-24a9adb84176,4,7,9050,625
s4-step9050-f39of40-d1of4,625,C1,C3,0.007015306122448939,Q4,0.001846722068328699,0.006265664160400974,0.005012531328320802,0.007015306122448939,True,stage18-scaling-24a9adb84176,4,7,9050,625
s4-step9050-f39of40-d1of4,625,C1,C4,0.005102040816326481,Q4,0.004309018159433631,0.0012531328320801727,0.0012531328320801727,0.005102040816326481,True,stage18-scaling-24a9adb84176,4,7,9050,625
s4-step9050-f39of40-d1of4,625,C1,C5,0.003826530612244916,Q4,0.0009233610341643494,0.0015664160401002158,0.0028195488721803885,0.003826530612244916,True,stage18-scaling-24a9adb84176,4,7,9050,625
s4-step9050-f39of40-d1of4,625,C1,C6,0.004464285714285698,Q4,0.0021545090797168154,0.00187969924812037,0.00187969924812037,0.004464285714285698,True,stage18-scaling-24a9adb84176,4,7,9050,625
s4-step9050-f39of40-d1of4,625,C2,C3,0.0021545090797168154,Q1,0.0021545090797168154,0.001879699248120259,0.0012531328320801727,0.0003188775510204467,True,stage18-scaling-24a9adb84176,4,7,9050,625
s4-step9050-f39of40-d1of4,625,C2,C4,0.004001231148045514,Q1,0.004001231148045514,0.0031328320802005427,0.0025062656641604564,0.0022321428571429047,True,stage18-scaling-24a9adb84176,4,7,9050,625
s4-step9050-f39of40-d1of4,625,C2,C5,0.006578947368421018,Q3,0.000615574022776233,0.005952380952380931,0.006578947368421018,0.0035076530612244694,True,stage18-scaling-24a9adb84176,4,7,9050,625
s4-step9050-f39of40-d1of4,625,C2,C6,0.002869897959183687,Q4,0.001846722068328699,0.0025062656641603454,0.001879699248120259,0.002869897959183687,True,stage18-scaling-24a9adb84176,4,7,9050,625
s4-step9050-f39of40-d1of4,625,C3,C4,0.00615574022776233,Q1,0.00615574022776233,0.005012531328320802,0.003759398496240629,0.001913265306122458,True,stage18-scaling-24a9adb84176,4,7,9050,625
s4-step9050-f39of40-d1of4,625,C3,C5,0.00783208020050119,Q2,0.0027700831024930483,0.00783208020050119,0.00783208020050119,0.0031887755102040227,True,stage18-scaling-24a9adb84176,4,7,9050,625
s4-step9050-f39of40-d1of4,625,C3,C6,0.004385964912280604,Q2,0.004001231148045514,0.004385964912280604,0.0031328320802004317,0.0025510204081632404,True,stage18-scaling-24a9adb84176,4,7,9050,625
s4-step9050-f39of40-d1of4,625,C4,C5,0.004072681704260561,Q3,0.0033856571252692813,0.0028195488721803885,0.004072681704260561,0.0012755102040815647,True,stage18-scaling-24a9adb84176,4,7,9050,625
s4-step9050-f39of40-d1of4,625,C4,C6,0.0021545090797168154,Q1,0.0021545090797168154,0.0006265664160401974,0.0006265664160401974,0.0006377551020407823,True,stage18-scaling-24a9adb84176,4,7,9050,625
s4-step9050-f39of40-d1of4,625,C5,C6,0.0046992481203007586,Q3,0.001231148045552466,0.003446115288220586,0.0046992481203007586,0.0006377551020407823,True,stage18-scaling-24a9adb84176,4,7,9050,625
s4-step9050-f39of40-d1of2,626,C1,C2,0.0073341836734693855,Q4,0.0003077870113881165,0.004385964912280715,0.003759398496240629,0.0073341836734693855,True,stage18-scaling-24a9adb84176,4,7,9050,626
s4-step9050-f39of40-d1of2,626,C1,C3,0.007015306122448939,Q4,0.001846722068328699,0.006265664160400974,0.005012531328320802,0.007015306122448939,True,stage18-scaling-24a9adb84176,4,7,9050,626
s4-step9050-f39of40-d1of2,626,C1,C4,0.005102040816326481,Q4,0.004309018159433631,0.0012531328320801727,0.0012531328320801727,0.005102040816326481,True,stage18-scaling-24a9adb84176,4,7,9050,626
s4-step9050-f39of40-d1of2,626,C1,C5,0.003826530612244916,Q4,0.0009233610341643494,0.0015664160401002158,0.0028195488721803885,0.003826530612244916,True,stage18-scaling-24a9adb84176,4,7,9050,626
s4-step9050-f39of40-d1of2,626,C1,C6,0.004464285714285698,Q4,0.0021545090797168154,0.00187969924812037,0.00187969924812037,0.004464285714285698,True,stage18-scaling-24a9adb84176,4,7,9050,626
s4-step9050-f39of40-d1of2,626,C2,C3,0.0021545090797168154,Q1,0.0021545090797168154,0.001879699248120259,0.0012531328320801727,0.0003188775510204467,True,stage18-scaling-24a9adb84176,4,7,9050,626
s4-step9050-f39of40-d1of2,626,C2,C4,0.004001231148045514,Q1,0.004001231148045514,0.0031328320802005427,0.0025062656641604564,0.0022321428571429047,True,stage18-scaling-24a9adb84176,4,7,9050,626
s4-step9050-f39of40-d1of2,626,C2,C5,0.006578947368421018,Q3,0.000615574022776233,0.005952380952380931,0.006578947368421018,0.0035076530612244694,True,stage18-scaling-24a9adb84176,4,7,9050,626
s4-step9050-f39of40-d1of2,626,C2,C6,0.002869897959183687,Q4,0.001846722068328699,0.0025062656641603454,0.001879699248120259,0.002869897959183687,True,stage18-scaling-24a9adb84176,4,7,9050,626
s4-step9050-f39of40-d1of2,626,C3,C4,0.00615574022776233,Q1,0.00615574022776233,0.005012531328320802,0.003759398496240629,0.001913265306122458,True,stage18-scaling-24a9adb84176,4,7,9050,626
s4-step9050-f39of40-d1of2,626,C3,C5,0.00783208020050119,Q2,0.0027700831024930483,0.00783208020050119,0.00783208020050119,0.0031887755102040227,True,stage18-scaling-24a9adb84176,4,7,9050,626
s4-step9050-f39of40-d1of2,626,C3,C6,0.004385964912280604,Q2,0.004001231148045514,0.004385964912280604,0.0031328320802004317,0.0025510204081632404,True,stage18-scaling-24a9adb84176,4,7,9050,626
s4-step9050-f39of40-d1of2,626,C4,C5,0.004072681704260561,Q3,0.0033856571252692813,0.0028195488721803885,0.004072681704260561,0.0012755102040815647,True,stage18-scaling-24a9adb84176,4,7,9050,626
s4-step9050-f39of40-d1of2,626,C4,C6,0.0021545090797168154,Q1,0.0021545090797168154,0.0006265664160401974,0.0006265664160401974,0.0006377551020407823,True,stage18-scaling-24a9adb84176,4,7,9050,626
s4-step9050-f39of40-d1of2,626,C5,C6,0.0046992481203007586,Q3,0.001231148045552466,0.003446115288220586,0.0046992481203007586,0.0006377551020407823,True,stage18-scaling-24a9adb84176,4,7,9050,626
s4-step9050-f39of40-d3of4,627,C1,C2,0.0073341836734693855,Q4,0.0003077870113881165,0.004385964912280715,0.003759398496240629,0.0073341836734693855,True,stage18-scaling-24a9adb84176,4,7,9050,627
s4-step9050-f39of40-d3of4,627,C1,C3,0.007015306122448939,Q4,0.001846722068328699,0.006265664160400974,0.005012531328320802,0.007015306122448939,True,stage18-scaling-24a9adb84176,4,7,9050,627
s4-step9050-f39of40-d3of4,627,C1,C4,0.005102040816326481,Q4,0.004309018159433631,0.0012531328320801727,0.0012531328320801727,0.005102040816326481,True,stage18-scaling-24a9adb84176,4,7,9050,627
s4-step9050-f39of40-d3of4,627,C1,C5,0.003826530612244916,Q4,0.0009233610341643494,0.0015664160401002158,0.0028195488721803885,0.003826530612244916,True,stage18-scaling-24a9adb84176,4,7,9050,627
s4-step9050-f39of40-d3of4,627,C1,C6,0.004464285714285698,Q4,0.0021545090797168154,0.00187969924812037,0.00187969924812037,0.004464285714285698,True,stage18-scaling-24a9adb84176,4,7,9050,627
s4-step9050-f39of40-d3of4,627,C2,C3,0.0021545090797168154,Q1,0.0021545090797168154,0.001879699248120259,0.0012531328320801727,0.0003188775510204467,True,stage18-scaling-24a9adb84176,4,7,9050,627
s4-step9050-f39of40-d3of4,627,C2,C4,0.004001231148045514,Q1,0.004001231148045514,0.0031328320802005427,0.0025062656641604564,0.0022321428571429047,True,stage18-scaling-24a9adb84176,4,7,9050,627
s4-step9050-f39of40-d3of4,627,C2,C5,0.006578947368421018,Q3,0.000615574022776233,0.005952380952380931,0.006578947368421018,0.0035076530612244694,True,stage18-scaling-24a9adb84176,4,7,9050,627
s4-step9050-f39of40-d3of4,627,C2,C6,0.002869897959183687,Q4,0.001846722068328699,0.0025062656641603454,0.001879699248120259,0.002869897959183687,True,stage18-scaling-24a9adb84176,4,7,9050,627
s4-step9050-f39of40-d3of4,627,C3,C4,0.00615574022776233,Q1,0.00615574022776233,0.005012531328320802,0.003759398496240629,0.001913265306122458,True,stage18-scaling-24a9adb84176,4,7,9050,627
s4-step9050-f39of40-d3of4,627,C3,C5,0.00783208020050119,Q2,0.0027700831024930483,0.00783208020050119,0.00783208020050119,0.0031887755102040227,True,stage18-scaling-24a9adb84176,4,7,9050,627
s4-step9050-f39of40-d3of4,627,C3,C6,0.004385964912280604,Q2,0.004001231148045514,0.004385964912280604,0.0031328320802004317,0.0025510204081632404,True,stage18-scaling-24a9adb84176,4,7,9050,627
s4-step9050-f39of40-d3of4,627,C4,C5,0.004072681704260561,Q3,0.0033856571252692813,0.0028195488721803885,0.004072681704260561,0.0012755102040815647,True,stage18-scaling-24a9adb84176,4,7,9050,627
s4-step9050-f39of40-d3of4,627,C4,C6,0.0021545090797168154,Q1,0.0021545090797168154,0.0006265664160401974,0.0006265664160401974,0.0006377551020407823,True,stage18-scaling-24a9adb84176,4,7,9050,627
s4-step9050-f39of40-d3of4,627,C5,C6,0.0046992481203007586,Q3,0.001231148045552466,0.003446115288220586,0.0046992481203007586,0.0006377551020407823,True,stage18-scaling-24a9adb84176,4,7,9050,627
s4-step9050-f99of100-d1of4,628,C1,C2,0.003077870113881165,Q1,0.003077870113881165,0.0015664160401002158,0.0015664160401002158,0.001913265306122458,True,stage18-scaling-24a9adb84176,4,7,9050,628
s4-step9050-f99of100-d1of4,628,C1,C3,0.000615574022776233,Q1,0.000615574022776233,0.00031328320802004317,0.00031328320802004317,0.0003188775510204467,True,stage18-scaling-24a9adb84176,4,7,9050,628
s4-step9050-f99of100-d1of4,628,C1,C4,0.0035076530612244694,Q4,0.0003077870113881165,0.0006265664160400863,0.00031328320802004317,0.0035076530612244694,True,stage18-scaling-24a9adb84176,4,7,9050,628
s4-step9050-f99of100-d1of4,628,C1,C5,0.0027700831024930483,Q1,0.0027700831024930483,0.0012531328320801727,0.0015664160401002158,0.0025510204081632404,True,stage18-scaling-24a9adb84176,4,7,9050,628
s4-step9050-f99of100-d1of4,628,C1,C6,0.0006377551020407823,Q4,0.000615574022776233,0.0006265664160400863,0.0,0.0006377551020407823,True,stage18-scaling-24a9adb84176,4,7,9050,628
s4-step9050-f99of100-d1of4,628,C1,C7,0.0022321428571427937,Q4,0.0003077870113881165,0.00031328320802004317,0.00031328320802004317,0.0022321428571427937,True,stage18-scaling-24a9adb84176,4,7,9050,628
s4-step9050-f99of100-d1of4,628,C2,C3,0.003693444136657398,Q1,0.003693444136657398,0.0012531328320801727,0.001879699248120259,0.0022321428571429047,True,stage18-scaling-24a9adb84176,4,7,9050,628
s4-step9050-f99of100-d1of4,628,C2,C4,0.0033856571252692813,Q1,0.0033856571252692813,0.0009398496240601295,0.0012531328320801727,0.0015943877551020114,True,stage18-scaling-24a9adb84176,4,7,9050,628
s4-step9050-f99of100-d1of4,628,C2,C5,0.0006377551020407823,Q4,0.0003077870113881165,0.00031328320802004317,0.0,0.0006377551020407823,True,stage18-scaling-24a9adb84176,4,7,9050,628
s4-step9050-f99of100-d1of4,628,C2,C6,0.002462296091104932,Q1,0.002462296091104932,0.002192982456140302,0.0015664160401002158,0.0012755102040816757,True,stage18-scaling-24a9adb84176,4,7,9050,628
s4-step9050-f99of100-d1of4,628,C2,C7,0.0033856571252692813,Q1,0.0033856571252692813,0.0012531328320801727,0.0012531328320801727,0.00031887755102033566,True,stage18-scaling-24a9adb84176,4,7,9050,628
s4-step9050-f99of100-d1of4,628,C3,C4,0.003826530612244916,Q4,0.0003077870113881165,0.00031328320802004317,0.0006265664160400863,0.003826530612244916,True,stage18-scaling-24a9adb84176,4,7,9050,628
s4-step9050-f99of100-d1of4,628,C3,C5,0.0033856571252692813,Q1,0.0033856571252692813,0.0009398496240601295,0.001879699248120259,0.002869897959183687,True,stage18-scaling-24a9adb84176,4,7,9050,628
s4-step9050-f99of100-d1of4,628,C3,C6,0.001231148045552466,Q1,0.001231148045552466,0.0009398496240601295,0.00031328320802004317,0.000956632653061229,True,stage18-scaling-24a9adb84176,4,7,9050,628
s4-step9050-f99of100-d1of4,628,C3,C7,0.0025510204081632404,Q4,0.0003077870113881165,0.0,0.0006265664160400863,0.0025510204081632404,True,stage18-scaling-24a9adb84176,4,7,9050,628
s4-step9050-f99of100-d1of4,628,C4,C5,0.003077870113881165,Q1,0.003077870113881165,0.0006265664160400863,0.0012531328320801727,0.000956632653061229,True,stage18-scaling-24a9adb84176,4,7,9050,628
s4-step9050-f99of100-d1of4,628,C4,C6,0.002869897959183687,Q4,0.0009233610341643494,0.0012531328320801727,0.00031328320802004317,0.002869897959183687,True,stage18-scaling-24a9adb84176,4,7,9050,628
s4-step9050-f99of100-d1of4,628,C4,C7,0.0012755102040816757,Q4,0.0,0.00031328320802004317,0.0,0.0012755102040816757,True,stage18-scaling-24a9adb84176,4,7,9050,628
s4-step9050-f99of100-d1of4,628,C5,C6,0.0021545090797168154,Q1,0.0021545090797168154,0.001879699248120259,0.0015664160401002158,0.001913265306122458,True,stage18-scaling-24a9adb84176,4,7,9050,628
s4-step9050-f99of100-d1of4,628,C5,C7,0.003077870113881165,Q1,0.003077870113881165,0.0009398496240601295,0.0012531328320801727,0.0003188775510204467,True,stage18-scaling-24a9adb84176,4,7,9050,628
s4-step9050-f99of100-d1of4,628,C6,C7,0.0015943877551020114,Q4,0.0009233610341643494,0.0009398496240601295,0.00031328320802004317,0.0015943877551020114,True,stage18-scaling-24a9adb84176,4,7,9050,628
s4-step9050-f99of100-d1of2,629,C1,C2,0.003077870113881165,Q1,0.003077870113881165,0.0015664160401002158,0.0015664160401002158,0.001913265306122458,True,stage18-scaling-24a9adb84176,4,7,9050,629
s4-step9050-f99of100-d1of2,629,C1,C3,0.000615574022776233,Q1,0.000615574022776233,0.00031328320802004317,0.00031328320802004317,0.0003188775510204467,True,stage18-scaling-24a9adb84176,4,7,9050,629
s4-step9050-f99of100-d1of2,629,C1,C4,0.0035076530612244694,Q4,0.0003077870113881165,0.0006265664160400863,0.00031328320802004317,0.0035076530612244694,True,stage18-scaling-24a9adb84176,4,7,9050,629
s4-step9050-f99of100-d1of2,629,C1,C5,0.0027700831024930483,Q1,0.0027700831024930483,0.0012531328320801727,0.0015664160401002158,0.0025510204081632404,True,stage18-scaling-24a9adb84176,4,7,9050,629
s4-step9050-f99of100-d1of2,629,C1,C6,0.0006377551020407823,Q4,0.000615574022776233,0.0006265664160400863,0.0,0.0006377551020407823,True,stage18-scaling-24a9adb84176,4,7,9050,629
s4-step9050-f99of100-d1of2,629,C1,C7,0.0022321428571427937,Q4,0.0003077870113881165,0.00031328320802004317,0.00031328320802004317,0.0022321428571427937,True,stage18-scaling-24a9adb84176,4,7,9050,629
s4-step9050-f99of100-d1of2,629,C2,C3,0.003693444136657398,Q1,0.003693444136657398,0.0012531328320801727,0.001879699248120259,0.0022321428571429047,True,stage18-scaling-24a9adb84176,4,7,9050,629
s4-step9050-f99of100-d1of2,629,C2,C4,0.0033856571252692813,Q1,0.0033856571252692813,0.0009398496240601295,0.0012531328320801727,0.0015943877551020114,True,stage18-scaling-24a9adb84176,4,7,9050,629
s4-step9050-f99of100-d1of2,629,C2,C5,0.0006377551020407823,Q4,0.0003077870113881165,0.00031328320802004317,0.0,0.0006377551020407823,True,stage18-scaling-24a9adb84176,4,7,9050,629
s4-step9050-f99of100-d1of2,629,C2,C6,0.002462296091104932,Q1,0.002462296091104932,0.002192982456140302,0.0015664160401002158,0.0012755102040816757,True,stage18-scaling-24a9adb84176,4,7,9050,629
s4-step9050-f99of100-d1of2,629,C2,C7,0.0033856571252692813,Q1,0.0033856571252692813,0.0012531328320801727,0.0012531328320801727,0.00031887755102033566,True,stage18-scaling-24a9adb84176,4,7,9050,629
s4-step9050-f99of100-d1of2,629,C3,C4,0.003826530612244916,Q4,0.0003077870113881165,0.00031328320802004317,0.0006265664160400863,0.003826530612244916,True,stage18-scaling-24a9adb84176,4,7,9050,629
s4-step9050-f99of100-d1of2,629,C3,C5,0.0033856571252692813,Q1,0.0033856571252692813,0.0009398496240601295,0.001879699248120259,0.002869897959183687,True,stage18-scaling-24a9adb84176,4,7,9050,629
s4-step9050-f99of100-d1of2,629,C3,C6,0.001231148045552466,Q1,0.001231148045552466,0.0009398496240601295,0.00031328320802004317,0.000956632653061229,True,stage18-scaling-24a9adb84176,4,7,9050,629
s4-step9050-f99of100-d1of2,629,C3,C7,0.0025510204081632404,Q4,0.0003077870113881165,0.0,0.0006265664160400863,0.0025510204081632404,True,stage18-scaling-24a9adb84176,4,7,9050,629
s4-step9050-f99of100-d1of2,629,C4,C5,0.003077870113881165,Q1,0.003077870113881165,0.0006265664160400863,0.0012531328320801727,0.000956632653061229,True,stage18-scaling-24a9adb84176,4,7,9050,629
s4-step9050-f99of100-d1of2,629,C4,C6,0.002869897959183687,Q4,0.0009233610341643494,0.0012531328320801727,0.00031328320802004317,0.002869897959183687,True,stage18-scaling-24a9adb84176,4,7,9050,629
s4-step9050-f99of100-d1of2,629,C4,C7,0.0012755102040816757,Q4,0.0,0.00031328320802004317,0.0,0.0012755102040816757,True,stage18-scaling-24a9adb84176,4,7,9050,629
s4-step9050-f99of100-d1of2,629,C5,C6,0.0021545090797168154,Q1,0.0021545090797168154,0.001879699248120259,0.0015664160401002158,0.001913265306122458,True,stage18-scaling-24a9adb84176,4,7,9050,629
s4-step9050-f99of100-d1of2,629,C5,C7,0.003077870113881165,Q1,0.003077870113881165,0.0009398496240601295,0.0012531328320801727,0.0003188775510204467,True,stage18-scaling-24a9adb84176,4,7,9050,629
s4-step9050-f99of100-d1of2,629,C6,C7,0.0015943877551020114,Q4,0.0009233610341643494,0.0009398496240601295,0.00031328320802004317,0.0015943877551020114,True,stage18-scaling-24a9adb84176,4,7,9050,629
s4-step9050-f99of100-d3of4,630,C1,C2,0.003077870113881165,Q1,0.003077870113881165,0.0015664160401002158,0.0015664160401002158,0.001913265306122458,True,stage18-scaling-24a9adb84176,4,7,9050,630
s4-step9050-f99of100-d3of4,630,C1,C3,0.000615574022776233,Q1,0.000615574022776233,0.00031328320802004317,0.00031328320802004317,0.0003188775510204467,True,stage18-scaling-24a9adb84176,4,7,9050,630
s4-step9050-f99of100-d3of4,630,C1,C4,0.0035076530612244694,Q4,0.0003077870113881165,0.0006265664160400863,0.00031328320802004317,0.0035076530612244694,True,stage18-scaling-24a9adb84176,4,7,9050,630
s4-step9050-f99of100-d3of4,630,C1,C5,0.0027700831024930483,Q1,0.0027700831024930483,0.0012531328320801727,0.0015664160401002158,0.0025510204081632404,True,stage18-scaling-24a9adb84176,4,7,9050,630
s4-step9050-f99of100-d3of4,630,C1,C6,0.0006377551020407823,Q4,0.000615574022776233,0.0006265664160400863,0.0,0.0006377551020407823,True,stage18-scaling-24a9adb84176,4,7,9050,630
s4-step9050-f99of100-d3of4,630,C1,C7,0.0022321428571427937,Q4,0.0003077870113881165,0.00031328320802004317,0.00031328320802004317,0.0022321428571427937,True,stage18-scaling-24a9adb84176,4,7,9050,630
s4-step9050-f99of100-d3of4,630,C2,C3,0.003693444136657398,Q1,0.003693444136657398,0.0012531328320801727,0.001879699248120259,0.0022321428571429047,True,stage18-scaling-24a9adb84176,4,7,9050,630
s4-step9050-f99of100-d3of4,630,C2,C4,0.0033856571252692813,Q1,0.0033856571252692813,0.0009398496240601295,0.0012531328320801727,0.0015943877551020114,True,stage18-scaling-24a9adb84176,4,7,9050,630
s4-step9050-f99of100-d3of4,630,C2,C5,0.0006377551020407823,Q4,0.0003077870113881165,0.00031328320802004317,0.0,0.0006377551020407823,True,stage18-scaling-24a9adb84176,4,7,9050,630
s4-step9050-f99of100-d3of4,630,C2,C6,0.002462296091104932,Q1,0.002462296091104932,0.002192982456140302,0.0015664160401002158,0.0012755102040816757,True,stage18-scaling-24a9adb84176,4,7,9050,630
s4-step9050-f99of100-d3of4,630,C2,C7,0.0033856571252692813,Q1,0.0033856571252692813,0.0012531328320801727,0.0012531328320801727,0.00031887755102033566,True,stage18-scaling-24a9adb84176,4,7,9050,630
s4-step9050-f99of100-d3of4,630,C3,C4,0.003826530612244916,Q4,0.0003077870113881165,0.00031328320802004317,0.0006265664160400863,0.003826530612244916,True,stage18-scaling-24a9adb84176,4,7,9050,630
s4-step9050-f99of100-d3of4,630,C3,C5,0.0033856571252692813,Q1,0.0033856571252692813,0.0009398496240601295,0.001879699248120259,0.002869897959183687,True,stage18-scaling-24a9adb84176,4,7,9050,630
s4-step9050-f99of100-d3of4,630,C3,C6,0.001231148045552466,Q1,0.001231148045552466,0.0009398496240601295,0.00031328320802004317,0.000956632653061229,True,stage18-scaling-24a9adb84176,4,7,9050,630
s4-step9050-f99of100-d3of4,630,C3,C7,0.0025510204081632404,Q4,0.0003077870113881165,0.0,0.0006265664160400863,0.0025510204081632404,True,stage18-scaling-24a9adb84176,4,7,9050,630
s4-step9050-f99of100-d3of4,630,C4,C5,0.003077870113881165,Q1,0.003077870113881165,0.0006265664160400863,0.0012531328320801727,0.000956632653061229,True,stage18-scaling-24a9adb84176,4,7,9050,630
s4-step9050-f99of100-d3of4,630,C4,C6,0.002869897959183687,Q4,0.0009233610341643494,0.0012531328320801727,0.00031328320802004317,0.002869897959183687,True,stage18-scaling-24a9adb84176,4,7,9050,630
s4-step9050-f99of100-d3of4,630,C4,C7,0.0012755102040816757,Q4,0.0,0.00031328320802004317,0.0,0.0012755102040816757,True,stage18-scaling-24a9adb84176,4,7,9050,630
s4-step9050-f99of100-d3of4,630,C5,C6,0.0021545090797168154,Q1,0.0021545090797168154,0.001879699248120259,0.0015664160401002158,0.001913265306122458,True,stage18-scaling-24a9adb84176,4,7,9050,630
s4-step9050-f99of100-d3of4,630,C5,C7,0.003077870113881165,Q1,0.003077870113881165,0.0009398496240601295,0.0012531328320801727,0.0003188775510204467,True,stage18-scaling-24a9adb84176,4,7,9050,630
s4-step9050-f99of100-d3of4,630,C6,C7,0.0015943877551020114,Q4,0.0009233610341643494,0.0009398496240601295,0.00031328320802004317,0.0015943877551020114,True,stage18-scaling-24a9adb84176,4,7,9050,630
