accepted_candidate,budget_exhausted,budget_remaining,candidate_batches_tested,cell_id,cell_index,distinctness_denominator,distinctness_numerator,exact_evaluation_budget,exact_evaluations_used,failure_detail,fidelity_denominator,fidelity_numerator,locally_single_deletion_minimal,maximum_pairwise_overlap,maximum_pairwise_overlap_denominator,maximum_pairwise_overlap_numerator,meaningfully_sparse,outcome_status,primary_fidelity,ranking_passes_used,rejected_candidate_count,requested_member_index,restart_index,restart_used,retained_component_count,search_execution_mode,search_status,seed_integer,seed_sha256_digest,source_run_id,source_stage,stopping_reason,stage18_run_id,model_seed,checkpoint_index,checkpoint_step,global_cell_index
False,False,8194,113,s0-step200-f4of5-d1of4,1,4,1,10000,1806,,5,4,True,0.0,1,0,False,sparsity_failure,0.8002975957396821,23,1784,1,0,True,494,fresh_execution,valid_but_not_meaningfully_sparse,,,,,locally_single_deletion_minimal_nonsparse_mask,stage18-scaling-24a9adb84176,0,1,200,1
False,False,8194,113,s0-step200-f4of5-d1of2,2,2,1,10000,1806,,5,4,True,0.0,1,0,False,sparsity_failure,0.8002975957396821,23,1784,1,0,True,494,fresh_execution,valid_but_not_meaningfully_sparse,,,,,locally_single_deletion_minimal_nonsparse_mask,stage18-scaling-24a9adb84176,0,1,200,2
False,False,8194,113,s0-step200-f4of5-d3of4,3,4,3,10000,1806,,5,4,True,0.0,1,0,False,sparsity_failure,0.8002975957396821,23,1784,1,0,True,494,fresh_execution,valid_but_not_meaningfully_sparse,,,,,locally_single_deletion_minimal_nonsparse_mask,stage18-scaling-24a9adb84176,0,1,200,3
False,False,8250,110,s0-step200-f17of20-d1of4,4,4,1,10000,1750,,20,17,True,0.0,1,0,False,sparsity_failure,0.8500274101339181,15,1736,1,0,True,502,fresh_execution,valid_but_not_meaningfully_sparse,,,,,locally_single_deletion_minimal_nonsparse_mask,stage18-scaling-24a9adb84176,0,1,200,4
False,False,8250,110,s0-step200-f17of20-d1of2,5,2,1,10000,1750,,20,17,True,0.0,1,0,False,sparsity_failure,0.8500274101339181,15,1736,1,0,True,502,fresh_execution,valid_but_not_meaningfully_sparse,,,,,locally_single_deletion_minimal_nonsparse_mask,stage18-scaling-24a9adb84176,0,1,200,5
False,False,8250,110,s0-step200-f17of20-d3of4,6,4,3,10000,1750,,20,17,True,0.0,1,0,False,sparsity_failure,0.8500274101339181,15,1736,1,0,True,502,fresh_execution,valid_but_not_meaningfully_sparse,,,,,locally_single_deletion_minimal_nonsparse_mask,stage18-scaling-24a9adb84176,0,1,200,6
False,False,8453,97,s0-step200-f9of10-d1of4,7,4,1,10000,1547,,10,9,True,0.0,1,0,False,sparsity_failure,0.9002271125381784,10,1538,1,0,True,507,fresh_execution,valid_but_not_meaningfully_sparse,,,,,locally_single_deletion_minimal_nonsparse_mask,stage18-scaling-24a9adb84176,0,1,200,7
False,False,8453,97,s0-step200-f9of10-d1of2,8,2,1,10000,1547,,10,9,True,0.0,1,0,False,sparsity_failure,0.9002271125381784,10,1538,1,0,True,507,fresh_execution,valid_but_not_meaningfully_sparse,,,,,locally_single_deletion_minimal_nonsparse_mask,stage18-scaling-24a9adb84176,0,1,200,8
False,False,8453,97,s0-step200-f9of10-d3of4,9,4,3,10000,1547,,10,9,True,0.0,1,0,False,sparsity_failure,0.9002271125381784,10,1538,1,0,True,507,fresh_execution,valid_but_not_meaningfully_sparse,,,,,locally_single_deletion_minimal_nonsparse_mask,stage18-scaling-24a9adb84176,0,1,200,9
False,False,8737,79,s0-step200-f19of20-d1of4,10,4,1,10000,1263,,20,19,True,0.0,1,0,False,sparsity_failure,0.9502701856057639,6,1258,1,0,True,511,fresh_execution,valid_but_not_meaningfully_sparse,,,,,locally_single_deletion_minimal_nonsparse_mask,stage18-scaling-24a9adb84176,0,1,200,10
False,False,8737,79,s0-step200-f19of20-d1of2,11,2,1,10000,1263,,20,19,True,0.0,1,0,False,sparsity_failure,0.9502701856057639,6,1258,1,0,True,511,fresh_execution,valid_but_not_meaningfully_sparse,,,,,locally_single_deletion_minimal_nonsparse_mask,stage18-scaling-24a9adb84176,0,1,200,11
False,False,8737,79,s0-step200-f19of20-d3of4,12,4,3,10000,1263,,20,19,True,0.0,1,0,False,sparsity_failure,0.9502701856057639,6,1258,1,0,True,511,fresh_execution,valid_but_not_meaningfully_sparse,,,,,locally_single_deletion_minimal_nonsparse_mask,stage18-scaling-24a9adb84176,0,1,200,12
False,False,9151,54,s0-step200-f39of40-d1of4,13,4,1,10000,849,,40,39,True,0.0,1,0,False,sparsity_failure,0.9758790821520871,4,846,1,0,True,513,fresh_execution,valid_but_not_meaningfully_sparse,,,,,locally_single_deletion_minimal_nonsparse_mask,stage18-scaling-24a9adb84176,0,1,200,13
False,False,9151,54,s0-step200-f39of40-d1of2,14,2,1,10000,849,,40,39,True,0.0,1,0,False,sparsity_failure,0.9758790821520871,4,846,1,0,True,513,fresh_execution,valid_but_not_meaningfully_sparse,,,,,locally_single_deletion_minimal_nonsparse_mask,stage18-scaling-24a9adb84176,0,1,200,14
False,False,9151,54,s0-step200-f39of40-d3of4,15,4,3,10000,849,,40,39,True,0.0,1,0,False,sparsity_failure,0.9758790821520871,4,846,1,0,True,513,fresh_execution,valid_but_not_meaningfully_sparse,,,,,locally_single_deletion_minimal_nonsparse_mask,stage18-scaling-24a9adb84176,0,1,200,15
False,False,9007,63,s0-step200-f99of100-d1of4,16,4,1,10000,993,,100,99,True,0.0,1,0,False,sparsity_failure,0.9917769598245751,4,990,1,0,True,513,fresh_execution,valid_but_not_meaningfully_sparse,,,,,locally_single_deletion_minimal_nonsparse_mask,stage18-scaling-24a9adb84176,0,1,200,16
False,False,9007,63,s0-step200-f99of100-d1of2,17,2,1,10000,993,,100,99,True,0.0,1,0,False,sparsity_failure,0.9917769598245751,4,990,1,0,True,513,fresh_execution,valid_but_not_meaningfully_sparse,,,,,locally_single_deletion_minimal_nonsparse_mask,stage18-scaling-24a9adb84176,0,1,200,17
False,False,9007,63,s0-step200-f99of100-d3of4,18,4,3,10000,993,,100,99,True,0.0,1,0,False,sparsity_failure,0.9917769598245751,4,990,1,0,True,513,fresh_execution,valid_but_not_meaningfully_sparse,,,,,locally_single_deletion_minimal_nonsparse_mask,stage18-scaling-24a9adb84176,0,1,200,18
False,False,7214,175,s0-step3400-f4of5-d1of4,19,4,1,10000,2786,,5,4,True,0.0,1,0,False,sparsity_failure,0.8002975957396821,51,2736,1,0,True,466,fresh_execution,valid_but_not_meaningfully_sparse,,,,,locally_single_deletion_minimal_nonsparse_mask,stage18-scaling-24a9adb84176,0,2,3400,19
False,False,7214,175,s0-step3400-f4of5-d1of2,20,2,1,10000,2786,,5,4,True,0.0,1,0,False,sparsity_failure,0.8002975957396821,51,2736,1,0,True,466,fresh_execution,valid_but_not_meaningfully_sparse,,,,,locally_single_deletion_minimal_nonsparse_mask,stage18-scaling-24a9adb84176,0,2,3400,20
False,False,7214,175,s0-step3400-f4of5-d3of4,21,4,3,10000,2786,,5,4,True,0.0,1,0,False,sparsity_failure,0.8002975957396821,51,2736,1,0,True,466,fresh_execution,valid_but_not_meaningfully_sparse,,,,,locally_single_deletion_minimal_nonsparse_mask,stage18-scaling-24a9adb84176,0,2,3400,21
False,False,8374,102,s0-step3400-f17of20-d1of4,22,4,1,10000,1626,,20,17,True,0.0,1,0,False,sparsity_failure,0.8500274101339181,27,1600,1,0,True,490,fresh_execution,valid_but_not_meaningfully_sparse,,,,,locally_single_deletion_minimal_nonsparse_mask,stage18-scaling-24a9adb84176,0,2,3400,22
False,False,8374,102,s0-step3400-f17of20-d1of2,23,2,1,10000,1626,,20,17,True,0.0,1,0,False,sparsity_failure,0.8500274101339181,27,1600,1,0,True,490,fresh_execution,valid_but_not_meaningfully_sparse,,,,,locally_single_deletion_minimal_nonsparse_mask,stage18-scaling-24a9adb84176,0,2,3400,23
False,False,8374,102,s0-step3400-f17of20-d3of4,24,4,3,10000,1626,,20,17,True,0.0,1,0,False,sparsity_failure,0.8500274101339181,27,1600,1,0,True,490,fresh_execution,valid_but_not_meaningfully_sparse,,,,,locally_single_deletion_minimal_nonsparse_mask,stage18-scaling-24a9adb84176,0,2,3400,24
False,False,9316,43,s0-step3400-f9of10-d1of4,25,4,1,10000,684,,10,9,True,0.0,1,0,False,sparsity_failure,0.9003054272065157,9,676,1,0,True,508,fresh_execution,valid_but_not_meaningfully_sparse,,,,,locally_single_deletion_minimal_nonsparse_mask,stage18-scaling-24a9adb84176,0,2,3400,25
False,False,9316,43,s0-step3400-f9of10-d1of2,26,2,1,10000,684,,10,9,True,0.0,1,0,False,sparsity_failure,0.9003054272065157,9,676,1,0,True,508,fresh_execution,valid_but_not_meaningfully_sparse,,,,,locally_single_deletion_minimal_nonsparse_mask,stage18-scaling-24a9adb84176,0,2,3400,26
False,False,9316,43,s0-step3400-f9of10-d3of4,27,4,3,10000,684,,10,9,True,0.0,1,0,False,sparsity_failure,0.9003054272065157,9,676,1,0,True,508,fresh_execution,valid_but_not_meaningfully_sparse,,,,,locally_single_deletion_minimal_nonsparse_mask,stage18-scaling-24a9adb84176,0,2,3400,27
False,False,9439,36,s0-step3400-f19of20-d1of4,28,4,1,10000,561,,20,19,True,0.0,1,0,False,sparsity_failure,0.9508183882841256,4,558,1,0,True,513,fresh_execution,valid_but_not_meaningfully_sparse,,,,,locally_single_deletion_minimal_nonsparse_mask,stage18-scaling-24a9adb84176,0,2,3400,28
False,False,9439,36,s0-step3400-f19of20-d1of2,29,2,1,10000,561,,20,19,True,0.0,1,0,False,sparsity_failure,0.9508183882841256,4,558,1,0,True,513,fresh_execution,valid_but_not_meaningfully_sparse,,,,,locally_single_deletion_minimal_nonsparse_mask,stage18-scaling-24a9adb84176,0,2,3400,29
False,False,9439,36,s0-step3400-f19of20-d3of4,30,4,3,10000,561,,20,19,True,0.0,1,0,False,sparsity_failure,0.9508183882841256,4,558,1,0,True,513,fresh_execution,valid_but_not_meaningfully_sparse,,,,,locally_single_deletion_minimal_nonsparse_mask,stage18-scaling-24a9adb84176,0,2,3400,30
False,False,9262,47,s0-step3400-f39of40-d1of4,31,4,1,10000,738,,40,39,True,0.0,1,0,False,sparsity_failure,0.9751742501370507,3,736,1,0,True,514,fresh_execution,valid_but_not_meaningfully_sparse,,,,,locally_single_deletion_minimal_nonsparse_mask,stage18-scaling-24a9adb84176,0,2,3400,31
False,False,9262,47,s0-step3400-f39of40-d1of2,32,2,1,10000,738,,40,39,True,0.0,1,0,False,sparsity_failure,0.9751742501370507,3,736,1,0,True,514,fresh_execution,valid_but_not_meaningfully_sparse,,,,,locally_single_deletion_minimal_nonsparse_mask,stage18-scaling-24a9adb84176,0,2,3400,32
False,False,9262,47,s0-step3400-f39of40-d3of4,33,4,3,10000,738,,40,39,True,0.0,1,0,False,sparsity_failure,0.9751742501370507,3,736,1,0,True,514,fresh_execution,valid_but_not_meaningfully_sparse,,,,,locally_single_deletion_minimal_nonsparse_mask,stage18-scaling-24a9adb84176,0,2,3400,33
False,False,9389,39,s0-step3400-f99of100-d1of4,34,4,1,10000,611,,100,99,True,0.0,1,0,False,sparsity_failure,0.9900540371211528,2,610,1,0,True,515,fresh_execution,valid_but_not_meaningfully_sparse,,,,,locally_single_deletion_minimal_nonsparse_mask,stage18-scaling-24a9adb84176,0,2,3400,34
False,False,9389,39,s0-step3400-f99of100-d1of2,35,2,1,10000,611,,100,99,True,0.0,1,0,False,sparsity_failure,0.9900540371211528,2,610,1,0,True,515,fresh_execution,valid_but_not_meaningfully_sparse,,,,,locally_single_deletion_minimal_nonsparse_mask,stage18-scaling-24a9adb84176,0,2,3400,35
False,False,9389,39,s0-step3400-f99of100-d3of4,36,4,3,10000,611,,100,99,True,0.0,1,0,False,sparsity_failure,0.9900540371211528,2,610,1,0,True,515,fresh_execution,valid_but_not_meaningfully_sparse,,,,,locally_single_deletion_minimal_nonsparse_mask,stage18-scaling-24a9adb84176,0,2,3400,36
True,False,2449,472,s0-step7450-f4of5-d1of4,37,4,1,10000,7551,,5,4,True,0.0,1,0,True,valid_distinct_candidate,0.8053097345132744,470,7082,1,0,True,47,fresh_execution,valid_sparse_circuit,,,,,locally_single_deletion_minimal_sparse_mask,stage18-scaling-24a9adb84176,0,3,7450,37
True,False,2434,473,s0-step7450-f4of5-d1of4,37,4,1,10000,7566,,5,4,True,0.12048192771084337,83,10,True,valid_distinct_candidate,0.8073459158900462,471,7096,2,0,True,46,fresh_execution,valid_sparse_circuit,2201230925,83341e4d997be6741928e5ba753697b9362d1c6ad50ec57dbcd9ac152da1361a,,,locally_single_deletion_minimal_sparse_mask,stage18-scaling-24a9adb84176,0,3,7450,37
True,False,2449,472,s0-step7450-f4of5-d1of4,37,4,1,10000,7551,,5,4,True,0.23684210526315788,38,9,True,valid_distinct_candidate,0.8024904064531286,470,7082,3,0,True,47,fresh_execution,valid_sparse_circuit,3569438268,d4c14e3c9a49c39cc79e96a27bf1afdd0440e58e0c05dbdbbde795bdc0c1d38b,,,locally_single_deletion_minimal_sparse_mask,stage18-scaling-24a9adb84176,0,3,7450,37
False,False,2464,471,s0-step7450-f4of5-d1of4,37,4,1,10000,7536,,5,4,True,0.3013698630136986,73,22,True,distinctness_failure,0.8002975957396821,469,7068,4,0,True,48,fresh_execution,valid_sparse_circuit,3988005954,edb42442235d7b61d53fa0c5a1c51f5bb23b6aa4da6e04a4ecf9a8c69fc8c9fd,,,locally_single_deletion_minimal_sparse_mask,stage18-scaling-24a9adb84176,0,3,7450,37
False,True,0,154,s0-step7450-f4of5-d1of4,37,4,1,2464,2464,,5,4,False,0.09066666666666667,375,34,False,budget_exhaustion,1.0,154,2310,4,1,True,362,fresh_execution,budget_exhaustion,3211861658,bf711e9a0d6c03543d5c2734d99617d74aea020913ad4eec07008e38b0875683,,,budget_exhausted_before_next_ranking,stage18-scaling-24a9adb84176,0,3,7450,37
True,False,2449,472,s0-step7450-f4of5-d1of2,38,2,1,10000,7551,,5,4,True,0.0,1,0,True,valid_distinct_candidate,0.8053097345132744,470,7082,1,0,True,47,fresh_execution,valid_sparse_circuit,,,,,locally_single_deletion_minimal_sparse_mask,stage18-scaling-24a9adb84176,0,3,7450,38
True,False,2434,473,s0-step7450-f4of5-d1of2,38,2,1,10000,7566,,5,4,True,0.12048192771084337,83,10,True,valid_distinct_candidate,0.8073459158900462,471,7096,2,0,True,46,fresh_execution,valid_sparse_circuit,2201230925,83341e4d997be6741928e5ba753697b9362d1c6ad50ec57dbcd9ac152da1361a,,,locally_single_deletion_minimal_sparse_mask,stage18-scaling-24a9adb84176,0,3,7450,38
True,False,2449,472,s0-step7450-f4of5-d1of2,38,2,1,10000,7551,,5,4,True,0.23684210526315788,38,9,True,valid_distinct_candidate,0.8024904064531286,470,7082,3,0,True,47,fresh_execution,valid_sparse_circuit,3569438268,d4c14e3c9a49c39cc79e96a27bf1afdd0440e58e0c05dbdbbde795bdc0c1d38b,,,locally_single_deletion_minimal_sparse_mask,stage18-scaling-24a9adb84176,0,3,7450,38
True,False,2464,471,s0-step7450-f4of5-d1of2,38,2,1,10000,7536,,5,4,True,0.3013698630136986,73,22,True,valid_distinct_candidate,0.8002975957396821,469,7068,4,0,True,48,fresh_execution,valid_sparse_circuit,3988005954,edb42442235d7b61d53fa0c5a1c51f5bb23b6aa4da6e04a4ecf9a8c69fc8c9fd,,,locally_single_deletion_minimal_sparse_mask,stage18-scaling-24a9adb84176,0,3,7450,38
True,False,2449,472,s0-step7450-f4of5-d1of2,38,2,1,10000,7551,,5,4,True,0.323943661971831,71,23,True,valid_distinct_candidate,0.807737489231733,470,7082,5,0,True,47,fresh_execution,valid_sparse_circuit,2647712329,9dd0e249e74c624517594ef30744052cc9617d2389d66a6a80068a6361871547,,,locally_single_deletion_minimal_sparse_mask,stage18-scaling-24a9adb84176,0,3,7450,38
True,False,2479,471,s0-step7450-f4of5-d1of2,38,2,1,10000,7521,,5,4,True,0.24675324675324675,77,19,True,valid_distinct_candidate,0.8155689560654711,468,7054,6,0,True,49,fresh_execution,valid_sparse_circuit,847374800,3281e9d0f5ff74e24b8a54c3712300a90fb09e7999c31250a7757b843b7288e3,,,locally_single_deletion_minimal_sparse_mask,stage18-scaling-24a9adb84176,0,3,7450,38
False,True,0,296,s0-step7450-f4of5-d1of2,38,2,1,4724,4724,,5,4,False,0.12605042016806722,119,15,True,budget_exhaustion,0.9999216853316626,296,4429,7,0,True,221,fresh_execution,budget_exhaustion,551680701,20e1fabd7b4291fb11f7860c704dd70baae33fa2fcdacc97c52f599f85e15b72,,,budget_exhausted_inside_candidate_batch,stage18-scaling-24a9adb84176,0,3,7450,38
True,False,2449,472,s0-step7450-f4of5-d3of4,39,4,3,10000,7551,,5,4,True,0.0,1,0,True,valid_distinct_candidate,0.8053097345132744,470,7082,1,0,True,47,fresh_execution,valid_sparse_circuit,,,,,locally_single_deletion_minimal_sparse_mask,stage18-scaling-24a9adb84176,0,3,7450,39
True,False,2434,473,s0-step7450-f4of5-d3of4,39,4,3,10000,7566,,5,4,True,0.12048192771084337,83,10,True,valid_distinct_candidate,0.8073459158900462,471,7096,2,0,True,46,fresh_execution,valid_sparse_circuit,2201230925,83341e4d997be6741928e5ba753697b9362d1c6ad50ec57dbcd9ac152da1361a,,,locally_single_deletion_minimal_sparse_mask,stage18-scaling-24a9adb84176,0,3,7450,39
True,False,2449,472,s0-step7450-f4of5-d3of4,39,4,3,10000,7551,,5,4,True,0.23684210526315788,38,9,True,valid_distinct_candidate,0.8024904064531286,470,7082,3,0,True,47,fresh_execution,valid_sparse_circuit,3569438268,d4c14e3c9a49c39cc79e96a27bf1afdd0440e58e0c05dbdbbde795bdc0c1d38b,,,locally_single_deletion_minimal_sparse_mask,stage18-scaling-24a9adb84176,0,3,7450,39
True,False,2464,471,s0-step7450-f4of5-d3of4,39,4,3,10000,7536,,5,4,True,0.3013698630136986,73,22,True,valid_distinct_candidate,0.8002975957396821,469,7068,4,0,True,48,fresh_execution,valid_sparse_circuit,3988005954,edb42442235d7b61d53fa0c5a1c51f5bb23b6aa4da6e04a4ecf9a8c69fc8c9fd,,,locally_single_deletion_minimal_sparse_mask,stage18-scaling-24a9adb84176,0,3,7450,39
True,False,2449,472,s0-step7450-f4of5-d3of4,39,4,3,10000,7551,,5,4,True,0.323943661971831,71,23,True,valid_distinct_candidate,0.807737489231733,470,7082,5,0,True,47,fresh_execution,valid_sparse_circuit,2647712329,9dd0e249e74c624517594ef30744052cc9617d2389d66a6a80068a6361871547,,,locally_single_deletion_minimal_sparse_mask,stage18-scaling-24a9adb84176,0,3,7450,39
True,False,2479,471,s0-step7450-f4of5-d3of4,39,4,3,10000,7521,,5,4,True,0.24675324675324675,77,19,True,valid_distinct_candidate,0.8155689560654711,468,7054,6,0,True,49,fresh_execution,valid_sparse_circuit,847374800,3281e9d0f5ff74e24b8a54c3712300a90fb09e7999c31250a7757b843b7288e3,,,locally_single_deletion_minimal_sparse_mask,stage18-scaling-24a9adb84176,0,3,7450,39
False,True,0,296,s0-step7450-f4of5-d3of4,39,4,3,4724,4724,,5,4,False,0.12605042016806722,119,15,True,budget_exhaustion,0.9999216853316626,296,4429,7,0,True,221,fresh_execution,budget_exhaustion,551680701,20e1fabd7b4291fb11f7860c704dd70baae33fa2fcdacc97c52f599f85e15b72,,,budget_exhausted_inside_candidate_batch,stage18-scaling-24a9adb84176,0,3,7450,39
True,False,2494,470,s0-step7450-f17of20-d1of4,40,4,1,10000,7506,,20,17,True,0.0,1,0,True,valid_distinct_candidate,0.8579371916359935,467,7040,1,0,True,50,fresh_execution,valid_sparse_circuit,,,,,locally_single_deletion_minimal_sparse_mask,stage18-scaling-24a9adb84176,0,3,7450,40
True,False,2509,469,s0-step7450-f17of20-d1of4,40,4,1,10000,7491,,20,17,True,0.1348314606741573,89,12,True,valid_distinct_candidate,0.8537865142141123,466,7026,2,0,True,51,fresh_execution,valid_sparse_circuit,2201230925,83341e4d997be6741928e5ba753697b9362d1c6ad50ec57dbcd9ac152da1361a,,,locally_single_deletion_minimal_sparse_mask,stage18-scaling-24a9adb84176,0,3,7450,40
True,False,2464,471,s0-step7450-f17of20-d1of4,40,4,1,10000,7536,,20,17,True,0.24050632911392406,79,19,True,valid_distinct_candidate,0.856214268932571,469,7068,3,0,True,48,fresh_execution,valid_sparse_circuit,3569438268,d4c14e3c9a49c39cc79e96a27bf1afdd0440e58e0c05dbdbbde795bdc0c1d38b,,,locally_single_deletion_minimal_sparse_mask,stage18-scaling-24a9adb84176,0,3,7450,40
False,False,2524,468,s0-step7450-f17of20-d1of4,40,4,1,10000,7476,,20,17,True,0.3076923076923077,13,4,True,distinctness_failure,0.8562925836009084,465,7012,4,0,True,52,fresh_execution,valid_sparse_circuit,3988005954,edb42442235d7b61d53fa0c5a1c51f5bb23b6aa4da6e04a4ecf9a8c69fc8c9fd,,,locally_single_deletion_minimal_sparse_mask,stage18-scaling-24a9adb84176,0,3,7450,40
False,True,0,158,s0-step7450-f17of20-d1of4,40,4,1,2524,2524,,20,17,False,0.10840108401084012,369,40,False,budget_exhaustion,1.0,158,2367,4,1,True,359,fresh_execution,budget_exhaustion,3211861658,bf711e9a0d6c03543d5c2734d99617d74aea020913ad4eec07008e38b0875683,,,budget_exhausted_inside_candidate_batch,stage18-scaling-24a9adb84176,0,3,7450,40
True,False,2494,470,s0-step7450-f17of20-d1of2,41,2,1,10000,7506,,20,17,True,0.0,1,0,True,valid_distinct_candidate,0.8579371916359935,467,7040,1,0,True,50,fresh_execution,valid_sparse_circuit,,,,,locally_single_deletion_minimal_sparse_mask,stage18-scaling-24a9adb84176,0,3,7450,41
True,False,2509,469,s0-step7450-f17of20-d1of2,41,2,1,10000,7491,,20,17,True,0.1348314606741573,89,12,True,valid_distinct_candidate,0.8537865142141123,466,7026,2,0,True,51,fresh_execution,valid_sparse_circuit,2201230925,83341e4d997be6741928e5ba753697b9362d1c6ad50ec57dbcd9ac152da1361a,,,locally_single_deletion_minimal_sparse_mask,stage18-scaling-24a9adb84176,0,3,7450,41
True,False,2464,471,s0-step7450-f17of20-d1of2,41,2,1,10000,7536,,20,17,True,0.24050632911392406,79,19,True,valid_distinct_candidate,0.856214268932571,469,7068,3,0,True,48,fresh_execution,valid_sparse_circuit,3569438268,d4c14e3c9a49c39cc79e96a27bf1afdd0440e58e0c05dbdbbde795bdc0c1d38b,,,locally_single_deletion_minimal_sparse_mask,stage18-scaling-24a9adb84176,0,3,7450,41
True,False,2524,468,s0-step7450-f17of20-d1of2,41,2,1,10000,7476,,20,17,True,0.3076923076923077,13,4,True,valid_distinct_candidate,0.8562925836009084,465,7012,4,0,True,52,fresh_execution,valid_sparse_circuit,3988005954,edb42442235d7b61d53fa0c5a1c51f5bb23b6aa4da6e04a4ecf9a8c69fc8c9fd,,,locally_single_deletion_minimal_sparse_mask,stage18-scaling-24a9adb84176,0,3,7450,41
True,False,2554,466,s0-step7450-f17of20-d1of2,41,2,1,10000,7446,,20,17,True,0.3333333333333333,3,1,True,valid_distinct_candidate,0.8545696608974861,463,6984,5,0,True,54,fresh_execution,valid_sparse_circuit,2647712329,9dd0e249e74c624517594ef30744052cc9617d2389d66a6a80068a6361871547,,,locally_single_deletion_minimal_sparse_mask,stage18-scaling-24a9adb84176,0,3,7450,41
True,False,2479,471,s0-step7450-f17of20-d1of2,41,2,1,10000,7521,,20,17,True,0.3026315789473684,76,23,True,valid_distinct_candidate,0.8607565196961391,468,7054,6,0,True,49,fresh_execution,valid_sparse_circuit,847374800,3281e9d0f5ff74e24b8a54c3712300a90fb09e7999c31250a7757b843b7288e3,,,locally_single_deletion_minimal_sparse_mask,stage18-scaling-24a9adb84176,0,3,7450,41
False,True,0,314,s0-step7450-f17of20-d1of2,41,2,1,5024,5024,,20,17,False,0.14285714285714285,7,1,True,budget_exhaustion,0.9998433706633253,314,4710,7,0,True,202,fresh_execution,budget_exhaustion,551680701,20e1fabd7b4291fb11f7860c704dd70baae33fa2fcdacc97c52f599f85e15b72,,,budget_exhausted_before_next_ranking,stage18-scaling-24a9adb84176,0,3,7450,41
True,False,2494,470,s0-step7450-f17of20-d3of4,42,4,3,10000,7506,,20,17,True,0.0,1,0,True,valid_distinct_candidate,0.8579371916359935,467,7040,1,0,True,50,fresh_execution,valid_sparse_circuit,,,,,locally_single_deletion_minimal_sparse_mask,stage18-scaling-24a9adb84176,0,3,7450,42
True,False,2509,469,s0-step7450-f17of20-d3of4,42,4,3,10000,7491,,20,17,True,0.1348314606741573,89,12,True,valid_distinct_candidate,0.8537865142141123,466,7026,2,0,True,51,fresh_execution,valid_sparse_circuit,2201230925,83341e4d997be6741928e5ba753697b9362d1c6ad50ec57dbcd9ac152da1361a,,,locally_single_deletion_minimal_sparse_mask,stage18-scaling-24a9adb84176,0,3,7450,42
True,False,2464,471,s0-step7450-f17of20-d3of4,42,4,3,10000,7536,,20,17,True,0.24050632911392406,79,19,True,valid_distinct_candidate,0.856214268932571,469,7068,3,0,True,48,fresh_execution,valid_sparse_circuit,3569438268,d4c14e3c9a49c39cc79e96a27bf1afdd0440e58e0c05dbdbbde795bdc0c1d38b,,,locally_single_deletion_minimal_sparse_mask,stage18-scaling-24a9adb84176,0,3,7450,42
True,False,2524,468,s0-step7450-f17of20-d3of4,42,4,3,10000,7476,,20,17,True,0.3076923076923077,13,4,True,valid_distinct_candidate,0.8562925836009084,465,7012,4,0,True,52,fresh_execution,valid_sparse_circuit,3988005954,edb42442235d7b61d53fa0c5a1c51f5bb23b6aa4da6e04a4ecf9a8c69fc8c9fd,,,locally_single_deletion_minimal_sparse_mask,stage18-scaling-24a9adb84176,0,3,7450,42
True,False,2554,466,s0-step7450-f17of20-d3of4,42,4,3,10000,7446,,20,17,True,0.3333333333333333,3,1,True,valid_distinct_candidate,0.8545696608974861,463,6984,5,0,True,54,fresh_execution,valid_sparse_circuit,2647712329,9dd0e249e74c624517594ef30744052cc9617d2389d66a6a80068a6361871547,,,locally_single_deletion_minimal_sparse_mask,stage18-scaling-24a9adb84176,0,3,7450,42
True,False,2479,471,s0-step7450-f17of20-d3of4,42,4,3,10000,7521,,20,17,True,0.3026315789473684,76,23,True,valid_distinct_candidate,0.8607565196961391,468,7054,6,0,True,49,fresh_execution,valid_sparse_circuit,847374800,3281e9d0f5ff74e24b8a54c3712300a90fb09e7999c31250a7757b843b7288e3,,,locally_single_deletion_minimal_sparse_mask,stage18-scaling-24a9adb84176,0,3,7450,42
False,True,0,314,s0-step7450-f17of20-d3of4,42,4,3,5024,5024,,20,17,False,0.14285714285714285,7,1,True,budget_exhaustion,0.9998433706633253,314,4710,7,0,True,202,fresh_execution,budget_exhaustion,551680701,20e1fabd7b4291fb11f7860c704dd70baae33fa2fcdacc97c52f599f85e15b72,,,budget_exhausted_before_next_ranking,stage18-scaling-24a9adb84176,0,3,7450,42
True,False,2554,466,s0-step7450-f9of10-d1of4,43,4,1,10000,7446,,10,9,True,0.0,1,0,True,valid_distinct_candidate,0.9073537473568799,463,6984,1,0,True,54,fresh_execution,valid_sparse_circuit,,,,,locally_single_deletion_minimal_sparse_mask,stage18-scaling-24a9adb84176,0,3,7450,43
True,False,2554,466,s0-step7450-f9of10-d1of4,43,4,1,10000,7446,,10,9,True,0.18681318681318682,91,17,True,valid_distinct_candidate,0.9076670060302294,463,6984,2,0,True,54,fresh_execution,valid_sparse_circuit,2201230925,83341e4d997be6741928e5ba753697b9362d1c6ad50ec57dbcd9ac152da1361a,,,locally_single_deletion_minimal_sparse_mask,stage18-scaling-24a9adb84176,0,3,7450,43
True,False,2629,461,s0-step7450-f9of10-d1of4,43,4,1,10000,7371,,10,9,True,0.18947368421052632,95,18,True,valid_distinct_candidate,0.9010102592215522,458,6914,3,0,True,59,fresh_execution,valid_sparse_circuit,3569438268,d4c14e3c9a49c39cc79e96a27bf1afdd0440e58e0c05dbdbbde795bdc0c1d38b,,,locally_single_deletion_minimal_sparse_mask,stage18-scaling-24a9adb84176,0,3,7450,43
True,False,2629,461,s0-step7450-f9of10-d1of4,43,4,1,10000,7371,,10,9,True,0.18947368421052632,95,18,True,valid_distinct_candidate,0.9064922860051687,458,6914,4,0,True,59,fresh_execution,valid_sparse_circuit,3988005954,edb42442235d7b61d53fa0c5a1c51f5bb23b6aa4da6e04a4ecf9a8c69fc8c9fd,,,locally_single_deletion_minimal_sparse_mask,stage18-scaling-24a9adb84176,0,3,7450,43
False,False,2584,464,s0-step7450-f9of10-d1of4,43,4,1,10000,7416,,10,9,True,0.29411764705882354,17,5,True,distinctness_failure,0.9064922860051687,461,6956,5,0,True,56,fresh_execution,valid_sparse_circuit,2647712329,9dd0e249e74c624517594ef30744052cc9617d2389d66a6a80068a6361871547,,,locally_single_deletion_minimal_sparse_mask,stage18-scaling-24a9adb84176,0,3,7450,43
False,True,0,162,s0-step7450-f9of10-d1of4,43,4,1,2584,2584,,10,9,False,0.1424581005586592,358,51,False,budget_exhaustion,1.0,162,2423,5,1,True,355,fresh_execution,budget_exhaustion,1497090728,593bcaa88924c312b27bdef851743b1a6e14251b99ee4d65b4083263a8af4072,,,budget_exhausted_inside_candidate_batch,stage18-scaling-24a9adb84176,0,3,7450,43
True,False,2554,466,s0-step7450-f9of10-d1of2,44,2,1,10000,7446,,10,9,True,0.0,1,0,True,valid_distinct_candidate,0.9073537473568799,463,6984,1,0,True,54,fresh_execution,valid_sparse_circuit,,,,,locally_single_deletion_minimal_sparse_mask,stage18-scaling-24a9adb84176,0,3,7450,44
True,False,2554,466,s0-step7450-f9of10-d1of2,44,2,1,10000,7446,,10,9,True,0.18681318681318682,91,17,True,valid_distinct_candidate,0.9076670060302294,463,6984,2,0,True,54,fresh_execution,valid_sparse_circuit,2201230925,83341e4d997be6741928e5ba753697b9362d1c6ad50ec57dbcd9ac152da1361a,,,locally_single_deletion_minimal_sparse_mask,stage18-scaling-24a9adb84176,0,3,7450,44
True,False,2629,461,s0-step7450-f9of10-d1of2,44,2,1,10000,7371,,10,9,True,0.18947368421052632,95,18,True,valid_distinct_candidate,0.9010102592215522,458,6914,3,0,True,59,fresh_execution,valid_sparse_circuit,3569438268,d4c14e3c9a49c39cc79e96a27bf1afdd0440e58e0c05dbdbbde795bdc0c1d38b,,,locally_single_deletion_minimal_sparse_mask,stage18-scaling-24a9adb84176,0,3,7450,44
True,False,2629,461,s0-step7450-f9of10-d1of2,44,2,1,10000,7371,,10,9,True,0.18947368421052632,95,18,True,valid_distinct_candidate,0.9064922860051687,458,6914,4,0,True,59,fresh_execution,valid_sparse_circuit,3988005954,edb42442235d7b61d53fa0c5a1c51f5bb23b6aa4da6e04a4ecf9a8c69fc8c9fd,,,locally_single_deletion_minimal_sparse_mask,stage18-scaling-24a9adb84176,0,3,7450,44
True,False,2584,464,s0-step7450-f9of10-d1of2,44,2,1,10000,7416,,10,9,True,0.29411764705882354,17,5,True,valid_distinct_candidate,0.9064922860051687,461,6956,5,0,True,56,fresh_execution,valid_sparse_circuit,2647712329,9dd0e249e74c624517594ef30744052cc9617d2389d66a6a80068a6361871547,,,locally_single_deletion_minimal_sparse_mask,stage18-scaling-24a9adb84176,0,3,7450,44
True,False,2584,464,s0-step7450-f9of10-d1of2,44,2,1,10000,7416,,10,9,True,0.34146341463414637,41,14,True,valid_distinct_candidate,0.9039079019500352,461,6956,6,0,True,56,fresh_execution,valid_sparse_circuit,847374800,3281e9d0f5ff74e24b8a54c3712300a90fb09e7999c31250a7757b843b7288e3,,,locally_single_deletion_minimal_sparse_mask,stage18-scaling-24a9adb84176,0,3,7450,44
False,True,0,346,s0-step7450-f9of10-d1of2,44,2,1,5534,5534,,10,9,False,0.19680851063829788,188,37,True,budget_exhaustion,0.9999216853316626,346,5189,7,0,True,171,fresh_execution,budget_exhaustion,551680701,20e1fabd7b4291fb11f7860c704dd70baae33fa2fcdacc97c52f599f85e15b72,,,budget_exhausted_inside_candidate_batch,stage18-scaling-24a9adb84176,0,3,7450,44
True,False,2554,466,s0-step7450-f9of10-d3of4,45,4,3,10000,7446,,10,9,True,0.0,1,0,True,valid_distinct_candidate,0.9073537473568799,463,6984,1,0,True,54,fresh_execution,valid_sparse_circuit,,,,,locally_single_deletion_minimal_sparse_mask,stage18-scaling-24a9adb84176,0,3,7450,45
True,False,2554,466,s0-step7450-f9of10-d3of4,45,4,3,10000,7446,,10,9,True,0.18681318681318682,91,17,True,valid_distinct_candidate,0.9076670060302294,463,6984,2,0,True,54,fresh_execution,valid_sparse_circuit,2201230925,83341e4d997be6741928e5ba753697b9362d1c6ad50ec57dbcd9ac152da1361a,,,locally_single_deletion_minimal_sparse_mask,stage18-scaling-24a9adb84176,0,3,7450,45
True,False,2629,461,s0-step7450-f9of10-d3of4,45,4,3,10000,7371,,10,9,True,0.18947368421052632,95,18,True,valid_distinct_candidate,0.9010102592215522,458,6914,3,0,True,59,fresh_execution,valid_sparse_circuit,3569438268,d4c14e3c9a49c39cc79e96a27bf1afdd0440e58e0c05dbdbbde795bdc0c1d38b,,,locally_single_deletion_minimal_sparse_mask,stage18-scaling-24a9adb84176,0,3,7450,45
True,False,2629,461,s0-step7450-f9of10-d3of4,45,4,3,10000,7371,,10,9,True,0.18947368421052632,95,18,True,valid_distinct_candidate,0.9064922860051687,458,6914,4,0,True,59,fresh_execution,valid_sparse_circuit,3988005954,edb42442235d7b61d53fa0c5a1c51f5bb23b6aa4da6e04a4ecf9a8c69fc8c9fd,,,locally_single_deletion_minimal_sparse_mask,stage18-scaling-24a9adb84176,0,3,7450,45
True,False,2584,464,s0-step7450-f9of10-d3of4,45,4,3,10000,7416,,10,9,True,0.29411764705882354,17,5,True,valid_distinct_candidate,0.9064922860051687,461,6956,5,0,True,56,fresh_execution,valid_sparse_circuit,2647712329,9dd0e249e74c624517594ef30744052cc9617d2389d66a6a80068a6361871547,,,locally_single_deletion_minimal_sparse_mask,stage18-scaling-24a9adb84176,0,3,7450,45
True,False,2584,464,s0-step7450-f9of10-d3of4,45,4,3,10000,7416,,10,9,True,0.34146341463414637,41,14,True,valid_distinct_candidate,0.9039079019500352,461,6956,6,0,True,56,fresh_execution,valid_sparse_circuit,847374800,3281e9d0f5ff74e24b8a54c3712300a90fb09e7999c31250a7757b843b7288e3,,,locally_single_deletion_minimal_sparse_mask,stage18-scaling-24a9adb84176,0,3,7450,45
False,True,0,346,s0-step7450-f9of10-d3of4,45,4,3,5534,5534,,10,9,False,0.19680851063829788,188,37,True,budget_exhaustion,0.9999216853316626,346,5189,7,0,True,171,fresh_execution,budget_exhaustion,551680701,20e1fabd7b4291fb11f7860c704dd70baae33fa2fcdacc97c52f599f85e15b72,,,budget_exhausted_inside_candidate_batch,stage18-scaling-24a9adb84176,0,3,7450,45
True,False,2644,460,s0-step7450-f19of20-d1of4,46,4,1,10000,7356,,20,19,True,0.0,1,0,True,valid_distinct_candidate,0.9502701856057639,457,6900,1,0,True,60,fresh_execution,valid_sparse_circuit,,,,,locally_single_deletion_minimal_sparse_mask,stage18-scaling-24a9adb84176,0,3,7450,46
True,False,2749,454,s0-step7450-f19of20-d1of4,46,4,1,10000,7251,,20,19,True,0.12389380530973451,113,14,True,valid_distinct_candidate,0.9526979403242227,450,6802,2,0,True,67,fresh_execution,valid_sparse_circuit,2201230925,83341e4d997be6741928e5ba753697b9362d1c6ad50ec57dbcd9ac152da1361a,,,locally_single_deletion_minimal_sparse_mask,stage18-scaling-24a9adb84176,0,3,7450,46
True,False,2658,459,s0-step7450-f19of20-d1of4,46,4,1,10000,7342,,20,19,True,0.23232323232323232,99,23,True,valid_distinct_candidate,0.9516015349674994,455,6888,3,0,True,62,fresh_execution,valid_sparse_circuit,3569438268,d4c14e3c9a49c39cc79e96a27bf1afdd0440e58e0c05dbdbbde795bdc0c1d38b,,,locally_single_deletion_minimal_sparse_mask,stage18-scaling-24a9adb84176,0,3,7450,46
False,False,2644,460,s0-step7450-f19of20-d1of4,46,4,1,10000,7356,,20,19,True,0.2631578947368421,19,5,True,distinctness_failure,0.9516798496358367,457,6900,4,0,True,60,fresh_execution,valid_sparse_circuit,3988005954,edb42442235d7b61d53fa0c5a1c51f5bb23b6aa4da6e04a4ecf9a8c69fc8c9fd,,,locally_single_deletion_minimal_sparse_mask,stage18-scaling-24a9adb84176,0,3,7450,46
False,True,0,166,s0-step7450-f19of20-d1of4,46,4,1,2644,2644,,20,19,False,0.11684782608695653,368,43,False,budget_exhaustion,1.0,166,2479,4,1,True,351,fresh_execution,budget_exhaustion,3211861658,bf711e9a0d6c03543d5c2734d99617d74aea020913ad4eec07008e38b0875683,,,budget_exhausted_inside_candidate_batch,stage18-scaling-24a9adb84176,0,3,7450,46
True,False,2644,460,s0-step7450-f19of20-d1of2,47,2,1,10000,7356,,20,19,True,0.0,1,0,True,valid_distinct_candidate,0.9502701856057639,457,6900,1,0,True,60,fresh_execution,valid_sparse_circuit,,,,,locally_single_deletion_minimal_sparse_mask,stage18-scaling-24a9adb84176,0,3,7450,47
True,False,2749,454,s0-step7450-f19of20-d1of2,47,2,1,10000,7251,,20,19,True,0.12389380530973451,113,14,True,valid_distinct_candidate,0.9526979403242227,450,6802,2,0,True,67,fresh_execution,valid_sparse_circuit,2201230925,83341e4d997be6741928e5ba753697b9362d1c6ad50ec57dbcd9ac152da1361a,,,locally_single_deletion_minimal_sparse_mask,stage18-scaling-24a9adb84176,0,3,7450,47
True,False,2658,459,s0-step7450-f19of20-d1of2,47,2,1,10000,7342,,20,19,True,0.23232323232323232,99,23,True,valid_distinct_candidate,0.9516015349674994,455,6888,3,0,True,62,fresh_execution,valid_sparse_circuit,3569438268,d4c14e3c9a49c39cc79e96a27bf1afdd0440e58e0c05dbdbbde795bdc0c1d38b,,,locally_single_deletion_minimal_sparse_mask,stage18-scaling-24a9adb84176,0,3,7450,47
True,False,2644,460,s0-step7450-f19of20-d1of2,47,2,1,10000,7356,,20,19,True,0.2631578947368421,19,5,True,valid_distinct_candidate,0.9516798496358367,457,6900,4,0,True,60,fresh_execution,valid_sparse_circuit,3988005954,edb42442235d7b61d53fa0c5a1c51f5bb23b6aa4da6e04a4ecf9a8c69fc8c9fd,,,locally_single_deletion_minimal_sparse_mask,stage18-scaling-24a9adb84176,0,3,7450,47
True,False,2674,458,s0-step7450-f19of20-d1of2,47,2,1,10000,7326,,20,19,True,0.3118279569892473,93,29,True,valid_distinct_candidate,0.9544991776959825,455,6872,5,0,True,62,fresh_execution,valid_sparse_circuit,2647712329,9dd0e249e74c624517594ef30744052cc9617d2389d66a6a80068a6361871547,,,locally_single_deletion_minimal_sparse_mask,stage18-scaling-24a9adb84176,0,3,7450,47
True,False,2689,457,s0-step7450-f19of20-d1of2,47,2,1,10000,7311,,20,19,True,0.25510204081632654,98,25,True,valid_distinct_candidate,0.9518364789725116,454,6858,6,0,True,63,fresh_execution,valid_sparse_circuit,847374800,3281e9d0f5ff74e24b8a54c3712300a90fb09e7999c31250a7757b843b7288e3,,,locally_single_deletion_minimal_sparse_mask,stage18-scaling-24a9adb84176,0,3,7450,47
False,True,0,379,s0-step7450-f19of20-d1of2,47,2,1,6058,6058,,20,19,False,0.22981366459627328,161,37,True,budget_exhaustion,0.9999216853316626,379,5680,7,0,True,138,fresh_execution,budget_exhaustion,551680701,20e1fabd7b4291fb11f7860c704dd70baae33fa2fcdacc97c52f599f85e15b72,,,budget_exhausted_inside_candidate_batch,stage18-scaling-24a9adb84176,0,3,7450,47
True,False,2644,460,s0-step7450-f19of20-d3of4,48,4,3,10000,7356,,20,19,True,0.0,1,0,True,valid_distinct_candidate,0.9502701856057639,457,6900,1,0,True,60,fresh_execution,valid_sparse_circuit,,,,,locally_single_deletion_minimal_sparse_mask,stage18-scaling-24a9adb84176,0,3,7450,48
True,False,2749,454,s0-step7450-f19of20-d3of4,48,4,3,10000,7251,,20,19,True,0.12389380530973451,113,14,True,valid_distinct_candidate,0.9526979403242227,450,6802,2,0,True,67,fresh_execution,valid_sparse_circuit,2201230925,83341e4d997be6741928e5ba753697b9362d1c6ad50ec57dbcd9ac152da1361a,,,locally_single_deletion_minimal_sparse_mask,stage18-scaling-24a9adb84176,0,3,7450,48
True,False,2658,459,s0-step7450-f19of20-d3of4,48,4,3,10000,7342,,20,19,True,0.23232323232323232,99,23,True,valid_distinct_candidate,0.9516015349674994,455,6888,3,0,True,62,fresh_execution,valid_sparse_circuit,3569438268,d4c14e3c9a49c39cc79e96a27bf1afdd0440e58e0c05dbdbbde795bdc0c1d38b,,,locally_single_deletion_minimal_sparse_mask,stage18-scaling-24a9adb84176,0,3,7450,48
True,False,2644,460,s0-step7450-f19of20-d3of4,48,4,3,10000,7356,,20,19,True,0.2631578947368421,19,5,True,valid_distinct_candidate,0.9516798496358367,457,6900,4,0,True,60,fresh_execution,valid_sparse_circuit,3988005954,edb42442235d7b61d53fa0c5a1c51f5bb23b6aa4da6e04a4ecf9a8c69fc8c9fd,,,locally_single_deletion_minimal_sparse_mask,stage18-scaling-24a9adb84176,0,3,7450,48
True,False,2674,458,s0-step7450-f19of20-d3of4,48,4,3,10000,7326,,20,19,True,0.3118279569892473,93,29,True,valid_distinct_candidate,0.9544991776959825,455,6872,5,0,True,62,fresh_execution,valid_sparse_circuit,2647712329,9dd0e249e74c624517594ef30744052cc9617d2389d66a6a80068a6361871547,,,locally_single_deletion_minimal_sparse_mask,stage18-scaling-24a9adb84176,0,3,7450,48
True,False,2689,457,s0-step7450-f19of20-d3of4,48,4,3,10000,7311,,20,19,True,0.25510204081632654,98,25,True,valid_distinct_candidate,0.9518364789725116,454,6858,6,0,True,63,fresh_execution,valid_sparse_circuit,847374800,3281e9d0f5ff74e24b8a54c3712300a90fb09e7999c31250a7757b843b7288e3,,,locally_single_deletion_minimal_sparse_mask,stage18-scaling-24a9adb84176,0,3,7450,48
False,True,0,379,s0-step7450-f19of20-d3of4,48,4,3,6058,6058,,20,19,False,0.22981366459627328,161,37,True,budget_exhaustion,0.9999216853316626,379,5680,7,0,True,138,fresh_execution,budget_exhaustion,551680701,20e1fabd7b4291fb11f7860c704dd70baae33fa2fcdacc97c52f599f85e15b72,,,budget_exhausted_inside_candidate_batch,stage18-scaling-24a9adb84176,0,3,7450,48
True,False,2733,455,s0-step7450-f39of40-d1of4,49,4,1,10000,7267,,40,39,True,0.0,1,0,True,valid_distinct_candidate,0.9750176208003759,450,6818,1,0,True,67,fresh_execution,valid_sparse_circuit,,,,,locally_single_deletion_minimal_sparse_mask,stage18-scaling-24a9adb84176,0,3,7450,49
True,False,2794,451,s0-step7450-f39of40-d1of4,49,4,1,10000,7206,,40,39,True,0.14166666666666666,120,17,True,valid_distinct_candidate,0.9750959354687133,447,6760,2,0,True,70,fresh_execution,valid_sparse_circuit,2201230925,83341e4d997be6741928e5ba753697b9362d1c6ad50ec57dbcd9ac152da1361a,,,locally_single_deletion_minimal_sparse_mask,stage18-scaling-24a9adb84176,0,3,7450,49
True,False,2884,445,s0-step7450-f39of40-d1of4,49,4,1,10000,7116,,40,39,True,0.2222222222222222,9,2,True,valid_distinct_candidate,0.9757224528154124,441,6676,3,0,True,76,fresh_execution,valid_sparse_circuit,3569438268,d4c14e3c9a49c39cc79e96a27bf1afdd0440e58e0c05dbdbbde795bdc0c1d38b,,,locally_single_deletion_minimal_sparse_mask,stage18-scaling-24a9adb84176,0,3,7450,49
True,False,2764,453,s0-step7450-f39of40-d1of4,49,4,1,10000,7236,,40,39,True,0.22727272727272727,22,5,True,valid_distinct_candidate,0.9758790821520871,449,6788,4,0,True,68,fresh_execution,valid_sparse_circuit,3988005954,edb42442235d7b61d53fa0c5a1c51f5bb23b6aa4da6e04a4ecf9a8c69fc8c9fd,,,locally_single_deletion_minimal_sparse_mask,stage18-scaling-24a9adb84176,0,3,7450,49
False,False,2822,449,s0-step7450-f39of40-d1of4,49,4,1,10000,7178,,40,39,True,0.2702702702702703,37,10,True,distinctness_failure,0.9760357114887619,443,6736,5,0,True,74,fresh_execution,valid_sparse_circuit,2647712329,9dd0e249e74c624517594ef30744052cc9617d2389d66a6a80068a6361871547,,,locally_single_deletion_minimal_sparse_mask,stage18-scaling-24a9adb84176,0,3,7450,49
False,True,0,177,s0-step7450-f39of40-d1of4,49,4,1,2822,2822,,40,39,False,0.1529745042492918,353,54,False,budget_exhaustion,1.0,177,2646,5,1,True,340,fresh_execution,budget_exhaustion,1497090728,593bcaa88924c312b27bdef851743b1a6e14251b99ee4d65b4083263a8af4072,,,budget_exhausted_inside_candidate_batch,stage18-scaling-24a9adb84176,0,3,7450,49
True,False,2733,455,s0-step7450-f39of40-d1of2,50,2,1,10000,7267,,40,39,True,0.0,1,0,True,valid_distinct_candidate,0.9750176208003759,450,6818,1,0,True,67,fresh_execution,valid_sparse_circuit,,,,,locally_single_deletion_minimal_sparse_mask,stage18-scaling-24a9adb84176,0,3,7450,50
True,False,2794,451,s0-step7450-f39of40-d1of2,50,2,1,10000,7206,,40,39,True,0.14166666666666666,120,17,True,valid_distinct_candidate,0.9750959354687133,447,6760,2,0,True,70,fresh_execution,valid_sparse_circuit,2201230925,83341e4d997be6741928e5ba753697b9362d1c6ad50ec57dbcd9ac152da1361a,,,locally_single_deletion_minimal_sparse_mask,stage18-scaling-24a9adb84176,0,3,7450,50
True,False,2884,445,s0-step7450-f39of40-d1of2,50,2,1,10000,7116,,40,39,True,0.2222222222222222,9,2,True,valid_distinct_candidate,0.9757224528154124,441,6676,3,0,True,76,fresh_execution,valid_sparse_circuit,3569438268,d4c14e3c9a49c39cc79e96a27bf1afdd0440e58e0c05dbdbbde795bdc0c1d38b,,,locally_single_deletion_minimal_sparse_mask,stage18-scaling-24a9adb84176,0,3,7450,50
True,False,2764,453,s0-step7450-f39of40-d1of2,50,2,1,10000,7236,,40,39,True,0.22727272727272727,22,5,True,valid_distinct_candidate,0.9758790821520871,449,6788,4,0,True,68,fresh_execution,valid_sparse_circuit,3988005954,edb42442235d7b61d53fa0c5a1c51f5bb23b6aa4da6e04a4ecf9a8c69fc8c9fd,,,locally_single_deletion_minimal_sparse_mask,stage18-scaling-24a9adb84176,0,3,7450,50
True,False,2822,449,s0-step7450-f39of40-d1of2,50,2,1,10000,7178,,40,39,True,0.2702702702702703,37,10,True,valid_distinct_candidate,0.9760357114887619,443,6736,5,0,True,74,fresh_execution,valid_sparse_circuit,2647712329,9dd0e249e74c624517594ef30744052cc9617d2389d66a6a80068a6361871547,,,locally_single_deletion_minimal_sparse_mask,stage18-scaling-24a9adb84176,0,3,7450,50
True,False,2764,453,s0-step7450-f39of40-d1of2,50,2,1,10000,7236,,40,39,True,0.3106796116504854,103,32,True,valid_distinct_candidate,0.9750959354687133,449,6788,6,0,True,68,fresh_execution,valid_sparse_circuit,847374800,3281e9d0f5ff74e24b8a54c3712300a90fb09e7999c31250a7757b843b7288e3,,,locally_single_deletion_minimal_sparse_mask,stage18-scaling-24a9adb84176,0,3,7450,50
False,True,0,423,s0-step7450-f39of40-d1of2,50,2,1,6761,6761,,40,39,False,0.2677165354330709,127,34,True,budget_exhaustion,0.9945179732163835,423,6339,7,0,True,94,fresh_execution,budget_exhaustion,551680701,20e1fabd7b4291fb11f7860c704dd70baae33fa2fcdacc97c52f599f85e15b72,,,budget_exhausted_inside_candidate_batch,stage18-scaling-24a9adb84176,0,3,7450,50
True,False,2733,455,s0-step7450-f39of40-d3of4,51,4,3,10000,7267,,40,39,True,0.0,1,0,True,valid_distinct_candidate,0.9750176208003759,450,6818,1,0,True,67,fresh_execution,valid_sparse_circuit,,,,,locally_single_deletion_minimal_sparse_mask,stage18-scaling-24a9adb84176,0,3,7450,51
True,False,2794,451,s0-step7450-f39of40-d3of4,51,4,3,10000,7206,,40,39,True,0.14166666666666666,120,17,True,valid_distinct_candidate,0.9750959354687133,447,6760,2,0,True,70,fresh_execution,valid_sparse_circuit,2201230925,83341e4d997be6741928e5ba753697b9362d1c6ad50ec57dbcd9ac152da1361a,,,locally_single_deletion_minimal_sparse_mask,stage18-scaling-24a9adb84176,0,3,7450,51
True,False,2884,445,s0-step7450-f39of40-d3of4,51,4,3,10000,7116,,40,39,True,0.2222222222222222,9,2,True,valid_distinct_candidate,0.9757224528154124,441,6676,3,0,True,76,fresh_execution,valid_sparse_circuit,3569438268,d4c14e3c9a49c39cc79e96a27bf1afdd0440e58e0c05dbdbbde795bdc0c1d38b,,,locally_single_deletion_minimal_sparse_mask,stage18-scaling-24a9adb84176,0,3,7450,51
True,False,2764,453,s0-step7450-f39of40-d3of4,51,4,3,10000,7236,,40,39,True,0.22727272727272727,22,5,True,valid_distinct_candidate,0.9758790821520871,449,6788,4,0,True,68,fresh_execution,valid_sparse_circuit,3988005954,edb42442235d7b61d53fa0c5a1c51f5bb23b6aa4da6e04a4ecf9a8c69fc8c9fd,,,locally_single_deletion_minimal_sparse_mask,stage18-scaling-24a9adb84176,0,3,7450,51
True,False,2822,449,s0-step7450-f39of40-d3of4,51,4,3,10000,7178,,40,39,True,0.2702702702702703,37,10,True,valid_distinct_candidate,0.9760357114887619,443,6736,5,0,True,74,fresh_execution,valid_sparse_circuit,2647712329,9dd0e249e74c624517594ef30744052cc9617d2389d66a6a80068a6361871547,,,locally_single_deletion_minimal_sparse_mask,stage18-scaling-24a9adb84176,0,3,7450,51
True,False,2764,453,s0-step7450-f39of40-d3of4,51,4,3,10000,7236,,40,39,True,0.3106796116504854,103,32,True,valid_distinct_candidate,0.9750959354687133,449,6788,6,0,True,68,fresh_execution,valid_sparse_circuit,847374800,3281e9d0f5ff74e24b8a54c3712300a90fb09e7999c31250a7757b843b7288e3,,,locally_single_deletion_minimal_sparse_mask,stage18-scaling-24a9adb84176,0,3,7450,51
False,True,0,423,s0-step7450-f39of40-d3of4,51,4,3,6761,6761,,40,39,False,0.2677165354330709,127,34,True,budget_exhaustion,0.9945179732163835,423,6339,7,0,True,94,fresh_execution,budget_exhaustion,551680701,20e1fabd7b4291fb11f7860c704dd70baae33fa2fcdacc97c52f599f85e15b72,,,budget_exhausted_inside_candidate_batch,stage18-scaling-24a9adb84176,0,3,7450,51
True,False,2883,445,s0-step7450-f99of100-d1of4,52,4,1,10000,7117,,100,99,True,0.0,1,0,True,valid_distinct_candidate,0.9901323517894902,440,6678,1,0,True,77,fresh_execution,valid_sparse_circuit,,,,,locally_single_deletion_minimal_sparse_mask,stage18-scaling-24a9adb84176,0,3,7450,52
True,False,2943,442,s0-step7450-f99of100-d1of4,52,4,1,10000,7057,,100,99,True,0.09722222222222222,72,7,True,valid_distinct_candidate,0.9904456104628397,436,6622,2,0,True,81,fresh_execution,valid_sparse_circuit,2201230925,83341e4d997be6741928e5ba753697b9362d1c6ad50ec57dbcd9ac152da1361a,,,locally_single_deletion_minimal_sparse_mask,stage18-scaling-24a9adb84176,0,3,7450,52
True,False,2989,439,s0-step7450-f99of100-d1of4,52,4,1,10000,7011,,100,99,True,0.1678832116788321,137,23,True,valid_distinct_candidate,0.9904456104628397,434,6578,3,0,True,83,fresh_execution,valid_sparse_circuit,3569438268,d4c14e3c9a49c39cc79e96a27bf1afdd0440e58e0c05dbdbbde795bdc0c1d38b,,,locally_single_deletion_minimal_sparse_mask,stage18-scaling-24a9adb84176,0,3,7450,52
True,False,3109,431,s0-step7450-f99of100-d1of4,52,4,1,10000,6891,,100,99,True,0.16666666666666666,6,1,True,valid_distinct_candidate,0.9903672957945023,426,6466,4,0,True,91,fresh_execution,valid_sparse_circuit,3988005954,edb42442235d7b61d53fa0c5a1c51f5bb23b6aa4da6e04a4ecf9a8c69fc8c9fd,,,locally_single_deletion_minimal_sparse_mask,stage18-scaling-24a9adb84176,0,3,7450,52
False,False,2928,442,s0-step7450-f99of100-d1of4,52,4,1,10000,7072,,100,99,True,0.35344827586206895,116,41,True,distinctness_failure,0.9901323517894902,437,6636,5,0,True,80,fresh_execution,valid_sparse_circuit,2647712329,9dd0e249e74c624517594ef30744052cc9617d2389d66a6a80068a6361871547,,,locally_single_deletion_minimal_sparse_mask,stage18-scaling-24a9adb84176,0,3,7450,52
False,True,0,183,s0-step7450-f99of100-d1of4,52,4,1,2928,2928,,100,99,False,0.17478510028653296,349,61,False,budget_exhaustion,1.0,183,2745,5,1,True,333,fresh_execution,budget_exhaustion,1497090728,593bcaa88924c312b27bdef851743b1a6e14251b99ee4d65b4083263a8af4072,,,budget_exhausted_before_next_ranking,stage18-scaling-24a9adb84176,0,3,7450,52
True,False,2883,445,s0-step7450-f99of100-d1of2,53,2,1,10000,7117,,100,99,True,0.0,1,0,True,valid_distinct_candidate,0.9901323517894902,440,6678,1,0,True,77,fresh_execution,valid_sparse_circuit,,,,,locally_single_deletion_minimal_sparse_mask,stage18-scaling-24a9adb84176,0,3,7450,53
True,False,2943,442,s0-step7450-f99of100-d1of2,53,2,1,10000,7057,,100,99,True,0.09722222222222222,72,7,True,valid_distinct_candidate,0.9904456104628397,436,6622,2,0,True,81,fresh_execution,valid_sparse_circuit,2201230925,83341e4d997be6741928e5ba753697b9362d1c6ad50ec57dbcd9ac152da1361a,,,locally_single_deletion_minimal_sparse_mask,stage18-scaling-24a9adb84176,0,3,7450,53
True,False,2989,439,s0-step7450-f99of100-d1of2,53,2,1,10000,7011,,100,99,True,0.1678832116788321,137,23,True,valid_distinct_candidate,0.9904456104628397,434,6578,3,0,True,83,fresh_execution,valid_sparse_circuit,3569438268,d4c14e3c9a49c39cc79e96a27bf1afdd0440e58e0c05dbdbbde795bdc0c1d38b,,,locally_single_deletion_minimal_sparse_mask,stage18-scaling-24a9adb84176,0,3,7450,53
True,False,3109,431,s0-step7450-f99of100-d1of2,53,2,1,10000,6891,,100,99,True,0.16666666666666666,6,1,True,valid_distinct_candidate,0.9903672957945023,426,6466,4,0,True,91,fresh_execution,valid_sparse_circuit,3988005954,edb42442235d7b61d53fa0c5a1c51f5bb23b6aa4da6e04a4ecf9a8c69fc8c9fd,,,locally_single_deletion_minimal_sparse_mask,stage18-scaling-24a9adb84176,0,3,7450,53
True,False,2928,442,s0-step7450-f99of100-d1of2,53,2,1,10000,7072,,100,99,True,0.35344827586206895,116,41,True,valid_distinct_candidate,0.9901323517894902,437,6636,5,0,True,80,fresh_execution,valid_sparse_circuit,2647712329,9dd0e249e74c624517594ef30744052cc9617d2389d66a6a80068a6361871547,,,locally_single_deletion_minimal_sparse_mask,stage18-scaling-24a9adb84176,0,3,7450,53
True,False,2944,441,s0-step7450-f99of100-d1of2,53,2,1,10000,7056,,100,99,True,0.3305084745762712,118,39,True,valid_distinct_candidate,0.9906805544678519,437,6620,6,0,True,80,fresh_execution,valid_sparse_circuit,847374800,3281e9d0f5ff74e24b8a54c3712300a90fb09e7999c31250a7757b843b7288e3,,,locally_single_deletion_minimal_sparse_mask,stage18-scaling-24a9adb84176,0,3,7450,53
True,False,815,437,s0-step7450-f99of100-d1of2,53,2,1,7796,6981,,100,99,True,0.2558139534883721,43,11,True,valid_distinct_candidate,0.9900540371211528,432,6550,7,0,True,85,fresh_execution,valid_sparse_circuit,551680701,20e1fabd7b4291fb11f7860c704dd70baae33fa2fcdacc97c52f599f85e15b72,,,locally_single_deletion_minimal_sparse_mask,stage18-scaling-24a9adb84176,0,3,7450,53
False,True,0,51,s0-step7450-f99of100-d1of2,53,2,1,815,815,,100,99,False,0.158004158004158,481,76,False,budget_exhaustion,1.0,51,765,8,0,True,466,fresh_execution,budget_exhaustion,3415288329,cb912a09dcf6e12d38ce075553400790d748081f321548c02791991ef6f869aa,,,budget_exhausted_inside_candidate_batch,stage18-scaling-24a9adb84176,0,3,7450,53
True,False,2883,445,s0-step7450-f99of100-d3of4,54,4,3,10000,7117,,100,99,True,0.0,1,0,True,valid_distinct_candidate,0.9901323517894902,440,6678,1,0,True,77,fresh_execution,valid_sparse_circuit,,,,,locally_single_deletion_minimal_sparse_mask,stage18-scaling-24a9adb84176,0,3,7450,54
True,False,2943,442,s0-step7450-f99of100-d3of4,54,4,3,10000,7057,,100,99,True,0.09722222222222222,72,7,True,valid_distinct_candidate,0.9904456104628397,436,6622,2,0,True,81,fresh_execution,valid_sparse_circuit,2201230925,83341e4d997be6741928e5ba753697b9362d1c6ad50ec57dbcd9ac152da1361a,,,locally_single_deletion_minimal_sparse_mask,stage18-scaling-24a9adb84176,0,3,7450,54
True,False,2989,439,s0-step7450-f99of100-d3of4,54,4,3,10000,7011,,100,99,True,0.1678832116788321,137,23,True,valid_distinct_candidate,0.9904456104628397,434,6578,3,0,True,83,fresh_execution,valid_sparse_circuit,3569438268,d4c14e3c9a49c39cc79e96a27bf1afdd0440e58e0c05dbdbbde795bdc0c1d38b,,,locally_single_deletion_minimal_sparse_mask,stage18-scaling-24a9adb84176,0,3,7450,54
True,False,3109,431,s0-step7450-f99of100-d3of4,54,4,3,10000,6891,,100,99,True,0.16666666666666666,6,1,True,valid_distinct_candidate,0.9903672957945023,426,6466,4,0,True,91,fresh_execution,valid_sparse_circuit,3988005954,edb42442235d7b61d53fa0c5a1c51f5bb23b6aa4da6e04a4ecf9a8c69fc8c9fd,,,locally_single_deletion_minimal_sparse_mask,stage18-scaling-24a9adb84176,0,3,7450,54
True,False,2928,442,s0-step7450-f99of100-d3of4,54,4,3,10000,7072,,100,99,True,0.35344827586206895,116,41,True,valid_distinct_candidate,0.9901323517894902,437,6636,5,0,True,80,fresh_execution,valid_sparse_circuit,2647712329,9dd0e249e74c624517594ef30744052cc9617d2389d66a6a80068a6361871547,,,locally_single_deletion_minimal_sparse_mask,stage18-scaling-24a9adb84176,0,3,7450,54
True,False,2944,441,s0-step7450-f99of100-d3of4,54,4,3,10000,7056,,100,99,True,0.3305084745762712,118,39,True,valid_distinct_candidate,0.9906805544678519,437,6620,6,0,True,80,fresh_execution,valid_sparse_circuit,847374800,3281e9d0f5ff74e24b8a54c3712300a90fb09e7999c31250a7757b843b7288e3,,,locally_single_deletion_minimal_sparse_mask,stage18-scaling-24a9adb84176,0,3,7450,54
True,False,815,437,s0-step7450-f99of100-d3of4,54,4,3,7796,6981,,100,99,True,0.2558139534883721,43,11,True,valid_distinct_candidate,0.9900540371211528,432,6550,7,0,True,85,fresh_execution,valid_sparse_circuit,551680701,20e1fabd7b4291fb11f7860c704dd70baae33fa2fcdacc97c52f599f85e15b72,,,locally_single_deletion_minimal_sparse_mask,stage18-scaling-24a9adb84176,0,3,7450,54
False,True,0,51,s0-step7450-f99of100-d3of4,54,4,3,815,815,,100,99,False,0.158004158004158,481,76,False,budget_exhaustion,1.0,51,765,8,0,True,466,fresh_execution,budget_exhaustion,3415288329,cb912a09dcf6e12d38ce075553400790d748081f321548c02791991ef6f869aa,,,budget_exhausted_inside_candidate_batch,stage18-scaling-24a9adb84176,0,3,7450,54
True,False,2449,472,s0-step8150-f4of5-d1of4,55,4,1,10000,7551,,5,4,True,0.0,1,0,True,valid_distinct_candidate,0.818858172135641,470,7082,1,0,True,47,fresh_execution,valid_sparse_circuit,,,,,locally_single_deletion_minimal_sparse_mask,stage18-scaling-24a9adb84176,0,4,8150,55
True,False,2404,475,s0-step8150-f4of5-d1of4,55,4,1,10000,7596,,5,4,True,0.22972972972972974,74,17,True,valid_distinct_candidate,0.8127496280053254,473,7124,2,0,True,44,fresh_execution,valid_sparse_circuit,3046115100,b590071cb241cdb44e9d2f203030477a3f3696d8cee58405415c3d6b86a39e83,,,locally_single_deletion_minimal_sparse_mask,stage18-scaling-24a9adb84176,0,4,8150,55
False,False,2404,475,s0-step8150-f4of5-d1of4,55,4,1,10000,7596,,5,4,True,0.3382352941176471,68,23,True,distinctness_failure,0.8010024277547184,473,7124,3,0,True,44,fresh_execution,valid_sparse_circuit,1114544324,426e98c452321f8cd29ea6dfe41d07346e4b92ac848fd051f7681db8890db1a2,,,locally_single_deletion_minimal_sparse_mask,stage18-scaling-24a9adb84176,0,4,8150,55
False,True,0,151,s0-step8150-f4of5-d1of4,55,4,1,2404,2404,,5,4,False,0.09840425531914894,376,37,False,budget_exhaustion,1.0,151,2254,3,1,True,366,fresh_execution,budget_exhaustion,547173985,209d36615f5dfe1dc466f9441b9bad2d6e5c54277cbb1f7e770525715fb100b9,,,budget_exhausted_inside_candidate_batch,stage18-scaling-24a9adb84176,0,4,8150,55
True,False,2449,472,s0-step8150-f4of5-d1of2,56,2,1,10000,7551,,5,4,True,0.0,1,0,True,valid_distinct_candidate,0.818858172135641,470,7082,1,0,True,47,fresh_execution,valid_sparse_circuit,,,,,locally_single_deletion_minimal_sparse_mask,stage18-scaling-24a9adb84176,0,4,8150,56
True,False,2404,475,s0-step8150-f4of5-d1of2,56,2,1,10000,7596,,5,4,True,0.22972972972972974,74,17,True,valid_distinct_candidate,0.8127496280053254,473,7124,2,0,True,44,fresh_execution,valid_sparse_circuit,3046115100,b590071cb241cdb44e9d2f203030477a3f3696d8cee58405415c3d6b86a39e83,,,locally_single_deletion_minimal_sparse_mask,stage18-scaling-24a9adb84176,0,4,8150,56
True,False,2404,475,s0-step8150-f4of5-d1of2,56,2,1,10000,7596,,5,4,True,0.3382352941176471,68,23,True,valid_distinct_candidate,0.8010024277547184,473,7124,3,0,True,44,fresh_execution,valid_sparse_circuit,1114544324,426e98c452321f8cd29ea6dfe41d07346e4b92ac848fd051f7681db8890db1a2,,,locally_single_deletion_minimal_sparse_mask,stage18-scaling-24a9adb84176,0,4,8150,56
True,False,2419,474,s0-step8150-f4of5-d1of2,56,2,1,10000,7581,,5,4,True,0.21052631578947367,19,4,True,valid_distinct_candidate,0.8089122092567937,472,7110,4,0,True,45,fresh_execution,valid_sparse_circuit,1847430734,6e1d8e4ec2e4d1f525bf29ec5d3ac49ef4e2f4dea48b6a14424b569933bb8244,,,locally_single_deletion_minimal_sparse_mask,stage18-scaling-24a9adb84176,0,4,8150,56
True,False,2419,474,s0-step8150-f4of5-d1of2,56,2,1,10000,7581,,5,4,True,0.29577464788732394,71,21,True,valid_distinct_candidate,0.8035084971415146,472,7110,5,0,True,45,fresh_execution,valid_sparse_circuit,3966740374,ec6fa796ef6b2f2278336e1a296f239c725cbc4ca2ac11baaf6d90ab391f15e0,,,locally_single_deletion_minimal_sparse_mask,stage18-scaling-24a9adb84176,0,4,8150,56
True,False,2419,474,s0-step8150-f4of5-d1of2,56,2,1,10000,7581,,5,4,True,0.2898550724637681,69,20,True,valid_distinct_candidate,0.8132195160153497,472,7110,6,0,True,45,fresh_execution,valid_sparse_circuit,417358885,18e06425c9b96de9ac6822a3305dc7e2d72f595a420cc9f9d62eeb2d4d5a889b,,,locally_single_deletion_minimal_sparse_mask,stage18-scaling-24a9adb84176,0,4,8150,56
False,True,0,283,s0-step8150-f4of5-d1of2,56,2,1,4514,4514,,5,4,False,0.13765182186234817,247,34,True,budget_exhaustion,1.0,283,4232,7,0,True,234,fresh_execution,budget_exhaustion,769548734,2dde61bedeabeb40192f2017faebcbbad6a1b0ca2ab8e4fbdd1ca9f4f2392a1c,,,budget_exhausted_inside_candidate_batch,stage18-scaling-24a9adb84176,0,4,8150,56
True,False,2449,472,s0-step8150-f4of5-d3of4,57,4,3,10000,7551,,5,4,True,0.0,1,0,True,valid_distinct_candidate,0.818858172135641,470,7082,1,0,True,47,fresh_execution,valid_sparse_circuit,,,,,locally_single_deletion_minimal_sparse_mask,stage18-scaling-24a9adb84176,0,4,8150,57
True,False,2404,475,s0-step8150-f4of5-d3of4,57,4,3,10000,7596,,5,4,True,0.22972972972972974,74,17,True,valid_distinct_candidate,0.8127496280053254,473,7124,2,0,True,44,fresh_execution,valid_sparse_circuit,3046115100,b590071cb241cdb44e9d2f203030477a3f3696d8cee58405415c3d6b86a39e83,,,locally_single_deletion_minimal_sparse_mask,stage18-scaling-24a9adb84176,0,4,8150,57
True,False,2404,475,s0-step8150-f4of5-d3of4,57,4,3,10000,7596,,5,4,True,0.3382352941176471,68,23,True,valid_distinct_candidate,0.8010024277547184,473,7124,3,0,True,44,fresh_execution,valid_sparse_circuit,1114544324,426e98c452321f8cd29ea6dfe41d07346e4b92ac848fd051f7681db8890db1a2,,,locally_single_deletion_minimal_sparse_mask,stage18-scaling-24a9adb84176,0,4,8150,57
True,False,2419,474,s0-step8150-f4of5-d3of4,57,4,3,10000,7581,,5,4,True,0.21052631578947367,19,4,True,valid_distinct_candidate,0.8089122092567937,472,7110,4,0,True,45,fresh_execution,valid_sparse_circuit,1847430734,6e1d8e4ec2e4d1f525bf29ec5d3ac49ef4e2f4dea48b6a14424b569933bb8244,,,locally_single_deletion_minimal_sparse_mask,stage18-scaling-24a9adb84176,0,4,8150,57
True,False,2419,474,s0-step8150-f4of5-d3of4,57,4,3,10000,7581,,5,4,True,0.29577464788732394,71,21,True,valid_distinct_candidate,0.8035084971415146,472,7110,5,0,True,45,fresh_execution,valid_sparse_circuit,3966740374,ec6fa796ef6b2f2278336e1a296f239c725cbc4ca2ac11baaf6d90ab391f15e0,,,locally_single_deletion_minimal_sparse_mask,stage18-scaling-24a9adb84176,0,4,8150,57
True,False,2419,474,s0-step8150-f4of5-d3of4,57,4,3,10000,7581,,5,4,True,0.2898550724637681,69,20,True,valid_distinct_candidate,0.8132195160153497,472,7110,6,0,True,45,fresh_execution,valid_sparse_circuit,417358885,18e06425c9b96de9ac6822a3305dc7e2d72f595a420cc9f9d62eeb2d4d5a889b,,,locally_single_deletion_minimal_sparse_mask,stage18-scaling-24a9adb84176,0,4,8150,57
False,True,0,283,s0-step8150-f4of5-d3of4,57,4,3,4514,4514,,5,4,False,0.13765182186234817,247,34,True,budget_exhaustion,1.0,283,4232,7,0,True,234,fresh_execution,budget_exhaustion,769548734,2dde61bedeabeb40192f2017faebcbbad6a1b0ca2ab8e4fbdd1ca9f4f2392a1c,,,budget_exhausted_inside_candidate_batch,stage18-scaling-24a9adb84176,0,4,8150,57
True,False,2509,469,s0-step8150-f17of20-d1of4,58,4,1,10000,7491,,20,17,True,0.0,1,0,True,valid_distinct_candidate,0.8540997728874619,466,7026,1,0,True,51,fresh_execution,valid_sparse_circuit,,,,,locally_single_deletion_minimal_sparse_mask,stage18-scaling-24a9adb84176,0,4,8150,58
True,False,2509,469,s0-step8150-f17of20-d1of4,58,4,1,10000,7491,,20,17,True,0.2,5,1,True,valid_distinct_candidate,0.8552744929125226,466,7026,2,0,True,51,fresh_execution,valid_sparse_circuit,3046115100,b590071cb241cdb44e9d2f203030477a3f3696d8cee58405415c3d6b86a39e83,,,locally_single_deletion_minimal_sparse_mask,stage18-scaling-24a9adb84176,0,4,8150,58
True,False,2479,471,s0-step8150-f17of20-d1of4,58,4,1,10000,7521,,20,17,True,0.20481927710843373,83,17,True,valid_distinct_candidate,0.8716422585950349,468,7054,3,0,True,49,fresh_execution,valid_sparse_circuit,1114544324,426e98c452321f8cd29ea6dfe41d07346e4b92ac848fd051f7681db8890db1a2,,,locally_single_deletion_minimal_sparse_mask,stage18-scaling-24a9adb84176,0,4,8150,58
False,False,2524,468,s0-step8150-f17of20-d1of4,58,4,1,10000,7476,,20,17,True,0.2716049382716049,81,22,True,distinctness_failure,0.8668650638264547,465,7012,4,0,True,52,fresh_execution,valid_sparse_circuit,1847430734,6e1d8e4ec2e4d1f525bf29ec5d3ac49ef4e2f4dea48b6a14424b569933bb8244,,,locally_single_deletion_minimal_sparse_mask,stage18-scaling-24a9adb84176,0,4,8150,58
False,True,0,158,s0-step8150-f17of20-d1of4,58,4,1,2524,2524,,20,17,False,0.09919571045576407,373,37,False,budget_exhaustion,1.0,158,2367,4,1,True,359,fresh_execution,budget_exhaustion,350404124,14e2be1cf7c842cf7c37c516cd4bb53d28a15d335ca5600a6914f65b3c754003,,,budget_exhausted_inside_candidate_batch,stage18-scaling-24a9adb84176,0,4,8150,58
True,False,2509,469,s0-step8150-f17of20-d1of2,59,2,1,10000,7491,,20,17,True,0.0,1,0,True,valid_distinct_candidate,0.8540997728874619,466,7026,1,0,True,51,fresh_execution,valid_sparse_circuit,,,,,locally_single_deletion_minimal_sparse_mask,stage18-scaling-24a9adb84176,0,4,8150,59
True,False,2509,469,s0-step8150-f17of20-d1of2,59,2,1,10000,7491,,20,17,True,0.2,5,1,True,valid_distinct_candidate,0.8552744929125226,466,7026,2,0,True,51,fresh_execution,valid_sparse_circuit,3046115100,b590071cb241cdb44e9d2f203030477a3f3696d8cee58405415c3d6b86a39e83,,,locally_single_deletion_minimal_sparse_mask,stage18-scaling-24a9adb84176,0,4,8150,59
True,False,2479,471,s0-step8150-f17of20-d1of2,59,2,1,10000,7521,,20,17,True,0.20481927710843373,83,17,True,valid_distinct_candidate,0.8716422585950349,468,7054,3,0,True,49,fresh_execution,valid_sparse_circuit,1114544324,426e98c452321f8cd29ea6dfe41d07346e4b92ac848fd051f7681db8890db1a2,,,locally_single_deletion_minimal_sparse_mask,stage18-scaling-24a9adb84176,0,4,8150,59
True,False,2524,468,s0-step8150-f17of20-d1of2,59,2,1,10000,7476,,20,17,True,0.2716049382716049,81,22,True,valid_distinct_candidate,0.8668650638264547,465,7012,4,0,True,52,fresh_execution,valid_sparse_circuit,1847430734,6e1d8e4ec2e4d1f525bf29ec5d3ac49ef4e2f4dea48b6a14424b569933bb8244,,,locally_single_deletion_minimal_sparse_mask,stage18-scaling-24a9adb84176,0,4,8150,59
True,False,2404,475,s0-step8150-f17of20-d1of2,59,2,1,10000,7596,,20,17,True,0.28378378378378377,74,21,True,valid_distinct_candidate,0.8544130315608114,473,7124,5,0,True,44,fresh_execution,valid_sparse_circuit,3966740374,ec6fa796ef6b2f2278336e1a296f239c725cbc4ca2ac11baaf6d90ab391f15e0,,,locally_single_deletion_minimal_sparse_mask,stage18-scaling-24a9adb84176,0,4,8150,59
True,False,2523,468,s0-step8150-f17of20-d1of2,59,2,1,10000,7477,,20,17,True,0.3125,16,5,True,valid_distinct_candidate,0.8544130315608114,464,7014,6,0,True,53,fresh_execution,valid_sparse_circuit,417358885,18e06425c9b96de9ac6822a3305dc7e2d72f595a420cc9f9d62eeb2d4d5a889b,,,locally_single_deletion_minimal_sparse_mask,stage18-scaling-24a9adb84176,0,4,8150,59
False,True,0,310,s0-step8150-f17of20-d1of2,59,2,1,4948,4948,,20,17,False,0.14666666666666667,75,11,True,budget_exhaustion,1.0,310,4639,7,0,True,207,fresh_execution,budget_exhaustion,769548734,2dde61bedeabeb40192f2017faebcbbad6a1b0ca2ab8e4fbdd1ca9f4f2392a1c,,,budget_exhausted_inside_candidate_batch,stage18-scaling-24a9adb84176,0,4,8150,59
True,False,2509,469,s0-step8150-f17of20-d3of4,60,4,3,10000,7491,,20,17,True,0.0,1,0,True,valid_distinct_candidate,0.8540997728874619,466,7026,1,0,True,51,fresh_execution,valid_sparse_circuit,,,,,locally_single_deletion_minimal_sparse_mask,stage18-scaling-24a9adb84176,0,4,8150,60
True,False,2509,469,s0-step8150-f17of20-d3of4,60,4,3,10000,7491,,20,17,True,0.2,5,1,True,valid_distinct_candidate,0.8552744929125226,466,7026,2,0,True,51,fresh_execution,valid_sparse_circuit,3046115100,b590071cb241cdb44e9d2f203030477a3f3696d8cee58405415c3d6b86a39e83,,,locally_single_deletion_minimal_sparse_mask,stage18-scaling-24a9adb84176,0,4,8150,60
True,False,2479,471,s0-step8150-f17of20-d3of4,60,4,3,10000,7521,,20,17,True,0.20481927710843373,83,17,True,valid_distinct_candidate,0.8716422585950349,468,7054,3,0,True,49,fresh_execution,valid_sparse_circuit,1114544324,426e98c452321f8cd29ea6dfe41d07346e4b92ac848fd051f7681db8890db1a2,,,locally_single_deletion_minimal_sparse_mask,stage18-scaling-24a9adb84176,0,4,8150,60
True,False,2524,468,s0-step8150-f17of20-d3of4,60,4,3,10000,7476,,20,17,True,0.2716049382716049,81,22,True,valid_distinct_candidate,0.8668650638264547,465,7012,4,0,True,52,fresh_execution,valid_sparse_circuit,1847430734,6e1d8e4ec2e4d1f525bf29ec5d3ac49ef4e2f4dea48b6a14424b569933bb8244,,,locally_single_deletion_minimal_sparse_mask,stage18-scaling-24a9adb84176,0,4,8150,60
True,False,2404,475,s0-step8150-f17of20-d3of4,60,4,3,10000,7596,,20,17,True,0.28378378378378377,74,21,True,valid_distinct_candidate,0.8544130315608114,473,7124,5,0,True,44,fresh_execution,valid_sparse_circuit,3966740374,ec6fa796ef6b2f2278336e1a296f239c725cbc4ca2ac11baaf6d90ab391f15e0,,,locally_single_deletion_minimal_sparse_mask,stage18-scaling-24a9adb84176,0,4,8150,60
True,False,2523,468,s0-step8150-f17of20-d3of4,60,4,3,10000,7477,,20,17,True,0.3125,16,5,True,valid_distinct_candidate,0.8544130315608114,464,7014,6,0,True,53,fresh_execution,valid_sparse_circuit,417358885,18e06425c9b96de9ac6822a3305dc7e2d72f595a420cc9f9d62eeb2d4d5a889b,,,locally_single_deletion_minimal_sparse_mask,stage18-scaling-24a9adb84176,0,4,8150,60
False,True,0,310,s0-step8150-f17of20-d3of4,60,4,3,4948,4948,,20,17,False,0.14666666666666667,75,11,True,budget_exhaustion,1.0,310,4639,7,0,True,207,fresh_execution,budget_exhaustion,769548734,2dde61bedeabeb40192f2017faebcbbad6a1b0ca2ab8e4fbdd1ca9f4f2392a1c,,,budget_exhausted_inside_candidate_batch,stage18-scaling-24a9adb84176,0,4,8150,60
True,False,2584,464,s0-step8150-f9of10-d1of4,61,4,1,10000,7416,,10,9,True,0.0,1,0,True,valid_distinct_candidate,0.9140104941655572,461,6956,1,0,True,56,fresh_execution,valid_sparse_circuit,,,,,locally_single_deletion_minimal_sparse_mask,stage18-scaling-24a9adb84176,0,4,8150,61
True,False,2539,467,s0-step8150-f9of10-d1of4,61,4,1,10000,7461,,10,9,True,0.13541666666666666,96,13,True,valid_distinct_candidate,0.9024982379199624,464,6998,2,0,True,53,fresh_execution,valid_sparse_circuit,3046115100,b590071cb241cdb44e9d2f203030477a3f3696d8cee58405415c3d6b86a39e83,,,locally_single_deletion_minimal_sparse_mask,stage18-scaling-24a9adb84176,0,4,8150,61
True,False,2584,464,s0-step8150-f9of10-d1of4,61,4,1,10000,7416,,10,9,True,0.19148936170212766,47,9,True,valid_distinct_candidate,0.9082152087085911,461,6956,3,0,True,56,fresh_execution,valid_sparse_circuit,1114544324,426e98c452321f8cd29ea6dfe41d07346e4b92ac848fd051f7681db8890db1a2,,,locally_single_deletion_minimal_sparse_mask,stage18-scaling-24a9adb84176,0,4,8150,61
False,False,2629,461,s0-step8150-f9of10-d1of4,61,4,1,10000,7371,,10,9,True,0.2777777777777778,18,5,True,distinctness_failure,0.9026548672566371,458,6914,4,0,True,59,fresh_execution,valid_sparse_circuit,1847430734,6e1d8e4ec2e4d1f525bf29ec5d3ac49ef4e2f4dea48b6a14424b569933bb8244,,,locally_single_deletion_minimal_sparse_mask,stage18-scaling-24a9adb84176,0,4,8150,61
False,True,0,165,s0-step8150-f9of10-d1of4,61,4,1,2629,2629,,10,9,False,0.10270270270270271,185,19,False,budget_exhaustion,1.0,165,2465,4,1,True,352,fresh_execution,budget_exhaustion,350404124,14e2be1cf7c842cf7c37c516cd4bb53d28a15d335ca5600a6914f65b3c754003,,,budget_exhausted_inside_candidate_batch,stage18-scaling-24a9adb84176,0,4,8150,61
True,False,2584,464,s0-step8150-f9of10-d1of2,62,2,1,10000,7416,,10,9,True,0.0,1,0,True,valid_distinct_candidate,0.9140104941655572,461,6956,1,0,True,56,fresh_execution,valid_sparse_circuit,,,,,locally_single_deletion_minimal_sparse_mask,stage18-scaling-24a9adb84176,0,4,8150,62
True,False,2539,467,s0-step8150-f9of10-d1of2,62,2,1,10000,7461,,10,9,True,0.13541666666666666,96,13,True,valid_distinct_candidate,0.9024982379199624,464,6998,2,0,True,53,fresh_execution,valid_sparse_circuit,3046115100,b590071cb241cdb44e9d2f203030477a3f3696d8cee58405415c3d6b86a39e83,,,locally_single_deletion_minimal_sparse_mask,stage18-scaling-24a9adb84176,0,4,8150,62
True,False,2584,464,s0-step8150-f9of10-d1of2,62,2,1,10000,7416,,10,9,True,0.19148936170212766,47,9,True,valid_distinct_candidate,0.9082152087085911,461,6956,3,0,True,56,fresh_execution,valid_sparse_circuit,1114544324,426e98c452321f8cd29ea6dfe41d07346e4b92ac848fd051f7681db8890db1a2,,,locally_single_deletion_minimal_sparse_mask,stage18-scaling-24a9adb84176,0,4,8150,62
True,False,2629,461,s0-step8150-f9of10-d1of2,62,2,1,10000,7371,,10,9,True,0.2777777777777778,18,5,True,valid_distinct_candidate,0.9026548672566371,458,6914,4,0,True,59,fresh_execution,valid_sparse_circuit,1847430734,6e1d8e4ec2e4d1f525bf29ec5d3ac49ef4e2f4dea48b6a14424b569933bb8244,,,locally_single_deletion_minimal_sparse_mask,stage18-scaling-24a9adb84176,0,4,8150,62
True,False,2629,461,s0-step8150-f9of10-d1of2,62,2,1,10000,7371,,10,9,True,0.26373626373626374,91,24,True,valid_distinct_candidate,0.9012452032265643,458,6914,5,0,True,59,fresh_execution,valid_sparse_circuit,3966740374,ec6fa796ef6b2f2278336e1a296f239c725cbc4ca2ac11baaf6d90ab391f15e0,,,locally_single_deletion_minimal_sparse_mask,stage18-scaling-24a9adb84176,0,4,8150,62
True,False,2568,465,s0-step8150-f9of10-d1of2,62,2,1,10000,7432,,10,9,True,0.25842696629213485,89,23,True,valid_distinct_candidate,0.9072754326885426,461,6972,6,0,True,56,fresh_execution,valid_sparse_circuit,417358885,18e06425c9b96de9ac6822a3305dc7e2d72f595a420cc9f9d62eeb2d4d5a889b,,,locally_single_deletion_minimal_sparse_mask,stage18-scaling-24a9adb84176,0,4,8150,62
False,True,0,346,s0-step8150-f9of10-d1of2,62,2,1,5533,5533,,10,9,False,0.19170984455958548,193,37,True,budget_exhaustion,0.9996867413266505,346,5188,7,0,True,171,fresh_execution,budget_exhaustion,769548734,2dde61bedeabeb40192f2017faebcbbad6a1b0ca2ab8e4fbdd1ca9f4f2392a1c,,,budget_exhausted_inside_candidate_batch,stage18-scaling-24a9adb84176,0,4,8150,62
True,False,2584,464,s0-step8150-f9of10-d3of4,63,4,3,10000,7416,,10,9,True,0.0,1,0,True,valid_distinct_candidate,0.9140104941655572,461,6956,1,0,True,56,fresh_execution,valid_sparse_circuit,,,,,locally_single_deletion_minimal_sparse_mask,stage18-scaling-24a9adb84176,0,4,8150,63
True,False,2539,467,s0-step8150-f9of10-d3of4,63,4,3,10000,7461,,10,9,True,0.13541666666666666,96,13,True,valid_distinct_candidate,0.9024982379199624,464,6998,2,0,True,53,fresh_execution,valid_sparse_circuit,3046115100,b590071cb241cdb44e9d2f203030477a3f3696d8cee58405415c3d6b86a39e83,,,locally_single_deletion_minimal_sparse_mask,stage18-scaling-24a9adb84176,0,4,8150,63
True,False,2584,464,s0-step8150-f9of10-d3of4,63,4,3,10000,7416,,10,9,True,0.19148936170212766,47,9,True,valid_distinct_candidate,0.9082152087085911,461,6956,3,0,True,56,fresh_execution,valid_sparse_circuit,1114544324,426e98c452321f8cd29ea6dfe41d07346e4b92ac848fd051f7681db8890db1a2,,,locally_single_deletion_minimal_sparse_mask,stage18-scaling-24a9adb84176,0,4,8150,63
True,False,2629,461,s0-step8150-f9of10-d3of4,63,4,3,10000,7371,,10,9,True,0.2777777777777778,18,5,True,valid_distinct_candidate,0.9026548672566371,458,6914,4,0,True,59,fresh_execution,valid_sparse_circuit,1847430734,6e1d8e4ec2e4d1f525bf29ec5d3ac49ef4e2f4dea48b6a14424b569933bb8244,,,locally_single_deletion_minimal_sparse_mask,stage18-scaling-24a9adb84176,0,4,8150,63
True,False,2629,461,s0-step8150-f9of10-d3of4,63,4,3,10000,7371,,10,9,True,0.26373626373626374,91,24,True,valid_distinct_candidate,0.9012452032265643,458,6914,5,0,True,59,fresh_execution,valid_sparse_circuit,3966740374,ec6fa796ef6b2f2278336e1a296f239c725cbc4ca2ac11baaf6d90ab391f15e0,,,locally_single_deletion_minimal_sparse_mask,stage18-scaling-24a9adb84176,0,4,8150,63
True,False,2568,465,s0-step8150-f9of10-d3of4,63,4,3,10000,7432,,10,9,True,0.25842696629213485,89,23,True,valid_distinct_candidate,0.9072754326885426,461,6972,6,0,True,56,fresh_execution,valid_sparse_circuit,417358885,18e06425c9b96de9ac6822a3305dc7e2d72f595a420cc9f9d62eeb2d4d5a889b,,,locally_single_deletion_minimal_sparse_mask,stage18-scaling-24a9adb84176,0,4,8150,63
False,True,0,346,s0-step8150-f9of10-d3of4,63,4,3,5533,5533,,10,9,False,0.19170984455958548,193,37,True,budget_exhaustion,0.9996867413266505,346,5188,7,0,True,171,fresh_execution,budget_exhaustion,769548734,2dde61bedeabeb40192f2017faebcbbad6a1b0ca2ab8e4fbdd1ca9f4f2392a1c,,,budget_exhausted_inside_candidate_batch,stage18-scaling-24a9adb84176,0,4,8150,63
True,False,2749,454,s0-step8150-f19of20-d1of4,64,4,1,10000,7251,,20,19,True,0.0,1,0,True,valid_distinct_candidate,0.9512099616258125,450,6802,1,0,True,67,fresh_execution,valid_sparse_circuit,,,,,locally_single_deletion_minimal_sparse_mask,stage18-scaling-24a9adb84176,0,4,8150,64
True,False,2689,457,s0-step8150-f19of20-d1of4,64,4,1,10000,7311,,20,19,True,0.13043478260869565,23,3,True,valid_distinct_candidate,0.9516015349674994,454,6858,2,0,True,63,fresh_execution,valid_sparse_circuit,3046115100,b590071cb241cdb44e9d2f203030477a3f3696d8cee58405415c3d6b86a39e83,,,locally_single_deletion_minimal_sparse_mask,stage18-scaling-24a9adb84176,0,4,8150,64
False,False,2704,456,s0-step8150-f19of20-d1of4,64,4,1,10000,7296,,20,19,True,0.25961538461538464,104,27,True,distinctness_failure,0.9535594016759339,453,6844,3,0,True,64,fresh_execution,valid_sparse_circuit,1114544324,426e98c452321f8cd29ea6dfe41d07346e4b92ac848fd051f7681db8890db1a2,,,locally_single_deletion_minimal_sparse_mask,stage18-scaling-24a9adb84176,0,4,8150,64
False,True,0,169,s0-step8150-f19of20-d1of4,64,4,1,2704,2704,,20,19,False,0.11290322580645161,62,7,False,budget_exhaustion,1.0,169,2535,3,1,True,347,fresh_execution,budget_exhaustion,547173985,209d36615f5dfe1dc466f9441b9bad2d6e5c54277cbb1f7e770525715fb100b9,,,budget_exhausted_before_next_ranking,stage18-scaling-24a9adb84176,0,4,8150,64
True,False,2749,454,s0-step8150-f19of20-d1of2,65,2,1,10000,7251,,20,19,True,0.0,1,0,True,valid_distinct_candidate,0.9512099616258125,450,6802,1,0,True,67,fresh_execution,valid_sparse_circuit,,,,,locally_single_deletion_minimal_sparse_mask,stage18-scaling-24a9adb84176,0,4,8150,65
True,False,2689,457,s0-step8150-f19of20-d1of2,65,2,1,10000,7311,,20,19,True,0.13043478260869565,23,3,True,valid_distinct_candidate,0.9516015349674994,454,6858,2,0,True,63,fresh_execution,valid_sparse_circuit,3046115100,b590071cb241cdb44e9d2f203030477a3f3696d8cee58405415c3d6b86a39e83,,,locally_single_deletion_minimal_sparse_mask,stage18-scaling-24a9adb84176,0,4,8150,65
True,False,2704,456,s0-step8150-f19of20-d1of2,65,2,1,10000,7296,,20,19,True,0.25961538461538464,104,27,True,valid_distinct_candidate,0.9535594016759339,453,6844,3,0,True,64,fresh_execution,valid_sparse_circuit,1114544324,426e98c452321f8cd29ea6dfe41d07346e4b92ac848fd051f7681db8890db1a2,,,locally_single_deletion_minimal_sparse_mask,stage18-scaling-24a9adb84176,0,4,8150,65
True,False,2674,458,s0-step8150-f19of20-d1of2,65,2,1,10000,7326,,20,19,True,0.1559633027522936,109,17,True,valid_distinct_candidate,0.9522280523141985,455,6872,4,0,True,62,fresh_execution,valid_sparse_circuit,1847430734,6e1d8e4ec2e4d1f525bf29ec5d3ac49ef4e2f4dea48b6a14424b569933bb8244,,,locally_single_deletion_minimal_sparse_mask,stage18-scaling-24a9adb84176,0,4,8150,65
True,False,2809,450,s0-step8150-f19of20-d1of2,65,2,1,10000,7191,,20,19,True,0.1794871794871795,39,7,True,valid_distinct_candidate,0.9524629963192106,446,6746,5,0,True,71,fresh_execution,valid_sparse_circuit,3966740374,ec6fa796ef6b2f2278336e1a296f239c725cbc4ca2ac11baaf6d90ab391f15e0,,,locally_single_deletion_minimal_sparse_mask,stage18-scaling-24a9adb84176,0,4,8150,65
True,False,2673,458,s0-step8150-f19of20-d1of2,65,2,1,10000,7327,,20,19,True,0.32653061224489793,49,16,True,valid_distinct_candidate,0.9509750176208004,454,6874,6,0,True,63,fresh_execution,valid_sparse_circuit,417358885,18e06425c9b96de9ac6822a3305dc7e2d72f595a420cc9f9d62eeb2d4d5a889b,,,locally_single_deletion_minimal_sparse_mask,stage18-scaling-24a9adb84176,0,4,8150,65
False,True,0,394,s0-step8150-f19of20-d1of2,65,2,1,6298,6298,,20,19,False,0.23376623376623376,77,18,True,budget_exhaustion,0.9984337066332524,394,5905,7,0,True,123,fresh_execution,budget_exhaustion,769548734,2dde61bedeabeb40192f2017faebcbbad6a1b0ca2ab8e4fbdd1ca9f4f2392a1c,,,budget_exhausted_inside_candidate_batch,stage18-scaling-24a9adb84176,0,4,8150,65
True,False,2749,454,s0-step8150-f19of20-d3of4,66,4,3,10000,7251,,20,19,True,0.0,1,0,True,valid_distinct_candidate,0.9512099616258125,450,6802,1,0,True,67,fresh_execution,valid_sparse_circuit,,,,,locally_single_deletion_minimal_sparse_mask,stage18-scaling-24a9adb84176,0,4,8150,66
True,False,2689,457,s0-step8150-f19of20-d3of4,66,4,3,10000,7311,,20,19,True,0.13043478260869565,23,3,True,valid_distinct_candidate,0.9516015349674994,454,6858,2,0,True,63,fresh_execution,valid_sparse_circuit,3046115100,b590071cb241cdb44e9d2f203030477a3f3696d8cee58405415c3d6b86a39e83,,,locally_single_deletion_minimal_sparse_mask,stage18-scaling-24a9adb84176,0,4,8150,66
True,False,2704,456,s0-step8150-f19of20-d3of4,66,4,3,10000,7296,,20,19,True,0.25961538461538464,104,27,True,valid_distinct_candidate,0.9535594016759339,453,6844,3,0,True,64,fresh_execution,valid_sparse_circuit,1114544324,426e98c452321f8cd29ea6dfe41d07346e4b92ac848fd051f7681db8890db1a2,,,locally_single_deletion_minimal_sparse_mask,stage18-scaling-24a9adb84176,0,4,8150,66
True,False,2674,458,s0-step8150-f19of20-d3of4,66,4,3,10000,7326,,20,19,True,0.1559633027522936,109,17,True,valid_distinct_candidate,0.9522280523141985,455,6872,4,0,True,62,fresh_execution,valid_sparse_circuit,1847430734,6e1d8e4ec2e4d1f525bf29ec5d3ac49ef4e2f4dea48b6a14424b569933bb8244,,,locally_single_deletion_minimal_sparse_mask,stage18-scaling-24a9adb84176,0,4,8150,66
True,False,2809,450,s0-step8150-f19of20-d3of4,66,4,3,10000,7191,,20,19,True,0.1794871794871795,39,7,True,valid_distinct_candidate,0.9524629963192106,446,6746,5,0,True,71,fresh_execution,valid_sparse_circuit,3966740374,ec6fa796ef6b2f2278336e1a296f239c725cbc4ca2ac11baaf6d90ab391f15e0,,,locally_single_deletion_minimal_sparse_mask,stage18-scaling-24a9adb84176,0,4,8150,66
True,False,2673,458,s0-step8150-f19of20-d3of4,66,4,3,10000,7327,,20,19,True,0.32653061224489793,49,16,True,valid_distinct_candidate,0.9509750176208004,454,6874,6,0,True,63,fresh_execution,valid_sparse_circuit,417358885,18e06425c9b96de9ac6822a3305dc7e2d72f595a420cc9f9d62eeb2d4d5a889b,,,locally_single_deletion_minimal_sparse_mask,stage18-scaling-24a9adb84176,0,4,8150,66
False,True,0,394,s0-step8150-f19of20-d3of4,66,4,3,6298,6298,,20,19,False,0.23376623376623376,77,18,True,budget_exhaustion,0.9984337066332524,394,5905,7,0,True,123,fresh_execution,budget_exhaustion,769548734,2dde61bedeabeb40192f2017faebcbbad6a1b0ca2ab8e4fbdd1ca9f4f2392a1c,,,budget_exhausted_inside_candidate_batch,stage18-scaling-24a9adb84176,0,4,8150,66
True,False,2824,449,s0-step8150-f39of40-d1of4,67,4,1,10000,7176,,40,39,True,0.0,1,0,True,valid_distinct_candidate,0.9761140261570992,445,6732,1,0,True,72,fresh_execution,valid_sparse_circuit,,,,,locally_single_deletion_minimal_sparse_mask,stage18-scaling-24a9adb84176,0,4,8150,67
True,False,2869,446,s0-step8150-f39of40-d1of4,67,4,1,10000,7131,,40,39,True,0.08888888888888889,45,4,True,valid_distinct_candidate,0.9755658234787375,442,6690,2,0,True,75,fresh_execution,valid_sparse_circuit,3046115100,b590071cb241cdb44e9d2f203030477a3f3696d8cee58405415c3d6b86a39e83,,,locally_single_deletion_minimal_sparse_mask,stage18-scaling-24a9adb84176,0,4,8150,67
True,False,2823,449,s0-step8150-f39of40-d1of4,67,4,1,10000,7177,,40,39,True,0.19834710743801653,121,24,True,valid_distinct_candidate,0.9761923408254366,444,6734,3,0,True,73,fresh_execution,valid_sparse_circuit,1114544324,426e98c452321f8cd29ea6dfe41d07346e4b92ac848fd051f7681db8890db1a2,,,locally_single_deletion_minimal_sparse_mask,stage18-scaling-24a9adb84176,0,4,8150,67
True,False,2852,447,s0-step8150-f39of40-d1of4,67,4,1,10000,7148,,40,39,True,0.23333333333333334,30,7,True,valid_distinct_candidate,0.9757224528154124,441,6708,4,0,True,76,fresh_execution,valid_sparse_circuit,1847430734,6e1d8e4ec2e4d1f525bf29ec5d3ac49ef4e2f4dea48b6a14424b569933bb8244,,,locally_single_deletion_minimal_sparse_mask,stage18-scaling-24a9adb84176,0,4,8150,67
True,False,2868,446,s0-step8150-f39of40-d1of4,67,4,1,10000,7132,,40,39,True,0.1732283464566929,127,22,True,valid_distinct_candidate,0.975644138147075,441,6692,5,0,True,76,fresh_execution,valid_sparse_circuit,3966740374,ec6fa796ef6b2f2278336e1a296f239c725cbc4ca2ac11baaf6d90ab391f15e0,,,locally_single_deletion_minimal_sparse_mask,stage18-scaling-24a9adb84176,0,4,8150,67
False,False,2883,445,s0-step8150-f39of40-d1of4,67,4,1,10000,7117,,40,39,True,0.30701754385964913,114,35,True,distinctness_failure,0.9753308794737254,440,6678,6,0,True,77,fresh_execution,valid_sparse_circuit,417358885,18e06425c9b96de9ac6822a3305dc7e2d72f595a420cc9f9d62eeb2d4d5a889b,,,locally_single_deletion_minimal_sparse_mask,stage18-scaling-24a9adb84176,0,4,8150,67
False,True,0,181,s0-step8150-f39of40-d1of4,67,4,1,2883,2883,,40,39,False,0.14285714285714285,7,1,False,budget_exhaustion,1.0,181,2703,6,1,True,336,fresh_execution,budget_exhaustion,3535476706,d2bb17e249b0b395c1a4dda48eccc522c23fd27187c86811716522c8930748b7,,,budget_exhausted_inside_candidate_batch,stage18-scaling-24a9adb84176,0,4,8150,67
True,False,2824,449,s0-step8150-f39of40-d1of2,68,2,1,10000,7176,,40,39,True,0.0,1,0,True,valid_distinct_candidate,0.9761140261570992,445,6732,1,0,True,72,fresh_execution,valid_sparse_circuit,,,,,locally_single_deletion_minimal_sparse_mask,stage18-scaling-24a9adb84176,0,4,8150,68
True,False,2869,446,s0-step8150-f39of40-d1of2,68,2,1,10000,7131,,40,39,True,0.08888888888888889,45,4,True,valid_distinct_candidate,0.9755658234787375,442,6690,2,0,True,75,fresh_execution,valid_sparse_circuit,3046115100,b590071cb241cdb44e9d2f203030477a3f3696d8cee58405415c3d6b86a39e83,,,locally_single_deletion_minimal_sparse_mask,stage18-scaling-24a9adb84176,0,4,8150,68
True,False,2823,449,s0-step8150-f39of40-d1of2,68,2,1,10000,7177,,40,39,True,0.19834710743801653,121,24,True,valid_distinct_candidate,0.9761923408254366,444,6734,3,0,True,73,fresh_execution,valid_sparse_circuit,1114544324,426e98c452321f8cd29ea6dfe41d07346e4b92ac848fd051f7681db8890db1a2,,,locally_single_deletion_minimal_sparse_mask,stage18-scaling-24a9adb84176,0,4,8150,68
True,False,2852,447,s0-step8150-f39of40-d1of2,68,2,1,10000,7148,,40,39,True,0.23333333333333334,30,7,True,valid_distinct_candidate,0.9757224528154124,441,6708,4,0,True,76,fresh_execution,valid_sparse_circuit,1847430734,6e1d8e4ec2e4d1f525bf29ec5d3ac49ef4e2f4dea48b6a14424b569933bb8244,,,locally_single_deletion_minimal_sparse_mask,stage18-scaling-24a9adb84176,0,4,8150,68
True,False,2868,446,s0-step8150-f39of40-d1of2,68,2,1,10000,7132,,40,39,True,0.1732283464566929,127,22,True,valid_distinct_candidate,0.975644138147075,441,6692,5,0,True,76,fresh_execution,valid_sparse_circuit,3966740374,ec6fa796ef6b2f2278336e1a296f239c725cbc4ca2ac11baaf6d90ab391f15e0,,,locally_single_deletion_minimal_sparse_mask,stage18-scaling-24a9adb84176,0,4,8150,68
True,False,2883,445,s0-step8150-f39of40-d1of2,68,2,1,10000,7117,,40,39,True,0.30701754385964913,114,35,True,valid_distinct_candidate,0.9753308794737254,440,6678,6,0,True,77,fresh_execution,valid_sparse_circuit,417358885,18e06425c9b96de9ac6822a3305dc7e2d72f595a420cc9f9d62eeb2d4d5a889b,,,locally_single_deletion_minimal_sparse_mask,stage18-scaling-24a9adb84176,0,4,8150,68
False,True,0,445,s0-step8150-f39of40-d1of2,68,2,1,7119,7119,,40,39,False,0.24369747899159663,119,29,True,budget_exhaustion,0.9768188581721357,442,6678,7,0,True,75,fresh_execution,budget_exhaustion,769548734,2dde61bedeabeb40192f2017faebcbbad6a1b0ca2ab8e4fbdd1ca9f4f2392a1c,,,budget_exhausted_inside_candidate_batch,stage18-scaling-24a9adb84176,0,4,8150,68
True,False,2824,449,s0-step8150-f39of40-d3of4,69,4,3,10000,7176,,40,39,True,0.0,1,0,True,valid_distinct_candidate,0.9761140261570992,445,6732,1,0,True,72,fresh_execution,valid_sparse_circuit,,,,,locally_single_deletion_minimal_sparse_mask,stage18-scaling-24a9adb84176,0,4,8150,69
True,False,2869,446,s0-step8150-f39of40-d3of4,69,4,3,10000,7131,,40,39,True,0.08888888888888889,45,4,True,valid_distinct_candidate,0.9755658234787375,442,6690,2,0,True,75,fresh_execution,valid_sparse_circuit,3046115100,b590071cb241cdb44e9d2f203030477a3f3696d8cee58405415c3d6b86a39e83,,,locally_single_deletion_minimal_sparse_mask,stage18-scaling-24a9adb84176,0,4,8150,69
True,False,2823,449,s0-step8150-f39of40-d3of4,69,4,3,10000,7177,,40,39,True,0.19834710743801653,121,24,True,valid_distinct_candidate,0.9761923408254366,444,6734,3,0,True,73,fresh_execution,valid_sparse_circuit,1114544324,426e98c452321f8cd29ea6dfe41d07346e4b92ac848fd051f7681db8890db1a2,,,locally_single_deletion_minimal_sparse_mask,stage18-scaling-24a9adb84176,0,4,8150,69
True,False,2852,447,s0-step8150-f39of40-d3of4,69,4,3,10000,7148,,40,39,True,0.23333333333333334,30,7,True,valid_distinct_candidate,0.9757224528154124,441,6708,4,0,True,76,fresh_execution,valid_sparse_circuit,1847430734,6e1d8e4ec2e4d1f525bf29ec5d3ac49ef4e2f4dea48b6a14424b569933bb8244,,,locally_single_deletion_minimal_sparse_mask,stage18-scaling-24a9adb84176,0,4,8150,69
True,False,2868,446,s0-step8150-f39of40-d3of4,69,4,3,10000,7132,,40,39,True,0.1732283464566929,127,22,True,valid_distinct_candidate,0.975644138147075,441,6692,5,0,True,76,fresh_execution,valid_sparse_circuit,3966740374,ec6fa796ef6b2f2278336e1a296f239c725cbc4ca2ac11baaf6d90ab391f15e0,,,locally_single_deletion_minimal_sparse_mask,stage18-scaling-24a9adb84176,0,4,8150,69
True,False,2883,445,s0-step8150-f39of40-d3of4,69,4,3,10000,7117,,40,39,True,0.30701754385964913,114,35,True,valid_distinct_candidate,0.9753308794737254,440,6678,6,0,True,77,fresh_execution,valid_sparse_circuit,417358885,18e06425c9b96de9ac6822a3305dc7e2d72f595a420cc9f9d62eeb2d4d5a889b,,,locally_single_deletion_minimal_sparse_mask,stage18-scaling-24a9adb84176,0,4,8150,69
False,True,0,445,s0-step8150-f39of40-d3of4,69,4,3,7119,7119,,40,39,False,0.24369747899159663,119,29,True,budget_exhaustion,0.9768188581721357,442,6678,7,0,True,75,fresh_execution,budget_exhaustion,769548734,2dde61bedeabeb40192f2017faebcbbad6a1b0ca2ab8e4fbdd1ca9f4f2392a1c,,,budget_exhausted_inside_candidate_batch,stage18-scaling-24a9adb84176,0,4,8150,69
True,False,2958,441,s0-step8150-f99of100-d1of4,70,4,1,10000,7042,,100,99,True,0.0,1,0,True,valid_distinct_candidate,0.990523925131177,435,6608,1,0,True,82,fresh_execution,valid_sparse_circuit,,,,,locally_single_deletion_minimal_sparse_mask,stage18-scaling-24a9adb84176,0,4,8150,70
True,False,2913,443,s0-step8150-f99of100-d1of4,70,4,1,10000,7087,,100,99,True,0.11805555555555555,144,17,True,valid_distinct_candidate,0.9903672957945023,438,6650,2,0,True,79,fresh_execution,valid_sparse_circuit,3046115100,b590071cb241cdb44e9d2f203030477a3f3696d8cee58405415c3d6b86a39e83,,,locally_single_deletion_minimal_sparse_mask,stage18-scaling-24a9adb84176,0,4,8150,70
True,False,3049,435,s0-step8150-f99of100-d1of4,70,4,1,10000,6951,,100,99,True,0.19014084507042253,142,27,True,valid_distinct_candidate,0.9903672957945023,430,6522,3,0,True,87,fresh_execution,valid_sparse_circuit,1114544324,426e98c452321f8cd29ea6dfe41d07346e4b92ac848fd051f7681db8890db1a2,,,locally_single_deletion_minimal_sparse_mask,stage18-scaling-24a9adb84176,0,4,8150,70
True,False,3002,438,s0-step8150-f99of100-d1of4,70,4,1,10000,6998,,100,99,True,0.1506849315068493,73,11,True,valid_distinct_candidate,0.990523925131177,431,6568,4,0,True,86,fresh_execution,valid_sparse_circuit,1847430734,6e1d8e4ec2e4d1f525bf29ec5d3ac49ef4e2f4dea48b6a14424b569933bb8244,,,locally_single_deletion_minimal_sparse_mask,stage18-scaling-24a9adb84176,0,4,8150,70
True,False,2988,439,s0-step8150-f99of100-d1of4,70,4,1,10000,7012,,100,99,True,0.16428571428571428,140,23,True,valid_distinct_candidate,0.9903672957945023,433,6580,5,0,True,84,fresh_execution,valid_sparse_circuit,3966740374,ec6fa796ef6b2f2278336e1a296f239c725cbc4ca2ac11baaf6d90ab391f15e0,,,locally_single_deletion_minimal_sparse_mask,stage18-scaling-24a9adb84176,0,4,8150,70
False,False,3032,436,s0-step8150-f99of100-d1of4,70,4,1,10000,6968,,100,99,True,0.29770992366412213,131,39,True,distinctness_failure,0.9900540371211528,429,6540,6,0,True,88,fresh_execution,valid_sparse_circuit,417358885,18e06425c9b96de9ac6822a3305dc7e2d72f595a420cc9f9d62eeb2d4d5a889b,,,locally_single_deletion_minimal_sparse_mask,stage18-scaling-24a9adb84176,0,4,8150,70
False,True,0,190,s0-step8150-f99of100-d1of4,70,4,1,3032,3032,,100,99,False,0.16857142857142857,350,59,False,budget_exhaustion,1.0,190,2843,6,1,True,327,fresh_execution,budget_exhaustion,3535476706,d2bb17e249b0b395c1a4dda48eccc522c23fd27187c86811716522c8930748b7,,,budget_exhausted_inside_candidate_batch,stage18-scaling-24a9adb84176,0,4,8150,70
True,False,2958,441,s0-step8150-f99of100-d1of2,71,2,1,10000,7042,,100,99,True,0.0,1,0,True,valid_distinct_candidate,0.990523925131177,435,6608,1,0,True,82,fresh_execution,valid_sparse_circuit,,,,,locally_single_deletion_minimal_sparse_mask,stage18-scaling-24a9adb84176,0,4,8150,71
True,False,2913,443,s0-step8150-f99of100-d1of2,71,2,1,10000,7087,,100,99,True,0.11805555555555555,144,17,True,valid_distinct_candidate,0.9903672957945023,438,6650,2,0,True,79,fresh_execution,valid_sparse_circuit,3046115100,b590071cb241cdb44e9d2f203030477a3f3696d8cee58405415c3d6b86a39e83,,,locally_single_deletion_minimal_sparse_mask,stage18-scaling-24a9adb84176,0,4,8150,71
True,False,3049,435,s0-step8150-f99of100-d1of2,71,2,1,10000,6951,,100,99,True,0.19014084507042253,142,27,True,valid_distinct_candidate,0.9903672957945023,430,6522,3,0,True,87,fresh_execution,valid_sparse_circuit,1114544324,426e98c452321f8cd29ea6dfe41d07346e4b92ac848fd051f7681db8890db1a2,,,locally_single_deletion_minimal_sparse_mask,stage18-scaling-24a9adb84176,0,4,8150,71
True,False,3002,438,s0-step8150-f99of100-d1of2,71,2,1,10000,6998,,100,99,True,0.1506849315068493,73,11,True,valid_distinct_candidate,0.990523925131177,431,6568,4,0,True,86,fresh_execution,valid_sparse_circuit,1847430734,6e1d8e4ec2e4d1f525bf29ec5d3ac49ef4e2f4dea48b6a14424b569933bb8244,,,locally_single_deletion_minimal_sparse_mask,stage18-scaling-24a9adb84176,0,4,8150,71
True,False,2988,439,s0-step8150-f99of100-d1of2,71,2,1,10000,7012,,100,99,True,0.16428571428571428,140,23,True,valid_distinct_candidate,0.9903672957945023,433,6580,5,0,True,84,fresh_execution,valid_sparse_circuit,3966740374,ec6fa796ef6b2f2278336e1a296f239c725cbc4ca2ac11baaf6d90ab391f15e0,,,locally_single_deletion_minimal_sparse_mask,stage18-scaling-24a9adb84176,0,4,8150,71
True,False,3032,436,s0-step8150-f99of100-d1of2,71,2,1,10000,6968,,100,99,True,0.29770992366412213,131,39,True,valid_distinct_candidate,0.9900540371211528,429,6540,6,0,True,88,fresh_execution,valid_sparse_circuit,417358885,18e06425c9b96de9ac6822a3305dc7e2d72f595a420cc9f9d62eeb2d4d5a889b,,,locally_single_deletion_minimal_sparse_mask,stage18-scaling-24a9adb84176,0,4,8150,71
True,False,943,438,s0-step8150-f99of100-d1of2,71,2,1,7942,6999,,100,99,True,0.3203125,128,41,True,valid_distinct_candidate,0.9902106664578275,430,6570,7,0,True,87,fresh_execution,valid_sparse_circuit,769548734,2dde61bedeabeb40192f2017faebcbbad6a1b0ca2ab8e4fbdd1ca9f4f2392a1c,,,locally_single_deletion_minimal_sparse_mask,stage18-scaling-24a9adb84176,0,4,8150,71
False,True,0,59,s0-step8150-f99of100-d1of2,71,2,1,943,943,,100,99,False,0.17204301075268819,93,16,False,budget_exhaustion,1.0,59,885,8,0,True,458,fresh_execution,budget_exhaustion,1028874659,3d5361a3c15b03582919a7132fd59ec0f98eba333521df47a6082479ccb914d3,,,budget_exhausted_inside_candidate_batch,stage18-scaling-24a9adb84176,0,4,8150,71
True,False,2958,441,s0-step8150-f99of100-d3of4,72,4,3,10000,7042,,100,99,True,0.0,1,0,True,valid_distinct_candidate,0.990523925131177,435,6608,1,0,True,82,fresh_execution,valid_sparse_circuit,,,,,locally_single_deletion_minimal_sparse_mask,stage18-scaling-24a9adb84176,0,4,8150,72
True,False,2913,443,s0-step8150-f99of100-d3of4,72,4,3,10000,7087,,100,99,True,0.11805555555555555,144,17,True,valid_distinct_candidate,0.9903672957945023,438,6650,2,0,True,79,fresh_execution,valid_sparse_circuit,3046115100,b590071cb241cdb44e9d2f203030477a3f3696d8cee58405415c3d6b86a39e83,,,locally_single_deletion_minimal_sparse_mask,stage18-scaling-24a9adb84176,0,4,8150,72
True,False,3049,435,s0-step8150-f99of100-d3of4,72,4,3,10000,6951,,100,99,True,0.19014084507042253,142,27,True,valid_distinct_candidate,0.9903672957945023,430,6522,3,0,True,87,fresh_execution,valid_sparse_circuit,1114544324,426e98c452321f8cd29ea6dfe41d07346e4b92ac848fd051f7681db8890db1a2,,,locally_single_deletion_minimal_sparse_mask,stage18-scaling-24a9adb84176,0,4,8150,72
True,False,3002,438,s0-step8150-f99of100-d3of4,72,4,3,10000,6998,,100,99,True,0.1506849315068493,73,11,True,valid_distinct_candidate,0.990523925131177,431,6568,4,0,True,86,fresh_execution,valid_sparse_circuit,1847430734,6e1d8e4ec2e4d1f525bf29ec5d3ac49ef4e2f4dea48b6a14424b569933bb8244,,,locally_single_deletion_minimal_sparse_mask,stage18-scaling-24a9adb84176,0,4,8150,72
True,False,2988,439,s0-step8150-f99of100-d3of4,72,4,3,10000,7012,,100,99,True,0.16428571428571428,140,23,True,valid_distinct_candidate,0.9903672957945023,433,6580,5,0,True,84,fresh_execution,valid_sparse_circuit,3966740374,ec6fa796ef6b2f2278336e1a296f239c725cbc4ca2ac11baaf6d90ab391f15e0,,,locally_single_deletion_minimal_sparse_mask,stage18-scaling-24a9adb84176,0,4,8150,72
True,False,3032,436,s0-step8150-f99of100-d3of4,72,4,3,10000,6968,,100,99,True,0.29770992366412213,131,39,True,valid_distinct_candidate,0.9900540371211528,429,6540,6,0,True,88,fresh_execution,valid_sparse_circuit,417358885,18e06425c9b96de9ac6822a3305dc7e2d72f595a420cc9f9d62eeb2d4d5a889b,,,locally_single_deletion_minimal_sparse_mask,stage18-scaling-24a9adb84176,0,4,8150,72
True,False,943,438,s0-step8150-f99of100-d3of4,72,4,3,7942,6999,,100,99,True,0.3203125,128,41,True,valid_distinct_candidate,0.9902106664578275,430,6570,7,0,True,87,fresh_execution,valid_sparse_circuit,769548734,2dde61bedeabeb40192f2017faebcbbad6a1b0ca2ab8e4fbdd1ca9f4f2392a1c,,,locally_single_deletion_minimal_sparse_mask,stage18-scaling-24a9adb84176,0,4,8150,72
False,True,0,59,s0-step8150-f99of100-d3of4,72,4,3,943,943,,100,99,False,0.17204301075268819,93,16,False,budget_exhaustion,1.0,59,885,8,0,True,458,fresh_execution,budget_exhaustion,1028874659,3d5361a3c15b03582919a7132fd59ec0f98eba333521df47a6082479ccb914d3,,,budget_exhausted_inside_candidate_batch,stage18-scaling-24a9adb84176,0,4,8150,72
True,False,2404,475,s0-step8500-f4of5-d1of4,73,4,1,10000,7596,,5,4,True,0.0,1,0,True,valid_distinct_candidate,0.8093037825984807,473,7124,1,0,True,44,fresh_execution,valid_sparse_circuit,,,,,locally_single_deletion_minimal_sparse_mask,stage18-scaling-24a9adb84176,0,5,8500,73
True,False,2389,476,s0-step8500-f4of5-d1of4,73,4,1,10000,7611,,5,4,True,0.10126582278481013,79,8,True,valid_distinct_candidate,0.801942203774767,474,7138,2,0,True,43,fresh_execution,valid_sparse_circuit,737915094,2bfbb0d6996bebc0f042cd27ef4c6f40c4214f93be56bea29bee7d557a377eee,,,locally_single_deletion_minimal_sparse_mask,stage18-scaling-24a9adb84176,0,5,8500,73
True,False,2389,476,s0-step8500-f4of5-d1of4,73,4,1,10000,7611,,5,4,True,0.1917808219178082,73,14,True,valid_distinct_candidate,0.808755579920119,474,7138,3,0,True,43,fresh_execution,valid_sparse_circuit,1349455762,506f0f92bf14c25eaa14f9bc4af12cb05f7811659495f9993a0ed01d36746afd,,,locally_single_deletion_minimal_sparse_mask,stage18-scaling-24a9adb84176,0,5,8500,73
True,False,2404,475,s0-step8500-f4of5-d1of4,73,4,1,10000,7596,,5,4,True,0.20833333333333334,24,5,True,valid_distinct_candidate,0.8127496280053254,473,7124,4,0,True,44,fresh_execution,valid_sparse_circuit,2139885549,7f8c0feded27d90efb00a0591b4d9d8b3fd6ec69cdbed7fbf9560f3686529e54,,,locally_single_deletion_minimal_sparse_mask,stage18-scaling-24a9adb84176,0,5,8500,73
True,False,2389,476,s0-step8500-f4of5-d1of4,73,4,1,10000,7611,,5,4,True,0.2112676056338028,71,15,True,valid_distinct_candidate,0.8184665987939541,474,7138,5,0,True,43,fresh_execution,valid_sparse_circuit,1767366804,6957e094bfa4e44c648a34b2b509d8f96c38404c58d7165e94f7c03d650c9c2c,,,locally_single_deletion_minimal_sparse_mask,stage18-scaling-24a9adb84176,0,5,8500,73
True,False,2359,478,s0-step8500-f4of5-d1of4,73,4,1,10000,7641,,5,4,True,0.2,5,1,True,valid_distinct_candidate,0.8065627692066724,476,7166,6,0,True,41,fresh_execution,valid_sparse_circuit,664217451,2797276bd0ab13037785ae4ff58e580844b36fe8639fae089808d8a63e6496be,,,locally_single_deletion_minimal_sparse_mask,stage18-scaling-24a9adb84176,0,5,8500,73
False,True,0,271,s0-step8500-f4of5-d1of4,73,4,1,4334,4334,,5,4,False,0.1422924901185771,253,36,True,budget_exhaustion,1.0,271,4064,7,0,True,246,fresh_execution,budget_exhaustion,3671821033,dadb8ae9d6957d0198324ef48f4029a45492f51e0afcd9dd5be85dec3156c0a3,,,budget_exhausted_inside_candidate_batch,stage18-scaling-24a9adb84176,0,5,8500,73
True,False,2404,475,s0-step8500-f4of5-d1of2,74,2,1,10000,7596,,5,4,True,0.0,1,0,True,valid_distinct_candidate,0.8093037825984807,473,7124,1,0,True,44,fresh_execution,valid_sparse_circuit,,,,,locally_single_deletion_minimal_sparse_mask,stage18-scaling-24a9adb84176,0,5,8500,74
True,False,2389,476,s0-step8500-f4of5-d1of2,74,2,1,10000,7611,,5,4,True,0.10126582278481013,79,8,True,valid_distinct_candidate,0.801942203774767,474,7138,2,0,True,43,fresh_execution,valid_sparse_circuit,737915094,2bfbb0d6996bebc0f042cd27ef4c6f40c4214f93be56bea29bee7d557a377eee,,,locally_single_deletion_minimal_sparse_mask,stage18-scaling-24a9adb84176,0,5,8500,74
True,False,2389,476,s0-step8500-f4of5-d1of2,74,2,1,10000,7611,,5,4,True,0.1917808219178082,73,14,True,valid_distinct_candidate,0.808755579920119,474,7138,3,0,True,43,fresh_execution,valid_sparse_circuit,1349455762,506f0f92bf14c25eaa14f9bc4af12cb05f7811659495f9993a0ed01d36746afd,,,locally_single_deletion_minimal_sparse_mask,stage18-scaling-24a9adb84176,0,5,8500,74
True,False,2404,475,s0-step8500-f4of5-d1of2,74,2,1,10000,7596,,5,4,True,0.20833333333333334,24,5,True,valid_distinct_candidate,0.8127496280053254,473,7124,4,0,True,44,fresh_execution,valid_sparse_circuit,2139885549,7f8c0feded27d90efb00a0591b4d9d8b3fd6ec69cdbed7fbf9560f3686529e54,,,locally_single_deletion_minimal_sparse_mask,stage18-scaling-24a9adb84176,0,5,8500,74
True,False,2389,476,s0-step8500-f4of5-d1of2,74,2,1,10000,7611,,5,4,True,0.2112676056338028,71,15,True,valid_distinct_candidate,0.8184665987939541,474,7138,5,0,True,43,fresh_execution,valid_sparse_circuit,1767366804,6957e094bfa4e44c648a34b2b509d8f96c38404c58d7165e94f7c03d650c9c2c,,,locally_single_deletion_minimal_sparse_mask,stage18-scaling-24a9adb84176,0,5,8500,74
True,False,2359,478,s0-step8500-f4of5-d1of2,74,2,1,10000,7641,,5,4,True,0.2,5,1,True,valid_distinct_candidate,0.8065627692066724,476,7166,6,0,True,41,fresh_execution,valid_sparse_circuit,664217451,2797276bd0ab13037785ae4ff58e580844b36fe8639fae089808d8a63e6496be,,,locally_single_deletion_minimal_sparse_mask,stage18-scaling-24a9adb84176,0,5,8500,74
False,True,0,271,s0-step8500-f4of5-d1of2,74,2,1,4334,4334,,5,4,False,0.1422924901185771,253,36,True,budget_exhaustion,1.0,271,4064,7,0,True,246,fresh_execution,budget_exhaustion,3671821033,dadb8ae9d6957d0198324ef48f4029a45492f51e0afcd9dd5be85dec3156c0a3,,,budget_exhausted_inside_candidate_batch,stage18-scaling-24a9adb84176,0,5,8500,74
True,False,2404,475,s0-step8500-f4of5-d3of4,75,4,3,10000,7596,,5,4,True,0.0,1,0,True,valid_distinct_candidate,0.8093037825984807,473,7124,1,0,True,44,fresh_execution,valid_sparse_circuit,,,,,locally_single_deletion_minimal_sparse_mask,stage18-scaling-24a9adb84176,0,5,8500,75
True,False,2389,476,s0-step8500-f4of5-d3of4,75,4,3,10000,7611,,5,4,True,0.10126582278481013,79,8,True,valid_distinct_candidate,0.801942203774767,474,7138,2,0,True,43,fresh_execution,valid_sparse_circuit,737915094,2bfbb0d6996bebc0f042cd27ef4c6f40c4214f93be56bea29bee7d557a377eee,,,locally_single_deletion_minimal_sparse_mask,stage18-scaling-24a9adb84176,0,5,8500,75
True,False,2389,476,s0-step8500-f4of5-d3of4,75,4,3,10000,7611,,5,4,True,0.1917808219178082,73,14,True,valid_distinct_candidate,0.808755579920119,474,7138,3,0,True,43,fresh_execution,valid_sparse_circuit,1349455762,506f0f92bf14c25eaa14f9bc4af12cb05f7811659495f9993a0ed01d36746afd,,,locally_single_deletion_minimal_sparse_mask,stage18-scaling-24a9adb84176,0,5,8500,75
True,False,2404,475,s0-step8500-f4of5-d3of4,75,4,3,10000,7596,,5,4,True,0.20833333333333334,24,5,True,valid_distinct_candidate,0.8127496280053254,473,7124,4,0,True,44,fresh_execution,valid_sparse_circuit,2139885549,7f8c0feded27d90efb00a0591b4d9d8b3fd6ec69cdbed7fbf9560f3686529e54,,,locally_single_deletion_minimal_sparse_mask,stage18-scaling-24a9adb84176,0,5,8500,75
True,False,2389,476,s0-step8500-f4of5-d3of4,75,4,3,10000,7611,,5,4,True,0.2112676056338028,71,15,True,valid_distinct_candidate,0.8184665987939541,474,7138,5,0,True,43,fresh_execution,valid_sparse_circuit,1767366804,6957e094bfa4e44c648a34b2b509d8f96c38404c58d7165e94f7c03d650c9c2c,,,locally_single_deletion_minimal_sparse_mask,stage18-scaling-24a9adb84176,0,5,8500,75
True,False,2359,478,s0-step8500-f4of5-d3of4,75,4,3,10000,7641,,5,4,True,0.2,5,1,True,valid_distinct_candidate,0.8065627692066724,476,7166,6,0,True,41,fresh_execution,valid_sparse_circuit,664217451,2797276bd0ab13037785ae4ff58e580844b36fe8639fae089808d8a63e6496be,,,locally_single_deletion_minimal_sparse_mask,stage18-scaling-24a9adb84176,0,5,8500,75
False,True,0,271,s0-step8500-f4of5-d3of4,75,4,3,4334,4334,,5,4,False,0.1422924901185771,253,36,True,budget_exhaustion,1.0,271,4064,7,0,True,246,fresh_execution,budget_exhaustion,3671821033,dadb8ae9d6957d0198324ef48f4029a45492f51e0afcd9dd5be85dec3156c0a3,,,budget_exhausted_inside_candidate_batch,stage18-scaling-24a9adb84176,0,5,8500,75
True,False,2494,470,s0-step8500-f17of20-d1of4,76,4,1,10000,7506,,20,17,True,0.0,1,0,True,valid_distinct_candidate,0.8577805622993186,467,7040,1,0,True,50,fresh_execution,valid_sparse_circuit,,,,,locally_single_deletion_minimal_sparse_mask,stage18-scaling-24a9adb84176,0,5,8500,76
True,False,2434,473,s0-step8500-f17of20-d1of4,76,4,1,10000,7566,,20,17,True,0.10344827586206896,29,3,True,valid_distinct_candidate,0.8505756128122798,471,7096,2,0,True,46,fresh_execution,valid_sparse_circuit,737915094,2bfbb0d6996bebc0f042cd27ef4c6f40c4214f93be56bea29bee7d557a377eee,,,locally_single_deletion_minimal_sparse_mask,stage18-scaling-24a9adb84176,0,5,8500,76
True,False,2464,471,s0-step8500-f17of20-d1of4,76,4,1,10000,7536,,20,17,True,0.16049382716049382,81,13,True,valid_distinct_candidate,0.8515937035006657,469,7068,3,0,True,48,fresh_execution,valid_sparse_circuit,1349455762,506f0f92bf14c25eaa14f9bc4af12cb05f7811659495f9993a0ed01d36746afd,,,locally_single_deletion_minimal_sparse_mask,stage18-scaling-24a9adb84176,0,5,8500,76
True,False,2419,474,s0-step8500-f17of20-d1of4,76,4,1,10000,7581,,20,17,True,0.2236842105263158,76,17,True,valid_distinct_candidate,0.8515937035006657,472,7110,4,0,True,45,fresh_execution,valid_sparse_circuit,2139885549,7f8c0feded27d90efb00a0591b4d9d8b3fd6ec69cdbed7fbf9560f3686529e54,,,locally_single_deletion_minimal_sparse_mask,stage18-scaling-24a9adb84176,0,5,8500,76
True,False,2389,476,s0-step8500-f17of20-d1of4,76,4,1,10000,7611,,20,17,True,0.24,25,6,True,valid_distinct_candidate,0.8542564022241366,474,7138,5,0,True,43,fresh_execution,valid_sparse_circuit,1767366804,6957e094bfa4e44c648a34b2b509d8f96c38404c58d7165e94f7c03d650c9c2c,,,locally_single_deletion_minimal_sparse_mask,stage18-scaling-24a9adb84176,0,5,8500,76
True,False,2449,472,s0-step8500-f17of20-d1of4,76,4,1,10000,7551,,20,17,True,0.22784810126582278,79,18,True,valid_distinct_candidate,0.8524551648523768,470,7082,6,0,True,47,fresh_execution,valid_sparse_circuit,664217451,2797276bd0ab13037785ae4ff58e580844b36fe8639fae089808d8a63e6496be,,,locally_single_deletion_minimal_sparse_mask,stage18-scaling-24a9adb84176,0,5,8500,76
False,True,0,291,s0-step8500-f17of20-d1of4,76,4,1,4649,4649,,20,17,False,0.15126050420168066,119,18,True,budget_exhaustion,1.0,291,4359,7,0,True,226,fresh_execution,budget_exhaustion,3671821033,dadb8ae9d6957d0198324ef48f4029a45492f51e0afcd9dd5be85dec3156c0a3,,,budget_exhausted_inside_candidate_batch,stage18-scaling-24a9adb84176,0,5,8500,76
True,False,2494,470,s0-step8500-f17of20-d1of2,77,2,1,10000,7506,,20,17,True,0.0,1,0,True,valid_distinct_candidate,0.8577805622993186,467,7040,1,0,True,50,fresh_execution,valid_sparse_circuit,,,,,locally_single_deletion_minimal_sparse_mask,stage18-scaling-24a9adb84176,0,5,8500,77
True,False,2434,473,s0-step8500-f17of20-d1of2,77,2,1,10000,7566,,20,17,True,0.10344827586206896,29,3,True,valid_distinct_candidate,0.8505756128122798,471,7096,2,0,True,46,fresh_execution,valid_sparse_circuit,737915094,2bfbb0d6996bebc0f042cd27ef4c6f40c4214f93be56bea29bee7d557a377eee,,,locally_single_deletion_minimal_sparse_mask,stage18-scaling-24a9adb84176,0,5,8500,77
True,False,2464,471,s0-step8500-f17of20-d1of2,77,2,1,10000,7536,,20,17,True,0.16049382716049382,81,13,True,valid_distinct_candidate,0.8515937035006657,469,7068,3,0,True,48,fresh_execution,valid_sparse_circuit,1349455762,506f0f92bf14c25eaa14f9bc4af12cb05f7811659495f9993a0ed01d36746afd,,,locally_single_deletion_minimal_sparse_mask,stage18-scaling-24a9adb84176,0,5,8500,77
True,False,2419,474,s0-step8500-f17of20-d1of2,77,2,1,10000,7581,,20,17,True,0.2236842105263158,76,17,True,valid_distinct_candidate,0.8515937035006657,472,7110,4,0,True,45,fresh_execution,valid_sparse_circuit,2139885549,7f8c0feded27d90efb00a0591b4d9d8b3fd6ec69cdbed7fbf9560f3686529e54,,,locally_single_deletion_minimal_sparse_mask,stage18-scaling-24a9adb84176,0,5,8500,77
True,False,2389,476,s0-step8500-f17of20-d1of2,77,2,1,10000,7611,,20,17,True,0.24,25,6,True,valid_distinct_candidate,0.8542564022241366,474,7138,5,0,True,43,fresh_execution,valid_sparse_circuit,1767366804,6957e094bfa4e44c648a34b2b509d8f96c38404c58d7165e94f7c03d650c9c2c,,,locally_single_deletion_minimal_sparse_mask,stage18-scaling-24a9adb84176,0,5,8500,77
True,False,2449,472,s0-step8500-f17of20-d1of2,77,2,1,10000,7551,,20,17,True,0.22784810126582278,79,18,True,valid_distinct_candidate,0.8524551648523768,470,7082,6,0,True,47,fresh_execution,valid_sparse_circuit,664217451,2797276bd0ab13037785ae4ff58e580844b36fe8639fae089808d8a63e6496be,,,locally_single_deletion_minimal_sparse_mask,stage18-scaling-24a9adb84176,0,5,8500,77
False,True,0,291,s0-step8500-f17of20-d1of2,77,2,1,4649,4649,,20,17,False,0.15126050420168066,119,18,True,budget_exhaustion,1.0,291,4359,7,0,True,226,fresh_execution,budget_exhaustion,3671821033,dadb8ae9d6957d0198324ef48f4029a45492f51e0afcd9dd5be85dec3156c0a3,,,budget_exhausted_inside_candidate_batch,stage18-scaling-24a9adb84176,0,5,8500,77
True,False,2494,470,s0-step8500-f17of20-d3of4,78,4,3,10000,7506,,20,17,True,0.0,1,0,True,valid_distinct_candidate,0.8577805622993186,467,7040,1,0,True,50,fresh_execution,valid_sparse_circuit,,,,,locally_single_deletion_minimal_sparse_mask,stage18-scaling-24a9adb84176,0,5,8500,78
True,False,2434,473,s0-step8500-f17of20-d3of4,78,4,3,10000,7566,,20,17,True,0.10344827586206896,29,3,True,valid_distinct_candidate,0.8505756128122798,471,7096,2,0,True,46,fresh_execution,valid_sparse_circuit,737915094,2bfbb0d6996bebc0f042cd27ef4c6f40c4214f93be56bea29bee7d557a377eee,,,locally_single_deletion_minimal_sparse_mask,stage18-scaling-24a9adb84176,0,5,8500,78
True,False,2464,471,s0-step8500-f17of20-d3of4,78,4,3,10000,7536,,20,17,True,0.16049382716049382,81,13,True,valid_distinct_candidate,0.8515937035006657,469,7068,3,0,True,48,fresh_execution,valid_sparse_circuit,1349455762,506f0f92bf14c25eaa14f9bc4af12cb05f7811659495f9993a0ed01d36746afd,,,locally_single_deletion_minimal_sparse_mask,stage18-scaling-24a9adb84176,0,5,8500,78
True,False,2419,474,s0-step8500-f17of20-d3of4,78,4,3,10000,7581,,20,17,True,0.2236842105263158,76,17,True,valid_distinct_candidate,0.8515937035006657,472,7110,4,0,True,45,fresh_execution,valid_sparse_circuit,2139885549,7f8c0feded27d90efb00a0591b4d9d8b3fd6ec69cdbed7fbf9560f3686529e54,,,locally_single_deletion_minimal_sparse_mask,stage18-scaling-24a9adb84176,0,5,8500,78
True,False,2389,476,s0-step8500-f17of20-d3of4,78,4,3,10000,7611,,20,17,True,0.24,25,6,True,valid_distinct_candidate,0.8542564022241366,474,7138,5,0,True,43,fresh_execution,valid_sparse_circuit,1767366804,6957e094bfa4e44c648a34b2b509d8f96c38404c58d7165e94f7c03d650c9c2c,,,locally_single_deletion_minimal_sparse_mask,stage18-scaling-24a9adb84176,0,5,8500,78
True,False,2449,472,s0-step8500-f17of20-d3of4,78,4,3,10000,7551,,20,17,True,0.22784810126582278,79,18,True,valid_distinct_candidate,0.8524551648523768,470,7082,6,0,True,47,fresh_execution,valid_sparse_circuit,664217451,2797276bd0ab13037785ae4ff58e580844b36fe8639fae089808d8a63e6496be,,,locally_single_deletion_minimal_sparse_mask,stage18-scaling-24a9adb84176,0,5,8500,78
False,True,0,291,s0-step8500-f17of20-d3of4,78,4,3,4649,4649,,20,17,False,0.15126050420168066,119,18,True,budget_exhaustion,1.0,291,4359,7,0,True,226,fresh_execution,budget_exhaustion,3671821033,dadb8ae9d6957d0198324ef48f4029a45492f51e0afcd9dd5be85dec3156c0a3,,,budget_exhausted_inside_candidate_batch,stage18-scaling-24a9adb84176,0,5,8500,78
True,False,2554,466,s0-step8500-f9of10-d1of4,79,4,1,10000,7446,,10,9,True,0.0,1,0,True,valid_distinct_candidate,0.9077453206985668,463,6984,1,0,True,54,fresh_execution,valid_sparse_circuit,,,,,locally_single_deletion_minimal_sparse_mask,stage18-scaling-24a9adb84176,0,5,8500,79
True,False,2464,471,s0-step8500-f9of10-d1of4,79,4,1,10000,7536,,10,9,True,0.10869565217391304,46,5,True,valid_distinct_candidate,0.9064922860051687,469,7068,2,0,True,48,fresh_execution,valid_sparse_circuit,737915094,2bfbb0d6996bebc0f042cd27ef4c6f40c4214f93be56bea29bee7d557a377eee,,,locally_single_deletion_minimal_sparse_mask,stage18-scaling-24a9adb84176,0,5,8500,79
True,False,2509,469,s0-step8500-f9of10-d1of4,79,4,1,10000,7491,,10,9,True,0.1,10,1,True,valid_distinct_candidate,0.905709139321795,466,7026,3,0,True,51,fresh_execution,valid_sparse_circuit,1349455762,506f0f92bf14c25eaa14f9bc4af12cb05f7811659495f9993a0ed01d36746afd,,,locally_single_deletion_minimal_sparse_mask,stage18-scaling-24a9adb84176,0,5,8500,79
True,False,2524,468,s0-step8500-f9of10-d1of4,79,4,1,10000,7476,,10,9,True,0.15217391304347827,46,7,True,valid_distinct_candidate,0.9052392513117707,465,7012,4,0,True,52,fresh_execution,valid_sparse_circuit,2139885549,7f8c0feded27d90efb00a0591b4d9d8b3fd6ec69cdbed7fbf9560f3686529e54,,,locally_single_deletion_minimal_sparse_mask,stage18-scaling-24a9adb84176,0,5,8500,79
True,False,2524,468,s0-step8500-f9of10-d1of4,79,4,1,10000,7476,,10,9,True,0.21951219512195122,41,9,True,valid_distinct_candidate,0.9093899287336518,465,7012,5,0,True,52,fresh_execution,valid_sparse_circuit,1767366804,6957e094bfa4e44c648a34b2b509d8f96c38404c58d7165e94f7c03d650c9c2c,,,locally_single_deletion_minimal_sparse_mask,stage18-scaling-24a9adb84176,0,5,8500,79
True,False,2494,470,s0-step8500-f9of10-d1of4,79,4,1,10000,7506,,10,9,True,0.24050632911392406,79,19,True,valid_distinct_candidate,0.9007753152165401,467,7040,6,0,True,50,fresh_execution,valid_sparse_circuit,664217451,2797276bd0ab13037785ae4ff58e580844b36fe8639fae089808d8a63e6496be,,,locally_single_deletion_minimal_sparse_mask,stage18-scaling-24a9adb84176,0,5,8500,79
False,True,0,317,s0-step8500-f9of10-d1of4,79,4,1,5069,5069,,10,9,False,0.17050691244239632,217,37,True,budget_exhaustion,1.0,317,4753,7,0,True,200,fresh_execution,budget_exhaustion,3671821033,dadb8ae9d6957d0198324ef48f4029a45492f51e0afcd9dd5be85dec3156c0a3,,,budget_exhausted_inside_candidate_batch,stage18-scaling-24a9adb84176,0,5,8500,79
True,False,2554,466,s0-step8500-f9of10-d1of2,80,2,1,10000,7446,,10,9,True,0.0,1,0,True,valid_distinct_candidate,0.9077453206985668,463,6984,1,0,True,54,fresh_execution,valid_sparse_circuit,,,,,locally_single_deletion_minimal_sparse_mask,stage18-scaling-24a9adb84176,0,5,8500,80
True,False,2464,471,s0-step8500-f9of10-d1of2,80,2,1,10000,7536,,10,9,True,0.10869565217391304,46,5,True,valid_distinct_candidate,0.9064922860051687,469,7068,2,0,True,48,fresh_execution,valid_sparse_circuit,737915094,2bfbb0d6996bebc0f042cd27ef4c6f40c4214f93be56bea29bee7d557a377eee,,,locally_single_deletion_minimal_sparse_mask,stage18-scaling-24a9adb84176,0,5,8500,80
True,False,2509,469,s0-step8500-f9of10-d1of2,80,2,1,10000,7491,,10,9,True,0.1,10,1,True,valid_distinct_candidate,0.905709139321795,466,7026,3,0,True,51,fresh_execution,valid_sparse_circuit,1349455762,506f0f92bf14c25eaa14f9bc4af12cb05f7811659495f9993a0ed01d36746afd,,,locally_single_deletion_minimal_sparse_mask,stage18-scaling-24a9adb84176,0,5,8500,80
True,False,2524,468,s0-step8500-f9of10-d1of2,80,2,1,10000,7476,,10,9,True,0.15217391304347827,46,7,True,valid_distinct_candidate,0.9052392513117707,465,7012,4,0,True,52,fresh_execution,valid_sparse_circuit,2139885549,7f8c0feded27d90efb00a0591b4d9d8b3fd6ec69cdbed7fbf9560f3686529e54,,,locally_single_deletion_minimal_sparse_mask,stage18-scaling-24a9adb84176,0,5,8500,80
True,False,2524,468,s0-step8500-f9of10-d1of2,80,2,1,10000,7476,,10,9,True,0.21951219512195122,41,9,True,valid_distinct_candidate,0.9093899287336518,465,7012,5,0,True,52,fresh_execution,valid_sparse_circuit,1767366804,6957e094bfa4e44c648a34b2b509d8f96c38404c58d7165e94f7c03d650c9c2c,,,locally_single_deletion_minimal_sparse_mask,stage18-scaling-24a9adb84176,0,5,8500,80
True,False,2494,470,s0-step8500-f9of10-d1of2,80,2,1,10000,7506,,10,9,True,0.24050632911392406,79,19,True,valid_distinct_candidate,0.9007753152165401,467,7040,6,0,True,50,fresh_execution,valid_sparse_circuit,664217451,2797276bd0ab13037785ae4ff58e580844b36fe8639fae089808d8a63e6496be,,,locally_single_deletion_minimal_sparse_mask,stage18-scaling-24a9adb84176,0,5,8500,80
False,True,0,317,s0-step8500-f9of10-d1of2,80,2,1,5069,5069,,10,9,False,0.17050691244239632,217,37,True,budget_exhaustion,1.0,317,4753,7,0,True,200,fresh_execution,budget_exhaustion,3671821033,dadb8ae9d6957d0198324ef48f4029a45492f51e0afcd9dd5be85dec3156c0a3,,,budget_exhausted_inside_candidate_batch,stage18-scaling-24a9adb84176,0,5,8500,80
True,False,2554,466,s0-step8500-f9of10-d3of4,81,4,3,10000,7446,,10,9,True,0.0,1,0,True,valid_distinct_candidate,0.9077453206985668,463,6984,1,0,True,54,fresh_execution,valid_sparse_circuit,,,,,locally_single_deletion_minimal_sparse_mask,stage18-scaling-24a9adb84176,0,5,8500,81
True,False,2464,471,s0-step8500-f9of10-d3of4,81,4,3,10000,7536,,10,9,True,0.10869565217391304,46,5,True,valid_distinct_candidate,0.9064922860051687,469,7068,2,0,True,48,fresh_execution,valid_sparse_circuit,737915094,2bfbb0d6996bebc0f042cd27ef4c6f40c4214f93be56bea29bee7d557a377eee,,,locally_single_deletion_minimal_sparse_mask,stage18-scaling-24a9adb84176,0,5,8500,81
True,False,2509,469,s0-step8500-f9of10-d3of4,81,4,3,10000,7491,,10,9,True,0.1,10,1,True,valid_distinct_candidate,0.905709139321795,466,7026,3,0,True,51,fresh_execution,valid_sparse_circuit,1349455762,506f0f92bf14c25eaa14f9bc4af12cb05f7811659495f9993a0ed01d36746afd,,,locally_single_deletion_minimal_sparse_mask,stage18-scaling-24a9adb84176,0,5,8500,81
True,False,2524,468,s0-step8500-f9of10-d3of4,81,4,3,10000,7476,,10,9,True,0.15217391304347827,46,7,True,valid_distinct_candidate,0.9052392513117707,465,7012,4,0,True,52,fresh_execution,valid_sparse_circuit,2139885549,7f8c0feded27d90efb00a0591b4d9d8b3fd6ec69cdbed7fbf9560f3686529e54,,,locally_single_deletion_minimal_sparse_mask,stage18-scaling-24a9adb84176,0,5,8500,81
True,False,2524,468,s0-step8500-f9of10-d3of4,81,4,3,10000,7476,,10,9,True,0.21951219512195122,41,9,True,valid_distinct_candidate,0.9093899287336518,465,7012,5,0,True,52,fresh_execution,valid_sparse_circuit,1767366804,6957e094bfa4e44c648a34b2b509d8f96c38404c58d7165e94f7c03d650c9c2c,,,locally_single_deletion_minimal_sparse_mask,stage18-scaling-24a9adb84176,0,5,8500,81
True,False,2494,470,s0-step8500-f9of10-d3of4,81,4,3,10000,7506,,10,9,True,0.24050632911392406,79,19,True,valid_distinct_candidate,0.9007753152165401,467,7040,6,0,True,50,fresh_execution,valid_sparse_circuit,664217451,2797276bd0ab13037785ae4ff58e580844b36fe8639fae089808d8a63e6496be,,,locally_single_deletion_minimal_sparse_mask,stage18-scaling-24a9adb84176,0,5,8500,81
False,True,0,317,s0-step8500-f9of10-d3of4,81,4,3,5069,5069,,10,9,False,0.17050691244239632,217,37,True,budget_exhaustion,1.0,317,4753,7,0,True,200,fresh_execution,budget_exhaustion,3671821033,dadb8ae9d6957d0198324ef48f4029a45492f51e0afcd9dd5be85dec3156c0a3,,,budget_exhausted_inside_candidate_batch,stage18-scaling-24a9adb84176,0,5,8500,81
True,False,2614,462,s0-step8500-f19of20-d1of4,82,4,1,10000,7386,,20,19,True,0.0,1,0,True,valid_distinct_candidate,0.9563787297360795,459,6928,1,0,True,58,fresh_execution,valid_sparse_circuit,,,,,locally_single_deletion_minimal_sparse_mask,stage18-scaling-24a9adb84176,0,5,8500,82
True,False,2629,461,s0-step8500-f19of20-d1of4,82,4,1,10000,7371,,20,19,True,0.08333333333333333,12,1,True,valid_distinct_candidate,0.9538726603492834,458,6914,2,0,True,59,fresh_execution,valid_sparse_circuit,737915094,2bfbb0d6996bebc0f042cd27ef4c6f40c4214f93be56bea29bee7d557a377eee,,,locally_single_deletion_minimal_sparse_mask,stage18-scaling-24a9adb84176,0,5,8500,82
True,False,2584,464,s0-step8500-f19of20-d1of4,82,4,1,10000,7416,,20,19,True,0.15151515151515152,33,5,True,valid_distinct_candidate,0.9501135562690892,461,6956,3,0,True,56,fresh_execution,valid_sparse_circuit,1349455762,506f0f92bf14c25eaa14f9bc4af12cb05f7811659495f9993a0ed01d36746afd,,,locally_single_deletion_minimal_sparse_mask,stage18-scaling-24a9adb84176,0,5,8500,82
True,False,2629,461,s0-step8500-f19of20-d1of4,82,4,1,10000,7371,,20,19,True,0.16161616161616163,99,16,True,valid_distinct_candidate,0.9512882762941499,458,6914,4,0,True,59,fresh_execution,valid_sparse_circuit,2139885549,7f8c0feded27d90efb00a0591b4d9d8b3fd6ec69cdbed7fbf9560f3686529e54,,,locally_single_deletion_minimal_sparse_mask,stage18-scaling-24a9adb84176,0,5,8500,82
True,False,2644,460,s0-step8500-f19of20-d1of4,82,4,1,10000,7356,,20,19,True,0.22916666666666666,48,11,True,valid_distinct_candidate,0.9504268149424387,457,6900,5,0,True,60,fresh_execution,valid_sparse_circuit,1767366804,6957e094bfa4e44c648a34b2b509d8f96c38404c58d7165e94f7c03d650c9c2c,,,locally_single_deletion_minimal_sparse_mask,stage18-scaling-24a9adb84176,0,5,8500,82
True,False,2598,463,s0-step8500-f19of20-d1of4,82,4,1,10000,7402,,20,19,True,0.22105263157894736,95,21,True,valid_distinct_candidate,0.9508183882841256,459,6944,6,0,True,58,fresh_execution,valid_sparse_circuit,664217451,2797276bd0ab13037785ae4ff58e580844b36fe8639fae089808d8a63e6496be,,,locally_single_deletion_minimal_sparse_mask,stage18-scaling-24a9adb84176,0,5,8500,82
False,True,0,357,s0-step8500-f19of20-d1of4,82,4,1,5698,5698,,20,19,False,0.18478260869565216,92,17,True,budget_exhaustion,1.0,357,5342,7,0,True,160,fresh_execution,budget_exhaustion,3671821033,dadb8ae9d6957d0198324ef48f4029a45492f51e0afcd9dd5be85dec3156c0a3,,,budget_exhausted_inside_candidate_batch,stage18-scaling-24a9adb84176,0,5,8500,82
True,False,2614,462,s0-step8500-f19of20-d1of2,83,2,1,10000,7386,,20,19,True,0.0,1,0,True,valid_distinct_candidate,0.9563787297360795,459,6928,1,0,True,58,fresh_execution,valid_sparse_circuit,,,,,locally_single_deletion_minimal_sparse_mask,stage18-scaling-24a9adb84176,0,5,8500,83
True,False,2629,461,s0-step8500-f19of20-d1of2,83,2,1,10000,7371,,20,19,True,0.08333333333333333,12,1,True,valid_distinct_candidate,0.9538726603492834,458,6914,2,0,True,59,fresh_execution,valid_sparse_circuit,737915094,2bfbb0d6996bebc0f042cd27ef4c6f40c4214f93be56bea29bee7d557a377eee,,,locally_single_deletion_minimal_sparse_mask,stage18-scaling-24a9adb84176,0,5,8500,83
True,False,2584,464,s0-step8500-f19of20-d1of2,83,2,1,10000,7416,,20,19,True,0.15151515151515152,33,5,True,valid_distinct_candidate,0.9501135562690892,461,6956,3,0,True,56,fresh_execution,valid_sparse_circuit,1349455762,506f0f92bf14c25eaa14f9bc4af12cb05f7811659495f9993a0ed01d36746afd,,,locally_single_deletion_minimal_sparse_mask,stage18-scaling-24a9adb84176,0,5,8500,83
True,False,2629,461,s0-step8500-f19of20-d1of2,83,2,1,10000,7371,,20,19,True,0.16161616161616163,99,16,True,valid_distinct_candidate,0.9512882762941499,458,6914,4,0,True,59,fresh_execution,valid_sparse_circuit,2139885549,7f8c0feded27d90efb00a0591b4d9d8b3fd6ec69cdbed7fbf9560f3686529e54,,,locally_single_deletion_minimal_sparse_mask,stage18-scaling-24a9adb84176,0,5,8500,83
True,False,2644,460,s0-step8500-f19of20-d1of2,83,2,1,10000,7356,,20,19,True,0.22916666666666666,48,11,True,valid_distinct_candidate,0.9504268149424387,457,6900,5,0,True,60,fresh_execution,valid_sparse_circuit,1767366804,6957e094bfa4e44c648a34b2b509d8f96c38404c58d7165e94f7c03d650c9c2c,,,locally_single_deletion_minimal_sparse_mask,stage18-scaling-24a9adb84176,0,5,8500,83
True,False,2598,463,s0-step8500-f19of20-d1of2,83,2,1,10000,7402,,20,19,True,0.22105263157894736,95,21,True,valid_distinct_candidate,0.9508183882841256,459,6944,6,0,True,58,fresh_execution,valid_sparse_circuit,664217451,2797276bd0ab13037785ae4ff58e580844b36fe8639fae089808d8a63e6496be,,,locally_single_deletion_minimal_sparse_mask,stage18-scaling-24a9adb84176,0,5,8500,83
False,True,0,357,s0-step8500-f19of20-d1of2,83,2,1,5698,5698,,20,19,False,0.18478260869565216,92,17,True,budget_exhaustion,1.0,357,5342,7,0,True,160,fresh_execution,budget_exhaustion,3671821033,dadb8ae9d6957d0198324ef48f4029a45492f51e0afcd9dd5be85dec3156c0a3,,,budget_exhausted_inside_candidate_batch,stage18-scaling-24a9adb84176,0,5,8500,83
True,False,2614,462,s0-step8500-f19of20-d3of4,84,4,3,10000,7386,,20,19,True,0.0,1,0,True,valid_distinct_candidate,0.9563787297360795,459,6928,1,0,True,58,fresh_execution,valid_sparse_circuit,,,,,locally_single_deletion_minimal_sparse_mask,stage18-scaling-24a9adb84176,0,5,8500,84
True,False,2629,461,s0-step8500-f19of20-d3of4,84,4,3,10000,7371,,20,19,True,0.08333333333333333,12,1,True,valid_distinct_candidate,0.9538726603492834,458,6914,2,0,True,59,fresh_execution,valid_sparse_circuit,737915094,2bfbb0d6996bebc0f042cd27ef4c6f40c4214f93be56bea29bee7d557a377eee,,,locally_single_deletion_minimal_sparse_mask,stage18-scaling-24a9adb84176,0,5,8500,84
True,False,2584,464,s0-step8500-f19of20-d3of4,84,4,3,10000,7416,,20,19,True,0.15151515151515152,33,5,True,valid_distinct_candidate,0.9501135562690892,461,6956,3,0,True,56,fresh_execution,valid_sparse_circuit,1349455762,506f0f92bf14c25eaa14f9bc4af12cb05f7811659495f9993a0ed01d36746afd,,,locally_single_deletion_minimal_sparse_mask,stage18-scaling-24a9adb84176,0,5,8500,84
True,False,2629,461,s0-step8500-f19of20-d3of4,84,4,3,10000,7371,,20,19,True,0.16161616161616163,99,16,True,valid_distinct_candidate,0.9512882762941499,458,6914,4,0,True,59,fresh_execution,valid_sparse_circuit,2139885549,7f8c0feded27d90efb00a0591b4d9d8b3fd6ec69cdbed7fbf9560f3686529e54,,,locally_single_deletion_minimal_sparse_mask,stage18-scaling-24a9adb84176,0,5,8500,84
True,False,2644,460,s0-step8500-f19of20-d3of4,84,4,3,10000,7356,,20,19,True,0.22916666666666666,48,11,True,valid_distinct_candidate,0.9504268149424387,457,6900,5,0,True,60,fresh_execution,valid_sparse_circuit,1767366804,6957e094bfa4e44c648a34b2b509d8f96c38404c58d7165e94f7c03d650c9c2c,,,locally_single_deletion_minimal_sparse_mask,stage18-scaling-24a9adb84176,0,5,8500,84
True,False,2598,463,s0-step8500-f19of20-d3of4,84,4,3,10000,7402,,20,19,True,0.22105263157894736,95,21,True,valid_distinct_candidate,0.9508183882841256,459,6944,6,0,True,58,fresh_execution,valid_sparse_circuit,664217451,2797276bd0ab13037785ae4ff58e580844b36fe8639fae089808d8a63e6496be,,,locally_single_deletion_minimal_sparse_mask,stage18-scaling-24a9adb84176,0,5,8500,84
False,True,0,357,s0-step8500-f19of20-d3of4,84,4,3,5698,5698,,20,19,False,0.18478260869565216,92,17,True,budget_exhaustion,1.0,357,5342,7,0,True,160,fresh_execution,budget_exhaustion,3671821033,dadb8ae9d6957d0198324ef48f4029a45492f51e0afcd9dd5be85dec3156c0a3,,,budget_exhausted_inside_candidate_batch,stage18-scaling-24a9adb84176,0,5,8500,84
True,False,2689,457,s0-step8500-f39of40-d1of4,85,4,1,10000,7311,,40,39,True,0.0,1,0,True,valid_distinct_candidate,0.9789333542172449,454,6858,1,0,True,63,fresh_execution,valid_sparse_circuit,,,,,locally_single_deletion_minimal_sparse_mask,stage18-scaling-24a9adb84176,0,5,8500,85
True,False,2779,452,s0-step8500-f39of40-d1of4,85,4,1,10000,7221,,40,39,True,0.09090909090909091,11,1,True,valid_distinct_candidate,0.9768188581721357,448,6774,2,0,True,69,fresh_execution,valid_sparse_circuit,737915094,2bfbb0d6996bebc0f042cd27ef4c6f40c4214f93be56bea29bee7d557a377eee,,,locally_single_deletion_minimal_sparse_mask,stage18-scaling-24a9adb84176,0,5,8500,85
True,False,2689,457,s0-step8500-f39of40-d1of4,85,4,1,10000,7311,,40,39,True,0.14545454545454545,55,8,True,valid_distinct_candidate,0.9784634662072206,454,6858,3,0,True,63,fresh_execution,valid_sparse_circuit,1349455762,506f0f92bf14c25eaa14f9bc4af12cb05f7811659495f9993a0ed01d36746afd,,,locally_single_deletion_minimal_sparse_mask,stage18-scaling-24a9adb84176,0,5,8500,85
True,False,2734,455,s0-step8500-f39of40-d1of4,85,4,1,10000,7266,,40,39,True,0.17272727272727273,110,19,True,valid_distinct_candidate,0.9753308794737254,451,6816,4,0,True,66,fresh_execution,valid_sparse_circuit,2139885549,7f8c0feded27d90efb00a0591b4d9d8b3fd6ec69cdbed7fbf9560f3686529e54,,,locally_single_deletion_minimal_sparse_mask,stage18-scaling-24a9adb84176,0,5,8500,85
True,False,2764,453,s0-step8500-f39of40-d1of4,85,4,1,10000,7236,,40,39,True,0.19090909090909092,110,21,True,valid_distinct_candidate,0.9759573968204245,449,6788,5,0,True,68,fresh_execution,valid_sparse_circuit,1767366804,6957e094bfa4e44c648a34b2b509d8f96c38404c58d7165e94f7c03d650c9c2c,,,locally_single_deletion_minimal_sparse_mask,stage18-scaling-24a9adb84176,0,5,8500,85
False,False,2704,456,s0-step8500-f39of40-d1of4,85,4,1,10000,7296,,40,39,True,0.2828282828282828,99,28,True,distinctness_failure,0.9750959354687133,453,6844,6,0,True,64,fresh_execution,valid_sparse_circuit,664217451,2797276bd0ab13037785ae4ff58e580844b36fe8639fae089808d8a63e6496be,,,locally_single_deletion_minimal_sparse_mask,stage18-scaling-24a9adb84176,0,5,8500,85
False,True,0,169,s0-step8500-f39of40-d1of4,85,4,1,2704,2704,,40,39,False,0.1751412429378531,177,31,False,budget_exhaustion,1.0,169,2535,6,1,True,347,fresh_execution,budget_exhaustion,4003770210,eea4af621eb2aad2427820655eac0c56f86f3a85cb00af17389f4e8984291ac3,,,budget_exhausted_before_next_ranking,stage18-scaling-24a9adb84176,0,5,8500,85
True,False,2689,457,s0-step8500-f39of40-d1of2,86,2,1,10000,7311,,40,39,True,0.0,1,0,True,valid_distinct_candidate,0.9789333542172449,454,6858,1,0,True,63,fresh_execution,valid_sparse_circuit,,,,,locally_single_deletion_minimal_sparse_mask,stage18-scaling-24a9adb84176,0,5,8500,86
True,False,2779,452,s0-step8500-f39of40-d1of2,86,2,1,10000,7221,,40,39,True,0.09090909090909091,11,1,True,valid_distinct_candidate,0.9768188581721357,448,6774,2,0,True,69,fresh_execution,valid_sparse_circuit,737915094,2bfbb0d6996bebc0f042cd27ef4c6f40c4214f93be56bea29bee7d557a377eee,,,locally_single_deletion_minimal_sparse_mask,stage18-scaling-24a9adb84176,0,5,8500,86
True,False,2689,457,s0-step8500-f39of40-d1of2,86,2,1,10000,7311,,40,39,True,0.14545454545454545,55,8,True,valid_distinct_candidate,0.9784634662072206,454,6858,3,0,True,63,fresh_execution,valid_sparse_circuit,1349455762,506f0f92bf14c25eaa14f9bc4af12cb05f7811659495f9993a0ed01d36746afd,,,locally_single_deletion_minimal_sparse_mask,stage18-scaling-24a9adb84176,0,5,8500,86
True,False,2734,455,s0-step8500-f39of40-d1of2,86,2,1,10000,7266,,40,39,True,0.17272727272727273,110,19,True,valid_distinct_candidate,0.9753308794737254,451,6816,4,0,True,66,fresh_execution,valid_sparse_circuit,2139885549,7f8c0feded27d90efb00a0591b4d9d8b3fd6ec69cdbed7fbf9560f3686529e54,,,locally_single_deletion_minimal_sparse_mask,stage18-scaling-24a9adb84176,0,5,8500,86
True,False,2764,453,s0-step8500-f39of40-d1of2,86,2,1,10000,7236,,40,39,True,0.19090909090909092,110,21,True,valid_distinct_candidate,0.9759573968204245,449,6788,5,0,True,68,fresh_execution,valid_sparse_circuit,1767366804,6957e094bfa4e44c648a34b2b509d8f96c38404c58d7165e94f7c03d650c9c2c,,,locally_single_deletion_minimal_sparse_mask,stage18-scaling-24a9adb84176,0,5,8500,86
True,False,2704,456,s0-step8500-f39of40-d1of2,86,2,1,10000,7296,,40,39,True,0.2828282828282828,99,28,True,valid_distinct_candidate,0.9750959354687133,453,6844,6,0,True,64,fresh_execution,valid_sparse_circuit,664217451,2797276bd0ab13037785ae4ff58e580844b36fe8639fae089808d8a63e6496be,,,locally_single_deletion_minimal_sparse_mask,stage18-scaling-24a9adb84176,0,5,8500,86
False,True,0,398,s0-step8500-f39of40-d1of2,86,2,1,6359,6359,,40,39,False,0.22972972972972974,74,17,True,budget_exhaustion,0.9995301119899758,398,5962,7,0,True,119,fresh_execution,budget_exhaustion,3671821033,dadb8ae9d6957d0198324ef48f4029a45492f51e0afcd9dd5be85dec3156c0a3,,,budget_exhausted_inside_candidate_batch,stage18-scaling-24a9adb84176,0,5,8500,86
True,False,2689,457,s0-step8500-f39of40-d3of4,87,4,3,10000,7311,,40,39,True,0.0,1,0,True,valid_distinct_candidate,0.9789333542172449,454,6858,1,0,True,63,fresh_execution,valid_sparse_circuit,,,,,locally_single_deletion_minimal_sparse_mask,stage18-scaling-24a9adb84176,0,5,8500,87
True,False,2779,452,s0-step8500-f39of40-d3of4,87,4,3,10000,7221,,40,39,True,0.09090909090909091,11,1,True,valid_distinct_candidate,0.9768188581721357,448,6774,2,0,True,69,fresh_execution,valid_sparse_circuit,737915094,2bfbb0d6996bebc0f042cd27ef4c6f40c4214f93be56bea29bee7d557a377eee,,,locally_single_deletion_minimal_sparse_mask,stage18-scaling-24a9adb84176,0,5,8500,87
True,False,2689,457,s0-step8500-f39of40-d3of4,87,4,3,10000,7311,,40,39,True,0.14545454545454545,55,8,True,valid_distinct_candidate,0.9784634662072206,454,6858,3,0,True,63,fresh_execution,valid_sparse_circuit,1349455762,506f0f92bf14c25eaa14f9bc4af12cb05f7811659495f9993a0ed01d36746afd,,,locally_single_deletion_minimal_sparse_mask,stage18-scaling-24a9adb84176,0,5,8500,87
True,False,2734,455,s0-step8500-f39of40-d3of4,87,4,3,10000,7266,,40,39,True,0.17272727272727273,110,19,True,valid_distinct_candidate,0.9753308794737254,451,6816,4,0,True,66,fresh_execution,valid_sparse_circuit,2139885549,7f8c0feded27d90efb00a0591b4d9d8b3fd6ec69cdbed7fbf9560f3686529e54,,,locally_single_deletion_minimal_sparse_mask,stage18-scaling-24a9adb84176,0,5,8500,87
True,False,2764,453,s0-step8500-f39of40-d3of4,87,4,3,10000,7236,,40,39,True,0.19090909090909092,110,21,True,valid_distinct_candidate,0.9759573968204245,449,6788,5,0,True,68,fresh_execution,valid_sparse_circuit,1767366804,6957e094bfa4e44c648a34b2b509d8f96c38404c58d7165e94f7c03d650c9c2c,,,locally_single_deletion_minimal_sparse_mask,stage18-scaling-24a9adb84176,0,5,8500,87
True,False,2704,456,s0-step8500-f39of40-d3of4,87,4,3,10000,7296,,40,39,True,0.2828282828282828,99,28,True,valid_distinct_candidate,0.9750959354687133,453,6844,6,0,True,64,fresh_execution,valid_sparse_circuit,664217451,2797276bd0ab13037785ae4ff58e580844b36fe8639fae089808d8a63e6496be,,,locally_single_deletion_minimal_sparse_mask,stage18-scaling-24a9adb84176,0,5,8500,87
False,True,0,398,s0-step8500-f39of40-d3of4,87,4,3,6359,6359,,40,39,False,0.22972972972972974,74,17,True,budget_exhaustion,0.9995301119899758,398,5962,7,0,True,119,fresh_execution,budget_exhaustion,3671821033,dadb8ae9d6957d0198324ef48f4029a45492f51e0afcd9dd5be85dec3156c0a3,,,budget_exhausted_inside_candidate_batch,stage18-scaling-24a9adb84176,0,5,8500,87
True,False,2869,446,s0-step8500-f99of100-d1of4,88,4,1,10000,7131,,100,99,True,0.0,1,0,True,valid_distinct_candidate,0.9908371838045266,442,6690,1,0,True,75,fresh_execution,valid_sparse_circuit,,,,,locally_single_deletion_minimal_sparse_mask,stage18-scaling-24a9adb84176,0,5,8500,88
True,False,2974,440,s0-step8500-f99of100-d1of4,88,4,1,10000,7026,,100,99,True,0.060810810810810814,148,9,True,valid_distinct_candidate,0.9906022397995145,435,6592,2,0,True,82,fresh_execution,valid_sparse_circuit,737915094,2bfbb0d6996bebc0f042cd27ef4c6f40c4214f93be56bea29bee7d557a377eee,,,locally_single_deletion_minimal_sparse_mask,stage18-scaling-24a9adb84176,0,5,8500,88
True,False,2852,447,s0-step8500-f99of100-d1of4,88,4,1,10000,7148,,100,99,True,0.13533834586466165,133,18,True,valid_distinct_candidate,0.990523925131177,441,6708,3,0,True,76,fresh_execution,valid_sparse_circuit,1349455762,506f0f92bf14c25eaa14f9bc4af12cb05f7811659495f9993a0ed01d36746afd,,,locally_single_deletion_minimal_sparse_mask,stage18-scaling-24a9adb84176,0,5,8500,88
True,False,2868,446,s0-step8500-f99of100-d1of4,88,4,1,10000,7132,,100,99,True,0.23770491803278687,122,29,True,valid_distinct_candidate,0.9902889811261649,441,6692,4,0,True,76,fresh_execution,valid_sparse_circuit,2139885549,7f8c0feded27d90efb00a0591b4d9d8b3fd6ec69cdbed7fbf9560f3686529e54,,,locally_single_deletion_minimal_sparse_mask,stage18-scaling-24a9adb84176,0,5,8500,88
True,False,2884,445,s0-step8500-f99of100-d1of4,88,4,1,10000,7116,,100,99,True,0.208,125,26,True,valid_distinct_candidate,0.9902106664578275,441,6676,5,0,True,76,fresh_execution,valid_sparse_circuit,1767366804,6957e094bfa4e44c648a34b2b509d8f96c38404c58d7165e94f7c03d650c9c2c,,,locally_single_deletion_minimal_sparse_mask,stage18-scaling-24a9adb84176,0,5,8500,88
False,False,2853,447,s0-step8500-f99of100-d1of4,88,4,1,10000,7147,,100,99,True,0.2711864406779661,59,16,True,distinctness_failure,0.9903672957945023,442,6706,6,0,True,75,fresh_execution,valid_sparse_circuit,664217451,2797276bd0ab13037785ae4ff58e580844b36fe8639fae089808d8a63e6496be,,,locally_single_deletion_minimal_sparse_mask,stage18-scaling-24a9adb84176,0,5,8500,88
False,True,0,179,s0-step8500-f99of100-d1of4,88,4,1,2853,2853,,100,99,False,0.19710144927536233,345,68,False,budget_exhaustion,1.0,179,2675,6,1,True,338,fresh_execution,budget_exhaustion,4003770210,eea4af621eb2aad2427820655eac0c56f86f3a85cb00af17389f4e8984291ac3,,,budget_exhausted_inside_candidate_batch,stage18-scaling-24a9adb84176,0,5,8500,88
True,False,2869,446,s0-step8500-f99of100-d1of2,89,2,1,10000,7131,,100,99,True,0.0,1,0,True,valid_distinct_candidate,0.9908371838045266,442,6690,1,0,True,75,fresh_execution,valid_sparse_circuit,,,,,locally_single_deletion_minimal_sparse_mask,stage18-scaling-24a9adb84176,0,5,8500,89
True,False,2974,440,s0-step8500-f99of100-d1of2,89,2,1,10000,7026,,100,99,True,0.060810810810810814,148,9,True,valid_distinct_candidate,0.9906022397995145,435,6592,2,0,True,82,fresh_execution,valid_sparse_circuit,737915094,2bfbb0d6996bebc0f042cd27ef4c6f40c4214f93be56bea29bee7d557a377eee,,,locally_single_deletion_minimal_sparse_mask,stage18-scaling-24a9adb84176,0,5,8500,89
True,False,2852,447,s0-step8500-f99of100-d1of2,89,2,1,10000,7148,,100,99,True,0.13533834586466165,133,18,True,valid_distinct_candidate,0.990523925131177,441,6708,3,0,True,76,fresh_execution,valid_sparse_circuit,1349455762,506f0f92bf14c25eaa14f9bc4af12cb05f7811659495f9993a0ed01d36746afd,,,locally_single_deletion_minimal_sparse_mask,stage18-scaling-24a9adb84176,0,5,8500,89
True,False,2868,446,s0-step8500-f99of100-d1of2,89,2,1,10000,7132,,100,99,True,0.23770491803278687,122,29,True,valid_distinct_candidate,0.9902889811261649,441,6692,4,0,True,76,fresh_execution,valid_sparse_circuit,2139885549,7f8c0feded27d90efb00a0591b4d9d8b3fd6ec69cdbed7fbf9560f3686529e54,,,locally_single_deletion_minimal_sparse_mask,stage18-scaling-24a9adb84176,0,5,8500,89
True,False,2884,445,s0-step8500-f99of100-d1of2,89,2,1,10000,7116,,100,99,True,0.208,125,26,True,valid_distinct_candidate,0.9902106664578275,441,6676,5,0,True,76,fresh_execution,valid_sparse_circuit,1767366804,6957e094bfa4e44c648a34b2b509d8f96c38404c58d7165e94f7c03d650c9c2c,,,locally_single_deletion_minimal_sparse_mask,stage18-scaling-24a9adb84176,0,5,8500,89
True,False,2853,447,s0-step8500-f99of100-d1of2,89,2,1,10000,7147,,100,99,True,0.2711864406779661,59,16,True,valid_distinct_candidate,0.9903672957945023,442,6706,6,0,True,75,fresh_execution,valid_sparse_circuit,664217451,2797276bd0ab13037785ae4ff58e580844b36fe8639fae089808d8a63e6496be,,,locally_single_deletion_minimal_sparse_mask,stage18-scaling-24a9adb84176,0,5,8500,89
True,False,213,443,s0-step8500-f99of100-d1of2,89,2,1,7300,7087,,100,99,True,0.232,125,29,True,valid_distinct_candidate,0.9902106664578275,438,6650,7,0,True,79,fresh_execution,valid_sparse_circuit,3671821033,dadb8ae9d6957d0198324ef48f4029a45492f51e0afcd9dd5be85dec3156c0a3,,,locally_single_deletion_minimal_sparse_mask,stage18-scaling-24a9adb84176,0,5,8500,89
False,True,0,14,s0-step8500-f99of100-d1of2,89,2,1,213,213,,100,99,False,0.16071428571428573,56,9,False,budget_exhaustion,1.0,14,200,8,0,True,503,fresh_execution,budget_exhaustion,1526112226,5af69fe2718b09f616f5553cfea72cbb391a1642a7a147397e6bf8a79d625ea9,,,budget_exhausted_inside_candidate_batch,stage18-scaling-24a9adb84176,0,5,8500,89
True,False,2869,446,s0-step8500-f99of100-d3of4,90,4,3,10000,7131,,100,99,True,0.0,1,0,True,valid_distinct_candidate,0.9908371838045266,442,6690,1,0,True,75,fresh_execution,valid_sparse_circuit,,,,,locally_single_deletion_minimal_sparse_mask,stage18-scaling-24a9adb84176,0,5,8500,90
True,False,2974,440,s0-step8500-f99of100-d3of4,90,4,3,10000,7026,,100,99,True,0.060810810810810814,148,9,True,valid_distinct_candidate,0.9906022397995145,435,6592,2,0,True,82,fresh_execution,valid_sparse_circuit,737915094,2bfbb0d6996bebc0f042cd27ef4c6f40c4214f93be56bea29bee7d557a377eee,,,locally_single_deletion_minimal_sparse_mask,stage18-scaling-24a9adb84176,0,5,8500,90
True,False,2852,447,s0-step8500-f99of100-d3of4,90,4,3,10000,7148,,100,99,True,0.13533834586466165,133,18,True,valid_distinct_candidate,0.990523925131177,441,6708,3,0,True,76,fresh_execution,valid_sparse_circuit,1349455762,506f0f92bf14c25eaa14f9bc4af12cb05f7811659495f9993a0ed01d36746afd,,,locally_single_deletion_minimal_sparse_mask,stage18-scaling-24a9adb84176,0,5,8500,90
True,False,2868,446,s0-step8500-f99of100-d3of4,90,4,3,10000,7132,,100,99,True,0.23770491803278687,122,29,True,valid_distinct_candidate,0.9902889811261649,441,6692,4,0,True,76,fresh_execution,valid_sparse_circuit,2139885549,7f8c0feded27d90efb00a0591b4d9d8b3fd6ec69cdbed7fbf9560f3686529e54,,,locally_single_deletion_minimal_sparse_mask,stage18-scaling-24a9adb84176,0,5,8500,90
True,False,2884,445,s0-step8500-f99of100-d3of4,90,4,3,10000,7116,,100,99,True,0.208,125,26,True,valid_distinct_candidate,0.9902106664578275,441,6676,5,0,True,76,fresh_execution,valid_sparse_circuit,1767366804,6957e094bfa4e44c648a34b2b509d8f96c38404c58d7165e94f7c03d650c9c2c,,,locally_single_deletion_minimal_sparse_mask,stage18-scaling-24a9adb84176,0,5,8500,90
True,False,2853,447,s0-step8500-f99of100-d3of4,90,4,3,10000,7147,,100,99,True,0.2711864406779661,59,16,True,valid_distinct_candidate,0.9903672957945023,442,6706,6,0,True,75,fresh_execution,valid_sparse_circuit,664217451,2797276bd0ab13037785ae4ff58e580844b36fe8639fae089808d8a63e6496be,,,locally_single_deletion_minimal_sparse_mask,stage18-scaling-24a9adb84176,0,5,8500,90
True,False,213,443,s0-step8500-f99of100-d3of4,90,4,3,7300,7087,,100,99,True,0.232,125,29,True,valid_distinct_candidate,0.9902106664578275,438,6650,7,0,True,79,fresh_execution,valid_sparse_circuit,3671821033,dadb8ae9d6957d0198324ef48f4029a45492f51e0afcd9dd5be85dec3156c0a3,,,locally_single_deletion_minimal_sparse_mask,stage18-scaling-24a9adb84176,0,5,8500,90
False,True,0,14,s0-step8500-f99of100-d3of4,90,4,3,213,213,,100,99,False,0.16071428571428573,56,9,False,budget_exhaustion,1.0,14,200,8,0,True,503,fresh_execution,budget_exhaustion,1526112226,5af69fe2718b09f616f5553cfea72cbb391a1642a7a147397e6bf8a79d625ea9,,,budget_exhausted_inside_candidate_batch,stage18-scaling-24a9adb84176,0,5,8500,90
True,False,2404,475,s0-step8650-f4of5-d1of4,91,4,1,10000,7596,,5,4,True,0.0,1,0,True,valid_distinct_candidate,0.8172918787688934,473,7124,1,0,True,44,fresh_execution,valid_sparse_circuit,,,,,locally_single_deletion_minimal_sparse_mask,stage18-scaling-24a9adb84176,0,6,8650,91
True,False,2434,473,s0-step8650-f4of5-d1of4,91,4,1,10000,7566,,5,4,True,0.07142857142857142,14,1,True,valid_distinct_candidate,0.813924348030386,471,7096,2,0,True,46,fresh_execution,valid_sparse_circuit,3625141715,d81345d3f6db3849a3e3b09557957e696a68d632e161c1490fc0189cd5fc6247,,,locally_single_deletion_minimal_sparse_mask,stage18-scaling-24a9adb84176,0,6,8650,91
True,False,2329,480,s0-step8650-f4of5-d1of4,91,4,1,10000,7671,,5,4,True,0.14864864864864866,74,11,True,valid_distinct_candidate,0.8117315373169395,478,7194,3,0,True,39,fresh_execution,valid_sparse_circuit,1742711362,67dfaa42ca1877b77a4ac184dac769ab26b5a5ae7f9609f3a7e9e37a7046e811,,,locally_single_deletion_minimal_sparse_mask,stage18-scaling-24a9adb84176,0,6,8650,91
True,False,2374,477,s0-step8650-f4of5-d1of4,91,4,1,10000,7626,,5,4,True,0.2112676056338028,71,15,True,valid_distinct_candidate,0.8046832171665753,475,7152,4,0,True,42,fresh_execution,valid_sparse_circuit,258193174,0f63b7167f4a80db8bc5dbedc5cc881f28f1216e21c46c10e953951034a5c3bc,,,locally_single_deletion_minimal_sparse_mask,stage18-scaling-24a9adb84176,0,6,8650,91
True,False,2374,477,s0-step8650-f4of5-d1of4,91,4,1,10000,7626,,5,4,True,0.2112676056338028,71,15,True,valid_distinct_candidate,0.8006108544130316,475,7152,5,0,True,42,fresh_execution,valid_sparse_circuit,2823193157,a846824530fcffce48d8fc8b0981b1e6a8b96f97baf99cd5a3c4be7cd127bcf8,,,locally_single_deletion_minimal_sparse_mask,stage18-scaling-24a9adb84176,0,6,8650,91
False,False,2344,479,s0-step8650-f4of5-d1of4,91,4,1,10000,7656,,5,4,True,0.2537313432835821,67,17,True,distinctness_failure,0.8035084971415146,477,7180,6,0,True,40,fresh_execution,valid_sparse_circuit,159952722,0988af52e7d8b2b443de4cefc1a9f63e6104c8d0fec8dd563b4cc9bbb7589003,,,locally_single_deletion_minimal_sparse_mask,stage18-scaling-24a9adb84176,0,6,8650,91
False,True,0,147,s0-step8650-f4of5-d1of4,91,4,1,2344,2344,,5,4,False,0.11290322580645161,62,7,False,budget_exhaustion,1.0,147,2198,6,1,True,370,fresh_execution,budget_exhaustion,1656565050,62bd2d3aea95d5bbeaa824311274d310b0a6c570840f7e9aff21a82a6d44986e,,,budget_exhausted_inside_candidate_batch,stage18-scaling-24a9adb84176,0,6,8650,91
True,False,2404,475,s0-step8650-f4of5-d1of2,92,2,1,10000,7596,,5,4,True,0.0,1,0,True,valid_distinct_candidate,0.8172918787688934,473,7124,1,0,True,44,fresh_execution,valid_sparse_circuit,,,,,locally_single_deletion_minimal_sparse_mask,stage18-scaling-24a9adb84176,0,6,8650,92
True,False,2434,473,s0-step8650-f4of5-d1of2,92,2,1,10000,7566,,5,4,True,0.07142857142857142,14,1,True,valid_distinct_candidate,0.813924348030386,471,7096,2,0,True,46,fresh_execution,valid_sparse_circuit,3625141715,d81345d3f6db3849a3e3b09557957e696a68d632e161c1490fc0189cd5fc6247,,,locally_single_deletion_minimal_sparse_mask,stage18-scaling-24a9adb84176,0,6,8650,92
True,False,2329,480,s0-step8650-f4of5-d1of2,92,2,1,10000,7671,,5,4,True,0.14864864864864866,74,11,True,valid_distinct_candidate,0.8117315373169395,478,7194,3,0,True,39,fresh_execution,valid_sparse_circuit,1742711362,67dfaa42ca1877b77a4ac184dac769ab26b5a5ae7f9609f3a7e9e37a7046e811,,,locally_single_deletion_minimal_sparse_mask,stage18-scaling-24a9adb84176,0,6,8650,92
True,False,2374,477,s0-step8650-f4of5-d1of2,92,2,1,10000,7626,,5,4,True,0.2112676056338028,71,15,True,valid_distinct_candidate,0.8046832171665753,475,7152,4,0,True,42,fresh_execution,valid_sparse_circuit,258193174,0f63b7167f4a80db8bc5dbedc5cc881f28f1216e21c46c10e953951034a5c3bc,,,locally_single_deletion_minimal_sparse_mask,stage18-scaling-24a9adb84176,0,6,8650,92
True,False,2374,477,s0-step8650-f4of5-d1of2,92,2,1,10000,7626,,5,4,True,0.2112676056338028,71,15,True,valid_distinct_candidate,0.8006108544130316,475,7152,5,0,True,42,fresh_execution,valid_sparse_circuit,2823193157,a846824530fcffce48d8fc8b0981b1e6a8b96f97baf99cd5a3c4be7cd127bcf8,,,locally_single_deletion_minimal_sparse_mask,stage18-scaling-24a9adb84176,0,6,8650,92
True,False,2344,479,s0-step8650-f4of5-d1of2,92,2,1,10000,7656,,5,4,True,0.2537313432835821,67,17,True,valid_distinct_candidate,0.8035084971415146,477,7180,6,0,True,40,fresh_execution,valid_sparse_circuit,159952722,0988af52e7d8b2b443de4cefc1a9f63e6104c8d0fec8dd563b4cc9bbb7589003,,,locally_single_deletion_minimal_sparse_mask,stage18-scaling-24a9adb84176,0,6,8650,92
False,True,0,267,s0-step8650-f4of5-d1of2,92,2,1,4259,4259,,5,4,False,0.14396887159533073,257,37,True,budget_exhaustion,1.0,267,3993,7,0,True,250,fresh_execution,budget_exhaustion,2249545991,86155907f26bd67f7c4805ab20c95bc0f4fcf53ca1bdc8e5a318934edb4afd34,,,budget_exhausted_inside_candidate_batch,stage18-scaling-24a9adb84176,0,6,8650,92
True,False,2404,475,s0-step8650-f4of5-d3of4,93,4,3,10000,7596,,5,4,True,0.0,1,0,True,valid_distinct_candidate,0.8172918787688934,473,7124,1,0,True,44,fresh_execution,valid_sparse_circuit,,,,,locally_single_deletion_minimal_sparse_mask,stage18-scaling-24a9adb84176,0,6,8650,93
True,False,2434,473,s0-step8650-f4of5-d3of4,93,4,3,10000,7566,,5,4,True,0.07142857142857142,14,1,True,valid_distinct_candidate,0.813924348030386,471,7096,2,0,True,46,fresh_execution,valid_sparse_circuit,3625141715,d81345d3f6db3849a3e3b09557957e696a68d632e161c1490fc0189cd5fc6247,,,locally_single_deletion_minimal_sparse_mask,stage18-scaling-24a9adb84176,0,6,8650,93
True,False,2329,480,s0-step8650-f4of5-d3of4,93,4,3,10000,7671,,5,4,True,0.14864864864864866,74,11,True,valid_distinct_candidate,0.8117315373169395,478,7194,3,0,True,39,fresh_execution,valid_sparse_circuit,1742711362,67dfaa42ca1877b77a4ac184dac769ab26b5a5ae7f9609f3a7e9e37a7046e811,,,locally_single_deletion_minimal_sparse_mask,stage18-scaling-24a9adb84176,0,6,8650,93
True,False,2374,477,s0-step8650-f4of5-d3of4,93,4,3,10000,7626,,5,4,True,0.2112676056338028,71,15,True,valid_distinct_candidate,0.8046832171665753,475,7152,4,0,True,42,fresh_execution,valid_sparse_circuit,258193174,0f63b7167f4a80db8bc5dbedc5cc881f28f1216e21c46c10e953951034a5c3bc,,,locally_single_deletion_minimal_sparse_mask,stage18-scaling-24a9adb84176,0,6,8650,93
True,False,2374,477,s0-step8650-f4of5-d3of4,93,4,3,10000,7626,,5,4,True,0.2112676056338028,71,15,True,valid_distinct_candidate,0.8006108544130316,475,7152,5,0,True,42,fresh_execution,valid_sparse_circuit,2823193157,a846824530fcffce48d8fc8b0981b1e6a8b96f97baf99cd5a3c4be7cd127bcf8,,,locally_single_deletion_minimal_sparse_mask,stage18-scaling-24a9adb84176,0,6,8650,93
True,False,2344,479,s0-step8650-f4of5-d3of4,93,4,3,10000,7656,,5,4,True,0.2537313432835821,67,17,True,valid_distinct_candidate,0.8035084971415146,477,7180,6,0,True,40,fresh_execution,valid_sparse_circuit,159952722,0988af52e7d8b2b443de4cefc1a9f63e6104c8d0fec8dd563b4cc9bbb7589003,,,locally_single_deletion_minimal_sparse_mask,stage18-scaling-24a9adb84176,0,6,8650,93
False,True,0,267,s0-step8650-f4of5-d3of4,93,4,3,4259,4259,,5,4,False,0.14396887159533073,257,37,True,budget_exhaustion,1.0,267,3993,7,0,True,250,fresh_execution,budget_exhaustion,2249545991,86155907f26bd67f7c4805ab20c95bc0f4fcf53ca1bdc8e5a318934edb4afd34,,,budget_exhausted_inside_candidate_batch,stage18-scaling-24a9adb84176,0,6,8650,93
True,False,2464,471,s0-step8650-f17of20-d1of4,94,4,1,10000,7536,,20,17,True,0.0,1,0,True,valid_distinct_candidate,0.859503485002741,469,7068,1,0,True,48,fresh_execution,valid_sparse_circuit,,,,,locally_single_deletion_minimal_sparse_mask,stage18-scaling-24a9adb84176,0,6,8650,94
True,False,2419,474,s0-step8650-f17of20-d1of4,94,4,1,10000,7581,,20,17,True,0.12048192771084337,83,10,True,valid_distinct_candidate,0.8589552823243793,472,7110,2,0,True,45,fresh_execution,valid_sparse_circuit,3625141715,d81345d3f6db3849a3e3b09557957e696a68d632e161c1490fc0189cd5fc6247,,,locally_single_deletion_minimal_sparse_mask,stage18-scaling-24a9adb84176,0,6,8650,94
True,False,2434,473,s0-step8650-f17of20-d1of4,94,4,1,10000,7566,,20,17,True,0.11904761904761904,42,5,True,valid_distinct_candidate,0.8692928185449135,471,7096,3,0,True,46,fresh_execution,valid_sparse_circuit,1742711362,67dfaa42ca1877b77a4ac184dac769ab26b5a5ae7f9609f3a7e9e37a7046e811,,,locally_single_deletion_minimal_sparse_mask,stage18-scaling-24a9adb84176,0,6,8650,94
True,False,2418,474,s0-step8650-f17of20-d1of4,94,4,1,10000,7582,,20,17,True,0.19736842105263158,76,15,True,valid_distinct_candidate,0.8540997728874619,471,7112,4,0,True,46,fresh_execution,valid_sparse_circuit,258193174,0f63b7167f4a80db8bc5dbedc5cc881f28f1216e21c46c10e953951034a5c3bc,,,locally_single_deletion_minimal_sparse_mask,stage18-scaling-24a9adb84176,0,6,8650,94
True,False,2388,476,s0-step8650-f17of20-d1of4,94,4,1,10000,7612,,20,17,True,0.24324324324324326,37,9,True,valid_distinct_candidate,0.8547262902341609,473,7140,5,0,True,44,fresh_execution,valid_sparse_circuit,2823193157,a846824530fcffce48d8fc8b0981b1e6a8b96f97baf99cd5a3c4be7cd127bcf8,,,locally_single_deletion_minimal_sparse_mask,stage18-scaling-24a9adb84176,0,6,8650,94
True,False,2449,472,s0-step8650-f17of20-d1of4,94,4,1,10000,7551,,20,17,True,0.20253164556962025,79,16,True,valid_distinct_candidate,0.8609914637011512,470,7082,6,0,True,47,fresh_execution,valid_sparse_circuit,159952722,0988af52e7d8b2b443de4cefc1a9f63e6104c8d0fec8dd563b4cc9bbb7589003,,,locally_single_deletion_minimal_sparse_mask,stage18-scaling-24a9adb84176,0,6,8650,94
False,True,0,286,s0-step8650-f17of20-d1of4,94,4,1,4572,4572,,20,17,False,0.16736401673640167,239,40,True,budget_exhaustion,1.0,286,4287,7,0,True,231,fresh_execution,budget_exhaustion,2249545991,86155907f26bd67f7c4805ab20c95bc0f4fcf53ca1bdc8e5a318934edb4afd34,,,budget_exhausted_inside_candidate_batch,stage18-scaling-24a9adb84176,0,6,8650,94
True,False,2464,471,s0-step8650-f17of20-d1of2,95,2,1,10000,7536,,20,17,True,0.0,1,0,True,valid_distinct_candidate,0.859503485002741,469,7068,1,0,True,48,fresh_execution,valid_sparse_circuit,,,,,locally_single_deletion_minimal_sparse_mask,stage18-scaling-24a9adb84176,0,6,8650,95
True,False,2419,474,s0-step8650-f17of20-d1of2,95,2,1,10000,7581,,20,17,True,0.12048192771084337,83,10,True,valid_distinct_candidate,0.8589552823243793,472,7110,2,0,True,45,fresh_execution,valid_sparse_circuit,3625141715,d81345d3f6db3849a3e3b09557957e696a68d632e161c1490fc0189cd5fc6247,,,locally_single_deletion_minimal_sparse_mask,stage18-scaling-24a9adb84176,0,6,8650,95
True,False,2434,473,s0-step8650-f17of20-d1of2,95,2,1,10000,7566,,20,17,True,0.11904761904761904,42,5,True,valid_distinct_candidate,0.8692928185449135,471,7096,3,0,True,46,fresh_execution,valid_sparse_circuit,1742711362,67dfaa42ca1877b77a4ac184dac769ab26b5a5ae7f9609f3a7e9e37a7046e811,,,locally_single_deletion_minimal_sparse_mask,stage18-scaling-24a9adb84176,0,6,8650,95
True,False,2418,474,s0-step8650-f17of20-d1of2,95,2,1,10000,7582,,20,17,True,0.19736842105263158,76,15,True,valid_distinct_candidate,0.8540997728874619,471,7112,4,0,True,46,fresh_execution,valid_sparse_circuit,258193174,0f63b7167f4a80db8bc5dbedc5cc881f28f1216e21c46c10e953951034a5c3bc,,,locally_single_deletion_minimal_sparse_mask,stage18-scaling-24a9adb84176,0,6,8650,95
True,False,2388,476,s0-step8650-f17of20-d1of2,95,2,1,10000,7612,,20,17,True,0.24324324324324326,37,9,True,valid_distinct_candidate,0.8547262902341609,473,7140,5,0,True,44,fresh_execution,valid_sparse_circuit,2823193157,a846824530fcffce48d8fc8b0981b1e6a8b96f97baf99cd5a3c4be7cd127bcf8,,,locally_single_deletion_minimal_sparse_mask,stage18-scaling-24a9adb84176,0,6,8650,95
True,False,2449,472,s0-step8650-f17of20-d1of2,95,2,1,10000,7551,,20,17,True,0.20253164556962025,79,16,True,valid_distinct_candidate,0.8609914637011512,470,7082,6,0,True,47,fresh_execution,valid_sparse_circuit,159952722,0988af52e7d8b2b443de4cefc1a9f63e6104c8d0fec8dd563b4cc9bbb7589003,,,locally_single_deletion_minimal_sparse_mask,stage18-scaling-24a9adb84176,0,6,8650,95
False,True,0,286,s0-step8650-f17of20-d1of2,95,2,1,4572,4572,,20,17,False,0.16736401673640167,239,40,True,budget_exhaustion,1.0,286,4287,7,0,True,231,fresh_execution,budget_exhaustion,2249545991,86155907f26bd67f7c4805ab20c95bc0f4fcf53ca1bdc8e5a318934edb4afd34,,,budget_exhausted_inside_candidate_batch,stage18-scaling-24a9adb84176,0,6,8650,95
True,False,2464,471,s0-step8650-f17of20-d3of4,96,4,3,10000,7536,,20,17,True,0.0,1,0,True,valid_distinct_candidate,0.859503485002741,469,7068,1,0,True,48,fresh_execution,valid_sparse_circuit,,,,,locally_single_deletion_minimal_sparse_mask,stage18-scaling-24a9adb84176,0,6,8650,96
True,False,2419,474,s0-step8650-f17of20-d3of4,96,4,3,10000,7581,,20,17,True,0.12048192771084337,83,10,True,valid_distinct_candidate,0.8589552823243793,472,7110,2,0,True,45,fresh_execution,valid_sparse_circuit,3625141715,d81345d3f6db3849a3e3b09557957e696a68d632e161c1490fc0189cd5fc6247,,,locally_single_deletion_minimal_sparse_mask,stage18-scaling-24a9adb84176,0,6,8650,96
True,False,2434,473,s0-step8650-f17of20-d3of4,96,4,3,10000,7566,,20,17,True,0.11904761904761904,42,5,True,valid_distinct_candidate,0.8692928185449135,471,7096,3,0,True,46,fresh_execution,valid_sparse_circuit,1742711362,67dfaa42ca1877b77a4ac184dac769ab26b5a5ae7f9609f3a7e9e37a7046e811,,,locally_single_deletion_minimal_sparse_mask,stage18-scaling-24a9adb84176,0,6,8650,96
True,False,2418,474,s0-step8650-f17of20-d3of4,96,4,3,10000,7582,,20,17,True,0.19736842105263158,76,15,True,valid_distinct_candidate,0.8540997728874619,471,7112,4,0,True,46,fresh_execution,valid_sparse_circuit,258193174,0f63b7167f4a80db8bc5dbedc5cc881f28f1216e21c46c10e953951034a5c3bc,,,locally_single_deletion_minimal_sparse_mask,stage18-scaling-24a9adb84176,0,6,8650,96
True,False,2388,476,s0-step8650-f17of20-d3of4,96,4,3,10000,7612,,20,17,True,0.24324324324324326,37,9,True,valid_distinct_candidate,0.8547262902341609,473,7140,5,0,True,44,fresh_execution,valid_sparse_circuit,2823193157,a846824530fcffce48d8fc8b0981b1e6a8b96f97baf99cd5a3c4be7cd127bcf8,,,locally_single_deletion_minimal_sparse_mask,stage18-scaling-24a9adb84176,0,6,8650,96
True,False,2449,472,s0-step8650-f17of20-d3of4,96,4,3,10000,7551,,20,17,True,0.20253164556962025,79,16,True,valid_distinct_candidate,0.8609914637011512,470,7082,6,0,True,47,fresh_execution,valid_sparse_circuit,159952722,0988af52e7d8b2b443de4cefc1a9f63e6104c8d0fec8dd563b4cc9bbb7589003,,,locally_single_deletion_minimal_sparse_mask,stage18-scaling-24a9adb84176,0,6,8650,96
False,True,0,286,s0-step8650-f17of20-d3of4,96,4,3,4572,4572,,20,17,False,0.16736401673640167,239,40,True,budget_exhaustion,1.0,286,4287,7,0,True,231,fresh_execution,budget_exhaustion,2249545991,86155907f26bd67f7c4805ab20c95bc0f4fcf53ca1bdc8e5a318934edb4afd34,,,budget_exhausted_inside_candidate_batch,stage18-scaling-24a9adb84176,0,6,8650,96
True,False,2509,469,s0-step8650-f9of10-d1of4,97,4,1,10000,7491,,10,9,True,0.0,1,0,True,valid_distinct_candidate,0.9055525099851202,466,7026,1,0,True,51,fresh_execution,valid_sparse_circuit,,,,,locally_single_deletion_minimal_sparse_mask,stage18-scaling-24a9adb84176,0,6,8650,97
True,False,2464,471,s0-step8650-f9of10-d1of4,97,4,1,10000,7536,,10,9,True,0.1,10,1,True,valid_distinct_candidate,0.9020283499099381,469,7068,2,0,True,48,fresh_execution,valid_sparse_circuit,3625141715,d81345d3f6db3849a3e3b09557957e696a68d632e161c1490fc0189cd5fc6247,,,locally_single_deletion_minimal_sparse_mask,stage18-scaling-24a9adb84176,0,6,8650,97
True,False,2464,471,s0-step8650-f9of10-d1of4,97,4,1,10000,7536,,10,9,True,0.13793103448275862,29,4,True,valid_distinct_candidate,0.9027331819249745,469,7068,3,0,True,48,fresh_execution,valid_sparse_circuit,1742711362,67dfaa42ca1877b77a4ac184dac769ab26b5a5ae7f9609f3a7e9e37a7046e811,,,locally_single_deletion_minimal_sparse_mask,stage18-scaling-24a9adb84176,0,6,8650,97
True,False,2509,469,s0-step8650-f9of10-d1of4,97,4,1,10000,7491,,10,9,True,0.21428571428571427,14,3,True,valid_distinct_candidate,0.9054741953167829,466,7026,4,0,True,51,fresh_execution,valid_sparse_circuit,258193174,0f63b7167f4a80db8bc5dbedc5cc881f28f1216e21c46c10e953951034a5c3bc,,,locally_single_deletion_minimal_sparse_mask,stage18-scaling-24a9adb84176,0,6,8650,97
True,False,2464,471,s0-step8650-f9of10-d1of4,97,4,1,10000,7536,,10,9,True,0.2073170731707317,82,17,True,valid_distinct_candidate,0.9039862166183726,469,7068,5,0,True,48,fresh_execution,valid_sparse_circuit,2823193157,a846824530fcffce48d8fc8b0981b1e6a8b96f97baf99cd5a3c4be7cd127bcf8,,,locally_single_deletion_minimal_sparse_mask,stage18-scaling-24a9adb84176,0,6,8650,97
True,False,2464,471,s0-step8650-f9of10-d1of4,97,4,1,10000,7536,,10,9,True,0.23076923076923078,13,3,True,valid_distinct_candidate,0.9030464405983241,469,7068,6,0,True,48,fresh_execution,valid_sparse_circuit,159952722,0988af52e7d8b2b443de4cefc1a9f63e6104c8d0fec8dd563b4cc9bbb7589003,,,locally_single_deletion_minimal_sparse_mask,stage18-scaling-24a9adb84176,0,6,8650,97
False,True,0,305,s0-step8650-f9of10-d1of4,97,4,1,4874,4874,,10,9,False,0.15555555555555556,45,7,True,budget_exhaustion,1.0,305,4570,7,0,True,212,fresh_execution,budget_exhaustion,2249545991,86155907f26bd67f7c4805ab20c95bc0f4fcf53ca1bdc8e5a318934edb4afd34,,,budget_exhausted_inside_candidate_batch,stage18-scaling-24a9adb84176,0,6,8650,97
True,False,2509,469,s0-step8650-f9of10-d1of2,98,2,1,10000,7491,,10,9,True,0.0,1,0,True,valid_distinct_candidate,0.9055525099851202,466,7026,1,0,True,51,fresh_execution,valid_sparse_circuit,,,,,locally_single_deletion_minimal_sparse_mask,stage18-scaling-24a9adb84176,0,6,8650,98
True,False,2464,471,s0-step8650-f9of10-d1of2,98,2,1,10000,7536,,10,9,True,0.1,10,1,True,valid_distinct_candidate,0.9020283499099381,469,7068,2,0,True,48,fresh_execution,valid_sparse_circuit,3625141715,d81345d3f6db3849a3e3b09557957e696a68d632e161c1490fc0189cd5fc6247,,,locally_single_deletion_minimal_sparse_mask,stage18-scaling-24a9adb84176,0,6,8650,98
True,False,2464,471,s0-step8650-f9of10-d1of2,98,2,1,10000,7536,,10,9,True,0.13793103448275862,29,4,True,valid_distinct_candidate,0.9027331819249745,469,7068,3,0,True,48,fresh_execution,valid_sparse_circuit,1742711362,67dfaa42ca1877b77a4ac184dac769ab26b5a5ae7f9609f3a7e9e37a7046e811,,,locally_single_deletion_minimal_sparse_mask,stage18-scaling-24a9adb84176,0,6,8650,98
True,False,2509,469,s0-step8650-f9of10-d1of2,98,2,1,10000,7491,,10,9,True,0.21428571428571427,14,3,True,valid_distinct_candidate,0.9054741953167829,466,7026,4,0,True,51,fresh_execution,valid_sparse_circuit,258193174,0f63b7167f4a80db8bc5dbedc5cc881f28f1216e21c46c10e953951034a5c3bc,,,locally_single_deletion_minimal_sparse_mask,stage18-scaling-24a9adb84176,0,6,8650,98
True,False,2464,471,s0-step8650-f9of10-d1of2,98,2,1,10000,7536,,10,9,True,0.2073170731707317,82,17,True,valid_distinct_candidate,0.9039862166183726,469,7068,5,0,True,48,fresh_execution,valid_sparse_circuit,2823193157,a846824530fcffce48d8fc8b0981b1e6a8b96f97baf99cd5a3c4be7cd127bcf8,,,locally_single_deletion_minimal_sparse_mask,stage18-scaling-24a9adb84176,0,6,8650,98
True,False,2464,471,s0-step8650-f9of10-d1of2,98,2,1,10000,7536,,10,9,True,0.23076923076923078,13,3,True,valid_distinct_candidate,0.9030464405983241,469,7068,6,0,True,48,fresh_execution,valid_sparse_circuit,159952722,0988af52e7d8b2b443de4cefc1a9f63e6104c8d0fec8dd563b4cc9bbb7589003,,,locally_single_deletion_minimal_sparse_mask,stage18-scaling-24a9adb84176,0,6,8650,98
False,True,0,305,s0-step8650-f9of10-d1of2,98,2,1,4874,4874,,10,9,False,0.15555555555555556,45,7,True,budget_exhaustion,1.0,305,4570,7,0,True,212,fresh_execution,budget_exhaustion,2249545991,86155907f26bd67f7c4805ab20c95bc0f4fcf53ca1bdc8e5a318934edb4afd34,,,budget_exhausted_inside_candidate_batch,stage18-scaling-24a9adb84176,0,6,8650,98
True,False,2509,469,s0-step8650-f9of10-d3of4,99,4,3,10000,7491,,10,9,True,0.0,1,0,True,valid_distinct_candidate,0.9055525099851202,466,7026,1,0,True,51,fresh_execution,valid_sparse_circuit,,,,,locally_single_deletion_minimal_sparse_mask,stage18-scaling-24a9adb84176,0,6,8650,99
True,False,2464,471,s0-step8650-f9of10-d3of4,99,4,3,10000,7536,,10,9,True,0.1,10,1,True,valid_distinct_candidate,0.9020283499099381,469,7068,2,0,True,48,fresh_execution,valid_sparse_circuit,3625141715,d81345d3f6db3849a3e3b09557957e696a68d632e161c1490fc0189cd5fc6247,,,locally_single_deletion_minimal_sparse_mask,stage18-scaling-24a9adb84176,0,6,8650,99
True,False,2464,471,s0-step8650-f9of10-d3of4,99,4,3,10000,7536,,10,9,True,0.13793103448275862,29,4,True,valid_distinct_candidate,0.9027331819249745,469,7068,3,0,True,48,fresh_execution,valid_sparse_circuit,1742711362,67dfaa42ca1877b77a4ac184dac769ab26b5a5ae7f9609f3a7e9e37a7046e811,,,locally_single_deletion_minimal_sparse_mask,stage18-scaling-24a9adb84176,0,6,8650,99
True,False,2509,469,s0-step8650-f9of10-d3of4,99,4,3,10000,7491,,10,9,True,0.21428571428571427,14,3,True,valid_distinct_candidate,0.9054741953167829,466,7026,4,0,True,51,fresh_execution,valid_sparse_circuit,258193174,0f63b7167f4a80db8bc5dbedc5cc881f28f1216e21c46c10e953951034a5c3bc,,,locally_single_deletion_minimal_sparse_mask,stage18-scaling-24a9adb84176,0,6,8650,99
True,False,2464,471,s0-step8650-f9of10-d3of4,99,4,3,10000,7536,,10,9,True,0.2073170731707317,82,17,True,valid_distinct_candidate,0.9039862166183726,469,7068,5,0,True,48,fresh_execution,valid_sparse_circuit,2823193157,a846824530fcffce48d8fc8b0981b1e6a8b96f97baf99cd5a3c4be7cd127bcf8,,,locally_single_deletion_minimal_sparse_mask,stage18-scaling-24a9adb84176,0,6,8650,99
True,False,2464,471,s0-step8650-f9of10-d3of4,99,4,3,10000,7536,,10,9,True,0.23076923076923078,13,3,True,valid_distinct_candidate,0.9030464405983241,469,7068,6,0,True,48,fresh_execution,valid_sparse_circuit,159952722,0988af52e7d8b2b443de4cefc1a9f63e6104c8d0fec8dd563b4cc9bbb7589003,,,locally_single_deletion_minimal_sparse_mask,stage18-scaling-24a9adb84176,0,6,8650,99
False,True,0,305,s0-step8650-f9of10-d3of4,99,4,3,4874,4874,,10,9,False,0.15555555555555556,45,7,True,budget_exhaustion,1.0,305,4570,7,0,True,212,fresh_execution,budget_exhaustion,2249545991,86155907f26bd67f7c4805ab20c95bc0f4fcf53ca1bdc8e5a318934edb4afd34,,,budget_exhausted_inside_candidate_batch,stage18-scaling-24a9adb84176,0,6,8650,99
True,False,2614,462,s0-step8650-f19of20-d1of4,100,4,1,10000,7386,,20,19,True,0.0,1,0,True,valid_distinct_candidate,0.9526196256558853,459,6928,1,0,True,58,fresh_execution,valid_sparse_circuit,,,,,locally_single_deletion_minimal_sparse_mask,stage18-scaling-24a9adb84176,0,6,8650,100
True,False,2599,463,s0-step8650-f19of20-d1of4,100,4,1,10000,7401,,20,19,True,0.09523809523809523,21,2,True,valid_distinct_candidate,0.9505834442791135,460,6942,2,0,True,57,fresh_execution,valid_sparse_circuit,3625141715,d81345d3f6db3849a3e3b09557957e696a68d632e161c1490fc0189cd5fc6247,,,locally_single_deletion_minimal_sparse_mask,stage18-scaling-24a9adb84176,0,6,8650,100
True,False,2614,462,s0-step8650-f19of20-d1of4,100,4,1,10000,7386,,20,19,True,0.12745098039215685,102,13,True,valid_distinct_candidate,0.9550473803743441,459,6928,3,0,True,58,fresh_execution,valid_sparse_circuit,1742711362,67dfaa42ca1877b77a4ac184dac769ab26b5a5ae7f9609f3a7e9e37a7046e811,,,locally_single_deletion_minimal_sparse_mask,stage18-scaling-24a9adb84176,0,6,8650,100
True,False,2539,467,s0-step8650-f19of20-d1of4,100,4,1,10000,7461,,20,19,True,0.15789473684210525,19,3,True,valid_distinct_candidate,0.9571618764194534,464,6998,4,0,True,53,fresh_execution,valid_sparse_circuit,258193174,0f63b7167f4a80db8bc5dbedc5cc881f28f1216e21c46c10e953951034a5c3bc,,,locally_single_deletion_minimal_sparse_mask,stage18-scaling-24a9adb84176,0,6,8650,100
True,False,2629,461,s0-step8650-f19of20-d1of4,100,4,1,10000,7371,,20,19,True,0.19387755102040816,98,19,True,valid_distinct_candidate,0.9547341217009946,458,6914,5,0,True,59,fresh_execution,valid_sparse_circuit,2823193157,a846824530fcffce48d8fc8b0981b1e6a8b96f97baf99cd5a3c4be7cd127bcf8,,,locally_single_deletion_minimal_sparse_mask,stage18-scaling-24a9adb84176,0,6,8650,100
True,False,2554,466,s0-step8650-f19of20-d1of4,100,4,1,10000,7446,,20,19,True,0.23333333333333334,30,7,True,valid_distinct_candidate,0.951914793640849,463,6984,6,0,True,54,fresh_execution,valid_sparse_circuit,159952722,0988af52e7d8b2b443de4cefc1a9f63e6104c8d0fec8dd563b4cc9bbb7589003,,,locally_single_deletion_minimal_sparse_mask,stage18-scaling-24a9adb84176,0,6,8650,100
False,True,0,347,s0-step8650-f19of20-d1of4,100,4,1,5549,5549,,20,19,False,0.22580645161290322,31,7,True,budget_exhaustion,1.0,347,5203,7,0,True,170,fresh_execution,budget_exhaustion,2249545991,86155907f26bd67f7c4805ab20c95bc0f4fcf53ca1bdc8e5a318934edb4afd34,,,budget_exhausted_inside_candidate_batch,stage18-scaling-24a9adb84176,0,6,8650,100
True,False,2614,462,s0-step8650-f19of20-d1of2,101,2,1,10000,7386,,20,19,True,0.0,1,0,True,valid_distinct_candidate,0.9526196256558853,459,6928,1,0,True,58,fresh_execution,valid_sparse_circuit,,,,,locally_single_deletion_minimal_sparse_mask,stage18-scaling-24a9adb84176,0,6,8650,101
True,False,2599,463,s0-step8650-f19of20-d1of2,101,2,1,10000,7401,,20,19,True,0.09523809523809523,21,2,True,valid_distinct_candidate,0.9505834442791135,460,6942,2,0,True,57,fresh_execution,valid_sparse_circuit,3625141715,d81345d3f6db3849a3e3b09557957e696a68d632e161c1490fc0189cd5fc6247,,,locally_single_deletion_minimal_sparse_mask,stage18-scaling-24a9adb84176,0,6,8650,101
True,False,2614,462,s0-step8650-f19of20-d1of2,101,2,1,10000,7386,,20,19,True,0.12745098039215685,102,13,True,valid_distinct_candidate,0.9550473803743441,459,6928,3,0,True,58,fresh_execution,valid_sparse_circuit,1742711362,67dfaa42ca1877b77a4ac184dac769ab26b5a5ae7f9609f3a7e9e37a7046e811,,,locally_single_deletion_minimal_sparse_mask,stage18-scaling-24a9adb84176,0,6,8650,101
True,False,2539,467,s0-step8650-f19of20-d1of2,101,2,1,10000,7461,,20,19,True,0.15789473684210525,19,3,True,valid_distinct_candidate,0.9571618764194534,464,6998,4,0,True,53,fresh_execution,valid_sparse_circuit,258193174,0f63b7167f4a80db8bc5dbedc5cc881f28f1216e21c46c10e953951034a5c3bc,,,locally_single_deletion_minimal_sparse_mask,stage18-scaling-24a9adb84176,0,6,8650,101
True,False,2629,461,s0-step8650-f19of20-d1of2,101,2,1,10000,7371,,20,19,True,0.19387755102040816,98,19,True,valid_distinct_candidate,0.9547341217009946,458,6914,5,0,True,59,fresh_execution,valid_sparse_circuit,2823193157,a846824530fcffce48d8fc8b0981b1e6a8b96f97baf99cd5a3c4be7cd127bcf8,,,locally_single_deletion_minimal_sparse_mask,stage18-scaling-24a9adb84176,0,6,8650,101
True,False,2554,466,s0-step8650-f19of20-d1of2,101,2,1,10000,7446,,20,19,True,0.23333333333333334,30,7,True,valid_distinct_candidate,0.951914793640849,463,6984,6,0,True,54,fresh_execution,valid_sparse_circuit,159952722,0988af52e7d8b2b443de4cefc1a9f63e6104c8d0fec8dd563b4cc9bbb7589003,,,locally_single_deletion_minimal_sparse_mask,stage18-scaling-24a9adb84176,0,6,8650,101
False,True,0,347,s0-step8650-f19of20-d1of2,101,2,1,5549,5549,,20,19,False,0.22580645161290322,31,7,True,budget_exhaustion,1.0,347,5203,7,0,True,170,fresh_execution,budget_exhaustion,2249545991,86155907f26bd67f7c4805ab20c95bc0f4fcf53ca1bdc8e5a318934edb4afd34,,,budget_exhausted_inside_candidate_batch,stage18-scaling-24a9adb84176,0,6,8650,101
True,False,2614,462,s0-step8650-f19of20-d3of4,102,4,3,10000,7386,,20,19,True,0.0,1,0,True,valid_distinct_candidate,0.9526196256558853,459,6928,1,0,True,58,fresh_execution,valid_sparse_circuit,,,,,locally_single_deletion_minimal_sparse_mask,stage18-scaling-24a9adb84176,0,6,8650,102
True,False,2599,463,s0-step8650-f19of20-d3of4,102,4,3,10000,7401,,20,19,True,0.09523809523809523,21,2,True,valid_distinct_candidate,0.9505834442791135,460,6942,2,0,True,57,fresh_execution,valid_sparse_circuit,3625141715,d81345d3f6db3849a3e3b09557957e696a68d632e161c1490fc0189cd5fc6247,,,locally_single_deletion_minimal_sparse_mask,stage18-scaling-24a9adb84176,0,6,8650,102
True,False,2614,462,s0-step8650-f19of20-d3of4,102,4,3,10000,7386,,20,19,True,0.12745098039215685,102,13,True,valid_distinct_candidate,0.9550473803743441,459,6928,3,0,True,58,fresh_execution,valid_sparse_circuit,1742711362,67dfaa42ca1877b77a4ac184dac769ab26b5a5ae7f9609f3a7e9e37a7046e811,,,locally_single_deletion_minimal_sparse_mask,stage18-scaling-24a9adb84176,0,6,8650,102
True,False,2539,467,s0-step8650-f19of20-d3of4,102,4,3,10000,7461,,20,19,True,0.15789473684210525,19,3,True,valid_distinct_candidate,0.9571618764194534,464,6998,4,0,True,53,fresh_execution,valid_sparse_circuit,258193174,0f63b7167f4a80db8bc5dbedc5cc881f28f1216e21c46c10e953951034a5c3bc,,,locally_single_deletion_minimal_sparse_mask,stage18-scaling-24a9adb84176,0,6,8650,102
True,False,2629,461,s0-step8650-f19of20-d3of4,102,4,3,10000,7371,,20,19,True,0.19387755102040816,98,19,True,valid_distinct_candidate,0.9547341217009946,458,6914,5,0,True,59,fresh_execution,valid_sparse_circuit,2823193157,a846824530fcffce48d8fc8b0981b1e6a8b96f97baf99cd5a3c4be7cd127bcf8,,,locally_single_deletion_minimal_sparse_mask,stage18-scaling-24a9adb84176,0,6,8650,102
True,False,2554,466,s0-step8650-f19of20-d3of4,102,4,3,10000,7446,,20,19,True,0.23333333333333334,30,7,True,valid_distinct_candidate,0.951914793640849,463,6984,6,0,True,54,fresh_execution,valid_sparse_circuit,159952722,0988af52e7d8b2b443de4cefc1a9f63e6104c8d0fec8dd563b4cc9bbb7589003,,,locally_single_deletion_minimal_sparse_mask,stage18-scaling-24a9adb84176,0,6,8650,102
False,True,0,347,s0-step8650-f19of20-d3of4,102,4,3,5549,5549,,20,19,False,0.22580645161290322,31,7,True,budget_exhaustion,1.0,347,5203,7,0,True,170,fresh_execution,budget_exhaustion,2249545991,86155907f26bd67f7c4805ab20c95bc0f4fcf53ca1bdc8e5a318934edb4afd34,,,budget_exhausted_inside_candidate_batch,stage18-scaling-24a9adb84176,0,6,8650,102
True,False,2719,456,s0-step8650-f39of40-d1of4,103,4,1,10000,7281,,40,39,True,0.0,1,0,True,valid_distinct_candidate,0.9790116688855822,452,6830,1,0,True,65,fresh_execution,valid_sparse_circuit,,,,,locally_single_deletion_minimal_sparse_mask,stage18-scaling-24a9adb84176,0,6,8650,103
True,False,2719,456,s0-step8650-f39of40-d1of4,103,4,1,10000,7281,,40,39,True,0.09243697478991597,119,11,True,valid_distinct_candidate,0.9788550395489075,452,6830,2,0,True,65,fresh_execution,valid_sparse_circuit,3625141715,d81345d3f6db3849a3e3b09557957e696a68d632e161c1490fc0189cd5fc6247,,,locally_single_deletion_minimal_sparse_mask,stage18-scaling-24a9adb84176,0,6,8650,103
True,False,2658,459,s0-step8650-f39of40-d1of4,103,4,1,10000,7342,,40,39,True,0.1651376146788991,109,18,True,valid_distinct_candidate,0.9757224528154124,455,6888,3,0,True,62,fresh_execution,valid_sparse_circuit,1742711362,67dfaa42ca1877b77a4ac184dac769ab26b5a5ae7f9609f3a7e9e37a7046e811,,,locally_single_deletion_minimal_sparse_mask,stage18-scaling-24a9adb84176,0,6,8650,103
True,False,2689,457,s0-step8650-f39of40-d1of4,103,4,1,10000,7311,,40,39,True,0.18518518518518517,27,5,True,valid_distinct_candidate,0.9772104315138226,454,6858,4,0,True,63,fresh_execution,valid_sparse_circuit,258193174,0f63b7167f4a80db8bc5dbedc5cc881f28f1216e21c46c10e953951034a5c3bc,,,locally_single_deletion_minimal_sparse_mask,stage18-scaling-24a9adb84176,0,6,8650,103
True,False,2674,458,s0-step8650-f39of40-d1of4,103,4,1,10000,7326,,40,39,True,0.1792452830188679,106,19,True,valid_distinct_candidate,0.9772104315138226,455,6872,5,0,True,62,fresh_execution,valid_sparse_circuit,2823193157,a846824530fcffce48d8fc8b0981b1e6a8b96f97baf99cd5a3c4be7cd127bcf8,,,locally_single_deletion_minimal_sparse_mask,stage18-scaling-24a9adb84176,0,6,8650,103
True,False,2674,458,s0-step8650-f39of40-d1of4,103,4,1,10000,7326,,40,39,True,0.17592592592592593,108,19,True,valid_distinct_candidate,0.9757224528154124,455,6872,6,0,True,62,fresh_execution,valid_sparse_circuit,159952722,0988af52e7d8b2b443de4cefc1a9f63e6104c8d0fec8dd563b4cc9bbb7589003,,,locally_single_deletion_minimal_sparse_mask,stage18-scaling-24a9adb84176,0,6,8650,103
False,True,0,384,s0-step8650-f39of40-d1of4,103,4,1,6133,6133,,40,39,False,0.2,5,1,True,budget_exhaustion,0.9997650559949879,384,5750,7,0,True,133,fresh_execution,budget_exhaustion,2249545991,86155907f26bd67f7c4805ab20c95bc0f4fcf53ca1bdc8e5a318934edb4afd34,,,budget_exhausted_inside_candidate_batch,stage18-scaling-24a9adb84176,0,6,8650,103
True,False,2719,456,s0-step8650-f39of40-d1of2,104,2,1,10000,7281,,40,39,True,0.0,1,0,True,valid_distinct_candidate,0.9790116688855822,452,6830,1,0,True,65,fresh_execution,valid_sparse_circuit,,,,,locally_single_deletion_minimal_sparse_mask,stage18-scaling-24a9adb84176,0,6,8650,104
True,False,2719,456,s0-step8650-f39of40-d1of2,104,2,1,10000,7281,,40,39,True,0.09243697478991597,119,11,True,valid_distinct_candidate,0.9788550395489075,452,6830,2,0,True,65,fresh_execution,valid_sparse_circuit,3625141715,d81345d3f6db3849a3e3b09557957e696a68d632e161c1490fc0189cd5fc6247,,,locally_single_deletion_minimal_sparse_mask,stage18-scaling-24a9adb84176,0,6,8650,104
True,False,2658,459,s0-step8650-f39of40-d1of2,104,2,1,10000,7342,,40,39,True,0.1651376146788991,109,18,True,valid_distinct_candidate,0.9757224528154124,455,6888,3,0,True,62,fresh_execution,valid_sparse_circuit,1742711362,67dfaa42ca1877b77a4ac184dac769ab26b5a5ae7f9609f3a7e9e37a7046e811,,,locally_single_deletion_minimal_sparse_mask,stage18-scaling-24a9adb84176,0,6,8650,104
True,False,2689,457,s0-step8650-f39of40-d1of2,104,2,1,10000,7311,,40,39,True,0.18518518518518517,27,5,True,valid_distinct_candidate,0.9772104315138226,454,6858,4,0,True,63,fresh_execution,valid_sparse_circuit,258193174,0f63b7167f4a80db8bc5dbedc5cc881f28f1216e21c46c10e953951034a5c3bc,,,locally_single_deletion_minimal_sparse_mask,stage18-scaling-24a9adb84176,0,6,8650,104
True,False,2674,458,s0-step8650-f39of40-d1of2,104,2,1,10000,7326,,40,39,True,0.1792452830188679,106,19,True,valid_distinct_candidate,0.9772104315138226,455,6872,5,0,True,62,fresh_execution,valid_sparse_circuit,2823193157,a846824530fcffce48d8fc8b0981b1e6a8b96f97baf99cd5a3c4be7cd127bcf8,,,locally_single_deletion_minimal_sparse_mask,stage18-scaling-24a9adb84176,0,6,8650,104
True,False,2674,458,s0-step8650-f39of40-d1of2,104,2,1,10000,7326,,40,39,True,0.17592592592592593,108,19,True,valid_distinct_candidate,0.9757224528154124,455,6872,6,0,True,62,fresh_execution,valid_sparse_circuit,159952722,0988af52e7d8b2b443de4cefc1a9f63e6104c8d0fec8dd563b4cc9bbb7589003,,,locally_single_deletion_minimal_sparse_mask,stage18-scaling-24a9adb84176,0,6,8650,104
False,True,0,384,s0-step8650-f39of40-d1of2,104,2,1,6133,6133,,40,39,False,0.2,5,1,True,budget_exhaustion,0.9997650559949879,384,5750,7,0,True,133,fresh_execution,budget_exhaustion,2249545991,86155907f26bd67f7c4805ab20c95bc0f4fcf53ca1bdc8e5a318934edb4afd34,,,budget_exhausted_inside_candidate_batch,stage18-scaling-24a9adb84176,0,6,8650,104
True,False,2719,456,s0-step8650-f39of40-d3of4,105,4,3,10000,7281,,40,39,True,0.0,1,0,True,valid_distinct_candidate,0.9790116688855822,452,6830,1,0,True,65,fresh_execution,valid_sparse_circuit,,,,,locally_single_deletion_minimal_sparse_mask,stage18-scaling-24a9adb84176,0,6,8650,105
True,False,2719,456,s0-step8650-f39of40-d3of4,105,4,3,10000,7281,,40,39,True,0.09243697478991597,119,11,True,valid_distinct_candidate,0.9788550395489075,452,6830,2,0,True,65,fresh_execution,valid_sparse_circuit,3625141715,d81345d3f6db3849a3e3b09557957e696a68d632e161c1490fc0189cd5fc6247,,,locally_single_deletion_minimal_sparse_mask,stage18-scaling-24a9adb84176,0,6,8650,105
True,False,2658,459,s0-step8650-f39of40-d3of4,105,4,3,10000,7342,,40,39,True,0.1651376146788991,109,18,True,valid_distinct_candidate,0.9757224528154124,455,6888,3,0,True,62,fresh_execution,valid_sparse_circuit,1742711362,67dfaa42ca1877b77a4ac184dac769ab26b5a5ae7f9609f3a7e9e37a7046e811,,,locally_single_deletion_minimal_sparse_mask,stage18-scaling-24a9adb84176,0,6,8650,105
True,False,2689,457,s0-step8650-f39of40-d3of4,105,4,3,10000,7311,,40,39,True,0.18518518518518517,27,5,True,valid_distinct_candidate,0.9772104315138226,454,6858,4,0,True,63,fresh_execution,valid_sparse_circuit,258193174,0f63b7167f4a80db8bc5dbedc5cc881f28f1216e21c46c10e953951034a5c3bc,,,locally_single_deletion_minimal_sparse_mask,stage18-scaling-24a9adb84176,0,6,8650,105
True,False,2674,458,s0-step8650-f39of40-d3of4,105,4,3,10000,7326,,40,39,True,0.1792452830188679,106,19,True,valid_distinct_candidate,0.9772104315138226,455,6872,5,0,True,62,fresh_execution,valid_sparse_circuit,2823193157,a846824530fcffce48d8fc8b0981b1e6a8b96f97baf99cd5a3c4be7cd127bcf8,,,locally_single_deletion_minimal_sparse_mask,stage18-scaling-24a9adb84176,0,6,8650,105
True,False,2674,458,s0-step8650-f39of40-d3of4,105,4,3,10000,7326,,40,39,True,0.17592592592592593,108,19,True,valid_distinct_candidate,0.9757224528154124,455,6872,6,0,True,62,fresh_execution,valid_sparse_circuit,159952722,0988af52e7d8b2b443de4cefc1a9f63e6104c8d0fec8dd563b4cc9bbb7589003,,,locally_single_deletion_minimal_sparse_mask,stage18-scaling-24a9adb84176,0,6,8650,105
False,True,0,384,s0-step8650-f39of40-d3of4,105,4,3,6133,6133,,40,39,False,0.2,5,1,True,budget_exhaustion,0.9997650559949879,384,5750,7,0,True,133,fresh_execution,budget_exhaustion,2249545991,86155907f26bd67f7c4805ab20c95bc0f4fcf53ca1bdc8e5a318934edb4afd34,,,budget_exhausted_inside_candidate_batch,stage18-scaling-24a9adb84176,0,6,8650,105
True,False,2778,452,s0-step8650-f99of100-d1of4,106,4,1,10000,7222,,100,99,True,0.0,1,0,True,valid_distinct_candidate,0.9912287571462135,447,6776,1,0,True,70,fresh_execution,valid_sparse_circuit,,,,,locally_single_deletion_minimal_sparse_mask,stage18-scaling-24a9adb84176,0,6,8650,106
True,False,2793,451,s0-step8650-f99of100-d1of4,106,4,1,10000,7207,,100,99,True,0.1015625,128,13,True,valid_distinct_candidate,0.9906805544678519,446,6762,2,0,True,71,fresh_execution,valid_sparse_circuit,3625141715,d81345d3f6db3849a3e3b09557957e696a68d632e161c1490fc0189cd5fc6247,,,locally_single_deletion_minimal_sparse_mask,stage18-scaling-24a9adb84176,0,6,8650,106
True,False,2852,447,s0-step8650-f99of100-d1of4,106,4,1,10000,7148,,100,99,True,0.13076923076923078,130,17,True,valid_distinct_candidate,0.9903672957945023,441,6708,3,0,True,76,fresh_execution,valid_sparse_circuit,1742711362,67dfaa42ca1877b77a4ac184dac769ab26b5a5ae7f9609f3a7e9e37a7046e811,,,locally_single_deletion_minimal_sparse_mask,stage18-scaling-24a9adb84176,0,6,8650,106
True,False,2823,449,s0-step8650-f99of100-d1of4,106,4,1,10000,7177,,100,99,True,0.1532258064516129,124,19,True,valid_distinct_candidate,0.9908371838045266,444,6734,4,0,True,73,fresh_execution,valid_sparse_circuit,258193174,0f63b7167f4a80db8bc5dbedc5cc881f28f1216e21c46c10e953951034a5c3bc,,,locally_single_deletion_minimal_sparse_mask,stage18-scaling-24a9adb84176,0,6,8650,106
True,False,2869,446,s0-step8650-f99of100-d1of4,106,4,1,10000,7131,,100,99,True,0.15625,32,5,True,valid_distinct_candidate,0.9902106664578275,442,6690,5,0,True,75,fresh_execution,valid_sparse_circuit,2823193157,a846824530fcffce48d8fc8b0981b1e6a8b96f97baf99cd5a3c4be7cd127bcf8,,,locally_single_deletion_minimal_sparse_mask,stage18-scaling-24a9adb84176,0,6,8650,106
True,False,2929,442,s0-step8650-f99of100-d1of4,106,4,1,10000,7071,,100,99,True,0.23140495867768596,121,28,True,valid_distinct_candidate,0.9900540371211528,438,6634,6,0,True,79,fresh_execution,valid_sparse_circuit,159952722,0988af52e7d8b2b443de4cefc1a9f63e6104c8d0fec8dd563b4cc9bbb7589003,,,locally_single_deletion_minimal_sparse_mask,stage18-scaling-24a9adb84176,0,6,8650,106
False,True,0,441,s0-step8650-f99of100-d1of4,106,4,1,7044,7044,,100,99,False,0.24786324786324787,117,29,True,budget_exhaustion,0.9903672957945023,441,6604,7,0,True,76,fresh_execution,budget_exhaustion,2249545991,86155907f26bd67f7c4805ab20c95bc0f4fcf53ca1bdc8e5a318934edb4afd34,,,budget_exhausted_inside_candidate_batch,stage18-scaling-24a9adb84176,0,6,8650,106
True,False,2778,452,s0-step8650-f99of100-d1of2,107,2,1,10000,7222,,100,99,True,0.0,1,0,True,valid_distinct_candidate,0.9912287571462135,447,6776,1,0,True,70,fresh_execution,valid_sparse_circuit,,,,,locally_single_deletion_minimal_sparse_mask,stage18-scaling-24a9adb84176,0,6,8650,107
True,False,2793,451,s0-step8650-f99of100-d1of2,107,2,1,10000,7207,,100,99,True,0.1015625,128,13,True,valid_distinct_candidate,0.9906805544678519,446,6762,2,0,True,71,fresh_execution,valid_sparse_circuit,3625141715,d81345d3f6db3849a3e3b09557957e696a68d632e161c1490fc0189cd5fc6247,,,locally_single_deletion_minimal_sparse_mask,stage18-scaling-24a9adb84176,0,6,8650,107
True,False,2852,447,s0-step8650-f99of100-d1of2,107,2,1,10000,7148,,100,99,True,0.13076923076923078,130,17,True,valid_distinct_candidate,0.9903672957945023,441,6708,3,0,True,76,fresh_execution,valid_sparse_circuit,1742711362,67dfaa42ca1877b77a4ac184dac769ab26b5a5ae7f9609f3a7e9e37a7046e811,,,locally_single_deletion_minimal_sparse_mask,stage18-scaling-24a9adb84176,0,6,8650,107
True,False,2823,449,s0-step8650-f99of100-d1of2,107,2,1,10000,7177,,100,99,True,0.1532258064516129,124,19,True,valid_distinct_candidate,0.9908371838045266,444,6734,4,0,True,73,fresh_execution,valid_sparse_circuit,258193174,0f63b7167f4a80db8bc5dbedc5cc881f28f1216e21c46c10e953951034a5c3bc,,,locally_single_deletion_minimal_sparse_mask,stage18-scaling-24a9adb84176,0,6,8650,107
True,False,2869,446,s0-step8650-f99of100-d1of2,107,2,1,10000,7131,,100,99,True,0.15625,32,5,True,valid_distinct_candidate,0.9902106664578275,442,6690,5,0,True,75,fresh_execution,valid_sparse_circuit,2823193157,a846824530fcffce48d8fc8b0981b1e6a8b96f97baf99cd5a3c4be7cd127bcf8,,,locally_single_deletion_minimal_sparse_mask,stage18-scaling-24a9adb84176,0,6,8650,107
True,False,2929,442,s0-step8650-f99of100-d1of2,107,2,1,10000,7071,,100,99,True,0.23140495867768596,121,28,True,valid_distinct_candidate,0.9900540371211528,438,6634,6,0,True,79,fresh_execution,valid_sparse_circuit,159952722,0988af52e7d8b2b443de4cefc1a9f63e6104c8d0fec8dd563b4cc9bbb7589003,,,locally_single_deletion_minimal_sparse_mask,stage18-scaling-24a9adb84176,0,6,8650,107
False,True,0,441,s0-step8650-f99of100-d1of2,107,2,1,7044,7044,,100,99,False,0.24786324786324787,117,29,True,budget_exhaustion,0.9903672957945023,441,6604,7,0,True,76,fresh_execution,budget_exhaustion,2249545991,86155907f26bd67f7c4805ab20c95bc0f4fcf53ca1bdc8e5a318934edb4afd34,,,budget_exhausted_inside_candidate_batch,stage18-scaling-24a9adb84176,0,6,8650,107
True,False,2778,452,s0-step8650-f99of100-d3of4,108,4,3,10000,7222,,100,99,True,0.0,1,0,True,valid_distinct_candidate,0.9912287571462135,447,6776,1,0,True,70,fresh_execution,valid_sparse_circuit,,,,,locally_single_deletion_minimal_sparse_mask,stage18-scaling-24a9adb84176,0,6,8650,108
True,False,2793,451,s0-step8650-f99of100-d3of4,108,4,3,10000,7207,,100,99,True,0.1015625,128,13,True,valid_distinct_candidate,0.9906805544678519,446,6762,2,0,True,71,fresh_execution,valid_sparse_circuit,3625141715,d81345d3f6db3849a3e3b09557957e696a68d632e161c1490fc0189cd5fc6247,,,locally_single_deletion_minimal_sparse_mask,stage18-scaling-24a9adb84176,0,6,8650,108
True,False,2852,447,s0-step8650-f99of100-d3of4,108,4,3,10000,7148,,100,99,True,0.13076923076923078,130,17,True,valid_distinct_candidate,0.9903672957945023,441,6708,3,0,True,76,fresh_execution,valid_sparse_circuit,1742711362,67dfaa42ca1877b77a4ac184dac769ab26b5a5ae7f9609f3a7e9e37a7046e811,,,locally_single_deletion_minimal_sparse_mask,stage18-scaling-24a9adb84176,0,6,8650,108
True,False,2823,449,s0-step8650-f99of100-d3of4,108,4,3,10000,7177,,100,99,True,0.1532258064516129,124,19,True,valid_distinct_candidate,0.9908371838045266,444,6734,4,0,True,73,fresh_execution,valid_sparse_circuit,258193174,0f63b7167f4a80db8bc5dbedc5cc881f28f1216e21c46c10e953951034a5c3bc,,,locally_single_deletion_minimal_sparse_mask,stage18-scaling-24a9adb84176,0,6,8650,108
True,False,2869,446,s0-step8650-f99of100-d3of4,108,4,3,10000,7131,,100,99,True,0.15625,32,5,True,valid_distinct_candidate,0.9902106664578275,442,6690,5,0,True,75,fresh_execution,valid_sparse_circuit,2823193157,a846824530fcffce48d8fc8b0981b1e6a8b96f97baf99cd5a3c4be7cd127bcf8,,,locally_single_deletion_minimal_sparse_mask,stage18-scaling-24a9adb84176,0,6,8650,108
True,False,2929,442,s0-step8650-f99of100-d3of4,108,4,3,10000,7071,,100,99,True,0.23140495867768596,121,28,True,valid_distinct_candidate,0.9900540371211528,438,6634,6,0,True,79,fresh_execution,valid_sparse_circuit,159952722,0988af52e7d8b2b443de4cefc1a9f63e6104c8d0fec8dd563b4cc9bbb7589003,,,locally_single_deletion_minimal_sparse_mask,stage18-scaling-24a9adb84176,0,6,8650,108
False,True,0,441,s0-step8650-f99of100-d3of4,108,4,3,7044,7044,,100,99,False,0.24786324786324787,117,29,True,budget_exhaustion,0.9903672957945023,441,6604,7,0,True,76,fresh_execution,budget_exhaustion,2249545991,86155907f26bd67f7c4805ab20c95bc0f4fcf53ca1bdc8e5a318934edb4afd34,,,budget_exhausted_inside_candidate_batch,stage18-scaling-24a9adb84176,0,6,8650,108
True,False,2494,470,s0-step9050-f4of5-d1of4,109,4,1,10000,7506,,5,4,True,0.0,1,0,True,valid_distinct_candidate,0.8102435586185293,467,7040,1,0,True,50,fresh_execution,valid_sparse_circuit,,,,,locally_single_deletion_minimal_sparse_mask,stage18-scaling-24a9adb84176,0,7,9050,109
True,False,2419,474,s0-step9050-f4of5-d1of4,109,4,1,10000,7581,,5,4,True,0.15853658536585366,82,13,True,valid_distinct_candidate,0.8020205184431044,472,7110,2,0,True,45,fresh_execution,valid_sparse_circuit,3036069002,b4f6bc8a084b869fea800487e560efac1d1c030e7d54d6bd889c3c637746c400,,,locally_single_deletion_minimal_sparse_mask,stage18-scaling-24a9adb84176,0,7,9050,109
True,False,2479,471,s0-step9050-f4of5-d1of4,109,4,1,10000,7521,,5,4,True,0.16470588235294117,85,14,True,valid_distinct_candidate,0.8001409664030072,468,7054,3,0,True,49,fresh_execution,valid_sparse_circuit,3295450948,c46c97447b6574aad5e8c2ae2db0c7414034e7474030ed093f7a563007fe1732,,,locally_single_deletion_minimal_sparse_mask,stage18-scaling-24a9adb84176,0,7,9050,109
False,False,2479,471,s0-step9050-f4of5-d1of4,109,4,1,10000,7521,,5,4,True,0.2692307692307692,26,7,True,distinctness_failure,0.8090688385934686,468,7054,4,0,True,49,fresh_execution,valid_sparse_circuit,1396858475,53425e6b824fd8942ac479dda7a303e1641c1bb2f934fef0bc58de624753b0a4,,,locally_single_deletion_minimal_sparse_mask,stage18-scaling-24a9adb84176,0,7,9050,109
False,True,0,155,s0-step9050-f4of5-d1of4,109,4,1,2479,2479,,5,4,False,0.11351351351351352,185,21,False,budget_exhaustion,1.0,155,2325,4,1,True,362,fresh_execution,budget_exhaustion,1602223537,5f7ffdb1e5544297420de7a70d8ba31bf83e8e9e4c7485f1b6867a2831e3ce36,,,budget_exhausted_inside_candidate_batch,stage18-scaling-24a9adb84176,0,7,9050,109
True,False,2494,470,s0-step9050-f4of5-d1of2,110,2,1,10000,7506,,5,4,True,0.0,1,0,True,valid_distinct_candidate,0.8102435586185293,467,7040,1,0,True,50,fresh_execution,valid_sparse_circuit,,,,,locally_single_deletion_minimal_sparse_mask,stage18-scaling-24a9adb84176,0,7,9050,110
True,False,2419,474,s0-step9050-f4of5-d1of2,110,2,1,10000,7581,,5,4,True,0.15853658536585366,82,13,True,valid_distinct_candidate,0.8020205184431044,472,7110,2,0,True,45,fresh_execution,valid_sparse_circuit,3036069002,b4f6bc8a084b869fea800487e560efac1d1c030e7d54d6bd889c3c637746c400,,,locally_single_deletion_minimal_sparse_mask,stage18-scaling-24a9adb84176,0,7,9050,110
True,False,2479,471,s0-step9050-f4of5-d1of2,110,2,1,10000,7521,,5,4,True,0.16470588235294117,85,14,True,valid_distinct_candidate,0.8001409664030072,468,7054,3,0,True,49,fresh_execution,valid_sparse_circuit,3295450948,c46c97447b6574aad5e8c2ae2db0c7414034e7474030ed093f7a563007fe1732,,,locally_single_deletion_minimal_sparse_mask,stage18-scaling-24a9adb84176,0,7,9050,110
True,False,2479,471,s0-step9050-f4of5-d1of2,110,2,1,10000,7521,,5,4,True,0.2692307692307692,26,7,True,valid_distinct_candidate,0.8090688385934686,468,7054,4,0,True,49,fresh_execution,valid_sparse_circuit,1396858475,53425e6b824fd8942ac479dda7a303e1641c1bb2f934fef0bc58de624753b0a4,,,locally_single_deletion_minimal_sparse_mask,stage18-scaling-24a9adb84176,0,7,9050,110
True,False,2449,472,s0-step9050-f4of5-d1of2,110,2,1,10000,7551,,5,4,True,0.2125,80,17,True,valid_distinct_candidate,0.8103218732868667,470,7082,5,0,True,47,fresh_execution,valid_sparse_circuit,373804194,1647cca2bb65fd826c8a04d3d0f290dca7300f87d2190793c7fed1a0aefce32d,,,locally_single_deletion_minimal_sparse_mask,stage18-scaling-24a9adb84176,0,7,9050,110
True,False,2464,471,s0-step9050-f4of5-d1of2,110,2,1,10000,7536,,5,4,True,0.30666666666666664,75,23,True,valid_distinct_candidate,0.8051531051765995,469,7068,6,0,True,48,fresh_execution,valid_sparse_circuit,356362478,153da8eea62b34cf618b9dd50d5a76c243d6b3d7621c2a6d44f9c2da206356c5,,,locally_single_deletion_minimal_sparse_mask,stage18-scaling-24a9adb84176,0,7,9050,110
False,True,0,299,s0-step9050-f4of5-d1of2,110,2,1,4784,4784,,5,4,False,0.15584415584415584,77,12,True,budget_exhaustion,1.0,299,4485,7,0,True,217,fresh_execution,budget_exhaustion,1107573204,420439d40299e404dbdfeb369dff985a95b7acad6206c19163ace4db21edf798,,,budget_exhausted_before_next_ranking,stage18-scaling-24a9adb84176,0,7,9050,110
True,False,2494,470,s0-step9050-f4of5-d3of4,111,4,3,10000,7506,,5,4,True,0.0,1,0,True,valid_distinct_candidate,0.8102435586185293,467,7040,1,0,True,50,fresh_execution,valid_sparse_circuit,,,,,locally_single_deletion_minimal_sparse_mask,stage18-scaling-24a9adb84176,0,7,9050,111
True,False,2419,474,s0-step9050-f4of5-d3of4,111,4,3,10000,7581,,5,4,True,0.15853658536585366,82,13,True,valid_distinct_candidate,0.8020205184431044,472,7110,2,0,True,45,fresh_execution,valid_sparse_circuit,3036069002,b4f6bc8a084b869fea800487e560efac1d1c030e7d54d6bd889c3c637746c400,,,locally_single_deletion_minimal_sparse_mask,stage18-scaling-24a9adb84176,0,7,9050,111
True,False,2479,471,s0-step9050-f4of5-d3of4,111,4,3,10000,7521,,5,4,True,0.16470588235294117,85,14,True,valid_distinct_candidate,0.8001409664030072,468,7054,3,0,True,49,fresh_execution,valid_sparse_circuit,3295450948,c46c97447b6574aad5e8c2ae2db0c7414034e7474030ed093f7a563007fe1732,,,locally_single_deletion_minimal_sparse_mask,stage18-scaling-24a9adb84176,0,7,9050,111
True,False,2479,471,s0-step9050-f4of5-d3of4,111,4,3,10000,7521,,5,4,True,0.2692307692307692,26,7,True,valid_distinct_candidate,0.8090688385934686,468,7054,4,0,True,49,fresh_execution,valid_sparse_circuit,1396858475,53425e6b824fd8942ac479dda7a303e1641c1bb2f934fef0bc58de624753b0a4,,,locally_single_deletion_minimal_sparse_mask,stage18-scaling-24a9adb84176,0,7,9050,111
True,False,2449,472,s0-step9050-f4of5-d3of4,111,4,3,10000,7551,,5,4,True,0.2125,80,17,True,valid_distinct_candidate,0.8103218732868667,470,7082,5,0,True,47,fresh_execution,valid_sparse_circuit,373804194,1647cca2bb65fd826c8a04d3d0f290dca7300f87d2190793c7fed1a0aefce32d,,,locally_single_deletion_minimal_sparse_mask,stage18-scaling-24a9adb84176,0,7,9050,111
True,False,2464,471,s0-step9050-f4of5-d3of4,111,4,3,10000,7536,,5,4,True,0.30666666666666664,75,23,True,valid_distinct_candidate,0.8051531051765995,469,7068,6,0,True,48,fresh_execution,valid_sparse_circuit,356362478,153da8eea62b34cf618b9dd50d5a76c243d6b3d7621c2a6d44f9c2da206356c5,,,locally_single_deletion_minimal_sparse_mask,stage18-scaling-24a9adb84176,0,7,9050,111
False,True,0,299,s0-step9050-f4of5-d3of4,111,4,3,4784,4784,,5,4,False,0.15584415584415584,77,12,True,budget_exhaustion,1.0,299,4485,7,0,True,217,fresh_execution,budget_exhaustion,1107573204,420439d40299e404dbdfeb369dff985a95b7acad6206c19163ace4db21edf798,,,budget_exhausted_before_next_ranking,stage18-scaling-24a9adb84176,0,7,9050,111
True,False,2539,467,s0-step9050-f17of20-d1of4,112,4,1,10000,7461,,20,17,True,0.0,1,0,True,valid_distinct_candidate,0.8512804448273161,464,6998,1,0,True,53,fresh_execution,valid_sparse_circuit,,,,,locally_single_deletion_minimal_sparse_mask,stage18-scaling-24a9adb84176,0,7,9050,112
True,False,2449,472,s0-step9050-f17of20-d1of4,112,4,1,10000,7551,,20,17,True,0.0989010989010989,91,9,True,valid_distinct_candidate,0.858250450309343,470,7082,2,0,True,47,fresh_execution,valid_sparse_circuit,3036069002,b4f6bc8a084b869fea800487e560efac1d1c030e7d54d6bd889c3c637746c400,,,locally_single_deletion_minimal_sparse_mask,stage18-scaling-24a9adb84176,0,7,9050,112
True,False,2539,467,s0-step9050-f17of20-d1of4,112,4,1,10000,7461,,20,17,True,0.17777777777777778,45,8,True,valid_distinct_candidate,0.8521419061790273,464,6998,3,0,True,53,fresh_execution,valid_sparse_circuit,3295450948,c46c97447b6574aad5e8c2ae2db0c7414034e7474030ed093f7a563007fe1732,,,locally_single_deletion_minimal_sparse_mask,stage18-scaling-24a9adb84176,0,7,9050,112
True,False,2524,468,s0-step9050-f17of20-d1of4,112,4,1,10000,7476,,20,17,True,0.25,4,1,True,valid_distinct_candidate,0.8547262902341609,465,7012,4,0,True,52,fresh_execution,valid_sparse_circuit,1396858475,53425e6b824fd8942ac479dda7a303e1641c1bb2f934fef0bc58de624753b0a4,,,locally_single_deletion_minimal_sparse_mask,stage18-scaling-24a9adb84176,0,7,9050,112
False,False,2569,465,s0-step9050-f17of20-d1of4,112,4,1,10000,7431,,20,17,True,0.3333333333333333,3,1,True,distinctness_failure,0.8529250528624012,462,6970,5,0,True,55,fresh_execution,valid_sparse_circuit,373804194,1647cca2bb65fd826c8a04d3d0f290dca7300f87d2190793c7fed1a0aefce32d,,,locally_single_deletion_minimal_sparse_mask,stage18-scaling-24a9adb84176,0,7,9050,112
False,True,0,161,s0-step9050-f17of20-d1of4,112,4,1,2569,2569,,20,17,False,0.10242587601078167,371,38,False,budget_exhaustion,1.0,161,2409,5,1,True,356,fresh_execution,budget_exhaustion,2657950187,9e6d19eb5197f1d1a6e6dccf21ca5ba0a4aaa60eaf49a945e61fe5faaa138229,,,budget_exhausted_inside_candidate_batch,stage18-scaling-24a9adb84176,0,7,9050,112
True,False,2539,467,s0-step9050-f17of20-d1of2,113,2,1,10000,7461,,20,17,True,0.0,1,0,True,valid_distinct_candidate,0.8512804448273161,464,6998,1,0,True,53,fresh_execution,valid_sparse_circuit,,,,,locally_single_deletion_minimal_sparse_mask,stage18-scaling-24a9adb84176,0,7,9050,113
True,False,2449,472,s0-step9050-f17of20-d1of2,113,2,1,10000,7551,,20,17,True,0.0989010989010989,91,9,True,valid_distinct_candidate,0.858250450309343,470,7082,2,0,True,47,fresh_execution,valid_sparse_circuit,3036069002,b4f6bc8a084b869fea800487e560efac1d1c030e7d54d6bd889c3c637746c400,,,locally_single_deletion_minimal_sparse_mask,stage18-scaling-24a9adb84176,0,7,9050,113
True,False,2539,467,s0-step9050-f17of20-d1of2,113,2,1,10000,7461,,20,17,True,0.17777777777777778,45,8,True,valid_distinct_candidate,0.8521419061790273,464,6998,3,0,True,53,fresh_execution,valid_sparse_circuit,3295450948,c46c97447b6574aad5e8c2ae2db0c7414034e7474030ed093f7a563007fe1732,,,locally_single_deletion_minimal_sparse_mask,stage18-scaling-24a9adb84176,0,7,9050,113
True,False,2524,468,s0-step9050-f17of20-d1of2,113,2,1,10000,7476,,20,17,True,0.25,4,1,True,valid_distinct_candidate,0.8547262902341609,465,7012,4,0,True,52,fresh_execution,valid_sparse_circuit,1396858475,53425e6b824fd8942ac479dda7a303e1641c1bb2f934fef0bc58de624753b0a4,,,locally_single_deletion_minimal_sparse_mask,stage18-scaling-24a9adb84176,0,7,9050,113
True,False,2569,465,s0-step9050-f17of20-d1of2,113,2,1,10000,7431,,20,17,True,0.3333333333333333,3,1,True,valid_distinct_candidate,0.8529250528624012,462,6970,5,0,True,55,fresh_execution,valid_sparse_circuit,373804194,1647cca2bb65fd826c8a04d3d0f290dca7300f87d2190793c7fed1a0aefce32d,,,locally_single_deletion_minimal_sparse_mask,stage18-scaling-24a9adb84176,0,7,9050,113
True,False,2509,469,s0-step9050-f17of20-d1of2,113,2,1,10000,7491,,20,17,True,0.2839506172839506,81,23,True,valid_distinct_candidate,0.8551961782441851,466,7026,6,0,True,51,fresh_execution,valid_sparse_circuit,356362478,153da8eea62b34cf618b9dd50d5a76c243d6b3d7621c2a6d44f9c2da206356c5,,,locally_single_deletion_minimal_sparse_mask,stage18-scaling-24a9adb84176,0,7,9050,113
False,True,0,321,s0-step9050-f17of20-d1of2,113,2,1,5129,5129,,20,17,False,0.1527777777777778,72,11,True,budget_exhaustion,1.0,321,4809,7,0,True,196,fresh_execution,budget_exhaustion,1107573204,420439d40299e404dbdfeb369dff985a95b7acad6206c19163ace4db21edf798,,,budget_exhausted_inside_candidate_batch,stage18-scaling-24a9adb84176,0,7,9050,113
True,False,2539,467,s0-step9050-f17of20-d3of4,114,4,3,10000,7461,,20,17,True,0.0,1,0,True,valid_distinct_candidate,0.8512804448273161,464,6998,1,0,True,53,fresh_execution,valid_sparse_circuit,,,,,locally_single_deletion_minimal_sparse_mask,stage18-scaling-24a9adb84176,0,7,9050,114
True,False,2449,472,s0-step9050-f17of20-d3of4,114,4,3,10000,7551,,20,17,True,0.0989010989010989,91,9,True,valid_distinct_candidate,0.858250450309343,470,7082,2,0,True,47,fresh_execution,valid_sparse_circuit,3036069002,b4f6bc8a084b869fea800487e560efac1d1c030e7d54d6bd889c3c637746c400,,,locally_single_deletion_minimal_sparse_mask,stage18-scaling-24a9adb84176,0,7,9050,114
True,False,2539,467,s0-step9050-f17of20-d3of4,114,4,3,10000,7461,,20,17,True,0.17777777777777778,45,8,True,valid_distinct_candidate,0.8521419061790273,464,6998,3,0,True,53,fresh_execution,valid_sparse_circuit,3295450948,c46c97447b6574aad5e8c2ae2db0c7414034e7474030ed093f7a563007fe1732,,,locally_single_deletion_minimal_sparse_mask,stage18-scaling-24a9adb84176,0,7,9050,114
True,False,2524,468,s0-step9050-f17of20-d3of4,114,4,3,10000,7476,,20,17,True,0.25,4,1,True,valid_distinct_candidate,0.8547262902341609,465,7012,4,0,True,52,fresh_execution,valid_sparse_circuit,1396858475,53425e6b824fd8942ac479dda7a303e1641c1bb2f934fef0bc58de624753b0a4,,,locally_single_deletion_minimal_sparse_mask,stage18-scaling-24a9adb84176,0,7,9050,114
True,False,2569,465,s0-step9050-f17of20-d3of4,114,4,3,10000,7431,,20,17,True,0.3333333333333333,3,1,True,valid_distinct_candidate,0.8529250528624012,462,6970,5,0,True,55,fresh_execution,valid_sparse_circuit,373804194,1647cca2bb65fd826c8a04d3d0f290dca7300f87d2190793c7fed1a0aefce32d,,,locally_single_deletion_minimal_sparse_mask,stage18-scaling-24a9adb84176,0,7,9050,114
True,False,2509,469,s0-step9050-f17of20-d3of4,114,4,3,10000,7491,,20,17,True,0.2839506172839506,81,23,True,valid_distinct_candidate,0.8551961782441851,466,7026,6,0,True,51,fresh_execution,valid_sparse_circuit,356362478,153da8eea62b34cf618b9dd50d5a76c243d6b3d7621c2a6d44f9c2da206356c5,,,locally_single_deletion_minimal_sparse_mask,stage18-scaling-24a9adb84176,0,7,9050,114
False,True,0,321,s0-step9050-f17of20-d3of4,114,4,3,5129,5129,,20,17,False,0.1527777777777778,72,11,True,budget_exhaustion,1.0,321,4809,7,0,True,196,fresh_execution,budget_exhaustion,1107573204,420439d40299e404dbdfeb369dff985a95b7acad6206c19163ace4db21edf798,,,budget_exhausted_inside_candidate_batch,stage18-scaling-24a9adb84176,0,7,9050,114
True,False,2599,463,s0-step9050-f9of10-d1of4,115,4,1,10000,7401,,10,9,True,0.0,1,0,True,valid_distinct_candidate,0.9045344192967343,460,6942,1,0,True,57,fresh_execution,valid_sparse_circuit,,,,,locally_single_deletion_minimal_sparse_mask,stage18-scaling-24a9adb84176,0,7,9050,115
True,False,2568,465,s0-step9050-f9of10-d1of4,115,4,1,10000,7432,,10,9,True,0.15306122448979592,98,15,True,valid_distinct_candidate,0.9003837418748531,461,6972,2,0,True,56,fresh_execution,valid_sparse_circuit,3036069002,b4f6bc8a084b869fea800487e560efac1d1c030e7d54d6bd889c3c637746c400,,,locally_single_deletion_minimal_sparse_mask,stage18-scaling-24a9adb84176,0,7,9050,115
True,False,2509,469,s0-step9050-f9of10-d1of4,115,4,1,10000,7491,,10,9,True,0.16129032258064516,31,5,True,valid_distinct_candidate,0.9000704832015036,466,7026,3,0,True,51,fresh_execution,valid_sparse_circuit,3295450948,c46c97447b6574aad5e8c2ae2db0c7414034e7474030ed093f7a563007fe1732,,,locally_single_deletion_minimal_sparse_mask,stage18-scaling-24a9adb84176,0,7,9050,115
True,False,2569,465,s0-step9050-f9of10-d1of4,115,4,1,10000,7431,,10,9,True,0.20430107526881722,93,19,True,valid_distinct_candidate,0.9068055446785183,462,6970,4,0,True,55,fresh_execution,valid_sparse_circuit,1396858475,53425e6b824fd8942ac479dda7a303e1641c1bb2f934fef0bc58de624753b0a4,,,locally_single_deletion_minimal_sparse_mask,stage18-scaling-24a9adb84176,0,7,9050,115
True,False,2493,470,s0-step9050-f9of10-d1of4,115,4,1,10000,7507,,10,9,True,0.2413793103448276,29,7,True,valid_distinct_candidate,0.9032813846033362,466,7042,5,0,True,51,fresh_execution,valid_sparse_circuit,373804194,1647cca2bb65fd826c8a04d3d0f290dca7300f87d2190793c7fed1a0aefce32d,,,locally_single_deletion_minimal_sparse_mask,stage18-scaling-24a9adb84176,0,7,9050,115
True,False,2614,462,s0-step9050-f9of10-d1of4,115,4,1,10000,7386,,10,9,True,0.23655913978494625,93,22,True,valid_distinct_candidate,0.9019500352416008,459,6928,6,0,True,58,fresh_execution,valid_sparse_circuit,356362478,153da8eea62b34cf618b9dd50d5a76c243d6b3d7621c2a6d44f9c2da206356c5,,,locally_single_deletion_minimal_sparse_mask,stage18-scaling-24a9adb84176,0,7,9050,115
False,True,0,335,s0-step9050-f9of10-d1of4,115,4,1,5352,5352,,10,9,False,0.20100502512562815,199,40,True,budget_exhaustion,1.0,335,5018,7,0,True,182,fresh_execution,budget_exhaustion,1107573204,420439d40299e404dbdfeb369dff985a95b7acad6206c19163ace4db21edf798,,,budget_exhausted_inside_candidate_batch,stage18-scaling-24a9adb84176,0,7,9050,115
True,False,2599,463,s0-step9050-f9of10-d1of2,116,2,1,10000,7401,,10,9,True,0.0,1,0,True,valid_distinct_candidate,0.9045344192967343,460,6942,1,0,True,57,fresh_execution,valid_sparse_circuit,,,,,locally_single_deletion_minimal_sparse_mask,stage18-scaling-24a9adb84176,0,7,9050,116
True,False,2568,465,s0-step9050-f9of10-d1of2,116,2,1,10000,7432,,10,9,True,0.15306122448979592,98,15,True,valid_distinct_candidate,0.9003837418748531,461,6972,2,0,True,56,fresh_execution,valid_sparse_circuit,3036069002,b4f6bc8a084b869fea800487e560efac1d1c030e7d54d6bd889c3c637746c400,,,locally_single_deletion_minimal_sparse_mask,stage18-scaling-24a9adb84176,0,7,9050,116
True,False,2509,469,s0-step9050-f9of10-d1of2,116,2,1,10000,7491,,10,9,True,0.16129032258064516,31,5,True,valid_distinct_candidate,0.9000704832015036,466,7026,3,0,True,51,fresh_execution,valid_sparse_circuit,3295450948,c46c97447b6574aad5e8c2ae2db0c7414034e7474030ed093f7a563007fe1732,,,locally_single_deletion_minimal_sparse_mask,stage18-scaling-24a9adb84176,0,7,9050,116
True,False,2569,465,s0-step9050-f9of10-d1of2,116,2,1,10000,7431,,10,9,True,0.20430107526881722,93,19,True,valid_distinct_candidate,0.9068055446785183,462,6970,4,0,True,55,fresh_execution,valid_sparse_circuit,1396858475,53425e6b824fd8942ac479dda7a303e1641c1bb2f934fef0bc58de624753b0a4,,,locally_single_deletion_minimal_sparse_mask,stage18-scaling-24a9adb84176,0,7,9050,116
True,False,2493,470,s0-step9050-f9of10-d1of2,116,2,1,10000,7507,,10,9,True,0.2413793103448276,29,7,True,valid_distinct_candidate,0.9032813846033362,466,7042,5,0,True,51,fresh_execution,valid_sparse_circuit,373804194,1647cca2bb65fd826c8a04d3d0f290dca7300f87d2190793c7fed1a0aefce32d,,,locally_single_deletion_minimal_sparse_mask,stage18-scaling-24a9adb84176,0,7,9050,116
True,False,2614,462,s0-step9050-f9of10-d1of2,116,2,1,10000,7386,,10,9,True,0.23655913978494625,93,22,True,valid_distinct_candidate,0.9019500352416008,459,6928,6,0,True,58,fresh_execution,valid_sparse_circuit,356362478,153da8eea62b34cf618b9dd50d5a76c243d6b3d7621c2a6d44f9c2da206356c5,,,locally_single_deletion_minimal_sparse_mask,stage18-scaling-24a9adb84176,0,7,9050,116
False,True,0,335,s0-step9050-f9of10-d1of2,116,2,1,5352,5352,,10,9,False,0.20100502512562815,199,40,True,budget_exhaustion,1.0,335,5018,7,0,True,182,fresh_execution,budget_exhaustion,1107573204,420439d40299e404dbdfeb369dff985a95b7acad6206c19163ace4db21edf798,,,budget_exhausted_inside_candidate_batch,stage18-scaling-24a9adb84176,0,7,9050,116
True,False,2599,463,s0-step9050-f9of10-d3of4,117,4,3,10000,7401,,10,9,True,0.0,1,0,True,valid_distinct_candidate,0.9045344192967343,460,6942,1,0,True,57,fresh_execution,valid_sparse_circuit,,,,,locally_single_deletion_minimal_sparse_mask,stage18-scaling-24a9adb84176,0,7,9050,117
True,False,2568,465,s0-step9050-f9of10-d3of4,117,4,3,10000,7432,,10,9,True,0.15306122448979592,98,15,True,valid_distinct_candidate,0.9003837418748531,461,6972,2,0,True,56,fresh_execution,valid_sparse_circuit,3036069002,b4f6bc8a084b869fea800487e560efac1d1c030e7d54d6bd889c3c637746c400,,,locally_single_deletion_minimal_sparse_mask,stage18-scaling-24a9adb84176,0,7,9050,117
True,False,2509,469,s0-step9050-f9of10-d3of4,117,4,3,10000,7491,,10,9,True,0.16129032258064516,31,5,True,valid_distinct_candidate,0.9000704832015036,466,7026,3,0,True,51,fresh_execution,valid_sparse_circuit,3295450948,c46c97447b6574aad5e8c2ae2db0c7414034e7474030ed093f7a563007fe1732,,,locally_single_deletion_minimal_sparse_mask,stage18-scaling-24a9adb84176,0,7,9050,117
True,False,2569,465,s0-step9050-f9of10-d3of4,117,4,3,10000,7431,,10,9,True,0.20430107526881722,93,19,True,valid_distinct_candidate,0.9068055446785183,462,6970,4,0,True,55,fresh_execution,valid_sparse_circuit,1396858475,53425e6b824fd8942ac479dda7a303e1641c1bb2f934fef0bc58de624753b0a4,,,locally_single_deletion_minimal_sparse_mask,stage18-scaling-24a9adb84176,0,7,9050,117
True,False,2493,470,s0-step9050-f9of10-d3of4,117,4,3,10000,7507,,10,9,True,0.2413793103448276,29,7,True,valid_distinct_candidate,0.9032813846033362,466,7042,5,0,True,51,fresh_execution,valid_sparse_circuit,373804194,1647cca2bb65fd826c8a04d3d0f290dca7300f87d2190793c7fed1a0aefce32d,,,locally_single_deletion_minimal_sparse_mask,stage18-scaling-24a9adb84176,0,7,9050,117
True,False,2614,462,s0-step9050-f9of10-d3of4,117,4,3,10000,7386,,10,9,True,0.23655913978494625,93,22,True,valid_distinct_candidate,0.9019500352416008,459,6928,6,0,True,58,fresh_execution,valid_sparse_circuit,356362478,153da8eea62b34cf618b9dd50d5a76c243d6b3d7621c2a6d44f9c2da206356c5,,,locally_single_deletion_minimal_sparse_mask,stage18-scaling-24a9adb84176,0,7,9050,117
False,True,0,335,s0-step9050-f9of10-d3of4,117,4,3,5352,5352,,10,9,False,0.20100502512562815,199,40,True,budget_exhaustion,1.0,335,5018,7,0,True,182,fresh_execution,budget_exhaustion,1107573204,420439d40299e404dbdfeb369dff985a95b7acad6206c19163ace4db21edf798,,,budget_exhausted_inside_candidate_batch,stage18-scaling-24a9adb84176,0,7,9050,117
True,False,2794,451,s0-step9050-f19of20-d1of4,118,4,1,10000,7206,,20,19,True,0.0,1,0,True,valid_distinct_candidate,0.9526196256558853,447,6760,1,0,True,70,fresh_execution,valid_sparse_circuit,,,,,locally_single_deletion_minimal_sparse_mask,stage18-scaling-24a9adb84176,0,7,9050,118
True,False,2479,471,s0-step9050-f19of20-d1of4,118,4,1,10000,7521,,20,19,True,0.07207207207207207,111,8,True,valid_distinct_candidate,0.9509750176208004,468,7054,2,0,True,49,fresh_execution,valid_sparse_circuit,3036069002,b4f6bc8a084b869fea800487e560efac1d1c030e7d54d6bd889c3c637746c400,,,locally_single_deletion_minimal_sparse_mask,stage18-scaling-24a9adb84176,0,7,9050,118
True,False,2569,465,s0-step9050-f19of20-d1of4,118,4,1,10000,7431,,20,19,True,0.14678899082568808,109,16,True,valid_distinct_candidate,0.9534810870075965,462,6970,3,0,True,55,fresh_execution,valid_sparse_circuit,3295450948,c46c97447b6574aad5e8c2ae2db0c7414034e7474030ed093f7a563007fe1732,,,locally_single_deletion_minimal_sparse_mask,stage18-scaling-24a9adb84176,0,7,9050,118
True,False,2719,456,s0-step9050-f19of20-d1of4,118,4,1,10000,7281,,20,19,True,0.18421052631578946,38,7,True,valid_distinct_candidate,0.9522280523141985,452,6830,4,0,True,65,fresh_execution,valid_sparse_circuit,1396858475,53425e6b824fd8942ac479dda7a303e1641c1bb2f934fef0bc58de624753b0a4,,,locally_single_deletion_minimal_sparse_mask,stage18-scaling-24a9adb84176,0,7,9050,118
False,False,2659,459,s0-step9050-f19of20-d1of4,118,4,1,10000,7341,,20,19,True,0.25961538461538464,104,27,True,distinctness_failure,0.9508183882841256,456,6886,5,0,True,61,fresh_execution,valid_sparse_circuit,373804194,1647cca2bb65fd826c8a04d3d0f290dca7300f87d2190793c7fed1a0aefce32d,,,locally_single_deletion_minimal_sparse_mask,stage18-scaling-24a9adb84176,0,7,9050,118
False,True,0,167,s0-step9050-f19of20-d1of4,118,4,1,2659,2659,,20,19,False,0.13821138211382114,123,17,False,budget_exhaustion,1.0,167,2493,5,1,True,350,fresh_execution,budget_exhaustion,2657950187,9e6d19eb5197f1d1a6e6dccf21ca5ba0a4aaa60eaf49a945e61fe5faaa138229,,,budget_exhausted_inside_candidate_batch,stage18-scaling-24a9adb84176,0,7,9050,118
True,False,2794,451,s0-step9050-f19of20-d1of2,119,2,1,10000,7206,,20,19,True,0.0,1,0,True,valid_distinct_candidate,0.9526196256558853,447,6760,1,0,True,70,fresh_execution,valid_sparse_circuit,,,,,locally_single_deletion_minimal_sparse_mask,stage18-scaling-24a9adb84176,0,7,9050,119
True,False,2479,471,s0-step9050-f19of20-d1of2,119,2,1,10000,7521,,20,19,True,0.07207207207207207,111,8,True,valid_distinct_candidate,0.9509750176208004,468,7054,2,0,True,49,fresh_execution,valid_sparse_circuit,3036069002,b4f6bc8a084b869fea800487e560efac1d1c030e7d54d6bd889c3c637746c400,,,locally_single_deletion_minimal_sparse_mask,stage18-scaling-24a9adb84176,0,7,9050,119
True,False,2569,465,s0-step9050-f19of20-d1of2,119,2,1,10000,7431,,20,19,True,0.14678899082568808,109,16,True,valid_distinct_candidate,0.9534810870075965,462,6970,3,0,True,55,fresh_execution,valid_sparse_circuit,3295450948,c46c97447b6574aad5e8c2ae2db0c7414034e7474030ed093f7a563007fe1732,,,locally_single_deletion_minimal_sparse_mask,stage18-scaling-24a9adb84176,0,7,9050,119
True,False,2719,456,s0-step9050-f19of20-d1of2,119,2,1,10000,7281,,20,19,True,0.18421052631578946,38,7,True,valid_distinct_candidate,0.9522280523141985,452,6830,4,0,True,65,fresh_execution,valid_sparse_circuit,1396858475,53425e6b824fd8942ac479dda7a303e1641c1bb2f934fef0bc58de624753b0a4,,,locally_single_deletion_minimal_sparse_mask,stage18-scaling-24a9adb84176,0,7,9050,119
True,False,2659,459,s0-step9050-f19of20-d1of2,119,2,1,10000,7341,,20,19,True,0.25961538461538464,104,27,True,valid_distinct_candidate,0.9508183882841256,456,6886,5,0,True,61,fresh_execution,valid_sparse_circuit,373804194,1647cca2bb65fd826c8a04d3d0f290dca7300f87d2190793c7fed1a0aefce32d,,,locally_single_deletion_minimal_sparse_mask,stage18-scaling-24a9adb84176,0,7,9050,119
True,False,2779,452,s0-step9050-f19of20-d1of2,119,2,1,10000,7221,,20,19,True,0.17796610169491525,118,21,True,valid_distinct_candidate,0.9522280523141985,448,6774,6,0,True,69,fresh_execution,valid_sparse_circuit,356362478,153da8eea62b34cf618b9dd50d5a76c243d6b3d7621c2a6d44f9c2da206356c5,,,locally_single_deletion_minimal_sparse_mask,stage18-scaling-24a9adb84176,0,7,9050,119
False,True,0,375,s0-step9050-f19of20-d1of2,119,2,1,5999,5999,,20,19,False,0.25443786982248523,169,43,True,budget_exhaustion,1.0,375,5625,7,0,True,142,fresh_execution,budget_exhaustion,1107573204,420439d40299e404dbdfeb369dff985a95b7acad6206c19163ace4db21edf798,,,budget_exhausted_inside_candidate_batch,stage18-scaling-24a9adb84176,0,7,9050,119
True,False,2794,451,s0-step9050-f19of20-d3of4,120,4,3,10000,7206,,20,19,True,0.0,1,0,True,valid_distinct_candidate,0.9526196256558853,447,6760,1,0,True,70,fresh_execution,valid_sparse_circuit,,,,,locally_single_deletion_minimal_sparse_mask,stage18-scaling-24a9adb84176,0,7,9050,120
True,False,2479,471,s0-step9050-f19of20-d3of4,120,4,3,10000,7521,,20,19,True,0.07207207207207207,111,8,True,valid_distinct_candidate,0.9509750176208004,468,7054,2,0,True,49,fresh_execution,valid_sparse_circuit,3036069002,b4f6bc8a084b869fea800487e560efac1d1c030e7d54d6bd889c3c637746c400,,,locally_single_deletion_minimal_sparse_mask,stage18-scaling-24a9adb84176,0,7,9050,120
True,False,2569,465,s0-step9050-f19of20-d3of4,120,4,3,10000,7431,,20,19,True,0.14678899082568808,109,16,True,valid_distinct_candidate,0.9534810870075965,462,6970,3,0,True,55,fresh_execution,valid_sparse_circuit,3295450948,c46c97447b6574aad5e8c2ae2db0c7414034e7474030ed093f7a563007fe1732,,,locally_single_deletion_minimal_sparse_mask,stage18-scaling-24a9adb84176,0,7,9050,120
True,False,2719,456,s0-step9050-f19of20-d3of4,120,4,3,10000,7281,,20,19,True,0.18421052631578946,38,7,True,valid_distinct_candidate,0.9522280523141985,452,6830,4,0,True,65,fresh_execution,valid_sparse_circuit,1396858475,53425e6b824fd8942ac479dda7a303e1641c1bb2f934fef0bc58de624753b0a4,,,locally_single_deletion_minimal_sparse_mask,stage18-scaling-24a9adb84176,0,7,9050,120
True,False,2659,459,s0-step9050-f19of20-d3of4,120,4,3,10000,7341,,20,19,True,0.25961538461538464,104,27,True,valid_distinct_candidate,0.9508183882841256,456,6886,5,0,True,61,fresh_execution,valid_sparse_circuit,373804194,1647cca2bb65fd826c8a04d3d0f290dca7300f87d2190793c7fed1a0aefce32d,,,locally_single_deletion_minimal_sparse_mask,stage18-scaling-24a9adb84176,0,7,9050,120
True,False,2779,452,s0-step9050-f19of20-d3of4,120,4,3,10000,7221,,20,19,True,0.17796610169491525,118,21,True,valid_distinct_candidate,0.9522280523141985,448,6774,6,0,True,69,fresh_execution,valid_sparse_circuit,356362478,153da8eea62b34cf618b9dd50d5a76c243d6b3d7621c2a6d44f9c2da206356c5,,,locally_single_deletion_minimal_sparse_mask,stage18-scaling-24a9adb84176,0,7,9050,120
False,True,0,375,s0-step9050-f19of20-d3of4,120,4,3,5999,5999,,20,19,False,0.25443786982248523,169,43,True,budget_exhaustion,1.0,375,5625,7,0,True,142,fresh_execution,budget_exhaustion,1107573204,420439d40299e404dbdfeb369dff985a95b7acad6206c19163ace4db21edf798,,,budget_exhausted_inside_candidate_batch,stage18-scaling-24a9adb84176,0,7,9050,120
True,False,2868,446,s0-step9050-f39of40-d1of4,121,4,1,10000,7132,,40,39,True,0.0,1,0,True,valid_distinct_candidate,0.975252564805388,441,6692,1,0,True,76,fresh_execution,valid_sparse_circuit,,,,,locally_single_deletion_minimal_sparse_mask,stage18-scaling-24a9adb84176,0,7,9050,121
True,False,2659,459,s0-step9050-f39of40-d1of4,121,4,1,10000,7341,,40,39,True,0.11382113821138211,123,14,True,valid_distinct_candidate,0.979559871563944,456,6886,2,0,True,61,fresh_execution,valid_sparse_circuit,3036069002,b4f6bc8a084b869fea800487e560efac1d1c030e7d54d6bd889c3c637746c400,,,locally_single_deletion_minimal_sparse_mask,stage18-scaling-24a9adb84176,0,7,9050,121
True,False,2688,457,s0-step9050-f39of40-d1of4,121,4,1,10000,7312,,40,39,True,0.15702479338842976,121,19,True,valid_distinct_candidate,0.9783851515388833,453,6860,3,0,True,64,fresh_execution,valid_sparse_circuit,3295450948,c46c97447b6574aad5e8c2ae2db0c7414034e7474030ed093f7a563007fe1732,,,locally_single_deletion_minimal_sparse_mask,stage18-scaling-24a9adb84176,0,7,9050,121
True,False,2704,456,s0-step9050-f39of40-d1of4,121,4,1,10000,7296,,40,39,True,0.21739130434782608,23,5,True,valid_distinct_candidate,0.9775236901871721,453,6844,4,0,True,64,fresh_execution,valid_sparse_circuit,1396858475,53425e6b824fd8942ac479dda7a303e1641c1bb2f934fef0bc58de624753b0a4,,,locally_single_deletion_minimal_sparse_mask,stage18-scaling-24a9adb84176,0,7,9050,121
True,False,2824,449,s0-step9050-f39of40-d1of4,121,4,1,10000,7176,,40,39,True,0.21311475409836064,61,13,True,valid_distinct_candidate,0.9768971728404731,445,6732,5,0,True,72,fresh_execution,valid_sparse_circuit,373804194,1647cca2bb65fd826c8a04d3d0f290dca7300f87d2190793c7fed1a0aefce32d,,,locally_single_deletion_minimal_sparse_mask,stage18-scaling-24a9adb84176,0,7,9050,121
True,False,2794,451,s0-step9050-f39of40-d1of4,121,4,1,10000,7206,,40,39,True,0.226890756302521,119,27,True,valid_distinct_candidate,0.9754091941420628,447,6760,6,0,True,70,fresh_execution,valid_sparse_circuit,356362478,153da8eea62b34cf618b9dd50d5a76c243d6b3d7621c2a6d44f9c2da206356c5,,,locally_single_deletion_minimal_sparse_mask,stage18-scaling-24a9adb84176,0,7,9050,121
False,True,0,409,s0-step9050-f39of40-d1of4,121,4,1,6537,6537,,40,39,False,0.29577464788732394,71,21,True,budget_exhaustion,0.9982770772965777,409,6129,7,0,True,108,fresh_execution,budget_exhaustion,1107573204,420439d40299e404dbdfeb369dff985a95b7acad6206c19163ace4db21edf798,,,budget_exhausted_inside_candidate_batch,stage18-scaling-24a9adb84176,0,7,9050,121
True,False,2868,446,s0-step9050-f39of40-d1of2,122,2,1,10000,7132,,40,39,True,0.0,1,0,True,valid_distinct_candidate,0.975252564805388,441,6692,1,0,True,76,fresh_execution,valid_sparse_circuit,,,,,locally_single_deletion_minimal_sparse_mask,stage18-scaling-24a9adb84176,0,7,9050,122
True,False,2659,459,s0-step9050-f39of40-d1of2,122,2,1,10000,7341,,40,39,True,0.11382113821138211,123,14,True,valid_distinct_candidate,0.979559871563944,456,6886,2,0,True,61,fresh_execution,valid_sparse_circuit,3036069002,b4f6bc8a084b869fea800487e560efac1d1c030e7d54d6bd889c3c637746c400,,,locally_single_deletion_minimal_sparse_mask,stage18-scaling-24a9adb84176,0,7,9050,122
True,False,2688,457,s0-step9050-f39of40-d1of2,122,2,1,10000,7312,,40,39,True,0.15702479338842976,121,19,True,valid_distinct_candidate,0.9783851515388833,453,6860,3,0,True,64,fresh_execution,valid_sparse_circuit,3295450948,c46c97447b6574aad5e8c2ae2db0c7414034e7474030ed093f7a563007fe1732,,,locally_single_deletion_minimal_sparse_mask,stage18-scaling-24a9adb84176,0,7,9050,122
True,False,2704,456,s0-step9050-f39of40-d1of2,122,2,1,10000,7296,,40,39,True,0.21739130434782608,23,5,True,valid_distinct_candidate,0.9775236901871721,453,6844,4,0,True,64,fresh_execution,valid_sparse_circuit,1396858475,53425e6b824fd8942ac479dda7a303e1641c1bb2f934fef0bc58de624753b0a4,,,locally_single_deletion_minimal_sparse_mask,stage18-scaling-24a9adb84176,0,7,9050,122
True,False,2824,449,s0-step9050-f39of40-d1of2,122,2,1,10000,7176,,40,39,True,0.21311475409836064,61,13,True,valid_distinct_candidate,0.9768971728404731,445,6732,5,0,True,72,fresh_execution,valid_sparse_circuit,373804194,1647cca2bb65fd826c8a04d3d0f290dca7300f87d2190793c7fed1a0aefce32d,,,locally_single_deletion_minimal_sparse_mask,stage18-scaling-24a9adb84176,0,7,9050,122
True,False,2794,451,s0-step9050-f39of40-d1of2,122,2,1,10000,7206,,40,39,True,0.226890756302521,119,27,True,valid_distinct_candidate,0.9754091941420628,447,6760,6,0,True,70,fresh_execution,valid_sparse_circuit,356362478,153da8eea62b34cf618b9dd50d5a76c243d6b3d7621c2a6d44f9c2da206356c5,,,locally_single_deletion_minimal_sparse_mask,stage18-scaling-24a9adb84176,0,7,9050,122
False,True,0,409,s0-step9050-f39of40-d1of2,122,2,1,6537,6537,,40,39,False,0.29577464788732394,71,21,True,budget_exhaustion,0.9982770772965777,409,6129,7,0,True,108,fresh_execution,budget_exhaustion,1107573204,420439d40299e404dbdfeb369dff985a95b7acad6206c19163ace4db21edf798,,,budget_exhausted_inside_candidate_batch,stage18-scaling-24a9adb84176,0,7,9050,122
True,False,2868,446,s0-step9050-f39of40-d3of4,123,4,3,10000,7132,,40,39,True,0.0,1,0,True,valid_distinct_candidate,0.975252564805388,441,6692,1,0,True,76,fresh_execution,valid_sparse_circuit,,,,,locally_single_deletion_minimal_sparse_mask,stage18-scaling-24a9adb84176,0,7,9050,123
True,False,2659,459,s0-step9050-f39of40-d3of4,123,4,3,10000,7341,,40,39,True,0.11382113821138211,123,14,True,valid_distinct_candidate,0.979559871563944,456,6886,2,0,True,61,fresh_execution,valid_sparse_circuit,3036069002,b4f6bc8a084b869fea800487e560efac1d1c030e7d54d6bd889c3c637746c400,,,locally_single_deletion_minimal_sparse_mask,stage18-scaling-24a9adb84176,0,7,9050,123
True,False,2688,457,s0-step9050-f39of40-d3of4,123,4,3,10000,7312,,40,39,True,0.15702479338842976,121,19,True,valid_distinct_candidate,0.9783851515388833,453,6860,3,0,True,64,fresh_execution,valid_sparse_circuit,3295450948,c46c97447b6574aad5e8c2ae2db0c7414034e7474030ed093f7a563007fe1732,,,locally_single_deletion_minimal_sparse_mask,stage18-scaling-24a9adb84176,0,7,9050,123
True,False,2704,456,s0-step9050-f39of40-d3of4,123,4,3,10000,7296,,40,39,True,0.21739130434782608,23,5,True,valid_distinct_candidate,0.9775236901871721,453,6844,4,0,True,64,fresh_execution,valid_sparse_circuit,1396858475,53425e6b824fd8942ac479dda7a303e1641c1bb2f934fef0bc58de624753b0a4,,,locally_single_deletion_minimal_sparse_mask,stage18-scaling-24a9adb84176,0,7,9050,123
True,False,2824,449,s0-step9050-f39of40-d3of4,123,4,3,10000,7176,,40,39,True,0.21311475409836064,61,13,True,valid_distinct_candidate,0.9768971728404731,445,6732,5,0,True,72,fresh_execution,valid_sparse_circuit,373804194,1647cca2bb65fd826c8a04d3d0f290dca7300f87d2190793c7fed1a0aefce32d,,,locally_single_deletion_minimal_sparse_mask,stage18-scaling-24a9adb84176,0,7,9050,123
True,False,2794,451,s0-step9050-f39of40-d3of4,123,4,3,10000,7206,,40,39,True,0.226890756302521,119,27,True,valid_distinct_candidate,0.9754091941420628,447,6760,6,0,True,70,fresh_execution,valid_sparse_circuit,356362478,153da8eea62b34cf618b9dd50d5a76c243d6b3d7621c2a6d44f9c2da206356c5,,,locally_single_deletion_minimal_sparse_mask,stage18-scaling-24a9adb84176,0,7,9050,123
False,True,0,409,s0-step9050-f39of40-d3of4,123,4,3,6537,6537,,40,39,False,0.29577464788732394,71,21,True,budget_exhaustion,0.9982770772965777,409,6129,7,0,True,108,fresh_execution,budget_exhaustion,1107573204,420439d40299e404dbdfeb369dff985a95b7acad6206c19163ace4db21edf798,,,budget_exhausted_inside_candidate_batch,stage18-scaling-24a9adb84176,0,7,9050,123
True,False,3004,438,s0-step9050-f99of100-d1of4,124,4,1,10000,6996,,100,99,True,0.0,1,0,True,valid_distinct_candidate,0.9913070718145509,433,6564,1,0,True,84,fresh_execution,valid_sparse_circuit,,,,,locally_single_deletion_minimal_sparse_mask,stage18-scaling-24a9adb84176,0,7,9050,124
True,False,2734,455,s0-step9050-f99of100-d1of4,124,4,1,10000,7266,,100,99,True,0.0948905109489051,137,13,True,valid_distinct_candidate,0.9917769598245751,451,6816,2,0,True,66,fresh_execution,valid_sparse_circuit,3036069002,b4f6bc8a084b869fea800487e560efac1d1c030e7d54d6bd889c3c637746c400,,,locally_single_deletion_minimal_sparse_mask,stage18-scaling-24a9adb84176,0,7,9050,124
True,False,2808,450,s0-step9050-f99of100-d1of4,124,4,1,10000,7192,,100,99,True,0.14705882352941177,34,5,True,valid_distinct_candidate,0.9911504424778761,445,6748,3,0,True,72,fresh_execution,valid_sparse_circuit,3295450948,c46c97447b6574aad5e8c2ae2db0c7414034e7474030ed093f7a563007fe1732,,,locally_single_deletion_minimal_sparse_mask,stage18-scaling-24a9adb84176,0,7,9050,124
True,False,2807,450,s0-step9050-f99of100-d1of4,124,4,1,10000,7193,,100,99,True,0.1984732824427481,131,26,True,valid_distinct_candidate,0.9902106664578275,444,6750,4,0,True,73,fresh_execution,valid_sparse_circuit,1396858475,53425e6b824fd8942ac479dda7a303e1641c1bb2f934fef0bc58de624753b0a4,,,locally_single_deletion_minimal_sparse_mask,stage18-scaling-24a9adb84176,0,7,9050,124
True,False,2794,451,s0-step9050-f99of100-d1of4,124,4,1,10000,7206,,100,99,True,0.18461538461538463,65,12,True,valid_distinct_candidate,0.9906022397995145,447,6760,5,0,True,70,fresh_execution,valid_sparse_circuit,373804194,1647cca2bb65fd826c8a04d3d0f290dca7300f87d2190793c7fed1a0aefce32d,,,locally_single_deletion_minimal_sparse_mask,stage18-scaling-24a9adb84176,0,7,9050,124
False,False,2733,455,s0-step9050-f99of100-d1of4,124,4,1,10000,7267,,100,99,True,0.2796610169491525,118,33,True,distinctness_failure,0.9906805544678519,450,6818,6,0,True,67,fresh_execution,valid_sparse_circuit,356362478,153da8eea62b34cf618b9dd50d5a76c243d6b3d7621c2a6d44f9c2da206356c5,,,locally_single_deletion_minimal_sparse_mask,stage18-scaling-24a9adb84176,0,7,9050,124
False,True,0,171,s0-step9050-f99of100-d1of4,124,4,1,2733,2733,,100,99,False,0.1497326203208556,187,28,False,budget_exhaustion,1.0,171,2563,6,1,True,346,fresh_execution,budget_exhaustion,676101507,284c7d83af79a23b3340b202a6d4dd787ed9b04873c4dc0101d484a89e77f285,,,budget_exhausted_inside_candidate_batch,stage18-scaling-24a9adb84176,0,7,9050,124
True,False,3004,438,s0-step9050-f99of100-d1of2,125,2,1,10000,6996,,100,99,True,0.0,1,0,True,valid_distinct_candidate,0.9913070718145509,433,6564,1,0,True,84,fresh_execution,valid_sparse_circuit,,,,,locally_single_deletion_minimal_sparse_mask,stage18-scaling-24a9adb84176,0,7,9050,125
True,False,2734,455,s0-step9050-f99of100-d1of2,125,2,1,10000,7266,,100,99,True,0.0948905109489051,137,13,True,valid_distinct_candidate,0.9917769598245751,451,6816,2,0,True,66,fresh_execution,valid_sparse_circuit,3036069002,b4f6bc8a084b869fea800487e560efac1d1c030e7d54d6bd889c3c637746c400,,,locally_single_deletion_minimal_sparse_mask,stage18-scaling-24a9adb84176,0,7,9050,125
True,False,2808,450,s0-step9050-f99of100-d1of2,125,2,1,10000,7192,,100,99,True,0.14705882352941177,34,5,True,valid_distinct_candidate,0.9911504424778761,445,6748,3,0,True,72,fresh_execution,valid_sparse_circuit,3295450948,c46c97447b6574aad5e8c2ae2db0c7414034e7474030ed093f7a563007fe1732,,,locally_single_deletion_minimal_sparse_mask,stage18-scaling-24a9adb84176,0,7,9050,125
True,False,2807,450,s0-step9050-f99of100-d1of2,125,2,1,10000,7193,,100,99,True,0.1984732824427481,131,26,True,valid_distinct_candidate,0.9902106664578275,444,6750,4,0,True,73,fresh_execution,valid_sparse_circuit,1396858475,53425e6b824fd8942ac479dda7a303e1641c1bb2f934fef0bc58de624753b0a4,,,locally_single_deletion_minimal_sparse_mask,stage18-scaling-24a9adb84176,0,7,9050,125
True,False,2794,451,s0-step9050-f99of100-d1of2,125,2,1,10000,7206,,100,99,True,0.18461538461538463,65,12,True,valid_distinct_candidate,0.9906022397995145,447,6760,5,0,True,70,fresh_execution,valid_sparse_circuit,373804194,1647cca2bb65fd826c8a04d3d0f290dca7300f87d2190793c7fed1a0aefce32d,,,locally_single_deletion_minimal_sparse_mask,stage18-scaling-24a9adb84176,0,7,9050,125
True,False,2733,455,s0-step9050-f99of100-d1of2,125,2,1,10000,7267,,100,99,True,0.2796610169491525,118,33,True,valid_distinct_candidate,0.9906805544678519,450,6818,6,0,True,67,fresh_execution,valid_sparse_circuit,356362478,153da8eea62b34cf618b9dd50d5a76c243d6b3d7621c2a6d44f9c2da206356c5,,,locally_single_deletion_minimal_sparse_mask,stage18-scaling-24a9adb84176,0,7,9050,125
False,True,0,430,s0-step9050-f99of100-d1of2,125,2,1,6880,6880,,100,99,False,0.24087591240875914,137,33,True,budget_exhaustion,0.9957710079097815,430,6450,7,0,True,86,fresh_execution,budget_exhaustion,1107573204,420439d40299e404dbdfeb369dff985a95b7acad6206c19163ace4db21edf798,,,budget_exhausted_before_next_ranking,stage18-scaling-24a9adb84176,0,7,9050,125
True,False,3004,438,s0-step9050-f99of100-d3of4,126,4,3,10000,6996,,100,99,True,0.0,1,0,True,valid_distinct_candidate,0.9913070718145509,433,6564,1,0,True,84,fresh_execution,valid_sparse_circuit,,,,,locally_single_deletion_minimal_sparse_mask,stage18-scaling-24a9adb84176,0,7,9050,126
True,False,2734,455,s0-step9050-f99of100-d3of4,126,4,3,10000,7266,,100,99,True,0.0948905109489051,137,13,True,valid_distinct_candidate,0.9917769598245751,451,6816,2,0,True,66,fresh_execution,valid_sparse_circuit,3036069002,b4f6bc8a084b869fea800487e560efac1d1c030e7d54d6bd889c3c637746c400,,,locally_single_deletion_minimal_sparse_mask,stage18-scaling-24a9adb84176,0,7,9050,126
True,False,2808,450,s0-step9050-f99of100-d3of4,126,4,3,10000,7192,,100,99,True,0.14705882352941177,34,5,True,valid_distinct_candidate,0.9911504424778761,445,6748,3,0,True,72,fresh_execution,valid_sparse_circuit,3295450948,c46c97447b6574aad5e8c2ae2db0c7414034e7474030ed093f7a563007fe1732,,,locally_single_deletion_minimal_sparse_mask,stage18-scaling-24a9adb84176,0,7,9050,126
True,False,2807,450,s0-step9050-f99of100-d3of4,126,4,3,10000,7193,,100,99,True,0.1984732824427481,131,26,True,valid_distinct_candidate,0.9902106664578275,444,6750,4,0,True,73,fresh_execution,valid_sparse_circuit,1396858475,53425e6b824fd8942ac479dda7a303e1641c1bb2f934fef0bc58de624753b0a4,,,locally_single_deletion_minimal_sparse_mask,stage18-scaling-24a9adb84176,0,7,9050,126
True,False,2794,451,s0-step9050-f99of100-d3of4,126,4,3,10000,7206,,100,99,True,0.18461538461538463,65,12,True,valid_distinct_candidate,0.9906022397995145,447,6760,5,0,True,70,fresh_execution,valid_sparse_circuit,373804194,1647cca2bb65fd826c8a04d3d0f290dca7300f87d2190793c7fed1a0aefce32d,,,locally_single_deletion_minimal_sparse_mask,stage18-scaling-24a9adb84176,0,7,9050,126
True,False,2733,455,s0-step9050-f99of100-d3of4,126,4,3,10000,7267,,100,99,True,0.2796610169491525,118,33,True,valid_distinct_candidate,0.9906805544678519,450,6818,6,0,True,67,fresh_execution,valid_sparse_circuit,356362478,153da8eea62b34cf618b9dd50d5a76c243d6b3d7621c2a6d44f9c2da206356c5,,,locally_single_deletion_minimal_sparse_mask,stage18-scaling-24a9adb84176,0,7,9050,126
False,True,0,430,s0-step9050-f99of100-d3of4,126,4,3,6880,6880,,100,99,False,0.24087591240875914,137,33,True,budget_exhaustion,0.9957710079097815,430,6450,7,0,True,86,fresh_execution,budget_exhaustion,1107573204,420439d40299e404dbdfeb369dff985a95b7acad6206c19163ace4db21edf798,,,budget_exhausted_before_next_ranking,stage18-scaling-24a9adb84176,0,7,9050,126
False,False,8576,89,s1-step200-f4of5-d1of4,127,4,1,10000,1424,,5,4,True,0.0,1,0,False,sparsity_failure,0.80006265173467,21,1404,1,0,True,496,fresh_execution,valid_but_not_meaningfully_sparse,,,,,locally_single_deletion_minimal_nonsparse_mask,stage18-scaling-24a9adb84176,1,1,200,127
False,False,8576,89,s1-step200-f4of5-d1of2,128,2,1,10000,1424,,5,4,True,0.0,1,0,False,sparsity_failure,0.80006265173467,21,1404,1,0,True,496,fresh_execution,valid_but_not_meaningfully_sparse,,,,,locally_single_deletion_minimal_nonsparse_mask,stage18-scaling-24a9adb84176,1,1,200,128
False,False,8576,89,s1-step200-f4of5-d3of4,129,4,3,10000,1424,,5,4,True,0.0,1,0,False,sparsity_failure,0.80006265173467,21,1404,1,0,True,496,fresh_execution,valid_but_not_meaningfully_sparse,,,,,locally_single_deletion_minimal_nonsparse_mask,stage18-scaling-24a9adb84176,1,1,200,129
False,False,8584,89,s1-step200-f17of20-d1of4,130,4,1,10000,1416,,20,17,True,0.0,1,0,False,sparsity_failure,0.8501057248022554,13,1404,1,0,True,504,fresh_execution,valid_but_not_meaningfully_sparse,,,,,locally_single_deletion_minimal_nonsparse_mask,stage18-scaling-24a9adb84176,1,1,200,130
False,False,8584,89,s1-step200-f17of20-d1of2,131,2,1,10000,1416,,20,17,True,0.0,1,0,False,sparsity_failure,0.8501057248022554,13,1404,1,0,True,504,fresh_execution,valid_but_not_meaningfully_sparse,,,,,locally_single_deletion_minimal_nonsparse_mask,stage18-scaling-24a9adb84176,1,1,200,131
False,False,8584,89,s1-step200-f17of20-d3of4,132,4,3,10000,1416,,20,17,True,0.0,1,0,False,sparsity_failure,0.8501057248022554,13,1404,1,0,True,504,fresh_execution,valid_but_not_meaningfully_sparse,,,,,locally_single_deletion_minimal_nonsparse_mask,stage18-scaling-24a9adb84176,1,1,200,132
False,False,8947,66,s1-step200-f9of10-d1of4,133,4,1,10000,1053,,10,9,True,0.0,1,0,False,sparsity_failure,0.9002271125381784,8,1046,1,0,True,509,fresh_execution,valid_but_not_meaningfully_sparse,,,,,locally_single_deletion_minimal_nonsparse_mask,stage18-scaling-24a9adb84176,1,1,200,133
False,False,8947,66,s1-step200-f9of10-d1of2,134,2,1,10000,1053,,10,9,True,0.0,1,0,False,sparsity_failure,0.9002271125381784,8,1046,1,0,True,509,fresh_execution,valid_but_not_meaningfully_sparse,,,,,locally_single_deletion_minimal_nonsparse_mask,stage18-scaling-24a9adb84176,1,1,200,134
False,False,8947,66,s1-step200-f9of10-d3of4,135,4,3,10000,1053,,10,9,True,0.0,1,0,False,sparsity_failure,0.9002271125381784,8,1046,1,0,True,509,fresh_execution,valid_but_not_meaningfully_sparse,,,,,locally_single_deletion_minimal_nonsparse_mask,stage18-scaling-24a9adb84176,1,1,200,135
False,False,9136,54,s1-step200-f19of20-d1of4,136,4,1,10000,864,,20,19,True,0.0,1,0,False,sparsity_failure,0.9501135562690892,5,860,1,0,True,512,fresh_execution,valid_but_not_meaningfully_sparse,,,,,locally_single_deletion_minimal_nonsparse_mask,stage18-scaling-24a9adb84176,1,1,200,136
False,False,9136,54,s1-step200-f19of20-d1of2,137,2,1,10000,864,,20,19,True,0.0,1,0,False,sparsity_failure,0.9501135562690892,5,860,1,0,True,512,fresh_execution,valid_but_not_meaningfully_sparse,,,,,locally_single_deletion_minimal_nonsparse_mask,stage18-scaling-24a9adb84176,1,1,200,137
False,False,9136,54,s1-step200-f19of20-d3of4,138,4,3,10000,864,,20,19,True,0.0,1,0,False,sparsity_failure,0.9501135562690892,5,860,1,0,True,512,fresh_execution,valid_but_not_meaningfully_sparse,,,,,locally_single_deletion_minimal_nonsparse_mask,stage18-scaling-24a9adb84176,1,1,200,138
False,False,9310,44,s1-step200-f39of40-d1of4,139,4,1,10000,690,,40,39,True,0.0,1,0,False,sparsity_failure,0.9770538021771478,3,688,1,0,True,514,fresh_execution,valid_but_not_meaningfully_sparse,,,,,locally_single_deletion_minimal_nonsparse_mask,stage18-scaling-24a9adb84176,1,1,200,139
False,False,9310,44,s1-step200-f39of40-d1of2,140,2,1,10000,690,,40,39,True,0.0,1,0,False,sparsity_failure,0.9770538021771478,3,688,1,0,True,514,fresh_execution,valid_but_not_meaningfully_sparse,,,,,locally_single_deletion_minimal_nonsparse_mask,stage18-scaling-24a9adb84176,1,1,200,140
False,False,9310,44,s1-step200-f39of40-d3of4,141,4,3,10000,690,,40,39,True,0.0,1,0,False,sparsity_failure,0.9770538021771478,3,688,1,0,True,514,fresh_execution,valid_but_not_meaningfully_sparse,,,,,locally_single_deletion_minimal_nonsparse_mask,stage18-scaling-24a9adb84176,1,1,200,141
False,False,9389,39,s1-step200-f99of100-d1of4,142,4,1,10000,611,,100,99,True,0.0,1,0,False,sparsity_failure,0.9916203304879004,2,610,1,0,True,515,fresh_execution,valid_but_not_meaningfully_sparse,,,,,locally_single_deletion_minimal_nonsparse_mask,stage18-scaling-24a9adb84176,1,1,200,142
False,False,9389,39,s1-step200-f99of100-d1of2,143,2,1,10000,611,,100,99,True,0.0,1,0,False,sparsity_failure,0.9916203304879004,2,610,1,0,True,515,fresh_execution,valid_but_not_meaningfully_sparse,,,,,locally_single_deletion_minimal_nonsparse_mask,stage18-scaling-24a9adb84176,1,1,200,143
False,False,9389,39,s1-step200-f99of100-d3of4,144,4,3,10000,611,,100,99,True,0.0,1,0,False,sparsity_failure,0.9916203304879004,2,610,1,0,True,515,fresh_execution,valid_but_not_meaningfully_sparse,,,,,locally_single_deletion_minimal_nonsparse_mask,stage18-scaling-24a9adb84176,1,1,200,144
False,False,8524,93,s1-step3400-f4of5-d1of4,145,4,1,10000,1476,,5,4,True,0.0,1,0,False,sparsity_failure,0.8003759104080195,33,1444,1,0,True,484,fresh_execution,valid_but_not_meaningfully_sparse,,,,,locally_single_deletion_minimal_nonsparse_mask,stage18-scaling-24a9adb84176,1,2,3400,145
False,False,8524,93,s1-step3400-f4of5-d1of2,146,2,1,10000,1476,,5,4,True,0.0,1,0,False,sparsity_failure,0.8003759104080195,33,1444,1,0,True,484,fresh_execution,valid_but_not_meaningfully_sparse,,,,,locally_single_deletion_minimal_nonsparse_mask,stage18-scaling-24a9adb84176,1,2,3400,146
False,False,8524,93,s1-step3400-f4of5-d3of4,147,4,3,10000,1476,,5,4,True,0.0,1,0,False,sparsity_failure,0.8003759104080195,33,1444,1,0,True,484,fresh_execution,valid_but_not_meaningfully_sparse,,,,,locally_single_deletion_minimal_nonsparse_mask,stage18-scaling-24a9adb84176,1,2,3400,147
False,False,9244,48,s1-step3400-f17of20-d1of4,148,4,1,10000,756,,20,17,True,0.0,1,0,False,sparsity_failure,0.8505756128122798,17,740,1,0,True,500,fresh_execution,valid_but_not_meaningfully_sparse,,,,,locally_single_deletion_minimal_nonsparse_mask,stage18-scaling-24a9adb84176,1,2,3400,148
False,False,9244,48,s1-step3400-f17of20-d1of2,149,2,1,10000,756,,20,17,True,0.0,1,0,False,sparsity_failure,0.8505756128122798,17,740,1,0,True,500,fresh_execution,valid_but_not_meaningfully_sparse,,,,,locally_single_deletion_minimal_nonsparse_mask,stage18-scaling-24a9adb84176,1,2,3400,149
False,False,9244,48,s1-step3400-f17of20-d3of4,150,4,3,10000,756,,20,17,True,0.0,1,0,False,sparsity_failure,0.8505756128122798,17,740,1,0,True,500,fresh_execution,valid_but_not_meaningfully_sparse,,,,,locally_single_deletion_minimal_nonsparse_mask,stage18-scaling-24a9adb84176,1,2,3400,150
False,False,8792,76,s1-step3400-f9of10-d1of4,151,4,1,10000,1208,,10,9,True,0.0,1,0,False,sparsity_failure,0.9003837418748531,13,1196,1,0,True,504,fresh_execution,valid_but_not_meaningfully_sparse,,,,,locally_single_deletion_minimal_nonsparse_mask,stage18-scaling-24a9adb84176,1,2,3400,151
False,False,8792,76,s1-step3400-f9of10-d1of2,152,2,1,10000,1208,,10,9,True,0.0,1,0,False,sparsity_failure,0.9003837418748531,13,1196,1,0,True,504,fresh_execution,valid_but_not_meaningfully_sparse,,,,,locally_single_deletion_minimal_nonsparse_mask,stage18-scaling-24a9adb84176,1,2,3400,152
False,False,8792,76,s1-step3400-f9of10-d3of4,153,4,3,10000,1208,,10,9,True,0.0,1,0,False,sparsity_failure,0.9003837418748531,13,1196,1,0,True,504,fresh_execution,valid_but_not_meaningfully_sparse,,,,,locally_single_deletion_minimal_nonsparse_mask,stage18-scaling-24a9adb84176,1,2,3400,153
False,False,9201,50,s1-step3400-f19of20-d1of4,154,4,1,10000,799,,20,19,True,0.0,1,0,False,sparsity_failure,0.9501135562690892,6,794,1,0,True,511,fresh_execution,valid_but_not_meaningfully_sparse,,,,,locally_single_deletion_minimal_nonsparse_mask,stage18-scaling-24a9adb84176,1,2,3400,154
False,False,9201,50,s1-step3400-f19of20-d1of2,155,2,1,10000,799,,20,19,True,0.0,1,0,False,sparsity_failure,0.9501135562690892,6,794,1,0,True,511,fresh_execution,valid_but_not_meaningfully_sparse,,,,,locally_single_deletion_minimal_nonsparse_mask,stage18-scaling-24a9adb84176,1,2,3400,155
False,False,9201,50,s1-step3400-f19of20-d3of4,156,4,3,10000,799,,20,19,True,0.0,1,0,False,sparsity_failure,0.9501135562690892,6,794,1,0,True,511,fresh_execution,valid_but_not_meaningfully_sparse,,,,,locally_single_deletion_minimal_nonsparse_mask,stage18-scaling-24a9adb84176,1,2,3400,156
False,False,9469,34,s1-step3400-f39of40-d1of4,157,4,1,10000,531,,40,39,True,0.0,1,0,False,sparsity_failure,0.9768971728404731,2,530,1,0,True,515,fresh_execution,valid_but_not_meaningfully_sparse,,,,,locally_single_deletion_minimal_nonsparse_mask,stage18-scaling-24a9adb84176,1,2,3400,157
False,False,9469,34,s1-step3400-f39of40-d1of2,158,2,1,10000,531,,40,39,True,0.0,1,0,False,sparsity_failure,0.9768971728404731,2,530,1,0,True,515,fresh_execution,valid_but_not_meaningfully_sparse,,,,,locally_single_deletion_minimal_nonsparse_mask,stage18-scaling-24a9adb84176,1,2,3400,158
False,False,9469,34,s1-step3400-f39of40-d3of4,159,4,3,10000,531,,40,39,True,0.0,1,0,False,sparsity_failure,0.9768971728404731,2,530,1,0,True,515,fresh_execution,valid_but_not_meaningfully_sparse,,,,,locally_single_deletion_minimal_nonsparse_mask,stage18-scaling-24a9adb84176,1,2,3400,159
False,False,9245,48,s1-step3400-f99of100-d1of4,160,4,1,10000,755,,100,99,True,0.0,1,0,False,sparsity_failure,0.9920119038295873,2,754,1,0,True,515,fresh_execution,valid_but_not_meaningfully_sparse,,,,,locally_single_deletion_minimal_nonsparse_mask,stage18-scaling-24a9adb84176,1,2,3400,160
False,False,9245,48,s1-step3400-f99of100-d1of2,161,2,1,10000,755,,100,99,True,0.0,1,0,False,sparsity_failure,0.9920119038295873,2,754,1,0,True,515,fresh_execution,valid_but_not_meaningfully_sparse,,,,,locally_single_deletion_minimal_nonsparse_mask,stage18-scaling-24a9adb84176,1,2,3400,161
False,False,9245,48,s1-step3400-f99of100-d3of4,162,4,3,10000,755,,100,99,True,0.0,1,0,False,sparsity_failure,0.9920119038295873,2,754,1,0,True,515,fresh_execution,valid_but_not_meaningfully_sparse,,,,,locally_single_deletion_minimal_nonsparse_mask,stage18-scaling-24a9adb84176,1,2,3400,162
False,False,8192,113,s1-step7450-f4of5-d1of4,163,4,1,10000,1808,,5,4,True,0.0,1,0,False,sparsity_failure,0.80006265173467,53,1756,1,0,True,464,fresh_execution,valid_but_not_meaningfully_sparse,,,,,locally_single_deletion_minimal_nonsparse_mask,stage18-scaling-24a9adb84176,1,3,7450,163
False,False,8192,113,s1-step7450-f4of5-d1of2,164,2,1,10000,1808,,5,4,True,0.0,1,0,False,sparsity_failure,0.80006265173467,53,1756,1,0,True,464,fresh_execution,valid_but_not_meaningfully_sparse,,,,,locally_single_deletion_minimal_nonsparse_mask,stage18-scaling-24a9adb84176,1,3,7450,164
False,False,8192,113,s1-step7450-f4of5-d3of4,165,4,3,10000,1808,,5,4,True,0.0,1,0,False,sparsity_failure,0.80006265173467,53,1756,1,0,True,464,fresh_execution,valid_but_not_meaningfully_sparse,,,,,locally_single_deletion_minimal_nonsparse_mask,stage18-scaling-24a9adb84176,1,3,7450,165
False,False,8653,85,s1-step7450-f17of20-d1of4,166,4,1,10000,1347,,20,17,True,0.0,1,0,False,sparsity_failure,0.8500274101339181,34,1314,1,0,True,483,fresh_execution,valid_but_not_meaningfully_sparse,,,,,locally_single_deletion_minimal_nonsparse_mask,stage18-scaling-24a9adb84176,1,3,7450,166
False,False,8653,85,s1-step7450-f17of20-d1of2,167,2,1,10000,1347,,20,17,True,0.0,1,0,False,sparsity_failure,0.8500274101339181,34,1314,1,0,True,483,fresh_execution,valid_but_not_meaningfully_sparse,,,,,locally_single_deletion_minimal_nonsparse_mask,stage18-scaling-24a9adb84176,1,3,7450,167
False,False,8653,85,s1-step7450-f17of20-d3of4,168,4,3,10000,1347,,20,17,True,0.0,1,0,False,sparsity_failure,0.8500274101339181,34,1314,1,0,True,483,fresh_execution,valid_but_not_meaningfully_sparse,,,,,locally_single_deletion_minimal_nonsparse_mask,stage18-scaling-24a9adb84176,1,3,7450,168
False,False,8497,94,s1-step7450-f9of10-d1of4,169,4,1,10000,1503,,10,9,True,0.0,1,0,False,sparsity_failure,0.9000704832015036,22,1482,1,0,True,495,fresh_execution,valid_but_not_meaningfully_sparse,,,,,locally_single_deletion_minimal_nonsparse_mask,stage18-scaling-24a9adb84176,1,3,7450,169
False,False,8497,94,s1-step7450-f9of10-d1of2,170,2,1,10000,1503,,10,9,True,0.0,1,0,False,sparsity_failure,0.9000704832015036,22,1482,1,0,True,495,fresh_execution,valid_but_not_meaningfully_sparse,,,,,locally_single_deletion_minimal_nonsparse_mask,stage18-scaling-24a9adb84176,1,3,7450,170
False,False,8497,94,s1-step7450-f9of10-d3of4,171,4,3,10000,1503,,10,9,True,0.0,1,0,False,sparsity_failure,0.9000704832015036,22,1482,1,0,True,495,fresh_execution,valid_but_not_meaningfully_sparse,,,,,locally_single_deletion_minimal_nonsparse_mask,stage18-scaling-24a9adb84176,1,3,7450,171
False,False,9219,49,s1-step7450-f19of20-d1of4,172,4,1,10000,781,,20,19,True,0.0,1,0,False,sparsity_failure,0.9507400736157883,8,774,1,0,True,509,fresh_execution,valid_but_not_meaningfully_sparse,,,,,locally_single_deletion_minimal_nonsparse_mask,stage18-scaling-24a9adb84176,1,3,7450,172
False,False,9219,49,s1-step7450-f19of20-d1of2,173,2,1,10000,781,,20,19,True,0.0,1,0,False,sparsity_failure,0.9507400736157883,8,774,1,0,True,509,fresh_execution,valid_but_not_meaningfully_sparse,,,,,locally_single_deletion_minimal_nonsparse_mask,stage18-scaling-24a9adb84176,1,3,7450,173
False,False,9219,49,s1-step7450-f19of20-d3of4,174,4,3,10000,781,,20,19,True,0.0,1,0,False,sparsity_failure,0.9507400736157883,8,774,1,0,True,509,fresh_execution,valid_but_not_meaningfully_sparse,,,,,locally_single_deletion_minimal_nonsparse_mask,stage18-scaling-24a9adb84176,1,3,7450,174
False,False,9454,35,s1-step7450-f39of40-d1of4,175,4,1,10000,546,,40,39,True,0.0,1,0,False,sparsity_failure,0.9761140261570992,3,544,1,0,True,514,fresh_execution,valid_but_not_meaningfully_sparse,,,,,locally_single_deletion_minimal_nonsparse_mask,stage18-scaling-24a9adb84176,1,3,7450,175
False,False,9454,35,s1-step7450-f39of40-d1of2,176,2,1,10000,546,,40,39,True,0.0,1,0,False,sparsity_failure,0.9761140261570992,3,544,1,0,True,514,fresh_execution,valid_but_not_meaningfully_sparse,,,,,locally_single_deletion_minimal_nonsparse_mask,stage18-scaling-24a9adb84176,1,3,7450,176
False,False,9454,35,s1-step7450-f39of40-d3of4,177,4,3,10000,546,,40,39,True,0.0,1,0,False,sparsity_failure,0.9761140261570992,3,544,1,0,True,514,fresh_execution,valid_but_not_meaningfully_sparse,,,,,locally_single_deletion_minimal_nonsparse_mask,stage18-scaling-24a9adb84176,1,3,7450,177
False,False,9421,37,s1-step7450-f99of100-d1of4,178,4,1,10000,579,,100,99,True,0.0,1,0,False,sparsity_failure,0.9906022397995145,2,578,1,0,True,515,fresh_execution,valid_but_not_meaningfully_sparse,,,,,locally_single_deletion_minimal_nonsparse_mask,stage18-scaling-24a9adb84176,1,3,7450,178
False,False,9421,37,s1-step7450-f99of100-d1of2,179,2,1,10000,579,,100,99,True,0.0,1,0,False,sparsity_failure,0.9906022397995145,2,578,1,0,True,515,fresh_execution,valid_but_not_meaningfully_sparse,,,,,locally_single_deletion_minimal_nonsparse_mask,stage18-scaling-24a9adb84176,1,3,7450,179
False,False,9421,37,s1-step7450-f99of100-d3of4,180,4,3,10000,579,,100,99,True,0.0,1,0,False,sparsity_failure,0.9906022397995145,2,578,1,0,True,515,fresh_execution,valid_but_not_meaningfully_sparse,,,,,locally_single_deletion_minimal_nonsparse_mask,stage18-scaling-24a9adb84176,1,3,7450,180
False,False,4913,318,s1-step8150-f4of5-d1of4,181,4,1,10000,5087,,5,4,True,0.0,1,0,False,sparsity_failure,0.8002975957396821,134,4954,1,0,True,383,fresh_execution,valid_but_not_meaningfully_sparse,,,,,locally_single_deletion_minimal_nonsparse_mask,stage18-scaling-24a9adb84176,1,4,8150,181
False,False,4913,318,s1-step8150-f4of5-d1of2,182,2,1,10000,5087,,5,4,True,0.0,1,0,False,sparsity_failure,0.8002975957396821,134,4954,1,0,True,383,fresh_execution,valid_but_not_meaningfully_sparse,,,,,locally_single_deletion_minimal_nonsparse_mask,stage18-scaling-24a9adb84176,1,4,8150,182
False,False,4913,318,s1-step8150-f4of5-d3of4,183,4,3,10000,5087,,5,4,True,0.0,1,0,False,sparsity_failure,0.8002975957396821,134,4954,1,0,True,383,fresh_execution,valid_but_not_meaningfully_sparse,,,,,locally_single_deletion_minimal_nonsparse_mask,stage18-scaling-24a9adb84176,1,4,8150,183
False,False,5212,300,s1-step8150-f17of20-d1of4,184,4,1,10000,4788,,20,17,True,0.0,1,0,False,sparsity_failure,0.8500274101339181,97,4692,1,0,True,420,fresh_execution,valid_but_not_meaningfully_sparse,,,,,locally_single_deletion_minimal_nonsparse_mask,stage18-scaling-24a9adb84176,1,4,8150,184
False,False,5212,300,s1-step8150-f17of20-d1of2,185,2,1,10000,4788,,20,17,True,0.0,1,0,False,sparsity_failure,0.8500274101339181,97,4692,1,0,True,420,fresh_execution,valid_but_not_meaningfully_sparse,,,,,locally_single_deletion_minimal_nonsparse_mask,stage18-scaling-24a9adb84176,1,4,8150,185
False,False,5212,300,s1-step8150-f17of20-d3of4,186,4,3,10000,4788,,20,17,True,0.0,1,0,False,sparsity_failure,0.8500274101339181,97,4692,1,0,True,420,fresh_execution,valid_but_not_meaningfully_sparse,,,,,locally_single_deletion_minimal_nonsparse_mask,stage18-scaling-24a9adb84176,1,4,8150,186
False,False,7287,170,s1-step8150-f9of10-d1of4,187,4,1,10000,2713,,10,9,True,0.0,1,0,False,sparsity_failure,0.9000704832015036,44,2670,1,0,True,473,fresh_execution,valid_but_not_meaningfully_sparse,,,,,locally_single_deletion_minimal_nonsparse_mask,stage18-scaling-24a9adb84176,1,4,8150,187
False,False,7287,170,s1-step8150-f9of10-d1of2,188,2,1,10000,2713,,10,9,True,0.0,1,0,False,sparsity_failure,0.9000704832015036,44,2670,1,0,True,473,fresh_execution,valid_but_not_meaningfully_sparse,,,,,locally_single_deletion_minimal_nonsparse_mask,stage18-scaling-24a9adb84176,1,4,8150,188
False,False,7287,170,s1-step8150-f9of10-d3of4,189,4,3,10000,2713,,10,9,True,0.0,1,0,False,sparsity_failure,0.9000704832015036,44,2670,1,0,True,473,fresh_execution,valid_but_not_meaningfully_sparse,,,,,locally_single_deletion_minimal_nonsparse_mask,stage18-scaling-24a9adb84176,1,4,8150,189
False,False,8477,96,s1-step8150-f19of20-d1of4,190,4,1,10000,1523,,20,19,True,0.0,1,0,False,sparsity_failure,0.9503485002741013,18,1506,1,0,True,499,fresh_execution,valid_but_not_meaningfully_sparse,,,,,locally_single_deletion_minimal_nonsparse_mask,stage18-scaling-24a9adb84176,1,4,8150,190
False,False,8477,96,s1-step8150-f19of20-d1of2,191,2,1,10000,1523,,20,19,True,0.0,1,0,False,sparsity_failure,0.9503485002741013,18,1506,1,0,True,499,fresh_execution,valid_but_not_meaningfully_sparse,,,,,locally_single_deletion_minimal_nonsparse_mask,stage18-scaling-24a9adb84176,1,4,8150,191
False,False,8477,96,s1-step8150-f19of20-d3of4,192,4,3,10000,1523,,20,19,True,0.0,1,0,False,sparsity_failure,0.9503485002741013,18,1506,1,0,True,499,fresh_execution,valid_but_not_meaningfully_sparse,,,,,locally_single_deletion_minimal_nonsparse_mask,stage18-scaling-24a9adb84176,1,4,8150,192
False,False,9408,37,s1-step8150-f39of40-d1of4,193,4,1,10000,592,,40,39,True,0.0,1,0,False,sparsity_failure,0.9755658234787375,5,588,1,0,True,512,fresh_execution,valid_but_not_meaningfully_sparse,,,,,locally_single_deletion_minimal_nonsparse_mask,stage18-scaling-24a9adb84176,1,4,8150,193
False,False,9408,37,s1-step8150-f39of40-d1of2,194,2,1,10000,592,,40,39,True,0.0,1,0,False,sparsity_failure,0.9755658234787375,5,588,1,0,True,512,fresh_execution,valid_but_not_meaningfully_sparse,,,,,locally_single_deletion_minimal_nonsparse_mask,stage18-scaling-24a9adb84176,1,4,8150,194
False,False,9408,37,s1-step8150-f39of40-d3of4,195,4,3,10000,592,,40,39,True,0.0,1,0,False,sparsity_failure,0.9755658234787375,5,588,1,0,True,512,fresh_execution,valid_but_not_meaningfully_sparse,,,,,locally_single_deletion_minimal_nonsparse_mask,stage18-scaling-24a9adb84176,1,4,8150,195
False,False,9246,48,s1-step8150-f99of100-d1of4,196,4,1,10000,754,,100,99,True,0.0,1,0,False,sparsity_failure,0.9911504424778761,3,752,1,0,True,514,fresh_execution,valid_but_not_meaningfully_sparse,,,,,locally_single_deletion_minimal_nonsparse_mask,stage18-scaling-24a9adb84176,1,4,8150,196
False,False,9246,48,s1-step8150-f99of100-d1of2,197,2,1,10000,754,,100,99,True,0.0,1,0,False,sparsity_failure,0.9911504424778761,3,752,1,0,True,514,fresh_execution,valid_but_not_meaningfully_sparse,,,,,locally_single_deletion_minimal_nonsparse_mask,stage18-scaling-24a9adb84176,1,4,8150,197
False,False,9246,48,s1-step8150-f99of100-d3of4,198,4,3,10000,754,,100,99,True,0.0,1,0,False,sparsity_failure,0.9911504424778761,3,752,1,0,True,514,fresh_execution,valid_but_not_meaningfully_sparse,,,,,locally_single_deletion_minimal_nonsparse_mask,stage18-scaling-24a9adb84176,1,4,8150,198
True,False,4179,364,s1-step8500-f4of5-d1of4,199,4,1,10000,5821,,5,4,True,0.0,1,0,True,valid_distinct_candidate,0.80006265173467,280,5542,1,0,True,237,fresh_execution,valid_sparse_circuit,,,,,locally_single_deletion_minimal_sparse_mask,stage18-scaling-24a9adb84176,1,5,8500,199
False,False,5535,280,s1-step8500-f4of5-d1of4,199,4,1,10000,4465,,5,4,True,0.09583333333333334,240,23,False,sparsity_failure,0.8002192810713447,228,4238,2,0,True,289,fresh_execution,valid_but_not_meaningfully_sparse,3904932163,e8c08943a659da24fa5f75fe46f079b5705284258f201ddd60d2feffdcc2dd98,,,locally_single_deletion_minimal_nonsparse_mask,stage18-scaling-24a9adb84176,1,5,8500,199
False,False,797,297,s1-step8500-f4of5-d1of4,199,4,1,5535,4738,,5,4,True,0.09109730848861283,483,44,False,sparsity_failure,0.8001409664030072,227,4512,2,1,True,290,fresh_execution,valid_but_not_meaningfully_sparse,1994607756,76e34c8cce58104bccd55d7ee4c4aa4d5113366ad6d3d0f9737480dd54b04049,,,locally_single_deletion_minimal_nonsparse_mask,stage18-scaling-24a9adb84176,1,5,8500,199
False,True,0,50,s1-step8500-f4of5-d1of4,199,4,1,797,797,,5,4,False,0.3643410852713178,129,47,False,budget_exhaustion,0.9279505051296107,50,748,2,2,True,467,fresh_execution,budget_exhaustion,979353968,3a5fc17013591ea01e783ec797be898894582e07ace6e09f2a114e66f5a0bd1b,,,budget_exhausted_inside_candidate_batch,stage18-scaling-24a9adb84176,1,5,8500,199
True,False,4179,364,s1-step8500-f4of5-d1of2,200,2,1,10000,5821,,5,4,True,0.0,1,0,True,valid_distinct_candidate,0.80006265173467,280,5542,1,0,True,237,fresh_execution,valid_sparse_circuit,,,,,locally_single_deletion_minimal_sparse_mask,stage18-scaling-24a9adb84176,1,5,8500,200
False,False,5535,280,s1-step8500-f4of5-d1of2,200,2,1,10000,4465,,5,4,True,0.09583333333333334,240,23,False,sparsity_failure,0.8002192810713447,228,4238,2,0,True,289,fresh_execution,valid_but_not_meaningfully_sparse,3904932163,e8c08943a659da24fa5f75fe46f079b5705284258f201ddd60d2feffdcc2dd98,,,locally_single_deletion_minimal_nonsparse_mask,stage18-scaling-24a9adb84176,1,5,8500,200
False,False,797,297,s1-step8500-f4of5-d1of2,200,2,1,5535,4738,,5,4,True,0.09109730848861283,483,44,False,sparsity_failure,0.8001409664030072,227,4512,2,1,True,290,fresh_execution,valid_but_not_meaningfully_sparse,1994607756,76e34c8cce58104bccd55d7ee4c4aa4d5113366ad6d3d0f9737480dd54b04049,,,locally_single_deletion_minimal_nonsparse_mask,stage18-scaling-24a9adb84176,1,5,8500,200
False,True,0,50,s1-step8500-f4of5-d1of2,200,2,1,797,797,,5,4,False,0.3643410852713178,129,47,False,budget_exhaustion,0.9279505051296107,50,748,2,2,True,467,fresh_execution,budget_exhaustion,979353968,3a5fc17013591ea01e783ec797be898894582e07ace6e09f2a114e66f5a0bd1b,,,budget_exhausted_inside_candidate_batch,stage18-scaling-24a9adb84176,1,5,8500,200
True,False,4179,364,s1-step8500-f4of5-d3of4,201,4,3,10000,5821,,5,4,True,0.0,1,0,True,valid_distinct_candidate,0.80006265173467,280,5542,1,0,True,237,fresh_execution,valid_sparse_circuit,,,,,locally_single_deletion_minimal_sparse_mask,stage18-scaling-24a9adb84176,1,5,8500,201
False,False,5535,280,s1-step8500-f4of5-d3of4,201,4,3,10000,4465,,5,4,True,0.09583333333333334,240,23,False,sparsity_failure,0.8002192810713447,228,4238,2,0,True,289,fresh_execution,valid_but_not_meaningfully_sparse,3904932163,e8c08943a659da24fa5f75fe46f079b5705284258f201ddd60d2feffdcc2dd98,,,locally_single_deletion_minimal_nonsparse_mask,stage18-scaling-24a9adb84176,1,5,8500,201
False,False,797,297,s1-step8500-f4of5-d3of4,201,4,3,5535,4738,,5,4,True,0.09109730848861283,483,44,False,sparsity_failure,0.8001409664030072,227,4512,2,1,True,290,fresh_execution,valid_but_not_meaningfully_sparse,1994607756,76e34c8cce58104bccd55d7ee4c4aa4d5113366ad6d3d0f9737480dd54b04049,,,locally_single_deletion_minimal_nonsparse_mask,stage18-scaling-24a9adb84176,1,5,8500,201
False,True,0,50,s1-step8500-f4of5-d3of4,201,4,3,797,797,,5,4,False,0.3643410852713178,129,47,False,budget_exhaustion,0.9279505051296107,50,748,2,2,True,467,fresh_execution,budget_exhaustion,979353968,3a5fc17013591ea01e783ec797be898894582e07ace6e09f2a114e66f5a0bd1b,,,budget_exhausted_inside_candidate_batch,stage18-scaling-24a9adb84176,1,5,8500,201
False,False,4457,347,s1-step8500-f17of20-d1of4,202,4,1,10000,5543,,20,17,True,0.0,1,0,False,sparsity_failure,0.8501057248022554,238,5306,1,0,True,279,fresh_execution,valid_but_not_meaningfully_sparse,,,,,locally_single_deletion_minimal_nonsparse_mask,stage18-scaling-24a9adb84176,1,5,8500,202
False,False,4457,347,s1-step8500-f17of20-d1of2,203,2,1,10000,5543,,20,17,True,0.0,1,0,False,sparsity_failure,0.8501057248022554,238,5306,1,0,True,279,fresh_execution,valid_but_not_meaningfully_sparse,,,,,locally_single_deletion_minimal_nonsparse_mask,stage18-scaling-24a9adb84176,1,5,8500,203
False,False,4457,347,s1-step8500-f17of20-d3of4,204,4,3,10000,5543,,20,17,True,0.0,1,0,False,sparsity_failure,0.8501057248022554,238,5306,1,0,True,279,fresh_execution,valid_but_not_meaningfully_sparse,,,,,locally_single_deletion_minimal_nonsparse_mask,stage18-scaling-24a9adb84176,1,5,8500,204
False,False,5833,261,s1-step8500-f9of10-d1of4,205,4,1,10000,4167,,10,9,True,0.0,1,0,False,sparsity_failure,0.9000704832015036,158,4010,1,0,True,359,fresh_execution,valid_but_not_meaningfully_sparse,,,,,locally_single_deletion_minimal_nonsparse_mask,stage18-scaling-24a9adb84176,1,5,8500,205
False,False,5833,261,s1-step8500-f9of10-d1of2,206,2,1,10000,4167,,10,9,True,0.0,1,0,False,sparsity_failure,0.9000704832015036,158,4010,1,0,True,359,fresh_execution,valid_but_not_meaningfully_sparse,,,,,locally_single_deletion_minimal_nonsparse_mask,stage18-scaling-24a9adb84176,1,5,8500,206
False,False,5833,261,s1-step8500-f9of10-d3of4,207,4,3,10000,4167,,10,9,True,0.0,1,0,False,sparsity_failure,0.9000704832015036,158,4010,1,0,True,359,fresh_execution,valid_but_not_meaningfully_sparse,,,,,locally_single_deletion_minimal_nonsparse_mask,stage18-scaling-24a9adb84176,1,5,8500,207
False,False,7399,163,s1-step8500-f19of20-d1of4,208,4,1,10000,2601,,20,19,True,0.0,1,0,False,sparsity_failure,0.9500352416007518,60,2542,1,0,True,457,fresh_execution,valid_but_not_meaningfully_sparse,,,,,locally_single_deletion_minimal_nonsparse_mask,stage18-scaling-24a9adb84176,1,5,8500,208
False,False,7399,163,s1-step8500-f19of20-d1of2,209,2,1,10000,2601,,20,19,True,0.0,1,0,False,sparsity_failure,0.9500352416007518,60,2542,1,0,True,457,fresh_execution,valid_but_not_meaningfully_sparse,,,,,locally_single_deletion_minimal_nonsparse_mask,stage18-scaling-24a9adb84176,1,5,8500,209
False,False,7399,163,s1-step8500-f19of20-d3of4,210,4,3,10000,2601,,20,19,True,0.0,1,0,False,sparsity_failure,0.9500352416007518,60,2542,1,0,True,457,fresh_execution,valid_but_not_meaningfully_sparse,,,,,locally_single_deletion_minimal_nonsparse_mask,stage18-scaling-24a9adb84176,1,5,8500,210
False,False,8545,91,s1-step8500-f39of40-d1of4,211,4,1,10000,1455,,40,39,True,0.0,1,0,False,sparsity_failure,0.9750959354687133,22,1434,1,0,True,495,fresh_execution,valid_but_not_meaningfully_sparse,,,,,locally_single_deletion_minimal_nonsparse_mask,stage18-scaling-24a9adb84176,1,5,8500,211
False,False,8545,91,s1-step8500-f39of40-d1of2,212,2,1,10000,1455,,40,39,True,0.0,1,0,False,sparsity_failure,0.9750959354687133,22,1434,1,0,True,495,fresh_execution,valid_but_not_meaningfully_sparse,,,,,locally_single_deletion_minimal_nonsparse_mask,stage18-scaling-24a9adb84176,1,5,8500,212
False,False,8545,91,s1-step8500-f39of40-d3of4,213,4,3,10000,1455,,40,39,True,0.0,1,0,False,sparsity_failure,0.9750959354687133,22,1434,1,0,True,495,fresh_execution,valid_but_not_meaningfully_sparse,,,,,locally_single_deletion_minimal_nonsparse_mask,stage18-scaling-24a9adb84176,1,5,8500,213
False,False,9313,43,s1-step8500-f99of100-d1of4,214,4,1,10000,687,,100,99,True,0.0,1,0,False,sparsity_failure,0.9900540371211528,6,682,1,0,True,511,fresh_execution,valid_but_not_meaningfully_sparse,,,,,locally_single_deletion_minimal_nonsparse_mask,stage18-scaling-24a9adb84176,1,5,8500,214
False,False,9313,43,s1-step8500-f99of100-d1of2,215,2,1,10000,687,,100,99,True,0.0,1,0,False,sparsity_failure,0.9900540371211528,6,682,1,0,True,511,fresh_execution,valid_but_not_meaningfully_sparse,,,,,locally_single_deletion_minimal_nonsparse_mask,stage18-scaling-24a9adb84176,1,5,8500,215
False,False,9313,43,s1-step8500-f99of100-d3of4,216,4,3,10000,687,,100,99,True,0.0,1,0,False,sparsity_failure,0.9900540371211528,6,682,1,0,True,511,fresh_execution,valid_but_not_meaningfully_sparse,,,,,locally_single_deletion_minimal_nonsparse_mask,stage18-scaling-24a9adb84176,1,5,8500,216
True,False,3668,396,s1-step8650-f4of5-d1of4,217,4,1,10000,6332,,5,4,True,0.0,1,0,True,valid_distinct_candidate,0.80006265173467,377,5956,1,0,True,140,fresh_execution,valid_sparse_circuit,,,,,locally_single_deletion_minimal_sparse_mask,stage18-scaling-24a9adb84176,1,6,8650,217
True,False,3960,378,s1-step8650-f4of5-d1of4,217,4,1,10000,6040,,5,4,True,0.11877394636015326,261,31,True,valid_distinct_candidate,0.8002192810713447,365,5676,2,0,True,152,fresh_execution,valid_sparse_circuit,1902620042,7167ad8ad7e572181a98c80ad87bbbd58659319c1c9467108df0aae5a43ff95a,,,locally_single_deletion_minimal_sparse_mask,stage18-scaling-24a9adb84176,1,6,8650,217
True,False,3992,376,s1-step8650-f4of5-d1of4,217,4,1,10000,6008,,5,4,True,0.208955223880597,67,14,True,valid_distinct_candidate,0.8002192810713447,333,5676,3,0,True,184,fresh_execution,valid_sparse_circuit,2670343422,9f2a34fe041422f32568ff267b9d1c0d9b5bbff46e880af91b7168d985405c59,,,locally_single_deletion_minimal_sparse_mask,stage18-scaling-24a9adb84176,1,6,8650,217
False,False,3588,401,s1-step8650-f4of5-d1of4,217,4,1,10000,6412,,5,4,True,0.2925764192139738,229,67,True,distinctness_failure,0.8003759104080195,361,6052,4,0,True,156,fresh_execution,valid_sparse_circuit,3316664621,c5b0492dcb7dcf944405674a9c0a1f59757a47a8d3fd0104fdd72fff9ca57098,,,locally_single_deletion_minimal_sparse_mask,stage18-scaling-24a9adb84176,1,6,8650,217
False,True,0,225,s1-step8650-f4of5-d1of4,217,4,1,3588,3588,,5,4,False,0.2781065088757396,169,47,False,budget_exhaustion,0.9095465580703266,225,3364,4,1,True,292,fresh_execution,budget_exhaustion,488112481,1d180161bba2c90bc2f28d547d03335a6e65c22a2c537f80fe7ab276847b0eff,,,budget_exhausted_inside_candidate_batch,stage18-scaling-24a9adb84176,1,6,8650,217
True,False,3668,396,s1-step8650-f4of5-d1of2,218,2,1,10000,6332,,5,4,True,0.0,1,0,True,valid_distinct_candidate,0.80006265173467,377,5956,1,0,True,140,fresh_execution,valid_sparse_circuit,,,,,locally_single_deletion_minimal_sparse_mask,stage18-scaling-24a9adb84176,1,6,8650,218
True,False,3960,378,s1-step8650-f4of5-d1of2,218,2,1,10000,6040,,5,4,True,0.11877394636015326,261,31,True,valid_distinct_candidate,0.8002192810713447,365,5676,2,0,True,152,fresh_execution,valid_sparse_circuit,1902620042,7167ad8ad7e572181a98c80ad87bbbd58659319c1c9467108df0aae5a43ff95a,,,locally_single_deletion_minimal_sparse_mask,stage18-scaling-24a9adb84176,1,6,8650,218
True,False,3992,376,s1-step8650-f4of5-d1of2,218,2,1,10000,6008,,5,4,True,0.208955223880597,67,14,True,valid_distinct_candidate,0.8002192810713447,333,5676,3,0,True,184,fresh_execution,valid_sparse_circuit,2670343422,9f2a34fe041422f32568ff267b9d1c0d9b5bbff46e880af91b7168d985405c59,,,locally_single_deletion_minimal_sparse_mask,stage18-scaling-24a9adb84176,1,6,8650,218
True,False,3588,401,s1-step8650-f4of5-d1of2,218,2,1,10000,6412,,5,4,True,0.2925764192139738,229,67,True,valid_distinct_candidate,0.8003759104080195,361,6052,4,0,True,156,fresh_execution,valid_sparse_circuit,3316664621,c5b0492dcb7dcf944405674a9c0a1f59757a47a8d3fd0104fdd72fff9ca57098,,,locally_single_deletion_minimal_sparse_mask,stage18-scaling-24a9adb84176,1,6,8650,218
True,False,3955,378,s1-step8650-f4of5-d1of2,218,2,1,10000,6045,,5,4,True,0.3623853211009174,218,79,True,valid_distinct_candidate,0.8003759104080195,360,5686,5,0,True,157,fresh_execution,valid_sparse_circuit,3067389704,b6d4a708b1697ebd9bad3513dffefcbeb754e7d912d2b9ea978198359a7c7c0c,,,locally_single_deletion_minimal_sparse_mask,stage18-scaling-24a9adb84176,1,6,8650,218
True,False,3883,383,s1-step8650-f4of5-d1of2,218,2,1,10000,6117,,5,4,True,0.319634703196347,219,70,True,valid_distinct_candidate,0.8004542250763568,368,5750,6,0,True,149,fresh_execution,valid_sparse_circuit,2028702464,78eb8b004f03749cd2905e7cf4e4cd3db5ea01d66f53e733876c3b3499f84cea,,,locally_single_deletion_minimal_sparse_mask,stage18-scaling-24a9adb84176,1,6,8650,218
True,False,4113,368,s1-step8650-f4of5-d1of2,218,2,1,10000,5887,,5,4,True,0.2874015748031496,254,73,True,valid_distinct_candidate,0.8002192810713447,342,5546,7,0,True,175,fresh_execution,valid_sparse_circuit,2586356895,9a28ac9fb133139e6e63fceab727d3afb233ab27c5f7315bdda40aa9d14e3a06,,,locally_single_deletion_minimal_sparse_mask,stage18-scaling-24a9adb84176,1,6,8650,218
True,False,730,402,s1-step8650-f4of5-d1of2,218,2,1,7159,6429,,5,4,True,0.29694323144104806,229,68,True,valid_distinct_candidate,0.8002192810713447,376,6054,8,0,True,141,fresh_execution,valid_sparse_circuit,2020608253,787008fd9d12e98026bcf28289b0fe79e87d992064aa3c1b31b59d9361c93a27,,,locally_single_deletion_minimal_sparse_mask,stage18-scaling-24a9adb84176,1,6,8650,218
False,True,0,46,s1-step8650-f4of5-d1of2,218,2,1,730,730,,5,4,False,0.35330578512396693,484,171,False,budget_exhaustion,0.9438483828020988,46,685,9,0,True,471,fresh_execution,budget_exhaustion,599534409,23bc2b49e2362cdec6734a656645417451f6a15053ffa1566f8effc8a6660ef7,,,budget_exhausted_inside_candidate_batch,stage18-scaling-24a9adb84176,1,6,8650,218
True,False,3668,396,s1-step8650-f4of5-d3of4,219,4,3,10000,6332,,5,4,True,0.0,1,0,True,valid_distinct_candidate,0.80006265173467,377,5956,1,0,True,140,fresh_execution,valid_sparse_circuit,,,,,locally_single_deletion_minimal_sparse_mask,stage18-scaling-24a9adb84176,1,6,8650,219
True,False,3960,378,s1-step8650-f4of5-d3of4,219,4,3,10000,6040,,5,4,True,0.11877394636015326,261,31,True,valid_distinct_candidate,0.8002192810713447,365,5676,2,0,True,152,fresh_execution,valid_sparse_circuit,1902620042,7167ad8ad7e572181a98c80ad87bbbd58659319c1c9467108df0aae5a43ff95a,,,locally_single_deletion_minimal_sparse_mask,stage18-scaling-24a9adb84176,1,6,8650,219
True,False,3992,376,s1-step8650-f4of5-d3of4,219,4,3,10000,6008,,5,4,True,0.208955223880597,67,14,True,valid_distinct_candidate,0.8002192810713447,333,5676,3,0,True,184,fresh_execution,valid_sparse_circuit,2670343422,9f2a34fe041422f32568ff267b9d1c0d9b5bbff46e880af91b7168d985405c59,,,locally_single_deletion_minimal_sparse_mask,stage18-scaling-24a9adb84176,1,6,8650,219
True,False,3588,401,s1-step8650-f4of5-d3of4,219,4,3,10000,6412,,5,4,True,0.2925764192139738,229,67,True,valid_distinct_candidate,0.8003759104080195,361,6052,4,0,True,156,fresh_execution,valid_sparse_circuit,3316664621,c5b0492dcb7dcf944405674a9c0a1f59757a47a8d3fd0104fdd72fff9ca57098,,,locally_single_deletion_minimal_sparse_mask,stage18-scaling-24a9adb84176,1,6,8650,219
True,False,3955,378,s1-step8650-f4of5-d3of4,219,4,3,10000,6045,,5,4,True,0.3623853211009174,218,79,True,valid_distinct_candidate,0.8003759104080195,360,5686,5,0,True,157,fresh_execution,valid_sparse_circuit,3067389704,b6d4a708b1697ebd9bad3513dffefcbeb754e7d912d2b9ea978198359a7c7c0c,,,locally_single_deletion_minimal_sparse_mask,stage18-scaling-24a9adb84176,1,6,8650,219
True,False,3883,383,s1-step8650-f4of5-d3of4,219,4,3,10000,6117,,5,4,True,0.319634703196347,219,70,True,valid_distinct_candidate,0.8004542250763568,368,5750,6,0,True,149,fresh_execution,valid_sparse_circuit,2028702464,78eb8b004f03749cd2905e7cf4e4cd3db5ea01d66f53e733876c3b3499f84cea,,,locally_single_deletion_minimal_sparse_mask,stage18-scaling-24a9adb84176,1,6,8650,219
True,False,4113,368,s1-step8650-f4of5-d3of4,219,4,3,10000,5887,,5,4,True,0.2874015748031496,254,73,True,valid_distinct_candidate,0.8002192810713447,342,5546,7,0,True,175,fresh_execution,valid_sparse_circuit,2586356895,9a28ac9fb133139e6e63fceab727d3afb233ab27c5f7315bdda40aa9d14e3a06,,,locally_single_deletion_minimal_sparse_mask,stage18-scaling-24a9adb84176,1,6,8650,219
True,False,730,402,s1-step8650-f4of5-d3of4,219,4,3,7159,6429,,5,4,True,0.29694323144104806,229,68,True,valid_distinct_candidate,0.8002192810713447,376,6054,8,0,True,141,fresh_execution,valid_sparse_circuit,2020608253,787008fd9d12e98026bcf28289b0fe79e87d992064aa3c1b31b59d9361c93a27,,,locally_single_deletion_minimal_sparse_mask,stage18-scaling-24a9adb84176,1,6,8650,219
False,True,0,46,s1-step8650-f4of5-d3of4,219,4,3,730,730,,5,4,False,0.35330578512396693,484,171,False,budget_exhaustion,0.9438483828020988,46,685,9,0,True,471,fresh_execution,budget_exhaustion,599534409,23bc2b49e2362cdec6734a656645417451f6a15053ffa1566f8effc8a6660ef7,,,budget_exhausted_inside_candidate_batch,stage18-scaling-24a9adb84176,1,6,8650,219
True,False,4129,367,s1-step8650-f17of20-d1of4,220,4,1,10000,5871,,20,17,True,0.0,1,0,True,valid_distinct_candidate,0.8500274101339181,342,5530,1,0,True,175,fresh_execution,valid_sparse_circuit,,,,,locally_single_deletion_minimal_sparse_mask,stage18-scaling-24a9adb84176,1,6,8650,220
True,False,4512,343,s1-step8650-f17of20-d1of4,220,4,1,10000,5488,,20,17,True,0.07837837837837838,370,29,True,valid_distinct_candidate,0.8501840394705928,293,5196,2,0,True,224,fresh_execution,valid_sparse_circuit,1902620042,7167ad8ad7e572181a98c80ad87bbbd58659319c1c9467108df0aae5a43ff95a,,,locally_single_deletion_minimal_sparse_mask,stage18-scaling-24a9adb84176,1,6,8650,220
False,False,3834,386,s1-step8650-f17of20-d1of4,220,4,1,10000,6166,,20,17,True,0.281786941580756,291,82,True,distinctness_failure,0.8502623541389303,319,5848,3,0,True,198,fresh_execution,valid_sparse_circuit,2670343422,9f2a34fe041422f32568ff267b9d1c0d9b5bbff46e880af91b7168d985405c59,,,locally_single_deletion_minimal_sparse_mask,stage18-scaling-24a9adb84176,1,6,8650,220
False,True,0,240,s1-step8650-f17of20-d1of4,220,4,1,3834,3834,,20,17,False,0.28774928774928776,351,101,False,budget_exhaustion,0.8607565196961391,240,3595,3,1,True,277,fresh_execution,budget_exhaustion,3911595387,e926357b0ae59b57619ac8691498f52affb4af523159649c13dba8fdce0a5959,,,budget_exhausted_inside_candidate_batch,stage18-scaling-24a9adb84176,1,6,8650,220
True,False,4129,367,s1-step8650-f17of20-d1of2,221,2,1,10000,5871,,20,17,True,0.0,1,0,True,valid_distinct_candidate,0.8500274101339181,342,5530,1,0,True,175,fresh_execution,valid_sparse_circuit,,,,,locally_single_deletion_minimal_sparse_mask,stage18-scaling-24a9adb84176,1,6,8650,221
True,False,4512,343,s1-step8650-f17of20-d1of2,221,2,1,10000,5488,,20,17,True,0.07837837837837838,370,29,True,valid_distinct_candidate,0.8501840394705928,293,5196,2,0,True,224,fresh_execution,valid_sparse_circuit,1902620042,7167ad8ad7e572181a98c80ad87bbbd58659319c1c9467108df0aae5a43ff95a,,,locally_single_deletion_minimal_sparse_mask,stage18-scaling-24a9adb84176,1,6,8650,221
True,False,3834,386,s1-step8650-f17of20-d1of2,221,2,1,10000,6166,,20,17,True,0.281786941580756,291,82,True,valid_distinct_candidate,0.8502623541389303,319,5848,3,0,True,198,fresh_execution,valid_sparse_circuit,2670343422,9f2a34fe041422f32568ff267b9d1c0d9b5bbff46e880af91b7168d985405c59,,,locally_single_deletion_minimal_sparse_mask,stage18-scaling-24a9adb84176,1,6,8650,221
True,False,4346,354,s1-step8650-f17of20-d1of2,221,2,1,10000,5654,,20,17,True,0.33676975945017185,291,98,True,valid_distinct_candidate,0.8500274101339181,303,5352,4,0,True,214,fresh_execution,valid_sparse_circuit,3316664621,c5b0492dcb7dcf944405674a9c0a1f59757a47a8d3fd0104fdd72fff9ca57098,,,locally_single_deletion_minimal_sparse_mask,stage18-scaling-24a9adb84176,1,6,8650,221
True,False,3836,386,s1-step8650-f17of20-d1of2,221,2,1,10000,6164,,20,17,True,0.3442028985507246,276,95,True,valid_distinct_candidate,0.8503406688072676,321,5844,5,0,True,196,fresh_execution,valid_sparse_circuit,3067389704,b6d4a708b1697ebd9bad3513dffefcbeb754e7d912d2b9ea978198359a7c7c0c,,,locally_single_deletion_minimal_sparse_mask,stage18-scaling-24a9adb84176,1,6,8650,221
True,False,4007,375,s1-step8650-f17of20-d1of2,221,2,1,10000,5993,,20,17,True,0.3333333333333333,3,1,True,valid_distinct_candidate,0.8501057248022554,332,5662,6,0,True,185,fresh_execution,valid_sparse_circuit,2028702464,78eb8b004f03749cd2905e7cf4e4cd3db5ea01d66f53e733876c3b3499f84cea,,,locally_single_deletion_minimal_sparse_mask,stage18-scaling-24a9adb84176,1,6,8650,221
True,False,4071,371,s1-step8650-f17of20-d1of2,221,2,1,10000,5929,,20,17,True,0.3688212927756654,263,97,True,valid_distinct_candidate,0.8500274101339181,332,5598,7,0,True,185,fresh_execution,valid_sparse_circuit,2586356895,9a28ac9fb133139e6e63fceab727d3afb233ab27c5f7315bdda40aa9d14e3a06,,,locally_single_deletion_minimal_sparse_mask,stage18-scaling-24a9adb84176,1,6,8650,221
True,False,2699,378,s1-step8650-f17of20-d1of2,221,2,1,8735,6036,,20,17,True,0.3202846975088968,281,90,True,valid_distinct_candidate,0.8500274101339181,321,5716,8,0,True,196,fresh_execution,valid_sparse_circuit,2020608253,787008fd9d12e98026bcf28289b0fe79e87d992064aa3c1b31b59d9361c93a27,,,locally_single_deletion_minimal_sparse_mask,stage18-scaling-24a9adb84176,1,6,8650,221
False,True,0,169,s1-step8650-f17of20-d1of2,221,2,1,2699,2699,,20,17,False,0.3808353808353808,407,155,False,budget_exhaustion,0.9287336518129846,169,2531,9,0,True,348,fresh_execution,budget_exhaustion,599534409,23bc2b49e2362cdec6734a656645417451f6a15053ffa1566f8effc8a6660ef7,,,budget_exhausted_inside_candidate_batch,stage18-scaling-24a9adb84176,1,6,8650,221
True,False,4129,367,s1-step8650-f17of20-d3of4,222,4,3,10000,5871,,20,17,True,0.0,1,0,True,valid_distinct_candidate,0.8500274101339181,342,5530,1,0,True,175,fresh_execution,valid_sparse_circuit,,,,,locally_single_deletion_minimal_sparse_mask,stage18-scaling-24a9adb84176,1,6,8650,222
True,False,4512,343,s1-step8650-f17of20-d3of4,222,4,3,10000,5488,,20,17,True,0.07837837837837838,370,29,True,valid_distinct_candidate,0.8501840394705928,293,5196,2,0,True,224,fresh_execution,valid_sparse_circuit,1902620042,7167ad8ad7e572181a98c80ad87bbbd58659319c1c9467108df0aae5a43ff95a,,,locally_single_deletion_minimal_sparse_mask,stage18-scaling-24a9adb84176,1,6,8650,222
True,False,3834,386,s1-step8650-f17of20-d3of4,222,4,3,10000,6166,,20,17,True,0.281786941580756,291,82,True,valid_distinct_candidate,0.8502623541389303,319,5848,3,0,True,198,fresh_execution,valid_sparse_circuit,2670343422,9f2a34fe041422f32568ff267b9d1c0d9b5bbff46e880af91b7168d985405c59,,,locally_single_deletion_minimal_sparse_mask,stage18-scaling-24a9adb84176,1,6,8650,222
True,False,4346,354,s1-step8650-f17of20-d3of4,222,4,3,10000,5654,,20,17,True,0.33676975945017185,291,98,True,valid_distinct_candidate,0.8500274101339181,303,5352,4,0,True,214,fresh_execution,valid_sparse_circuit,3316664621,c5b0492dcb7dcf944405674a9c0a1f59757a47a8d3fd0104fdd72fff9ca57098,,,locally_single_deletion_minimal_sparse_mask,stage18-scaling-24a9adb84176,1,6,8650,222
True,False,3836,386,s1-step8650-f17of20-d3of4,222,4,3,10000,6164,,20,17,True,0.3442028985507246,276,95,True,valid_distinct_candidate,0.8503406688072676,321,5844,5,0,True,196,fresh_execution,valid_sparse_circuit,3067389704,b6d4a708b1697ebd9bad3513dffefcbeb754e7d912d2b9ea978198359a7c7c0c,,,locally_single_deletion_minimal_sparse_mask,stage18-scaling-24a9adb84176,1,6,8650,222
True,False,4007,375,s1-step8650-f17of20-d3of4,222,4,3,10000,5993,,20,17,True,0.3333333333333333,3,1,True,valid_distinct_candidate,0.8501057248022554,332,5662,6,0,True,185,fresh_execution,valid_sparse_circuit,2028702464,78eb8b004f03749cd2905e7cf4e4cd3db5ea01d66f53e733876c3b3499f84cea,,,locally_single_deletion_minimal_sparse_mask,stage18-scaling-24a9adb84176,1,6,8650,222
True,False,4071,371,s1-step8650-f17of20-d3of4,222,4,3,10000,5929,,20,17,True,0.3688212927756654,263,97,True,valid_distinct_candidate,0.8500274101339181,332,5598,7,0,True,185,fresh_execution,valid_sparse_circuit,2586356895,9a28ac9fb133139e6e63fceab727d3afb233ab27c5f7315bdda40aa9d14e3a06,,,locally_single_deletion_minimal_sparse_mask,stage18-scaling-24a9adb84176,1,6,8650,222
True,False,2699,378,s1-step8650-f17of20-d3of4,222,4,3,8735,6036,,20,17,True,0.3202846975088968,281,90,True,valid_distinct_candidate,0.8500274101339181,321,5716,8,0,True,196,fresh_execution,valid_sparse_circuit,2020608253,787008fd9d12e98026bcf28289b0fe79e87d992064aa3c1b31b59d9361c93a27,,,locally_single_deletion_minimal_sparse_mask,stage18-scaling-24a9adb84176,1,6,8650,222
False,True,0,169,s1-step8650-f17of20-d3of4,222,4,3,2699,2699,,20,17,False,0.3808353808353808,407,155,False,budget_exhaustion,0.9287336518129846,169,2531,9,0,True,348,fresh_execution,budget_exhaustion,599534409,23bc2b49e2362cdec6734a656645417451f6a15053ffa1566f8effc8a6660ef7,,,budget_exhausted_inside_candidate_batch,stage18-scaling-24a9adb84176,1,6,8650,222
True,False,4967,315,s1-step8650-f9of10-d1of4,223,4,1,10000,5033,,10,9,True,0.0,1,0,True,valid_distinct_candidate,0.900148797869841,284,4750,1,0,True,233,fresh_execution,valid_sparse_circuit,,,,,locally_single_deletion_minimal_sparse_mask,stage18-scaling-24a9adb84176,1,6,8650,223
True,False,3471,409,s1-step8650-f9of10-d1of4,223,4,1,10000,6529,,10,9,True,0.11617312072892938,439,51,True,valid_distinct_candidate,0.900148797869841,260,6270,2,0,True,257,fresh_execution,valid_sparse_circuit,1902620042,7167ad8ad7e572181a98c80ad87bbbd58659319c1c9467108df0aae5a43ff95a,,,locally_single_deletion_minimal_sparse_mask,stage18-scaling-24a9adb84176,1,6,8650,223
False,False,3455,410,s1-step8650-f9of10-d1of4,223,4,1,10000,6545,,10,9,True,0.33527696793002915,343,115,True,distinctness_failure,0.9000704832015036,292,6254,3,0,True,225,fresh_execution,valid_sparse_circuit,2670343422,9f2a34fe041422f32568ff267b9d1c0d9b5bbff46e880af91b7168d985405c59,,,locally_single_deletion_minimal_sparse_mask,stage18-scaling-24a9adb84176,1,6,8650,223
False,True,0,216,s1-step8650-f9of10-d1of4,223,4,1,3455,3455,,10,9,False,0.3657289002557545,391,143,False,budget_exhaustion,0.9088417260552901,216,3240,3,1,True,301,fresh_execution,budget_exhaustion,3911595387,e926357b0ae59b57619ac8691498f52affb4af523159649c13dba8fdce0a5959,,,budget_exhausted_inside_candidate_batch,stage18-scaling-24a9adb84176,1,6,8650,223
True,False,4967,315,s1-step8650-f9of10-d1of2,224,2,1,10000,5033,,10,9,True,0.0,1,0,True,valid_distinct_candidate,0.900148797869841,284,4750,1,0,True,233,fresh_execution,valid_sparse_circuit,,,,,locally_single_deletion_minimal_sparse_mask,stage18-scaling-24a9adb84176,1,6,8650,224
True,False,3471,409,s1-step8650-f9of10-d1of2,224,2,1,10000,6529,,10,9,True,0.11617312072892938,439,51,True,valid_distinct_candidate,0.900148797869841,260,6270,2,0,True,257,fresh_execution,valid_sparse_circuit,1902620042,7167ad8ad7e572181a98c80ad87bbbd58659319c1c9467108df0aae5a43ff95a,,,locally_single_deletion_minimal_sparse_mask,stage18-scaling-24a9adb84176,1,6,8650,224
True,False,3455,410,s1-step8650-f9of10-d1of2,224,2,1,10000,6545,,10,9,True,0.33527696793002915,343,115,True,valid_distinct_candidate,0.9000704832015036,292,6254,3,0,True,225,fresh_execution,valid_sparse_circuit,2670343422,9f2a34fe041422f32568ff267b9d1c0d9b5bbff46e880af91b7168d985405c59,,,locally_single_deletion_minimal_sparse_mask,stage18-scaling-24a9adb84176,1,6,8650,224
True,False,4146,366,s1-step8650-f9of10-d1of2,224,2,1,10000,5854,,10,9,True,0.3652173913043478,115,42,True,valid_distinct_candidate,0.900148797869841,279,5576,4,0,True,238,fresh_execution,valid_sparse_circuit,3316664621,c5b0492dcb7dcf944405674a9c0a1f59757a47a8d3fd0104fdd72fff9ca57098,,,locally_single_deletion_minimal_sparse_mask,stage18-scaling-24a9adb84176,1,6,8650,224
True,False,4251,360,s1-step8650-f9of10-d1of2,224,2,1,10000,5749,,10,9,True,0.37752161383285304,347,131,True,valid_distinct_candidate,0.9000704832015036,272,5478,5,0,True,245,fresh_execution,valid_sparse_circuit,3067389704,b6d4a708b1697ebd9bad3513dffefcbeb754e7d912d2b9ea978198359a7c7c0c,,,locally_single_deletion_minimal_sparse_mask,stage18-scaling-24a9adb84176,1,6,8650,224
True,False,3622,399,s1-step8650-f9of10-d1of2,224,2,1,10000,6378,,10,9,True,0.36056338028169016,355,128,True,valid_distinct_candidate,0.9002271125381784,267,6112,6,0,True,250,fresh_execution,valid_sparse_circuit,2028702464,78eb8b004f03749cd2905e7cf4e4cd3db5ea01d66f53e733876c3b3499f84cea,,,locally_single_deletion_minimal_sparse_mask,stage18-scaling-24a9adb84176,1,6,8650,224
True,False,3734,392,s1-step8650-f9of10-d1of2,224,2,1,10000,6266,,10,9,True,0.39820359281437123,334,133,True,valid_distinct_candidate,0.900148797869841,283,5984,7,0,True,234,fresh_execution,valid_sparse_circuit,2586356895,9a28ac9fb133139e6e63fceab727d3afb233ab27c5f7315bdda40aa9d14e3a06,,,locally_single_deletion_minimal_sparse_mask,stage18-scaling-24a9adb84176,1,6,8650,224
True,False,1662,374,s1-step8650-f9of10-d1of2,224,2,1,7646,5984,,10,9,True,0.43333333333333335,30,13,True,valid_distinct_candidate,0.9002271125381784,277,5708,8,0,True,240,fresh_execution,valid_sparse_circuit,2020608253,787008fd9d12e98026bcf28289b0fe79e87d992064aa3c1b31b59d9361c93a27,,,locally_single_deletion_minimal_sparse_mask,stage18-scaling-24a9adb84176,1,6,8650,224
False,True,0,104,s1-step8650-f9of10-d1of2,224,2,1,1662,1662,,10,9,False,0.4461538461538462,65,29,False,budget_exhaustion,0.9254444357428147,104,1559,9,0,True,413,fresh_execution,budget_exhaustion,599534409,23bc2b49e2362cdec6734a656645417451f6a15053ffa1566f8effc8a6660ef7,,,budget_exhausted_inside_candidate_batch,stage18-scaling-24a9adb84176,1,6,8650,224
True,False,4967,315,s1-step8650-f9of10-d3of4,225,4,3,10000,5033,,10,9,True,0.0,1,0,True,valid_distinct_candidate,0.900148797869841,284,4750,1,0,True,233,fresh_execution,valid_sparse_circuit,,,,,locally_single_deletion_minimal_sparse_mask,stage18-scaling-24a9adb84176,1,6,8650,225
True,False,3471,409,s1-step8650-f9of10-d3of4,225,4,3,10000,6529,,10,9,True,0.11617312072892938,439,51,True,valid_distinct_candidate,0.900148797869841,260,6270,2,0,True,257,fresh_execution,valid_sparse_circuit,1902620042,7167ad8ad7e572181a98c80ad87bbbd58659319c1c9467108df0aae5a43ff95a,,,locally_single_deletion_minimal_sparse_mask,stage18-scaling-24a9adb84176,1,6,8650,225
True,False,3455,410,s1-step8650-f9of10-d3of4,225,4,3,10000,6545,,10,9,True,0.33527696793002915,343,115,True,valid_distinct_candidate,0.9000704832015036,292,6254,3,0,True,225,fresh_execution,valid_sparse_circuit,2670343422,9f2a34fe041422f32568ff267b9d1c0d9b5bbff46e880af91b7168d985405c59,,,locally_single_deletion_minimal_sparse_mask,stage18-scaling-24a9adb84176,1,6,8650,225
True,False,4146,366,s1-step8650-f9of10-d3of4,225,4,3,10000,5854,,10,9,True,0.3652173913043478,115,42,True,valid_distinct_candidate,0.900148797869841,279,5576,4,0,True,238,fresh_execution,valid_sparse_circuit,3316664621,c5b0492dcb7dcf944405674a9c0a1f59757a47a8d3fd0104fdd72fff9ca57098,,,locally_single_deletion_minimal_sparse_mask,stage18-scaling-24a9adb84176,1,6,8650,225
True,False,4251,360,s1-step8650-f9of10-d3of4,225,4,3,10000,5749,,10,9,True,0.37752161383285304,347,131,True,valid_distinct_candidate,0.9000704832015036,272,5478,5,0,True,245,fresh_execution,valid_sparse_circuit,3067389704,b6d4a708b1697ebd9bad3513dffefcbeb754e7d912d2b9ea978198359a7c7c0c,,,locally_single_deletion_minimal_sparse_mask,stage18-scaling-24a9adb84176,1,6,8650,225
True,False,3622,399,s1-step8650-f9of10-d3of4,225,4,3,10000,6378,,10,9,True,0.36056338028169016,355,128,True,valid_distinct_candidate,0.9002271125381784,267,6112,6,0,True,250,fresh_execution,valid_sparse_circuit,2028702464,78eb8b004f03749cd2905e7cf4e4cd3db5ea01d66f53e733876c3b3499f84cea,,,locally_single_deletion_minimal_sparse_mask,stage18-scaling-24a9adb84176,1,6,8650,225
True,False,3734,392,s1-step8650-f9of10-d3of4,225,4,3,10000,6266,,10,9,True,0.39820359281437123,334,133,True,valid_distinct_candidate,0.900148797869841,283,5984,7,0,True,234,fresh_execution,valid_sparse_circuit,2586356895,9a28ac9fb133139e6e63fceab727d3afb233ab27c5f7315bdda40aa9d14e3a06,,,locally_single_deletion_minimal_sparse_mask,stage18-scaling-24a9adb84176,1,6,8650,225
True,False,1662,374,s1-step8650-f9of10-d3of4,225,4,3,7646,5984,,10,9,True,0.43333333333333335,30,13,True,valid_distinct_candidate,0.9002271125381784,277,5708,8,0,True,240,fresh_execution,valid_sparse_circuit,2020608253,787008fd9d12e98026bcf28289b0fe79e87d992064aa3c1b31b59d9361c93a27,,,locally_single_deletion_minimal_sparse_mask,stage18-scaling-24a9adb84176,1,6,8650,225
False,True,0,104,s1-step8650-f9of10-d3of4,225,4,3,1662,1662,,10,9,False,0.4461538461538462,65,29,False,budget_exhaustion,0.9254444357428147,104,1559,9,0,True,413,fresh_execution,budget_exhaustion,599534409,23bc2b49e2362cdec6734a656645417451f6a15053ffa1566f8effc8a6660ef7,,,budget_exhausted_inside_candidate_batch,stage18-scaling-24a9adb84176,1,6,8650,225
False,False,5150,304,s1-step8650-f19of20-d1of4,226,4,1,10000,4850,,20,19,True,0.0,1,0,False,sparsity_failure,0.9500352416007518,195,4656,1,0,True,322,fresh_execution,valid_but_not_meaningfully_sparse,,,,,locally_single_deletion_minimal_nonsparse_mask,stage18-scaling-24a9adb84176,1,6,8650,226
False,False,5150,304,s1-step8650-f19of20-d1of2,227,2,1,10000,4850,,20,19,True,0.0,1,0,False,sparsity_failure,0.9500352416007518,195,4656,1,0,True,322,fresh_execution,valid_but_not_meaningfully_sparse,,,,,locally_single_deletion_minimal_nonsparse_mask,stage18-scaling-24a9adb84176,1,6,8650,227
False,False,5150,304,s1-step8650-f19of20-d3of4,228,4,3,10000,4850,,20,19,True,0.0,1,0,False,sparsity_failure,0.9500352416007518,195,4656,1,0,True,322,fresh_execution,valid_but_not_meaningfully_sparse,,,,,locally_single_deletion_minimal_nonsparse_mask,stage18-scaling-24a9adb84176,1,6,8650,228
False,False,4929,317,s1-step8650-f39of40-d1of4,229,4,1,10000,5071,,40,39,True,0.0,1,0,False,sparsity_failure,0.9750176208003759,118,4954,1,0,True,399,fresh_execution,valid_but_not_meaningfully_sparse,,,,,locally_single_deletion_minimal_nonsparse_mask,stage18-scaling-24a9adb84176,1,6,8650,229
False,False,4929,317,s1-step8650-f39of40-d1of2,230,2,1,10000,5071,,40,39,True,0.0,1,0,False,sparsity_failure,0.9750176208003759,118,4954,1,0,True,399,fresh_execution,valid_but_not_meaningfully_sparse,,,,,locally_single_deletion_minimal_nonsparse_mask,stage18-scaling-24a9adb84176,1,6,8650,230
False,False,4929,317,s1-step8650-f39of40-d3of4,231,4,3,10000,5071,,40,39,True,0.0,1,0,False,sparsity_failure,0.9750176208003759,118,4954,1,0,True,399,fresh_execution,valid_but_not_meaningfully_sparse,,,,,locally_single_deletion_minimal_nonsparse_mask,stage18-scaling-24a9adb84176,1,6,8650,231
False,False,8451,97,s1-step8650-f99of100-d1of4,232,4,1,10000,1549,,100,99,True,0.0,1,0,False,sparsity_failure,0.9900540371211528,24,1526,1,0,True,493,fresh_execution,valid_but_not_meaningfully_sparse,,,,,locally_single_deletion_minimal_nonsparse_mask,stage18-scaling-24a9adb84176,1,6,8650,232
False,False,8451,97,s1-step8650-f99of100-d1of2,233,2,1,10000,1549,,100,99,True,0.0,1,0,False,sparsity_failure,0.9900540371211528,24,1526,1,0,True,493,fresh_execution,valid_but_not_meaningfully_sparse,,,,,locally_single_deletion_minimal_nonsparse_mask,stage18-scaling-24a9adb84176,1,6,8650,233
False,False,8451,97,s1-step8650-f99of100-d3of4,234,4,3,10000,1549,,100,99,True,0.0,1,0,False,sparsity_failure,0.9900540371211528,24,1526,1,0,True,493,fresh_execution,valid_but_not_meaningfully_sparse,,,,,locally_single_deletion_minimal_nonsparse_mask,stage18-scaling-24a9adb84176,1,6,8650,234
True,False,2672,458,s1-step9050-f4of5-d1of4,1,4,1,10000,7328,,5,4,True,0.0,1,0,True,valid_distinct_candidate,0.8010024277547184,453,6876,1,0,True,64,fresh_execution,valid_sparse_circuit,,,,,locally_single_deletion_minimal_sparse_mask,stage18-scaling-24a9adb84176,1,7,9050,235
True,False,2704,456,s1-step9050-f4of5-d1of4,1,4,1,10000,7296,,5,4,True,0.15315315315315314,111,17,True,valid_distinct_candidate,0.8012373717597306,453,6844,2,0,True,64,fresh_execution,valid_sparse_circuit,3326708251,c6498a1b9fa4d4ed3191bc13c4c1ce9abb7a3a500b1e3293b9bfeaa2896e5019,,,locally_single_deletion_minimal_sparse_mask,stage18-scaling-24a9adb84176,1,7,9050,235
True,False,2842,448,s1-step9050-f4of5-d1of4,1,4,1,10000,7158,,5,4,True,0.2,5,1,True,valid_distinct_candidate,0.8001409664030072,431,6728,3,0,True,86,fresh_execution,valid_sparse_circuit,626619067,255972bbd5d55eb9b4d047e7c1fe7f0751a54bcfa76b3a054ae3ef6055562c67,,,locally_single_deletion_minimal_sparse_mask,stage18-scaling-24a9adb84176,1,7,9050,235
False,False,2942,442,s1-step9050-f4of5-d1of4,1,4,1,10000,7058,,5,4,True,0.25862068965517243,58,15,True,distinctness_failure,0.8010024277547184,435,6624,4,0,True,82,fresh_execution,valid_sparse_circuit,3199715378,beb7c8323a354015a8c959720ce22efc9508d07aa7ea0df30e5924d3d5a6ec33,,,locally_single_deletion_minimal_sparse_mask,stage18-scaling-24a9adb84176,1,7,9050,235
False,True,0,184,s1-step9050-f4of5-d1of4,1,4,1,2942,2942,,5,4,False,0.10554089709762533,379,40,False,budget_exhaustion,0.9989035946432767,184,2759,4,1,True,333,fresh_execution,budget_exhaustion,4284297736,ff5d320814c4187502d4a04a36973d17546ebe582f42d9e51c2d3e3dc7f2b85f,,,budget_exhausted_inside_candidate_batch,stage18-scaling-24a9adb84176,1,7,9050,235
True,False,2672,458,s1-step9050-f4of5-d1of2,2,2,1,10000,7328,,5,4,True,0.0,1,0,True,valid_distinct_candidate,0.8010024277547184,453,6876,1,0,True,64,fresh_execution,valid_sparse_circuit,,,,,locally_single_deletion_minimal_sparse_mask,stage18-scaling-24a9adb84176,1,7,9050,236
True,False,2704,456,s1-step9050-f4of5-d1of2,2,2,1,10000,7296,,5,4,True,0.15315315315315314,111,17,True,valid_distinct_candidate,0.8012373717597306,453,6844,2,0,True,64,fresh_execution,valid_sparse_circuit,3326708251,c6498a1b9fa4d4ed3191bc13c4c1ce9abb7a3a500b1e3293b9bfeaa2896e5019,,,locally_single_deletion_minimal_sparse_mask,stage18-scaling-24a9adb84176,1,7,9050,236
True,False,2842,448,s1-step9050-f4of5-d1of2,2,2,1,10000,7158,,5,4,True,0.2,5,1,True,valid_distinct_candidate,0.8001409664030072,431,6728,3,0,True,86,fresh_execution,valid_sparse_circuit,626619067,255972bbd5d55eb9b4d047e7c1fe7f0751a54bcfa76b3a054ae3ef6055562c67,,,locally_single_deletion_minimal_sparse_mask,stage18-scaling-24a9adb84176,1,7,9050,236
True,False,2942,442,s1-step9050-f4of5-d1of2,2,2,1,10000,7058,,5,4,True,0.25862068965517243,58,15,True,valid_distinct_candidate,0.8010024277547184,435,6624,4,0,True,82,fresh_execution,valid_sparse_circuit,3199715378,beb7c8323a354015a8c959720ce22efc9508d07aa7ea0df30e5924d3d5a6ec33,,,locally_single_deletion_minimal_sparse_mask,stage18-scaling-24a9adb84176,1,7,9050,236
True,False,2793,451,s1-step9050-f4of5-d1of2,2,2,1,10000,7207,,5,4,True,0.2616822429906542,107,28,True,valid_distinct_candidate,0.8007674837497063,446,6762,5,0,True,71,fresh_execution,valid_sparse_circuit,2111434523,7dd9ef1bc0f2cbed0ba239eb4a5d10a41755ae719e588e4a48f604da286a4cd5,,,locally_single_deletion_minimal_sparse_mask,stage18-scaling-24a9adb84176,1,7,9050,236
True,False,2793,451,s1-step9050-f4of5-d1of2,2,2,1,10000,7207,,5,4,True,0.2980769230769231,104,31,True,valid_distinct_candidate,0.8006891690813689,446,6762,6,0,True,71,fresh_execution,valid_sparse_circuit,296572439,11ad56173f0275a7354c549fcf1db6840e375173923cf86014b3d36d60409f95,,,locally_single_deletion_minimal_sparse_mask,stage18-scaling-24a9adb84176,1,7,9050,236
False,True,0,422,s1-step9050-f4of5-d1of2,2,2,1,6746,6746,,5,4,False,0.28225806451612906,124,35,True,budget_exhaustion,0.9056308246534576,422,6325,7,0,True,95,fresh_execution,budget_exhaustion,395944236,1799a12cebc92cd17308de9d8cc317043ab0d50531ee23f630c1433c2655dc61,,,budget_exhausted_inside_candidate_batch,stage18-scaling-24a9adb84176,1,7,9050,236
True,False,2672,458,s1-step9050-f4of5-d3of4,3,4,3,10000,7328,,5,4,True,0.0,1,0,True,valid_distinct_candidate,0.8010024277547184,453,6876,1,0,True,64,fresh_execution,valid_sparse_circuit,,,,,locally_single_deletion_minimal_sparse_mask,stage18-scaling-24a9adb84176,1,7,9050,237
True,False,2704,456,s1-step9050-f4of5-d3of4,3,4,3,10000,7296,,5,4,True,0.15315315315315314,111,17,True,valid_distinct_candidate,0.8012373717597306,453,6844,2,0,True,64,fresh_execution,valid_sparse_circuit,3326708251,c6498a1b9fa4d4ed3191bc13c4c1ce9abb7a3a500b1e3293b9bfeaa2896e5019,,,locally_single_deletion_minimal_sparse_mask,stage18-scaling-24a9adb84176,1,7,9050,237
True,False,2842,448,s1-step9050-f4of5-d3of4,3,4,3,10000,7158,,5,4,True,0.2,5,1,True,valid_distinct_candidate,0.8001409664030072,431,6728,3,0,True,86,fresh_execution,valid_sparse_circuit,626619067,255972bbd5d55eb9b4d047e7c1fe7f0751a54bcfa76b3a054ae3ef6055562c67,,,locally_single_deletion_minimal_sparse_mask,stage18-scaling-24a9adb84176,1,7,9050,237
True,False,2942,442,s1-step9050-f4of5-d3of4,3,4,3,10000,7058,,5,4,True,0.25862068965517243,58,15,True,valid_distinct_candidate,0.8010024277547184,435,6624,4,0,True,82,fresh_execution,valid_sparse_circuit,3199715378,beb7c8323a354015a8c959720ce22efc9508d07aa7ea0df30e5924d3d5a6ec33,,,locally_single_deletion_minimal_sparse_mask,stage18-scaling-24a9adb84176,1,7,9050,237
True,False,2793,451,s1-step9050-f4of5-d3of4,3,4,3,10000,7207,,5,4,True,0.2616822429906542,107,28,True,valid_distinct_candidate,0.8007674837497063,446,6762,5,0,True,71,fresh_execution,valid_sparse_circuit,2111434523,7dd9ef1bc0f2cbed0ba239eb4a5d10a41755ae719e588e4a48f604da286a4cd5,,,locally_single_deletion_minimal_sparse_mask,stage18-scaling-24a9adb84176,1,7,9050,237
True,False,2793,451,s1-step9050-f4of5-d3of4,3,4,3,10000,7207,,5,4,True,0.2980769230769231,104,31,True,valid_distinct_candidate,0.8006891690813689,446,6762,6,0,True,71,fresh_execution,valid_sparse_circuit,296572439,11ad56173f0275a7354c549fcf1db6840e375173923cf86014b3d36d60409f95,,,locally_single_deletion_minimal_sparse_mask,stage18-scaling-24a9adb84176,1,7,9050,237
False,True,0,422,s1-step9050-f4of5-d3of4,3,4,3,6746,6746,,5,4,False,0.28225806451612906,124,35,True,budget_exhaustion,0.9056308246534576,422,6325,7,0,True,95,fresh_execution,budget_exhaustion,395944236,1799a12cebc92cd17308de9d8cc317043ab0d50531ee23f630c1433c2655dc61,,,budget_exhausted_inside_candidate_batch,stage18-scaling-24a9adb84176,1,7,9050,237
True,False,2899,444,s1-step9050-f17of20-d1of4,4,4,1,10000,7101,,20,17,True,0.0,1,0,True,valid_distinct_candidate,0.8512021301589788,440,6662,1,0,True,77,fresh_execution,valid_sparse_circuit,,,,,locally_single_deletion_minimal_sparse_mask,stage18-scaling-24a9adb84176,1,7,9050,238
True,False,2846,448,s1-step9050-f17of20-d1of4,4,4,1,10000,7154,,20,17,True,0.14388489208633093,139,20,True,valid_distinct_candidate,0.8504972981439424,435,6720,2,0,True,82,fresh_execution,valid_sparse_circuit,3326708251,c6498a1b9fa4d4ed3191bc13c4c1ce9abb7a3a500b1e3293b9bfeaa2896e5019,,,locally_single_deletion_minimal_sparse_mask,stage18-scaling-24a9adb84176,1,7,9050,238
False,False,2685,458,s1-step9050-f17of20-d1of4,4,4,1,10000,7315,,20,17,True,0.2631578947368421,19,5,True,distinctness_failure,0.8504972981439424,450,6866,3,0,True,67,fresh_execution,valid_sparse_circuit,626619067,255972bbd5d55eb9b4d047e7c1fe7f0751a54bcfa76b3a054ae3ef6055562c67,,,locally_single_deletion_minimal_sparse_mask,stage18-scaling-24a9adb84176,1,7,9050,238
False,True,0,168,s1-step9050-f17of20-d1of4,4,4,1,2685,2685,,20,17,False,0.10077519379844961,129,13,False,budget_exhaustion,0.9994517973216384,168,2518,3,1,True,349,fresh_execution,budget_exhaustion,3769354016,e0abc720aa6d81ab5076a4784b37699b4402773fe7b775ab2b2f89561b16e733,,,budget_exhausted_inside_candidate_batch,stage18-scaling-24a9adb84176,1,7,9050,238
True,False,2899,444,s1-step9050-f17of20-d1of2,5,2,1,10000,7101,,20,17,True,0.0,1,0,True,valid_distinct_candidate,0.8512021301589788,440,6662,1,0,True,77,fresh_execution,valid_sparse_circuit,,,,,locally_single_deletion_minimal_sparse_mask,stage18-scaling-24a9adb84176,1,7,9050,239
True,False,2846,448,s1-step9050-f17of20-d1of2,5,2,1,10000,7154,,20,17,True,0.14388489208633093,139,20,True,valid_distinct_candidate,0.8504972981439424,435,6720,2,0,True,82,fresh_execution,valid_sparse_circuit,3326708251,c6498a1b9fa4d4ed3191bc13c4c1ce9abb7a3a500b1e3293b9bfeaa2896e5019,,,locally_single_deletion_minimal_sparse_mask,stage18-scaling-24a9adb84176,1,7,9050,239
True,False,2685,458,s1-step9050-f17of20-d1of2,5,2,1,10000,7315,,20,17,True,0.2631578947368421,19,5,True,valid_distinct_candidate,0.8504972981439424,450,6866,3,0,True,67,fresh_execution,valid_sparse_circuit,626619067,255972bbd5d55eb9b4d047e7c1fe7f0751a54bcfa76b3a054ae3ef6055562c67,,,locally_single_deletion_minimal_sparse_mask,stage18-scaling-24a9adb84176,1,7,9050,239
True,False,2793,451,s1-step9050-f17of20-d1of2,5,2,1,10000,7207,,20,17,True,0.27586206896551724,29,8,True,valid_distinct_candidate,0.8512804448273161,446,6762,4,0,True,71,fresh_execution,valid_sparse_circuit,3199715378,beb7c8323a354015a8c959720ce22efc9508d07aa7ea0df30e5924d3d5a6ec33,,,locally_single_deletion_minimal_sparse_mask,stage18-scaling-24a9adb84176,1,7,9050,239
True,False,2824,449,s1-step9050-f17of20-d1of2,5,2,1,10000,7176,,20,17,True,0.30701754385964913,114,35,True,valid_distinct_candidate,0.8502623541389303,445,6732,5,0,True,72,fresh_execution,valid_sparse_circuit,2111434523,7dd9ef1bc0f2cbed0ba239eb4a5d10a41755ae719e588e4a48f604da286a4cd5,,,locally_single_deletion_minimal_sparse_mask,stage18-scaling-24a9adb84176,1,7,9050,239
True,False,2700,457,s1-step9050-f17of20-d1of2,5,2,1,10000,7300,,20,17,True,0.27522935779816515,109,30,True,valid_distinct_candidate,0.8527684235257263,449,6852,6,0,True,68,fresh_execution,valid_sparse_circuit,296572439,11ad56173f0275a7354c549fcf1db6840e375173923cf86014b3d36d60409f95,,,locally_single_deletion_minimal_sparse_mask,stage18-scaling-24a9adb84176,1,7,9050,239
False,True,0,422,s1-step9050-f17of20-d1of2,5,2,1,6747,6747,,20,17,False,0.25757575757575757,66,17,True,budget_exhaustion,0.883859346855666,422,6326,7,0,True,95,fresh_execution,budget_exhaustion,395944236,1799a12cebc92cd17308de9d8cc317043ab0d50531ee23f630c1433c2655dc61,,,budget_exhausted_inside_candidate_batch,stage18-scaling-24a9adb84176,1,7,9050,239
True,False,2899,444,s1-step9050-f17of20-d3of4,6,4,3,10000,7101,,20,17,True,0.0,1,0,True,valid_distinct_candidate,0.8512021301589788,440,6662,1,0,True,77,fresh_execution,valid_sparse_circuit,,,,,locally_single_deletion_minimal_sparse_mask,stage18-scaling-24a9adb84176,1,7,9050,240
True,False,2846,448,s1-step9050-f17of20-d3of4,6,4,3,10000,7154,,20,17,True,0.14388489208633093,139,20,True,valid_distinct_candidate,0.8504972981439424,435,6720,2,0,True,82,fresh_execution,valid_sparse_circuit,3326708251,c6498a1b9fa4d4ed3191bc13c4c1ce9abb7a3a500b1e3293b9bfeaa2896e5019,,,locally_single_deletion_minimal_sparse_mask,stage18-scaling-24a9adb84176,1,7,9050,240
True,False,2685,458,s1-step9050-f17of20-d3of4,6,4,3,10000,7315,,20,17,True,0.2631578947368421,19,5,True,valid_distinct_candidate,0.8504972981439424,450,6866,3,0,True,67,fresh_execution,valid_sparse_circuit,626619067,255972bbd5d55eb9b4d047e7c1fe7f0751a54bcfa76b3a054ae3ef6055562c67,,,locally_single_deletion_minimal_sparse_mask,stage18-scaling-24a9adb84176,1,7,9050,240
True,False,2793,451,s1-step9050-f17of20-d3of4,6,4,3,10000,7207,,20,17,True,0.27586206896551724,29,8,True,valid_distinct_candidate,0.8512804448273161,446,6762,4,0,True,71,fresh_execution,valid_sparse_circuit,3199715378,beb7c8323a354015a8c959720ce22efc9508d07aa7ea0df30e5924d3d5a6ec33,,,locally_single_deletion_minimal_sparse_mask,stage18-scaling-24a9adb84176,1,7,9050,240
True,False,2824,449,s1-step9050-f17of20-d3of4,6,4,3,10000,7176,,20,17,True,0.30701754385964913,114,35,True,valid_distinct_candidate,0.8502623541389303,445,6732,5,0,True,72,fresh_execution,valid_sparse_circuit,2111434523,7dd9ef1bc0f2cbed0ba239eb4a5d10a41755ae719e588e4a48f604da286a4cd5,,,locally_single_deletion_minimal_sparse_mask,stage18-scaling-24a9adb84176,1,7,9050,240
True,False,2700,457,s1-step9050-f17of20-d3of4,6,4,3,10000,7300,,20,17,True,0.27522935779816515,109,30,True,valid_distinct_candidate,0.8527684235257263,449,6852,6,0,True,68,fresh_execution,valid_sparse_circuit,296572439,11ad56173f0275a7354c549fcf1db6840e375173923cf86014b3d36d60409f95,,,locally_single_deletion_minimal_sparse_mask,stage18-scaling-24a9adb84176,1,7,9050,240
False,True,0,422,s1-step9050-f17of20-d3of4,6,4,3,6747,6747,,20,17,False,0.25757575757575757,66,17,True,budget_exhaustion,0.883859346855666,422,6326,7,0,True,95,fresh_execution,budget_exhaustion,395944236,1799a12cebc92cd17308de9d8cc317043ab0d50531ee23f630c1433c2655dc61,,,budget_exhausted_inside_candidate_batch,stage18-scaling-24a9adb84176,1,7,9050,240
True,False,2958,441,s1-step9050-f9of10-d1of4,7,4,1,10000,7042,,10,9,True,0.0,1,0,True,valid_distinct_candidate,0.9003054272065157,435,6608,1,0,True,82,fresh_execution,valid_sparse_circuit,,,,,locally_single_deletion_minimal_sparse_mask,stage18-scaling-24a9adb84176,1,7,9050,241
True,False,3018,437,s1-step9050-f9of10-d1of4,7,4,1,10000,6982,,10,9,True,0.1506849315068493,73,11,True,valid_distinct_candidate,0.9000704832015036,431,6552,2,0,True,86,fresh_execution,valid_sparse_circuit,3326708251,c6498a1b9fa4d4ed3191bc13c4c1ce9abb7a3a500b1e3293b9bfeaa2896e5019,,,locally_single_deletion_minimal_sparse_mask,stage18-scaling-24a9adb84176,1,7,9050,241
True,False,3379,414,s1-step9050-f9of10-d1of4,7,4,1,10000,6621,,10,9,True,0.18633540372670807,161,30,True,valid_distinct_candidate,0.9002271125381784,408,6214,3,0,True,109,fresh_execution,valid_sparse_circuit,626619067,255972bbd5d55eb9b4d047e7c1fe7f0751a54bcfa76b3a054ae3ef6055562c67,,,locally_single_deletion_minimal_sparse_mask,stage18-scaling-24a9adb84176,1,7,9050,241
False,False,3045,435,s1-step9050-f9of10-d1of4,7,4,1,10000,6955,,10,9,True,0.291044776119403,134,39,True,distinctness_failure,0.900148797869841,426,6530,4,0,True,91,fresh_execution,valid_sparse_circuit,3199715378,beb7c8323a354015a8c959720ce22efc9508d07aa7ea0df30e5924d3d5a6ec33,,,locally_single_deletion_minimal_sparse_mask,stage18-scaling-24a9adb84176,1,7,9050,241
False,True,0,191,s1-step9050-f9of10-d1of4,7,4,1,3045,3045,,10,9,False,0.14929577464788732,355,53,False,budget_exhaustion,0.9992951679849635,191,2855,4,1,True,326,fresh_execution,budget_exhaustion,4284297736,ff5d320814c4187502d4a04a36973d17546ebe582f42d9e51c2d3e3dc7f2b85f,,,budget_exhausted_inside_candidate_batch,stage18-scaling-24a9adb84176,1,7,9050,241
True,False,2958,441,s1-step9050-f9of10-d1of2,8,2,1,10000,7042,,10,9,True,0.0,1,0,True,valid_distinct_candidate,0.9003054272065157,435,6608,1,0,True,82,fresh_execution,valid_sparse_circuit,,,,,locally_single_deletion_minimal_sparse_mask,stage18-scaling-24a9adb84176,1,7,9050,242
True,False,3018,437,s1-step9050-f9of10-d1of2,8,2,1,10000,6982,,10,9,True,0.1506849315068493,73,11,True,valid_distinct_candidate,0.9000704832015036,431,6552,2,0,True,86,fresh_execution,valid_sparse_circuit,3326708251,c6498a1b9fa4d4ed3191bc13c4c1ce9abb7a3a500b1e3293b9bfeaa2896e5019,,,locally_single_deletion_minimal_sparse_mask,stage18-scaling-24a9adb84176,1,7,9050,242
True,False,3379,414,s1-step9050-f9of10-d1of2,8,2,1,10000,6621,,10,9,True,0.18633540372670807,161,30,True,valid_distinct_candidate,0.9002271125381784,408,6214,3,0,True,109,fresh_execution,valid_sparse_circuit,626619067,255972bbd5d55eb9b4d047e7c1fe7f0751a54bcfa76b3a054ae3ef6055562c67,,,locally_single_deletion_minimal_sparse_mask,stage18-scaling-24a9adb84176,1,7,9050,242
True,False,3045,435,s1-step9050-f9of10-d1of2,8,2,1,10000,6955,,10,9,True,0.291044776119403,134,39,True,valid_distinct_candidate,0.900148797869841,426,6530,4,0,True,91,fresh_execution,valid_sparse_circuit,3199715378,beb7c8323a354015a8c959720ce22efc9508d07aa7ea0df30e5924d3d5a6ec33,,,locally_single_deletion_minimal_sparse_mask,stage18-scaling-24a9adb84176,1,7,9050,242
True,False,2967,440,s1-step9050-f9of10-d1of2,8,2,1,10000,7033,,10,9,True,0.2857142857142857,7,2,True,valid_distinct_candidate,0.9002271125381784,428,6606,5,0,True,89,fresh_execution,valid_sparse_circuit,2111434523,7dd9ef1bc0f2cbed0ba239eb4a5d10a41755ae719e588e4a48f604da286a4cd5,,,locally_single_deletion_minimal_sparse_mask,stage18-scaling-24a9adb84176,1,7,9050,242
True,False,2970,440,s1-step9050-f9of10-d1of2,8,2,1,10000,7030,,10,9,True,0.2463768115942029,69,17,True,valid_distinct_candidate,0.900148797869841,431,6600,6,0,True,86,fresh_execution,valid_sparse_circuit,296572439,11ad56173f0275a7354c549fcf1db6840e375173923cf86014b3d36d60409f95,,,locally_single_deletion_minimal_sparse_mask,stage18-scaling-24a9adb84176,1,7,9050,242
True,False,1415,433,s1-step9050-f9of10-d1of2,8,2,1,8337,6922,,10,9,True,0.25547445255474455,137,35,True,valid_distinct_candidate,0.9010885738898896,427,6496,7,0,True,90,fresh_execution,valid_sparse_circuit,395944236,1799a12cebc92cd17308de9d8cc317043ab0d50531ee23f630c1433c2655dc61,,,locally_single_deletion_minimal_sparse_mask,stage18-scaling-24a9adb84176,1,7,9050,242
False,True,0,89,s1-step9050-f9of10-d1of2,8,2,1,1415,1415,,10,9,False,0.19068736141906872,451,86,False,budget_exhaustion,0.9994517973216384,89,1327,8,0,True,428,fresh_execution,budget_exhaustion,1368112833,518bbec1ebf1f1d43949c41300f885c8436d44d07adae7e1ce757d15074be04d,,,budget_exhausted_inside_candidate_batch,stage18-scaling-24a9adb84176,1,7,9050,242
True,False,2958,441,s1-step9050-f9of10-d3of4,9,4,3,10000,7042,,10,9,True,0.0,1,0,True,valid_distinct_candidate,0.9003054272065157,435,6608,1,0,True,82,fresh_execution,valid_sparse_circuit,,,,,locally_single_deletion_minimal_sparse_mask,stage18-scaling-24a9adb84176,1,7,9050,243
True,False,3018,437,s1-step9050-f9of10-d3of4,9,4,3,10000,6982,,10,9,True,0.1506849315068493,73,11,True,valid_distinct_candidate,0.9000704832015036,431,6552,2,0,True,86,fresh_execution,valid_sparse_circuit,3326708251,c6498a1b9fa4d4ed3191bc13c4c1ce9abb7a3a500b1e3293b9bfeaa2896e5019,,,locally_single_deletion_minimal_sparse_mask,stage18-scaling-24a9adb84176,1,7,9050,243
True,False,3379,414,s1-step9050-f9of10-d3of4,9,4,3,10000,6621,,10,9,True,0.18633540372670807,161,30,True,valid_distinct_candidate,0.9002271125381784,408,6214,3,0,True,109,fresh_execution,valid_sparse_circuit,626619067,255972bbd5d55eb9b4d047e7c1fe7f0751a54bcfa76b3a054ae3ef6055562c67,,,locally_single_deletion_minimal_sparse_mask,stage18-scaling-24a9adb84176,1,7,9050,243
True,False,3045,435,s1-step9050-f9of10-d3of4,9,4,3,10000,6955,,10,9,True,0.291044776119403,134,39,True,valid_distinct_candidate,0.900148797869841,426,6530,4,0,True,91,fresh_execution,valid_sparse_circuit,3199715378,beb7c8323a354015a8c959720ce22efc9508d07aa7ea0df30e5924d3d5a6ec33,,,locally_single_deletion_minimal_sparse_mask,stage18-scaling-24a9adb84176,1,7,9050,243
True,False,2967,440,s1-step9050-f9of10-d3of4,9,4,3,10000,7033,,10,9,True,0.2857142857142857,7,2,True,valid_distinct_candidate,0.9002271125381784,428,6606,5,0,True,89,fresh_execution,valid_sparse_circuit,2111434523,7dd9ef1bc0f2cbed0ba239eb4a5d10a41755ae719e588e4a48f604da286a4cd5,,,locally_single_deletion_minimal_sparse_mask,stage18-scaling-24a9adb84176,1,7,9050,243
True,False,2970,440,s1-step9050-f9of10-d3of4,9,4,3,10000,7030,,10,9,True,0.2463768115942029,69,17,True,valid_distinct_candidate,0.900148797869841,431,6600,6,0,True,86,fresh_execution,valid_sparse_circuit,296572439,11ad56173f0275a7354c549fcf1db6840e375173923cf86014b3d36d60409f95,,,locally_single_deletion_minimal_sparse_mask,stage18-scaling-24a9adb84176,1,7,9050,243
True,False,1415,433,s1-step9050-f9of10-d3of4,9,4,3,8337,6922,,10,9,True,0.25547445255474455,137,35,True,valid_distinct_candidate,0.9010885738898896,427,6496,7,0,True,90,fresh_execution,valid_sparse_circuit,395944236,1799a12cebc92cd17308de9d8cc317043ab0d50531ee23f630c1433c2655dc61,,,locally_single_deletion_minimal_sparse_mask,stage18-scaling-24a9adb84176,1,7,9050,243
False,True,0,89,s1-step9050-f9of10-d3of4,9,4,3,1415,1415,,10,9,False,0.19068736141906872,451,86,False,budget_exhaustion,0.9994517973216384,89,1327,8,0,True,428,fresh_execution,budget_exhaustion,1368112833,518bbec1ebf1f1d43949c41300f885c8436d44d07adae7e1ce757d15074be04d,,,budget_exhausted_inside_candidate_batch,stage18-scaling-24a9adb84176,1,7,9050,243
True,False,3220,424,s1-step9050-f19of20-d1of4,10,4,1,10000,6780,,20,19,True,0.0,1,0,True,valid_distinct_candidate,0.950896702952463,409,6372,1,0,True,108,fresh_execution,valid_sparse_circuit,,,,,locally_single_deletion_minimal_sparse_mask,stage18-scaling-24a9adb84176,1,7,9050,244
True,False,3207,425,s1-step9050-f19of20-d1of4,10,4,1,10000,6793,,20,19,True,0.11518324607329843,191,22,True,valid_distinct_candidate,0.9501135562690892,412,6382,2,0,True,105,fresh_execution,valid_sparse_circuit,3326708251,c6498a1b9fa4d4ed3191bc13c4c1ce9abb7a3a500b1e3293b9bfeaa2896e5019,,,locally_single_deletion_minimal_sparse_mask,stage18-scaling-24a9adb84176,1,7,9050,244
True,False,3421,412,s1-step9050-f19of20-d1of4,10,4,1,10000,6579,,20,19,True,0.15544041450777202,193,30,True,valid_distinct_candidate,0.9500352416007518,402,6178,3,0,True,115,fresh_execution,valid_sparse_circuit,626619067,255972bbd5d55eb9b4d047e7c1fe7f0751a54bcfa76b3a054ae3ef6055562c67,,,locally_single_deletion_minimal_sparse_mask,stage18-scaling-24a9adb84176,1,7,9050,244
True,False,2980,439,s1-step9050-f19of20-d1of4,10,4,1,10000,7020,,20,19,True,0.21951219512195122,41,9,True,valid_distinct_candidate,0.950896702952463,425,6596,4,0,True,92,fresh_execution,valid_sparse_circuit,3199715378,beb7c8323a354015a8c959720ce22efc9508d07aa7ea0df30e5924d3d5a6ec33,,,locally_single_deletion_minimal_sparse_mask,stage18-scaling-24a9adb84176,1,7,9050,244
False,False,3541,404,s1-step9050-f19of20-d1of4,10,4,1,10000,6459,,20,19,True,0.2833333333333333,60,17,True,distinctness_failure,0.9501918709374266,394,6066,5,0,True,123,fresh_execution,valid_sparse_circuit,2111434523,7dd9ef1bc0f2cbed0ba239eb4a5d10a41755ae719e588e4a48f604da286a4cd5,,,locally_single_deletion_minimal_sparse_mask,stage18-scaling-24a9adb84176,1,7,9050,244
False,True,0,222,s1-step9050-f19of20-d1of4,10,4,1,3541,3541,,20,19,False,0.18529411764705883,340,63,False,budget_exhaustion,0.9960059519147937,222,3320,5,1,True,295,fresh_execution,budget_exhaustion,722564848,2b1176f024966d7d480e8bf9d7bb2d41a67fa8e4c192f797a556043d1290be65,,,budget_exhausted_inside_candidate_batch,stage18-scaling-24a9adb84176,1,7,9050,244
True,False,3220,424,s1-step9050-f19of20-d1of2,11,2,1,10000,6780,,20,19,True,0.0,1,0,True,valid_distinct_candidate,0.950896702952463,409,6372,1,0,True,108,fresh_execution,valid_sparse_circuit,,,,,locally_single_deletion_minimal_sparse_mask,stage18-scaling-24a9adb84176,1,7,9050,245
True,False,3207,425,s1-step9050-f19of20-d1of2,11,2,1,10000,6793,,20,19,True,0.11518324607329843,191,22,True,valid_distinct_candidate,0.9501135562690892,412,6382,2,0,True,105,fresh_execution,valid_sparse_circuit,3326708251,c6498a1b9fa4d4ed3191bc13c4c1ce9abb7a3a500b1e3293b9bfeaa2896e5019,,,locally_single_deletion_minimal_sparse_mask,stage18-scaling-24a9adb84176,1,7,9050,245
True,False,3421,412,s1-step9050-f19of20-d1of2,11,2,1,10000,6579,,20,19,True,0.15544041450777202,193,30,True,valid_distinct_candidate,0.9500352416007518,402,6178,3,0,True,115,fresh_execution,valid_sparse_circuit,626619067,255972bbd5d55eb9b4d047e7c1fe7f0751a54bcfa76b3a054ae3ef6055562c67,,,locally_single_deletion_minimal_sparse_mask,stage18-scaling-24a9adb84176,1,7,9050,245
True,False,2980,439,s1-step9050-f19of20-d1of2,11,2,1,10000,7020,,20,19,True,0.21951219512195122,41,9,True,valid_distinct_candidate,0.950896702952463,425,6596,4,0,True,92,fresh_execution,valid_sparse_circuit,3199715378,beb7c8323a354015a8c959720ce22efc9508d07aa7ea0df30e5924d3d5a6ec33,,,locally_single_deletion_minimal_sparse_mask,stage18-scaling-24a9adb84176,1,7,9050,245
True,False,3541,404,s1-step9050-f19of20-d1of2,11,2,1,10000,6459,,20,19,True,0.2833333333333333,60,17,True,valid_distinct_candidate,0.9501918709374266,394,6066,5,0,True,123,fresh_execution,valid_sparse_circuit,2111434523,7dd9ef1bc0f2cbed0ba239eb4a5d10a41755ae719e588e4a48f604da286a4cd5,,,locally_single_deletion_minimal_sparse_mask,stage18-scaling-24a9adb84176,1,7,9050,245
True,False,3197,426,s1-step9050-f19of20-d1of2,11,2,1,10000,6803,,20,19,True,0.29375,160,47,True,valid_distinct_candidate,0.9501135562690892,418,6386,6,0,True,99,fresh_execution,valid_sparse_circuit,296572439,11ad56173f0275a7354c549fcf1db6840e375173923cf86014b3d36d60409f95,,,locally_single_deletion_minimal_sparse_mask,stage18-scaling-24a9adb84176,1,7,9050,245
True,False,2639,433,s1-step9050-f19of20-d1of2,11,2,1,9566,6927,,20,19,True,0.3096774193548387,155,48,True,valid_distinct_candidate,0.950505129610776,422,6506,7,0,True,95,fresh_execution,valid_sparse_circuit,395944236,1799a12cebc92cd17308de9d8cc317043ab0d50531ee23f630c1433c2655dc61,,,locally_single_deletion_minimal_sparse_mask,stage18-scaling-24a9adb84176,1,7,9050,245
False,True,0,165,s1-step9050-f19of20-d1of2,11,2,1,2639,2639,,20,19,False,0.18453865336658354,401,74,False,budget_exhaustion,0.9961625812514684,165,2475,8,0,True,352,fresh_execution,budget_exhaustion,1368112833,518bbec1ebf1f1d43949c41300f885c8436d44d07adae7e1ce757d15074be04d,,,budget_exhausted_inside_candidate_batch,stage18-scaling-24a9adb84176,1,7,9050,245
True,False,3220,424,s1-step9050-f19of20-d3of4,12,4,3,10000,6780,,20,19,True,0.0,1,0,True,valid_distinct_candidate,0.950896702952463,409,6372,1,0,True,108,fresh_execution,valid_sparse_circuit,,,,,locally_single_deletion_minimal_sparse_mask,stage18-scaling-24a9adb84176,1,7,9050,246
True,False,3207,425,s1-step9050-f19of20-d3of4,12,4,3,10000,6793,,20,19,True,0.11518324607329843,191,22,True,valid_distinct_candidate,0.9501135562690892,412,6382,2,0,True,105,fresh_execution,valid_sparse_circuit,3326708251,c6498a1b9fa4d4ed3191bc13c4c1ce9abb7a3a500b1e3293b9bfeaa2896e5019,,,locally_single_deletion_minimal_sparse_mask,stage18-scaling-24a9adb84176,1,7,9050,246
True,False,3421,412,s1-step9050-f19of20-d3of4,12,4,3,10000,6579,,20,19,True,0.15544041450777202,193,30,True,valid_distinct_candidate,0.9500352416007518,402,6178,3,0,True,115,fresh_execution,valid_sparse_circuit,626619067,255972bbd5d55eb9b4d047e7c1fe7f0751a54bcfa76b3a054ae3ef6055562c67,,,locally_single_deletion_minimal_sparse_mask,stage18-scaling-24a9adb84176,1,7,9050,246
True,False,2980,439,s1-step9050-f19of20-d3of4,12,4,3,10000,7020,,20,19,True,0.21951219512195122,41,9,True,valid_distinct_candidate,0.950896702952463,425,6596,4,0,True,92,fresh_execution,valid_sparse_circuit,3199715378,beb7c8323a354015a8c959720ce22efc9508d07aa7ea0df30e5924d3d5a6ec33,,,locally_single_deletion_minimal_sparse_mask,stage18-scaling-24a9adb84176,1,7,9050,246
True,False,3541,404,s1-step9050-f19of20-d3of4,12,4,3,10000,6459,,20,19,True,0.2833333333333333,60,17,True,valid_distinct_candidate,0.9501918709374266,394,6066,5,0,True,123,fresh_execution,valid_sparse_circuit,2111434523,7dd9ef1bc0f2cbed0ba239eb4a5d10a41755ae719e588e4a48f604da286a4cd5,,,locally_single_deletion_minimal_sparse_mask,stage18-scaling-24a9adb84176,1,7,9050,246
True,False,3197,426,s1-step9050-f19of20-d3of4,12,4,3,10000,6803,,20,19,True,0.29375,160,47,True,valid_distinct_candidate,0.9501135562690892,418,6386,6,0,True,99,fresh_execution,valid_sparse_circuit,296572439,11ad56173f0275a7354c549fcf1db6840e375173923cf86014b3d36d60409f95,,,locally_single_deletion_minimal_sparse_mask,stage18-scaling-24a9adb84176,1,7,9050,246
True,False,2639,433,s1-step9050-f19of20-d3of4,12,4,3,9566,6927,,20,19,True,0.3096774193548387,155,48,True,valid_distinct_candidate,0.950505129610776,422,6506,7,0,True,95,fresh_execution,valid_sparse_circuit,395944236,1799a12cebc92cd17308de9d8cc317043ab0d50531ee23f630c1433c2655dc61,,,locally_single_deletion_minimal_sparse_mask,stage18-scaling-24a9adb84176,1,7,9050,246
False,True,0,165,s1-step9050-f19of20-d3of4,12,4,3,2639,2639,,20,19,False,0.18453865336658354,401,74,False,budget_exhaustion,0.9961625812514684,165,2475,8,0,True,352,fresh_execution,budget_exhaustion,1368112833,518bbec1ebf1f1d43949c41300f885c8436d44d07adae7e1ce757d15074be04d,,,budget_exhausted_inside_candidate_batch,stage18-scaling-24a9adb84176,1,7,9050,246
True,False,3401,413,s1-step9050-f39of40-d1of4,13,4,1,10000,6599,,40,39,True,0.0,1,0,True,valid_distinct_candidate,0.9750176208003759,398,6202,1,0,True,119,fresh_execution,valid_sparse_circuit,,,,,locally_single_deletion_minimal_sparse_mask,stage18-scaling-24a9adb84176,1,7,9050,247
True,False,3582,402,s1-step9050-f39of40-d1of4,13,4,1,10000,6418,,40,39,True,0.10176991150442478,226,23,True,valid_distinct_candidate,0.9750959354687133,387,6032,2,0,True,130,fresh_execution,valid_sparse_circuit,3326708251,c6498a1b9fa4d4ed3191bc13c4c1ce9abb7a3a500b1e3293b9bfeaa2896e5019,,,locally_single_deletion_minimal_sparse_mask,stage18-scaling-24a9adb84176,1,7,9050,247
True,False,3737,392,s1-step9050-f39of40-d1of4,13,4,1,10000,6263,,40,39,True,0.15879828326180256,233,37,True,valid_distinct_candidate,0.9751742501370507,366,5898,3,0,True,151,fresh_execution,valid_sparse_circuit,626619067,255972bbd5d55eb9b4d047e7c1fe7f0751a54bcfa76b3a054ae3ef6055562c67,,,locally_single_deletion_minimal_sparse_mask,stage18-scaling-24a9adb84176,1,7,9050,247
True,False,3610,400,s1-step9050-f39of40-d1of4,13,4,1,10000,6390,,40,39,True,0.19658119658119658,117,23,True,valid_distinct_candidate,0.9750176208003759,367,6024,4,0,True,150,fresh_execution,valid_sparse_circuit,3199715378,beb7c8323a354015a8c959720ce22efc9508d07aa7ea0df30e5924d3d5a6ec33,,,locally_single_deletion_minimal_sparse_mask,stage18-scaling-24a9adb84176,1,7,9050,247
False,False,3583,402,s1-step9050-f39of40-d1of4,13,4,1,10000,6417,,40,39,True,0.25118483412322273,211,53,True,distinctness_failure,0.9750959354687133,372,6046,5,0,True,145,fresh_execution,valid_sparse_circuit,2111434523,7dd9ef1bc0f2cbed0ba239eb4a5d10a41755ae719e588e4a48f604da286a4cd5,,,locally_single_deletion_minimal_sparse_mask,stage18-scaling-24a9adb84176,1,7,9050,247
False,True,0,224,s1-step9050-f39of40-d1of4,13,4,1,3583,3583,,40,39,False,0.22255192878338279,337,75,False,budget_exhaustion,0.9992168533166262,224,3360,5,1,True,293,fresh_execution,budget_exhaustion,722564848,2b1176f024966d7d480e8bf9d7bb2d41a67fa8e4c192f797a556043d1290be65,,,budget_exhausted_inside_candidate_batch,stage18-scaling-24a9adb84176,1,7,9050,247
True,False,3401,413,s1-step9050-f39of40-d1of2,14,2,1,10000,6599,,40,39,True,0.0,1,0,True,valid_distinct_candidate,0.9750176208003759,398,6202,1,0,True,119,fresh_execution,valid_sparse_circuit,,,,,locally_single_deletion_minimal_sparse_mask,stage18-scaling-24a9adb84176,1,7,9050,248
True,False,3582,402,s1-step9050-f39of40-d1of2,14,2,1,10000,6418,,40,39,True,0.10176991150442478,226,23,True,valid_distinct_candidate,0.9750959354687133,387,6032,2,0,True,130,fresh_execution,valid_sparse_circuit,3326708251,c6498a1b9fa4d4ed3191bc13c4c1ce9abb7a3a500b1e3293b9bfeaa2896e5019,,,locally_single_deletion_minimal_sparse_mask,stage18-scaling-24a9adb84176,1,7,9050,248
True,False,3737,392,s1-step9050-f39of40-d1of2,14,2,1,10000,6263,,40,39,True,0.15879828326180256,233,37,True,valid_distinct_candidate,0.9751742501370507,366,5898,3,0,True,151,fresh_execution,valid_sparse_circuit,626619067,255972bbd5d55eb9b4d047e7c1fe7f0751a54bcfa76b3a054ae3ef6055562c67,,,locally_single_deletion_minimal_sparse_mask,stage18-scaling-24a9adb84176,1,7,9050,248
True,False,3610,400,s1-step9050-f39of40-d1of2,14,2,1,10000,6390,,40,39,True,0.19658119658119658,117,23,True,valid_distinct_candidate,0.9750176208003759,367,6024,4,0,True,150,fresh_execution,valid_sparse_circuit,3199715378,beb7c8323a354015a8c959720ce22efc9508d07aa7ea0df30e5924d3d5a6ec33,,,locally_single_deletion_minimal_sparse_mask,stage18-scaling-24a9adb84176,1,7,9050,248
True,False,3583,402,s1-step9050-f39of40-d1of2,14,2,1,10000,6417,,40,39,True,0.25118483412322273,211,53,True,valid_distinct_candidate,0.9750959354687133,372,6046,5,0,True,145,fresh_execution,valid_sparse_circuit,2111434523,7dd9ef1bc0f2cbed0ba239eb4a5d10a41755ae719e588e4a48f604da286a4cd5,,,locally_single_deletion_minimal_sparse_mask,stage18-scaling-24a9adb84176,1,7,9050,248
True,False,3322,418,s1-step9050-f39of40-d1of2,14,2,1,10000,6678,,40,39,True,0.30412371134020616,194,59,True,valid_distinct_candidate,0.9750176208003759,383,6296,6,0,True,134,fresh_execution,valid_sparse_circuit,296572439,11ad56173f0275a7354c549fcf1db6840e375173923cf86014b3d36d60409f95,,,locally_single_deletion_minimal_sparse_mask,stage18-scaling-24a9adb84176,1,7,9050,248
True,False,3654,397,s1-step9050-f39of40-d1of2,14,2,1,10000,6346,,40,39,True,0.29797979797979796,198,59,True,valid_distinct_candidate,0.9750176208003759,379,5968,7,0,True,138,fresh_execution,valid_sparse_circuit,395944236,1799a12cebc92cd17308de9d8cc317043ab0d50531ee23f630c1433c2655dc61,,,locally_single_deletion_minimal_sparse_mask,stage18-scaling-24a9adb84176,1,7,9050,248
False,True,0,306,s1-step9050-f39of40-d1of2,14,2,1,4889,4889,,40,39,False,0.2361111111111111,72,17,True,budget_exhaustion,0.9908371838045266,306,4584,8,0,True,211,fresh_execution,budget_exhaustion,1368112833,518bbec1ebf1f1d43949c41300f885c8436d44d07adae7e1ce757d15074be04d,,,budget_exhausted_inside_candidate_batch,stage18-scaling-24a9adb84176,1,7,9050,248
True,False,3401,413,s1-step9050-f39of40-d3of4,15,4,3,10000,6599,,40,39,True,0.0,1,0,True,valid_distinct_candidate,0.9750176208003759,398,6202,1,0,True,119,fresh_execution,valid_sparse_circuit,,,,,locally_single_deletion_minimal_sparse_mask,stage18-scaling-24a9adb84176,1,7,9050,249
True,False,3582,402,s1-step9050-f39of40-d3of4,15,4,3,10000,6418,,40,39,True,0.10176991150442478,226,23,True,valid_distinct_candidate,0.9750959354687133,387,6032,2,0,True,130,fresh_execution,valid_sparse_circuit,3326708251,c6498a1b9fa4d4ed3191bc13c4c1ce9abb7a3a500b1e3293b9bfeaa2896e5019,,,locally_single_deletion_minimal_sparse_mask,stage18-scaling-24a9adb84176,1,7,9050,249
True,False,3737,392,s1-step9050-f39of40-d3of4,15,4,3,10000,6263,,40,39,True,0.15879828326180256,233,37,True,valid_distinct_candidate,0.9751742501370507,366,5898,3,0,True,151,fresh_execution,valid_sparse_circuit,626619067,255972bbd5d55eb9b4d047e7c1fe7f0751a54bcfa76b3a054ae3ef6055562c67,,,locally_single_deletion_minimal_sparse_mask,stage18-scaling-24a9adb84176,1,7,9050,249
True,False,3610,400,s1-step9050-f39of40-d3of4,15,4,3,10000,6390,,40,39,True,0.19658119658119658,117,23,True,valid_distinct_candidate,0.9750176208003759,367,6024,4,0,True,150,fresh_execution,valid_sparse_circuit,3199715378,beb7c8323a354015a8c959720ce22efc9508d07aa7ea0df30e5924d3d5a6ec33,,,locally_single_deletion_minimal_sparse_mask,stage18-scaling-24a9adb84176,1,7,9050,249
True,False,3583,402,s1-step9050-f39of40-d3of4,15,4,3,10000,6417,,40,39,True,0.25118483412322273,211,53,True,valid_distinct_candidate,0.9750959354687133,372,6046,5,0,True,145,fresh_execution,valid_sparse_circuit,2111434523,7dd9ef1bc0f2cbed0ba239eb4a5d10a41755ae719e588e4a48f604da286a4cd5,,,locally_single_deletion_minimal_sparse_mask,stage18-scaling-24a9adb84176,1,7,9050,249
True,False,3322,418,s1-step9050-f39of40-d3of4,15,4,3,10000,6678,,40,39,True,0.30412371134020616,194,59,True,valid_distinct_candidate,0.9750176208003759,383,6296,6,0,True,134,fresh_execution,valid_sparse_circuit,296572439,11ad56173f0275a7354c549fcf1db6840e375173923cf86014b3d36d60409f95,,,locally_single_deletion_minimal_sparse_mask,stage18-scaling-24a9adb84176,1,7,9050,249
True,False,3654,397,s1-step9050-f39of40-d3of4,15,4,3,10000,6346,,40,39,True,0.29797979797979796,198,59,True,valid_distinct_candidate,0.9750176208003759,379,5968,7,0,True,138,fresh_execution,valid_sparse_circuit,395944236,1799a12cebc92cd17308de9d8cc317043ab0d50531ee23f630c1433c2655dc61,,,locally_single_deletion_minimal_sparse_mask,stage18-scaling-24a9adb84176,1,7,9050,249
False,True,0,306,s1-step9050-f39of40-d3of4,15,4,3,4889,4889,,40,39,False,0.2361111111111111,72,17,True,budget_exhaustion,0.9908371838045266,306,4584,8,0,True,211,fresh_execution,budget_exhaustion,1368112833,518bbec1ebf1f1d43949c41300f885c8436d44d07adae7e1ce757d15074be04d,,,budget_exhausted_inside_candidate_batch,stage18-scaling-24a9adb84176,1,7,9050,249
True,False,3902,382,s1-step9050-f99of100-d1of4,16,4,1,10000,6098,,100,99,True,0.0,1,0,True,valid_distinct_candidate,0.9900540371211528,371,5728,1,0,True,146,reference_existing_result,valid_sparse_circuit,,,stage12-diversity-s1-020ebf1b5814,12,locally_single_deletion_minimal_sparse_mask,stage18-scaling-24a9adb84176,1,7,9050,250
True,False,3950,379,s1-step9050-f99of100-d1of4,16,4,1,10000,6050,,100,99,True,0.0657439446366782,289,19,True,valid_distinct_candidate,0.9900540371211528,355,5696,2,0,True,162,reference_existing_result,valid_sparse_circuit,3326708251,c6498a1b9fa4d4ed3191bc13c4c1ce9abb7a3a500b1e3293b9bfeaa2896e5019,stage12-diversity-s1-020ebf1b5814,12,locally_single_deletion_minimal_sparse_mask,stage18-scaling-24a9adb84176,1,7,9050,250
False,,,,s1-step9050-f99of100-d1of4,16,4,1,,,,100,99,,,,,,,,,,2,1,False,,reference_existing_result,,,,stage12-diversity-s1-020ebf1b5814,12,,stage18-scaling-24a9adb84176,1,7,9050,250
False,,,,s1-step9050-f99of100-d1of4,16,4,1,,,,100,99,,,,,,,,,,2,2,False,,reference_existing_result,,,,stage12-diversity-s1-020ebf1b5814,12,,stage18-scaling-24a9adb84176,1,7,9050,250
False,,,,s1-step9050-f99of100-d1of4,16,4,1,,,,100,99,,,,,,,,,,2,3,False,,reference_existing_result,,,,stage12-diversity-s1-020ebf1b5814,12,,stage18-scaling-24a9adb84176,1,7,9050,250
False,,,,s1-step9050-f99of100-d1of4,16,4,1,,,,100,99,,,,,,,,,,2,4,False,,reference_existing_result,,,,stage12-diversity-s1-020ebf1b5814,12,,stage18-scaling-24a9adb84176,1,7,9050,250
True,False,3856,384,s1-step9050-f99of100-d1of4,16,4,1,10000,6144,,100,99,True,0.20149253731343283,134,27,True,valid_distinct_candidate,0.9901323517894902,341,5804,3,0,True,176,reference_existing_result,valid_sparse_circuit,626619067,255972bbd5d55eb9b4d047e7c1fe7f0751a54bcfa76b3a054ae3ef6055562c67,stage12-diversity-s1-020ebf1b5814,12,locally_single_deletion_minimal_sparse_mask,stage18-scaling-24a9adb84176,1,7,9050,250
False,,,,s1-step9050-f99of100-d1of4,16,4,1,,,,100,99,,,,,,,,,,3,1,False,,reference_existing_result,,,,stage12-diversity-s1-020ebf1b5814,12,,stage18-scaling-24a9adb84176,1,7,9050,250
False,,,,s1-step9050-f99of100-d1of4,16,4,1,,,,100,99,,,,,,,,,,3,2,False,,reference_existing_result,,,,stage12-diversity-s1-020ebf1b5814,12,,stage18-scaling-24a9adb84176,1,7,9050,250
False,,,,s1-step9050-f99of100-d1of4,16,4,1,,,,100,99,,,,,,,,,,3,3,False,,reference_existing_result,,,,stage12-diversity-s1-020ebf1b5814,12,,stage18-scaling-24a9adb84176,1,7,9050,250
False,,,,s1-step9050-f99of100-d1of4,16,4,1,,,,100,99,,,,,,,,,,3,4,False,,reference_existing_result,,,,stage12-diversity-s1-020ebf1b5814,12,,stage18-scaling-24a9adb84176,1,7,9050,250
False,False,3598,401,s1-step9050-f99of100-d1of4,16,4,1,10000,6402,,100,99,True,0.26229508196721313,61,16,True,distinctness_failure,0.9900540371211528,355,6048,4,0,True,162,reference_existing_result,valid_sparse_circuit,3199715378,beb7c8323a354015a8c959720ce22efc9508d07aa7ea0df30e5924d3d5a6ec33,stage12-diversity-s1-020ebf1b5814,12,locally_single_deletion_minimal_sparse_mask,stage18-scaling-24a9adb84176,1,7,9050,250
False,True,0,225,s1-step9050-f99of100-d1of4,16,4,1,3598,3598,,100,99,False,0.24431818181818182,176,43,False,budget_exhaustion,0.9982770772965777,225,3374,4,1,True,292,reference_existing_result,budget_exhaustion,4284297736,ff5d320814c4187502d4a04a36973d17546ebe582f42d9e51c2d3e3dc7f2b85f,stage12-diversity-s1-020ebf1b5814,12,budget_exhausted_inside_candidate_batch,stage18-scaling-24a9adb84176,1,7,9050,250
False,,,,s1-step9050-f99of100-d1of4,16,4,1,,,,100,99,,,,,,,,,,4,2,False,,reference_existing_result,,,,stage12-diversity-s1-020ebf1b5814,12,,stage18-scaling-24a9adb84176,1,7,9050,250
False,,,,s1-step9050-f99of100-d1of4,16,4,1,,,,100,99,,,,,,,,,,4,3,False,,reference_existing_result,,,,stage12-diversity-s1-020ebf1b5814,12,,stage18-scaling-24a9adb84176,1,7,9050,250
False,,,,s1-step9050-f99of100-d1of4,16,4,1,,,,100,99,,,,,,,,,,4,4,False,,reference_existing_result,,,,stage12-diversity-s1-020ebf1b5814,12,,stage18-scaling-24a9adb84176,1,7,9050,250
True,False,3902,382,s1-step9050-f99of100-d1of2,17,2,1,10000,6098,,100,99,True,0.0,1,0,True,valid_distinct_candidate,0.9900540371211528,371,5728,1,0,True,146,reference_existing_result,valid_sparse_circuit,,,stage12-diversity-s1-020ebf1b5814,12,locally_single_deletion_minimal_sparse_mask,stage18-scaling-24a9adb84176,1,7,9050,251
True,False,3950,379,s1-step9050-f99of100-d1of2,17,2,1,10000,6050,,100,99,True,0.0657439446366782,289,19,True,valid_distinct_candidate,0.9900540371211528,355,5696,2,0,True,162,reference_existing_result,valid_sparse_circuit,3326708251,c6498a1b9fa4d4ed3191bc13c4c1ce9abb7a3a500b1e3293b9bfeaa2896e5019,stage12-diversity-s1-020ebf1b5814,12,locally_single_deletion_minimal_sparse_mask,stage18-scaling-24a9adb84176,1,7,9050,251
False,,,,s1-step9050-f99of100-d1of2,17,2,1,,,,100,99,,,,,,,,,,2,1,False,,reference_existing_result,,,,stage12-diversity-s1-020ebf1b5814,12,,stage18-scaling-24a9adb84176,1,7,9050,251
False,,,,s1-step9050-f99of100-d1of2,17,2,1,,,,100,99,,,,,,,,,,2,2,False,,reference_existing_result,,,,stage12-diversity-s1-020ebf1b5814,12,,stage18-scaling-24a9adb84176,1,7,9050,251
False,,,,s1-step9050-f99of100-d1of2,17,2,1,,,,100,99,,,,,,,,,,2,3,False,,reference_existing_result,,,,stage12-diversity-s1-020ebf1b5814,12,,stage18-scaling-24a9adb84176,1,7,9050,251
False,,,,s1-step9050-f99of100-d1of2,17,2,1,,,,100,99,,,,,,,,,,2,4,False,,reference_existing_result,,,,stage12-diversity-s1-020ebf1b5814,12,,stage18-scaling-24a9adb84176,1,7,9050,251
True,False,3856,384,s1-step9050-f99of100-d1of2,17,2,1,10000,6144,,100,99,True,0.20149253731343283,134,27,True,valid_distinct_candidate,0.9901323517894902,341,5804,3,0,True,176,reference_existing_result,valid_sparse_circuit,626619067,255972bbd5d55eb9b4d047e7c1fe7f0751a54bcfa76b3a054ae3ef6055562c67,stage12-diversity-s1-020ebf1b5814,12,locally_single_deletion_minimal_sparse_mask,stage18-scaling-24a9adb84176,1,7,9050,251
False,,,,s1-step9050-f99of100-d1of2,17,2,1,,,,100,99,,,,,,,,,,3,1,False,,reference_existing_result,,,,stage12-diversity-s1-020ebf1b5814,12,,stage18-scaling-24a9adb84176,1,7,9050,251
False,,,,s1-step9050-f99of100-d1of2,17,2,1,,,,100,99,,,,,,,,,,3,2,False,,reference_existing_result,,,,stage12-diversity-s1-020ebf1b5814,12,,stage18-scaling-24a9adb84176,1,7,9050,251
False,,,,s1-step9050-f99of100-d1of2,17,2,1,,,,100,99,,,,,,,,,,3,3,False,,reference_existing_result,,,,stage12-diversity-s1-020ebf1b5814,12,,stage18-scaling-24a9adb84176,1,7,9050,251
False,,,,s1-step9050-f99of100-d1of2,17,2,1,,,,100,99,,,,,,,,,,3,4,False,,reference_existing_result,,,,stage12-diversity-s1-020ebf1b5814,12,,stage18-scaling-24a9adb84176,1,7,9050,251
True,False,3598,401,s1-step9050-f99of100-d1of2,17,2,1,10000,6402,,100,99,True,0.26229508196721313,61,16,True,valid_distinct_candidate,0.9900540371211528,355,6048,4,0,True,162,reference_existing_result,valid_sparse_circuit,3199715378,beb7c8323a354015a8c959720ce22efc9508d07aa7ea0df30e5924d3d5a6ec33,stage12-diversity-s1-020ebf1b5814,12,locally_single_deletion_minimal_sparse_mask,stage18-scaling-24a9adb84176,1,7,9050,251
False,,,,s1-step9050-f99of100-d1of2,17,2,1,,,,100,99,,,,,,,,,,4,1,False,,reference_existing_result,,,,stage12-diversity-s1-020ebf1b5814,12,,stage18-scaling-24a9adb84176,1,7,9050,251
False,,,,s1-step9050-f99of100-d1of2,17,2,1,,,,100,99,,,,,,,,,,4,2,False,,reference_existing_result,,,,stage12-diversity-s1-020ebf1b5814,12,,stage18-scaling-24a9adb84176,1,7,9050,251
False,,,,s1-step9050-f99of100-d1of2,17,2,1,,,,100,99,,,,,,,,,,4,3,False,,reference_existing_result,,,,stage12-diversity-s1-020ebf1b5814,12,,stage18-scaling-24a9adb84176,1,7,9050,251
False,,,,s1-step9050-f99of100-d1of2,17,2,1,,,,100,99,,,,,,,,,,4,4,False,,reference_existing_result,,,,stage12-diversity-s1-020ebf1b5814,12,,stage18-scaling-24a9adb84176,1,7,9050,251
True,False,2892,445,s1-step9050-f99of100-d1of2,17,2,1,10000,7108,,100,99,True,0.24817518248175183,137,34,True,valid_distinct_candidate,0.9900540371211528,337,6772,5,0,True,180,reference_existing_result,valid_sparse_circuit,2111434523,7dd9ef1bc0f2cbed0ba239eb4a5d10a41755ae719e588e4a48f604da286a4cd5,stage12-diversity-s1-020ebf1b5814,12,locally_single_deletion_minimal_sparse_mask,stage18-scaling-24a9adb84176,1,7,9050,251
False,,,,s1-step9050-f99of100-d1of2,17,2,1,,,,100,99,,,,,,,,,,5,1,False,,reference_existing_result,,,,stage12-diversity-s1-020ebf1b5814,12,,stage18-scaling-24a9adb84176,1,7,9050,251
False,,,,s1-step9050-f99of100-d1of2,17,2,1,,,,100,99,,,,,,,,,,5,2,False,,reference_existing_result,,,,stage12-diversity-s1-020ebf1b5814,12,,stage18-scaling-24a9adb84176,1,7,9050,251
False,,,,s1-step9050-f99of100-d1of2,17,2,1,,,,100,99,,,,,,,,,,5,3,False,,reference_existing_result,,,,stage12-diversity-s1-020ebf1b5814,12,,stage18-scaling-24a9adb84176,1,7,9050,251
False,,,,s1-step9050-f99of100-d1of2,17,2,1,,,,100,99,,,,,,,,,,5,4,False,,reference_existing_result,,,,stage12-diversity-s1-020ebf1b5814,12,,stage18-scaling-24a9adb84176,1,7,9050,251
True,False,3820,387,s1-step9050-f99of100-d1of2,17,2,1,10000,6180,,100,99,True,0.3092369477911647,249,77,True,valid_distinct_candidate,0.9900540371211528,337,5844,6,0,True,180,reference_existing_result,valid_sparse_circuit,296572439,11ad56173f0275a7354c549fcf1db6840e375173923cf86014b3d36d60409f95,stage12-diversity-s1-020ebf1b5814,12,locally_single_deletion_minimal_sparse_mask,stage18-scaling-24a9adb84176,1,7,9050,251
False,,,,s1-step9050-f99of100-d1of2,17,2,1,,,,100,99,,,,,,,,,,6,1,False,,reference_existing_result,,,,stage12-diversity-s1-020ebf1b5814,12,,stage18-scaling-24a9adb84176,1,7,9050,251
False,,,,s1-step9050-f99of100-d1of2,17,2,1,,,,100,99,,,,,,,,,,6,2,False,,reference_existing_result,,,,stage12-diversity-s1-020ebf1b5814,12,,stage18-scaling-24a9adb84176,1,7,9050,251
False,,,,s1-step9050-f99of100-d1of2,17,2,1,,,,100,99,,,,,,,,,,6,3,False,,reference_existing_result,,,,stage12-diversity-s1-020ebf1b5814,12,,stage18-scaling-24a9adb84176,1,7,9050,251
False,,,,s1-step9050-f99of100-d1of2,17,2,1,,,,100,99,,,,,,,,,,6,4,False,,reference_existing_result,,,,stage12-diversity-s1-020ebf1b5814,12,,stage18-scaling-24a9adb84176,1,7,9050,251
True,False,3783,389,s1-step9050-f99of100-d1of2,17,2,1,10000,6217,,100,99,True,0.27530364372469635,247,68,True,valid_distinct_candidate,0.9901323517894902,348,5870,7,0,True,169,reference_existing_result,valid_sparse_circuit,395944236,1799a12cebc92cd17308de9d8cc317043ab0d50531ee23f630c1433c2655dc61,stage12-diversity-s1-020ebf1b5814,12,locally_single_deletion_minimal_sparse_mask,stage18-scaling-24a9adb84176,1,7,9050,251
False,,,,s1-step9050-f99of100-d1of2,17,2,1,,,,100,99,,,,,,,,,,7,1,False,,reference_existing_result,,,,stage12-diversity-s1-020ebf1b5814,12,,stage18-scaling-24a9adb84176,1,7,9050,251
False,,,,s1-step9050-f99of100-d1of2,17,2,1,,,,100,99,,,,,,,,,,7,2,False,,reference_existing_result,,,,stage12-diversity-s1-020ebf1b5814,12,,stage18-scaling-24a9adb84176,1,7,9050,251
False,,,,s1-step9050-f99of100-d1of2,17,2,1,,,,100,99,,,,,,,,,,7,3,False,,reference_existing_result,,,,stage12-diversity-s1-020ebf1b5814,12,,stage18-scaling-24a9adb84176,1,7,9050,251
False,,,,s1-step9050-f99of100-d1of2,17,2,1,,,,100,99,,,,,,,,,,7,4,False,,reference_existing_result,,,,stage12-diversity-s1-020ebf1b5814,12,,stage18-scaling-24a9adb84176,1,7,9050,251
False,True,0,363,s1-step9050-f99of100-d1of2,17,2,1,5801,5801,,100,99,False,0.27697841726618705,278,77,True,budget_exhaustion,0.9902106664578275,338,5464,8,0,True,179,reference_existing_result,budget_exhaustion,1368112833,518bbec1ebf1f1d43949c41300f885c8436d44d07adae7e1ce757d15074be04d,stage12-diversity-s1-020ebf1b5814,12,budget_exhausted_inside_candidate_batch,stage18-scaling-24a9adb84176,1,7,9050,251
False,,,,s1-step9050-f99of100-d1of2,17,2,1,,,,100,99,,,,,,,,,,8,1,False,,reference_existing_result,,,,stage12-diversity-s1-020ebf1b5814,12,,stage18-scaling-24a9adb84176,1,7,9050,251
False,,,,s1-step9050-f99of100-d1of2,17,2,1,,,,100,99,,,,,,,,,,8,2,False,,reference_existing_result,,,,stage12-diversity-s1-020ebf1b5814,12,,stage18-scaling-24a9adb84176,1,7,9050,251
False,,,,s1-step9050-f99of100-d1of2,17,2,1,,,,100,99,,,,,,,,,,8,3,False,,reference_existing_result,,,,stage12-diversity-s1-020ebf1b5814,12,,stage18-scaling-24a9adb84176,1,7,9050,251
False,,,,s1-step9050-f99of100-d1of2,17,2,1,,,,100,99,,,,,,,,,,8,4,False,,reference_existing_result,,,,stage12-diversity-s1-020ebf1b5814,12,,stage18-scaling-24a9adb84176,1,7,9050,251
True,False,3902,382,s1-step9050-f99of100-d3of4,18,4,3,10000,6098,,100,99,True,0.0,1,0,True,valid_distinct_candidate,0.9900540371211528,371,5728,1,0,True,146,reference_existing_result,valid_sparse_circuit,,,stage12-diversity-s1-020ebf1b5814,12,locally_single_deletion_minimal_sparse_mask,stage18-scaling-24a9adb84176,1,7,9050,252
True,False,3950,379,s1-step9050-f99of100-d3of4,18,4,3,10000,6050,,100,99,True,0.0657439446366782,289,19,True,valid_distinct_candidate,0.9900540371211528,355,5696,2,0,True,162,reference_existing_result,valid_sparse_circuit,3326708251,c6498a1b9fa4d4ed3191bc13c4c1ce9abb7a3a500b1e3293b9bfeaa2896e5019,stage12-diversity-s1-020ebf1b5814,12,locally_single_deletion_minimal_sparse_mask,stage18-scaling-24a9adb84176,1,7,9050,252
False,,,,s1-step9050-f99of100-d3of4,18,4,3,,,,100,99,,,,,,,,,,2,1,False,,reference_existing_result,,,,stage12-diversity-s1-020ebf1b5814,12,,stage18-scaling-24a9adb84176,1,7,9050,252
False,,,,s1-step9050-f99of100-d3of4,18,4,3,,,,100,99,,,,,,,,,,2,2,False,,reference_existing_result,,,,stage12-diversity-s1-020ebf1b5814,12,,stage18-scaling-24a9adb84176,1,7,9050,252
False,,,,s1-step9050-f99of100-d3of4,18,4,3,,,,100,99,,,,,,,,,,2,3,False,,reference_existing_result,,,,stage12-diversity-s1-020ebf1b5814,12,,stage18-scaling-24a9adb84176,1,7,9050,252
False,,,,s1-step9050-f99of100-d3of4,18,4,3,,,,100,99,,,,,,,,,,2,4,False,,reference_existing_result,,,,stage12-diversity-s1-020ebf1b5814,12,,stage18-scaling-24a9adb84176,1,7,9050,252
True,False,3856,384,s1-step9050-f99of100-d3of4,18,4,3,10000,6144,,100,99,True,0.20149253731343283,134,27,True,valid_distinct_candidate,0.9901323517894902,341,5804,3,0,True,176,reference_existing_result,valid_sparse_circuit,626619067,255972bbd5d55eb9b4d047e7c1fe7f0751a54bcfa76b3a054ae3ef6055562c67,stage12-diversity-s1-020ebf1b5814,12,locally_single_deletion_minimal_sparse_mask,stage18-scaling-24a9adb84176,1,7,9050,252
False,,,,s1-step9050-f99of100-d3of4,18,4,3,,,,100,99,,,,,,,,,,3,1,False,,reference_existing_result,,,,stage12-diversity-s1-020ebf1b5814,12,,stage18-scaling-24a9adb84176,1,7,9050,252
False,,,,s1-step9050-f99of100-d3of4,18,4,3,,,,100,99,,,,,,,,,,3,2,False,,reference_existing_result,,,,stage12-diversity-s1-020ebf1b5814,12,,stage18-scaling-24a9adb84176,1,7,9050,252
False,,,,s1-step9050-f99of100-d3of4,18,4,3,,,,100,99,,,,,,,,,,3,3,False,,reference_existing_result,,,,stage12-diversity-s1-020ebf1b5814,12,,stage18-scaling-24a9adb84176,1,7,9050,252
False,,,,s1-step9050-f99of100-d3of4,18,4,3,,,,100,99,,,,,,,,,,3,4,False,,reference_existing_result,,,,stage12-diversity-s1-020ebf1b5814,12,,stage18-scaling-24a9adb84176,1,7,9050,252
True,False,3598,401,s1-step9050-f99of100-d3of4,18,4,3,10000,6402,,100,99,True,0.26229508196721313,61,16,True,valid_distinct_candidate,0.9900540371211528,355,6048,4,0,True,162,reference_existing_result,valid_sparse_circuit,3199715378,beb7c8323a354015a8c959720ce22efc9508d07aa7ea0df30e5924d3d5a6ec33,stage12-diversity-s1-020ebf1b5814,12,locally_single_deletion_minimal_sparse_mask,stage18-scaling-24a9adb84176,1,7,9050,252
False,,,,s1-step9050-f99of100-d3of4,18,4,3,,,,100,99,,,,,,,,,,4,1,False,,reference_existing_result,,,,stage12-diversity-s1-020ebf1b5814,12,,stage18-scaling-24a9adb84176,1,7,9050,252
False,,,,s1-step9050-f99of100-d3of4,18,4,3,,,,100,99,,,,,,,,,,4,2,False,,reference_existing_result,,,,stage12-diversity-s1-020ebf1b5814,12,,stage18-scaling-24a9adb84176,1,7,9050,252
False,,,,s1-step9050-f99of100-d3of4,18,4,3,,,,100,99,,,,,,,,,,4,3,False,,reference_existing_result,,,,stage12-diversity-s1-020ebf1b5814,12,,stage18-scaling-24a9adb84176,1,7,9050,252
False,,,,s1-step9050-f99of100-d3of4,18,4,3,,,,100,99,,,,,,,,,,4,4,False,,reference_existing_result,,,,stage12-diversity-s1-020ebf1b5814,12,,stage18-scaling-24a9adb84176,1,7,9050,252
True,False,2892,445,s1-step9050-f99of100-d3of4,18,4,3,10000,7108,,100,99,True,0.24817518248175183,137,34,True,valid_distinct_candidate,0.9900540371211528,337,6772,5,0,True,180,reference_existing_result,valid_sparse_circuit,2111434523,7dd9ef1bc0f2cbed0ba239eb4a5d10a41755ae719e588e4a48f604da286a4cd5,stage12-diversity-s1-020ebf1b5814,12,locally_single_deletion_minimal_sparse_mask,stage18-scaling-24a9adb84176,1,7,9050,252
False,,,,s1-step9050-f99of100-d3of4,18,4,3,,,,100,99,,,,,,,,,,5,1,False,,reference_existing_result,,,,stage12-diversity-s1-020ebf1b5814,12,,stage18-scaling-24a9adb84176,1,7,9050,252
False,,,,s1-step9050-f99of100-d3of4,18,4,3,,,,100,99,,,,,,,,,,5,2,False,,reference_existing_result,,,,stage12-diversity-s1-020ebf1b5814,12,,stage18-scaling-24a9adb84176,1,7,9050,252
False,,,,s1-step9050-f99of100-d3of4,18,4,3,,,,100,99,,,,,,,,,,5,3,False,,reference_existing_result,,,,stage12-diversity-s1-020ebf1b5814,12,,stage18-scaling-24a9adb84176,1,7,9050,252
False,,,,s1-step9050-f99of100-d3of4,18,4,3,,,,100,99,,,,,,,,,,5,4,False,,reference_existing_result,,,,stage12-diversity-s1-020ebf1b5814,12,,stage18-scaling-24a9adb84176,1,7,9050,252
True,False,3820,387,s1-step9050-f99of100-d3of4,18,4,3,10000,6180,,100,99,True,0.3092369477911647,249,77,True,valid_distinct_candidate,0.9900540371211528,337,5844,6,0,True,180,reference_existing_result,valid_sparse_circuit,296572439,11ad56173f0275a7354c549fcf1db6840e375173923cf86014b3d36d60409f95,stage12-diversity-s1-020ebf1b5814,12,locally_single_deletion_minimal_sparse_mask,stage18-scaling-24a9adb84176,1,7,9050,252
False,,,,s1-step9050-f99of100-d3of4,18,4,3,,,,100,99,,,,,,,,,,6,1,False,,reference_existing_result,,,,stage12-diversity-s1-020ebf1b5814,12,,stage18-scaling-24a9adb84176,1,7,9050,252
False,,,,s1-step9050-f99of100-d3of4,18,4,3,,,,100,99,,,,,,,,,,6,2,False,,reference_existing_result,,,,stage12-diversity-s1-020ebf1b5814,12,,stage18-scaling-24a9adb84176,1,7,9050,252
False,,,,s1-step9050-f99of100-d3of4,18,4,3,,,,100,99,,,,,,,,,,6,3,False,,reference_existing_result,,,,stage12-diversity-s1-020ebf1b5814,12,,stage18-scaling-24a9adb84176,1,7,9050,252
False,,,,s1-step9050-f99of100-d3of4,18,4,3,,,,100,99,,,,,,,,,,6,4,False,,reference_existing_result,,,,stage12-diversity-s1-020ebf1b5814,12,,stage18-scaling-24a9adb84176,1,7,9050,252
True,False,3783,389,s1-step9050-f99of100-d3of4,18,4,3,10000,6217,,100,99,True,0.27530364372469635,247,68,True,valid_distinct_candidate,0.9901323517894902,348,5870,7,0,True,169,reference_existing_result,valid_sparse_circuit,395944236,1799a12cebc92cd17308de9d8cc317043ab0d50531ee23f630c1433c2655dc61,stage12-diversity-s1-020ebf1b5814,12,locally_single_deletion_minimal_sparse_mask,stage18-scaling-24a9adb84176,1,7,9050,252
False,,,,s1-step9050-f99of100-d3of4,18,4,3,,,,100,99,,,,,,,,,,7,1,False,,reference_existing_result,,,,stage12-diversity-s1-020ebf1b5814,12,,stage18-scaling-24a9adb84176,1,7,9050,252
False,,,,s1-step9050-f99of100-d3of4,18,4,3,,,,100,99,,,,,,,,,,7,2,False,,reference_existing_result,,,,stage12-diversity-s1-020ebf1b5814,12,,stage18-scaling-24a9adb84176,1,7,9050,252
False,,,,s1-step9050-f99of100-d3of4,18,4,3,,,,100,99,,,,,,,,,,7,3,False,,reference_existing_result,,,,stage12-diversity-s1-020ebf1b5814,12,,stage18-scaling-24a9adb84176,1,7,9050,252
False,,,,s1-step9050-f99of100-d3of4,18,4,3,,,,100,99,,,,,,,,,,7,4,False,,reference_existing_result,,,,stage12-diversity-s1-020ebf1b5814,12,,stage18-scaling-24a9adb84176,1,7,9050,252
False,True,0,363,s1-step9050-f99of100-d3of4,18,4,3,5801,5801,,100,99,False,0.27697841726618705,278,77,True,budget_exhaustion,0.9902106664578275,338,5464,8,0,True,179,reference_existing_result,budget_exhaustion,1368112833,518bbec1ebf1f1d43949c41300f885c8436d44d07adae7e1ce757d15074be04d,stage12-diversity-s1-020ebf1b5814,12,budget_exhausted_inside_candidate_batch,stage18-scaling-24a9adb84176,1,7,9050,252
False,,,,s1-step9050-f99of100-d3of4,18,4,3,,,,100,99,,,,,,,,,,8,1,False,,reference_existing_result,,,,stage12-diversity-s1-020ebf1b5814,12,,stage18-scaling-24a9adb84176,1,7,9050,252
False,,,,s1-step9050-f99of100-d3of4,18,4,3,,,,100,99,,,,,,,,,,8,2,False,,reference_existing_result,,,,stage12-diversity-s1-020ebf1b5814,12,,stage18-scaling-24a9adb84176,1,7,9050,252
False,,,,s1-step9050-f99of100-d3of4,18,4,3,,,,100,99,,,,,,,,,,8,3,False,,reference_existing_result,,,,stage12-diversity-s1-020ebf1b5814,12,,stage18-scaling-24a9adb84176,1,7,9050,252
False,,,,s1-step9050-f99of100-d3of4,18,4,3,,,,100,99,,,,,,,,,,8,4,False,,reference_existing_result,,,,stage12-diversity-s1-020ebf1b5814,12,,stage18-scaling-24a9adb84176,1,7,9050,252
False,False,8066,121,s2-step200-f4of5-d1of4,253,4,1,10000,1934,,5,4,True,0.0,1,0,False,sparsity_failure,0.8002975957396821,23,1912,1,0,True,494,fresh_execution,valid_but_not_meaningfully_sparse,,,,,locally_single_deletion_minimal_nonsparse_mask,stage18-scaling-24a9adb84176,2,1,200,253
False,False,8066,121,s2-step200-f4of5-d1of2,254,2,1,10000,1934,,5,4,True,0.0,1,0,False,sparsity_failure,0.8002975957396821,23,1912,1,0,True,494,fresh_execution,valid_but_not_meaningfully_sparse,,,,,locally_single_deletion_minimal_nonsparse_mask,stage18-scaling-24a9adb84176,2,1,200,254
False,False,8066,121,s2-step200-f4of5-d3of4,255,4,3,10000,1934,,5,4,True,0.0,1,0,False,sparsity_failure,0.8002975957396821,23,1912,1,0,True,494,fresh_execution,valid_but_not_meaningfully_sparse,,,,,locally_single_deletion_minimal_nonsparse_mask,stage18-scaling-24a9adb84176,2,1,200,255
False,False,8601,88,s2-step200-f17of20-d1of4,256,4,1,10000,1399,,20,17,True,0.0,1,0,False,sparsity_failure,0.8500274101339181,14,1386,1,0,True,503,fresh_execution,valid_but_not_meaningfully_sparse,,,,,locally_single_deletion_minimal_nonsparse_mask,stage18-scaling-24a9adb84176,2,1,200,256
False,False,8601,88,s2-step200-f17of20-d1of2,257,2,1,10000,1399,,20,17,True,0.0,1,0,False,sparsity_failure,0.8500274101339181,14,1386,1,0,True,503,fresh_execution,valid_but_not_meaningfully_sparse,,,,,locally_single_deletion_minimal_nonsparse_mask,stage18-scaling-24a9adb84176,2,1,200,257
False,False,8601,88,s2-step200-f17of20-d3of4,258,4,3,10000,1399,,20,17,True,0.0,1,0,False,sparsity_failure,0.8500274101339181,14,1386,1,0,True,503,fresh_execution,valid_but_not_meaningfully_sparse,,,,,locally_single_deletion_minimal_nonsparse_mask,stage18-scaling-24a9adb84176,2,1,200,258
False,False,8453,97,s2-step200-f9of10-d1of4,259,4,1,10000,1547,,10,9,True,0.0,1,0,False,sparsity_failure,0.9010102592215522,10,1538,1,0,True,507,fresh_execution,valid_but_not_meaningfully_sparse,,,,,locally_single_deletion_minimal_nonsparse_mask,stage18-scaling-24a9adb84176,2,1,200,259
False,False,8453,97,s2-step200-f9of10-d1of2,260,2,1,10000,1547,,10,9,True,0.0,1,0,False,sparsity_failure,0.9010102592215522,10,1538,1,0,True,507,fresh_execution,valid_but_not_meaningfully_sparse,,,,,locally_single_deletion_minimal_nonsparse_mask,stage18-scaling-24a9adb84176,2,1,200,260
False,False,8453,97,s2-step200-f9of10-d3of4,261,4,3,10000,1547,,10,9,True,0.0,1,0,False,sparsity_failure,0.9010102592215522,10,1538,1,0,True,507,fresh_execution,valid_but_not_meaningfully_sparse,,,,,locally_single_deletion_minimal_nonsparse_mask,stage18-scaling-24a9adb84176,2,1,200,261
False,False,8913,68,s2-step200-f19of20-d1of4,262,4,1,10000,1087,,20,19,True,0.0,1,0,False,sparsity_failure,0.9501135562690892,6,1082,1,0,True,511,fresh_execution,valid_but_not_meaningfully_sparse,,,,,locally_single_deletion_minimal_nonsparse_mask,stage18-scaling-24a9adb84176,2,1,200,262
False,False,8913,68,s2-step200-f19of20-d1of2,263,2,1,10000,1087,,20,19,True,0.0,1,0,False,sparsity_failure,0.9501135562690892,6,1082,1,0,True,511,fresh_execution,valid_but_not_meaningfully_sparse,,,,,locally_single_deletion_minimal_nonsparse_mask,stage18-scaling-24a9adb84176,2,1,200,263
False,False,8913,68,s2-step200-f19of20-d3of4,264,4,3,10000,1087,,20,19,True,0.0,1,0,False,sparsity_failure,0.9501135562690892,6,1082,1,0,True,511,fresh_execution,valid_but_not_meaningfully_sparse,,,,,locally_single_deletion_minimal_nonsparse_mask,stage18-scaling-24a9adb84176,2,1,200,264
False,False,8960,65,s2-step200-f39of40-d1of4,265,4,1,10000,1040,,40,39,True,0.0,1,0,False,sparsity_failure,0.9757224528154124,5,1036,1,0,True,512,fresh_execution,valid_but_not_meaningfully_sparse,,,,,locally_single_deletion_minimal_nonsparse_mask,stage18-scaling-24a9adb84176,2,1,200,265
False,False,8960,65,s2-step200-f39of40-d1of2,266,2,1,10000,1040,,40,39,True,0.0,1,0,False,sparsity_failure,0.9757224528154124,5,1036,1,0,True,512,fresh_execution,valid_but_not_meaningfully_sparse,,,,,locally_single_deletion_minimal_nonsparse_mask,stage18-scaling-24a9adb84176,2,1,200,266
False,False,8960,65,s2-step200-f39of40-d3of4,267,4,3,10000,1040,,40,39,True,0.0,1,0,False,sparsity_failure,0.9757224528154124,5,1036,1,0,True,512,fresh_execution,valid_but_not_meaningfully_sparse,,,,,locally_single_deletion_minimal_nonsparse_mask,stage18-scaling-24a9adb84176,2,1,200,267
False,False,9023,62,s2-step200-f99of100-d1of4,268,4,1,10000,977,,100,99,True,0.0,1,0,False,sparsity_failure,0.9903672957945023,4,974,1,0,True,513,fresh_execution,valid_but_not_meaningfully_sparse,,,,,locally_single_deletion_minimal_nonsparse_mask,stage18-scaling-24a9adb84176,2,1,200,268
False,False,9023,62,s2-step200-f99of100-d1of2,269,2,1,10000,977,,100,99,True,0.0,1,0,False,sparsity_failure,0.9903672957945023,4,974,1,0,True,513,fresh_execution,valid_but_not_meaningfully_sparse,,,,,locally_single_deletion_minimal_nonsparse_mask,stage18-scaling-24a9adb84176,2,1,200,269
False,False,9023,62,s2-step200-f99of100-d3of4,270,4,3,10000,977,,100,99,True,0.0,1,0,False,sparsity_failure,0.9903672957945023,4,974,1,0,True,513,fresh_execution,valid_but_not_meaningfully_sparse,,,,,locally_single_deletion_minimal_nonsparse_mask,stage18-scaling-24a9adb84176,2,1,200,270
False,False,8026,124,s2-step3400-f4of5-d1of4,271,4,1,10000,1974,,5,4,True,0.0,1,0,False,sparsity_failure,0.80006265173467,31,1944,1,0,True,486,fresh_execution,valid_but_not_meaningfully_sparse,,,,,locally_single_deletion_minimal_nonsparse_mask,stage18-scaling-24a9adb84176,2,2,3400,271
False,False,8026,124,s2-step3400-f4of5-d1of2,272,2,1,10000,1974,,5,4,True,0.0,1,0,False,sparsity_failure,0.80006265173467,31,1944,1,0,True,486,fresh_execution,valid_but_not_meaningfully_sparse,,,,,locally_single_deletion_minimal_nonsparse_mask,stage18-scaling-24a9adb84176,2,2,3400,272
False,False,8026,124,s2-step3400-f4of5-d3of4,273,4,3,10000,1974,,5,4,True,0.0,1,0,False,sparsity_failure,0.80006265173467,31,1944,1,0,True,486,fresh_execution,valid_but_not_meaningfully_sparse,,,,,locally_single_deletion_minimal_nonsparse_mask,stage18-scaling-24a9adb84176,2,2,3400,273
False,False,9131,55,s2-step3400-f17of20-d1of4,274,4,1,10000,869,,20,17,True,0.0,1,0,False,sparsity_failure,0.8502623541389303,16,854,1,0,True,501,fresh_execution,valid_but_not_meaningfully_sparse,,,,,locally_single_deletion_minimal_nonsparse_mask,stage18-scaling-24a9adb84176,2,2,3400,274
False,False,9131,55,s2-step3400-f17of20-d1of2,275,2,1,10000,869,,20,17,True,0.0,1,0,False,sparsity_failure,0.8502623541389303,16,854,1,0,True,501,fresh_execution,valid_but_not_meaningfully_sparse,,,,,locally_single_deletion_minimal_nonsparse_mask,stage18-scaling-24a9adb84176,2,2,3400,275
False,False,9131,55,s2-step3400-f17of20-d3of4,276,4,3,10000,869,,20,17,True,0.0,1,0,False,sparsity_failure,0.8502623541389303,16,854,1,0,True,501,fresh_execution,valid_but_not_meaningfully_sparse,,,,,locally_single_deletion_minimal_nonsparse_mask,stage18-scaling-24a9adb84176,2,2,3400,276
False,False,9394,38,s2-step3400-f9of10-d1of4,277,4,1,10000,606,,10,9,True,0.0,1,0,False,sparsity_failure,0.9004620565431906,7,600,1,0,True,510,fresh_execution,valid_but_not_meaningfully_sparse,,,,,locally_single_deletion_minimal_nonsparse_mask,stage18-scaling-24a9adb84176,2,2,3400,277
False,False,9394,38,s2-step3400-f9of10-d1of2,278,2,1,10000,606,,10,9,True,0.0,1,0,False,sparsity_failure,0.9004620565431906,7,600,1,0,True,510,fresh_execution,valid_but_not_meaningfully_sparse,,,,,locally_single_deletion_minimal_nonsparse_mask,stage18-scaling-24a9adb84176,2,2,3400,278
False,False,9394,38,s2-step3400-f9of10-d3of4,279,4,3,10000,606,,10,9,True,0.0,1,0,False,sparsity_failure,0.9004620565431906,7,600,1,0,True,510,fresh_execution,valid_but_not_meaningfully_sparse,,,,,locally_single_deletion_minimal_nonsparse_mask,stage18-scaling-24a9adb84176,2,2,3400,279
False,False,9454,35,s2-step3400-f19of20-d1of4,280,4,1,10000,546,,20,19,True,0.0,1,0,False,sparsity_failure,0.9508183882841256,3,544,1,0,True,514,fresh_execution,valid_but_not_meaningfully_sparse,,,,,locally_single_deletion_minimal_nonsparse_mask,stage18-scaling-24a9adb84176,2,2,3400,280
False,False,9454,35,s2-step3400-f19of20-d1of2,281,2,1,10000,546,,20,19,True,0.0,1,0,False,sparsity_failure,0.9508183882841256,3,544,1,0,True,514,fresh_execution,valid_but_not_meaningfully_sparse,,,,,locally_single_deletion_minimal_nonsparse_mask,stage18-scaling-24a9adb84176,2,2,3400,281
False,False,9454,35,s2-step3400-f19of20-d3of4,282,4,3,10000,546,,20,19,True,0.0,1,0,False,sparsity_failure,0.9508183882841256,3,544,1,0,True,514,fresh_execution,valid_but_not_meaningfully_sparse,,,,,locally_single_deletion_minimal_nonsparse_mask,stage18-scaling-24a9adb84176,2,2,3400,282
False,False,9453,35,s2-step3400-f39of40-d1of4,283,4,1,10000,547,,40,39,True,0.0,1,0,False,sparsity_failure,0.9764272848304487,2,546,1,0,True,515,fresh_execution,valid_but_not_meaningfully_sparse,,,,,locally_single_deletion_minimal_nonsparse_mask,stage18-scaling-24a9adb84176,2,2,3400,283
False,False,9453,35,s2-step3400-f39of40-d1of2,284,2,1,10000,547,,40,39,True,0.0,1,0,False,sparsity_failure,0.9764272848304487,2,546,1,0,True,515,fresh_execution,valid_but_not_meaningfully_sparse,,,,,locally_single_deletion_minimal_nonsparse_mask,stage18-scaling-24a9adb84176,2,2,3400,284
False,False,9453,35,s2-step3400-f39of40-d3of4,285,4,3,10000,547,,40,39,True,0.0,1,0,False,sparsity_failure,0.9764272848304487,2,546,1,0,True,515,fresh_execution,valid_but_not_meaningfully_sparse,,,,,locally_single_deletion_minimal_nonsparse_mask,stage18-scaling-24a9adb84176,2,2,3400,285
False,False,9277,46,s2-step3400-f99of100-d1of4,286,4,1,10000,723,,100,99,True,0.0,1,0,False,sparsity_failure,0.9919335891612499,2,722,1,0,True,515,fresh_execution,valid_but_not_meaningfully_sparse,,,,,locally_single_deletion_minimal_nonsparse_mask,stage18-scaling-24a9adb84176,2,2,3400,286
False,False,9277,46,s2-step3400-f99of100-d1of2,287,2,1,10000,723,,100,99,True,0.0,1,0,False,sparsity_failure,0.9919335891612499,2,722,1,0,True,515,fresh_execution,valid_but_not_meaningfully_sparse,,,,,locally_single_deletion_minimal_nonsparse_mask,stage18-scaling-24a9adb84176,2,2,3400,287
False,False,9277,46,s2-step3400-f99of100-d3of4,288,4,3,10000,723,,100,99,True,0.0,1,0,False,sparsity_failure,0.9919335891612499,2,722,1,0,True,515,fresh_execution,valid_but_not_meaningfully_sparse,,,,,locally_single_deletion_minimal_nonsparse_mask,stage18-scaling-24a9adb84176,2,2,3400,288
True,False,2852,447,s2-step7450-f4of5-d1of4,289,4,1,10000,7148,,5,4,True,0.0,1,0,True,valid_distinct_candidate,0.8026470357898035,441,6708,1,0,True,76,fresh_execution,valid_sparse_circuit,,,,,locally_single_deletion_minimal_sparse_mask,stage18-scaling-24a9adb84176,2,3,7450,289
True,False,3211,425,s2-step7450-f4of5-d1of4,289,4,1,10000,6789,,5,4,True,0.17218543046357615,151,26,True,valid_distinct_candidate,0.8021771477797791,416,6374,2,0,True,101,fresh_execution,valid_sparse_circuit,1172855749,45e85bc5ab5d3c10a96c90634f702078bfba50cd53b74e6ff932b31f6e8e68c2,,,locally_single_deletion_minimal_sparse_mask,stage18-scaling-24a9adb84176,2,3,7450,289
True,False,3334,417,s2-step7450-f4of5-d1of4,289,4,1,10000,6666,,5,4,True,0.2052980132450331,151,31,True,valid_distinct_candidate,0.8001409664030072,411,6256,3,0,True,106,fresh_execution,valid_sparse_circuit,1148364533,4472a6f5d5eb417939ca3926d6f7ebd358ca4ab72cd624c636c246ff1a5a73b0,,,locally_single_deletion_minimal_sparse_mask,stage18-scaling-24a9adb84176,2,3,7450,289
False,False,3148,429,s2-step7450-f4of5-d1of4,289,4,1,10000,6852,,5,4,True,0.2846715328467153,137,39,True,distinctness_failure,0.8006891690813689,417,6436,4,0,True,100,fresh_execution,valid_sparse_circuit,3424780490,cc2200caf7cc0e8e72ef2532060926dbd5d15222d7c5c41d2293bcd14dec2c3a,,,locally_single_deletion_minimal_sparse_mask,stage18-scaling-24a9adb84176,2,3,7450,289
False,True,0,197,s2-step7450-f4of5-d1of4,289,4,1,3148,3148,,5,4,False,0.14516129032258066,62,9,False,budget_exhaustion,0.9812827942673663,197,2952,4,1,True,320,fresh_execution,budget_exhaustion,2451024198,9217a946aa6f211b731d7cbcef074e8a90dfe71be5c6026e50795982991b650a,,,budget_exhausted_inside_candidate_batch,stage18-scaling-24a9adb84176,2,3,7450,289
True,False,2852,447,s2-step7450-f4of5-d1of2,290,2,1,10000,7148,,5,4,True,0.0,1,0,True,valid_distinct_candidate,0.8026470357898035,441,6708,1,0,True,76,fresh_execution,valid_sparse_circuit,,,,,locally_single_deletion_minimal_sparse_mask,stage18-scaling-24a9adb84176,2,3,7450,290
True,False,3211,425,s2-step7450-f4of5-d1of2,290,2,1,10000,6789,,5,4,True,0.17218543046357615,151,26,True,valid_distinct_candidate,0.8021771477797791,416,6374,2,0,True,101,fresh_execution,valid_sparse_circuit,1172855749,45e85bc5ab5d3c10a96c90634f702078bfba50cd53b74e6ff932b31f6e8e68c2,,,locally_single_deletion_minimal_sparse_mask,stage18-scaling-24a9adb84176,2,3,7450,290
True,False,3334,417,s2-step7450-f4of5-d1of2,290,2,1,10000,6666,,5,4,True,0.2052980132450331,151,31,True,valid_distinct_candidate,0.8001409664030072,411,6256,3,0,True,106,fresh_execution,valid_sparse_circuit,1148364533,4472a6f5d5eb417939ca3926d6f7ebd358ca4ab72cd624c636c246ff1a5a73b0,,,locally_single_deletion_minimal_sparse_mask,stage18-scaling-24a9adb84176,2,3,7450,290
True,False,3148,429,s2-step7450-f4of5-d1of2,290,2,1,10000,6852,,5,4,True,0.2846715328467153,137,39,True,valid_distinct_candidate,0.8006891690813689,417,6436,4,0,True,100,fresh_execution,valid_sparse_circuit,3424780490,cc2200caf7cc0e8e72ef2532060926dbd5d15222d7c5c41d2293bcd14dec2c3a,,,locally_single_deletion_minimal_sparse_mask,stage18-scaling-24a9adb84176,2,3,7450,290
True,False,3104,431,s2-step7450-f4of5-d1of2,290,2,1,10000,6896,,5,4,True,0.3333333333333333,3,1,True,valid_distinct_candidate,0.8008457984180437,421,6476,5,0,True,96,fresh_execution,valid_sparse_circuit,2808919139,a76cb4631a2e39e112328c5108a21aadd569b1b9d0ca165dc865970483207aca,,,locally_single_deletion_minimal_sparse_mask,stage18-scaling-24a9adb84176,2,3,7450,290
True,False,3197,426,s2-step7450-f4of5-d1of2,290,2,1,10000,6803,,5,4,True,0.26582278481012656,79,21,True,valid_distinct_candidate,0.8005325397446942,418,6386,6,0,True,99,fresh_execution,valid_sparse_circuit,913827414,3677e6565379df7608d5079f2b961cd47d2fa63529f94ea85e07e69b55f92c05,,,locally_single_deletion_minimal_sparse_mask,stage18-scaling-24a9adb84176,2,3,7450,290
True,False,2028,427,s2-step7450-f4of5-d1of2,290,2,1,8846,6818,,5,4,True,0.3181818181818182,22,7,True,valid_distinct_candidate,0.80006265173467,419,6400,7,0,True,98,fresh_execution,valid_sparse_circuit,2757907968,a46256001a631e623998fd3bd3aa6dfc4e1ba6c0591614063ec9e95fdef6bf56,,,locally_single_deletion_minimal_sparse_mask,stage18-scaling-24a9adb84176,2,3,7450,290
False,True,0,127,s2-step7450-f4of5-d1of2,290,2,1,2028,2028,,5,4,False,0.2097560975609756,205,43,False,budget_exhaustion,0.9828490876341138,127,1902,8,0,True,390,fresh_execution,budget_exhaustion,417215158,18de32b60f9aced5942db28c6f61813bfa93683fa469cf1a2ab9145da2aa0b35,,,budget_exhausted_inside_candidate_batch,stage18-scaling-24a9adb84176,2,3,7450,290
True,False,2852,447,s2-step7450-f4of5-d3of4,291,4,3,10000,7148,,5,4,True,0.0,1,0,True,valid_distinct_candidate,0.8026470357898035,441,6708,1,0,True,76,fresh_execution,valid_sparse_circuit,,,,,locally_single_deletion_minimal_sparse_mask,stage18-scaling-24a9adb84176,2,3,7450,291
True,False,3211,425,s2-step7450-f4of5-d3of4,291,4,3,10000,6789,,5,4,True,0.17218543046357615,151,26,True,valid_distinct_candidate,0.8021771477797791,416,6374,2,0,True,101,fresh_execution,valid_sparse_circuit,1172855749,45e85bc5ab5d3c10a96c90634f702078bfba50cd53b74e6ff932b31f6e8e68c2,,,locally_single_deletion_minimal_sparse_mask,stage18-scaling-24a9adb84176,2,3,7450,291
True,False,3334,417,s2-step7450-f4of5-d3of4,291,4,3,10000,6666,,5,4,True,0.2052980132450331,151,31,True,valid_distinct_candidate,0.8001409664030072,411,6256,3,0,True,106,fresh_execution,valid_sparse_circuit,1148364533,4472a6f5d5eb417939ca3926d6f7ebd358ca4ab72cd624c636c246ff1a5a73b0,,,locally_single_deletion_minimal_sparse_mask,stage18-scaling-24a9adb84176,2,3,7450,291
True,False,3148,429,s2-step7450-f4of5-d3of4,291,4,3,10000,6852,,5,4,True,0.2846715328467153,137,39,True,valid_distinct_candidate,0.8006891690813689,417,6436,4,0,True,100,fresh_execution,valid_sparse_circuit,3424780490,cc2200caf7cc0e8e72ef2532060926dbd5d15222d7c5c41d2293bcd14dec2c3a,,,locally_single_deletion_minimal_sparse_mask,stage18-scaling-24a9adb84176,2,3,7450,291
True,False,3104,431,s2-step7450-f4of5-d3of4,291,4,3,10000,6896,,5,4,True,0.3333333333333333,3,1,True,valid_distinct_candidate,0.8008457984180437,421,6476,5,0,True,96,fresh_execution,valid_sparse_circuit,2808919139,a76cb4631a2e39e112328c5108a21aadd569b1b9d0ca165dc865970483207aca,,,locally_single_deletion_minimal_sparse_mask,stage18-scaling-24a9adb84176,2,3,7450,291
True,False,3197,426,s2-step7450-f4of5-d3of4,291,4,3,10000,6803,,5,4,True,0.26582278481012656,79,21,True,valid_distinct_candidate,0.8005325397446942,418,6386,6,0,True,99,fresh_execution,valid_sparse_circuit,913827414,3677e6565379df7608d5079f2b961cd47d2fa63529f94ea85e07e69b55f92c05,,,locally_single_deletion_minimal_sparse_mask,stage18-scaling-24a9adb84176,2,3,7450,291
True,False,2028,427,s2-step7450-f4of5-d3of4,291,4,3,8846,6818,,5,4,True,0.3181818181818182,22,7,True,valid_distinct_candidate,0.80006265173467,419,6400,7,0,True,98,fresh_execution,valid_sparse_circuit,2757907968,a46256001a631e623998fd3bd3aa6dfc4e1ba6c0591614063ec9e95fdef6bf56,,,locally_single_deletion_minimal_sparse_mask,stage18-scaling-24a9adb84176,2,3,7450,291
False,True,0,127,s2-step7450-f4of5-d3of4,291,4,3,2028,2028,,5,4,False,0.2097560975609756,205,43,False,budget_exhaustion,0.9828490876341138,127,1902,8,0,True,390,fresh_execution,budget_exhaustion,417215158,18de32b60f9aced5942db28c6f61813bfa93683fa469cf1a2ab9145da2aa0b35,,,budget_exhausted_inside_candidate_batch,stage18-scaling-24a9adb84176,2,3,7450,291
True,False,3139,429,s2-step7450-f17of20-d1of4,292,4,1,10000,6861,,20,17,True,0.0,1,0,True,valid_distinct_candidate,0.8522985355157021,424,6438,1,0,True,93,fresh_execution,valid_sparse_circuit,,,,,locally_single_deletion_minimal_sparse_mask,stage18-scaling-24a9adb84176,2,3,7450,292
True,False,3376,414,s2-step7450-f17of20-d1of4,292,4,1,10000,6624,,20,17,True,0.15819209039548024,177,28,True,valid_distinct_candidate,0.8505756128122798,405,6220,2,0,True,112,fresh_execution,valid_sparse_circuit,1172855749,45e85bc5ab5d3c10a96c90634f702078bfba50cd53b74e6ff932b31f6e8e68c2,,,locally_single_deletion_minimal_sparse_mask,stage18-scaling-24a9adb84176,2,3,7450,292
True,False,3317,418,s2-step7450-f17of20-d1of4,292,4,1,10000,6683,,20,17,True,0.19760479041916168,167,33,True,valid_distinct_candidate,0.8506539274806171,410,6274,3,0,True,107,fresh_execution,valid_sparse_circuit,1148364533,4472a6f5d5eb417939ca3926d6f7ebd358ca4ab72cd624c636c246ff1a5a73b0,,,locally_single_deletion_minimal_sparse_mask,stage18-scaling-24a9adb84176,2,3,7450,292
False,False,3233,423,s2-step7450-f17of20-d1of4,292,4,1,10000,6767,,20,17,True,0.2911392405063291,79,23,True,distinctness_failure,0.8503406688072676,406,6362,4,0,True,111,fresh_execution,valid_sparse_circuit,3424780490,cc2200caf7cc0e8e72ef2532060926dbd5d15222d7c5c41d2293bcd14dec2c3a,,,locally_single_deletion_minimal_sparse_mask,stage18-scaling-24a9adb84176,2,3,7450,292
False,True,0,203,s2-step7450-f17of20-d1of4,292,4,1,3233,3233,,20,17,False,0.18658892128279883,343,64,False,budget_exhaustion,0.9755658234787375,203,3031,4,1,True,314,fresh_execution,budget_exhaustion,2451024198,9217a946aa6f211b731d7cbcef074e8a90dfe71be5c6026e50795982991b650a,,,budget_exhausted_inside_candidate_batch,stage18-scaling-24a9adb84176,2,3,7450,292
True,False,3139,429,s2-step7450-f17of20-d1of2,293,2,1,10000,6861,,20,17,True,0.0,1,0,True,valid_distinct_candidate,0.8522985355157021,424,6438,1,0,True,93,fresh_execution,valid_sparse_circuit,,,,,locally_single_deletion_minimal_sparse_mask,stage18-scaling-24a9adb84176,2,3,7450,293
True,False,3376,414,s2-step7450-f17of20-d1of2,293,2,1,10000,6624,,20,17,True,0.15819209039548024,177,28,True,valid_distinct_candidate,0.8505756128122798,405,6220,2,0,True,112,fresh_execution,valid_sparse_circuit,1172855749,45e85bc5ab5d3c10a96c90634f702078bfba50cd53b74e6ff932b31f6e8e68c2,,,locally_single_deletion_minimal_sparse_mask,stage18-scaling-24a9adb84176,2,3,7450,293
True,False,3317,418,s2-step7450-f17of20-d1of2,293,2,1,10000,6683,,20,17,True,0.19760479041916168,167,33,True,valid_distinct_candidate,0.8506539274806171,410,6274,3,0,True,107,fresh_execution,valid_sparse_circuit,1148364533,4472a6f5d5eb417939ca3926d6f7ebd358ca4ab72cd624c636c246ff1a5a73b0,,,locally_single_deletion_minimal_sparse_mask,stage18-scaling-24a9adb84176,2,3,7450,293
True,False,3233,423,s2-step7450-f17of20-d1of2,293,2,1,10000,6767,,20,17,True,0.2911392405063291,79,23,True,valid_distinct_candidate,0.8503406688072676,406,6362,4,0,True,111,fresh_execution,valid_sparse_circuit,3424780490,cc2200caf7cc0e8e72ef2532060926dbd5d15222d7c5c41d2293bcd14dec2c3a,,,locally_single_deletion_minimal_sparse_mask,stage18-scaling-24a9adb84176,2,3,7450,293
True,False,3407,413,s2-step7450-f17of20-d1of2,293,2,1,10000,6593,,20,17,True,0.29559748427672955,159,47,True,valid_distinct_candidate,0.8508105568172919,404,6190,5,0,True,113,fresh_execution,valid_sparse_circuit,2808919139,a76cb4631a2e39e112328c5108a21aadd569b1b9d0ca165dc865970483207aca,,,locally_single_deletion_minimal_sparse_mask,stage18-scaling-24a9adb84176,2,3,7450,293
True,False,3206,425,s2-step7450-f17of20-d1of2,293,2,1,10000,6794,,20,17,True,0.3724137931034483,145,54,True,valid_distinct_candidate,0.8502623541389303,411,6384,6,0,True,106,fresh_execution,valid_sparse_circuit,913827414,3677e6565379df7608d5079f2b961cd47d2fa63529f94ea85e07e69b55f92c05,,,locally_single_deletion_minimal_sparse_mask,stage18-scaling-24a9adb84176,2,3,7450,293
True,False,3012,417,s2-step7450-f17of20-d1of2,293,2,1,9678,6666,,20,17,True,0.26011560693641617,173,45,True,valid_distinct_candidate,0.8501840394705928,411,6256,7,0,True,106,fresh_execution,valid_sparse_circuit,2757907968,a46256001a631e623998fd3bd3aa6dfc4e1ba6c0591614063ec9e95fdef6bf56,,,locally_single_deletion_minimal_sparse_mask,stage18-scaling-24a9adb84176,2,3,7450,293
False,True,0,189,s2-step7450-f17of20-d1of2,293,2,1,3012,3012,,20,17,False,0.21606648199445982,361,78,False,budget_exhaustion,0.9754091941420628,189,2824,8,0,True,328,fresh_execution,budget_exhaustion,417215158,18de32b60f9aced5942db28c6f61813bfa93683fa469cf1a2ab9145da2aa0b35,,,budget_exhausted_inside_candidate_batch,stage18-scaling-24a9adb84176,2,3,7450,293
True,False,3139,429,s2-step7450-f17of20-d3of4,294,4,3,10000,6861,,20,17,True,0.0,1,0,True,valid_distinct_candidate,0.8522985355157021,424,6438,1,0,True,93,fresh_execution,valid_sparse_circuit,,,,,locally_single_deletion_minimal_sparse_mask,stage18-scaling-24a9adb84176,2,3,7450,294
True,False,3376,414,s2-step7450-f17of20-d3of4,294,4,3,10000,6624,,20,17,True,0.15819209039548024,177,28,True,valid_distinct_candidate,0.8505756128122798,405,6220,2,0,True,112,fresh_execution,valid_sparse_circuit,1172855749,45e85bc5ab5d3c10a96c90634f702078bfba50cd53b74e6ff932b31f6e8e68c2,,,locally_single_deletion_minimal_sparse_mask,stage18-scaling-24a9adb84176,2,3,7450,294
True,False,3317,418,s2-step7450-f17of20-d3of4,294,4,3,10000,6683,,20,17,True,0.19760479041916168,167,33,True,valid_distinct_candidate,0.8506539274806171,410,6274,3,0,True,107,fresh_execution,valid_sparse_circuit,1148364533,4472a6f5d5eb417939ca3926d6f7ebd358ca4ab72cd624c636c246ff1a5a73b0,,,locally_single_deletion_minimal_sparse_mask,stage18-scaling-24a9adb84176,2,3,7450,294
True,False,3233,423,s2-step7450-f17of20-d3of4,294,4,3,10000,6767,,20,17,True,0.2911392405063291,79,23,True,valid_distinct_candidate,0.8503406688072676,406,6362,4,0,True,111,fresh_execution,valid_sparse_circuit,3424780490,cc2200caf7cc0e8e72ef2532060926dbd5d15222d7c5c41d2293bcd14dec2c3a,,,locally_single_deletion_minimal_sparse_mask,stage18-scaling-24a9adb84176,2,3,7450,294
True,False,3407,413,s2-step7450-f17of20-d3of4,294,4,3,10000,6593,,20,17,True,0.29559748427672955,159,47,True,valid_distinct_candidate,0.8508105568172919,404,6190,5,0,True,113,fresh_execution,valid_sparse_circuit,2808919139,a76cb4631a2e39e112328c5108a21aadd569b1b9d0ca165dc865970483207aca,,,locally_single_deletion_minimal_sparse_mask,stage18-scaling-24a9adb84176,2,3,7450,294
True,False,3206,425,s2-step7450-f17of20-d3of4,294,4,3,10000,6794,,20,17,True,0.3724137931034483,145,54,True,valid_distinct_candidate,0.8502623541389303,411,6384,6,0,True,106,fresh_execution,valid_sparse_circuit,913827414,3677e6565379df7608d5079f2b961cd47d2fa63529f94ea85e07e69b55f92c05,,,locally_single_deletion_minimal_sparse_mask,stage18-scaling-24a9adb84176,2,3,7450,294
True,False,3012,417,s2-step7450-f17of20-d3of4,294,4,3,9678,6666,,20,17,True,0.26011560693641617,173,45,True,valid_distinct_candidate,0.8501840394705928,411,6256,7,0,True,106,fresh_execution,valid_sparse_circuit,2757907968,a46256001a631e623998fd3bd3aa6dfc4e1ba6c0591614063ec9e95fdef6bf56,,,locally_single_deletion_minimal_sparse_mask,stage18-scaling-24a9adb84176,2,3,7450,294
False,True,0,189,s2-step7450-f17of20-d3of4,294,4,3,3012,3012,,20,17,False,0.21606648199445982,361,78,False,budget_exhaustion,0.9754091941420628,189,2824,8,0,True,328,fresh_execution,budget_exhaustion,417215158,18de32b60f9aced5942db28c6f61813bfa93683fa469cf1a2ab9145da2aa0b35,,,budget_exhausted_inside_candidate_batch,stage18-scaling-24a9adb84176,2,3,7450,294
True,False,3498,407,s2-step7450-f9of10-d1of4,295,4,1,10000,6502,,10,9,True,0.0,1,0,True,valid_distinct_candidate,0.9010885738898896,399,6104,1,0,True,118,fresh_execution,valid_sparse_circuit,,,,,locally_single_deletion_minimal_sparse_mask,stage18-scaling-24a9adb84176,2,3,7450,295
True,False,3616,399,s2-step7450-f9of10-d1of4,295,4,1,10000,6384,,10,9,True,0.14418604651162792,215,31,True,valid_distinct_candidate,0.900148797869841,389,5996,2,0,True,128,fresh_execution,valid_sparse_circuit,1172855749,45e85bc5ab5d3c10a96c90634f702078bfba50cd53b74e6ff932b31f6e8e68c2,,,locally_single_deletion_minimal_sparse_mask,stage18-scaling-24a9adb84176,2,3,7450,295
True,False,3782,389,s2-step7450-f9of10-d1of4,295,4,1,10000,6218,,10,9,True,0.20187793427230047,213,43,True,valid_distinct_candidate,0.9002271125381784,379,5840,3,0,True,138,fresh_execution,valid_sparse_circuit,1148364533,4472a6f5d5eb417939ca3926d6f7ebd358ca4ab72cd624c636c246ff1a5a73b0,,,locally_single_deletion_minimal_sparse_mask,stage18-scaling-24a9adb84176,2,3,7450,295
False,False,3645,398,s2-step7450-f9of10-d1of4,295,4,1,10000,6355,,10,9,True,0.2639593908629442,197,52,True,distinctness_failure,0.9003054272065157,386,5970,4,0,True,131,fresh_execution,valid_sparse_circuit,3424780490,cc2200caf7cc0e8e72ef2532060926dbd5d15222d7c5c41d2293bcd14dec2c3a,,,locally_single_deletion_minimal_sparse_mask,stage18-scaling-24a9adb84176,2,3,7450,295
False,True,0,228,s2-step7450-f9of10-d1of4,295,4,1,3645,3645,,10,9,False,0.218562874251497,334,73,False,budget_exhaustion,0.9716500900618686,228,3418,4,1,True,289,fresh_execution,budget_exhaustion,2451024198,9217a946aa6f211b731d7cbcef074e8a90dfe71be5c6026e50795982991b650a,,,budget_exhausted_inside_candidate_batch,stage18-scaling-24a9adb84176,2,3,7450,295
True,False,3498,407,s2-step7450-f9of10-d1of2,296,2,1,10000,6502,,10,9,True,0.0,1,0,True,valid_distinct_candidate,0.9010885738898896,399,6104,1,0,True,118,fresh_execution,valid_sparse_circuit,,,,,locally_single_deletion_minimal_sparse_mask,stage18-scaling-24a9adb84176,2,3,7450,296
True,False,3616,399,s2-step7450-f9of10-d1of2,296,2,1,10000,6384,,10,9,True,0.14418604651162792,215,31,True,valid_distinct_candidate,0.900148797869841,389,5996,2,0,True,128,fresh_execution,valid_sparse_circuit,1172855749,45e85bc5ab5d3c10a96c90634f702078bfba50cd53b74e6ff932b31f6e8e68c2,,,locally_single_deletion_minimal_sparse_mask,stage18-scaling-24a9adb84176,2,3,7450,296
True,False,3782,389,s2-step7450-f9of10-d1of2,296,2,1,10000,6218,,10,9,True,0.20187793427230047,213,43,True,valid_distinct_candidate,0.9002271125381784,379,5840,3,0,True,138,fresh_execution,valid_sparse_circuit,1148364533,4472a6f5d5eb417939ca3926d6f7ebd358ca4ab72cd624c636c246ff1a5a73b0,,,locally_single_deletion_minimal_sparse_mask,stage18-scaling-24a9adb84176,2,3,7450,296
True,False,3645,398,s2-step7450-f9of10-d1of2,296,2,1,10000,6355,,10,9,True,0.2639593908629442,197,52,True,valid_distinct_candidate,0.9003054272065157,386,5970,4,0,True,131,fresh_execution,valid_sparse_circuit,3424780490,cc2200caf7cc0e8e72ef2532060926dbd5d15222d7c5c41d2293bcd14dec2c3a,,,locally_single_deletion_minimal_sparse_mask,stage18-scaling-24a9adb84176,2,3,7450,296
True,False,3617,399,s2-step7450-f9of10-d1of2,296,2,1,10000,6383,,10,9,True,0.33152173913043476,184,61,True,valid_distinct_candidate,0.9004620565431906,390,5994,5,0,True,127,fresh_execution,valid_sparse_circuit,2808919139,a76cb4631a2e39e112328c5108a21aadd569b1b9d0ca165dc865970483207aca,,,locally_single_deletion_minimal_sparse_mask,stage18-scaling-24a9adb84176,2,3,7450,296
True,False,3766,390,s2-step7450-f9of10-d1of2,296,2,1,10000,6234,,10,9,True,0.27510917030567683,229,63,True,valid_distinct_candidate,0.9003054272065157,363,5872,6,0,True,154,fresh_execution,valid_sparse_circuit,913827414,3677e6565379df7608d5079f2b961cd47d2fa63529f94ea85e07e69b55f92c05,,,locally_single_deletion_minimal_sparse_mask,stage18-scaling-24a9adb84176,2,3,7450,296
True,False,3882,383,s2-step7450-f9of10-d1of2,296,2,1,10000,6118,,10,9,True,0.3137254901960784,51,16,True,valid_distinct_candidate,0.9004620565431906,367,5752,7,0,True,150,fresh_execution,valid_sparse_circuit,2757907968,a46256001a631e623998fd3bd3aa6dfc4e1ba6c0591614063ec9e95fdef6bf56,,,locally_single_deletion_minimal_sparse_mask,stage18-scaling-24a9adb84176,2,3,7450,296
False,True,0,363,s2-step7450-f9of10-d1of2,296,2,1,5806,5806,,10,9,False,0.29523809523809524,105,31,True,budget_exhaustion,0.9250528624011277,363,5444,8,0,True,154,fresh_execution,budget_exhaustion,417215158,18de32b60f9aced5942db28c6f61813bfa93683fa469cf1a2ab9145da2aa0b35,,,budget_exhausted_inside_candidate_batch,stage18-scaling-24a9adb84176,2,3,7450,296
True,False,3498,407,s2-step7450-f9of10-d3of4,297,4,3,10000,6502,,10,9,True,0.0,1,0,True,valid_distinct_candidate,0.9010885738898896,399,6104,1,0,True,118,fresh_execution,valid_sparse_circuit,,,,,locally_single_deletion_minimal_sparse_mask,stage18-scaling-24a9adb84176,2,3,7450,297
True,False,3616,399,s2-step7450-f9of10-d3of4,297,4,3,10000,6384,,10,9,True,0.14418604651162792,215,31,True,valid_distinct_candidate,0.900148797869841,389,5996,2,0,True,128,fresh_execution,valid_sparse_circuit,1172855749,45e85bc5ab5d3c10a96c90634f702078bfba50cd53b74e6ff932b31f6e8e68c2,,,locally_single_deletion_minimal_sparse_mask,stage18-scaling-24a9adb84176,2,3,7450,297
True,False,3782,389,s2-step7450-f9of10-d3of4,297,4,3,10000,6218,,10,9,True,0.20187793427230047,213,43,True,valid_distinct_candidate,0.9002271125381784,379,5840,3,0,True,138,fresh_execution,valid_sparse_circuit,1148364533,4472a6f5d5eb417939ca3926d6f7ebd358ca4ab72cd624c636c246ff1a5a73b0,,,locally_single_deletion_minimal_sparse_mask,stage18-scaling-24a9adb84176,2,3,7450,297
True,False,3645,398,s2-step7450-f9of10-d3of4,297,4,3,10000,6355,,10,9,True,0.2639593908629442,197,52,True,valid_distinct_candidate,0.9003054272065157,386,5970,4,0,True,131,fresh_execution,valid_sparse_circuit,3424780490,cc2200caf7cc0e8e72ef2532060926dbd5d15222d7c5c41d2293bcd14dec2c3a,,,locally_single_deletion_minimal_sparse_mask,stage18-scaling-24a9adb84176,2,3,7450,297
True,False,3617,399,s2-step7450-f9of10-d3of4,297,4,3,10000,6383,,10,9,True,0.33152173913043476,184,61,True,valid_distinct_candidate,0.9004620565431906,390,5994,5,0,True,127,fresh_execution,valid_sparse_circuit,2808919139,a76cb4631a2e39e112328c5108a21aadd569b1b9d0ca165dc865970483207aca,,,locally_single_deletion_minimal_sparse_mask,stage18-scaling-24a9adb84176,2,3,7450,297
True,False,3766,390,s2-step7450-f9of10-d3of4,297,4,3,10000,6234,,10,9,True,0.27510917030567683,229,63,True,valid_distinct_candidate,0.9003054272065157,363,5872,6,0,True,154,fresh_execution,valid_sparse_circuit,913827414,3677e6565379df7608d5079f2b961cd47d2fa63529f94ea85e07e69b55f92c05,,,locally_single_deletion_minimal_sparse_mask,stage18-scaling-24a9adb84176,2,3,7450,297
True,False,3882,383,s2-step7450-f9of10-d3of4,297,4,3,10000,6118,,10,9,True,0.3137254901960784,51,16,True,valid_distinct_candidate,0.9004620565431906,367,5752,7,0,True,150,fresh_execution,valid_sparse_circuit,2757907968,a46256001a631e623998fd3bd3aa6dfc4e1ba6c0591614063ec9e95fdef6bf56,,,locally_single_deletion_minimal_sparse_mask,stage18-scaling-24a9adb84176,2,3,7450,297
False,True,0,363,s2-step7450-f9of10-d3of4,297,4,3,5806,5806,,10,9,False,0.29523809523809524,105,31,True,budget_exhaustion,0.9250528624011277,363,5444,8,0,True,154,fresh_execution,budget_exhaustion,417215158,18de32b60f9aced5942db28c6f61813bfa93683fa469cf1a2ab9145da2aa0b35,,,budget_exhausted_inside_candidate_batch,stage18-scaling-24a9adb84176,2,3,7450,297
True,False,4097,369,s2-step7450-f19of20-d1of4,298,4,1,10000,5903,,20,19,True,0.0,1,0,True,valid_distinct_candidate,0.9501135562690892,342,5562,1,0,True,175,fresh_execution,valid_sparse_circuit,,,,,locally_single_deletion_minimal_sparse_mask,stage18-scaling-24a9adb84176,2,3,7450,298
True,False,3729,392,s2-step7450-f19of20-d1of4,298,4,1,10000,6271,,20,19,True,0.10410094637223975,317,33,True,valid_distinct_candidate,0.9500352416007518,342,5930,2,0,True,175,fresh_execution,valid_sparse_circuit,1172855749,45e85bc5ab5d3c10a96c90634f702078bfba50cd53b74e6ff932b31f6e8e68c2,,,locally_single_deletion_minimal_sparse_mask,stage18-scaling-24a9adb84176,2,3,7450,298
True,False,3999,376,s2-step7450-f19of20-d1of4,298,4,1,10000,6001,,20,19,True,0.23943661971830985,71,17,True,valid_distinct_candidate,0.9500352416007518,340,5662,3,0,True,177,fresh_execution,valid_sparse_circuit,1148364533,4472a6f5d5eb417939ca3926d6f7ebd358ca4ab72cd624c636c246ff1a5a73b0,,,locally_single_deletion_minimal_sparse_mask,stage18-scaling-24a9adb84176,2,3,7450,298
False,False,4008,375,s2-step7450-f19of20-d1of4,298,4,1,10000,5992,,20,19,True,0.2640845070422535,284,75,True,distinctness_failure,0.9500352416007518,333,5660,4,0,True,184,fresh_execution,valid_sparse_circuit,3424780490,cc2200caf7cc0e8e72ef2532060926dbd5d15222d7c5c41d2293bcd14dec2c3a,,,locally_single_deletion_minimal_sparse_mask,stage18-scaling-24a9adb84176,2,3,7450,298
False,True,0,251,s2-step7450-f19of20-d1of4,298,4,1,4008,4008,,20,19,False,0.24929178470254956,353,88,False,budget_exhaustion,0.9578667084344897,251,3758,4,1,True,266,fresh_execution,budget_exhaustion,2451024198,9217a946aa6f211b731d7cbcef074e8a90dfe71be5c6026e50795982991b650a,,,budget_exhausted_inside_candidate_batch,stage18-scaling-24a9adb84176,2,3,7450,298
True,False,4097,369,s2-step7450-f19of20-d1of2,299,2,1,10000,5903,,20,19,True,0.0,1,0,True,valid_distinct_candidate,0.9501135562690892,342,5562,1,0,True,175,fresh_execution,valid_sparse_circuit,,,,,locally_single_deletion_minimal_sparse_mask,stage18-scaling-24a9adb84176,2,3,7450,299
True,False,3729,392,s2-step7450-f19of20-d1of2,299,2,1,10000,6271,,20,19,True,0.10410094637223975,317,33,True,valid_distinct_candidate,0.9500352416007518,342,5930,2,0,True,175,fresh_execution,valid_sparse_circuit,1172855749,45e85bc5ab5d3c10a96c90634f702078bfba50cd53b74e6ff932b31f6e8e68c2,,,locally_single_deletion_minimal_sparse_mask,stage18-scaling-24a9adb84176,2,3,7450,299
True,False,3999,376,s2-step7450-f19of20-d1of2,299,2,1,10000,6001,,20,19,True,0.23943661971830985,71,17,True,valid_distinct_candidate,0.9500352416007518,340,5662,3,0,True,177,fresh_execution,valid_sparse_circuit,1148364533,4472a6f5d5eb417939ca3926d6f7ebd358ca4ab72cd624c636c246ff1a5a73b0,,,locally_single_deletion_minimal_sparse_mask,stage18-scaling-24a9adb84176,2,3,7450,299
True,False,4008,375,s2-step7450-f19of20-d1of2,299,2,1,10000,5992,,20,19,True,0.2640845070422535,284,75,True,valid_distinct_candidate,0.9500352416007518,333,5660,4,0,True,184,fresh_execution,valid_sparse_circuit,3424780490,cc2200caf7cc0e8e72ef2532060926dbd5d15222d7c5c41d2293bcd14dec2c3a,,,locally_single_deletion_minimal_sparse_mask,stage18-scaling-24a9adb84176,2,3,7450,299
True,False,3818,387,s2-step7450-f19of20-d1of2,299,2,1,10000,6182,,20,19,True,0.3065134099616858,261,80,True,valid_distinct_candidate,0.9500352416007518,351,5832,5,0,True,166,fresh_execution,valid_sparse_circuit,2808919139,a76cb4631a2e39e112328c5108a21aadd569b1b9d0ca165dc865970483207aca,,,locally_single_deletion_minimal_sparse_mask,stage18-scaling-24a9adb84176,2,3,7450,299
True,False,3821,387,s2-step7450-f19of20-d1of2,299,2,1,10000,6179,,20,19,True,0.3028169014084507,142,43,True,valid_distinct_candidate,0.9501918709374266,322,5858,6,0,True,195,fresh_execution,valid_sparse_circuit,913827414,3677e6565379df7608d5079f2b961cd47d2fa63529f94ea85e07e69b55f92c05,,,locally_single_deletion_minimal_sparse_mask,stage18-scaling-24a9adb84176,2,3,7450,299
True,False,3915,381,s2-step7450-f19of20-d1of2,299,2,1,10000,6085,,20,19,True,0.31365313653136534,271,85,True,valid_distinct_candidate,0.9500352416007518,336,5750,7,0,True,181,fresh_execution,valid_sparse_circuit,2757907968,a46256001a631e623998fd3bd3aa6dfc4e1ba6c0591614063ec9e95fdef6bf56,,,locally_single_deletion_minimal_sparse_mask,stage18-scaling-24a9adb84176,2,3,7450,299
True,False,1346,378,s2-step7450-f19of20-d1of2,299,2,1,7387,6041,,20,19,True,0.3333333333333333,3,1,True,valid_distinct_candidate,0.9501918709374266,332,5710,8,0,True,185,fresh_execution,valid_sparse_circuit,417215158,18de32b60f9aced5942db28c6f61813bfa93683fa469cf1a2ab9145da2aa0b35,,,locally_single_deletion_minimal_sparse_mask,stage18-scaling-24a9adb84176,2,3,7450,299
False,True,0,85,s2-step7450-f19of20-d1of2,299,2,1,1346,1346,,20,19,False,0.33974358974358976,156,53,False,budget_exhaustion,0.9874696530660193,85,1262,9,0,True,432,fresh_execution,budget_exhaustion,1258929389,4b09bced34a8180f0e15b25ea5e07e9d9e9babb7e4866e3e652c771c06075653,,,budget_exhausted_inside_candidate_batch,stage18-scaling-24a9adb84176,2,3,7450,299
True,False,4097,369,s2-step7450-f19of20-d3of4,300,4,3,10000,5903,,20,19,True,0.0,1,0,True,valid_distinct_candidate,0.9501135562690892,342,5562,1,0,True,175,fresh_execution,valid_sparse_circuit,,,,,locally_single_deletion_minimal_sparse_mask,stage18-scaling-24a9adb84176,2,3,7450,300
True,False,3729,392,s2-step7450-f19of20-d3of4,300,4,3,10000,6271,,20,19,True,0.10410094637223975,317,33,True,valid_distinct_candidate,0.9500352416007518,342,5930,2,0,True,175,fresh_execution,valid_sparse_circuit,1172855749,45e85bc5ab5d3c10a96c90634f702078bfba50cd53b74e6ff932b31f6e8e68c2,,,locally_single_deletion_minimal_sparse_mask,stage18-scaling-24a9adb84176,2,3,7450,300
True,False,3999,376,s2-step7450-f19of20-d3of4,300,4,3,10000,6001,,20,19,True,0.23943661971830985,71,17,True,valid_distinct_candidate,0.9500352416007518,340,5662,3,0,True,177,fresh_execution,valid_sparse_circuit,1148364533,4472a6f5d5eb417939ca3926d6f7ebd358ca4ab72cd624c636c246ff1a5a73b0,,,locally_single_deletion_minimal_sparse_mask,stage18-scaling-24a9adb84176,2,3,7450,300
True,False,4008,375,s2-step7450-f19of20-d3of4,300,4,3,10000,5992,,20,19,True,0.2640845070422535,284,75,True,valid_distinct_candidate,0.9500352416007518,333,5660,4,0,True,184,fresh_execution,valid_sparse_circuit,3424780490,cc2200caf7cc0e8e72ef2532060926dbd5d15222d7c5c41d2293bcd14dec2c3a,,,locally_single_deletion_minimal_sparse_mask,stage18-scaling-24a9adb84176,2,3,7450,300
True,False,3818,387,s2-step7450-f19of20-d3of4,300,4,3,10000,6182,,20,19,True,0.3065134099616858,261,80,True,valid_distinct_candidate,0.9500352416007518,351,5832,5,0,True,166,fresh_execution,valid_sparse_circuit,2808919139,a76cb4631a2e39e112328c5108a21aadd569b1b9d0ca165dc865970483207aca,,,locally_single_deletion_minimal_sparse_mask,stage18-scaling-24a9adb84176,2,3,7450,300
True,False,3821,387,s2-step7450-f19of20-d3of4,300,4,3,10000,6179,,20,19,True,0.3028169014084507,142,43,True,valid_distinct_candidate,0.9501918709374266,322,5858,6,0,True,195,fresh_execution,valid_sparse_circuit,913827414,3677e6565379df7608d5079f2b961cd47d2fa63529f94ea85e07e69b55f92c05,,,locally_single_deletion_minimal_sparse_mask,stage18-scaling-24a9adb84176,2,3,7450,300
True,False,3915,381,s2-step7450-f19of20-d3of4,300,4,3,10000,6085,,20,19,True,0.31365313653136534,271,85,True,valid_distinct_candidate,0.9500352416007518,336,5750,7,0,True,181,fresh_execution,valid_sparse_circuit,2757907968,a46256001a631e623998fd3bd3aa6dfc4e1ba6c0591614063ec9e95fdef6bf56,,,locally_single_deletion_minimal_sparse_mask,stage18-scaling-24a9adb84176,2,3,7450,300
True,False,1346,378,s2-step7450-f19of20-d3of4,300,4,3,7387,6041,,20,19,True,0.3333333333333333,3,1,True,valid_distinct_candidate,0.9501918709374266,332,5710,8,0,True,185,fresh_execution,valid_sparse_circuit,417215158,18de32b60f9aced5942db28c6f61813bfa93683fa469cf1a2ab9145da2aa0b35,,,locally_single_deletion_minimal_sparse_mask,stage18-scaling-24a9adb84176,2,3,7450,300
False,True,0,85,s2-step7450-f19of20-d3of4,300,4,3,1346,1346,,20,19,False,0.33974358974358976,156,53,False,budget_exhaustion,0.9874696530660193,85,1262,9,0,True,432,fresh_execution,budget_exhaustion,1258929389,4b09bced34a8180f0e15b25ea5e07e9d9e9babb7e4866e3e652c771c06075653,,,budget_exhausted_inside_candidate_batch,stage18-scaling-24a9adb84176,2,3,7450,300
True,False,4810,325,s2-step7450-f39of40-d1of4,301,4,1,10000,5190,,40,39,True,0.0,1,0,True,valid_distinct_candidate,0.9750176208003759,271,4920,1,0,True,246,fresh_execution,valid_sparse_circuit,,,,,locally_single_deletion_minimal_sparse_mask,stage18-scaling-24a9adb84176,2,3,7450,301
True,False,2504,469,s2-step7450-f39of40-d1of4,301,4,1,10000,7496,,40,39,True,0.10392609699769054,433,45,True,valid_distinct_candidate,0.9750176208003759,285,7212,2,0,True,232,fresh_execution,valid_sparse_circuit,1172855749,45e85bc5ab5d3c10a96c90634f702078bfba50cd53b74e6ff932b31f6e8e68c2,,,locally_single_deletion_minimal_sparse_mask,stage18-scaling-24a9adb84176,2,3,7450,301
False,False,3693,395,s2-step7450-f39of40-d1of4,301,4,1,10000,6307,,40,39,True,0.37650602409638556,332,125,True,distinctness_failure,0.9750959354687133,306,6002,3,0,True,211,fresh_execution,valid_sparse_circuit,1148364533,4472a6f5d5eb417939ca3926d6f7ebd358ca4ab72cd624c636c246ff1a5a73b0,,,locally_single_deletion_minimal_sparse_mask,stage18-scaling-24a9adb84176,2,3,7450,301
False,True,0,231,s2-step7450-f39of40-d1of4,301,4,1,3693,3693,,40,39,False,0.4,5,2,False,budget_exhaustion,0.9776803195238468,231,3463,3,1,True,286,fresh_execution,budget_exhaustion,2573999882,996c1f0a3741dddafc6a4de34faafe1328e0a5d22b4c02efedaaa68e0ef8335e,,,budget_exhausted_inside_candidate_batch,stage18-scaling-24a9adb84176,2,3,7450,301
True,False,4810,325,s2-step7450-f39of40-d1of2,302,2,1,10000,5190,,40,39,True,0.0,1,0,True,valid_distinct_candidate,0.9750176208003759,271,4920,1,0,True,246,fresh_execution,valid_sparse_circuit,,,,,locally_single_deletion_minimal_sparse_mask,stage18-scaling-24a9adb84176,2,3,7450,302
True,False,2504,469,s2-step7450-f39of40-d1of2,302,2,1,10000,7496,,40,39,True,0.10392609699769054,433,45,True,valid_distinct_candidate,0.9750176208003759,285,7212,2,0,True,232,fresh_execution,valid_sparse_circuit,1172855749,45e85bc5ab5d3c10a96c90634f702078bfba50cd53b74e6ff932b31f6e8e68c2,,,locally_single_deletion_minimal_sparse_mask,stage18-scaling-24a9adb84176,2,3,7450,302
True,False,3693,395,s2-step7450-f39of40-d1of2,302,2,1,10000,6307,,40,39,True,0.37650602409638556,332,125,True,valid_distinct_candidate,0.9750959354687133,306,6002,3,0,True,211,fresh_execution,valid_sparse_circuit,1148364533,4472a6f5d5eb417939ca3926d6f7ebd358ca4ab72cd624c636c246ff1a5a73b0,,,locally_single_deletion_minimal_sparse_mask,stage18-scaling-24a9adb84176,2,3,7450,302
True,False,4393,351,s2-step7450-f39of40-d1of2,302,2,1,10000,5607,,40,39,True,0.3506849315068493,365,128,True,valid_distinct_candidate,0.9750176208003759,270,5338,4,0,True,247,fresh_execution,valid_sparse_circuit,3424780490,cc2200caf7cc0e8e72ef2532060926dbd5d15222d7c5c41d2293bcd14dec2c3a,,,locally_single_deletion_minimal_sparse_mask,stage18-scaling-24a9adb84176,2,3,7450,302
True,False,3639,398,s2-step7450-f39of40-d1of2,302,2,1,10000,6361,,40,39,True,0.36857142857142855,350,129,True,valid_distinct_candidate,0.9750176208003759,284,6078,5,0,True,233,fresh_execution,valid_sparse_circuit,2808919139,a76cb4631a2e39e112328c5108a21aadd569b1b9d0ca165dc865970483207aca,,,locally_single_deletion_minimal_sparse_mask,stage18-scaling-24a9adb84176,2,3,7450,302
True,False,4199,363,s2-step7450-f39of40-d1of2,302,2,1,10000,5801,,40,39,True,0.382089552238806,335,128,True,valid_distinct_candidate,0.9751742501370507,300,5502,6,0,True,217,fresh_execution,valid_sparse_circuit,913827414,3677e6565379df7608d5079f2b961cd47d2fa63529f94ea85e07e69b55f92c05,,,locally_single_deletion_minimal_sparse_mask,stage18-scaling-24a9adb84176,2,3,7450,302
True,False,3729,392,s2-step7450-f39of40-d1of2,302,2,1,10000,6271,,40,39,True,0.36901408450704226,355,131,True,valid_distinct_candidate,0.9750959354687133,278,5994,7,0,True,239,fresh_execution,valid_sparse_circuit,2757907968,a46256001a631e623998fd3bd3aa6dfc4e1ba6c0591614063ec9e95fdef6bf56,,,locally_single_deletion_minimal_sparse_mask,stage18-scaling-24a9adb84176,2,3,7450,302
True,False,443,408,s2-step7450-f39of40-d1of2,302,2,1,6967,6524,,40,39,True,0.4011627906976744,172,69,True,valid_distinct_candidate,0.9750176208003759,281,6244,8,0,True,236,fresh_execution,valid_sparse_circuit,417215158,18de32b60f9aced5942db28c6f61813bfa93683fa469cf1a2ab9145da2aa0b35,,,locally_single_deletion_minimal_sparse_mask,stage18-scaling-24a9adb84176,2,3,7450,302
False,True,0,28,s2-step7450-f39of40-d1of2,302,2,1,443,443,,40,39,False,0.4641434262948207,502,233,False,budget_exhaustion,0.9940480852063591,28,416,9,0,True,489,fresh_execution,budget_exhaustion,1258929389,4b09bced34a8180f0e15b25ea5e07e9d9e9babb7e4866e3e652c771c06075653,,,budget_exhausted_inside_candidate_batch,stage18-scaling-24a9adb84176,2,3,7450,302
True,False,4810,325,s2-step7450-f39of40-d3of4,303,4,3,10000,5190,,40,39,True,0.0,1,0,True,valid_distinct_candidate,0.9750176208003759,271,4920,1,0,True,246,fresh_execution,valid_sparse_circuit,,,,,locally_single_deletion_minimal_sparse_mask,stage18-scaling-24a9adb84176,2,3,7450,303
True,False,2504,469,s2-step7450-f39of40-d3of4,303,4,3,10000,7496,,40,39,True,0.10392609699769054,433,45,True,valid_distinct_candidate,0.9750176208003759,285,7212,2,0,True,232,fresh_execution,valid_sparse_circuit,1172855749,45e85bc5ab5d3c10a96c90634f702078bfba50cd53b74e6ff932b31f6e8e68c2,,,locally_single_deletion_minimal_sparse_mask,stage18-scaling-24a9adb84176,2,3,7450,303
True,False,3693,395,s2-step7450-f39of40-d3of4,303,4,3,10000,6307,,40,39,True,0.37650602409638556,332,125,True,valid_distinct_candidate,0.9750959354687133,306,6002,3,0,True,211,fresh_execution,valid_sparse_circuit,1148364533,4472a6f5d5eb417939ca3926d6f7ebd358ca4ab72cd624c636c246ff1a5a73b0,,,locally_single_deletion_minimal_sparse_mask,stage18-scaling-24a9adb84176,2,3,7450,303
True,False,4393,351,s2-step7450-f39of40-d3of4,303,4,3,10000,5607,,40,39,True,0.3506849315068493,365,128,True,valid_distinct_candidate,0.9750176208003759,270,5338,4,0,True,247,fresh_execution,valid_sparse_circuit,3424780490,cc2200caf7cc0e8e72ef2532060926dbd5d15222d7c5c41d2293bcd14dec2c3a,,,locally_single_deletion_minimal_sparse_mask,stage18-scaling-24a9adb84176,2,3,7450,303
True,False,3639,398,s2-step7450-f39of40-d3of4,303,4,3,10000,6361,,40,39,True,0.36857142857142855,350,129,True,valid_distinct_candidate,0.9750176208003759,284,6078,5,0,True,233,fresh_execution,valid_sparse_circuit,2808919139,a76cb4631a2e39e112328c5108a21aadd569b1b9d0ca165dc865970483207aca,,,locally_single_deletion_minimal_sparse_mask,stage18-scaling-24a9adb84176,2,3,7450,303
True,False,4199,363,s2-step7450-f39of40-d3of4,303,4,3,10000,5801,,40,39,True,0.382089552238806,335,128,True,valid_distinct_candidate,0.9751742501370507,300,5502,6,0,True,217,fresh_execution,valid_sparse_circuit,913827414,3677e6565379df7608d5079f2b961cd47d2fa63529f94ea85e07e69b55f92c05,,,locally_single_deletion_minimal_sparse_mask,stage18-scaling-24a9adb84176,2,3,7450,303
True,False,3729,392,s2-step7450-f39of40-d3of4,303,4,3,10000,6271,,40,39,True,0.36901408450704226,355,131,True,valid_distinct_candidate,0.9750959354687133,278,5994,7,0,True,239,fresh_execution,valid_sparse_circuit,2757907968,a46256001a631e623998fd3bd3aa6dfc4e1ba6c0591614063ec9e95fdef6bf56,,,locally_single_deletion_minimal_sparse_mask,stage18-scaling-24a9adb84176,2,3,7450,303
True,False,443,408,s2-step7450-f39of40-d3of4,303,4,3,6967,6524,,40,39,True,0.4011627906976744,172,69,True,valid_distinct_candidate,0.9750176208003759,281,6244,8,0,True,236,fresh_execution,valid_sparse_circuit,417215158,18de32b60f9aced5942db28c6f61813bfa93683fa469cf1a2ab9145da2aa0b35,,,locally_single_deletion_minimal_sparse_mask,stage18-scaling-24a9adb84176,2,3,7450,303
False,True,0,28,s2-step7450-f39of40-d3of4,303,4,3,443,443,,40,39,False,0.4641434262948207,502,233,False,budget_exhaustion,0.9940480852063591,28,416,9,0,True,489,fresh_execution,budget_exhaustion,1258929389,4b09bced34a8180f0e15b25ea5e07e9d9e9babb7e4866e3e652c771c06075653,,,budget_exhausted_inside_candidate_batch,stage18-scaling-24a9adb84176,2,3,7450,303
False,False,4631,336,s2-step7450-f99of100-d1of4,304,4,1,10000,5369,,100,99,True,0.0,1,0,False,sparsity_failure,0.9900540371211528,220,5150,1,0,True,297,fresh_execution,valid_but_not_meaningfully_sparse,,,,,locally_single_deletion_minimal_nonsparse_mask,stage18-scaling-24a9adb84176,2,3,7450,304
False,False,4631,336,s2-step7450-f99of100-d1of2,305,2,1,10000,5369,,100,99,True,0.0,1,0,False,sparsity_failure,0.9900540371211528,220,5150,1,0,True,297,fresh_execution,valid_but_not_meaningfully_sparse,,,,,locally_single_deletion_minimal_nonsparse_mask,stage18-scaling-24a9adb84176,2,3,7450,305
False,False,4631,336,s2-step7450-f99of100-d3of4,306,4,3,10000,5369,,100,99,True,0.0,1,0,False,sparsity_failure,0.9900540371211528,220,5150,1,0,True,297,fresh_execution,valid_but_not_meaningfully_sparse,,,,,locally_single_deletion_minimal_nonsparse_mask,stage18-scaling-24a9adb84176,2,3,7450,306
True,False,2644,460,s2-step8150-f4of5-d1of4,307,4,1,10000,7356,,5,4,True,0.0,1,0,True,valid_distinct_candidate,0.8021771477797791,457,6900,1,0,True,60,fresh_execution,valid_sparse_circuit,,,,,locally_single_deletion_minimal_sparse_mask,stage18-scaling-24a9adb84176,2,4,8150,307
True,False,2629,461,s2-step8150-f4of5-d1of4,307,4,1,10000,7371,,5,4,True,0.21428571428571427,14,3,True,valid_distinct_candidate,0.803586811809852,458,6914,2,0,True,59,fresh_execution,valid_sparse_circuit,1964403511,75166b379ddb05b6a62b0932a84c1b91908e11161bf2945ea1b9454926922132,,,locally_single_deletion_minimal_sparse_mask,stage18-scaling-24a9adb84176,2,4,8150,307
False,False,2584,464,s2-step8150-f4of5-d1of4,307,4,1,10000,7416,,5,4,True,0.2608695652173913,23,6,True,distinctness_failure,0.8012373717597306,461,6956,3,0,True,56,fresh_execution,valid_sparse_circuit,2013741706,7807428a4f067d6d85d676821552a57d3c17c5407cd9b860916eeea4bee1585e,,,locally_single_deletion_minimal_sparse_mask,stage18-scaling-24a9adb84176,2,4,8150,307
False,True,0,162,s2-step8150-f4of5-d1of4,307,4,1,2584,2584,,5,4,False,0.14958448753462603,361,54,False,budget_exhaustion,1.0,162,2423,3,1,True,355,fresh_execution,budget_exhaustion,3904629363,e8bbea7362e93970c2b35dfa1dec50cdea8702b4a535938ab1595a9bbaf02503,,,budget_exhausted_inside_candidate_batch,stage18-scaling-24a9adb84176,2,4,8150,307
True,False,2644,460,s2-step8150-f4of5-d1of2,308,2,1,10000,7356,,5,4,True,0.0,1,0,True,valid_distinct_candidate,0.8021771477797791,457,6900,1,0,True,60,fresh_execution,valid_sparse_circuit,,,,,locally_single_deletion_minimal_sparse_mask,stage18-scaling-24a9adb84176,2,4,8150,308
True,False,2629,461,s2-step8150-f4of5-d1of2,308,2,1,10000,7371,,5,4,True,0.21428571428571427,14,3,True,valid_distinct_candidate,0.803586811809852,458,6914,2,0,True,59,fresh_execution,valid_sparse_circuit,1964403511,75166b379ddb05b6a62b0932a84c1b91908e11161bf2945ea1b9454926922132,,,locally_single_deletion_minimal_sparse_mask,stage18-scaling-24a9adb84176,2,4,8150,308
True,False,2584,464,s2-step8150-f4of5-d1of2,308,2,1,10000,7416,,5,4,True,0.2608695652173913,23,6,True,valid_distinct_candidate,0.8012373717597306,461,6956,3,0,True,56,fresh_execution,valid_sparse_circuit,2013741706,7807428a4f067d6d85d676821552a57d3c17c5407cd9b860916eeea4bee1585e,,,locally_single_deletion_minimal_sparse_mask,stage18-scaling-24a9adb84176,2,4,8150,308
True,False,2569,465,s2-step8150-f4of5-d1of2,308,2,1,10000,7431,,5,4,True,0.3411764705882353,85,29,True,valid_distinct_candidate,0.8013156864280679,462,6970,4,0,True,55,fresh_execution,valid_sparse_circuit,1081094927,4070330f51d487f5d25853f319cfb2dc9f736cde229ab023e0e2ff0cc4f7b587,,,locally_single_deletion_minimal_sparse_mask,stage18-scaling-24a9adb84176,2,4,8150,308
True,False,2599,463,s2-step8150-f4of5-d1of2,308,2,1,10000,7401,,5,4,True,0.3181818181818182,22,7,True,valid_distinct_candidate,0.8071109718850341,460,6942,5,0,True,57,fresh_execution,valid_sparse_circuit,3268361288,c2cf3c48c8503bff831d93e1c7b51ff3d2806593b3372e0c76f9444b97ab4087,,,locally_single_deletion_minimal_sparse_mask,stage18-scaling-24a9adb84176,2,4,8150,308
True,False,2599,463,s2-step8150-f4of5-d1of2,308,2,1,10000,7401,,5,4,True,0.32941176470588235,85,28,True,valid_distinct_candidate,0.8013940010964054,460,6942,6,0,True,57,fresh_execution,valid_sparse_circuit,2187876186,8268575a8eaefc7d2324592a1b36a61875d70ae3cbe6e936001181b1bd888d18,,,locally_single_deletion_minimal_sparse_mask,stage18-scaling-24a9adb84176,2,4,8150,308
False,True,0,352,s2-step8150-f4of5-d1of2,308,2,1,5624,5624,,5,4,False,0.22404371584699453,183,41,True,budget_exhaustion,0.9988252799749393,352,5273,7,0,True,165,fresh_execution,budget_exhaustion,2897646561,acb693e1decba500d9e6601696a4908aae78638056b343961b8399331c623f49,,,budget_exhausted_inside_candidate_batch,stage18-scaling-24a9adb84176,2,4,8150,308
True,False,2644,460,s2-step8150-f4of5-d3of4,309,4,3,10000,7356,,5,4,True,0.0,1,0,True,valid_distinct_candidate,0.8021771477797791,457,6900,1,0,True,60,fresh_execution,valid_sparse_circuit,,,,,locally_single_deletion_minimal_sparse_mask,stage18-scaling-24a9adb84176,2,4,8150,309
True,False,2629,461,s2-step8150-f4of5-d3of4,309,4,3,10000,7371,,5,4,True,0.21428571428571427,14,3,True,valid_distinct_candidate,0.803586811809852,458,6914,2,0,True,59,fresh_execution,valid_sparse_circuit,1964403511,75166b379ddb05b6a62b0932a84c1b91908e11161bf2945ea1b9454926922132,,,locally_single_deletion_minimal_sparse_mask,stage18-scaling-24a9adb84176,2,4,8150,309
True,False,2584,464,s2-step8150-f4of5-d3of4,309,4,3,10000,7416,,5,4,True,0.2608695652173913,23,6,True,valid_distinct_candidate,0.8012373717597306,461,6956,3,0,True,56,fresh_execution,valid_sparse_circuit,2013741706,7807428a4f067d6d85d676821552a57d3c17c5407cd9b860916eeea4bee1585e,,,locally_single_deletion_minimal_sparse_mask,stage18-scaling-24a9adb84176,2,4,8150,309
True,False,2569,465,s2-step8150-f4of5-d3of4,309,4,3,10000,7431,,5,4,True,0.3411764705882353,85,29,True,valid_distinct_candidate,0.8013156864280679,462,6970,4,0,True,55,fresh_execution,valid_sparse_circuit,1081094927,4070330f51d487f5d25853f319cfb2dc9f736cde229ab023e0e2ff0cc4f7b587,,,locally_single_deletion_minimal_sparse_mask,stage18-scaling-24a9adb84176,2,4,8150,309
True,False,2599,463,s2-step8150-f4of5-d3of4,309,4,3,10000,7401,,5,4,True,0.3181818181818182,22,7,True,valid_distinct_candidate,0.8071109718850341,460,6942,5,0,True,57,fresh_execution,valid_sparse_circuit,3268361288,c2cf3c48c8503bff831d93e1c7b51ff3d2806593b3372e0c76f9444b97ab4087,,,locally_single_deletion_minimal_sparse_mask,stage18-scaling-24a9adb84176,2,4,8150,309
True,False,2599,463,s2-step8150-f4of5-d3of4,309,4,3,10000,7401,,5,4,True,0.32941176470588235,85,28,True,valid_distinct_candidate,0.8013940010964054,460,6942,6,0,True,57,fresh_execution,valid_sparse_circuit,2187876186,8268575a8eaefc7d2324592a1b36a61875d70ae3cbe6e936001181b1bd888d18,,,locally_single_deletion_minimal_sparse_mask,stage18-scaling-24a9adb84176,2,4,8150,309
False,True,0,352,s2-step8150-f4of5-d3of4,309,4,3,5624,5624,,5,4,False,0.22404371584699453,183,41,True,budget_exhaustion,0.9988252799749393,352,5273,7,0,True,165,fresh_execution,budget_exhaustion,2897646561,acb693e1decba500d9e6601696a4908aae78638056b343961b8399331c623f49,,,budget_exhausted_inside_candidate_batch,stage18-scaling-24a9adb84176,2,4,8150,309
True,False,2673,458,s2-step8150-f17of20-d1of4,310,4,1,10000,7327,,20,17,True,0.0,1,0,True,valid_distinct_candidate,0.850418983475605,454,6874,1,0,True,63,fresh_execution,valid_sparse_circuit,,,,,locally_single_deletion_minimal_sparse_mask,stage18-scaling-24a9adb84176,2,4,8150,310
True,False,2733,455,s2-step8150-f17of20-d1of4,310,4,1,10000,7267,,20,17,True,0.17117117117117117,111,19,True,valid_distinct_candidate,0.853943143550787,450,6818,2,0,True,67,fresh_execution,valid_sparse_circuit,1964403511,75166b379ddb05b6a62b0932a84c1b91908e11161bf2945ea1b9454926922132,,,locally_single_deletion_minimal_sparse_mask,stage18-scaling-24a9adb84176,2,4,8150,310
False,False,2689,457,s2-step8150-f17of20-d1of4,310,4,1,10000,7311,,20,17,True,0.26,50,13,True,distinctness_failure,0.8589552823243793,454,6858,3,0,True,63,fresh_execution,valid_sparse_circuit,2013741706,7807428a4f067d6d85d676821552a57d3c17c5407cd9b860916eeea4bee1585e,,,locally_single_deletion_minimal_sparse_mask,stage18-scaling-24a9adb84176,2,4,8150,310
False,True,0,169,s2-step8150-f17of20-d1of4,310,4,1,2689,2689,,20,17,False,0.10372340425531915,376,39,False,budget_exhaustion,0.9999216853316626,169,2521,3,1,True,348,fresh_execution,budget_exhaustion,3904629363,e8bbea7362e93970c2b35dfa1dec50cdea8702b4a535938ab1595a9bbaf02503,,,budget_exhausted_inside_candidate_batch,stage18-scaling-24a9adb84176,2,4,8150,310
True,False,2673,458,s2-step8150-f17of20-d1of2,311,2,1,10000,7327,,20,17,True,0.0,1,0,True,valid_distinct_candidate,0.850418983475605,454,6874,1,0,True,63,fresh_execution,valid_sparse_circuit,,,,,locally_single_deletion_minimal_sparse_mask,stage18-scaling-24a9adb84176,2,4,8150,311
True,False,2733,455,s2-step8150-f17of20-d1of2,311,2,1,10000,7267,,20,17,True,0.17117117117117117,111,19,True,valid_distinct_candidate,0.853943143550787,450,6818,2,0,True,67,fresh_execution,valid_sparse_circuit,1964403511,75166b379ddb05b6a62b0932a84c1b91908e11161bf2945ea1b9454926922132,,,locally_single_deletion_minimal_sparse_mask,stage18-scaling-24a9adb84176,2,4,8150,311
True,False,2689,457,s2-step8150-f17of20-d1of2,311,2,1,10000,7311,,20,17,True,0.26,50,13,True,valid_distinct_candidate,0.8589552823243793,454,6858,3,0,True,63,fresh_execution,valid_sparse_circuit,2013741706,7807428a4f067d6d85d676821552a57d3c17c5407cd9b860916eeea4bee1585e,,,locally_single_deletion_minimal_sparse_mask,stage18-scaling-24a9adb84176,2,4,8150,311
True,False,2644,460,s2-step8150-f17of20-d1of2,311,2,1,10000,7356,,20,17,True,0.33695652173913043,92,31,True,valid_distinct_candidate,0.8530033675307385,457,6900,4,0,True,60,fresh_execution,valid_sparse_circuit,1081094927,4070330f51d487f5d25853f319cfb2dc9f736cde229ab023e0e2ff0cc4f7b587,,,locally_single_deletion_minimal_sparse_mask,stage18-scaling-24a9adb84176,2,4,8150,311
True,False,2749,454,s2-step8150-f17of20-d1of2,311,2,1,10000,7251,,20,17,True,0.3541666666666667,48,17,True,valid_distinct_candidate,0.8551961782441851,450,6802,5,0,True,67,fresh_execution,valid_sparse_circuit,3268361288,c2cf3c48c8503bff831d93e1c7b51ff3d2806593b3372e0c76f9444b97ab4087,,,locally_single_deletion_minimal_sparse_mask,stage18-scaling-24a9adb84176,2,4,8150,311
True,False,2674,458,s2-step8150-f17of20-d1of2,311,2,1,10000,7326,,20,17,True,0.45348837209302323,86,39,True,valid_distinct_candidate,0.8555094369175347,455,6872,6,0,True,62,fresh_execution,valid_sparse_circuit,2187876186,8268575a8eaefc7d2324592a1b36a61875d70ae3cbe6e936001181b1bd888d18,,,locally_single_deletion_minimal_sparse_mask,stage18-scaling-24a9adb84176,2,4,8150,311
False,True,0,386,s2-step8150-f17of20-d1of2,311,2,1,6162,6162,,20,17,False,0.29333333333333333,75,22,True,budget_exhaustion,0.9939697705380218,386,5777,7,0,True,131,fresh_execution,budget_exhaustion,2897646561,acb693e1decba500d9e6601696a4908aae78638056b343961b8399331c623f49,,,budget_exhausted_inside_candidate_batch,stage18-scaling-24a9adb84176,2,4,8150,311
True,False,2673,458,s2-step8150-f17of20-d3of4,312,4,3,10000,7327,,20,17,True,0.0,1,0,True,valid_distinct_candidate,0.850418983475605,454,6874,1,0,True,63,fresh_execution,valid_sparse_circuit,,,,,locally_single_deletion_minimal_sparse_mask,stage18-scaling-24a9adb84176,2,4,8150,312
True,False,2733,455,s2-step8150-f17of20-d3of4,312,4,3,10000,7267,,20,17,True,0.17117117117117117,111,19,True,valid_distinct_candidate,0.853943143550787,450,6818,2,0,True,67,fresh_execution,valid_sparse_circuit,1964403511,75166b379ddb05b6a62b0932a84c1b91908e11161bf2945ea1b9454926922132,,,locally_single_deletion_minimal_sparse_mask,stage18-scaling-24a9adb84176,2,4,8150,312
True,False,2689,457,s2-step8150-f17of20-d3of4,312,4,3,10000,7311,,20,17,True,0.26,50,13,True,valid_distinct_candidate,0.8589552823243793,454,6858,3,0,True,63,fresh_execution,valid_sparse_circuit,2013741706,7807428a4f067d6d85d676821552a57d3c17c5407cd9b860916eeea4bee1585e,,,locally_single_deletion_minimal_sparse_mask,stage18-scaling-24a9adb84176,2,4,8150,312
True,False,2644,460,s2-step8150-f17of20-d3of4,312,4,3,10000,7356,,20,17,True,0.33695652173913043,92,31,True,valid_distinct_candidate,0.8530033675307385,457,6900,4,0,True,60,fresh_execution,valid_sparse_circuit,1081094927,4070330f51d487f5d25853f319cfb2dc9f736cde229ab023e0e2ff0cc4f7b587,,,locally_single_deletion_minimal_sparse_mask,stage18-scaling-24a9adb84176,2,4,8150,312
True,False,2749,454,s2-step8150-f17of20-d3of4,312,4,3,10000,7251,,20,17,True,0.3541666666666667,48,17,True,valid_distinct_candidate,0.8551961782441851,450,6802,5,0,True,67,fresh_execution,valid_sparse_circuit,3268361288,c2cf3c48c8503bff831d93e1c7b51ff3d2806593b3372e0c76f9444b97ab4087,,,locally_single_deletion_minimal_sparse_mask,stage18-scaling-24a9adb84176,2,4,8150,312
True,False,2674,458,s2-step8150-f17of20-d3of4,312,4,3,10000,7326,,20,17,True,0.45348837209302323,86,39,True,valid_distinct_candidate,0.8555094369175347,455,6872,6,0,True,62,fresh_execution,valid_sparse_circuit,2187876186,8268575a8eaefc7d2324592a1b36a61875d70ae3cbe6e936001181b1bd888d18,,,locally_single_deletion_minimal_sparse_mask,stage18-scaling-24a9adb84176,2,4,8150,312
False,True,0,386,s2-step8150-f17of20-d3of4,312,4,3,6162,6162,,20,17,False,0.29333333333333333,75,22,True,budget_exhaustion,0.9939697705380218,386,5777,7,0,True,131,fresh_execution,budget_exhaustion,2897646561,acb693e1decba500d9e6601696a4908aae78638056b343961b8399331c623f49,,,budget_exhausted_inside_candidate_batch,stage18-scaling-24a9adb84176,2,4,8150,312
True,False,2779,452,s2-step8150-f9of10-d1of4,313,4,1,10000,7221,,10,9,True,0.0,1,0,True,valid_distinct_candidate,0.9066489153418436,448,6774,1,0,True,69,fresh_execution,valid_sparse_circuit,,,,,locally_single_deletion_minimal_sparse_mask,stage18-scaling-24a9adb84176,2,4,8150,313
True,False,2839,448,s2-step8150-f9of10-d1of4,313,4,1,10000,7161,,10,9,True,0.11811023622047244,127,15,True,valid_distinct_candidate,0.9061007126634819,444,6718,2,0,True,73,fresh_execution,valid_sparse_circuit,1964403511,75166b379ddb05b6a62b0932a84c1b91908e11161bf2945ea1b9454926922132,,,locally_single_deletion_minimal_sparse_mask,stage18-scaling-24a9adb84176,2,4,8150,313
False,False,2794,451,s2-step8150-f9of10-d1of4,313,4,1,10000,7206,,10,9,True,0.3113207547169811,106,33,True,distinctness_failure,0.9036729579450231,447,6760,3,0,True,70,fresh_execution,valid_sparse_circuit,2013741706,7807428a4f067d6d85d676821552a57d3c17c5407cd9b860916eeea4bee1585e,,,locally_single_deletion_minimal_sparse_mask,stage18-scaling-24a9adb84176,2,4,8150,313
False,True,0,175,s2-step8150-f9of10-d1of4,313,4,1,2794,2794,,10,9,False,0.1322314049586777,121,16,False,budget_exhaustion,0.9999216853316626,175,2620,3,1,True,342,fresh_execution,budget_exhaustion,3904629363,e8bbea7362e93970c2b35dfa1dec50cdea8702b4a535938ab1595a9bbaf02503,,,budget_exhausted_inside_candidate_batch,stage18-scaling-24a9adb84176,2,4,8150,313
True,False,2779,452,s2-step8150-f9of10-d1of2,314,2,1,10000,7221,,10,9,True,0.0,1,0,True,valid_distinct_candidate,0.9066489153418436,448,6774,1,0,True,69,fresh_execution,valid_sparse_circuit,,,,,locally_single_deletion_minimal_sparse_mask,stage18-scaling-24a9adb84176,2,4,8150,314
True,False,2839,448,s2-step8150-f9of10-d1of2,314,2,1,10000,7161,,10,9,True,0.11811023622047244,127,15,True,valid_distinct_candidate,0.9061007126634819,444,6718,2,0,True,73,fresh_execution,valid_sparse_circuit,1964403511,75166b379ddb05b6a62b0932a84c1b91908e11161bf2945ea1b9454926922132,,,locally_single_deletion_minimal_sparse_mask,stage18-scaling-24a9adb84176,2,4,8150,314
True,False,2794,451,s2-step8150-f9of10-d1of2,314,2,1,10000,7206,,10,9,True,0.3113207547169811,106,33,True,valid_distinct_candidate,0.9036729579450231,447,6760,3,0,True,70,fresh_execution,valid_sparse_circuit,2013741706,7807428a4f067d6d85d676821552a57d3c17c5407cd9b860916eeea4bee1585e,,,locally_single_deletion_minimal_sparse_mask,stage18-scaling-24a9adb84176,2,4,8150,314
True,False,2838,448,s2-step8150-f9of10-d1of2,314,2,1,10000,7162,,10,9,True,0.32407407407407407,108,35,True,valid_distinct_candidate,0.9006970005482027,443,6720,4,0,True,74,fresh_execution,valid_sparse_circuit,1081094927,4070330f51d487f5d25853f319cfb2dc9f736cde229ab023e0e2ff0cc4f7b587,,,locally_single_deletion_minimal_sparse_mask,stage18-scaling-24a9adb84176,2,4,8150,314
True,False,2794,451,s2-step8150-f9of10-d1of2,314,2,1,10000,7206,,10,9,True,0.37623762376237624,101,38,True,valid_distinct_candidate,0.9016367765682513,447,6760,5,0,True,70,fresh_execution,valid_sparse_circuit,3268361288,c2cf3c48c8503bff831d93e1c7b51ff3d2806593b3372e0c76f9444b97ab4087,,,locally_single_deletion_minimal_sparse_mask,stage18-scaling-24a9adb84176,2,4,8150,314
True,False,2779,452,s2-step8150-f9of10-d1of2,314,2,1,10000,7221,,10,9,True,0.3364485981308411,107,36,True,valid_distinct_candidate,0.9007753152165401,448,6774,6,0,True,69,fresh_execution,valid_sparse_circuit,2187876186,8268575a8eaefc7d2324592a1b36a61875d70ae3cbe6e936001181b1bd888d18,,,locally_single_deletion_minimal_sparse_mask,stage18-scaling-24a9adb84176,2,4,8150,314
False,True,0,427,s2-step8150-f9of10-d1of2,314,2,1,6823,6823,,10,9,False,0.358974358974359,39,14,True,budget_exhaustion,0.9681259299866865,427,6397,7,0,True,90,fresh_execution,budget_exhaustion,2897646561,acb693e1decba500d9e6601696a4908aae78638056b343961b8399331c623f49,,,budget_exhausted_inside_candidate_batch,stage18-scaling-24a9adb84176,2,4,8150,314
True,False,2779,452,s2-step8150-f9of10-d3of4,315,4,3,10000,7221,,10,9,True,0.0,1,0,True,valid_distinct_candidate,0.9066489153418436,448,6774,1,0,True,69,fresh_execution,valid_sparse_circuit,,,,,locally_single_deletion_minimal_sparse_mask,stage18-scaling-24a9adb84176,2,4,8150,315
True,False,2839,448,s2-step8150-f9of10-d3of4,315,4,3,10000,7161,,10,9,True,0.11811023622047244,127,15,True,valid_distinct_candidate,0.9061007126634819,444,6718,2,0,True,73,fresh_execution,valid_sparse_circuit,1964403511,75166b379ddb05b6a62b0932a84c1b91908e11161bf2945ea1b9454926922132,,,locally_single_deletion_minimal_sparse_mask,stage18-scaling-24a9adb84176,2,4,8150,315
True,False,2794,451,s2-step8150-f9of10-d3of4,315,4,3,10000,7206,,10,9,True,0.3113207547169811,106,33,True,valid_distinct_candidate,0.9036729579450231,447,6760,3,0,True,70,fresh_execution,valid_sparse_circuit,2013741706,7807428a4f067d6d85d676821552a57d3c17c5407cd9b860916eeea4bee1585e,,,locally_single_deletion_minimal_sparse_mask,stage18-scaling-24a9adb84176,2,4,8150,315
True,False,2838,448,s2-step8150-f9of10-d3of4,315,4,3,10000,7162,,10,9,True,0.32407407407407407,108,35,True,valid_distinct_candidate,0.9006970005482027,443,6720,4,0,True,74,fresh_execution,valid_sparse_circuit,1081094927,4070330f51d487f5d25853f319cfb2dc9f736cde229ab023e0e2ff0cc4f7b587,,,locally_single_deletion_minimal_sparse_mask,stage18-scaling-24a9adb84176,2,4,8150,315
True,False,2794,451,s2-step8150-f9of10-d3of4,315,4,3,10000,7206,,10,9,True,0.37623762376237624,101,38,True,valid_distinct_candidate,0.9016367765682513,447,6760,5,0,True,70,fresh_execution,valid_sparse_circuit,3268361288,c2cf3c48c8503bff831d93e1c7b51ff3d2806593b3372e0c76f9444b97ab4087,,,locally_single_deletion_minimal_sparse_mask,stage18-scaling-24a9adb84176,2,4,8150,315
True,False,2779,452,s2-step8150-f9of10-d3of4,315,4,3,10000,7221,,10,9,True,0.3364485981308411,107,36,True,valid_distinct_candidate,0.9007753152165401,448,6774,6,0,True,69,fresh_execution,valid_sparse_circuit,2187876186,8268575a8eaefc7d2324592a1b36a61875d70ae3cbe6e936001181b1bd888d18,,,locally_single_deletion_minimal_sparse_mask,stage18-scaling-24a9adb84176,2,4,8150,315
False,True,0,427,s2-step8150-f9of10-d3of4,315,4,3,6823,6823,,10,9,False,0.358974358974359,39,14,True,budget_exhaustion,0.9681259299866865,427,6397,7,0,True,90,fresh_execution,budget_exhaustion,2897646561,acb693e1decba500d9e6601696a4908aae78638056b343961b8399331c623f49,,,budget_exhausted_inside_candidate_batch,stage18-scaling-24a9adb84176,2,4,8150,315
True,False,2914,443,s2-step8150-f19of20-d1of4,316,4,1,10000,7086,,20,19,True,0.0,1,0,True,valid_distinct_candidate,0.9536377163442713,439,6648,1,0,True,78,fresh_execution,valid_sparse_circuit,,,,,locally_single_deletion_minimal_sparse_mask,stage18-scaling-24a9adb84176,2,4,8150,316
True,False,3077,433,s2-step8150-f19of20-d1of4,316,4,1,10000,6923,,20,19,True,0.1118421052631579,152,17,True,valid_distinct_candidate,0.9514449056308246,426,6498,2,0,True,91,fresh_execution,valid_sparse_circuit,1964403511,75166b379ddb05b6a62b0932a84c1b91908e11161bf2945ea1b9454926922132,,,locally_single_deletion_minimal_sparse_mask,stage18-scaling-24a9adb84176,2,4,8150,316
False,False,2974,440,s2-step8150-f19of20-d1of4,316,4,1,10000,7026,,20,19,True,0.2903225806451613,31,9,True,distinctness_failure,0.9505834442791135,435,6592,3,0,True,82,fresh_execution,valid_sparse_circuit,2013741706,7807428a4f067d6d85d676821552a57d3c17c5407cd9b860916eeea4bee1585e,,,locally_single_deletion_minimal_sparse_mask,stage18-scaling-24a9adb84176,2,4,8150,316
False,True,0,186,s2-step8150-f19of20-d1of4,316,4,1,2974,2974,,20,19,False,0.14565826330532214,357,52,False,budget_exhaustion,1.0,186,2789,3,1,True,331,fresh_execution,budget_exhaustion,3904629363,e8bbea7362e93970c2b35dfa1dec50cdea8702b4a535938ab1595a9bbaf02503,,,budget_exhausted_inside_candidate_batch,stage18-scaling-24a9adb84176,2,4,8150,316
True,False,2914,443,s2-step8150-f19of20-d1of2,317,2,1,10000,7086,,20,19,True,0.0,1,0,True,valid_distinct_candidate,0.9536377163442713,439,6648,1,0,True,78,fresh_execution,valid_sparse_circuit,,,,,locally_single_deletion_minimal_sparse_mask,stage18-scaling-24a9adb84176,2,4,8150,317
True,False,3077,433,s2-step8150-f19of20-d1of2,317,2,1,10000,6923,,20,19,True,0.1118421052631579,152,17,True,valid_distinct_candidate,0.9514449056308246,426,6498,2,0,True,91,fresh_execution,valid_sparse_circuit,1964403511,75166b379ddb05b6a62b0932a84c1b91908e11161bf2945ea1b9454926922132,,,locally_single_deletion_minimal_sparse_mask,stage18-scaling-24a9adb84176,2,4,8150,317
True,False,2974,440,s2-step8150-f19of20-d1of2,317,2,1,10000,7026,,20,19,True,0.2903225806451613,31,9,True,valid_distinct_candidate,0.9505834442791135,435,6592,3,0,True,82,fresh_execution,valid_sparse_circuit,2013741706,7807428a4f067d6d85d676821552a57d3c17c5407cd9b860916eeea4bee1585e,,,locally_single_deletion_minimal_sparse_mask,stage18-scaling-24a9adb84176,2,4,8150,317
True,False,3018,437,s2-step8150-f19of20-d1of2,317,2,1,10000,6982,,20,19,True,0.36666666666666664,30,11,True,valid_distinct_candidate,0.950896702952463,431,6552,4,0,True,86,fresh_execution,valid_sparse_circuit,1081094927,4070330f51d487f5d25853f319cfb2dc9f736cde229ab023e0e2ff0cc4f7b587,,,locally_single_deletion_minimal_sparse_mask,stage18-scaling-24a9adb84176,2,4,8150,317
True,False,2911,444,s2-step8150-f19of20-d1of2,317,2,1,10000,7089,,20,19,True,0.45871559633027525,109,50,True,valid_distinct_candidate,0.9504268149424387,436,6654,5,0,True,81,fresh_execution,valid_sparse_circuit,3268361288,c2cf3c48c8503bff831d93e1c7b51ff3d2806593b3372e0c76f9444b97ab4087,,,locally_single_deletion_minimal_sparse_mask,stage18-scaling-24a9adb84176,2,4,8150,317
True,False,2974,440,s2-step8150-f19of20-d1of2,317,2,1,10000,7026,,20,19,True,0.391304347826087,23,9,True,valid_distinct_candidate,0.9509750176208004,435,6592,6,0,True,82,fresh_execution,valid_sparse_circuit,2187876186,8268575a8eaefc7d2324592a1b36a61875d70ae3cbe6e936001181b1bd888d18,,,locally_single_deletion_minimal_sparse_mask,stage18-scaling-24a9adb84176,2,4,8150,317
True,False,886,437,s2-step8150-f19of20-d1of2,317,2,1,7868,6982,,20,19,True,0.3770491803278688,61,23,True,valid_distinct_candidate,0.952541310987548,431,6552,7,0,True,86,fresh_execution,valid_sparse_circuit,2897646561,acb693e1decba500d9e6601696a4908aae78638056b343961b8399331c623f49,,,locally_single_deletion_minimal_sparse_mask,stage18-scaling-24a9adb84176,2,4,8150,317
False,True,0,56,s2-step8150-f19of20-d1of2,317,2,1,886,886,,20,19,False,0.1788793103448276,464,83,False,budget_exhaustion,1.0,56,831,8,0,True,461,fresh_execution,budget_exhaustion,570939113,2207d6e988e079e5b45ddadc8af9d61ae152f0ee8a5e86c269319a0b2467f4c6,,,budget_exhausted_inside_candidate_batch,stage18-scaling-24a9adb84176,2,4,8150,317
True,False,2914,443,s2-step8150-f19of20-d3of4,318,4,3,10000,7086,,20,19,True,0.0,1,0,True,valid_distinct_candidate,0.9536377163442713,439,6648,1,0,True,78,fresh_execution,valid_sparse_circuit,,,,,locally_single_deletion_minimal_sparse_mask,stage18-scaling-24a9adb84176,2,4,8150,318
True,False,3077,433,s2-step8150-f19of20-d3of4,318,4,3,10000,6923,,20,19,True,0.1118421052631579,152,17,True,valid_distinct_candidate,0.9514449056308246,426,6498,2,0,True,91,fresh_execution,valid_sparse_circuit,1964403511,75166b379ddb05b6a62b0932a84c1b91908e11161bf2945ea1b9454926922132,,,locally_single_deletion_minimal_sparse_mask,stage18-scaling-24a9adb84176,2,4,8150,318
True,False,2974,440,s2-step8150-f19of20-d3of4,318,4,3,10000,7026,,20,19,True,0.2903225806451613,31,9,True,valid_distinct_candidate,0.9505834442791135,435,6592,3,0,True,82,fresh_execution,valid_sparse_circuit,2013741706,7807428a4f067d6d85d676821552a57d3c17c5407cd9b860916eeea4bee1585e,,,locally_single_deletion_minimal_sparse_mask,stage18-scaling-24a9adb84176,2,4,8150,318
True,False,3018,437,s2-step8150-f19of20-d3of4,318,4,3,10000,6982,,20,19,True,0.36666666666666664,30,11,True,valid_distinct_candidate,0.950896702952463,431,6552,4,0,True,86,fresh_execution,valid_sparse_circuit,1081094927,4070330f51d487f5d25853f319cfb2dc9f736cde229ab023e0e2ff0cc4f7b587,,,locally_single_deletion_minimal_sparse_mask,stage18-scaling-24a9adb84176,2,4,8150,318
True,False,2911,444,s2-step8150-f19of20-d3of4,318,4,3,10000,7089,,20,19,True,0.45871559633027525,109,50,True,valid_distinct_candidate,0.9504268149424387,436,6654,5,0,True,81,fresh_execution,valid_sparse_circuit,3268361288,c2cf3c48c8503bff831d93e1c7b51ff3d2806593b3372e0c76f9444b97ab4087,,,locally_single_deletion_minimal_sparse_mask,stage18-scaling-24a9adb84176,2,4,8150,318
True,False,2974,440,s2-step8150-f19of20-d3of4,318,4,3,10000,7026,,20,19,True,0.391304347826087,23,9,True,valid_distinct_candidate,0.9509750176208004,435,6592,6,0,True,82,fresh_execution,valid_sparse_circuit,2187876186,8268575a8eaefc7d2324592a1b36a61875d70ae3cbe6e936001181b1bd888d18,,,locally_single_deletion_minimal_sparse_mask,stage18-scaling-24a9adb84176,2,4,8150,318
True,False,886,437,s2-step8150-f19of20-d3of4,318,4,3,7868,6982,,20,19,True,0.3770491803278688,61,23,True,valid_distinct_candidate,0.952541310987548,431,6552,7,0,True,86,fresh_execution,valid_sparse_circuit,2897646561,acb693e1decba500d9e6601696a4908aae78638056b343961b8399331c623f49,,,locally_single_deletion_minimal_sparse_mask,stage18-scaling-24a9adb84176,2,4,8150,318
False,True,0,56,s2-step8150-f19of20-d3of4,318,4,3,886,886,,20,19,False,0.1788793103448276,464,83,False,budget_exhaustion,1.0,56,831,8,0,True,461,fresh_execution,budget_exhaustion,570939113,2207d6e988e079e5b45ddadc8af9d61ae152f0ee8a5e86c269319a0b2467f4c6,,,budget_exhausted_inside_candidate_batch,stage18-scaling-24a9adb84176,2,4,8150,318
True,False,3124,430,s2-step8150-f39of40-d1of4,319,4,1,10000,6876,,40,39,True,0.0,1,0,True,valid_distinct_candidate,0.9751742501370507,425,6452,1,0,True,92,fresh_execution,valid_sparse_circuit,,,,,locally_single_deletion_minimal_sparse_mask,stage18-scaling-24a9adb84176,2,4,8150,319
True,False,3214,425,s2-step8150-f39of40-d1of4,319,4,1,10000,6786,,40,39,True,0.1377245508982036,167,23,True,valid_distinct_candidate,0.9751742501370507,419,6368,2,0,True,98,fresh_execution,valid_sparse_circuit,1964403511,75166b379ddb05b6a62b0932a84c1b91908e11161bf2945ea1b9454926922132,,,locally_single_deletion_minimal_sparse_mask,stage18-scaling-24a9adb84176,2,4,8150,319
False,False,3152,428,s2-step8150-f39of40-d1of4,319,4,1,10000,6848,,40,39,True,0.2789115646258503,147,41,True,distinctness_failure,0.975252564805388,421,6428,3,0,True,96,fresh_execution,valid_sparse_circuit,2013741706,7807428a4f067d6d85d676821552a57d3c17c5407cd9b860916eeea4bee1585e,,,locally_single_deletion_minimal_sparse_mask,stage18-scaling-24a9adb84176,2,4,8150,319
False,True,0,197,s2-step8150-f39of40-d1of4,319,4,1,3152,3152,,40,39,False,0.22686567164179106,335,76,False,budget_exhaustion,1.0,197,2955,3,1,True,319,fresh_execution,budget_exhaustion,3904629363,e8bbea7362e93970c2b35dfa1dec50cdea8702b4a535938ab1595a9bbaf02503,,,budget_exhausted_before_next_ranking,stage18-scaling-24a9adb84176,2,4,8150,319
True,False,3124,430,s2-step8150-f39of40-d1of2,320,2,1,10000,6876,,40,39,True,0.0,1,0,True,valid_distinct_candidate,0.9751742501370507,425,6452,1,0,True,92,fresh_execution,valid_sparse_circuit,,,,,locally_single_deletion_minimal_sparse_mask,stage18-scaling-24a9adb84176,2,4,8150,320
True,False,3214,425,s2-step8150-f39of40-d1of2,320,2,1,10000,6786,,40,39,True,0.1377245508982036,167,23,True,valid_distinct_candidate,0.9751742501370507,419,6368,2,0,True,98,fresh_execution,valid_sparse_circuit,1964403511,75166b379ddb05b6a62b0932a84c1b91908e11161bf2945ea1b9454926922132,,,locally_single_deletion_minimal_sparse_mask,stage18-scaling-24a9adb84176,2,4,8150,320
True,False,3152,428,s2-step8150-f39of40-d1of2,320,2,1,10000,6848,,40,39,True,0.2789115646258503,147,41,True,valid_distinct_candidate,0.975252564805388,421,6428,3,0,True,96,fresh_execution,valid_sparse_circuit,2013741706,7807428a4f067d6d85d676821552a57d3c17c5407cd9b860916eeea4bee1585e,,,locally_single_deletion_minimal_sparse_mask,stage18-scaling-24a9adb84176,2,4,8150,320
True,False,3226,424,s2-step8150-f39of40-d1of2,320,2,1,10000,6774,,40,39,True,0.3108108108108108,74,23,True,valid_distinct_candidate,0.9755658234787375,415,6360,4,0,True,102,fresh_execution,valid_sparse_circuit,1081094927,4070330f51d487f5d25853f319cfb2dc9f736cde229ab023e0e2ff0cc4f7b587,,,locally_single_deletion_minimal_sparse_mask,stage18-scaling-24a9adb84176,2,4,8150,320
True,False,3226,424,s2-step8150-f39of40-d1of2,320,2,1,10000,6774,,40,39,True,0.35664335664335667,143,51,True,valid_distinct_candidate,0.9750959354687133,415,6360,5,0,True,102,fresh_execution,valid_sparse_circuit,3268361288,c2cf3c48c8503bff831d93e1c7b51ff3d2806593b3372e0c76f9444b97ab4087,,,locally_single_deletion_minimal_sparse_mask,stage18-scaling-24a9adb84176,2,4,8150,320
True,False,3032,436,s2-step8150-f39of40-d1of2,320,2,1,10000,6968,,40,39,True,0.40625,32,13,True,valid_distinct_candidate,0.9757224528154124,429,6540,6,0,True,88,fresh_execution,valid_sparse_circuit,2187876186,8268575a8eaefc7d2324592a1b36a61875d70ae3cbe6e936001181b1bd888d18,,,locally_single_deletion_minimal_sparse_mask,stage18-scaling-24a9adb84176,2,4,8150,320
True,False,2128,428,s2-step8150-f39of40-d1of2,320,2,1,8974,6846,,40,39,True,0.4198473282442748,131,55,True,valid_distinct_candidate,0.9761140261570992,423,6424,7,0,True,94,fresh_execution,valid_sparse_circuit,2897646561,acb693e1decba500d9e6601696a4908aae78638056b343961b8399331c623f49,,,locally_single_deletion_minimal_sparse_mask,stage18-scaling-24a9adb84176,2,4,8150,320
False,True,0,133,s2-step8150-f39of40-d1of2,320,2,1,2128,2128,,40,39,False,0.18292682926829268,82,15,False,budget_exhaustion,1.0,133,1995,8,0,True,383,fresh_execution,budget_exhaustion,570939113,2207d6e988e079e5b45ddadc8af9d61ae152f0ee8a5e86c269319a0b2467f4c6,,,budget_exhausted_before_next_ranking,stage18-scaling-24a9adb84176,2,4,8150,320
True,False,3124,430,s2-step8150-f39of40-d3of4,321,4,3,10000,6876,,40,39,True,0.0,1,0,True,valid_distinct_candidate,0.9751742501370507,425,6452,1,0,True,92,fresh_execution,valid_sparse_circuit,,,,,locally_single_deletion_minimal_sparse_mask,stage18-scaling-24a9adb84176,2,4,8150,321
True,False,3214,425,s2-step8150-f39of40-d3of4,321,4,3,10000,6786,,40,39,True,0.1377245508982036,167,23,True,valid_distinct_candidate,0.9751742501370507,419,6368,2,0,True,98,fresh_execution,valid_sparse_circuit,1964403511,75166b379ddb05b6a62b0932a84c1b91908e11161bf2945ea1b9454926922132,,,locally_single_deletion_minimal_sparse_mask,stage18-scaling-24a9adb84176,2,4,8150,321
True,False,3152,428,s2-step8150-f39of40-d3of4,321,4,3,10000,6848,,40,39,True,0.2789115646258503,147,41,True,valid_distinct_candidate,0.975252564805388,421,6428,3,0,True,96,fresh_execution,valid_sparse_circuit,2013741706,7807428a4f067d6d85d676821552a57d3c17c5407cd9b860916eeea4bee1585e,,,locally_single_deletion_minimal_sparse_mask,stage18-scaling-24a9adb84176,2,4,8150,321
True,False,3226,424,s2-step8150-f39of40-d3of4,321,4,3,10000,6774,,40,39,True,0.3108108108108108,74,23,True,valid_distinct_candidate,0.9755658234787375,415,6360,4,0,True,102,fresh_execution,valid_sparse_circuit,1081094927,4070330f51d487f5d25853f319cfb2dc9f736cde229ab023e0e2ff0cc4f7b587,,,locally_single_deletion_minimal_sparse_mask,stage18-scaling-24a9adb84176,2,4,8150,321
True,False,3226,424,s2-step8150-f39of40-d3of4,321,4,3,10000,6774,,40,39,True,0.35664335664335667,143,51,True,valid_distinct_candidate,0.9750959354687133,415,6360,5,0,True,102,fresh_execution,valid_sparse_circuit,3268361288,c2cf3c48c8503bff831d93e1c7b51ff3d2806593b3372e0c76f9444b97ab4087,,,locally_single_deletion_minimal_sparse_mask,stage18-scaling-24a9adb84176,2,4,8150,321
True,False,3032,436,s2-step8150-f39of40-d3of4,321,4,3,10000,6968,,40,39,True,0.40625,32,13,True,valid_distinct_candidate,0.9757224528154124,429,6540,6,0,True,88,fresh_execution,valid_sparse_circuit,2187876186,8268575a8eaefc7d2324592a1b36a61875d70ae3cbe6e936001181b1bd888d18,,,locally_single_deletion_minimal_sparse_mask,stage18-scaling-24a9adb84176,2,4,8150,321
True,False,2128,428,s2-step8150-f39of40-d3of4,321,4,3,8974,6846,,40,39,True,0.4198473282442748,131,55,True,valid_distinct_candidate,0.9761140261570992,423,6424,7,0,True,94,fresh_execution,valid_sparse_circuit,2897646561,acb693e1decba500d9e6601696a4908aae78638056b343961b8399331c623f49,,,locally_single_deletion_minimal_sparse_mask,stage18-scaling-24a9adb84176,2,4,8150,321
False,True,0,133,s2-step8150-f39of40-d3of4,321,4,3,2128,2128,,40,39,False,0.18292682926829268,82,15,False,budget_exhaustion,1.0,133,1995,8,0,True,383,fresh_execution,budget_exhaustion,570939113,2207d6e988e079e5b45ddadc8af9d61ae152f0ee8a5e86c269319a0b2467f4c6,,,budget_exhausted_before_next_ranking,stage18-scaling-24a9adb84176,2,4,8150,321
True,False,3303,419,s2-step8150-f99of100-d1of4,322,4,1,10000,6697,,100,99,True,0.0,1,0,True,valid_distinct_candidate,0.9902889811261649,412,6286,1,0,True,105,fresh_execution,valid_sparse_circuit,,,,,locally_single_deletion_minimal_sparse_mask,stage18-scaling-24a9adb84176,2,4,8150,322
True,False,3527,405,s2-step8150-f99of100-d1of4,322,4,1,10000,6473,,100,99,True,0.11330049261083744,203,23,True,valid_distinct_candidate,0.9906022397995145,396,6078,2,0,True,121,fresh_execution,valid_sparse_circuit,1964403511,75166b379ddb05b6a62b0932a84c1b91908e11161bf2945ea1b9454926922132,,,locally_single_deletion_minimal_sparse_mask,stage18-scaling-24a9adb84176,2,4,8150,322
False,False,3452,410,s2-step8150-f99of100-d1of4,322,4,1,10000,6548,,100,99,True,0.3475609756097561,164,57,True,distinctness_failure,0.9902889811261649,401,6148,3,0,True,116,fresh_execution,valid_sparse_circuit,2013741706,7807428a4f067d6d85d676821552a57d3c17c5407cd9b860916eeea4bee1585e,,,locally_single_deletion_minimal_sparse_mask,stage18-scaling-24a9adb84176,2,4,8150,322
False,True,0,216,s2-step8150-f99of100-d1of4,322,4,1,3452,3452,,100,99,False,0.20118343195266272,169,34,False,budget_exhaustion,0.9997650559949879,216,3237,3,1,True,301,fresh_execution,budget_exhaustion,3904629363,e8bbea7362e93970c2b35dfa1dec50cdea8702b4a535938ab1595a9bbaf02503,,,budget_exhausted_inside_candidate_batch,stage18-scaling-24a9adb84176,2,4,8150,322
True,False,3303,419,s2-step8150-f99of100-d1of2,323,2,1,10000,6697,,100,99,True,0.0,1,0,True,valid_distinct_candidate,0.9902889811261649,412,6286,1,0,True,105,fresh_execution,valid_sparse_circuit,,,,,locally_single_deletion_minimal_sparse_mask,stage18-scaling-24a9adb84176,2,4,8150,323
True,False,3527,405,s2-step8150-f99of100-d1of2,323,2,1,10000,6473,,100,99,True,0.11330049261083744,203,23,True,valid_distinct_candidate,0.9906022397995145,396,6078,2,0,True,121,fresh_execution,valid_sparse_circuit,1964403511,75166b379ddb05b6a62b0932a84c1b91908e11161bf2945ea1b9454926922132,,,locally_single_deletion_minimal_sparse_mask,stage18-scaling-24a9adb84176,2,4,8150,323
True,False,3452,410,s2-step8150-f99of100-d1of2,323,2,1,10000,6548,,100,99,True,0.3475609756097561,164,57,True,valid_distinct_candidate,0.9902889811261649,401,6148,3,0,True,116,fresh_execution,valid_sparse_circuit,2013741706,7807428a4f067d6d85d676821552a57d3c17c5407cd9b860916eeea4bee1585e,,,locally_single_deletion_minimal_sparse_mask,stage18-scaling-24a9adb84176,2,4,8150,323
True,False,3372,415,s2-step8150-f99of100-d1of2,323,2,1,10000,6628,,100,99,True,0.38125,160,61,True,valid_distinct_candidate,0.9901323517894902,401,6228,4,0,True,116,fresh_execution,valid_sparse_circuit,1081094927,4070330f51d487f5d25853f319cfb2dc9f736cde229ab023e0e2ff0cc4f7b587,,,locally_single_deletion_minimal_sparse_mask,stage18-scaling-24a9adb84176,2,4,8150,323
True,False,3383,414,s2-step8150-f99of100-d1of2,323,2,1,10000,6617,,100,99,True,0.2914285714285714,175,51,True,valid_distinct_candidate,0.9901323517894902,396,6222,5,0,True,121,fresh_execution,valid_sparse_circuit,3268361288,c2cf3c48c8503bff831d93e1c7b51ff3d2806593b3372e0c76f9444b97ab4087,,,locally_single_deletion_minimal_sparse_mask,stage18-scaling-24a9adb84176,2,4,8150,323
True,False,3391,414,s2-step8150-f99of100-d1of2,323,2,1,10000,6609,,100,99,True,0.32926829268292684,82,27,True,valid_distinct_candidate,0.9900540371211528,404,6206,6,0,True,113,fresh_execution,valid_sparse_circuit,2187876186,8268575a8eaefc7d2324592a1b36a61875d70ae3cbe6e936001181b1bd888d18,,,locally_single_deletion_minimal_sparse_mask,stage18-scaling-24a9adb84176,2,4,8150,323
True,False,3439,411,s2-step8150-f99of100-d1of2,323,2,1,10000,6561,,100,99,True,0.3710691823899371,159,59,True,valid_distinct_candidate,0.9906022397995145,404,6158,7,0,True,113,fresh_execution,valid_sparse_circuit,2897646561,acb693e1decba500d9e6601696a4908aae78638056b343961b8399331c623f49,,,locally_single_deletion_minimal_sparse_mask,stage18-scaling-24a9adb84176,2,4,8150,323
False,True,0,242,s2-step8150-f99of100-d1of2,323,2,1,3867,3867,,100,99,False,0.2694805194805195,308,83,False,budget_exhaustion,1.0,242,3626,8,0,True,275,fresh_execution,budget_exhaustion,570939113,2207d6e988e079e5b45ddadc8af9d61ae152f0ee8a5e86c269319a0b2467f4c6,,,budget_exhausted_inside_candidate_batch,stage18-scaling-24a9adb84176,2,4,8150,323
True,False,3303,419,s2-step8150-f99of100-d3of4,324,4,3,10000,6697,,100,99,True,0.0,1,0,True,valid_distinct_candidate,0.9902889811261649,412,6286,1,0,True,105,fresh_execution,valid_sparse_circuit,,,,,locally_single_deletion_minimal_sparse_mask,stage18-scaling-24a9adb84176,2,4,8150,324
True,False,3527,405,s2-step8150-f99of100-d3of4,324,4,3,10000,6473,,100,99,True,0.11330049261083744,203,23,True,valid_distinct_candidate,0.9906022397995145,396,6078,2,0,True,121,fresh_execution,valid_sparse_circuit,1964403511,75166b379ddb05b6a62b0932a84c1b91908e11161bf2945ea1b9454926922132,,,locally_single_deletion_minimal_sparse_mask,stage18-scaling-24a9adb84176,2,4,8150,324
True,False,3452,410,s2-step8150-f99of100-d3of4,324,4,3,10000,6548,,100,99,True,0.3475609756097561,164,57,True,valid_distinct_candidate,0.9902889811261649,401,6148,3,0,True,116,fresh_execution,valid_sparse_circuit,2013741706,7807428a4f067d6d85d676821552a57d3c17c5407cd9b860916eeea4bee1585e,,,locally_single_deletion_minimal_sparse_mask,stage18-scaling-24a9adb84176,2,4,8150,324
True,False,3372,415,s2-step8150-f99of100-d3of4,324,4,3,10000,6628,,100,99,True,0.38125,160,61,True,valid_distinct_candidate,0.9901323517894902,401,6228,4,0,True,116,fresh_execution,valid_sparse_circuit,1081094927,4070330f51d487f5d25853f319cfb2dc9f736cde229ab023e0e2ff0cc4f7b587,,,locally_single_deletion_minimal_sparse_mask,stage18-scaling-24a9adb84176,2,4,8150,324
True,False,3383,414,s2-step8150-f99of100-d3of4,324,4,3,10000,6617,,100,99,True,0.2914285714285714,175,51,True,valid_distinct_candidate,0.9901323517894902,396,6222,5,0,True,121,fresh_execution,valid_sparse_circuit,3268361288,c2cf3c48c8503bff831d93e1c7b51ff3d2806593b3372e0c76f9444b97ab4087,,,locally_single_deletion_minimal_sparse_mask,stage18-scaling-24a9adb84176,2,4,8150,324
True,False,3391,414,s2-step8150-f99of100-d3of4,324,4,3,10000,6609,,100,99,True,0.32926829268292684,82,27,True,valid_distinct_candidate,0.9900540371211528,404,6206,6,0,True,113,fresh_execution,valid_sparse_circuit,2187876186,8268575a8eaefc7d2324592a1b36a61875d70ae3cbe6e936001181b1bd888d18,,,locally_single_deletion_minimal_sparse_mask,stage18-scaling-24a9adb84176,2,4,8150,324
True,False,3439,411,s2-step8150-f99of100-d3of4,324,4,3,10000,6561,,100,99,True,0.3710691823899371,159,59,True,valid_distinct_candidate,0.9906022397995145,404,6158,7,0,True,113,fresh_execution,valid_sparse_circuit,2897646561,acb693e1decba500d9e6601696a4908aae78638056b343961b8399331c623f49,,,locally_single_deletion_minimal_sparse_mask,stage18-scaling-24a9adb84176,2,4,8150,324
False,True,0,242,s2-step8150-f99of100-d3of4,324,4,3,3867,3867,,100,99,False,0.2694805194805195,308,83,False,budget_exhaustion,1.0,242,3626,8,0,True,275,fresh_execution,budget_exhaustion,570939113,2207d6e988e079e5b45ddadc8af9d61ae152f0ee8a5e86c269319a0b2467f4c6,,,budget_exhausted_inside_candidate_batch,stage18-scaling-24a9adb84176,2,4,8150,324
True,False,2464,471,s2-step8500-f4of5-d1of4,325,4,1,10000,7536,,5,4,True,0.0,1,0,True,valid_distinct_candidate,0.8151773827237841,469,7068,1,0,True,48,fresh_execution,valid_sparse_circuit,,,,,locally_single_deletion_minimal_sparse_mask,stage18-scaling-24a9adb84176,2,5,8500,325
True,False,2539,467,s2-step8500-f4of5-d1of4,325,4,1,10000,7461,,5,4,True,0.18823529411764706,85,16,True,valid_distinct_candidate,0.8103218732868667,464,6998,2,0,True,53,fresh_execution,valid_sparse_circuit,2598568751,9ae3032fa36fc0557379b5b4b9a7fc7d29b0e40b6c452b5d219e80f392bb36d5,,,locally_single_deletion_minimal_sparse_mask,stage18-scaling-24a9adb84176,2,5,8500,325
True,False,2464,471,s2-step8500-f4of5-d1of4,325,4,1,10000,7536,,5,4,True,0.21518987341772153,79,17,True,valid_distinct_candidate,0.8018638891064296,469,7068,3,0,True,48,fresh_execution,valid_sparse_circuit,3246884845,c18787ed00c9f9677c8c22a1fae1e494b311f4c315345a3d780d801bea18d1f4,,,locally_single_deletion_minimal_sparse_mask,stage18-scaling-24a9adb84176,2,5,8500,325
True,False,2509,469,s2-step8500-f4of5-d1of4,325,4,1,10000,7491,,5,4,True,0.2375,80,19,True,valid_distinct_candidate,0.8106351319602162,466,7026,4,0,True,51,fresh_execution,valid_sparse_circuit,1223183756,48e84d8c8ec8478ea66e601713784a44c840aedc7b31b3542fe35935b07e11b8,,,locally_single_deletion_minimal_sparse_mask,stage18-scaling-24a9adb84176,2,5,8500,325
False,False,2584,464,s2-step8500-f4of5-d1of4,325,4,1,10000,7416,,5,4,True,0.3,10,3,True,distinctness_failure,0.8098519852768423,461,6956,5,0,True,56,fresh_execution,valid_sparse_circuit,3010414875,b36f491b1bab552590a52015c435f6547ebc6a168afc2782edaa8959292d2616,,,locally_single_deletion_minimal_sparse_mask,stage18-scaling-24a9adb84176,2,5,8500,325
False,True,0,162,s2-step8500-f4of5-d1of4,325,4,1,2584,2584,,5,4,False,0.09433962264150944,53,5,False,budget_exhaustion,1.0,162,2423,5,1,True,355,fresh_execution,budget_exhaustion,1517684213,5a7605f54463df938f961f52295303748f6a979c060450cda404a4c8f9b82b0b,,,budget_exhausted_inside_candidate_batch,stage18-scaling-24a9adb84176,2,5,8500,325
True,False,2464,471,s2-step8500-f4of5-d1of2,326,2,1,10000,7536,,5,4,True,0.0,1,0,True,valid_distinct_candidate,0.8151773827237841,469,7068,1,0,True,48,fresh_execution,valid_sparse_circuit,,,,,locally_single_deletion_minimal_sparse_mask,stage18-scaling-24a9adb84176,2,5,8500,326
True,False,2539,467,s2-step8500-f4of5-d1of2,326,2,1,10000,7461,,5,4,True,0.18823529411764706,85,16,True,valid_distinct_candidate,0.8103218732868667,464,6998,2,0,True,53,fresh_execution,valid_sparse_circuit,2598568751,9ae3032fa36fc0557379b5b4b9a7fc7d29b0e40b6c452b5d219e80f392bb36d5,,,locally_single_deletion_minimal_sparse_mask,stage18-scaling-24a9adb84176,2,5,8500,326
True,False,2464,471,s2-step8500-f4of5-d1of2,326,2,1,10000,7536,,5,4,True,0.21518987341772153,79,17,True,valid_distinct_candidate,0.8018638891064296,469,7068,3,0,True,48,fresh_execution,valid_sparse_circuit,3246884845,c18787ed00c9f9677c8c22a1fae1e494b311f4c315345a3d780d801bea18d1f4,,,locally_single_deletion_minimal_sparse_mask,stage18-scaling-24a9adb84176,2,5,8500,326
True,False,2509,469,s2-step8500-f4of5-d1of2,326,2,1,10000,7491,,5,4,True,0.2375,80,19,True,valid_distinct_candidate,0.8106351319602162,466,7026,4,0,True,51,fresh_execution,valid_sparse_circuit,1223183756,48e84d8c8ec8478ea66e601713784a44c840aedc7b31b3542fe35935b07e11b8,,,locally_single_deletion_minimal_sparse_mask,stage18-scaling-24a9adb84176,2,5,8500,326
True,False,2584,464,s2-step8500-f4of5-d1of2,326,2,1,10000,7416,,5,4,True,0.3,10,3,True,valid_distinct_candidate,0.8098519852768423,461,6956,5,0,True,56,fresh_execution,valid_sparse_circuit,3010414875,b36f491b1bab552590a52015c435f6547ebc6a168afc2782edaa8959292d2616,,,locally_single_deletion_minimal_sparse_mask,stage18-scaling-24a9adb84176,2,5,8500,326
True,False,2479,471,s2-step8500-f4of5-d1of2,326,2,1,10000,7521,,5,4,True,0.4264705882352941,68,29,True,valid_distinct_candidate,0.8092254679301433,468,7054,6,0,True,49,fresh_execution,valid_sparse_circuit,4056280288,f1c5ece0f8175ad58b54832835ffd9c1c751bd17637961422a11a8f7a3f4d2c5,,,locally_single_deletion_minimal_sparse_mask,stage18-scaling-24a9adb84176,2,5,8500,326
False,True,0,315,s2-step8500-f4of5-d1of2,326,2,1,5039,5039,,5,4,False,0.15695067264573992,223,35,True,budget_exhaustion,0.9999216853316626,315,4725,7,0,True,202,fresh_execution,budget_exhaustion,1346571272,50430c0879a0bfdae8727959dcb784cfa36b246055769dd8e2ae4d34583d50cb,,,budget_exhausted_inside_candidate_batch,stage18-scaling-24a9adb84176,2,5,8500,326
True,False,2464,471,s2-step8500-f4of5-d3of4,327,4,3,10000,7536,,5,4,True,0.0,1,0,True,valid_distinct_candidate,0.8151773827237841,469,7068,1,0,True,48,fresh_execution,valid_sparse_circuit,,,,,locally_single_deletion_minimal_sparse_mask,stage18-scaling-24a9adb84176,2,5,8500,327
True,False,2539,467,s2-step8500-f4of5-d3of4,327,4,3,10000,7461,,5,4,True,0.18823529411764706,85,16,True,valid_distinct_candidate,0.8103218732868667,464,6998,2,0,True,53,fresh_execution,valid_sparse_circuit,2598568751,9ae3032fa36fc0557379b5b4b9a7fc7d29b0e40b6c452b5d219e80f392bb36d5,,,locally_single_deletion_minimal_sparse_mask,stage18-scaling-24a9adb84176,2,5,8500,327
True,False,2464,471,s2-step8500-f4of5-d3of4,327,4,3,10000,7536,,5,4,True,0.21518987341772153,79,17,True,valid_distinct_candidate,0.8018638891064296,469,7068,3,0,True,48,fresh_execution,valid_sparse_circuit,3246884845,c18787ed00c9f9677c8c22a1fae1e494b311f4c315345a3d780d801bea18d1f4,,,locally_single_deletion_minimal_sparse_mask,stage18-scaling-24a9adb84176,2,5,8500,327
True,False,2509,469,s2-step8500-f4of5-d3of4,327,4,3,10000,7491,,5,4,True,0.2375,80,19,True,valid_distinct_candidate,0.8106351319602162,466,7026,4,0,True,51,fresh_execution,valid_sparse_circuit,1223183756,48e84d8c8ec8478ea66e601713784a44c840aedc7b31b3542fe35935b07e11b8,,,locally_single_deletion_minimal_sparse_mask,stage18-scaling-24a9adb84176,2,5,8500,327
True,False,2584,464,s2-step8500-f4of5-d3of4,327,4,3,10000,7416,,5,4,True,0.3,10,3,True,valid_distinct_candidate,0.8098519852768423,461,6956,5,0,True,56,fresh_execution,valid_sparse_circuit,3010414875,b36f491b1bab552590a52015c435f6547ebc6a168afc2782edaa8959292d2616,,,locally_single_deletion_minimal_sparse_mask,stage18-scaling-24a9adb84176,2,5,8500,327
True,False,2479,471,s2-step8500-f4of5-d3of4,327,4,3,10000,7521,,5,4,True,0.4264705882352941,68,29,True,valid_distinct_candidate,0.8092254679301433,468,7054,6,0,True,49,fresh_execution,valid_sparse_circuit,4056280288,f1c5ece0f8175ad58b54832835ffd9c1c751bd17637961422a11a8f7a3f4d2c5,,,locally_single_deletion_minimal_sparse_mask,stage18-scaling-24a9adb84176,2,5,8500,327
False,True,0,315,s2-step8500-f4of5-d3of4,327,4,3,5039,5039,,5,4,False,0.15695067264573992,223,35,True,budget_exhaustion,0.9999216853316626,315,4725,7,0,True,202,fresh_execution,budget_exhaustion,1346571272,50430c0879a0bfdae8727959dcb784cfa36b246055769dd8e2ae4d34583d50cb,,,budget_exhausted_inside_candidate_batch,stage18-scaling-24a9adb84176,2,5,8500,327
True,False,2509,469,s2-step8500-f17of20-d1of4,328,4,1,10000,7491,,20,17,True,0.0,1,0,True,valid_distinct_candidate,0.8663951758164304,466,7026,1,0,True,51,fresh_execution,valid_sparse_circuit,,,,,locally_single_deletion_minimal_sparse_mask,stage18-scaling-24a9adb84176,2,5,8500,328
True,False,2629,461,s2-step8500-f17of20-d1of4,328,4,1,10000,7371,,20,17,True,0.13402061855670103,97,13,True,valid_distinct_candidate,0.8637324770929595,458,6914,2,0,True,59,fresh_execution,valid_sparse_circuit,2598568751,9ae3032fa36fc0557379b5b4b9a7fc7d29b0e40b6c452b5d219e80f392bb36d5,,,locally_single_deletion_minimal_sparse_mask,stage18-scaling-24a9adb84176,2,5,8500,328
True,False,2554,466,s2-step8500-f17of20-d1of4,328,4,1,10000,7446,,20,17,True,0.23529411764705882,17,4,True,valid_distinct_candidate,0.8540997728874619,463,6984,3,0,True,54,fresh_execution,valid_sparse_circuit,3246884845,c18787ed00c9f9677c8c22a1fae1e494b311f4c315345a3d780d801bea18d1f4,,,locally_single_deletion_minimal_sparse_mask,stage18-scaling-24a9adb84176,2,5,8500,328
True,False,2599,463,s2-step8500-f17of20-d1of4,328,4,1,10000,7401,,20,17,True,0.2413793103448276,29,7,True,valid_distinct_candidate,0.8548046049024982,460,6942,4,0,True,57,fresh_execution,valid_sparse_circuit,1223183756,48e84d8c8ec8478ea66e601713784a44c840aedc7b31b3542fe35935b07e11b8,,,locally_single_deletion_minimal_sparse_mask,stage18-scaling-24a9adb84176,2,5,8500,328
True,False,2644,460,s2-step8500-f17of20-d1of4,328,4,1,10000,7356,,20,17,True,0.23333333333333334,30,7,True,valid_distinct_candidate,0.8569191009476075,457,6900,5,0,True,60,fresh_execution,valid_sparse_circuit,3010414875,b36f491b1bab552590a52015c435f6547ebc6a168afc2782edaa8959292d2616,,,locally_single_deletion_minimal_sparse_mask,stage18-scaling-24a9adb84176,2,5,8500,328
False,False,2569,465,s2-step8500-f17of20-d1of4,328,4,1,10000,7431,,20,17,True,0.358974358974359,39,14,True,distinctness_failure,0.8508105568172919,462,6970,6,0,True,55,fresh_execution,valid_sparse_circuit,4056280288,f1c5ece0f8175ad58b54832835ffd9c1c751bd17637961422a11a8f7a3f4d2c5,,,locally_single_deletion_minimal_sparse_mask,stage18-scaling-24a9adb84176,2,5,8500,328
False,True,0,161,s2-step8500-f17of20-d1of4,328,4,1,2569,2569,,20,17,False,0.10372340425531915,376,39,False,budget_exhaustion,1.0,161,2409,6,1,True,356,fresh_execution,budget_exhaustion,1648711690,6245580afdef8b88f285124567ce729cb1e7e40036bad9c0cd45930a63209e73,,,budget_exhausted_inside_candidate_batch,stage18-scaling-24a9adb84176,2,5,8500,328
True,False,2509,469,s2-step8500-f17of20-d1of2,329,2,1,10000,7491,,20,17,True,0.0,1,0,True,valid_distinct_candidate,0.8663951758164304,466,7026,1,0,True,51,fresh_execution,valid_sparse_circuit,,,,,locally_single_deletion_minimal_sparse_mask,stage18-scaling-24a9adb84176,2,5,8500,329
True,False,2629,461,s2-step8500-f17of20-d1of2,329,2,1,10000,7371,,20,17,True,0.13402061855670103,97,13,True,valid_distinct_candidate,0.8637324770929595,458,6914,2,0,True,59,fresh_execution,valid_sparse_circuit,2598568751,9ae3032fa36fc0557379b5b4b9a7fc7d29b0e40b6c452b5d219e80f392bb36d5,,,locally_single_deletion_minimal_sparse_mask,stage18-scaling-24a9adb84176,2,5,8500,329
True,False,2554,466,s2-step8500-f17of20-d1of2,329,2,1,10000,7446,,20,17,True,0.23529411764705882,17,4,True,valid_distinct_candidate,0.8540997728874619,463,6984,3,0,True,54,fresh_execution,valid_sparse_circuit,3246884845,c18787ed00c9f9677c8c22a1fae1e494b311f4c315345a3d780d801bea18d1f4,,,locally_single_deletion_minimal_sparse_mask,stage18-scaling-24a9adb84176,2,5,8500,329
True,False,2599,463,s2-step8500-f17of20-d1of2,329,2,1,10000,7401,,20,17,True,0.2413793103448276,29,7,True,valid_distinct_candidate,0.8548046049024982,460,6942,4,0,True,57,fresh_execution,valid_sparse_circuit,1223183756,48e84d8c8ec8478ea66e601713784a44c840aedc7b31b3542fe35935b07e11b8,,,locally_single_deletion_minimal_sparse_mask,stage18-scaling-24a9adb84176,2,5,8500,329
True,False,2644,460,s2-step8500-f17of20-d1of2,329,2,1,10000,7356,,20,17,True,0.23333333333333334,30,7,True,valid_distinct_candidate,0.8569191009476075,457,6900,5,0,True,60,fresh_execution,valid_sparse_circuit,3010414875,b36f491b1bab552590a52015c435f6547ebc6a168afc2782edaa8959292d2616,,,locally_single_deletion_minimal_sparse_mask,stage18-scaling-24a9adb84176,2,5,8500,329
True,False,2569,465,s2-step8500-f17of20-d1of2,329,2,1,10000,7431,,20,17,True,0.358974358974359,39,14,True,valid_distinct_candidate,0.8508105568172919,462,6970,6,0,True,55,fresh_execution,valid_sparse_circuit,4056280288,f1c5ece0f8175ad58b54832835ffd9c1c751bd17637961422a11a8f7a3f4d2c5,,,locally_single_deletion_minimal_sparse_mask,stage18-scaling-24a9adb84176,2,5,8500,329
False,True,0,344,s2-step8500-f17of20-d1of2,329,2,1,5504,5504,,20,17,False,0.1683673469387755,196,33,True,budget_exhaustion,1.0,344,5160,7,0,True,172,fresh_execution,budget_exhaustion,1346571272,50430c0879a0bfdae8727959dcb784cfa36b246055769dd8e2ae4d34583d50cb,,,budget_exhausted_before_next_ranking,stage18-scaling-24a9adb84176,2,5,8500,329
True,False,2509,469,s2-step8500-f17of20-d3of4,330,4,3,10000,7491,,20,17,True,0.0,1,0,True,valid_distinct_candidate,0.8663951758164304,466,7026,1,0,True,51,fresh_execution,valid_sparse_circuit,,,,,locally_single_deletion_minimal_sparse_mask,stage18-scaling-24a9adb84176,2,5,8500,330
True,False,2629,461,s2-step8500-f17of20-d3of4,330,4,3,10000,7371,,20,17,True,0.13402061855670103,97,13,True,valid_distinct_candidate,0.8637324770929595,458,6914,2,0,True,59,fresh_execution,valid_sparse_circuit,2598568751,9ae3032fa36fc0557379b5b4b9a7fc7d29b0e40b6c452b5d219e80f392bb36d5,,,locally_single_deletion_minimal_sparse_mask,stage18-scaling-24a9adb84176,2,5,8500,330
True,False,2554,466,s2-step8500-f17of20-d3of4,330,4,3,10000,7446,,20,17,True,0.23529411764705882,17,4,True,valid_distinct_candidate,0.8540997728874619,463,6984,3,0,True,54,fresh_execution,valid_sparse_circuit,3246884845,c18787ed00c9f9677c8c22a1fae1e494b311f4c315345a3d780d801bea18d1f4,,,locally_single_deletion_minimal_sparse_mask,stage18-scaling-24a9adb84176,2,5,8500,330
True,False,2599,463,s2-step8500-f17of20-d3of4,330,4,3,10000,7401,,20,17,True,0.2413793103448276,29,7,True,valid_distinct_candidate,0.8548046049024982,460,6942,4,0,True,57,fresh_execution,valid_sparse_circuit,1223183756,48e84d8c8ec8478ea66e601713784a44c840aedc7b31b3542fe35935b07e11b8,,,locally_single_deletion_minimal_sparse_mask,stage18-scaling-24a9adb84176,2,5,8500,330
True,False,2644,460,s2-step8500-f17of20-d3of4,330,4,3,10000,7356,,20,17,True,0.23333333333333334,30,7,True,valid_distinct_candidate,0.8569191009476075,457,6900,5,0,True,60,fresh_execution,valid_sparse_circuit,3010414875,b36f491b1bab552590a52015c435f6547ebc6a168afc2782edaa8959292d2616,,,locally_single_deletion_minimal_sparse_mask,stage18-scaling-24a9adb84176,2,5,8500,330
True,False,2569,465,s2-step8500-f17of20-d3of4,330,4,3,10000,7431,,20,17,True,0.358974358974359,39,14,True,valid_distinct_candidate,0.8508105568172919,462,6970,6,0,True,55,fresh_execution,valid_sparse_circuit,4056280288,f1c5ece0f8175ad58b54832835ffd9c1c751bd17637961422a11a8f7a3f4d2c5,,,locally_single_deletion_minimal_sparse_mask,stage18-scaling-24a9adb84176,2,5,8500,330
False,True,0,344,s2-step8500-f17of20-d3of4,330,4,3,5504,5504,,20,17,False,0.1683673469387755,196,33,True,budget_exhaustion,1.0,344,5160,7,0,True,172,fresh_execution,budget_exhaustion,1346571272,50430c0879a0bfdae8727959dcb784cfa36b246055769dd8e2ae4d34583d50cb,,,budget_exhausted_before_next_ranking,stage18-scaling-24a9adb84176,2,5,8500,330
True,False,2554,466,s2-step8500-f9of10-d1of4,331,4,1,10000,7446,,10,9,True,0.0,1,0,True,valid_distinct_candidate,0.902811496593312,463,6984,1,0,True,54,fresh_execution,valid_sparse_circuit,,,,,locally_single_deletion_minimal_sparse_mask,stage18-scaling-24a9adb84176,2,5,8500,331
True,False,2719,456,s2-step8500-f9of10-d1of4,331,4,1,10000,7281,,10,9,True,0.11214953271028037,107,12,True,valid_distinct_candidate,0.9014801472315764,452,6830,2,0,True,65,fresh_execution,valid_sparse_circuit,2598568751,9ae3032fa36fc0557379b5b4b9a7fc7d29b0e40b6c452b5d219e80f392bb36d5,,,locally_single_deletion_minimal_sparse_mask,stage18-scaling-24a9adb84176,2,5,8500,331
False,False,2599,463,s2-step8500-f9of10-d1of4,331,4,1,10000,7401,,10,9,True,0.27586206896551724,29,8,True,distinctness_failure,0.9015584618999138,460,6942,3,0,True,57,fresh_execution,valid_sparse_circuit,3246884845,c18787ed00c9f9677c8c22a1fae1e494b311f4c315345a3d780d801bea18d1f4,,,locally_single_deletion_minimal_sparse_mask,stage18-scaling-24a9adb84176,2,5,8500,331
False,True,0,163,s2-step8500-f9of10-d1of4,331,4,1,2599,2599,,10,9,False,0.0967741935483871,31,3,False,budget_exhaustion,1.0,163,2437,3,1,True,354,fresh_execution,budget_exhaustion,2219855302,84504dc6dce7c0229c22ce230bfcf51bea196afcc3f8acd6f7960c989f9d2655,,,budget_exhausted_inside_candidate_batch,stage18-scaling-24a9adb84176,2,5,8500,331
True,False,2554,466,s2-step8500-f9of10-d1of2,332,2,1,10000,7446,,10,9,True,0.0,1,0,True,valid_distinct_candidate,0.902811496593312,463,6984,1,0,True,54,fresh_execution,valid_sparse_circuit,,,,,locally_single_deletion_minimal_sparse_mask,stage18-scaling-24a9adb84176,2,5,8500,332
True,False,2719,456,s2-step8500-f9of10-d1of2,332,2,1,10000,7281,,10,9,True,0.11214953271028037,107,12,True,valid_distinct_candidate,0.9014801472315764,452,6830,2,0,True,65,fresh_execution,valid_sparse_circuit,2598568751,9ae3032fa36fc0557379b5b4b9a7fc7d29b0e40b6c452b5d219e80f392bb36d5,,,locally_single_deletion_minimal_sparse_mask,stage18-scaling-24a9adb84176,2,5,8500,332
True,False,2599,463,s2-step8500-f9of10-d1of2,332,2,1,10000,7401,,10,9,True,0.27586206896551724,29,8,True,valid_distinct_candidate,0.9015584618999138,460,6942,3,0,True,57,fresh_execution,valid_sparse_circuit,3246884845,c18787ed00c9f9677c8c22a1fae1e494b311f4c315345a3d780d801bea18d1f4,,,locally_single_deletion_minimal_sparse_mask,stage18-scaling-24a9adb84176,2,5,8500,332
True,False,2734,455,s2-step8500-f9of10-d1of2,332,2,1,10000,7266,,10,9,True,0.2631578947368421,19,5,True,valid_distinct_candidate,0.9057874539901324,451,6816,4,0,True,66,fresh_execution,valid_sparse_circuit,1223183756,48e84d8c8ec8478ea66e601713784a44c840aedc7b31b3542fe35935b07e11b8,,,locally_single_deletion_minimal_sparse_mask,stage18-scaling-24a9adb84176,2,5,8500,332
True,False,2703,457,s2-step8500-f9of10-d1of2,332,2,1,10000,7297,,10,9,True,0.26595744680851063,94,25,True,valid_distinct_candidate,0.902811496593312,452,6846,5,0,True,65,fresh_execution,valid_sparse_circuit,3010414875,b36f491b1bab552590a52015c435f6547ebc6a168afc2782edaa8959292d2616,,,locally_single_deletion_minimal_sparse_mask,stage18-scaling-24a9adb84176,2,5,8500,332
True,False,2688,457,s2-step8500-f9of10-d1of2,332,2,1,10000,7312,,10,9,True,0.3111111111111111,45,14,True,valid_distinct_candidate,0.9007753152165401,453,6860,6,0,True,64,fresh_execution,valid_sparse_circuit,4056280288,f1c5ece0f8175ad58b54832835ffd9c1c751bd17637961422a11a8f7a3f4d2c5,,,locally_single_deletion_minimal_sparse_mask,stage18-scaling-24a9adb84176,2,5,8500,332
False,True,0,375,s2-step8500-f9of10-d1of2,332,2,1,5997,5997,,10,9,False,0.22839506172839505,162,37,True,budget_exhaustion,0.9997650559949879,375,5623,7,0,True,142,fresh_execution,budget_exhaustion,1346571272,50430c0879a0bfdae8727959dcb784cfa36b246055769dd8e2ae4d34583d50cb,,,budget_exhausted_inside_candidate_batch,stage18-scaling-24a9adb84176,2,5,8500,332
True,False,2554,466,s2-step8500-f9of10-d3of4,333,4,3,10000,7446,,10,9,True,0.0,1,0,True,valid_distinct_candidate,0.902811496593312,463,6984,1,0,True,54,fresh_execution,valid_sparse_circuit,,,,,locally_single_deletion_minimal_sparse_mask,stage18-scaling-24a9adb84176,2,5,8500,333
True,False,2719,456,s2-step8500-f9of10-d3of4,333,4,3,10000,7281,,10,9,True,0.11214953271028037,107,12,True,valid_distinct_candidate,0.9014801472315764,452,6830,2,0,True,65,fresh_execution,valid_sparse_circuit,2598568751,9ae3032fa36fc0557379b5b4b9a7fc7d29b0e40b6c452b5d219e80f392bb36d5,,,locally_single_deletion_minimal_sparse_mask,stage18-scaling-24a9adb84176,2,5,8500,333
True,False,2599,463,s2-step8500-f9of10-d3of4,333,4,3,10000,7401,,10,9,True,0.27586206896551724,29,8,True,valid_distinct_candidate,0.9015584618999138,460,6942,3,0,True,57,fresh_execution,valid_sparse_circuit,3246884845,c18787ed00c9f9677c8c22a1fae1e494b311f4c315345a3d780d801bea18d1f4,,,locally_single_deletion_minimal_sparse_mask,stage18-scaling-24a9adb84176,2,5,8500,333
True,False,2734,455,s2-step8500-f9of10-d3of4,333,4,3,10000,7266,,10,9,True,0.2631578947368421,19,5,True,valid_distinct_candidate,0.9057874539901324,451,6816,4,0,True,66,fresh_execution,valid_sparse_circuit,1223183756,48e84d8c8ec8478ea66e601713784a44c840aedc7b31b3542fe35935b07e11b8,,,locally_single_deletion_minimal_sparse_mask,stage18-scaling-24a9adb84176,2,5,8500,333
True,False,2703,457,s2-step8500-f9of10-d3of4,333,4,3,10000,7297,,10,9,True,0.26595744680851063,94,25,True,valid_distinct_candidate,0.902811496593312,452,6846,5,0,True,65,fresh_execution,valid_sparse_circuit,3010414875,b36f491b1bab552590a52015c435f6547ebc6a168afc2782edaa8959292d2616,,,locally_single_deletion_minimal_sparse_mask,stage18-scaling-24a9adb84176,2,5,8500,333
True,False,2688,457,s2-step8500-f9of10-d3of4,333,4,3,10000,7312,,10,9,True,0.3111111111111111,45,14,True,valid_distinct_candidate,0.9007753152165401,453,6860,6,0,True,64,fresh_execution,valid_sparse_circuit,4056280288,f1c5ece0f8175ad58b54832835ffd9c1c751bd17637961422a11a8f7a3f4d2c5,,,locally_single_deletion_minimal_sparse_mask,stage18-scaling-24a9adb84176,2,5,8500,333
False,True,0,375,s2-step8500-f9of10-d3of4,333,4,3,5997,5997,,10,9,False,0.22839506172839505,162,37,True,budget_exhaustion,0.9997650559949879,375,5623,7,0,True,142,fresh_execution,budget_exhaustion,1346571272,50430c0879a0bfdae8727959dcb784cfa36b246055769dd8e2ae4d34583d50cb,,,budget_exhausted_inside_candidate_batch,stage18-scaling-24a9adb84176,2,5,8500,333
True,False,2749,454,s2-step8500-f19of20-d1of4,334,4,1,10000,7251,,20,19,True,0.0,1,0,True,valid_distinct_candidate,0.9530895136659097,450,6802,1,0,True,67,fresh_execution,valid_sparse_circuit,,,,,locally_single_deletion_minimal_sparse_mask,stage18-scaling-24a9adb84176,2,5,8500,334
True,False,2853,447,s2-step8500-f19of20-d1of4,334,4,1,10000,7147,,20,19,True,0.136,125,17,True,valid_distinct_candidate,0.9535594016759339,442,6706,2,0,True,75,fresh_execution,valid_sparse_circuit,2598568751,9ae3032fa36fc0557379b5b4b9a7fc7d29b0e40b6c452b5d219e80f392bb36d5,,,locally_single_deletion_minimal_sparse_mask,stage18-scaling-24a9adb84176,2,5,8500,334
True,False,2779,452,s2-step8500-f19of20-d1of4,334,4,1,10000,7221,,20,19,True,0.1623931623931624,117,19,True,valid_distinct_candidate,0.9523063669825358,448,6774,3,0,True,69,fresh_execution,valid_sparse_circuit,3246884845,c18787ed00c9f9677c8c22a1fae1e494b311f4c315345a3d780d801bea18d1f4,,,locally_single_deletion_minimal_sparse_mask,stage18-scaling-24a9adb84176,2,5,8500,334
False,False,2838,448,s2-step8500-f19of20-d1of4,334,4,1,10000,7162,,20,19,True,0.2702702702702703,37,10,True,distinctness_failure,0.9500352416007518,443,6720,4,0,True,74,fresh_execution,valid_sparse_circuit,1223183756,48e84d8c8ec8478ea66e601713784a44c840aedc7b31b3542fe35935b07e11b8,,,locally_single_deletion_minimal_sparse_mask,stage18-scaling-24a9adb84176,2,5,8500,334
False,True,0,178,s2-step8500-f19of20-d1of4,334,4,1,2838,2838,,20,19,False,0.12777777777777777,180,23,False,budget_exhaustion,1.0,178,2661,4,1,True,339,fresh_execution,budget_exhaustion,2739839340,a34ea16c67e1288bb7473b30758f3d4da5ebcecd8142ffa5a43db8a0731537fa,,,budget_exhausted_inside_candidate_batch,stage18-scaling-24a9adb84176,2,5,8500,334
True,False,2749,454,s2-step8500-f19of20-d1of2,335,2,1,10000,7251,,20,19,True,0.0,1,0,True,valid_distinct_candidate,0.9530895136659097,450,6802,1,0,True,67,fresh_execution,valid_sparse_circuit,,,,,locally_single_deletion_minimal_sparse_mask,stage18-scaling-24a9adb84176,2,5,8500,335
True,False,2853,447,s2-step8500-f19of20-d1of2,335,2,1,10000,7147,,20,19,True,0.136,125,17,True,valid_distinct_candidate,0.9535594016759339,442,6706,2,0,True,75,fresh_execution,valid_sparse_circuit,2598568751,9ae3032fa36fc0557379b5b4b9a7fc7d29b0e40b6c452b5d219e80f392bb36d5,,,locally_single_deletion_minimal_sparse_mask,stage18-scaling-24a9adb84176,2,5,8500,335
True,False,2779,452,s2-step8500-f19of20-d1of2,335,2,1,10000,7221,,20,19,True,0.1623931623931624,117,19,True,valid_distinct_candidate,0.9523063669825358,448,6774,3,0,True,69,fresh_execution,valid_sparse_circuit,3246884845,c18787ed00c9f9677c8c22a1fae1e494b311f4c315345a3d780d801bea18d1f4,,,locally_single_deletion_minimal_sparse_mask,stage18-scaling-24a9adb84176,2,5,8500,335
True,False,2838,448,s2-step8500-f19of20-d1of2,335,2,1,10000,7162,,20,19,True,0.2702702702702703,37,10,True,valid_distinct_candidate,0.9500352416007518,443,6720,4,0,True,74,fresh_execution,valid_sparse_circuit,1223183756,48e84d8c8ec8478ea66e601713784a44c840aedc7b31b3542fe35935b07e11b8,,,locally_single_deletion_minimal_sparse_mask,stage18-scaling-24a9adb84176,2,5,8500,335
True,False,2839,448,s2-step8500-f19of20-d1of2,335,2,1,10000,7161,,20,19,True,0.19658119658119658,117,23,True,valid_distinct_candidate,0.9507400736157883,444,6718,5,0,True,73,fresh_execution,valid_sparse_circuit,3010414875,b36f491b1bab552590a52015c435f6547ebc6a168afc2782edaa8959292d2616,,,locally_single_deletion_minimal_sparse_mask,stage18-scaling-24a9adb84176,2,5,8500,335
True,False,2777,452,s2-step8500-f19of20-d1of2,335,2,1,10000,7223,,20,19,True,0.38,50,19,True,valid_distinct_candidate,0.9532461430025844,446,6778,6,0,True,71,fresh_execution,valid_sparse_circuit,4056280288,f1c5ece0f8175ad58b54832835ffd9c1c751bd17637961422a11a8f7a3f4d2c5,,,locally_single_deletion_minimal_sparse_mask,stage18-scaling-24a9adb84176,2,5,8500,335
False,True,0,428,s2-step8500-f19of20-d1of2,335,2,1,6835,6835,,20,19,False,0.2892561983471074,121,35,True,budget_exhaustion,0.9803430182473177,428,6408,7,0,True,89,fresh_execution,budget_exhaustion,1346571272,50430c0879a0bfdae8727959dcb784cfa36b246055769dd8e2ae4d34583d50cb,,,budget_exhausted_inside_candidate_batch,stage18-scaling-24a9adb84176,2,5,8500,335
True,False,2749,454,s2-step8500-f19of20-d3of4,336,4,3,10000,7251,,20,19,True,0.0,1,0,True,valid_distinct_candidate,0.9530895136659097,450,6802,1,0,True,67,fresh_execution,valid_sparse_circuit,,,,,locally_single_deletion_minimal_sparse_mask,stage18-scaling-24a9adb84176,2,5,8500,336
True,False,2853,447,s2-step8500-f19of20-d3of4,336,4,3,10000,7147,,20,19,True,0.136,125,17,True,valid_distinct_candidate,0.9535594016759339,442,6706,2,0,True,75,fresh_execution,valid_sparse_circuit,2598568751,9ae3032fa36fc0557379b5b4b9a7fc7d29b0e40b6c452b5d219e80f392bb36d5,,,locally_single_deletion_minimal_sparse_mask,stage18-scaling-24a9adb84176,2,5,8500,336
True,False,2779,452,s2-step8500-f19of20-d3of4,336,4,3,10000,7221,,20,19,True,0.1623931623931624,117,19,True,valid_distinct_candidate,0.9523063669825358,448,6774,3,0,True,69,fresh_execution,valid_sparse_circuit,3246884845,c18787ed00c9f9677c8c22a1fae1e494b311f4c315345a3d780d801bea18d1f4,,,locally_single_deletion_minimal_sparse_mask,stage18-scaling-24a9adb84176,2,5,8500,336
True,False,2838,448,s2-step8500-f19of20-d3of4,336,4,3,10000,7162,,20,19,True,0.2702702702702703,37,10,True,valid_distinct_candidate,0.9500352416007518,443,6720,4,0,True,74,fresh_execution,valid_sparse_circuit,1223183756,48e84d8c8ec8478ea66e601713784a44c840aedc7b31b3542fe35935b07e11b8,,,locally_single_deletion_minimal_sparse_mask,stage18-scaling-24a9adb84176,2,5,8500,336
True,False,2839,448,s2-step8500-f19of20-d3of4,336,4,3,10000,7161,,20,19,True,0.19658119658119658,117,23,True,valid_distinct_candidate,0.9507400736157883,444,6718,5,0,True,73,fresh_execution,valid_sparse_circuit,3010414875,b36f491b1bab552590a52015c435f6547ebc6a168afc2782edaa8959292d2616,,,locally_single_deletion_minimal_sparse_mask,stage18-scaling-24a9adb84176,2,5,8500,336
True,False,2777,452,s2-step8500-f19of20-d3of4,336,4,3,10000,7223,,20,19,True,0.38,50,19,True,valid_distinct_candidate,0.9532461430025844,446,6778,6,0,True,71,fresh_execution,valid_sparse_circuit,4056280288,f1c5ece0f8175ad58b54832835ffd9c1c751bd17637961422a11a8f7a3f4d2c5,,,locally_single_deletion_minimal_sparse_mask,stage18-scaling-24a9adb84176,2,5,8500,336
False,True,0,428,s2-step8500-f19of20-d3of4,336,4,3,6835,6835,,20,19,False,0.2892561983471074,121,35,True,budget_exhaustion,0.9803430182473177,428,6408,7,0,True,89,fresh_execution,budget_exhaustion,1346571272,50430c0879a0bfdae8727959dcb784cfa36b246055769dd8e2ae4d34583d50cb,,,budget_exhausted_inside_candidate_batch,stage18-scaling-24a9adb84176,2,5,8500,336
True,False,2883,445,s2-step8500-f39of40-d1of4,337,4,1,10000,7117,,40,39,True,0.0,1,0,True,valid_distinct_candidate,0.975644138147075,440,6678,1,0,True,77,fresh_execution,valid_sparse_circuit,,,,,locally_single_deletion_minimal_sparse_mask,stage18-scaling-24a9adb84176,2,5,8500,337
True,False,3004,438,s2-step8500-f39of40-d1of4,337,4,1,10000,6996,,40,39,True,0.10273972602739725,146,15,True,valid_distinct_candidate,0.9770538021771478,433,6564,2,0,True,84,fresh_execution,valid_sparse_circuit,2598568751,9ae3032fa36fc0557379b5b4b9a7fc7d29b0e40b6c452b5d219e80f392bb36d5,,,locally_single_deletion_minimal_sparse_mask,stage18-scaling-24a9adb84176,2,5,8500,337
True,False,3124,430,s2-step8500-f39of40-d1of4,337,4,1,10000,6876,,40,39,True,0.1342281879194631,149,20,True,valid_distinct_candidate,0.9769754875088104,425,6452,3,0,True,92,fresh_execution,valid_sparse_circuit,3246884845,c18787ed00c9f9677c8c22a1fae1e494b311f4c315345a3d780d801bea18d1f4,,,locally_single_deletion_minimal_sparse_mask,stage18-scaling-24a9adb84176,2,5,8500,337
False,False,3033,436,s2-step8500-f39of40-d1of4,337,4,1,10000,6967,,40,39,True,0.29133858267716534,127,37,True,distinctness_failure,0.9751742501370507,430,6538,4,0,True,87,fresh_execution,valid_sparse_circuit,1223183756,48e84d8c8ec8478ea66e601713784a44c840aedc7b31b3542fe35935b07e11b8,,,locally_single_deletion_minimal_sparse_mask,stage18-scaling-24a9adb84176,2,5,8500,337
False,True,0,190,s2-step8500-f39of40-d1of4,337,4,1,3033,3033,,40,39,False,0.150997150997151,351,53,False,budget_exhaustion,0.9999216853316626,190,2844,4,1,True,327,fresh_execution,budget_exhaustion,2739839340,a34ea16c67e1288bb7473b30758f3d4da5ebcecd8142ffa5a43db8a0731537fa,,,budget_exhausted_inside_candidate_batch,stage18-scaling-24a9adb84176,2,5,8500,337
True,False,2883,445,s2-step8500-f39of40-d1of2,338,2,1,10000,7117,,40,39,True,0.0,1,0,True,valid_distinct_candidate,0.975644138147075,440,6678,1,0,True,77,fresh_execution,valid_sparse_circuit,,,,,locally_single_deletion_minimal_sparse_mask,stage18-scaling-24a9adb84176,2,5,8500,338
True,False,3004,438,s2-step8500-f39of40-d1of2,338,2,1,10000,6996,,40,39,True,0.10273972602739725,146,15,True,valid_distinct_candidate,0.9770538021771478,433,6564,2,0,True,84,fresh_execution,valid_sparse_circuit,2598568751,9ae3032fa36fc0557379b5b4b9a7fc7d29b0e40b6c452b5d219e80f392bb36d5,,,locally_single_deletion_minimal_sparse_mask,stage18-scaling-24a9adb84176,2,5,8500,338
True,False,3124,430,s2-step8500-f39of40-d1of2,338,2,1,10000,6876,,40,39,True,0.1342281879194631,149,20,True,valid_distinct_candidate,0.9769754875088104,425,6452,3,0,True,92,fresh_execution,valid_sparse_circuit,3246884845,c18787ed00c9f9677c8c22a1fae1e494b311f4c315345a3d780d801bea18d1f4,,,locally_single_deletion_minimal_sparse_mask,stage18-scaling-24a9adb84176,2,5,8500,338
True,False,3033,436,s2-step8500-f39of40-d1of2,338,2,1,10000,6967,,40,39,True,0.29133858267716534,127,37,True,valid_distinct_candidate,0.9751742501370507,430,6538,4,0,True,87,fresh_execution,valid_sparse_circuit,1223183756,48e84d8c8ec8478ea66e601713784a44c840aedc7b31b3542fe35935b07e11b8,,,locally_single_deletion_minimal_sparse_mask,stage18-scaling-24a9adb84176,2,5,8500,338
True,False,2989,439,s2-step8500-f39of40-d1of2,338,2,1,10000,7011,,40,39,True,0.2698412698412698,63,17,True,valid_distinct_candidate,0.9751742501370507,434,6578,5,0,True,83,fresh_execution,valid_sparse_circuit,3010414875,b36f491b1bab552590a52015c435f6547ebc6a168afc2782edaa8959292d2616,,,locally_single_deletion_minimal_sparse_mask,stage18-scaling-24a9adb84176,2,5,8500,338
True,False,2959,441,s2-step8500-f39of40-d1of2,338,2,1,10000,7041,,40,39,True,0.29508196721311475,61,18,True,valid_distinct_candidate,0.9761923408254366,436,6606,6,0,True,81,fresh_execution,valid_sparse_circuit,4056280288,f1c5ece0f8175ad58b54832835ffd9c1c751bd17637961422a11a8f7a3f4d2c5,,,locally_single_deletion_minimal_sparse_mask,stage18-scaling-24a9adb84176,2,5,8500,338
True,False,906,443,s2-step8500-f39of40-d1of2,338,2,1,7992,7086,,40,39,True,0.2916666666666667,24,7,True,valid_distinct_candidate,0.9754091941420628,439,6648,7,0,True,78,fresh_execution,valid_sparse_circuit,1346571272,50430c0879a0bfdae8727959dcb784cfa36b246055769dd8e2ae4d34583d50cb,,,locally_single_deletion_minimal_sparse_mask,stage18-scaling-24a9adb84176,2,5,8500,338
False,True,0,57,s2-step8500-f39of40-d1of2,338,2,1,906,906,,40,39,False,0.17130620985010706,467,80,False,budget_exhaustion,1.0,57,850,8,0,True,460,fresh_execution,budget_exhaustion,3936720408,eaa596181eefa9b1231771fbe2eb1a1d288bd8986d6a127432d886e634ca73b3,,,budget_exhausted_inside_candidate_batch,stage18-scaling-24a9adb84176,2,5,8500,338
True,False,2883,445,s2-step8500-f39of40-d3of4,339,4,3,10000,7117,,40,39,True,0.0,1,0,True,valid_distinct_candidate,0.975644138147075,440,6678,1,0,True,77,fresh_execution,valid_sparse_circuit,,,,,locally_single_deletion_minimal_sparse_mask,stage18-scaling-24a9adb84176,2,5,8500,339
True,False,3004,438,s2-step8500-f39of40-d3of4,339,4,3,10000,6996,,40,39,True,0.10273972602739725,146,15,True,valid_distinct_candidate,0.9770538021771478,433,6564,2,0,True,84,fresh_execution,valid_sparse_circuit,2598568751,9ae3032fa36fc0557379b5b4b9a7fc7d29b0e40b6c452b5d219e80f392bb36d5,,,locally_single_deletion_minimal_sparse_mask,stage18-scaling-24a9adb84176,2,5,8500,339
True,False,3124,430,s2-step8500-f39of40-d3of4,339,4,3,10000,6876,,40,39,True,0.1342281879194631,149,20,True,valid_distinct_candidate,0.9769754875088104,425,6452,3,0,True,92,fresh_execution,valid_sparse_circuit,3246884845,c18787ed00c9f9677c8c22a1fae1e494b311f4c315345a3d780d801bea18d1f4,,,locally_single_deletion_minimal_sparse_mask,stage18-scaling-24a9adb84176,2,5,8500,339
True,False,3033,436,s2-step8500-f39of40-d3of4,339,4,3,10000,6967,,40,39,True,0.29133858267716534,127,37,True,valid_distinct_candidate,0.9751742501370507,430,6538,4,0,True,87,fresh_execution,valid_sparse_circuit,1223183756,48e84d8c8ec8478ea66e601713784a44c840aedc7b31b3542fe35935b07e11b8,,,locally_single_deletion_minimal_sparse_mask,stage18-scaling-24a9adb84176,2,5,8500,339
True,False,2989,439,s2-step8500-f39of40-d3of4,339,4,3,10000,7011,,40,39,True,0.2698412698412698,63,17,True,valid_distinct_candidate,0.9751742501370507,434,6578,5,0,True,83,fresh_execution,valid_sparse_circuit,3010414875,b36f491b1bab552590a52015c435f6547ebc6a168afc2782edaa8959292d2616,,,locally_single_deletion_minimal_sparse_mask,stage18-scaling-24a9adb84176,2,5,8500,339
True,False,2959,441,s2-step8500-f39of40-d3of4,339,4,3,10000,7041,,40,39,True,0.29508196721311475,61,18,True,valid_distinct_candidate,0.9761923408254366,436,6606,6,0,True,81,fresh_execution,valid_sparse_circuit,4056280288,f1c5ece0f8175ad58b54832835ffd9c1c751bd17637961422a11a8f7a3f4d2c5,,,locally_single_deletion_minimal_sparse_mask,stage18-scaling-24a9adb84176,2,5,8500,339
True,False,906,443,s2-step8500-f39of40-d3of4,339,4,3,7992,7086,,40,39,True,0.2916666666666667,24,7,True,valid_distinct_candidate,0.9754091941420628,439,6648,7,0,True,78,fresh_execution,valid_sparse_circuit,1346571272,50430c0879a0bfdae8727959dcb784cfa36b246055769dd8e2ae4d34583d50cb,,,locally_single_deletion_minimal_sparse_mask,stage18-scaling-24a9adb84176,2,5,8500,339
False,True,0,57,s2-step8500-f39of40-d3of4,339,4,3,906,906,,40,39,False,0.17130620985010706,467,80,False,budget_exhaustion,1.0,57,850,8,0,True,460,fresh_execution,budget_exhaustion,3936720408,eaa596181eefa9b1231771fbe2eb1a1d288bd8986d6a127432d886e634ca73b3,,,budget_exhausted_inside_candidate_batch,stage18-scaling-24a9adb84176,2,5,8500,339
True,False,3033,436,s2-step8500-f99of100-d1of4,340,4,1,10000,6967,,100,99,True,0.0,1,0,True,valid_distinct_candidate,0.9901323517894902,430,6538,1,0,True,87,fresh_execution,valid_sparse_circuit,,,,,locally_single_deletion_minimal_sparse_mask,stage18-scaling-24a9adb84176,2,5,8500,340
True,False,3319,418,s2-step8500-f99of100-d1of4,340,4,1,10000,6681,,100,99,True,0.054945054945054944,91,5,True,valid_distinct_candidate,0.9902106664578275,412,6270,2,0,True,105,fresh_execution,valid_sparse_circuit,2598568751,9ae3032fa36fc0557379b5b4b9a7fc7d29b0e40b6c452b5d219e80f392bb36d5,,,locally_single_deletion_minimal_sparse_mask,stage18-scaling-24a9adb84176,2,5,8500,340
True,False,3198,426,s2-step8500-f99of100-d1of4,340,4,1,10000,6802,,100,99,True,0.1419753086419753,162,23,True,valid_distinct_candidate,0.9900540371211528,419,6384,3,0,True,98,fresh_execution,valid_sparse_circuit,3246884845,c18787ed00c9f9677c8c22a1fae1e494b311f4c315345a3d780d801bea18d1f4,,,locally_single_deletion_minimal_sparse_mask,stage18-scaling-24a9adb84176,2,5,8500,340
False,False,3274,421,s2-step8500-f99of100-d1of4,340,4,1,10000,6726,,100,99,True,0.30344827586206896,145,44,True,distinctness_failure,0.9902889811261649,415,6312,4,0,True,102,fresh_execution,valid_sparse_circuit,1223183756,48e84d8c8ec8478ea66e601713784a44c840aedc7b31b3542fe35935b07e11b8,,,locally_single_deletion_minimal_sparse_mask,stage18-scaling-24a9adb84176,2,5,8500,340
False,True,0,205,s2-step8500-f99of100-d1of4,340,4,1,3274,3274,,100,99,False,0.17352941176470588,340,59,False,budget_exhaustion,1.0,205,3070,4,1,True,312,fresh_execution,budget_exhaustion,2739839340,a34ea16c67e1288bb7473b30758f3d4da5ebcecd8142ffa5a43db8a0731537fa,,,budget_exhausted_inside_candidate_batch,stage18-scaling-24a9adb84176,2,5,8500,340
True,False,3033,436,s2-step8500-f99of100-d1of2,341,2,1,10000,6967,,100,99,True,0.0,1,0,True,valid_distinct_candidate,0.9901323517894902,430,6538,1,0,True,87,fresh_execution,valid_sparse_circuit,,,,,locally_single_deletion_minimal_sparse_mask,stage18-scaling-24a9adb84176,2,5,8500,341
True,False,3319,418,s2-step8500-f99of100-d1of2,341,2,1,10000,6681,,100,99,True,0.054945054945054944,91,5,True,valid_distinct_candidate,0.9902106664578275,412,6270,2,0,True,105,fresh_execution,valid_sparse_circuit,2598568751,9ae3032fa36fc0557379b5b4b9a7fc7d29b0e40b6c452b5d219e80f392bb36d5,,,locally_single_deletion_minimal_sparse_mask,stage18-scaling-24a9adb84176,2,5,8500,341
True,False,3198,426,s2-step8500-f99of100-d1of2,341,2,1,10000,6802,,100,99,True,0.1419753086419753,162,23,True,valid_distinct_candidate,0.9900540371211528,419,6384,3,0,True,98,fresh_execution,valid_sparse_circuit,3246884845,c18787ed00c9f9677c8c22a1fae1e494b311f4c315345a3d780d801bea18d1f4,,,locally_single_deletion_minimal_sparse_mask,stage18-scaling-24a9adb84176,2,5,8500,341
True,False,3274,421,s2-step8500-f99of100-d1of2,341,2,1,10000,6726,,100,99,True,0.30344827586206896,145,44,True,valid_distinct_candidate,0.9902889811261649,415,6312,4,0,True,102,fresh_execution,valid_sparse_circuit,1223183756,48e84d8c8ec8478ea66e601713784a44c840aedc7b31b3542fe35935b07e11b8,,,locally_single_deletion_minimal_sparse_mask,stage18-scaling-24a9adb84176,2,5,8500,341
True,False,3017,437,s2-step8500-f99of100-d1of2,341,2,1,10000,6983,,100,99,True,0.3384615384615385,65,22,True,valid_distinct_candidate,0.9901323517894902,430,6554,5,0,True,87,fresh_execution,valid_sparse_circuit,3010414875,b36f491b1bab552590a52015c435f6547ebc6a168afc2782edaa8959292d2616,,,locally_single_deletion_minimal_sparse_mask,stage18-scaling-24a9adb84176,2,5,8500,341
True,False,3349,416,s2-step8500-f99of100-d1of2,341,2,1,10000,6651,,100,99,True,0.2356687898089172,157,37,True,valid_distinct_candidate,0.9901323517894902,410,6242,6,0,True,107,fresh_execution,valid_sparse_circuit,4056280288,f1c5ece0f8175ad58b54832835ffd9c1c751bd17637961422a11a8f7a3f4d2c5,,,locally_single_deletion_minimal_sparse_mask,stage18-scaling-24a9adb84176,2,5,8500,341
True,False,2479,420,s2-step8500-f99of100-d1of2,341,2,1,9190,6711,,100,99,True,0.2751677852348993,149,41,True,valid_distinct_candidate,0.9900540371211528,414,6298,7,0,True,103,fresh_execution,valid_sparse_circuit,1346571272,50430c0879a0bfdae8727959dcb784cfa36b246055769dd8e2ae4d34583d50cb,,,locally_single_deletion_minimal_sparse_mask,stage18-scaling-24a9adb84176,2,5,8500,341
False,True,0,155,s2-step8500-f99of100-d1of2,341,2,1,2479,2479,,100,99,False,0.1867007672634271,391,73,False,budget_exhaustion,1.0,155,2325,8,0,True,362,fresh_execution,budget_exhaustion,3936720408,eaa596181eefa9b1231771fbe2eb1a1d288bd8986d6a127432d886e634ca73b3,,,budget_exhausted_inside_candidate_batch,stage18-scaling-24a9adb84176,2,5,8500,341
True,False,3033,436,s2-step8500-f99of100-d3of4,342,4,3,10000,6967,,100,99,True,0.0,1,0,True,valid_distinct_candidate,0.9901323517894902,430,6538,1,0,True,87,fresh_execution,valid_sparse_circuit,,,,,locally_single_deletion_minimal_sparse_mask,stage18-scaling-24a9adb84176,2,5,8500,342
True,False,3319,418,s2-step8500-f99of100-d3of4,342,4,3,10000,6681,,100,99,True,0.054945054945054944,91,5,True,valid_distinct_candidate,0.9902106664578275,412,6270,2,0,True,105,fresh_execution,valid_sparse_circuit,2598568751,9ae3032fa36fc0557379b5b4b9a7fc7d29b0e40b6c452b5d219e80f392bb36d5,,,locally_single_deletion_minimal_sparse_mask,stage18-scaling-24a9adb84176,2,5,8500,342
True,False,3198,426,s2-step8500-f99of100-d3of4,342,4,3,10000,6802,,100,99,True,0.1419753086419753,162,23,True,valid_distinct_candidate,0.9900540371211528,419,6384,3,0,True,98,fresh_execution,valid_sparse_circuit,3246884845,c18787ed00c9f9677c8c22a1fae1e494b311f4c315345a3d780d801bea18d1f4,,,locally_single_deletion_minimal_sparse_mask,stage18-scaling-24a9adb84176,2,5,8500,342
True,False,3274,421,s2-step8500-f99of100-d3of4,342,4,3,10000,6726,,100,99,True,0.30344827586206896,145,44,True,valid_distinct_candidate,0.9902889811261649,415,6312,4,0,True,102,fresh_execution,valid_sparse_circuit,1223183756,48e84d8c8ec8478ea66e601713784a44c840aedc7b31b3542fe35935b07e11b8,,,locally_single_deletion_minimal_sparse_mask,stage18-scaling-24a9adb84176,2,5,8500,342
True,False,3017,437,s2-step8500-f99of100-d3of4,342,4,3,10000,6983,,100,99,True,0.3384615384615385,65,22,True,valid_distinct_candidate,0.9901323517894902,430,6554,5,0,True,87,fresh_execution,valid_sparse_circuit,3010414875,b36f491b1bab552590a52015c435f6547ebc6a168afc2782edaa8959292d2616,,,locally_single_deletion_minimal_sparse_mask,stage18-scaling-24a9adb84176,2,5,8500,342
True,False,3349,416,s2-step8500-f99of100-d3of4,342,4,3,10000,6651,,100,99,True,0.2356687898089172,157,37,True,valid_distinct_candidate,0.9901323517894902,410,6242,6,0,True,107,fresh_execution,valid_sparse_circuit,4056280288,f1c5ece0f8175ad58b54832835ffd9c1c751bd17637961422a11a8f7a3f4d2c5,,,locally_single_deletion_minimal_sparse_mask,stage18-scaling-24a9adb84176,2,5,8500,342
True,False,2479,420,s2-step8500-f99of100-d3of4,342,4,3,9190,6711,,100,99,True,0.2751677852348993,149,41,True,valid_distinct_candidate,0.9900540371211528,414,6298,7,0,True,103,fresh_execution,valid_sparse_circuit,1346571272,50430c0879a0bfdae8727959dcb784cfa36b246055769dd8e2ae4d34583d50cb,,,locally_single_deletion_minimal_sparse_mask,stage18-scaling-24a9adb84176,2,5,8500,342
False,True,0,155,s2-step8500-f99of100-d3of4,342,4,3,2479,2479,,100,99,False,0.1867007672634271,391,73,False,budget_exhaustion,1.0,155,2325,8,0,True,362,fresh_execution,budget_exhaustion,3936720408,eaa596181eefa9b1231771fbe2eb1a1d288bd8986d6a127432d886e634ca73b3,,,budget_exhausted_inside_candidate_batch,stage18-scaling-24a9adb84176,2,5,8500,342
True,False,2494,470,s2-step8650-f4of5-d1of4,343,4,1,10000,7506,,5,4,True,0.0,1,0,True,valid_distinct_candidate,0.814315921372073,467,7040,1,0,True,50,fresh_execution,valid_sparse_circuit,,,,,locally_single_deletion_minimal_sparse_mask,stage18-scaling-24a9adb84176,2,6,8650,343
True,False,2524,468,s2-step8650-f4of5-d1of4,343,4,1,10000,7476,,5,4,True,0.21428571428571427,14,3,True,valid_distinct_candidate,0.8023337771164539,465,7012,2,0,True,52,fresh_execution,valid_sparse_circuit,3717698897,dd9795513b254fac0e3d06174a60a3aa248a11748b4bd834e732e676151ac3d4,,,locally_single_deletion_minimal_sparse_mask,stage18-scaling-24a9adb84176,2,6,8650,343
False,False,2509,469,s2-step8650-f4of5-d1of4,343,4,1,10000,7491,,5,4,True,0.2625,80,21,True,distinctness_failure,0.8054663638499491,466,7026,3,0,True,51,fresh_execution,valid_sparse_circuit,907835514,361c787a91340878c38e6c265eafe47e903ac34ab6bbbbc3f76097f17aae9e30,,,locally_single_deletion_minimal_sparse_mask,stage18-scaling-24a9adb84176,2,6,8650,343
False,True,0,157,s2-step8650-f4of5-d1of4,343,4,1,2509,2509,,5,4,False,0.09333333333333334,75,7,False,budget_exhaustion,1.0,157,2353,3,1,True,360,fresh_execution,budget_exhaustion,838011611,31f30adb4b17213d3e5cf612337b1e8800613f77437e24b928ebfc8548b8668f,,,budget_exhausted_inside_candidate_batch,stage18-scaling-24a9adb84176,2,6,8650,343
True,False,2494,470,s2-step8650-f4of5-d1of2,344,2,1,10000,7506,,5,4,True,0.0,1,0,True,valid_distinct_candidate,0.814315921372073,467,7040,1,0,True,50,fresh_execution,valid_sparse_circuit,,,,,locally_single_deletion_minimal_sparse_mask,stage18-scaling-24a9adb84176,2,6,8650,344
True,False,2524,468,s2-step8650-f4of5-d1of2,344,2,1,10000,7476,,5,4,True,0.21428571428571427,14,3,True,valid_distinct_candidate,0.8023337771164539,465,7012,2,0,True,52,fresh_execution,valid_sparse_circuit,3717698897,dd9795513b254fac0e3d06174a60a3aa248a11748b4bd834e732e676151ac3d4,,,locally_single_deletion_minimal_sparse_mask,stage18-scaling-24a9adb84176,2,6,8650,344
True,False,2509,469,s2-step8650-f4of5-d1of2,344,2,1,10000,7491,,5,4,True,0.2625,80,21,True,valid_distinct_candidate,0.8054663638499491,466,7026,3,0,True,51,fresh_execution,valid_sparse_circuit,907835514,361c787a91340878c38e6c265eafe47e903ac34ab6bbbbc3f76097f17aae9e30,,,locally_single_deletion_minimal_sparse_mask,stage18-scaling-24a9adb84176,2,6,8650,344
True,False,2479,471,s2-step8650-f4of5-d1of2,344,2,1,10000,7521,,5,4,True,0.2375,80,19,True,valid_distinct_candidate,0.8057796225232986,468,7054,4,0,True,49,fresh_execution,valid_sparse_circuit,1004076382,3bd8fd5eae21bc672fc7d178a5d63e25207aba16dcb555a2b4bbaf244d236c16,,,locally_single_deletion_minimal_sparse_mask,stage18-scaling-24a9adb84176,2,6,8650,344
True,False,2477,471,s2-step8650-f4of5-d1of2,344,2,1,10000,7523,,5,4,True,0.2948717948717949,78,23,True,valid_distinct_candidate,0.8027253504581409,466,7058,5,0,True,51,fresh_execution,valid_sparse_circuit,1358000103,50f16fe7e30d504c672912e8d9a42fa60b8d10d503ec7f089adf3e3588d72c01,,,locally_single_deletion_minimal_sparse_mask,stage18-scaling-24a9adb84176,2,6,8650,344
True,False,2449,472,s2-step8650-f4of5-d1of2,344,2,1,10000,7551,,5,4,True,0.29333333333333333,75,22,True,valid_distinct_candidate,0.8092254679301433,470,7082,6,0,True,47,fresh_execution,valid_sparse_circuit,2194679225,82d025b9662a2e0e19582b17efb04a1ef5ec3baa0d58d48fbd4228b6caf6a38b,,,locally_single_deletion_minimal_sparse_mask,stage18-scaling-24a9adb84176,2,6,8650,344
False,True,0,309,s2-step8650-f4of5-d1of2,344,2,1,4932,4932,,5,4,False,0.15178571428571427,112,17,True,budget_exhaustion,1.0,309,4624,7,0,True,208,fresh_execution,budget_exhaustion,3194460379,be6798dbfd7b6305dd893a19af095b1dd9e148258b02e0d9cc82c110786ee584,,,budget_exhausted_inside_candidate_batch,stage18-scaling-24a9adb84176,2,6,8650,344
True,False,2494,470,s2-step8650-f4of5-d3of4,345,4,3,10000,7506,,5,4,True,0.0,1,0,True,valid_distinct_candidate,0.814315921372073,467,7040,1,0,True,50,fresh_execution,valid_sparse_circuit,,,,,locally_single_deletion_minimal_sparse_mask,stage18-scaling-24a9adb84176,2,6,8650,345
True,False,2524,468,s2-step8650-f4of5-d3of4,345,4,3,10000,7476,,5,4,True,0.21428571428571427,14,3,True,valid_distinct_candidate,0.8023337771164539,465,7012,2,0,True,52,fresh_execution,valid_sparse_circuit,3717698897,dd9795513b254fac0e3d06174a60a3aa248a11748b4bd834e732e676151ac3d4,,,locally_single_deletion_minimal_sparse_mask,stage18-scaling-24a9adb84176,2,6,8650,345
True,False,2509,469,s2-step8650-f4of5-d3of4,345,4,3,10000,7491,,5,4,True,0.2625,80,21,True,valid_distinct_candidate,0.8054663638499491,466,7026,3,0,True,51,fresh_execution,valid_sparse_circuit,907835514,361c787a91340878c38e6c265eafe47e903ac34ab6bbbbc3f76097f17aae9e30,,,locally_single_deletion_minimal_sparse_mask,stage18-scaling-24a9adb84176,2,6,8650,345
True,False,2479,471,s2-step8650-f4of5-d3of4,345,4,3,10000,7521,,5,4,True,0.2375,80,19,True,valid_distinct_candidate,0.8057796225232986,468,7054,4,0,True,49,fresh_execution,valid_sparse_circuit,1004076382,3bd8fd5eae21bc672fc7d178a5d63e25207aba16dcb555a2b4bbaf244d236c16,,,locally_single_deletion_minimal_sparse_mask,stage18-scaling-24a9adb84176,2,6,8650,345
True,False,2477,471,s2-step8650-f4of5-d3of4,345,4,3,10000,7523,,5,4,True,0.2948717948717949,78,23,True,valid_distinct_candidate,0.8027253504581409,466,7058,5,0,True,51,fresh_execution,valid_sparse_circuit,1358000103,50f16fe7e30d504c672912e8d9a42fa60b8d10d503ec7f089adf3e3588d72c01,,,locally_single_deletion_minimal_sparse_mask,stage18-scaling-24a9adb84176,2,6,8650,345
True,False,2449,472,s2-step8650-f4of5-d3of4,345,4,3,10000,7551,,5,4,True,0.29333333333333333,75,22,True,valid_distinct_candidate,0.8092254679301433,470,7082,6,0,True,47,fresh_execution,valid_sparse_circuit,2194679225,82d025b9662a2e0e19582b17efb04a1ef5ec3baa0d58d48fbd4228b6caf6a38b,,,locally_single_deletion_minimal_sparse_mask,stage18-scaling-24a9adb84176,2,6,8650,345
False,True,0,309,s2-step8650-f4of5-d3of4,345,4,3,4932,4932,,5,4,False,0.15178571428571427,112,17,True,budget_exhaustion,1.0,309,4624,7,0,True,208,fresh_execution,budget_exhaustion,3194460379,be6798dbfd7b6305dd893a19af095b1dd9e148258b02e0d9cc82c110786ee584,,,budget_exhausted_inside_candidate_batch,stage18-scaling-24a9adb84176,2,6,8650,345
True,False,2554,466,s2-step8650-f17of20-d1of4,346,4,1,10000,7446,,20,17,True,0.0,1,0,True,valid_distinct_candidate,0.8622444983945493,463,6984,1,0,True,54,fresh_execution,valid_sparse_circuit,,,,,locally_single_deletion_minimal_sparse_mask,stage18-scaling-24a9adb84176,2,6,8650,346
True,False,2524,468,s2-step8650-f17of20-d1of4,346,4,1,10000,7476,,20,17,True,0.16483516483516483,91,15,True,valid_distinct_candidate,0.8548829195708356,465,7012,2,0,True,52,fresh_execution,valid_sparse_circuit,3717698897,dd9795513b254fac0e3d06174a60a3aa248a11748b4bd834e732e676151ac3d4,,,locally_single_deletion_minimal_sparse_mask,stage18-scaling-24a9adb84176,2,6,8650,346
True,False,2554,466,s2-step8650-f17of20-d1of4,346,4,1,10000,7446,,20,17,True,0.19101123595505617,89,17,True,valid_distinct_candidate,0.856605842274258,463,6984,3,0,True,54,fresh_execution,valid_sparse_circuit,907835514,361c787a91340878c38e6c265eafe47e903ac34ab6bbbbc3f76097f17aae9e30,,,locally_single_deletion_minimal_sparse_mask,stage18-scaling-24a9adb84176,2,6,8650,346
False,False,2539,467,s2-step8650-f17of20-d1of4,346,4,1,10000,7461,,20,17,True,0.25882352941176473,85,22,True,distinctness_failure,0.8579371916359935,464,6998,4,0,True,53,fresh_execution,valid_sparse_circuit,1004076382,3bd8fd5eae21bc672fc7d178a5d63e25207aba16dcb555a2b4bbaf244d236c16,,,locally_single_deletion_minimal_sparse_mask,stage18-scaling-24a9adb84176,2,6,8650,346
False,True,0,159,s2-step8650-f17of20-d1of4,346,4,1,2539,2539,,20,17,False,0.10455764075067024,373,39,False,budget_exhaustion,1.0,159,2381,4,1,True,358,fresh_execution,budget_exhaustion,1580149559,5e2f2b37b4d9d559183f1502670238cf651d110afa97f5d988b88a33037bc3a7,,,budget_exhausted_inside_candidate_batch,stage18-scaling-24a9adb84176,2,6,8650,346
True,False,2554,466,s2-step8650-f17of20-d1of2,347,2,1,10000,7446,,20,17,True,0.0,1,0,True,valid_distinct_candidate,0.8622444983945493,463,6984,1,0,True,54,fresh_execution,valid_sparse_circuit,,,,,locally_single_deletion_minimal_sparse_mask,stage18-scaling-24a9adb84176,2,6,8650,347
True,False,2524,468,s2-step8650-f17of20-d1of2,347,2,1,10000,7476,,20,17,True,0.16483516483516483,91,15,True,valid_distinct_candidate,0.8548829195708356,465,7012,2,0,True,52,fresh_execution,valid_sparse_circuit,3717698897,dd9795513b254fac0e3d06174a60a3aa248a11748b4bd834e732e676151ac3d4,,,locally_single_deletion_minimal_sparse_mask,stage18-scaling-24a9adb84176,2,6,8650,347
True,False,2554,466,s2-step8650-f17of20-d1of2,347,2,1,10000,7446,,20,17,True,0.19101123595505617,89,17,True,valid_distinct_candidate,0.856605842274258,463,6984,3,0,True,54,fresh_execution,valid_sparse_circuit,907835514,361c787a91340878c38e6c265eafe47e903ac34ab6bbbbc3f76097f17aae9e30,,,locally_single_deletion_minimal_sparse_mask,stage18-scaling-24a9adb84176,2,6,8650,347
True,False,2539,467,s2-step8650-f17of20-d1of2,347,2,1,10000,7461,,20,17,True,0.25882352941176473,85,22,True,valid_distinct_candidate,0.8579371916359935,464,6998,4,0,True,53,fresh_execution,valid_sparse_circuit,1004076382,3bd8fd5eae21bc672fc7d178a5d63e25207aba16dcb555a2b4bbaf244d236c16,,,locally_single_deletion_minimal_sparse_mask,stage18-scaling-24a9adb84176,2,6,8650,347
True,False,2554,466,s2-step8650-f17of20-d1of2,347,2,1,10000,7446,,20,17,True,0.27058823529411763,85,23,True,valid_distinct_candidate,0.85206359151069,463,6984,5,0,True,54,fresh_execution,valid_sparse_circuit,1358000103,50f16fe7e30d504c672912e8d9a42fa60b8d10d503ec7f089adf3e3588d72c01,,,locally_single_deletion_minimal_sparse_mask,stage18-scaling-24a9adb84176,2,6,8650,347
True,False,2554,466,s2-step8650-f17of20-d1of2,347,2,1,10000,7446,,20,17,True,0.2558139534883721,43,11,True,valid_distinct_candidate,0.8579371916359935,463,6984,6,0,True,54,fresh_execution,valid_sparse_circuit,2194679225,82d025b9662a2e0e19582b17efb04a1ef5ec3baa0d58d48fbd4228b6caf6a38b,,,locally_single_deletion_minimal_sparse_mask,stage18-scaling-24a9adb84176,2,6,8650,347
False,True,0,330,s2-step8650-f17of20-d1of2,347,2,1,5279,5279,,20,17,False,0.16990291262135923,206,35,True,budget_exhaustion,1.0,330,4950,7,0,True,187,fresh_execution,budget_exhaustion,3194460379,be6798dbfd7b6305dd893a19af095b1dd9e148258b02e0d9cc82c110786ee584,,,budget_exhausted_inside_candidate_batch,stage18-scaling-24a9adb84176,2,6,8650,347
True,False,2554,466,s2-step8650-f17of20-d3of4,348,4,3,10000,7446,,20,17,True,0.0,1,0,True,valid_distinct_candidate,0.8622444983945493,463,6984,1,0,True,54,fresh_execution,valid_sparse_circuit,,,,,locally_single_deletion_minimal_sparse_mask,stage18-scaling-24a9adb84176,2,6,8650,348
True,False,2524,468,s2-step8650-f17of20-d3of4,348,4,3,10000,7476,,20,17,True,0.16483516483516483,91,15,True,valid_distinct_candidate,0.8548829195708356,465,7012,2,0,True,52,fresh_execution,valid_sparse_circuit,3717698897,dd9795513b254fac0e3d06174a60a3aa248a11748b4bd834e732e676151ac3d4,,,locally_single_deletion_minimal_sparse_mask,stage18-scaling-24a9adb84176,2,6,8650,348
True,False,2554,466,s2-step8650-f17of20-d3of4,348,4,3,10000,7446,,20,17,True,0.19101123595505617,89,17,True,valid_distinct_candidate,0.856605842274258,463,6984,3,0,True,54,fresh_execution,valid_sparse_circuit,907835514,361c787a91340878c38e6c265eafe47e903ac34ab6bbbbc3f76097f17aae9e30,,,locally_single_deletion_minimal_sparse_mask,stage18-scaling-24a9adb84176,2,6,8650,348
True,False,2539,467,s2-step8650-f17of20-d3of4,348,4,3,10000,7461,,20,17,True,0.25882352941176473,85,22,True,valid_distinct_candidate,0.8579371916359935,464,6998,4,0,True,53,fresh_execution,valid_sparse_circuit,1004076382,3bd8fd5eae21bc672fc7d178a5d63e25207aba16dcb555a2b4bbaf244d236c16,,,locally_single_deletion_minimal_sparse_mask,stage18-scaling-24a9adb84176,2,6,8650,348
True,False,2554,466,s2-step8650-f17of20-d3of4,348,4,3,10000,7446,,20,17,True,0.27058823529411763,85,23,True,valid_distinct_candidate,0.85206359151069,463,6984,5,0,True,54,fresh_execution,valid_sparse_circuit,1358000103,50f16fe7e30d504c672912e8d9a42fa60b8d10d503ec7f089adf3e3588d72c01,,,locally_single_deletion_minimal_sparse_mask,stage18-scaling-24a9adb84176,2,6,8650,348
True,False,2554,466,s2-step8650-f17of20-d3of4,348,4,3,10000,7446,,20,17,True,0.2558139534883721,43,11,True,valid_distinct_candidate,0.8579371916359935,463,6984,6,0,True,54,fresh_execution,valid_sparse_circuit,2194679225,82d025b9662a2e0e19582b17efb04a1ef5ec3baa0d58d48fbd4228b6caf6a38b,,,locally_single_deletion_minimal_sparse_mask,stage18-scaling-24a9adb84176,2,6,8650,348
False,True,0,330,s2-step8650-f17of20-d3of4,348,4,3,5279,5279,,20,17,False,0.16990291262135923,206,35,True,budget_exhaustion,1.0,330,4950,7,0,True,187,fresh_execution,budget_exhaustion,3194460379,be6798dbfd7b6305dd893a19af095b1dd9e148258b02e0d9cc82c110786ee584,,,budget_exhausted_inside_candidate_batch,stage18-scaling-24a9adb84176,2,6,8650,348
True,False,2614,462,s2-step8650-f9of10-d1of4,349,4,1,10000,7386,,10,9,True,0.0,1,0,True,valid_distinct_candidate,0.9144020675072441,459,6928,1,0,True,58,fresh_execution,valid_sparse_circuit,,,,,locally_single_deletion_minimal_sparse_mask,stage18-scaling-24a9adb84176,2,6,8650,349
True,False,2659,459,s2-step8650-f9of10-d1of4,349,4,1,10000,7341,,10,9,True,0.1782178217821782,101,18,True,valid_distinct_candidate,0.900540371211528,456,6886,2,0,True,61,fresh_execution,valid_sparse_circuit,3717698897,dd9795513b254fac0e3d06174a60a3aa248a11748b4bd834e732e676151ac3d4,,,locally_single_deletion_minimal_sparse_mask,stage18-scaling-24a9adb84176,2,6,8650,349
True,False,2629,461,s2-step8650-f9of10-d1of4,349,4,1,10000,7371,,10,9,True,0.18181818181818182,11,2,True,valid_distinct_candidate,0.9082152087085911,458,6914,3,0,True,59,fresh_execution,valid_sparse_circuit,907835514,361c787a91340878c38e6c265eafe47e903ac34ab6bbbbc3f76097f17aae9e30,,,locally_single_deletion_minimal_sparse_mask,stage18-scaling-24a9adb84176,2,6,8650,349
False,False,2643,460,s2-step8650-f9of10-d1of4,349,4,1,10000,7357,,10,9,True,0.3076923076923077,13,4,True,distinctness_failure,0.902811496593312,456,6902,4,0,True,61,fresh_execution,valid_sparse_circuit,1004076382,3bd8fd5eae21bc672fc7d178a5d63e25207aba16dcb555a2b4bbaf244d236c16,,,locally_single_deletion_minimal_sparse_mask,stage18-scaling-24a9adb84176,2,6,8650,349
False,True,0,166,s2-step8650-f9of10-d1of4,349,4,1,2643,2643,,10,9,False,0.11748633879781421,366,43,False,budget_exhaustion,1.0,166,2478,4,1,True,351,fresh_execution,budget_exhaustion,1580149559,5e2f2b37b4d9d559183f1502670238cf651d110afa97f5d988b88a33037bc3a7,,,budget_exhausted_inside_candidate_batch,stage18-scaling-24a9adb84176,2,6,8650,349
True,False,2614,462,s2-step8650-f9of10-d1of2,350,2,1,10000,7386,,10,9,True,0.0,1,0,True,valid_distinct_candidate,0.9144020675072441,459,6928,1,0,True,58,fresh_execution,valid_sparse_circuit,,,,,locally_single_deletion_minimal_sparse_mask,stage18-scaling-24a9adb84176,2,6,8650,350
True,False,2659,459,s2-step8650-f9of10-d1of2,350,2,1,10000,7341,,10,9,True,0.1782178217821782,101,18,True,valid_distinct_candidate,0.900540371211528,456,6886,2,0,True,61,fresh_execution,valid_sparse_circuit,3717698897,dd9795513b254fac0e3d06174a60a3aa248a11748b4bd834e732e676151ac3d4,,,locally_single_deletion_minimal_sparse_mask,stage18-scaling-24a9adb84176,2,6,8650,350
True,False,2629,461,s2-step8650-f9of10-d1of2,350,2,1,10000,7371,,10,9,True,0.18181818181818182,11,2,True,valid_distinct_candidate,0.9082152087085911,458,6914,3,0,True,59,fresh_execution,valid_sparse_circuit,907835514,361c787a91340878c38e6c265eafe47e903ac34ab6bbbbc3f76097f17aae9e30,,,locally_single_deletion_minimal_sparse_mask,stage18-scaling-24a9adb84176,2,6,8650,350
True,False,2643,460,s2-step8650-f9of10-d1of2,350,2,1,10000,7357,,10,9,True,0.3076923076923077,13,4,True,valid_distinct_candidate,0.902811496593312,456,6902,4,0,True,61,fresh_execution,valid_sparse_circuit,1004076382,3bd8fd5eae21bc672fc7d178a5d63e25207aba16dcb555a2b4bbaf244d236c16,,,locally_single_deletion_minimal_sparse_mask,stage18-scaling-24a9adb84176,2,6,8650,350
True,False,2659,459,s2-step8650-f9of10-d1of2,350,2,1,10000,7341,,10,9,True,0.25773195876288657,97,25,True,valid_distinct_candidate,0.9035163286083483,456,6886,5,0,True,61,fresh_execution,valid_sparse_circuit,1358000103,50f16fe7e30d504c672912e8d9a42fa60b8d10d503ec7f089adf3e3588d72c01,,,locally_single_deletion_minimal_sparse_mask,stage18-scaling-24a9adb84176,2,6,8650,350
True,False,2614,462,s2-step8650-f9of10-d1of2,350,2,1,10000,7386,,10,9,True,0.29347826086956524,92,27,True,valid_distinct_candidate,0.9015584618999138,459,6928,6,0,True,58,fresh_execution,valid_sparse_circuit,2194679225,82d025b9662a2e0e19582b17efb04a1ef5ec3baa0d58d48fbd4228b6caf6a38b,,,locally_single_deletion_minimal_sparse_mask,stage18-scaling-24a9adb84176,2,6,8650,350
False,True,0,364,s2-step8650-f9of10-d1of2,350,2,1,5818,5818,,10,9,False,0.18435754189944134,179,33,True,budget_exhaustion,0.9999216853316626,364,5455,7,0,True,153,fresh_execution,budget_exhaustion,3194460379,be6798dbfd7b6305dd893a19af095b1dd9e148258b02e0d9cc82c110786ee584,,,budget_exhausted_inside_candidate_batch,stage18-scaling-24a9adb84176,2,6,8650,350
True,False,2614,462,s2-step8650-f9of10-d3of4,351,4,3,10000,7386,,10,9,True,0.0,1,0,True,valid_distinct_candidate,0.9144020675072441,459,6928,1,0,True,58,fresh_execution,valid_sparse_circuit,,,,,locally_single_deletion_minimal_sparse_mask,stage18-scaling-24a9adb84176,2,6,8650,351
True,False,2659,459,s2-step8650-f9of10-d3of4,351,4,3,10000,7341,,10,9,True,0.1782178217821782,101,18,True,valid_distinct_candidate,0.900540371211528,456,6886,2,0,True,61,fresh_execution,valid_sparse_circuit,3717698897,dd9795513b254fac0e3d06174a60a3aa248a11748b4bd834e732e676151ac3d4,,,locally_single_deletion_minimal_sparse_mask,stage18-scaling-24a9adb84176,2,6,8650,351
True,False,2629,461,s2-step8650-f9of10-d3of4,351,4,3,10000,7371,,10,9,True,0.18181818181818182,11,2,True,valid_distinct_candidate,0.9082152087085911,458,6914,3,0,True,59,fresh_execution,valid_sparse_circuit,907835514,361c787a91340878c38e6c265eafe47e903ac34ab6bbbbc3f76097f17aae9e30,,,locally_single_deletion_minimal_sparse_mask,stage18-scaling-24a9adb84176,2,6,8650,351
True,False,2643,460,s2-step8650-f9of10-d3of4,351,4,3,10000,7357,,10,9,True,0.3076923076923077,13,4,True,valid_distinct_candidate,0.902811496593312,456,6902,4,0,True,61,fresh_execution,valid_sparse_circuit,1004076382,3bd8fd5eae21bc672fc7d178a5d63e25207aba16dcb555a2b4bbaf244d236c16,,,locally_single_deletion_minimal_sparse_mask,stage18-scaling-24a9adb84176,2,6,8650,351
True,False,2659,459,s2-step8650-f9of10-d3of4,351,4,3,10000,7341,,10,9,True,0.25773195876288657,97,25,True,valid_distinct_candidate,0.9035163286083483,456,6886,5,0,True,61,fresh_execution,valid_sparse_circuit,1358000103,50f16fe7e30d504c672912e8d9a42fa60b8d10d503ec7f089adf3e3588d72c01,,,locally_single_deletion_minimal_sparse_mask,stage18-scaling-24a9adb84176,2,6,8650,351
True,False,2614,462,s2-step8650-f9of10-d3of4,351,4,3,10000,7386,,10,9,True,0.29347826086956524,92,27,True,valid_distinct_candidate,0.9015584618999138,459,6928,6,0,True,58,fresh_execution,valid_sparse_circuit,2194679225,82d025b9662a2e0e19582b17efb04a1ef5ec3baa0d58d48fbd4228b6caf6a38b,,,locally_single_deletion_minimal_sparse_mask,stage18-scaling-24a9adb84176,2,6,8650,351
False,True,0,364,s2-step8650-f9of10-d3of4,351,4,3,5818,5818,,10,9,False,0.18435754189944134,179,33,True,budget_exhaustion,0.9999216853316626,364,5455,7,0,True,153,fresh_execution,budget_exhaustion,3194460379,be6798dbfd7b6305dd893a19af095b1dd9e148258b02e0d9cc82c110786ee584,,,budget_exhausted_inside_candidate_batch,stage18-scaling-24a9adb84176,2,6,8650,351
True,False,2824,449,s2-step8650-f19of20-d1of4,352,4,1,10000,7176,,20,19,True,0.0,1,0,True,valid_distinct_candidate,0.9503485002741013,445,6732,1,0,True,72,fresh_execution,valid_sparse_circuit,,,,,locally_single_deletion_minimal_sparse_mask,stage18-scaling-24a9adb84176,2,6,8650,352
True,False,2794,451,s2-step8650-f19of20-d1of4,352,4,1,10000,7206,,20,19,True,0.15447154471544716,123,19,True,valid_distinct_candidate,0.950896702952463,447,6760,2,0,True,70,fresh_execution,valid_sparse_circuit,3717698897,dd9795513b254fac0e3d06174a60a3aa248a11748b4bd834e732e676151ac3d4,,,locally_single_deletion_minimal_sparse_mask,stage18-scaling-24a9adb84176,2,6,8650,352
True,False,2854,447,s2-step8650-f19of20-d1of4,352,4,1,10000,7146,,20,19,True,0.21666666666666667,60,13,True,valid_distinct_candidate,0.9540292896859581,443,6704,3,0,True,74,fresh_execution,valid_sparse_circuit,907835514,361c787a91340878c38e6c265eafe47e903ac34ab6bbbbc3f76097f17aae9e30,,,locally_single_deletion_minimal_sparse_mask,stage18-scaling-24a9adb84176,2,6,8650,352
False,False,2749,454,s2-step8650-f19of20-d1of4,352,4,1,10000,7251,,20,19,True,0.28703703703703703,108,31,True,distinctness_failure,0.9520714229775237,450,6802,4,0,True,67,fresh_execution,valid_sparse_circuit,1004076382,3bd8fd5eae21bc672fc7d178a5d63e25207aba16dcb555a2b4bbaf244d236c16,,,locally_single_deletion_minimal_sparse_mask,stage18-scaling-24a9adb84176,2,6,8650,352
False,True,0,172,s2-step8650-f19of20-d1of4,352,4,1,2749,2749,,20,19,False,0.12096774193548387,124,15,False,budget_exhaustion,1.0,172,2578,4,1,True,345,fresh_execution,budget_exhaustion,1580149559,5e2f2b37b4d9d559183f1502670238cf651d110afa97f5d988b88a33037bc3a7,,,budget_exhausted_inside_candidate_batch,stage18-scaling-24a9adb84176,2,6,8650,352
True,False,2824,449,s2-step8650-f19of20-d1of2,353,2,1,10000,7176,,20,19,True,0.0,1,0,True,valid_distinct_candidate,0.9503485002741013,445,6732,1,0,True,72,fresh_execution,valid_sparse_circuit,,,,,locally_single_deletion_minimal_sparse_mask,stage18-scaling-24a9adb84176,2,6,8650,353
True,False,2794,451,s2-step8650-f19of20-d1of2,353,2,1,10000,7206,,20,19,True,0.15447154471544716,123,19,True,valid_distinct_candidate,0.950896702952463,447,6760,2,0,True,70,fresh_execution,valid_sparse_circuit,3717698897,dd9795513b254fac0e3d06174a60a3aa248a11748b4bd834e732e676151ac3d4,,,locally_single_deletion_minimal_sparse_mask,stage18-scaling-24a9adb84176,2,6,8650,353
True,False,2854,447,s2-step8650-f19of20-d1of2,353,2,1,10000,7146,,20,19,True,0.21666666666666667,60,13,True,valid_distinct_candidate,0.9540292896859581,443,6704,3,0,True,74,fresh_execution,valid_sparse_circuit,907835514,361c787a91340878c38e6c265eafe47e903ac34ab6bbbbc3f76097f17aae9e30,,,locally_single_deletion_minimal_sparse_mask,stage18-scaling-24a9adb84176,2,6,8650,353
True,False,2749,454,s2-step8650-f19of20-d1of2,353,2,1,10000,7251,,20,19,True,0.28703703703703703,108,31,True,valid_distinct_candidate,0.9520714229775237,450,6802,4,0,True,67,fresh_execution,valid_sparse_circuit,1004076382,3bd8fd5eae21bc672fc7d178a5d63e25207aba16dcb555a2b4bbaf244d236c16,,,locally_single_deletion_minimal_sparse_mask,stage18-scaling-24a9adb84176,2,6,8650,353
True,False,2794,451,s2-step8650-f19of20-d1of2,353,2,1,10000,7206,,20,19,True,0.26785714285714285,56,15,True,valid_distinct_candidate,0.9520714229775237,447,6760,5,0,True,70,fresh_execution,valid_sparse_circuit,1358000103,50f16fe7e30d504c672912e8d9a42fa60b8d10d503ec7f089adf3e3588d72c01,,,locally_single_deletion_minimal_sparse_mask,stage18-scaling-24a9adb84176,2,6,8650,353
True,False,2852,447,s2-step8650-f19of20-d1of2,353,2,1,10000,7148,,20,19,True,0.28695652173913044,115,33,True,valid_distinct_candidate,0.9512099616258125,441,6708,6,0,True,76,fresh_execution,valid_sparse_circuit,2194679225,82d025b9662a2e0e19582b17efb04a1ef5ec3baa0d58d48fbd4228b6caf6a38b,,,locally_single_deletion_minimal_sparse_mask,stage18-scaling-24a9adb84176,2,6,8650,353
False,True,0,430,s2-step8650-f19of20-d1of2,353,2,1,6867,6867,,20,19,False,0.325,40,13,True,budget_exhaustion,0.9891925757694416,430,6438,7,0,True,87,fresh_execution,budget_exhaustion,3194460379,be6798dbfd7b6305dd893a19af095b1dd9e148258b02e0d9cc82c110786ee584,,,budget_exhausted_inside_candidate_batch,stage18-scaling-24a9adb84176,2,6,8650,353
True,False,2824,449,s2-step8650-f19of20-d3of4,354,4,3,10000,7176,,20,19,True,0.0,1,0,True,valid_distinct_candidate,0.9503485002741013,445,6732,1,0,True,72,fresh_execution,valid_sparse_circuit,,,,,locally_single_deletion_minimal_sparse_mask,stage18-scaling-24a9adb84176,2,6,8650,354
True,False,2794,451,s2-step8650-f19of20-d3of4,354,4,3,10000,7206,,20,19,True,0.15447154471544716,123,19,True,valid_distinct_candidate,0.950896702952463,447,6760,2,0,True,70,fresh_execution,valid_sparse_circuit,3717698897,dd9795513b254fac0e3d06174a60a3aa248a11748b4bd834e732e676151ac3d4,,,locally_single_deletion_minimal_sparse_mask,stage18-scaling-24a9adb84176,2,6,8650,354
True,False,2854,447,s2-step8650-f19of20-d3of4,354,4,3,10000,7146,,20,19,True,0.21666666666666667,60,13,True,valid_distinct_candidate,0.9540292896859581,443,6704,3,0,True,74,fresh_execution,valid_sparse_circuit,907835514,361c787a91340878c38e6c265eafe47e903ac34ab6bbbbc3f76097f17aae9e30,,,locally_single_deletion_minimal_sparse_mask,stage18-scaling-24a9adb84176,2,6,8650,354
True,False,2749,454,s2-step8650-f19of20-d3of4,354,4,3,10000,7251,,20,19,True,0.28703703703703703,108,31,True,valid_distinct_candidate,0.9520714229775237,450,6802,4,0,True,67,fresh_execution,valid_sparse_circuit,1004076382,3bd8fd5eae21bc672fc7d178a5d63e25207aba16dcb555a2b4bbaf244d236c16,,,locally_single_deletion_minimal_sparse_mask,stage18-scaling-24a9adb84176,2,6,8650,354
True,False,2794,451,s2-step8650-f19of20-d3of4,354,4,3,10000,7206,,20,19,True,0.26785714285714285,56,15,True,valid_distinct_candidate,0.9520714229775237,447,6760,5,0,True,70,fresh_execution,valid_sparse_circuit,1358000103,50f16fe7e30d504c672912e8d9a42fa60b8d10d503ec7f089adf3e3588d72c01,,,locally_single_deletion_minimal_sparse_mask,stage18-scaling-24a9adb84176,2,6,8650,354
True,False,2852,447,s2-step8650-f19of20-d3of4,354,4,3,10000,7148,,20,19,True,0.28695652173913044,115,33,True,valid_distinct_candidate,0.9512099616258125,441,6708,6,0,True,76,fresh_execution,valid_sparse_circuit,2194679225,82d025b9662a2e0e19582b17efb04a1ef5ec3baa0d58d48fbd4228b6caf6a38b,,,locally_single_deletion_minimal_sparse_mask,stage18-scaling-24a9adb84176,2,6,8650,354
False,True,0,430,s2-step8650-f19of20-d3of4,354,4,3,6867,6867,,20,19,False,0.325,40,13,True,budget_exhaustion,0.9891925757694416,430,6438,7,0,True,87,fresh_execution,budget_exhaustion,3194460379,be6798dbfd7b6305dd893a19af095b1dd9e148258b02e0d9cc82c110786ee584,,,budget_exhausted_inside_candidate_batch,stage18-scaling-24a9adb84176,2,6,8650,354
True,False,2989,439,s2-step8650-f39of40-d1of4,355,4,1,10000,7011,,40,39,True,0.0,1,0,True,valid_distinct_candidate,0.9754091941420628,434,6578,1,0,True,83,fresh_execution,valid_sparse_circuit,,,,,locally_single_deletion_minimal_sparse_mask,stage18-scaling-24a9adb84176,2,6,8650,355
True,False,2899,444,s2-step8650-f39of40-d1of4,355,4,1,10000,7101,,40,39,True,0.1267605633802817,71,9,True,valid_distinct_candidate,0.9750176208003759,440,6662,2,0,True,77,fresh_execution,valid_sparse_circuit,3717698897,dd9795513b254fac0e3d06174a60a3aa248a11748b4bd834e732e676151ac3d4,,,locally_single_deletion_minimal_sparse_mask,stage18-scaling-24a9adb84176,2,6,8650,355
True,False,2838,448,s2-step8650-f39of40-d1of4,355,4,1,10000,7162,,40,39,True,0.2265625,128,29,True,valid_distinct_candidate,0.9753308794737254,443,6720,3,0,True,74,fresh_execution,valid_sparse_circuit,907835514,361c787a91340878c38e6c265eafe47e903ac34ab6bbbbc3f76097f17aae9e30,,,locally_single_deletion_minimal_sparse_mask,stage18-scaling-24a9adb84176,2,6,8650,355
False,False,3079,433,s2-step8650-f39of40-d1of4,355,4,1,10000,6921,,40,39,True,0.2740740740740741,135,37,True,distinctness_failure,0.975252564805388,428,6494,4,0,True,89,fresh_execution,valid_sparse_circuit,1004076382,3bd8fd5eae21bc672fc7d178a5d63e25207aba16dcb555a2b4bbaf244d236c16,,,locally_single_deletion_minimal_sparse_mask,stage18-scaling-24a9adb84176,2,6,8650,355
False,True,0,193,s2-step8650-f39of40-d1of4,355,4,1,3079,3079,,40,39,False,0.17971014492753623,345,62,False,budget_exhaustion,1.0,193,2887,4,1,True,324,fresh_execution,budget_exhaustion,1580149559,5e2f2b37b4d9d559183f1502670238cf651d110afa97f5d988b88a33037bc3a7,,,budget_exhausted_inside_candidate_batch,stage18-scaling-24a9adb84176,2,6,8650,355
True,False,2989,439,s2-step8650-f39of40-d1of2,356,2,1,10000,7011,,40,39,True,0.0,1,0,True,valid_distinct_candidate,0.9754091941420628,434,6578,1,0,True,83,fresh_execution,valid_sparse_circuit,,,,,locally_single_deletion_minimal_sparse_mask,stage18-scaling-24a9adb84176,2,6,8650,356
True,False,2899,444,s2-step8650-f39of40-d1of2,356,2,1,10000,7101,,40,39,True,0.1267605633802817,71,9,True,valid_distinct_candidate,0.9750176208003759,440,6662,2,0,True,77,fresh_execution,valid_sparse_circuit,3717698897,dd9795513b254fac0e3d06174a60a3aa248a11748b4bd834e732e676151ac3d4,,,locally_single_deletion_minimal_sparse_mask,stage18-scaling-24a9adb84176,2,6,8650,356
True,False,2838,448,s2-step8650-f39of40-d1of2,356,2,1,10000,7162,,40,39,True,0.2265625,128,29,True,valid_distinct_candidate,0.9753308794737254,443,6720,3,0,True,74,fresh_execution,valid_sparse_circuit,907835514,361c787a91340878c38e6c265eafe47e903ac34ab6bbbbc3f76097f17aae9e30,,,locally_single_deletion_minimal_sparse_mask,stage18-scaling-24a9adb84176,2,6,8650,356
True,False,3079,433,s2-step8650-f39of40-d1of2,356,2,1,10000,6921,,40,39,True,0.2740740740740741,135,37,True,valid_distinct_candidate,0.975252564805388,428,6494,4,0,True,89,fresh_execution,valid_sparse_circuit,1004076382,3bd8fd5eae21bc672fc7d178a5d63e25207aba16dcb555a2b4bbaf244d236c16,,,locally_single_deletion_minimal_sparse_mask,stage18-scaling-24a9adb84176,2,6,8650,356
True,False,2884,445,s2-step8650-f39of40-d1of2,356,2,1,10000,7116,,40,39,True,0.3140495867768595,121,38,True,valid_distinct_candidate,0.9770538021771478,441,6676,5,0,True,76,fresh_execution,valid_sparse_circuit,1358000103,50f16fe7e30d504c672912e8d9a42fa60b8d10d503ec7f089adf3e3588d72c01,,,locally_single_deletion_minimal_sparse_mask,stage18-scaling-24a9adb84176,2,6,8650,356
True,False,2839,448,s2-step8650-f39of40-d1of2,356,2,1,10000,7161,,40,39,True,0.2892561983471074,121,35,True,valid_distinct_candidate,0.9754875088104001,444,6718,6,0,True,73,fresh_execution,valid_sparse_circuit,2194679225,82d025b9662a2e0e19582b17efb04a1ef5ec3baa0d58d48fbd4228b6caf6a38b,,,locally_single_deletion_minimal_sparse_mask,stage18-scaling-24a9adb84176,2,6,8650,356
True,False,483,441,s2-step8650-f39of40-d1of2,356,2,1,7528,7045,,40,39,True,0.3548387096774194,31,11,True,valid_distinct_candidate,0.9761923408254366,432,6614,7,0,True,85,fresh_execution,valid_sparse_circuit,3194460379,be6798dbfd7b6305dd893a19af095b1dd9e148258b02e0d9cc82c110786ee584,,,locally_single_deletion_minimal_sparse_mask,stage18-scaling-24a9adb84176,2,6,8650,356
False,True,0,31,s2-step8650-f39of40-d1of2,356,2,1,483,483,,40,39,False,0.16869918699186992,492,83,False,budget_exhaustion,1.0,31,453,8,0,True,486,fresh_execution,budget_exhaustion,4153284035,f78e15c361c119639188d50c3e2eae8fde45525fa02433a825755ba05ecce369,,,budget_exhausted_inside_candidate_batch,stage18-scaling-24a9adb84176,2,6,8650,356
True,False,2989,439,s2-step8650-f39of40-d3of4,357,4,3,10000,7011,,40,39,True,0.0,1,0,True,valid_distinct_candidate,0.9754091941420628,434,6578,1,0,True,83,fresh_execution,valid_sparse_circuit,,,,,locally_single_deletion_minimal_sparse_mask,stage18-scaling-24a9adb84176,2,6,8650,357
True,False,2899,444,s2-step8650-f39of40-d3of4,357,4,3,10000,7101,,40,39,True,0.1267605633802817,71,9,True,valid_distinct_candidate,0.9750176208003759,440,6662,2,0,True,77,fresh_execution,valid_sparse_circuit,3717698897,dd9795513b254fac0e3d06174a60a3aa248a11748b4bd834e732e676151ac3d4,,,locally_single_deletion_minimal_sparse_mask,stage18-scaling-24a9adb84176,2,6,8650,357
True,False,2838,448,s2-step8650-f39of40-d3of4,357,4,3,10000,7162,,40,39,True,0.2265625,128,29,True,valid_distinct_candidate,0.9753308794737254,443,6720,3,0,True,74,fresh_execution,valid_sparse_circuit,907835514,361c787a91340878c38e6c265eafe47e903ac34ab6bbbbc3f76097f17aae9e30,,,locally_single_deletion_minimal_sparse_mask,stage18-scaling-24a9adb84176,2,6,8650,357
True,False,3079,433,s2-step8650-f39of40-d3of4,357,4,3,10000,6921,,40,39,True,0.2740740740740741,135,37,True,valid_distinct_candidate,0.975252564805388,428,6494,4,0,True,89,fresh_execution,valid_sparse_circuit,1004076382,3bd8fd5eae21bc672fc7d178a5d63e25207aba16dcb555a2b4bbaf244d236c16,,,locally_single_deletion_minimal_sparse_mask,stage18-scaling-24a9adb84176,2,6,8650,357
True,False,2884,445,s2-step8650-f39of40-d3of4,357,4,3,10000,7116,,40,39,True,0.3140495867768595,121,38,True,valid_distinct_candidate,0.9770538021771478,441,6676,5,0,True,76,fresh_execution,valid_sparse_circuit,1358000103,50f16fe7e30d504c672912e8d9a42fa60b8d10d503ec7f089adf3e3588d72c01,,,locally_single_deletion_minimal_sparse_mask,stage18-scaling-24a9adb84176,2,6,8650,357
True,False,2839,448,s2-step8650-f39of40-d3of4,357,4,3,10000,7161,,40,39,True,0.2892561983471074,121,35,True,valid_distinct_candidate,0.9754875088104001,444,6718,6,0,True,73,fresh_execution,valid_sparse_circuit,2194679225,82d025b9662a2e0e19582b17efb04a1ef5ec3baa0d58d48fbd4228b6caf6a38b,,,locally_single_deletion_minimal_sparse_mask,stage18-scaling-24a9adb84176,2,6,8650,357
True,False,483,441,s2-step8650-f39of40-d3of4,357,4,3,7528,7045,,40,39,True,0.3548387096774194,31,11,True,valid_distinct_candidate,0.9761923408254366,432,6614,7,0,True,85,fresh_execution,valid_sparse_circuit,3194460379,be6798dbfd7b6305dd893a19af095b1dd9e148258b02e0d9cc82c110786ee584,,,locally_single_deletion_minimal_sparse_mask,stage18-scaling-24a9adb84176,2,6,8650,357
False,True,0,31,s2-step8650-f39of40-d3of4,357,4,3,483,483,,40,39,False,0.16869918699186992,492,83,False,budget_exhaustion,1.0,31,453,8,0,True,486,fresh_execution,budget_exhaustion,4153284035,f78e15c361c119639188d50c3e2eae8fde45525fa02433a825755ba05ecce369,,,budget_exhausted_inside_candidate_batch,stage18-scaling-24a9adb84176,2,6,8650,357
True,False,3107,431,s2-step8650-f99of100-d1of4,358,4,1,10000,6893,,100,99,True,0.0,1,0,True,valid_distinct_candidate,0.9900540371211528,424,6470,1,0,True,93,fresh_execution,valid_sparse_circuit,,,,,locally_single_deletion_minimal_sparse_mask,stage18-scaling-24a9adb84176,2,6,8650,358
True,False,3076,433,s2-step8650-f99of100-d1of4,358,4,1,10000,6924,,100,99,True,0.12121212121212122,33,4,True,valid_distinct_candidate,0.9902889811261649,425,6500,2,0,True,92,fresh_execution,valid_sparse_circuit,3717698897,dd9795513b254fac0e3d06174a60a3aa248a11748b4bd834e732e676151ac3d4,,,locally_single_deletion_minimal_sparse_mask,stage18-scaling-24a9adb84176,2,6,8650,358
True,False,3045,435,s2-step8650-f99of100-d1of4,358,4,1,10000,6955,,100,99,True,0.16455696202531644,79,13,True,valid_distinct_candidate,0.9902106664578275,426,6530,3,0,True,91,fresh_execution,valid_sparse_circuit,907835514,361c787a91340878c38e6c265eafe47e903ac34ab6bbbbc3f76097f17aae9e30,,,locally_single_deletion_minimal_sparse_mask,stage18-scaling-24a9adb84176,2,6,8650,358
False,False,3093,432,s2-step8650-f99of100-d1of4,358,4,1,10000,6907,,100,99,True,0.25170068027210885,147,37,True,distinctness_failure,0.9904456104628397,426,6482,4,0,True,91,fresh_execution,valid_sparse_circuit,1004076382,3bd8fd5eae21bc672fc7d178a5d63e25207aba16dcb555a2b4bbaf244d236c16,,,locally_single_deletion_minimal_sparse_mask,stage18-scaling-24a9adb84176,2,6,8650,358
False,True,0,194,s2-step8650-f99of100-d1of4,358,4,1,3093,3093,,100,99,False,0.16201117318435754,179,29,False,budget_exhaustion,1.0,194,2900,4,1,True,323,fresh_execution,budget_exhaustion,1580149559,5e2f2b37b4d9d559183f1502670238cf651d110afa97f5d988b88a33037bc3a7,,,budget_exhausted_inside_candidate_batch,stage18-scaling-24a9adb84176,2,6,8650,358
True,False,3107,431,s2-step8650-f99of100-d1of2,359,2,1,10000,6893,,100,99,True,0.0,1,0,True,valid_distinct_candidate,0.9900540371211528,424,6470,1,0,True,93,fresh_execution,valid_sparse_circuit,,,,,locally_single_deletion_minimal_sparse_mask,stage18-scaling-24a9adb84176,2,6,8650,359
True,False,3076,433,s2-step8650-f99of100-d1of2,359,2,1,10000,6924,,100,99,True,0.12121212121212122,33,4,True,valid_distinct_candidate,0.9902889811261649,425,6500,2,0,True,92,fresh_execution,valid_sparse_circuit,3717698897,dd9795513b254fac0e3d06174a60a3aa248a11748b4bd834e732e676151ac3d4,,,locally_single_deletion_minimal_sparse_mask,stage18-scaling-24a9adb84176,2,6,8650,359
True,False,3045,435,s2-step8650-f99of100-d1of2,359,2,1,10000,6955,,100,99,True,0.16455696202531644,79,13,True,valid_distinct_candidate,0.9902106664578275,426,6530,3,0,True,91,fresh_execution,valid_sparse_circuit,907835514,361c787a91340878c38e6c265eafe47e903ac34ab6bbbbc3f76097f17aae9e30,,,locally_single_deletion_minimal_sparse_mask,stage18-scaling-24a9adb84176,2,6,8650,359
True,False,3093,432,s2-step8650-f99of100-d1of2,359,2,1,10000,6907,,100,99,True,0.25170068027210885,147,37,True,valid_distinct_candidate,0.9904456104628397,426,6482,4,0,True,91,fresh_execution,valid_sparse_circuit,1004076382,3bd8fd5eae21bc672fc7d178a5d63e25207aba16dcb555a2b4bbaf244d236c16,,,locally_single_deletion_minimal_sparse_mask,stage18-scaling-24a9adb84176,2,6,8650,359
True,False,3106,431,s2-step8650-f99of100-d1of2,359,2,1,10000,6894,,100,99,True,0.2896551724137931,145,42,True,valid_distinct_candidate,0.9902106664578275,423,6472,5,0,True,94,fresh_execution,valid_sparse_circuit,1358000103,50f16fe7e30d504c672912e8d9a42fa60b8d10d503ec7f089adf3e3588d72c01,,,locally_single_deletion_minimal_sparse_mask,stage18-scaling-24a9adb84176,2,6,8650,359
True,False,3018,437,s2-step8650-f99of100-d1of2,359,2,1,10000,6982,,100,99,True,0.2971014492753623,138,41,True,valid_distinct_candidate,0.9903672957945023,431,6552,6,0,True,86,fresh_execution,valid_sparse_circuit,2194679225,82d025b9662a2e0e19582b17efb04a1ef5ec3baa0d58d48fbd4228b6caf6a38b,,,locally_single_deletion_minimal_sparse_mask,stage18-scaling-24a9adb84176,2,6,8650,359
True,False,1613,427,s2-step8650-f99of100-d1of2,359,2,1,8445,6832,,100,99,True,0.2857142857142857,7,2,True,valid_distinct_candidate,0.9900540371211528,421,6412,7,0,True,96,fresh_execution,valid_sparse_circuit,3194460379,be6798dbfd7b6305dd893a19af095b1dd9e148258b02e0d9cc82c110786ee584,,,locally_single_deletion_minimal_sparse_mask,stage18-scaling-24a9adb84176,2,6,8650,359
False,True,0,101,s2-step8650-f99of100-d1of2,359,2,1,1613,1613,,100,99,False,0.17906976744186046,430,77,False,budget_exhaustion,1.0,101,1513,8,0,True,416,fresh_execution,budget_exhaustion,4153284035,f78e15c361c119639188d50c3e2eae8fde45525fa02433a825755ba05ecce369,,,budget_exhausted_inside_candidate_batch,stage18-scaling-24a9adb84176,2,6,8650,359
True,False,3107,431,s2-step8650-f99of100-d3of4,360,4,3,10000,6893,,100,99,True,0.0,1,0,True,valid_distinct_candidate,0.9900540371211528,424,6470,1,0,True,93,fresh_execution,valid_sparse_circuit,,,,,locally_single_deletion_minimal_sparse_mask,stage18-scaling-24a9adb84176,2,6,8650,360
True,False,3076,433,s2-step8650-f99of100-d3of4,360,4,3,10000,6924,,100,99,True,0.12121212121212122,33,4,True,valid_distinct_candidate,0.9902889811261649,425,6500,2,0,True,92,fresh_execution,valid_sparse_circuit,3717698897,dd9795513b254fac0e3d06174a60a3aa248a11748b4bd834e732e676151ac3d4,,,locally_single_deletion_minimal_sparse_mask,stage18-scaling-24a9adb84176,2,6,8650,360
True,False,3045,435,s2-step8650-f99of100-d3of4,360,4,3,10000,6955,,100,99,True,0.16455696202531644,79,13,True,valid_distinct_candidate,0.9902106664578275,426,6530,3,0,True,91,fresh_execution,valid_sparse_circuit,907835514,361c787a91340878c38e6c265eafe47e903ac34ab6bbbbc3f76097f17aae9e30,,,locally_single_deletion_minimal_sparse_mask,stage18-scaling-24a9adb84176,2,6,8650,360
True,False,3093,432,s2-step8650-f99of100-d3of4,360,4,3,10000,6907,,100,99,True,0.25170068027210885,147,37,True,valid_distinct_candidate,0.9904456104628397,426,6482,4,0,True,91,fresh_execution,valid_sparse_circuit,1004076382,3bd8fd5eae21bc672fc7d178a5d63e25207aba16dcb555a2b4bbaf244d236c16,,,locally_single_deletion_minimal_sparse_mask,stage18-scaling-24a9adb84176,2,6,8650,360
True,False,3106,431,s2-step8650-f99of100-d3of4,360,4,3,10000,6894,,100,99,True,0.2896551724137931,145,42,True,valid_distinct_candidate,0.9902106664578275,423,6472,5,0,True,94,fresh_execution,valid_sparse_circuit,1358000103,50f16fe7e30d504c672912e8d9a42fa60b8d10d503ec7f089adf3e3588d72c01,,,locally_single_deletion_minimal_sparse_mask,stage18-scaling-24a9adb84176,2,6,8650,360
True,False,3018,437,s2-step8650-f99of100-d3of4,360,4,3,10000,6982,,100,99,True,0.2971014492753623,138,41,True,valid_distinct_candidate,0.9903672957945023,431,6552,6,0,True,86,fresh_execution,valid_sparse_circuit,2194679225,82d025b9662a2e0e19582b17efb04a1ef5ec3baa0d58d48fbd4228b6caf6a38b,,,locally_single_deletion_minimal_sparse_mask,stage18-scaling-24a9adb84176,2,6,8650,360
True,False,1613,427,s2-step8650-f99of100-d3of4,360,4,3,8445,6832,,100,99,True,0.2857142857142857,7,2,True,valid_distinct_candidate,0.9900540371211528,421,6412,7,0,True,96,fresh_execution,valid_sparse_circuit,3194460379,be6798dbfd7b6305dd893a19af095b1dd9e148258b02e0d9cc82c110786ee584,,,locally_single_deletion_minimal_sparse_mask,stage18-scaling-24a9adb84176,2,6,8650,360
False,True,0,101,s2-step8650-f99of100-d3of4,360,4,3,1613,1613,,100,99,False,0.17906976744186046,430,77,False,budget_exhaustion,1.0,101,1513,8,0,True,416,fresh_execution,budget_exhaustion,4153284035,f78e15c361c119639188d50c3e2eae8fde45525fa02433a825755ba05ecce369,,,budget_exhausted_inside_candidate_batch,stage18-scaling-24a9adb84176,2,6,8650,360
True,False,2539,467,s2-step9050-f4of5-d1of4,361,4,1,10000,7461,,5,4,True,0.0,1,0,True,valid_distinct_candidate,0.8096953559401676,464,6998,1,0,True,53,fresh_execution,valid_sparse_circuit,,,,,locally_single_deletion_minimal_sparse_mask,stage18-scaling-24a9adb84176,2,7,9050,361
True,False,2554,466,s2-step9050-f4of5-d1of4,361,4,1,10000,7446,,5,4,True,0.20224719101123595,89,18,True,valid_distinct_candidate,0.8016289451014175,463,6984,2,0,True,54,fresh_execution,valid_sparse_circuit,61523831,03aac7778aaed195fa288c031747875edaaeae3b72fa2544d8ce60a69f1af4b6,,,locally_single_deletion_minimal_sparse_mask,stage18-scaling-24a9adb84176,2,7,9050,361
True,False,2599,463,s2-step9050-f4of5-d1of4,361,4,1,10000,7401,,5,4,True,0.2087912087912088,91,19,True,valid_distinct_candidate,0.8064061398699977,460,6942,3,0,True,57,fresh_execution,valid_sparse_circuit,1026156702,3d29e89ec87f4d0d35453b0c4795e1280e1c039dc7d7b9dbed74cbd5271fc53b,,,locally_single_deletion_minimal_sparse_mask,stage18-scaling-24a9adb84176,2,7,9050,361
False,False,2569,465,s2-step9050-f4of5-d1of4,361,4,1,10000,7431,,5,4,True,0.2558139534883721,43,11,True,distinctness_failure,0.8105568172918788,462,6970,4,0,True,55,fresh_execution,valid_sparse_circuit,3123438356,ba2be3143d9a6ae1422acde47172436839845217ec41bb9ca7b225db9e9bd970,,,locally_single_deletion_minimal_sparse_mask,stage18-scaling-24a9adb84176,2,7,9050,361
False,True,0,161,s2-step9050-f4of5-d1of4,361,4,1,2569,2569,,5,4,False,0.09946236559139784,372,37,False,budget_exhaustion,1.0,161,2409,4,1,True,356,fresh_execution,budget_exhaustion,3882554454,e76b1456c78dca0d67563f1f72a0c530999b2cfc7587c2b9473ed4df98ca292b,,,budget_exhausted_inside_candidate_batch,stage18-scaling-24a9adb84176,2,7,9050,361
True,False,2539,467,s2-step9050-f4of5-d1of2,362,2,1,10000,7461,,5,4,True,0.0,1,0,True,valid_distinct_candidate,0.8096953559401676,464,6998,1,0,True,53,fresh_execution,valid_sparse_circuit,,,,,locally_single_deletion_minimal_sparse_mask,stage18-scaling-24a9adb84176,2,7,9050,362
True,False,2554,466,s2-step9050-f4of5-d1of2,362,2,1,10000,7446,,5,4,True,0.20224719101123595,89,18,True,valid_distinct_candidate,0.8016289451014175,463,6984,2,0,True,54,fresh_execution,valid_sparse_circuit,61523831,03aac7778aaed195fa288c031747875edaaeae3b72fa2544d8ce60a69f1af4b6,,,locally_single_deletion_minimal_sparse_mask,stage18-scaling-24a9adb84176,2,7,9050,362
True,False,2599,463,s2-step9050-f4of5-d1of2,362,2,1,10000,7401,,5,4,True,0.2087912087912088,91,19,True,valid_distinct_candidate,0.8064061398699977,460,6942,3,0,True,57,fresh_execution,valid_sparse_circuit,1026156702,3d29e89ec87f4d0d35453b0c4795e1280e1c039dc7d7b9dbed74cbd5271fc53b,,,locally_single_deletion_minimal_sparse_mask,stage18-scaling-24a9adb84176,2,7,9050,362
True,False,2569,465,s2-step9050-f4of5-d1of2,362,2,1,10000,7431,,5,4,True,0.2558139534883721,43,11,True,valid_distinct_candidate,0.8105568172918788,462,6970,4,0,True,55,fresh_execution,valid_sparse_circuit,3123438356,ba2be3143d9a6ae1422acde47172436839845217ec41bb9ca7b225db9e9bd970,,,locally_single_deletion_minimal_sparse_mask,stage18-scaling-24a9adb84176,2,7,9050,362
True,False,2479,471,s2-step9050-f4of5-d1of2,362,2,1,10000,7521,,5,4,True,0.25925925925925924,27,7,True,valid_distinct_candidate,0.8003759104080195,468,7054,5,0,True,49,fresh_execution,valid_sparse_circuit,1536532371,5b959f93d5b6a66b1580c4db3d1529e56ba3ba7163b350c21f6a970e7563e08c,,,locally_single_deletion_minimal_sparse_mask,stage18-scaling-24a9adb84176,2,7,9050,362
True,False,2449,472,s2-step9050-f4of5-d1of2,362,2,1,10000,7551,,5,4,True,0.2987012987012987,77,23,True,valid_distinct_candidate,0.8009241130863811,470,7082,6,0,True,47,fresh_execution,valid_sparse_circuit,447004378,1aa4bedad92515723eeacb623226a7aba766b5b62e0fd2e8613291aadbd452fa,,,locally_single_deletion_minimal_sparse_mask,stage18-scaling-24a9adb84176,2,7,9050,362
False,True,0,325,s2-step9050-f4of5-d1of2,362,2,1,5189,5189,,5,4,False,0.15566037735849056,212,33,True,budget_exhaustion,1.0,325,4865,7,0,True,192,fresh_execution,budget_exhaustion,2896169484,aca00a0c61b12127d93e2347411fb8c4ba63d78cb7e91d4f777247488c8eb1c8,,,budget_exhausted_inside_candidate_batch,stage18-scaling-24a9adb84176,2,7,9050,362
True,False,2539,467,s2-step9050-f4of5-d3of4,363,4,3,10000,7461,,5,4,True,0.0,1,0,True,valid_distinct_candidate,0.8096953559401676,464,6998,1,0,True,53,fresh_execution,valid_sparse_circuit,,,,,locally_single_deletion_minimal_sparse_mask,stage18-scaling-24a9adb84176,2,7,9050,363
True,False,2554,466,s2-step9050-f4of5-d3of4,363,4,3,10000,7446,,5,4,True,0.20224719101123595,89,18,True,valid_distinct_candidate,0.8016289451014175,463,6984,2,0,True,54,fresh_execution,valid_sparse_circuit,61523831,03aac7778aaed195fa288c031747875edaaeae3b72fa2544d8ce60a69f1af4b6,,,locally_single_deletion_minimal_sparse_mask,stage18-scaling-24a9adb84176,2,7,9050,363
True,False,2599,463,s2-step9050-f4of5-d3of4,363,4,3,10000,7401,,5,4,True,0.2087912087912088,91,19,True,valid_distinct_candidate,0.8064061398699977,460,6942,3,0,True,57,fresh_execution,valid_sparse_circuit,1026156702,3d29e89ec87f4d0d35453b0c4795e1280e1c039dc7d7b9dbed74cbd5271fc53b,,,locally_single_deletion_minimal_sparse_mask,stage18-scaling-24a9adb84176,2,7,9050,363
True,False,2569,465,s2-step9050-f4of5-d3of4,363,4,3,10000,7431,,5,4,True,0.2558139534883721,43,11,True,valid_distinct_candidate,0.8105568172918788,462,6970,4,0,True,55,fresh_execution,valid_sparse_circuit,3123438356,ba2be3143d9a6ae1422acde47172436839845217ec41bb9ca7b225db9e9bd970,,,locally_single_deletion_minimal_sparse_mask,stage18-scaling-24a9adb84176,2,7,9050,363
True,False,2479,471,s2-step9050-f4of5-d3of4,363,4,3,10000,7521,,5,4,True,0.25925925925925924,27,7,True,valid_distinct_candidate,0.8003759104080195,468,7054,5,0,True,49,fresh_execution,valid_sparse_circuit,1536532371,5b959f93d5b6a66b1580c4db3d1529e56ba3ba7163b350c21f6a970e7563e08c,,,locally_single_deletion_minimal_sparse_mask,stage18-scaling-24a9adb84176,2,7,9050,363
True,False,2449,472,s2-step9050-f4of5-d3of4,363,4,3,10000,7551,,5,4,True,0.2987012987012987,77,23,True,valid_distinct_candidate,0.8009241130863811,470,7082,6,0,True,47,fresh_execution,valid_sparse_circuit,447004378,1aa4bedad92515723eeacb623226a7aba766b5b62e0fd2e8613291aadbd452fa,,,locally_single_deletion_minimal_sparse_mask,stage18-scaling-24a9adb84176,2,7,9050,363
False,True,0,325,s2-step9050-f4of5-d3of4,363,4,3,5189,5189,,5,4,False,0.15566037735849056,212,33,True,budget_exhaustion,1.0,325,4865,7,0,True,192,fresh_execution,budget_exhaustion,2896169484,aca00a0c61b12127d93e2347411fb8c4ba63d78cb7e91d4f777247488c8eb1c8,,,budget_exhausted_inside_candidate_batch,stage18-scaling-24a9adb84176,2,7,9050,363
True,False,2584,464,s2-step9050-f17of20-d1of4,364,4,1,10000,7416,,20,17,True,0.0,1,0,True,valid_distinct_candidate,0.8600516876811026,461,6956,1,0,True,56,fresh_execution,valid_sparse_circuit,,,,,locally_single_deletion_minimal_sparse_mask,stage18-scaling-24a9adb84176,2,7,9050,364
True,False,2644,460,s2-step9050-f17of20-d1of4,364,4,1,10000,7356,,20,17,True,0.1717171717171717,99,17,True,valid_distinct_candidate,0.8569191009476075,457,6900,2,0,True,60,fresh_execution,valid_sparse_circuit,61523831,03aac7778aaed195fa288c031747875edaaeae3b72fa2544d8ce60a69f1af4b6,,,locally_single_deletion_minimal_sparse_mask,stage18-scaling-24a9adb84176,2,7,9050,364
True,False,2614,462,s2-step9050-f17of20-d1of4,364,4,1,10000,7386,,20,17,True,0.2127659574468085,47,10,True,valid_distinct_candidate,0.8512804448273161,459,6928,3,0,True,58,fresh_execution,valid_sparse_circuit,1026156702,3d29e89ec87f4d0d35453b0c4795e1280e1c039dc7d7b9dbed74cbd5271fc53b,,,locally_single_deletion_minimal_sparse_mask,stage18-scaling-24a9adb84176,2,7,9050,364
True,False,2554,466,s2-step9050-f17of20-d1of4,364,4,1,10000,7446,,20,17,True,0.1827956989247312,93,17,True,valid_distinct_candidate,0.8517503328373405,463,6984,4,0,True,54,fresh_execution,valid_sparse_circuit,3123438356,ba2be3143d9a6ae1422acde47172436839845217ec41bb9ca7b225db9e9bd970,,,locally_single_deletion_minimal_sparse_mask,stage18-scaling-24a9adb84176,2,7,9050,364
False,False,2554,466,s2-step9050-f17of20-d1of4,364,4,1,10000,7446,,20,17,True,0.30952380952380953,42,13,True,distinctness_failure,0.8523768501840395,463,6984,5,0,True,54,fresh_execution,valid_sparse_circuit,1536532371,5b959f93d5b6a66b1580c4db3d1529e56ba3ba7163b350c21f6a970e7563e08c,,,locally_single_deletion_minimal_sparse_mask,stage18-scaling-24a9adb84176,2,7,9050,364
False,True,0,160,s2-step9050-f17of20-d1of4,364,4,1,2554,2554,,20,17,False,0.10026385224274406,379,38,False,budget_exhaustion,1.0,160,2395,5,1,True,357,fresh_execution,budget_exhaustion,754313140,2cf5e7b4e4f69af95b9cf3c2a95c8a8ec002892b812376412fbccf439aba7439,,,budget_exhausted_inside_candidate_batch,stage18-scaling-24a9adb84176,2,7,9050,364
True,False,2584,464,s2-step9050-f17of20-d1of2,365,2,1,10000,7416,,20,17,True,0.0,1,0,True,valid_distinct_candidate,0.8600516876811026,461,6956,1,0,True,56,fresh_execution,valid_sparse_circuit,,,,,locally_single_deletion_minimal_sparse_mask,stage18-scaling-24a9adb84176,2,7,9050,365
True,False,2644,460,s2-step9050-f17of20-d1of2,365,2,1,10000,7356,,20,17,True,0.1717171717171717,99,17,True,valid_distinct_candidate,0.8569191009476075,457,6900,2,0,True,60,fresh_execution,valid_sparse_circuit,61523831,03aac7778aaed195fa288c031747875edaaeae3b72fa2544d8ce60a69f1af4b6,,,locally_single_deletion_minimal_sparse_mask,stage18-scaling-24a9adb84176,2,7,9050,365
True,False,2614,462,s2-step9050-f17of20-d1of2,365,2,1,10000,7386,,20,17,True,0.2127659574468085,47,10,True,valid_distinct_candidate,0.8512804448273161,459,6928,3,0,True,58,fresh_execution,valid_sparse_circuit,1026156702,3d29e89ec87f4d0d35453b0c4795e1280e1c039dc7d7b9dbed74cbd5271fc53b,,,locally_single_deletion_minimal_sparse_mask,stage18-scaling-24a9adb84176,2,7,9050,365
True,False,2554,466,s2-step9050-f17of20-d1of2,365,2,1,10000,7446,,20,17,True,0.1827956989247312,93,17,True,valid_distinct_candidate,0.8517503328373405,463,6984,4,0,True,54,fresh_execution,valid_sparse_circuit,3123438356,ba2be3143d9a6ae1422acde47172436839845217ec41bb9ca7b225db9e9bd970,,,locally_single_deletion_minimal_sparse_mask,stage18-scaling-24a9adb84176,2,7,9050,365
True,False,2554,466,s2-step9050-f17of20-d1of2,365,2,1,10000,7446,,20,17,True,0.30952380952380953,42,13,True,valid_distinct_candidate,0.8523768501840395,463,6984,5,0,True,54,fresh_execution,valid_sparse_circuit,1536532371,5b959f93d5b6a66b1580c4db3d1529e56ba3ba7163b350c21f6a970e7563e08c,,,locally_single_deletion_minimal_sparse_mask,stage18-scaling-24a9adb84176,2,7,9050,365
True,False,2524,468,s2-step9050-f17of20-d1of2,365,2,1,10000,7476,,20,17,True,0.27710843373493976,83,23,True,valid_distinct_candidate,0.8594251703344037,465,7012,6,0,True,52,fresh_execution,valid_sparse_circuit,447004378,1aa4bedad92515723eeacb623226a7aba766b5b62e0fd2e8613291aadbd452fa,,,locally_single_deletion_minimal_sparse_mask,stage18-scaling-24a9adb84176,2,7,9050,365
False,True,0,343,s2-step9050-f17of20-d1of2,365,2,1,5474,5474,,20,17,False,0.16326530612244897,49,8,True,budget_exhaustion,1.0,343,5132,7,0,True,174,fresh_execution,budget_exhaustion,2896169484,aca00a0c61b12127d93e2347411fb8c4ba63d78cb7e91d4f777247488c8eb1c8,,,budget_exhausted_inside_candidate_batch,stage18-scaling-24a9adb84176,2,7,9050,365
True,False,2584,464,s2-step9050-f17of20-d3of4,366,4,3,10000,7416,,20,17,True,0.0,1,0,True,valid_distinct_candidate,0.8600516876811026,461,6956,1,0,True,56,fresh_execution,valid_sparse_circuit,,,,,locally_single_deletion_minimal_sparse_mask,stage18-scaling-24a9adb84176,2,7,9050,366
True,False,2644,460,s2-step9050-f17of20-d3of4,366,4,3,10000,7356,,20,17,True,0.1717171717171717,99,17,True,valid_distinct_candidate,0.8569191009476075,457,6900,2,0,True,60,fresh_execution,valid_sparse_circuit,61523831,03aac7778aaed195fa288c031747875edaaeae3b72fa2544d8ce60a69f1af4b6,,,locally_single_deletion_minimal_sparse_mask,stage18-scaling-24a9adb84176,2,7,9050,366
True,False,2614,462,s2-step9050-f17of20-d3of4,366,4,3,10000,7386,,20,17,True,0.2127659574468085,47,10,True,valid_distinct_candidate,0.8512804448273161,459,6928,3,0,True,58,fresh_execution,valid_sparse_circuit,1026156702,3d29e89ec87f4d0d35453b0c4795e1280e1c039dc7d7b9dbed74cbd5271fc53b,,,locally_single_deletion_minimal_sparse_mask,stage18-scaling-24a9adb84176,2,7,9050,366
True,False,2554,466,s2-step9050-f17of20-d3of4,366,4,3,10000,7446,,20,17,True,0.1827956989247312,93,17,True,valid_distinct_candidate,0.8517503328373405,463,6984,4,0,True,54,fresh_execution,valid_sparse_circuit,3123438356,ba2be3143d9a6ae1422acde47172436839845217ec41bb9ca7b225db9e9bd970,,,locally_single_deletion_minimal_sparse_mask,stage18-scaling-24a9adb84176,2,7,9050,366
True,False,2554,466,s2-step9050-f17of20-d3of4,366,4,3,10000,7446,,20,17,True,0.30952380952380953,42,13,True,valid_distinct_candidate,0.8523768501840395,463,6984,5,0,True,54,fresh_execution,valid_sparse_circuit,1536532371,5b959f93d5b6a66b1580c4db3d1529e56ba3ba7163b350c21f6a970e7563e08c,,,locally_single_deletion_minimal_sparse_mask,stage18-scaling-24a9adb84176,2,7,9050,366
True,False,2524,468,s2-step9050-f17of20-d3of4,366,4,3,10000,7476,,20,17,True,0.27710843373493976,83,23,True,valid_distinct_candidate,0.8594251703344037,465,7012,6,0,True,52,fresh_execution,valid_sparse_circuit,447004378,1aa4bedad92515723eeacb623226a7aba766b5b62e0fd2e8613291aadbd452fa,,,locally_single_deletion_minimal_sparse_mask,stage18-scaling-24a9adb84176,2,7,9050,366
False,True,0,343,s2-step9050-f17of20-d3of4,366,4,3,5474,5474,,20,17,False,0.16326530612244897,49,8,True,budget_exhaustion,1.0,343,5132,7,0,True,174,fresh_execution,budget_exhaustion,2896169484,aca00a0c61b12127d93e2347411fb8c4ba63d78cb7e91d4f777247488c8eb1c8,,,budget_exhausted_inside_candidate_batch,stage18-scaling-24a9adb84176,2,7,9050,366
True,False,2628,461,s2-step9050-f9of10-d1of4,367,4,1,10000,7372,,10,9,True,0.0,1,0,True,valid_distinct_candidate,0.9003054272065157,457,6916,1,0,True,60,fresh_execution,valid_sparse_circuit,,,,,locally_single_deletion_minimal_sparse_mask,stage18-scaling-24a9adb84176,2,7,9050,367
True,False,2599,463,s2-step9050-f9of10-d1of4,367,4,1,10000,7401,,10,9,True,0.21875,32,7,True,valid_distinct_candidate,0.9032813846033362,460,6942,2,0,True,57,fresh_execution,valid_sparse_circuit,61523831,03aac7778aaed195fa288c031747875edaaeae3b72fa2544d8ce60a69f1af4b6,,,locally_single_deletion_minimal_sparse_mask,stage18-scaling-24a9adb84176,2,7,9050,367
True,False,2629,461,s2-step9050-f9of10-d1of4,367,4,1,10000,7371,,10,9,True,0.1958762886597938,97,19,True,valid_distinct_candidate,0.9023416085832876,458,6914,3,0,True,59,fresh_execution,valid_sparse_circuit,1026156702,3d29e89ec87f4d0d35453b0c4795e1280e1c039dc7d7b9dbed74cbd5271fc53b,,,locally_single_deletion_minimal_sparse_mask,stage18-scaling-24a9adb84176,2,7,9050,367
False,False,2718,456,s2-step9050-f9of10-d1of4,367,4,1,10000,7282,,10,9,True,0.26804123711340205,97,26,True,distinctness_failure,0.9020283499099381,451,6832,4,0,True,66,fresh_execution,valid_sparse_circuit,3123438356,ba2be3143d9a6ae1422acde47172436839845217ec41bb9ca7b225db9e9bd970,,,locally_single_deletion_minimal_sparse_mask,stage18-scaling-24a9adb84176,2,7,9050,367
False,True,0,170,s2-step9050-f9of10-d1of4,367,4,1,2718,2718,,10,9,False,0.10684931506849316,365,39,False,budget_exhaustion,1.0,170,2549,4,1,True,347,fresh_execution,budget_exhaustion,3882554454,e76b1456c78dca0d67563f1f72a0c530999b2cfc7587c2b9473ed4df98ca292b,,,budget_exhausted_inside_candidate_batch,stage18-scaling-24a9adb84176,2,7,9050,367
True,False,2628,461,s2-step9050-f9of10-d1of2,368,2,1,10000,7372,,10,9,True,0.0,1,0,True,valid_distinct_candidate,0.9003054272065157,457,6916,1,0,True,60,fresh_execution,valid_sparse_circuit,,,,,locally_single_deletion_minimal_sparse_mask,stage18-scaling-24a9adb84176,2,7,9050,368
True,False,2599,463,s2-step9050-f9of10-d1of2,368,2,1,10000,7401,,10,9,True,0.21875,32,7,True,valid_distinct_candidate,0.9032813846033362,460,6942,2,0,True,57,fresh_execution,valid_sparse_circuit,61523831,03aac7778aaed195fa288c031747875edaaeae3b72fa2544d8ce60a69f1af4b6,,,locally_single_deletion_minimal_sparse_mask,stage18-scaling-24a9adb84176,2,7,9050,368
True,False,2629,461,s2-step9050-f9of10-d1of2,368,2,1,10000,7371,,10,9,True,0.1958762886597938,97,19,True,valid_distinct_candidate,0.9023416085832876,458,6914,3,0,True,59,fresh_execution,valid_sparse_circuit,1026156702,3d29e89ec87f4d0d35453b0c4795e1280e1c039dc7d7b9dbed74cbd5271fc53b,,,locally_single_deletion_minimal_sparse_mask,stage18-scaling-24a9adb84176,2,7,9050,368
True,False,2718,456,s2-step9050-f9of10-d1of2,368,2,1,10000,7282,,10,9,True,0.26804123711340205,97,26,True,valid_distinct_candidate,0.9020283499099381,451,6832,4,0,True,66,fresh_execution,valid_sparse_circuit,3123438356,ba2be3143d9a6ae1422acde47172436839845217ec41bb9ca7b225db9e9bd970,,,locally_single_deletion_minimal_sparse_mask,stage18-scaling-24a9adb84176,2,7,9050,368
True,False,2704,456,s2-step9050-f9of10-d1of2,368,2,1,10000,7296,,10,9,True,0.1941747572815534,103,20,True,valid_distinct_candidate,0.9010102592215522,453,6844,5,0,True,64,fresh_execution,valid_sparse_circuit,1536532371,5b959f93d5b6a66b1580c4db3d1529e56ba3ba7163b350c21f6a970e7563e08c,,,locally_single_deletion_minimal_sparse_mask,stage18-scaling-24a9adb84176,2,7,9050,368
True,False,2613,462,s2-step9050-f9of10-d1of2,368,2,1,10000,7387,,10,9,True,0.25263157894736843,95,24,True,valid_distinct_candidate,0.9014018325632391,458,6930,6,0,True,59,fresh_execution,valid_sparse_circuit,447004378,1aa4bedad92515723eeacb623226a7aba766b5b62e0fd2e8613291aadbd452fa,,,locally_single_deletion_minimal_sparse_mask,stage18-scaling-24a9adb84176,2,7,9050,368
False,True,0,369,s2-step9050-f9of10-d1of2,368,2,1,5891,5891,,10,9,False,0.18285714285714286,175,32,True,budget_exhaustion,0.9995301119899758,369,5523,7,0,True,148,fresh_execution,budget_exhaustion,2896169484,aca00a0c61b12127d93e2347411fb8c4ba63d78cb7e91d4f777247488c8eb1c8,,,budget_exhausted_inside_candidate_batch,stage18-scaling-24a9adb84176,2,7,9050,368
True,False,2628,461,s2-step9050-f9of10-d3of4,369,4,3,10000,7372,,10,9,True,0.0,1,0,True,valid_distinct_candidate,0.9003054272065157,457,6916,1,0,True,60,fresh_execution,valid_sparse_circuit,,,,,locally_single_deletion_minimal_sparse_mask,stage18-scaling-24a9adb84176,2,7,9050,369
True,False,2599,463,s2-step9050-f9of10-d3of4,369,4,3,10000,7401,,10,9,True,0.21875,32,7,True,valid_distinct_candidate,0.9032813846033362,460,6942,2,0,True,57,fresh_execution,valid_sparse_circuit,61523831,03aac7778aaed195fa288c031747875edaaeae3b72fa2544d8ce60a69f1af4b6,,,locally_single_deletion_minimal_sparse_mask,stage18-scaling-24a9adb84176,2,7,9050,369
True,False,2629,461,s2-step9050-f9of10-d3of4,369,4,3,10000,7371,,10,9,True,0.1958762886597938,97,19,True,valid_distinct_candidate,0.9023416085832876,458,6914,3,0,True,59,fresh_execution,valid_sparse_circuit,1026156702,3d29e89ec87f4d0d35453b0c4795e1280e1c039dc7d7b9dbed74cbd5271fc53b,,,locally_single_deletion_minimal_sparse_mask,stage18-scaling-24a9adb84176,2,7,9050,369
True,False,2718,456,s2-step9050-f9of10-d3of4,369,4,3,10000,7282,,10,9,True,0.26804123711340205,97,26,True,valid_distinct_candidate,0.9020283499099381,451,6832,4,0,True,66,fresh_execution,valid_sparse_circuit,3123438356,ba2be3143d9a6ae1422acde47172436839845217ec41bb9ca7b225db9e9bd970,,,locally_single_deletion_minimal_sparse_mask,stage18-scaling-24a9adb84176,2,7,9050,369
True,False,2704,456,s2-step9050-f9of10-d3of4,369,4,3,10000,7296,,10,9,True,0.1941747572815534,103,20,True,valid_distinct_candidate,0.9010102592215522,453,6844,5,0,True,64,fresh_execution,valid_sparse_circuit,1536532371,5b959f93d5b6a66b1580c4db3d1529e56ba3ba7163b350c21f6a970e7563e08c,,,locally_single_deletion_minimal_sparse_mask,stage18-scaling-24a9adb84176,2,7,9050,369
True,False,2613,462,s2-step9050-f9of10-d3of4,369,4,3,10000,7387,,10,9,True,0.25263157894736843,95,24,True,valid_distinct_candidate,0.9014018325632391,458,6930,6,0,True,59,fresh_execution,valid_sparse_circuit,447004378,1aa4bedad92515723eeacb623226a7aba766b5b62e0fd2e8613291aadbd452fa,,,locally_single_deletion_minimal_sparse_mask,stage18-scaling-24a9adb84176,2,7,9050,369
False,True,0,369,s2-step9050-f9of10-d3of4,369,4,3,5891,5891,,10,9,False,0.18285714285714286,175,32,True,budget_exhaustion,0.9995301119899758,369,5523,7,0,True,148,fresh_execution,budget_exhaustion,2896169484,aca00a0c61b12127d93e2347411fb8c4ba63d78cb7e91d4f777247488c8eb1c8,,,budget_exhausted_inside_candidate_batch,stage18-scaling-24a9adb84176,2,7,9050,369
True,False,2764,453,s2-step9050-f19of20-d1of4,370,4,1,10000,7236,,20,19,True,0.0,1,0,True,valid_distinct_candidate,0.9535594016759339,449,6788,1,0,True,68,fresh_execution,valid_sparse_circuit,,,,,locally_single_deletion_minimal_sparse_mask,stage18-scaling-24a9adb84176,2,7,9050,370
True,False,2688,457,s2-step9050-f19of20-d1of4,370,4,1,10000,7312,,20,19,True,0.15789473684210525,19,3,True,valid_distinct_candidate,0.9530895136659097,453,6860,2,0,True,64,fresh_execution,valid_sparse_circuit,61523831,03aac7778aaed195fa288c031747875edaaeae3b72fa2544d8ce60a69f1af4b6,,,locally_single_deletion_minimal_sparse_mask,stage18-scaling-24a9adb84176,2,7,9050,370
True,False,2884,445,s2-step9050-f19of20-d1of4,370,4,1,10000,7116,,20,19,True,0.16129032258064516,31,5,True,valid_distinct_candidate,0.9545774923643199,441,6676,3,0,True,76,fresh_execution,valid_sparse_circuit,1026156702,3d29e89ec87f4d0d35453b0c4795e1280e1c039dc7d7b9dbed74cbd5271fc53b,,,locally_single_deletion_minimal_sparse_mask,stage18-scaling-24a9adb84176,2,7,9050,370
True,False,2809,450,s2-step9050-f19of20-d1of4,370,4,1,10000,7191,,20,19,True,0.19469026548672566,113,22,True,valid_distinct_candidate,0.9516015349674994,446,6746,4,0,True,71,fresh_execution,valid_sparse_circuit,3123438356,ba2be3143d9a6ae1422acde47172436839845217ec41bb9ca7b225db9e9bd970,,,locally_single_deletion_minimal_sparse_mask,stage18-scaling-24a9adb84176,2,7,9050,370
True,False,2838,448,s2-step9050-f19of20-d1of4,370,4,1,10000,7162,,20,19,True,0.21367521367521367,117,25,True,valid_distinct_candidate,0.9523063669825358,443,6720,5,0,True,74,fresh_execution,valid_sparse_circuit,1536532371,5b959f93d5b6a66b1580c4db3d1529e56ba3ba7163b350c21f6a970e7563e08c,,,locally_single_deletion_minimal_sparse_mask,stage18-scaling-24a9adb84176,2,7,9050,370
False,False,2809,450,s2-step9050-f19of20-d1of4,370,4,1,10000,7191,,20,19,True,0.25225225225225223,111,28,True,distinctness_failure,0.9506617589474509,446,6746,6,0,True,71,fresh_execution,valid_sparse_circuit,447004378,1aa4bedad92515723eeacb623226a7aba766b5b62e0fd2e8613291aadbd452fa,,,locally_single_deletion_minimal_sparse_mask,stage18-scaling-24a9adb84176,2,7,9050,370
False,True,0,176,s2-step9050-f19of20-d1of4,370,4,1,2809,2809,,20,19,False,0.11878453038674033,362,43,False,budget_exhaustion,1.0,176,2634,6,1,True,341,fresh_execution,budget_exhaustion,707900146,2a31b2f260ce90a39f1d03dd7d75eac4cab861e2d04df15f215d2d40a0f2fb7b,,,budget_exhausted_inside_candidate_batch,stage18-scaling-24a9adb84176,2,7,9050,370
True,False,2764,453,s2-step9050-f19of20-d1of2,371,2,1,10000,7236,,20,19,True,0.0,1,0,True,valid_distinct_candidate,0.9535594016759339,449,6788,1,0,True,68,fresh_execution,valid_sparse_circuit,,,,,locally_single_deletion_minimal_sparse_mask,stage18-scaling-24a9adb84176,2,7,9050,371
True,False,2688,457,s2-step9050-f19of20-d1of2,371,2,1,10000,7312,,20,19,True,0.15789473684210525,19,3,True,valid_distinct_candidate,0.9530895136659097,453,6860,2,0,True,64,fresh_execution,valid_sparse_circuit,61523831,03aac7778aaed195fa288c031747875edaaeae3b72fa2544d8ce60a69f1af4b6,,,locally_single_deletion_minimal_sparse_mask,stage18-scaling-24a9adb84176,2,7,9050,371
True,False,2884,445,s2-step9050-f19of20-d1of2,371,2,1,10000,7116,,20,19,True,0.16129032258064516,31,5,True,valid_distinct_candidate,0.9545774923643199,441,6676,3,0,True,76,fresh_execution,valid_sparse_circuit,1026156702,3d29e89ec87f4d0d35453b0c4795e1280e1c039dc7d7b9dbed74cbd5271fc53b,,,locally_single_deletion_minimal_sparse_mask,stage18-scaling-24a9adb84176,2,7,9050,371
True,False,2809,450,s2-step9050-f19of20-d1of2,371,2,1,10000,7191,,20,19,True,0.19469026548672566,113,22,True,valid_distinct_candidate,0.9516015349674994,446,6746,4,0,True,71,fresh_execution,valid_sparse_circuit,3123438356,ba2be3143d9a6ae1422acde47172436839845217ec41bb9ca7b225db9e9bd970,,,locally_single_deletion_minimal_sparse_mask,stage18-scaling-24a9adb84176,2,7,9050,371
True,False,2838,448,s2-step9050-f19of20-d1of2,371,2,1,10000,7162,,20,19,True,0.21367521367521367,117,25,True,valid_distinct_candidate,0.9523063669825358,443,6720,5,0,True,74,fresh_execution,valid_sparse_circuit,1536532371,5b959f93d5b6a66b1580c4db3d1529e56ba3ba7163b350c21f6a970e7563e08c,,,locally_single_deletion_minimal_sparse_mask,stage18-scaling-24a9adb84176,2,7,9050,371
True,False,2809,450,s2-step9050-f19of20-d1of2,371,2,1,10000,7191,,20,19,True,0.25225225225225223,111,28,True,valid_distinct_candidate,0.9506617589474509,446,6746,6,0,True,71,fresh_execution,valid_sparse_circuit,447004378,1aa4bedad92515723eeacb623226a7aba766b5b62e0fd2e8613291aadbd452fa,,,locally_single_deletion_minimal_sparse_mask,stage18-scaling-24a9adb84176,2,7,9050,371
False,True,0,425,s2-step9050-f19of20-d1of2,371,2,1,6792,6792,,20,19,False,0.21641791044776118,134,29,True,budget_exhaustion,0.9950661758947451,425,6368,7,0,True,92,fresh_execution,budget_exhaustion,2896169484,aca00a0c61b12127d93e2347411fb8c4ba63d78cb7e91d4f777247488c8eb1c8,,,budget_exhausted_inside_candidate_batch,stage18-scaling-24a9adb84176,2,7,9050,371
True,False,2764,453,s2-step9050-f19of20-d3of4,372,4,3,10000,7236,,20,19,True,0.0,1,0,True,valid_distinct_candidate,0.9535594016759339,449,6788,1,0,True,68,fresh_execution,valid_sparse_circuit,,,,,locally_single_deletion_minimal_sparse_mask,stage18-scaling-24a9adb84176,2,7,9050,372
True,False,2688,457,s2-step9050-f19of20-d3of4,372,4,3,10000,7312,,20,19,True,0.15789473684210525,19,3,True,valid_distinct_candidate,0.9530895136659097,453,6860,2,0,True,64,fresh_execution,valid_sparse_circuit,61523831,03aac7778aaed195fa288c031747875edaaeae3b72fa2544d8ce60a69f1af4b6,,,locally_single_deletion_minimal_sparse_mask,stage18-scaling-24a9adb84176,2,7,9050,372
True,False,2884,445,s2-step9050-f19of20-d3of4,372,4,3,10000,7116,,20,19,True,0.16129032258064516,31,5,True,valid_distinct_candidate,0.9545774923643199,441,6676,3,0,True,76,fresh_execution,valid_sparse_circuit,1026156702,3d29e89ec87f4d0d35453b0c4795e1280e1c039dc7d7b9dbed74cbd5271fc53b,,,locally_single_deletion_minimal_sparse_mask,stage18-scaling-24a9adb84176,2,7,9050,372
True,False,2809,450,s2-step9050-f19of20-d3of4,372,4,3,10000,7191,,20,19,True,0.19469026548672566,113,22,True,valid_distinct_candidate,0.9516015349674994,446,6746,4,0,True,71,fresh_execution,valid_sparse_circuit,3123438356,ba2be3143d9a6ae1422acde47172436839845217ec41bb9ca7b225db9e9bd970,,,locally_single_deletion_minimal_sparse_mask,stage18-scaling-24a9adb84176,2,7,9050,372
True,False,2838,448,s2-step9050-f19of20-d3of4,372,4,3,10000,7162,,20,19,True,0.21367521367521367,117,25,True,valid_distinct_candidate,0.9523063669825358,443,6720,5,0,True,74,fresh_execution,valid_sparse_circuit,1536532371,5b959f93d5b6a66b1580c4db3d1529e56ba3ba7163b350c21f6a970e7563e08c,,,locally_single_deletion_minimal_sparse_mask,stage18-scaling-24a9adb84176,2,7,9050,372
True,False,2809,450,s2-step9050-f19of20-d3of4,372,4,3,10000,7191,,20,19,True,0.25225225225225223,111,28,True,valid_distinct_candidate,0.9506617589474509,446,6746,6,0,True,71,fresh_execution,valid_sparse_circuit,447004378,1aa4bedad92515723eeacb623226a7aba766b5b62e0fd2e8613291aadbd452fa,,,locally_single_deletion_minimal_sparse_mask,stage18-scaling-24a9adb84176,2,7,9050,372
False,True,0,425,s2-step9050-f19of20-d3of4,372,4,3,6792,6792,,20,19,False,0.21641791044776118,134,29,True,budget_exhaustion,0.9950661758947451,425,6368,7,0,True,92,fresh_execution,budget_exhaustion,2896169484,aca00a0c61b12127d93e2347411fb8c4ba63d78cb7e91d4f777247488c8eb1c8,,,budget_exhausted_inside_candidate_batch,stage18-scaling-24a9adb84176,2,7,9050,372
True,False,2943,442,s2-step9050-f39of40-d1of4,373,4,1,10000,7057,,40,39,True,0.0,1,0,True,valid_distinct_candidate,0.9778369488605215,436,6622,1,0,True,81,fresh_execution,valid_sparse_circuit,,,,,locally_single_deletion_minimal_sparse_mask,stage18-scaling-24a9adb84176,2,7,9050,373
True,False,2869,446,s2-step9050-f39of40-d1of4,373,4,1,10000,7131,,40,39,True,0.14705882352941177,34,5,True,valid_distinct_candidate,0.9760357114887619,442,6690,2,0,True,75,fresh_execution,valid_sparse_circuit,61523831,03aac7778aaed195fa288c031747875edaaeae3b72fa2544d8ce60a69f1af4b6,,,locally_single_deletion_minimal_sparse_mask,stage18-scaling-24a9adb84176,2,7,9050,373
True,False,2899,444,s2-step9050-f39of40-d1of4,373,4,1,10000,7101,,40,39,True,0.16030534351145037,131,21,True,valid_distinct_candidate,0.975644138147075,440,6662,3,0,True,77,fresh_execution,valid_sparse_circuit,1026156702,3d29e89ec87f4d0d35453b0c4795e1280e1c039dc7d7b9dbed74cbd5271fc53b,,,locally_single_deletion_minimal_sparse_mask,stage18-scaling-24a9adb84176,2,7,9050,373
True,False,2824,449,s2-step9050-f39of40-d1of4,373,4,1,10000,7176,,40,39,True,0.16793893129770993,131,22,True,valid_distinct_candidate,0.9776803195238468,445,6732,4,0,True,72,fresh_execution,valid_sparse_circuit,3123438356,ba2be3143d9a6ae1422acde47172436839845217ec41bb9ca7b225db9e9bd970,,,locally_single_deletion_minimal_sparse_mask,stage18-scaling-24a9adb84176,2,7,9050,373
True,False,2809,450,s2-step9050-f39of40-d1of4,373,4,1,10000,7191,,40,39,True,0.23577235772357724,123,29,True,valid_distinct_candidate,0.976270655493774,446,6746,5,0,True,71,fresh_execution,valid_sparse_circuit,1536532371,5b959f93d5b6a66b1580c4db3d1529e56ba3ba7163b350c21f6a970e7563e08c,,,locally_single_deletion_minimal_sparse_mask,stage18-scaling-24a9adb84176,2,7,9050,373
True,False,2822,449,s2-step9050-f39of40-d1of4,373,4,1,10000,7178,,40,39,True,0.19834710743801653,121,24,True,valid_distinct_candidate,0.9750176208003759,443,6736,6,0,True,74,fresh_execution,valid_sparse_circuit,447004378,1aa4bedad92515723eeacb623226a7aba766b5b62e0fd2e8613291aadbd452fa,,,locally_single_deletion_minimal_sparse_mask,stage18-scaling-24a9adb84176,2,7,9050,373
True,False,139,440,s2-step9050-f39of40-d1of4,373,4,1,7166,7027,,40,39,True,0.20610687022900764,131,27,True,valid_distinct_candidate,0.9750176208003759,434,6594,7,0,True,83,fresh_execution,valid_sparse_circuit,2896169484,aca00a0c61b12127d93e2347411fb8c4ba63d78cb7e91d4f777247488c8eb1c8,,,locally_single_deletion_minimal_sparse_mask,stage18-scaling-24a9adb84176,2,7,9050,373
False,True,0,9,s2-step9050-f39of40-d1of4,373,4,1,139,139,,40,39,False,0.15490196078431373,510,79,False,budget_exhaustion,1.0,9,131,8,0,True,508,fresh_execution,budget_exhaustion,3949049244,eb61b59ccbe3d149fa7ba8fa2d61fda73f5e8c9167cf654a1a4917b286281319,,,budget_exhausted_inside_candidate_batch,stage18-scaling-24a9adb84176,2,7,9050,373
True,False,2943,442,s2-step9050-f39of40-d1of2,374,2,1,10000,7057,,40,39,True,0.0,1,0,True,valid_distinct_candidate,0.9778369488605215,436,6622,1,0,True,81,fresh_execution,valid_sparse_circuit,,,,,locally_single_deletion_minimal_sparse_mask,stage18-scaling-24a9adb84176,2,7,9050,374
True,False,2869,446,s2-step9050-f39of40-d1of2,374,2,1,10000,7131,,40,39,True,0.14705882352941177,34,5,True,valid_distinct_candidate,0.9760357114887619,442,6690,2,0,True,75,fresh_execution,valid_sparse_circuit,61523831,03aac7778aaed195fa288c031747875edaaeae3b72fa2544d8ce60a69f1af4b6,,,locally_single_deletion_minimal_sparse_mask,stage18-scaling-24a9adb84176,2,7,9050,374
True,False,2899,444,s2-step9050-f39of40-d1of2,374,2,1,10000,7101,,40,39,True,0.16030534351145037,131,21,True,valid_distinct_candidate,0.975644138147075,440,6662,3,0,True,77,fresh_execution,valid_sparse_circuit,1026156702,3d29e89ec87f4d0d35453b0c4795e1280e1c039dc7d7b9dbed74cbd5271fc53b,,,locally_single_deletion_minimal_sparse_mask,stage18-scaling-24a9adb84176,2,7,9050,374
True,False,2824,449,s2-step9050-f39of40-d1of2,374,2,1,10000,7176,,40,39,True,0.16793893129770993,131,22,True,valid_distinct_candidate,0.9776803195238468,445,6732,4,0,True,72,fresh_execution,valid_sparse_circuit,3123438356,ba2be3143d9a6ae1422acde47172436839845217ec41bb9ca7b225db9e9bd970,,,locally_single_deletion_minimal_sparse_mask,stage18-scaling-24a9adb84176,2,7,9050,374
True,False,2809,450,s2-step9050-f39of40-d1of2,374,2,1,10000,7191,,40,39,True,0.23577235772357724,123,29,True,valid_distinct_candidate,0.976270655493774,446,6746,5,0,True,71,fresh_execution,valid_sparse_circuit,1536532371,5b959f93d5b6a66b1580c4db3d1529e56ba3ba7163b350c21f6a970e7563e08c,,,locally_single_deletion_minimal_sparse_mask,stage18-scaling-24a9adb84176,2,7,9050,374
True,False,2822,449,s2-step9050-f39of40-d1of2,374,2,1,10000,7178,,40,39,True,0.19834710743801653,121,24,True,valid_distinct_candidate,0.9750176208003759,443,6736,6,0,True,74,fresh_execution,valid_sparse_circuit,447004378,1aa4bedad92515723eeacb623226a7aba766b5b62e0fd2e8613291aadbd452fa,,,locally_single_deletion_minimal_sparse_mask,stage18-scaling-24a9adb84176,2,7,9050,374
True,False,139,440,s2-step9050-f39of40-d1of2,374,2,1,7166,7027,,40,39,True,0.20610687022900764,131,27,True,valid_distinct_candidate,0.9750176208003759,434,6594,7,0,True,83,fresh_execution,valid_sparse_circuit,2896169484,aca00a0c61b12127d93e2347411fb8c4ba63d78cb7e91d4f777247488c8eb1c8,,,locally_single_deletion_minimal_sparse_mask,stage18-scaling-24a9adb84176,2,7,9050,374
False,True,0,9,s2-step9050-f39of40-d1of2,374,2,1,139,139,,40,39,False,0.15490196078431373,510,79,False,budget_exhaustion,1.0,9,131,8,0,True,508,fresh_execution,budget_exhaustion,3949049244,eb61b59ccbe3d149fa7ba8fa2d61fda73f5e8c9167cf654a1a4917b286281319,,,budget_exhausted_inside_candidate_batch,stage18-scaling-24a9adb84176,2,7,9050,374
True,False,2943,442,s2-step9050-f39of40-d3of4,375,4,3,10000,7057,,40,39,True,0.0,1,0,True,valid_distinct_candidate,0.9778369488605215,436,6622,1,0,True,81,fresh_execution,valid_sparse_circuit,,,,,locally_single_deletion_minimal_sparse_mask,stage18-scaling-24a9adb84176,2,7,9050,375
True,False,2869,446,s2-step9050-f39of40-d3of4,375,4,3,10000,7131,,40,39,True,0.14705882352941177,34,5,True,valid_distinct_candidate,0.9760357114887619,442,6690,2,0,True,75,fresh_execution,valid_sparse_circuit,61523831,03aac7778aaed195fa288c031747875edaaeae3b72fa2544d8ce60a69f1af4b6,,,locally_single_deletion_minimal_sparse_mask,stage18-scaling-24a9adb84176,2,7,9050,375
True,False,2899,444,s2-step9050-f39of40-d3of4,375,4,3,10000,7101,,40,39,True,0.16030534351145037,131,21,True,valid_distinct_candidate,0.975644138147075,440,6662,3,0,True,77,fresh_execution,valid_sparse_circuit,1026156702,3d29e89ec87f4d0d35453b0c4795e1280e1c039dc7d7b9dbed74cbd5271fc53b,,,locally_single_deletion_minimal_sparse_mask,stage18-scaling-24a9adb84176,2,7,9050,375
True,False,2824,449,s2-step9050-f39of40-d3of4,375,4,3,10000,7176,,40,39,True,0.16793893129770993,131,22,True,valid_distinct_candidate,0.9776803195238468,445,6732,4,0,True,72,fresh_execution,valid_sparse_circuit,3123438356,ba2be3143d9a6ae1422acde47172436839845217ec41bb9ca7b225db9e9bd970,,,locally_single_deletion_minimal_sparse_mask,stage18-scaling-24a9adb84176,2,7,9050,375
True,False,2809,450,s2-step9050-f39of40-d3of4,375,4,3,10000,7191,,40,39,True,0.23577235772357724,123,29,True,valid_distinct_candidate,0.976270655493774,446,6746,5,0,True,71,fresh_execution,valid_sparse_circuit,1536532371,5b959f93d5b6a66b1580c4db3d1529e56ba3ba7163b350c21f6a970e7563e08c,,,locally_single_deletion_minimal_sparse_mask,stage18-scaling-24a9adb84176,2,7,9050,375
True,False,2822,449,s2-step9050-f39of40-d3of4,375,4,3,10000,7178,,40,39,True,0.19834710743801653,121,24,True,valid_distinct_candidate,0.9750176208003759,443,6736,6,0,True,74,fresh_execution,valid_sparse_circuit,447004378,1aa4bedad92515723eeacb623226a7aba766b5b62e0fd2e8613291aadbd452fa,,,locally_single_deletion_minimal_sparse_mask,stage18-scaling-24a9adb84176,2,7,9050,375
True,False,139,440,s2-step9050-f39of40-d3of4,375,4,3,7166,7027,,40,39,True,0.20610687022900764,131,27,True,valid_distinct_candidate,0.9750176208003759,434,6594,7,0,True,83,fresh_execution,valid_sparse_circuit,2896169484,aca00a0c61b12127d93e2347411fb8c4ba63d78cb7e91d4f777247488c8eb1c8,,,locally_single_deletion_minimal_sparse_mask,stage18-scaling-24a9adb84176,2,7,9050,375
False,True,0,9,s2-step9050-f39of40-d3of4,375,4,3,139,139,,40,39,False,0.15490196078431373,510,79,False,budget_exhaustion,1.0,9,131,8,0,True,508,fresh_execution,budget_exhaustion,3949049244,eb61b59ccbe3d149fa7ba8fa2d61fda73f5e8c9167cf654a1a4917b286281319,,,budget_exhausted_inside_candidate_batch,stage18-scaling-24a9adb84176,2,7,9050,375
True,False,3108,431,s2-step9050-f99of100-d1of4,376,4,1,10000,6892,,100,99,True,0.0,1,0,True,valid_distinct_candidate,0.9902106664578275,425,6468,1,0,True,92,fresh_execution,valid_sparse_circuit,,,,,locally_single_deletion_minimal_sparse_mask,stage18-scaling-24a9adb84176,2,7,9050,376
True,False,2973,440,s2-step9050-f99of100-d1of4,376,4,1,10000,7027,,100,99,True,0.12179487179487179,156,19,True,valid_distinct_candidate,0.9902106664578275,434,6594,2,0,True,83,fresh_execution,valid_sparse_circuit,61523831,03aac7778aaed195fa288c031747875edaaeae3b72fa2544d8ce60a69f1af4b6,,,locally_single_deletion_minimal_sparse_mask,stage18-scaling-24a9adb84176,2,7,9050,376
True,False,2973,440,s2-step9050-f99of100-d1of4,376,4,1,10000,7027,,100,99,True,0.1513157894736842,152,23,True,valid_distinct_candidate,0.9904456104628397,434,6594,3,0,True,83,fresh_execution,valid_sparse_circuit,1026156702,3d29e89ec87f4d0d35453b0c4795e1280e1c039dc7d7b9dbed74cbd5271fc53b,,,locally_single_deletion_minimal_sparse_mask,stage18-scaling-24a9adb84176,2,7,9050,376
True,False,3019,437,s2-step9050-f99of100-d1of4,376,4,1,10000,6981,,100,99,True,0.1506849315068493,73,11,True,valid_distinct_candidate,0.9902889811261649,432,6550,4,0,True,85,fresh_execution,valid_sparse_circuit,3123438356,ba2be3143d9a6ae1422acde47172436839845217ec41bb9ca7b225db9e9bd970,,,locally_single_deletion_minimal_sparse_mask,stage18-scaling-24a9adb84176,2,7,9050,376
True,False,2943,442,s2-step9050-f99of100-d1of4,376,4,1,10000,7057,,100,99,True,0.2097902097902098,143,30,True,valid_distinct_candidate,0.9901323517894902,436,6622,5,0,True,81,fresh_execution,valid_sparse_circuit,1536532371,5b959f93d5b6a66b1580c4db3d1529e56ba3ba7163b350c21f6a970e7563e08c,,,locally_single_deletion_minimal_sparse_mask,stage18-scaling-24a9adb84176,2,7,9050,376
True,False,3002,438,s2-step9050-f99of100-d1of4,376,4,1,10000,6998,,100,99,True,0.22758620689655173,145,33,True,valid_distinct_candidate,0.990523925131177,431,6568,6,0,True,86,fresh_execution,valid_sparse_circuit,447004378,1aa4bedad92515723eeacb623226a7aba766b5b62e0fd2e8613291aadbd452fa,,,locally_single_deletion_minimal_sparse_mask,stage18-scaling-24a9adb84176,2,7,9050,376
False,False,1036,437,s2-step9050-f99of100-d1of4,376,4,1,8018,6982,,100,99,True,0.2898550724637681,69,20,True,distinctness_failure,0.9902106664578275,431,6552,7,0,True,86,fresh_execution,valid_sparse_circuit,2896169484,aca00a0c61b12127d93e2347411fb8c4ba63d78cb7e91d4f777247488c8eb1c8,,,locally_single_deletion_minimal_sparse_mask,stage18-scaling-24a9adb84176,2,7,9050,376
False,True,0,65,s2-step9050-f99of100-d1of4,376,4,1,1036,1036,,100,99,False,0.18518518518518517,27,5,False,budget_exhaustion,1.0,65,972,7,1,True,452,fresh_execution,budget_exhaustion,1905186829,718ed80d039f6e539d6099e64c0a7fc99739f469b67db5567bcd6172b8f81c0f,,,budget_exhausted_inside_candidate_batch,stage18-scaling-24a9adb84176,2,7,9050,376
True,False,3108,431,s2-step9050-f99of100-d1of2,377,2,1,10000,6892,,100,99,True,0.0,1,0,True,valid_distinct_candidate,0.9902106664578275,425,6468,1,0,True,92,fresh_execution,valid_sparse_circuit,,,,,locally_single_deletion_minimal_sparse_mask,stage18-scaling-24a9adb84176,2,7,9050,377
True,False,2973,440,s2-step9050-f99of100-d1of2,377,2,1,10000,7027,,100,99,True,0.12179487179487179,156,19,True,valid_distinct_candidate,0.9902106664578275,434,6594,2,0,True,83,fresh_execution,valid_sparse_circuit,61523831,03aac7778aaed195fa288c031747875edaaeae3b72fa2544d8ce60a69f1af4b6,,,locally_single_deletion_minimal_sparse_mask,stage18-scaling-24a9adb84176,2,7,9050,377
True,False,2973,440,s2-step9050-f99of100-d1of2,377,2,1,10000,7027,,100,99,True,0.1513157894736842,152,23,True,valid_distinct_candidate,0.9904456104628397,434,6594,3,0,True,83,fresh_execution,valid_sparse_circuit,1026156702,3d29e89ec87f4d0d35453b0c4795e1280e1c039dc7d7b9dbed74cbd5271fc53b,,,locally_single_deletion_minimal_sparse_mask,stage18-scaling-24a9adb84176,2,7,9050,377
True,False,3019,437,s2-step9050-f99of100-d1of2,377,2,1,10000,6981,,100,99,True,0.1506849315068493,73,11,True,valid_distinct_candidate,0.9902889811261649,432,6550,4,0,True,85,fresh_execution,valid_sparse_circuit,3123438356,ba2be3143d9a6ae1422acde47172436839845217ec41bb9ca7b225db9e9bd970,,,locally_single_deletion_minimal_sparse_mask,stage18-scaling-24a9adb84176,2,7,9050,377
True,False,2943,442,s2-step9050-f99of100-d1of2,377,2,1,10000,7057,,100,99,True,0.2097902097902098,143,30,True,valid_distinct_candidate,0.9901323517894902,436,6622,5,0,True,81,fresh_execution,valid_sparse_circuit,1536532371,5b959f93d5b6a66b1580c4db3d1529e56ba3ba7163b350c21f6a970e7563e08c,,,locally_single_deletion_minimal_sparse_mask,stage18-scaling-24a9adb84176,2,7,9050,377
True,False,3002,438,s2-step9050-f99of100-d1of2,377,2,1,10000,6998,,100,99,True,0.22758620689655173,145,33,True,valid_distinct_candidate,0.990523925131177,431,6568,6,0,True,86,fresh_execution,valid_sparse_circuit,447004378,1aa4bedad92515723eeacb623226a7aba766b5b62e0fd2e8613291aadbd452fa,,,locally_single_deletion_minimal_sparse_mask,stage18-scaling-24a9adb84176,2,7,9050,377
True,False,1036,437,s2-step9050-f99of100-d1of2,377,2,1,8018,6982,,100,99,True,0.2898550724637681,69,20,True,valid_distinct_candidate,0.9902106664578275,431,6552,7,0,True,86,fresh_execution,valid_sparse_circuit,2896169484,aca00a0c61b12127d93e2347411fb8c4ba63d78cb7e91d4f777247488c8eb1c8,,,locally_single_deletion_minimal_sparse_mask,stage18-scaling-24a9adb84176,2,7,9050,377
False,True,0,65,s2-step9050-f99of100-d1of2,377,2,1,1036,1036,,100,99,False,0.17494600431965443,463,81,False,budget_exhaustion,1.0,65,972,8,0,True,452,fresh_execution,budget_exhaustion,3949049244,eb61b59ccbe3d149fa7ba8fa2d61fda73f5e8c9167cf654a1a4917b286281319,,,budget_exhausted_inside_candidate_batch,stage18-scaling-24a9adb84176,2,7,9050,377
True,False,3108,431,s2-step9050-f99of100-d3of4,378,4,3,10000,6892,,100,99,True,0.0,1,0,True,valid_distinct_candidate,0.9902106664578275,425,6468,1,0,True,92,fresh_execution,valid_sparse_circuit,,,,,locally_single_deletion_minimal_sparse_mask,stage18-scaling-24a9adb84176,2,7,9050,378
True,False,2973,440,s2-step9050-f99of100-d3of4,378,4,3,10000,7027,,100,99,True,0.12179487179487179,156,19,True,valid_distinct_candidate,0.9902106664578275,434,6594,2,0,True,83,fresh_execution,valid_sparse_circuit,61523831,03aac7778aaed195fa288c031747875edaaeae3b72fa2544d8ce60a69f1af4b6,,,locally_single_deletion_minimal_sparse_mask,stage18-scaling-24a9adb84176,2,7,9050,378
True,False,2973,440,s2-step9050-f99of100-d3of4,378,4,3,10000,7027,,100,99,True,0.1513157894736842,152,23,True,valid_distinct_candidate,0.9904456104628397,434,6594,3,0,True,83,fresh_execution,valid_sparse_circuit,1026156702,3d29e89ec87f4d0d35453b0c4795e1280e1c039dc7d7b9dbed74cbd5271fc53b,,,locally_single_deletion_minimal_sparse_mask,stage18-scaling-24a9adb84176,2,7,9050,378
True,False,3019,437,s2-step9050-f99of100-d3of4,378,4,3,10000,6981,,100,99,True,0.1506849315068493,73,11,True,valid_distinct_candidate,0.9902889811261649,432,6550,4,0,True,85,fresh_execution,valid_sparse_circuit,3123438356,ba2be3143d9a6ae1422acde47172436839845217ec41bb9ca7b225db9e9bd970,,,locally_single_deletion_minimal_sparse_mask,stage18-scaling-24a9adb84176,2,7,9050,378
True,False,2943,442,s2-step9050-f99of100-d3of4,378,4,3,10000,7057,,100,99,True,0.2097902097902098,143,30,True,valid_distinct_candidate,0.9901323517894902,436,6622,5,0,True,81,fresh_execution,valid_sparse_circuit,1536532371,5b959f93d5b6a66b1580c4db3d1529e56ba3ba7163b350c21f6a970e7563e08c,,,locally_single_deletion_minimal_sparse_mask,stage18-scaling-24a9adb84176,2,7,9050,378
True,False,3002,438,s2-step9050-f99of100-d3of4,378,4,3,10000,6998,,100,99,True,0.22758620689655173,145,33,True,valid_distinct_candidate,0.990523925131177,431,6568,6,0,True,86,fresh_execution,valid_sparse_circuit,447004378,1aa4bedad92515723eeacb623226a7aba766b5b62e0fd2e8613291aadbd452fa,,,locally_single_deletion_minimal_sparse_mask,stage18-scaling-24a9adb84176,2,7,9050,378
True,False,1036,437,s2-step9050-f99of100-d3of4,378,4,3,8018,6982,,100,99,True,0.2898550724637681,69,20,True,valid_distinct_candidate,0.9902106664578275,431,6552,7,0,True,86,fresh_execution,valid_sparse_circuit,2896169484,aca00a0c61b12127d93e2347411fb8c4ba63d78cb7e91d4f777247488c8eb1c8,,,locally_single_deletion_minimal_sparse_mask,stage18-scaling-24a9adb84176,2,7,9050,378
False,True,0,65,s2-step9050-f99of100-d3of4,378,4,3,1036,1036,,100,99,False,0.17494600431965443,463,81,False,budget_exhaustion,1.0,65,972,8,0,True,452,fresh_execution,budget_exhaustion,3949049244,eb61b59ccbe3d149fa7ba8fa2d61fda73f5e8c9167cf654a1a4917b286281319,,,budget_exhausted_inside_candidate_batch,stage18-scaling-24a9adb84176,2,7,9050,378
False,False,7286,170,s3-step200-f4of5-d1of4,379,4,1,10000,2714,,5,4,True,0.0,1,0,False,sparsity_failure,0.8003759104080195,27,2688,1,0,True,490,fresh_execution,valid_but_not_meaningfully_sparse,,,,,locally_single_deletion_minimal_nonsparse_mask,stage18-scaling-24a9adb84176,3,1,200,379
False,False,7286,170,s3-step200-f4of5-d1of2,380,2,1,10000,2714,,5,4,True,0.0,1,0,False,sparsity_failure,0.8003759104080195,27,2688,1,0,True,490,fresh_execution,valid_but_not_meaningfully_sparse,,,,,locally_single_deletion_minimal_nonsparse_mask,stage18-scaling-24a9adb84176,3,1,200,380
False,False,7286,170,s3-step200-f4of5-d3of4,381,4,3,10000,2714,,5,4,True,0.0,1,0,False,sparsity_failure,0.8003759104080195,27,2688,1,0,True,490,fresh_execution,valid_but_not_meaningfully_sparse,,,,,locally_single_deletion_minimal_nonsparse_mask,stage18-scaling-24a9adb84176,3,1,200,381
False,False,7470,159,s3-step200-f17of20-d1of4,382,4,1,10000,2530,,20,17,True,0.0,1,0,False,sparsity_failure,0.8502623541389303,19,2512,1,0,True,498,fresh_execution,valid_but_not_meaningfully_sparse,,,,,locally_single_deletion_minimal_nonsparse_mask,stage18-scaling-24a9adb84176,3,1,200,382
False,False,7470,159,s3-step200-f17of20-d1of2,383,2,1,10000,2530,,20,17,True,0.0,1,0,False,sparsity_failure,0.8502623541389303,19,2512,1,0,True,498,fresh_execution,valid_but_not_meaningfully_sparse,,,,,locally_single_deletion_minimal_nonsparse_mask,stage18-scaling-24a9adb84176,3,1,200,383
False,False,7470,159,s3-step200-f17of20-d3of4,384,4,3,10000,2530,,20,17,True,0.0,1,0,False,sparsity_failure,0.8502623541389303,19,2512,1,0,True,498,fresh_execution,valid_but_not_meaningfully_sparse,,,,,locally_single_deletion_minimal_nonsparse_mask,stage18-scaling-24a9adb84176,3,1,200,384
False,False,8325,105,s3-step200-f9of10-d1of4,385,4,1,10000,1675,,10,9,True,0.0,1,0,False,sparsity_failure,0.900148797869841,10,1666,1,0,True,507,fresh_execution,valid_but_not_meaningfully_sparse,,,,,locally_single_deletion_minimal_nonsparse_mask,stage18-scaling-24a9adb84176,3,1,200,385
False,False,8325,105,s3-step200-f9of10-d1of2,386,2,1,10000,1675,,10,9,True,0.0,1,0,False,sparsity_failure,0.900148797869841,10,1666,1,0,True,507,fresh_execution,valid_but_not_meaningfully_sparse,,,,,locally_single_deletion_minimal_nonsparse_mask,stage18-scaling-24a9adb84176,3,1,200,386
False,False,8325,105,s3-step200-f9of10-d3of4,387,4,3,10000,1675,,10,9,True,0.0,1,0,False,sparsity_failure,0.900148797869841,10,1666,1,0,True,507,fresh_execution,valid_but_not_meaningfully_sparse,,,,,locally_single_deletion_minimal_nonsparse_mask,stage18-scaling-24a9adb84176,3,1,200,387
False,False,8292,107,s3-step200-f19of20-d1of4,388,4,1,10000,1708,,20,19,True,0.0,1,0,False,sparsity_failure,0.9500352416007518,9,1700,1,0,True,508,fresh_execution,valid_but_not_meaningfully_sparse,,,,,locally_single_deletion_minimal_nonsparse_mask,stage18-scaling-24a9adb84176,3,1,200,388
False,False,8292,107,s3-step200-f19of20-d1of2,389,2,1,10000,1708,,20,19,True,0.0,1,0,False,sparsity_failure,0.9500352416007518,9,1700,1,0,True,508,fresh_execution,valid_but_not_meaningfully_sparse,,,,,locally_single_deletion_minimal_nonsparse_mask,stage18-scaling-24a9adb84176,3,1,200,389
False,False,8292,107,s3-step200-f19of20-d3of4,390,4,3,10000,1708,,20,19,True,0.0,1,0,False,sparsity_failure,0.9500352416007518,9,1700,1,0,True,508,fresh_execution,valid_but_not_meaningfully_sparse,,,,,locally_single_deletion_minimal_nonsparse_mask,stage18-scaling-24a9adb84176,3,1,200,390
False,False,8690,82,s3-step200-f39of40-d1of4,391,4,1,10000,1310,,40,39,True,0.0,1,0,False,sparsity_failure,0.975644138147075,7,1304,1,0,True,510,fresh_execution,valid_but_not_meaningfully_sparse,,,,,locally_single_deletion_minimal_nonsparse_mask,stage18-scaling-24a9adb84176,3,1,200,391
False,False,8690,82,s3-step200-f39of40-d1of2,392,2,1,10000,1310,,40,39,True,0.0,1,0,False,sparsity_failure,0.975644138147075,7,1304,1,0,True,510,fresh_execution,valid_but_not_meaningfully_sparse,,,,,locally_single_deletion_minimal_nonsparse_mask,stage18-scaling-24a9adb84176,3,1,200,392
False,False,8690,82,s3-step200-f39of40-d3of4,393,4,3,10000,1310,,40,39,True,0.0,1,0,False,sparsity_failure,0.975644138147075,7,1304,1,0,True,510,fresh_execution,valid_but_not_meaningfully_sparse,,,,,locally_single_deletion_minimal_nonsparse_mask,stage18-scaling-24a9adb84176,3,1,200,393
False,False,8546,91,s3-step200-f99of100-d1of4,394,4,1,10000,1454,,100,99,True,0.0,1,0,False,sparsity_failure,0.9906022397995145,7,1448,1,0,True,510,fresh_execution,valid_but_not_meaningfully_sparse,,,,,locally_single_deletion_minimal_nonsparse_mask,stage18-scaling-24a9adb84176,3,1,200,394
False,False,8546,91,s3-step200-f99of100-d1of2,395,2,1,10000,1454,,100,99,True,0.0,1,0,False,sparsity_failure,0.9906022397995145,7,1448,1,0,True,510,fresh_execution,valid_but_not_meaningfully_sparse,,,,,locally_single_deletion_minimal_nonsparse_mask,stage18-scaling-24a9adb84176,3,1,200,395
False,False,8546,91,s3-step200-f99of100-d3of4,396,4,3,10000,1454,,100,99,True,0.0,1,0,False,sparsity_failure,0.9906022397995145,7,1448,1,0,True,510,fresh_execution,valid_but_not_meaningfully_sparse,,,,,locally_single_deletion_minimal_nonsparse_mask,stage18-scaling-24a9adb84176,3,1,200,396
False,False,7805,138,s3-step3400-f4of5-d1of4,397,4,1,10000,2195,,5,4,True,0.0,1,0,False,sparsity_failure,0.8005325397446942,34,2162,1,0,True,483,fresh_execution,valid_but_not_meaningfully_sparse,,,,,locally_single_deletion_minimal_nonsparse_mask,stage18-scaling-24a9adb84176,3,2,3400,397
False,False,7805,138,s3-step3400-f4of5-d1of2,398,2,1,10000,2195,,5,4,True,0.0,1,0,False,sparsity_failure,0.8005325397446942,34,2162,1,0,True,483,fresh_execution,valid_but_not_meaningfully_sparse,,,,,locally_single_deletion_minimal_nonsparse_mask,stage18-scaling-24a9adb84176,3,2,3400,398
False,False,7805,138,s3-step3400-f4of5-d3of4,399,4,3,10000,2195,,5,4,True,0.0,1,0,False,sparsity_failure,0.8005325397446942,34,2162,1,0,True,483,fresh_execution,valid_but_not_meaningfully_sparse,,,,,locally_single_deletion_minimal_nonsparse_mask,stage18-scaling-24a9adb84176,3,2,3400,399
False,False,8718,81,s3-step3400-f17of20-d1of4,400,4,1,10000,1282,,20,17,True,0.0,1,0,False,sparsity_failure,0.8501057248022554,19,1264,1,0,True,498,fresh_execution,valid_but_not_meaningfully_sparse,,,,,locally_single_deletion_minimal_nonsparse_mask,stage18-scaling-24a9adb84176,3,2,3400,400
False,False,8718,81,s3-step3400-f17of20-d1of2,401,2,1,10000,1282,,20,17,True,0.0,1,0,False,sparsity_failure,0.8501057248022554,19,1264,1,0,True,498,fresh_execution,valid_but_not_meaningfully_sparse,,,,,locally_single_deletion_minimal_nonsparse_mask,stage18-scaling-24a9adb84176,3,2,3400,401
False,False,8718,81,s3-step3400-f17of20-d3of4,402,4,3,10000,1282,,20,17,True,0.0,1,0,False,sparsity_failure,0.8501057248022554,19,1264,1,0,True,498,fresh_execution,valid_but_not_meaningfully_sparse,,,,,locally_single_deletion_minimal_nonsparse_mask,stage18-scaling-24a9adb84176,3,2,3400,402
False,False,9078,58,s3-step3400-f9of10-d1of4,403,4,1,10000,922,,10,9,True,0.0,1,0,False,sparsity_failure,0.900540371211528,11,912,1,0,True,506,fresh_execution,valid_but_not_meaningfully_sparse,,,,,locally_single_deletion_minimal_nonsparse_mask,stage18-scaling-24a9adb84176,3,2,3400,403
False,False,9078,58,s3-step3400-f9of10-d1of2,404,2,1,10000,922,,10,9,True,0.0,1,0,False,sparsity_failure,0.900540371211528,11,912,1,0,True,506,fresh_execution,valid_but_not_meaningfully_sparse,,,,,locally_single_deletion_minimal_nonsparse_mask,stage18-scaling-24a9adb84176,3,2,3400,404
False,False,9078,58,s3-step3400-f9of10-d3of4,405,4,3,10000,922,,10,9,True,0.0,1,0,False,sparsity_failure,0.900540371211528,11,912,1,0,True,506,fresh_execution,valid_but_not_meaningfully_sparse,,,,,locally_single_deletion_minimal_nonsparse_mask,stage18-scaling-24a9adb84176,3,2,3400,405
False,False,9009,62,s3-step3400-f19of20-d1of4,406,4,1,10000,991,,20,19,True,0.0,1,0,False,sparsity_failure,0.9503485002741013,6,986,1,0,True,511,fresh_execution,valid_but_not_meaningfully_sparse,,,,,locally_single_deletion_minimal_nonsparse_mask,stage18-scaling-24a9adb84176,3,2,3400,406
False,False,9009,62,s3-step3400-f19of20-d1of2,407,2,1,10000,991,,20,19,True,0.0,1,0,False,sparsity_failure,0.9503485002741013,6,986,1,0,True,511,fresh_execution,valid_but_not_meaningfully_sparse,,,,,locally_single_deletion_minimal_nonsparse_mask,stage18-scaling-24a9adb84176,3,2,3400,407
False,False,9009,62,s3-step3400-f19of20-d3of4,408,4,3,10000,991,,20,19,True,0.0,1,0,False,sparsity_failure,0.9503485002741013,6,986,1,0,True,511,fresh_execution,valid_but_not_meaningfully_sparse,,,,,locally_single_deletion_minimal_nonsparse_mask,stage18-scaling-24a9adb84176,3,2,3400,408
False,False,9246,48,s3-step3400-f39of40-d1of4,409,4,1,10000,754,,40,39,True,0.0,1,0,False,sparsity_failure,0.9754875088104001,3,752,1,0,True,514,fresh_execution,valid_but_not_meaningfully_sparse,,,,,locally_single_deletion_minimal_nonsparse_mask,stage18-scaling-24a9adb84176,3,2,3400,409
False,False,9246,48,s3-step3400-f39of40-d1of2,410,2,1,10000,754,,40,39,True,0.0,1,0,False,sparsity_failure,0.9754875088104001,3,752,1,0,True,514,fresh_execution,valid_but_not_meaningfully_sparse,,,,,locally_single_deletion_minimal_nonsparse_mask,stage18-scaling-24a9adb84176,3,2,3400,410
False,False,9246,48,s3-step3400-f39of40-d3of4,411,4,3,10000,754,,40,39,True,0.0,1,0,False,sparsity_failure,0.9754875088104001,3,752,1,0,True,514,fresh_execution,valid_but_not_meaningfully_sparse,,,,,locally_single_deletion_minimal_nonsparse_mask,stage18-scaling-24a9adb84176,3,2,3400,411
False,False,9070,59,s3-step3400-f99of100-d1of4,412,4,1,10000,930,,100,99,True,0.0,1,0,False,sparsity_failure,0.9901323517894902,3,928,1,0,True,514,fresh_execution,valid_but_not_meaningfully_sparse,,,,,locally_single_deletion_minimal_nonsparse_mask,stage18-scaling-24a9adb84176,3,2,3400,412
False,False,9070,59,s3-step3400-f99of100-d1of2,413,2,1,10000,930,,100,99,True,0.0,1,0,False,sparsity_failure,0.9901323517894902,3,928,1,0,True,514,fresh_execution,valid_but_not_meaningfully_sparse,,,,,locally_single_deletion_minimal_nonsparse_mask,stage18-scaling-24a9adb84176,3,2,3400,413
False,False,9070,59,s3-step3400-f99of100-d3of4,414,4,3,10000,930,,100,99,True,0.0,1,0,False,sparsity_failure,0.9901323517894902,3,928,1,0,True,514,fresh_execution,valid_but_not_meaningfully_sparse,,,,,locally_single_deletion_minimal_nonsparse_mask,stage18-scaling-24a9adb84176,3,2,3400,414
False,False,8674,83,s3-step7450-f4of5-d1of4,415,4,1,10000,1326,,5,4,True,0.0,1,0,False,sparsity_failure,0.8002192810713447,39,1288,1,0,True,478,fresh_execution,valid_but_not_meaningfully_sparse,,,,,locally_single_deletion_minimal_nonsparse_mask,stage18-scaling-24a9adb84176,3,3,7450,415
False,False,8674,83,s3-step7450-f4of5-d1of2,416,2,1,10000,1326,,5,4,True,0.0,1,0,False,sparsity_failure,0.8002192810713447,39,1288,1,0,True,478,fresh_execution,valid_but_not_meaningfully_sparse,,,,,locally_single_deletion_minimal_nonsparse_mask,stage18-scaling-24a9adb84176,3,3,7450,416
False,False,8674,83,s3-step7450-f4of5-d3of4,417,4,3,10000,1326,,5,4,True,0.0,1,0,False,sparsity_failure,0.8002192810713447,39,1288,1,0,True,478,fresh_execution,valid_but_not_meaningfully_sparse,,,,,locally_single_deletion_minimal_nonsparse_mask,stage18-scaling-24a9adb84176,3,3,7450,417
False,False,8946,66,s3-step7450-f17of20-d1of4,418,4,1,10000,1054,,20,17,True,0.0,1,0,False,sparsity_failure,0.850418983475605,23,1032,1,0,True,494,fresh_execution,valid_but_not_meaningfully_sparse,,,,,locally_single_deletion_minimal_nonsparse_mask,stage18-scaling-24a9adb84176,3,3,7450,418
False,False,8946,66,s3-step7450-f17of20-d1of2,419,2,1,10000,1054,,20,17,True,0.0,1,0,False,sparsity_failure,0.850418983475605,23,1032,1,0,True,494,fresh_execution,valid_but_not_meaningfully_sparse,,,,,locally_single_deletion_minimal_nonsparse_mask,stage18-scaling-24a9adb84176,3,3,7450,419
False,False,8946,66,s3-step7450-f17of20-d3of4,420,4,3,10000,1054,,20,17,True,0.0,1,0,False,sparsity_failure,0.850418983475605,23,1032,1,0,True,494,fresh_execution,valid_but_not_meaningfully_sparse,,,,,locally_single_deletion_minimal_nonsparse_mask,stage18-scaling-24a9adb84176,3,3,7450,420
False,False,9015,62,s3-step7450-f9of10-d1of4,421,4,1,10000,985,,10,9,True,0.0,1,0,False,sparsity_failure,0.9002271125381784,12,974,1,0,True,505,fresh_execution,valid_but_not_meaningfully_sparse,,,,,locally_single_deletion_minimal_nonsparse_mask,stage18-scaling-24a9adb84176,3,3,7450,421
False,False,9015,62,s3-step7450-f9of10-d1of2,422,2,1,10000,985,,10,9,True,0.0,1,0,False,sparsity_failure,0.9002271125381784,12,974,1,0,True,505,fresh_execution,valid_but_not_meaningfully_sparse,,,,,locally_single_deletion_minimal_nonsparse_mask,stage18-scaling-24a9adb84176,3,3,7450,422
False,False,9015,62,s3-step7450-f9of10-d3of4,423,4,3,10000,985,,10,9,True,0.0,1,0,False,sparsity_failure,0.9002271125381784,12,974,1,0,True,505,fresh_execution,valid_but_not_meaningfully_sparse,,,,,locally_single_deletion_minimal_nonsparse_mask,stage18-scaling-24a9adb84176,3,3,7450,423
False,False,9423,37,s3-step7450-f19of20-d1of4,424,4,1,10000,577,,20,19,True,0.0,1,0,False,sparsity_failure,0.9522280523141985,4,574,1,0,True,513,fresh_execution,valid_but_not_meaningfully_sparse,,,,,locally_single_deletion_minimal_nonsparse_mask,stage18-scaling-24a9adb84176,3,3,7450,424
False,False,9423,37,s3-step7450-f19of20-d1of2,425,2,1,10000,577,,20,19,True,0.0,1,0,False,sparsity_failure,0.9522280523141985,4,574,1,0,True,513,fresh_execution,valid_but_not_meaningfully_sparse,,,,,locally_single_deletion_minimal_nonsparse_mask,stage18-scaling-24a9adb84176,3,3,7450,425
False,False,9423,37,s3-step7450-f19of20-d3of4,426,4,3,10000,577,,20,19,True,0.0,1,0,False,sparsity_failure,0.9522280523141985,4,574,1,0,True,513,fresh_execution,valid_but_not_meaningfully_sparse,,,,,locally_single_deletion_minimal_nonsparse_mask,stage18-scaling-24a9adb84176,3,3,7450,426
False,False,9469,34,s3-step7450-f39of40-d1of4,427,4,1,10000,531,,40,39,True,0.0,1,0,False,sparsity_failure,0.9777586341921842,2,530,1,0,True,515,fresh_execution,valid_but_not_meaningfully_sparse,,,,,locally_single_deletion_minimal_nonsparse_mask,stage18-scaling-24a9adb84176,3,3,7450,427
False,False,9469,34,s3-step7450-f39of40-d1of2,428,2,1,10000,531,,40,39,True,0.0,1,0,False,sparsity_failure,0.9777586341921842,2,530,1,0,True,515,fresh_execution,valid_but_not_meaningfully_sparse,,,,,locally_single_deletion_minimal_nonsparse_mask,stage18-scaling-24a9adb84176,3,3,7450,428
False,False,9469,34,s3-step7450-f39of40-d3of4,429,4,3,10000,531,,40,39,True,0.0,1,0,False,sparsity_failure,0.9777586341921842,2,530,1,0,True,515,fresh_execution,valid_but_not_meaningfully_sparse,,,,,locally_single_deletion_minimal_nonsparse_mask,stage18-scaling-24a9adb84176,3,3,7450,429
False,False,9197,51,s3-step7450-f99of100-d1of4,430,4,1,10000,803,,100,99,True,0.0,1,0,False,sparsity_failure,0.9900540371211528,2,802,1,0,True,515,fresh_execution,valid_but_not_meaningfully_sparse,,,,,locally_single_deletion_minimal_nonsparse_mask,stage18-scaling-24a9adb84176,3,3,7450,430
False,False,9197,51,s3-step7450-f99of100-d1of2,431,2,1,10000,803,,100,99,True,0.0,1,0,False,sparsity_failure,0.9900540371211528,2,802,1,0,True,515,fresh_execution,valid_but_not_meaningfully_sparse,,,,,locally_single_deletion_minimal_nonsparse_mask,stage18-scaling-24a9adb84176,3,3,7450,431
False,False,9197,51,s3-step7450-f99of100-d3of4,432,4,3,10000,803,,100,99,True,0.0,1,0,False,sparsity_failure,0.9900540371211528,2,802,1,0,True,515,fresh_execution,valid_but_not_meaningfully_sparse,,,,,locally_single_deletion_minimal_nonsparse_mask,stage18-scaling-24a9adb84176,3,3,7450,432
False,False,7466,159,s3-step8150-f4of5-d1of4,433,4,1,10000,2534,,5,4,True,0.0,1,0,False,sparsity_failure,0.80006265173467,79,2456,1,0,True,438,fresh_execution,valid_but_not_meaningfully_sparse,,,,,locally_single_deletion_minimal_nonsparse_mask,stage18-scaling-24a9adb84176,3,4,8150,433
False,False,7466,159,s3-step8150-f4of5-d1of2,434,2,1,10000,2534,,5,4,True,0.0,1,0,False,sparsity_failure,0.80006265173467,79,2456,1,0,True,438,fresh_execution,valid_but_not_meaningfully_sparse,,,,,locally_single_deletion_minimal_nonsparse_mask,stage18-scaling-24a9adb84176,3,4,8150,434
False,False,7466,159,s3-step8150-f4of5-d3of4,435,4,3,10000,2534,,5,4,True,0.0,1,0,False,sparsity_failure,0.80006265173467,79,2456,1,0,True,438,fresh_execution,valid_but_not_meaningfully_sparse,,,,,locally_single_deletion_minimal_nonsparse_mask,stage18-scaling-24a9adb84176,3,4,8150,435
False,False,8252,110,s3-step8150-f17of20-d1of4,436,4,1,10000,1748,,20,17,True,0.0,1,0,False,sparsity_failure,0.8501057248022554,49,1700,1,0,True,468,fresh_execution,valid_but_not_meaningfully_sparse,,,,,locally_single_deletion_minimal_nonsparse_mask,stage18-scaling-24a9adb84176,3,4,8150,436
False,False,8252,110,s3-step8150-f17of20-d1of2,437,2,1,10000,1748,,20,17,True,0.0,1,0,False,sparsity_failure,0.8501057248022554,49,1700,1,0,True,468,fresh_execution,valid_but_not_meaningfully_sparse,,,,,locally_single_deletion_minimal_nonsparse_mask,stage18-scaling-24a9adb84176,3,4,8150,437
False,False,8252,110,s3-step8150-f17of20-d3of4,438,4,3,10000,1748,,20,17,True,0.0,1,0,False,sparsity_failure,0.8501057248022554,49,1700,1,0,True,468,fresh_execution,valid_but_not_meaningfully_sparse,,,,,locally_single_deletion_minimal_nonsparse_mask,stage18-scaling-24a9adb84176,3,4,8150,438
False,False,8726,80,s3-step8150-f9of10-d1of4,439,4,1,10000,1274,,10,9,True,0.0,1,0,False,sparsity_failure,0.9003054272065157,27,1248,1,0,True,490,fresh_execution,valid_but_not_meaningfully_sparse,,,,,locally_single_deletion_minimal_nonsparse_mask,stage18-scaling-24a9adb84176,3,4,8150,439
False,False,8726,80,s3-step8150-f9of10-d1of2,440,2,1,10000,1274,,10,9,True,0.0,1,0,False,sparsity_failure,0.9003054272065157,27,1248,1,0,True,490,fresh_execution,valid_but_not_meaningfully_sparse,,,,,locally_single_deletion_minimal_nonsparse_mask,stage18-scaling-24a9adb84176,3,4,8150,440
False,False,8726,80,s3-step8150-f9of10-d3of4,441,4,3,10000,1274,,10,9,True,0.0,1,0,False,sparsity_failure,0.9003054272065157,27,1248,1,0,True,490,fresh_execution,valid_but_not_meaningfully_sparse,,,,,locally_single_deletion_minimal_nonsparse_mask,stage18-scaling-24a9adb84176,3,4,8150,441
False,False,9409,37,s3-step8150-f19of20-d1of4,442,4,1,10000,591,,20,19,True,0.0,1,0,False,sparsity_failure,0.9503485002741013,6,586,1,0,True,511,fresh_execution,valid_but_not_meaningfully_sparse,,,,,locally_single_deletion_minimal_nonsparse_mask,stage18-scaling-24a9adb84176,3,4,8150,442
False,False,9409,37,s3-step8150-f19of20-d1of2,443,2,1,10000,591,,20,19,True,0.0,1,0,False,sparsity_failure,0.9503485002741013,6,586,1,0,True,511,fresh_execution,valid_but_not_meaningfully_sparse,,,,,locally_single_deletion_minimal_nonsparse_mask,stage18-scaling-24a9adb84176,3,4,8150,443
False,False,9409,37,s3-step8150-f19of20-d3of4,444,4,3,10000,591,,20,19,True,0.0,1,0,False,sparsity_failure,0.9503485002741013,6,586,1,0,True,511,fresh_execution,valid_but_not_meaningfully_sparse,,,,,locally_single_deletion_minimal_nonsparse_mask,stage18-scaling-24a9adb84176,3,4,8150,444
False,False,9311,44,s3-step8150-f39of40-d1of4,445,4,1,10000,689,,40,39,True,0.0,1,0,False,sparsity_failure,0.975644138147075,4,686,1,0,True,513,fresh_execution,valid_but_not_meaningfully_sparse,,,,,locally_single_deletion_minimal_nonsparse_mask,stage18-scaling-24a9adb84176,3,4,8150,445
False,False,9311,44,s3-step8150-f39of40-d1of2,446,2,1,10000,689,,40,39,True,0.0,1,0,False,sparsity_failure,0.975644138147075,4,686,1,0,True,513,fresh_execution,valid_but_not_meaningfully_sparse,,,,,locally_single_deletion_minimal_nonsparse_mask,stage18-scaling-24a9adb84176,3,4,8150,446
False,False,9311,44,s3-step8150-f39of40-d3of4,447,4,3,10000,689,,40,39,True,0.0,1,0,False,sparsity_failure,0.975644138147075,4,686,1,0,True,513,fresh_execution,valid_but_not_meaningfully_sparse,,,,,locally_single_deletion_minimal_nonsparse_mask,stage18-scaling-24a9adb84176,3,4,8150,447
False,False,9437,36,s3-step8150-f99of100-d1of4,448,4,1,10000,563,,100,99,True,0.0,1,0,False,sparsity_failure,0.9918552744929126,2,562,1,0,True,515,fresh_execution,valid_but_not_meaningfully_sparse,,,,,locally_single_deletion_minimal_nonsparse_mask,stage18-scaling-24a9adb84176,3,4,8150,448
False,False,9437,36,s3-step8150-f99of100-d1of2,449,2,1,10000,563,,100,99,True,0.0,1,0,False,sparsity_failure,0.9918552744929126,2,562,1,0,True,515,fresh_execution,valid_but_not_meaningfully_sparse,,,,,locally_single_deletion_minimal_nonsparse_mask,stage18-scaling-24a9adb84176,3,4,8150,449
False,False,9437,36,s3-step8150-f99of100-d3of4,450,4,3,10000,563,,100,99,True,0.0,1,0,False,sparsity_failure,0.9918552744929126,2,562,1,0,True,515,fresh_execution,valid_but_not_meaningfully_sparse,,,,,locally_single_deletion_minimal_nonsparse_mask,stage18-scaling-24a9adb84176,3,4,8150,450
False,False,6490,220,s3-step8500-f4of5-d1of4,451,4,1,10000,3510,,5,4,True,0.0,1,0,False,sparsity_failure,0.8001409664030072,127,3384,1,0,True,390,fresh_execution,valid_but_not_meaningfully_sparse,,,,,locally_single_deletion_minimal_nonsparse_mask,stage18-scaling-24a9adb84176,3,5,8500,451
False,False,6490,220,s3-step8500-f4of5-d1of2,452,2,1,10000,3510,,5,4,True,0.0,1,0,False,sparsity_failure,0.8001409664030072,127,3384,1,0,True,390,fresh_execution,valid_but_not_meaningfully_sparse,,,,,locally_single_deletion_minimal_nonsparse_mask,stage18-scaling-24a9adb84176,3,5,8500,452
False,False,6490,220,s3-step8500-f4of5-d3of4,453,4,3,10000,3510,,5,4,True,0.0,1,0,False,sparsity_failure,0.8001409664030072,127,3384,1,0,True,390,fresh_execution,valid_but_not_meaningfully_sparse,,,,,locally_single_deletion_minimal_nonsparse_mask,stage18-scaling-24a9adb84176,3,5,8500,453
False,False,7409,162,s3-step8500-f17of20-d1of4,454,4,1,10000,2591,,20,17,True,0.0,1,0,False,sparsity_failure,0.8500274101339181,70,2522,1,0,True,447,fresh_execution,valid_but_not_meaningfully_sparse,,,,,locally_single_deletion_minimal_nonsparse_mask,stage18-scaling-24a9adb84176,3,5,8500,454
False,False,7409,162,s3-step8500-f17of20-d1of2,455,2,1,10000,2591,,20,17,True,0.0,1,0,False,sparsity_failure,0.8500274101339181,70,2522,1,0,True,447,fresh_execution,valid_but_not_meaningfully_sparse,,,,,locally_single_deletion_minimal_nonsparse_mask,stage18-scaling-24a9adb84176,3,5,8500,455
False,False,7409,162,s3-step8500-f17of20-d3of4,456,4,3,10000,2591,,20,17,True,0.0,1,0,False,sparsity_failure,0.8500274101339181,70,2522,1,0,True,447,fresh_execution,valid_but_not_meaningfully_sparse,,,,,locally_single_deletion_minimal_nonsparse_mask,stage18-scaling-24a9adb84176,3,5,8500,456
False,False,8447,98,s3-step8500-f9of10-d1of4,457,4,1,10000,1553,,10,9,True,0.0,1,0,False,sparsity_failure,0.9000704832015036,36,1518,1,0,True,481,fresh_execution,valid_but_not_meaningfully_sparse,,,,,locally_single_deletion_minimal_nonsparse_mask,stage18-scaling-24a9adb84176,3,5,8500,457
False,False,8447,98,s3-step8500-f9of10-d1of2,458,2,1,10000,1553,,10,9,True,0.0,1,0,False,sparsity_failure,0.9000704832015036,36,1518,1,0,True,481,fresh_execution,valid_but_not_meaningfully_sparse,,,,,locally_single_deletion_minimal_nonsparse_mask,stage18-scaling-24a9adb84176,3,5,8500,458
False,False,8447,98,s3-step8500-f9of10-d3of4,459,4,3,10000,1553,,10,9,True,0.0,1,0,False,sparsity_failure,0.9000704832015036,36,1518,1,0,True,481,fresh_execution,valid_but_not_meaningfully_sparse,,,,,locally_single_deletion_minimal_nonsparse_mask,stage18-scaling-24a9adb84176,3,5,8500,459
False,False,8684,83,s3-step8500-f19of20-d1of4,460,4,1,10000,1316,,20,19,True,0.0,1,0,False,sparsity_failure,0.9504268149424387,17,1300,1,0,True,500,fresh_execution,valid_but_not_meaningfully_sparse,,,,,locally_single_deletion_minimal_nonsparse_mask,stage18-scaling-24a9adb84176,3,5,8500,460
False,False,8684,83,s3-step8500-f19of20-d1of2,461,2,1,10000,1316,,20,19,True,0.0,1,0,False,sparsity_failure,0.9504268149424387,17,1300,1,0,True,500,fresh_execution,valid_but_not_meaningfully_sparse,,,,,locally_single_deletion_minimal_nonsparse_mask,stage18-scaling-24a9adb84176,3,5,8500,461
False,False,8684,83,s3-step8500-f19of20-d3of4,462,4,3,10000,1316,,20,19,True,0.0,1,0,False,sparsity_failure,0.9504268149424387,17,1300,1,0,True,500,fresh_execution,valid_but_not_meaningfully_sparse,,,,,locally_single_deletion_minimal_nonsparse_mask,stage18-scaling-24a9adb84176,3,5,8500,462
False,False,9200,50,s3-step8500-f39of40-d1of4,463,4,1,10000,800,,40,39,True,0.0,1,0,False,sparsity_failure,0.9758790821520871,5,796,1,0,True,512,fresh_execution,valid_but_not_meaningfully_sparse,,,,,locally_single_deletion_minimal_nonsparse_mask,stage18-scaling-24a9adb84176,3,5,8500,463
False,False,9200,50,s3-step8500-f39of40-d1of2,464,2,1,10000,800,,40,39,True,0.0,1,0,False,sparsity_failure,0.9758790821520871,5,796,1,0,True,512,fresh_execution,valid_but_not_meaningfully_sparse,,,,,locally_single_deletion_minimal_nonsparse_mask,stage18-scaling-24a9adb84176,3,5,8500,464
False,False,9200,50,s3-step8500-f39of40-d3of4,465,4,3,10000,800,,40,39,True,0.0,1,0,False,sparsity_failure,0.9758790821520871,5,796,1,0,True,512,fresh_execution,valid_but_not_meaningfully_sparse,,,,,locally_single_deletion_minimal_nonsparse_mask,stage18-scaling-24a9adb84176,3,5,8500,465
False,False,9453,35,s3-step8500-f99of100-d1of4,466,4,1,10000,547,,100,99,True,0.0,1,0,False,sparsity_failure,0.9906022397995145,2,546,1,0,True,515,fresh_execution,valid_but_not_meaningfully_sparse,,,,,locally_single_deletion_minimal_nonsparse_mask,stage18-scaling-24a9adb84176,3,5,8500,466
False,False,9453,35,s3-step8500-f99of100-d1of2,467,2,1,10000,547,,100,99,True,0.0,1,0,False,sparsity_failure,0.9906022397995145,2,546,1,0,True,515,fresh_execution,valid_but_not_meaningfully_sparse,,,,,locally_single_deletion_minimal_nonsparse_mask,stage18-scaling-24a9adb84176,3,5,8500,467
False,False,9453,35,s3-step8500-f99of100-d3of4,468,4,3,10000,547,,100,99,True,0.0,1,0,False,sparsity_failure,0.9906022397995145,2,546,1,0,True,515,fresh_execution,valid_but_not_meaningfully_sparse,,,,,locally_single_deletion_minimal_nonsparse_mask,stage18-scaling-24a9adb84176,3,5,8500,468
False,False,5489,282,s3-step8650-f4of5-d1of4,469,4,1,10000,4511,,5,4,True,0.0,1,0,False,sparsity_failure,0.8001409664030072,150,4362,1,0,True,367,fresh_execution,valid_but_not_meaningfully_sparse,,,,,locally_single_deletion_minimal_nonsparse_mask,stage18-scaling-24a9adb84176,3,6,8650,469
False,False,5489,282,s3-step8650-f4of5-d1of2,470,2,1,10000,4511,,5,4,True,0.0,1,0,False,sparsity_failure,0.8001409664030072,150,4362,1,0,True,367,fresh_execution,valid_but_not_meaningfully_sparse,,,,,locally_single_deletion_minimal_nonsparse_mask,stage18-scaling-24a9adb84176,3,6,8650,470
False,False,5489,282,s3-step8650-f4of5-d3of4,471,4,3,10000,4511,,5,4,True,0.0,1,0,False,sparsity_failure,0.8001409664030072,150,4362,1,0,True,367,fresh_execution,valid_but_not_meaningfully_sparse,,,,,locally_single_deletion_minimal_nonsparse_mask,stage18-scaling-24a9adb84176,3,6,8650,471
False,False,5840,260,s3-step8650-f17of20-d1of4,472,4,1,10000,4160,,20,17,True,0.0,1,0,False,sparsity_failure,0.850418983475605,101,4060,1,0,True,416,fresh_execution,valid_but_not_meaningfully_sparse,,,,,locally_single_deletion_minimal_nonsparse_mask,stage18-scaling-24a9adb84176,3,6,8650,472
False,False,5840,260,s3-step8650-f17of20-d1of2,473,2,1,10000,4160,,20,17,True,0.0,1,0,False,sparsity_failure,0.850418983475605,101,4060,1,0,True,416,fresh_execution,valid_but_not_meaningfully_sparse,,,,,locally_single_deletion_minimal_nonsparse_mask,stage18-scaling-24a9adb84176,3,6,8650,473
False,False,5840,260,s3-step8650-f17of20-d3of4,474,4,3,10000,4160,,20,17,True,0.0,1,0,False,sparsity_failure,0.850418983475605,101,4060,1,0,True,416,fresh_execution,valid_but_not_meaningfully_sparse,,,,,locally_single_deletion_minimal_nonsparse_mask,stage18-scaling-24a9adb84176,3,6,8650,474
False,False,7993,126,s3-step8650-f9of10-d1of4,475,4,1,10000,2007,,10,9,True,0.0,1,0,False,sparsity_failure,0.900148797869841,46,1962,1,0,True,471,fresh_execution,valid_but_not_meaningfully_sparse,,,,,locally_single_deletion_minimal_nonsparse_mask,stage18-scaling-24a9adb84176,3,6,8650,475
False,False,7993,126,s3-step8650-f9of10-d1of2,476,2,1,10000,2007,,10,9,True,0.0,1,0,False,sparsity_failure,0.900148797869841,46,1962,1,0,True,471,fresh_execution,valid_but_not_meaningfully_sparse,,,,,locally_single_deletion_minimal_nonsparse_mask,stage18-scaling-24a9adb84176,3,6,8650,476
False,False,7993,126,s3-step8650-f9of10-d3of4,477,4,3,10000,2007,,10,9,True,0.0,1,0,False,sparsity_failure,0.900148797869841,46,1962,1,0,True,471,fresh_execution,valid_but_not_meaningfully_sparse,,,,,locally_single_deletion_minimal_nonsparse_mask,stage18-scaling-24a9adb84176,3,6,8650,477
False,False,8859,72,s3-step8650-f19of20-d1of4,478,4,1,10000,1141,,20,19,True,0.0,1,0,False,sparsity_failure,0.9501135562690892,16,1126,1,0,True,501,fresh_execution,valid_but_not_meaningfully_sparse,,,,,locally_single_deletion_minimal_nonsparse_mask,stage18-scaling-24a9adb84176,3,6,8650,478
False,False,8859,72,s3-step8650-f19of20-d1of2,479,2,1,10000,1141,,20,19,True,0.0,1,0,False,sparsity_failure,0.9501135562690892,16,1126,1,0,True,501,fresh_execution,valid_but_not_meaningfully_sparse,,,,,locally_single_deletion_minimal_nonsparse_mask,stage18-scaling-24a9adb84176,3,6,8650,479
False,False,8859,72,s3-step8650-f19of20-d3of4,480,4,3,10000,1141,,20,19,True,0.0,1,0,False,sparsity_failure,0.9501135562690892,16,1126,1,0,True,501,fresh_execution,valid_but_not_meaningfully_sparse,,,,,locally_single_deletion_minimal_nonsparse_mask,stage18-scaling-24a9adb84176,3,6,8650,480
False,False,9154,53,s3-step8650-f39of40-d1of4,481,4,1,10000,846,,40,39,True,0.0,1,0,False,sparsity_failure,0.9753308794737254,7,840,1,0,True,510,fresh_execution,valid_but_not_meaningfully_sparse,,,,,locally_single_deletion_minimal_nonsparse_mask,stage18-scaling-24a9adb84176,3,6,8650,481
False,False,9154,53,s3-step8650-f39of40-d1of2,482,2,1,10000,846,,40,39,True,0.0,1,0,False,sparsity_failure,0.9753308794737254,7,840,1,0,True,510,fresh_execution,valid_but_not_meaningfully_sparse,,,,,locally_single_deletion_minimal_nonsparse_mask,stage18-scaling-24a9adb84176,3,6,8650,482
False,False,9154,53,s3-step8650-f39of40-d3of4,483,4,3,10000,846,,40,39,True,0.0,1,0,False,sparsity_failure,0.9753308794737254,7,840,1,0,True,510,fresh_execution,valid_but_not_meaningfully_sparse,,,,,locally_single_deletion_minimal_nonsparse_mask,stage18-scaling-24a9adb84176,3,6,8650,483
False,False,9294,45,s3-step8650-f99of100-d1of4,484,4,1,10000,706,,100,99,True,0.0,1,0,False,sparsity_failure,0.9906022397995145,3,704,1,0,True,514,fresh_execution,valid_but_not_meaningfully_sparse,,,,,locally_single_deletion_minimal_nonsparse_mask,stage18-scaling-24a9adb84176,3,6,8650,484
False,False,9294,45,s3-step8650-f99of100-d1of2,485,2,1,10000,706,,100,99,True,0.0,1,0,False,sparsity_failure,0.9906022397995145,3,704,1,0,True,514,fresh_execution,valid_but_not_meaningfully_sparse,,,,,locally_single_deletion_minimal_nonsparse_mask,stage18-scaling-24a9adb84176,3,6,8650,485
False,False,9294,45,s3-step8650-f99of100-d3of4,486,4,3,10000,706,,100,99,True,0.0,1,0,False,sparsity_failure,0.9906022397995145,3,704,1,0,True,514,fresh_execution,valid_but_not_meaningfully_sparse,,,,,locally_single_deletion_minimal_nonsparse_mask,stage18-scaling-24a9adb84176,3,6,8650,486
True,False,2349,479,s3-step9050-f4of5-d1of4,487,4,1,10000,7651,,5,4,True,0.0,1,0,True,valid_distinct_candidate,0.80006265173467,306,7346,1,0,True,211,fresh_execution,valid_sparse_circuit,,,,,locally_single_deletion_minimal_sparse_mask,stage18-scaling-24a9adb84176,3,7,9050,487
True,False,3400,413,s3-step9050-f4of5-d1of4,487,4,1,10000,6600,,5,4,True,0.04914004914004914,407,20,True,valid_distinct_candidate,0.80006265173467,301,6300,2,0,True,216,fresh_execution,valid_sparse_circuit,2214134857,83f90449e9aabe51b305ebe151743e246655b8bff7c9ed7da931d22d02399688,,,locally_single_deletion_minimal_sparse_mask,stage18-scaling-24a9adb84176,3,7,9050,487
False,False,2602,463,s3-step9050-f4of5-d1of4,487,4,1,10000,7398,,5,4,True,0.3198757763975155,322,103,True,distinctness_failure,0.80006265173467,303,7096,3,0,True,214,fresh_execution,valid_sparse_circuit,1136470370,43bd29620fa4859ee5faa20a53c9822d7998cfe69135d4abc0f1d15d41b4faa2,,,locally_single_deletion_minimal_sparse_mask,stage18-scaling-24a9adb84176,3,7,9050,487
False,True,0,163,s3-step9050-f4of5-d1of4,487,4,1,2602,2602,,5,4,False,0.43765903307888043,393,172,False,budget_exhaustion,0.845250215365338,163,2440,3,1,True,354,fresh_execution,budget_exhaustion,2625196152,9c795078f3902c2ef596ea9b399076144ce8938bcaba9ba4eb561c2e228b6ebf,,,budget_exhausted_inside_candidate_batch,stage18-scaling-24a9adb84176,3,7,9050,487
True,False,2349,479,s3-step9050-f4of5-d1of2,488,2,1,10000,7651,,5,4,True,0.0,1,0,True,valid_distinct_candidate,0.80006265173467,306,7346,1,0,True,211,fresh_execution,valid_sparse_circuit,,,,,locally_single_deletion_minimal_sparse_mask,stage18-scaling-24a9adb84176,3,7,9050,488
True,False,3400,413,s3-step9050-f4of5-d1of2,488,2,1,10000,6600,,5,4,True,0.04914004914004914,407,20,True,valid_distinct_candidate,0.80006265173467,301,6300,2,0,True,216,fresh_execution,valid_sparse_circuit,2214134857,83f90449e9aabe51b305ebe151743e246655b8bff7c9ed7da931d22d02399688,,,locally_single_deletion_minimal_sparse_mask,stage18-scaling-24a9adb84176,3,7,9050,488
True,False,2602,463,s3-step9050-f4of5-d1of2,488,2,1,10000,7398,,5,4,True,0.3198757763975155,322,103,True,valid_distinct_candidate,0.80006265173467,303,7096,3,0,True,214,fresh_execution,valid_sparse_circuit,1136470370,43bd29620fa4859ee5faa20a53c9822d7998cfe69135d4abc0f1d15d41b4faa2,,,locally_single_deletion_minimal_sparse_mask,stage18-scaling-24a9adb84176,3,7,9050,488
True,False,2562,465,s3-step9050-f4of5-d1of2,488,2,1,10000,7438,,5,4,True,0.3282208588957055,326,107,True,valid_distinct_candidate,0.80006265173467,295,7144,4,0,True,222,fresh_execution,valid_sparse_circuit,959163904,392bae0024e104279b5c01ba3ecbdb0db753dd97ab5306df84bbe2216aceb265,,,locally_single_deletion_minimal_sparse_mask,stage18-scaling-24a9adb84176,3,7,9050,488
True,False,3552,403,s3-step9050-f4of5-d1of2,488,2,1,10000,6448,,5,4,True,0.29721362229102166,323,96,True,valid_distinct_candidate,0.80006265173467,309,6140,5,0,True,208,fresh_execution,valid_sparse_circuit,2104497486,7d70154ec2a6e1684688def6f72d2e7b0a5039db263f864f934f6146fcdfecda,,,locally_single_deletion_minimal_sparse_mask,stage18-scaling-24a9adb84176,3,7,9050,488
True,False,1879,508,s3-step9050-f4of5-d1of2,488,2,1,10000,8121,,5,4,True,0.33436532507739936,323,108,True,valid_distinct_candidate,0.80006265173467,300,7822,6,0,True,217,fresh_execution,valid_sparse_circuit,2903625958,ad11d0e6d546eefc9858eaae161fa7bd987758f97cda8ce15c73363f3537e31c,,,locally_single_deletion_minimal_sparse_mask,stage18-scaling-24a9adb84176,3,7,9050,488
False,True,0,397,s3-step9050-f4of5-d1of2,488,2,1,6344,6344,,5,4,False,0.3630769230769231,325,118,True,budget_exhaustion,0.8006891690813689,285,6060,7,0,True,232,fresh_execution,budget_exhaustion,3108434641,b946f2d17232bf021fbea924e33483d2e9aeb32d349cc5cfbffa622ba9cce78c,,,budget_exhausted_inside_candidate_batch,stage18-scaling-24a9adb84176,3,7,9050,488
True,False,2349,479,s3-step9050-f4of5-d3of4,489,4,3,10000,7651,,5,4,True,0.0,1,0,True,valid_distinct_candidate,0.80006265173467,306,7346,1,0,True,211,fresh_execution,valid_sparse_circuit,,,,,locally_single_deletion_minimal_sparse_mask,stage18-scaling-24a9adb84176,3,7,9050,489
True,False,3400,413,s3-step9050-f4of5-d3of4,489,4,3,10000,6600,,5,4,True,0.04914004914004914,407,20,True,valid_distinct_candidate,0.80006265173467,301,6300,2,0,True,216,fresh_execution,valid_sparse_circuit,2214134857,83f90449e9aabe51b305ebe151743e246655b8bff7c9ed7da931d22d02399688,,,locally_single_deletion_minimal_sparse_mask,stage18-scaling-24a9adb84176,3,7,9050,489
True,False,2602,463,s3-step9050-f4of5-d3of4,489,4,3,10000,7398,,5,4,True,0.3198757763975155,322,103,True,valid_distinct_candidate,0.80006265173467,303,7096,3,0,True,214,fresh_execution,valid_sparse_circuit,1136470370,43bd29620fa4859ee5faa20a53c9822d7998cfe69135d4abc0f1d15d41b4faa2,,,locally_single_deletion_minimal_sparse_mask,stage18-scaling-24a9adb84176,3,7,9050,489
True,False,2562,465,s3-step9050-f4of5-d3of4,489,4,3,10000,7438,,5,4,True,0.3282208588957055,326,107,True,valid_distinct_candidate,0.80006265173467,295,7144,4,0,True,222,fresh_execution,valid_sparse_circuit,959163904,392bae0024e104279b5c01ba3ecbdb0db753dd97ab5306df84bbe2216aceb265,,,locally_single_deletion_minimal_sparse_mask,stage18-scaling-24a9adb84176,3,7,9050,489
True,False,3552,403,s3-step9050-f4of5-d3of4,489,4,3,10000,6448,,5,4,True,0.29721362229102166,323,96,True,valid_distinct_candidate,0.80006265173467,309,6140,5,0,True,208,fresh_execution,valid_sparse_circuit,2104497486,7d70154ec2a6e1684688def6f72d2e7b0a5039db263f864f934f6146fcdfecda,,,locally_single_deletion_minimal_sparse_mask,stage18-scaling-24a9adb84176,3,7,9050,489
True,False,1879,508,s3-step9050-f4of5-d3of4,489,4,3,10000,8121,,5,4,True,0.33436532507739936,323,108,True,valid_distinct_candidate,0.80006265173467,300,7822,6,0,True,217,fresh_execution,valid_sparse_circuit,2903625958,ad11d0e6d546eefc9858eaae161fa7bd987758f97cda8ce15c73363f3537e31c,,,locally_single_deletion_minimal_sparse_mask,stage18-scaling-24a9adb84176,3,7,9050,489
False,True,0,397,s3-step9050-f4of5-d3of4,489,4,3,6344,6344,,5,4,False,0.3630769230769231,325,118,True,budget_exhaustion,0.8006891690813689,285,6060,7,0,True,232,fresh_execution,budget_exhaustion,3108434641,b946f2d17232bf021fbea924e33483d2e9aeb32d349cc5cfbffa622ba9cce78c,,,budget_exhausted_inside_candidate_batch,stage18-scaling-24a9adb84176,3,7,9050,489
False,False,3243,423,s3-step9050-f17of20-d1of4,490,4,1,10000,6757,,20,17,True,0.0,1,0,False,sparsity_failure,0.8500274101339181,256,6502,1,0,True,261,fresh_execution,valid_but_not_meaningfully_sparse,,,,,locally_single_deletion_minimal_nonsparse_mask,stage18-scaling-24a9adb84176,3,7,9050,490
False,False,3243,423,s3-step9050-f17of20-d1of2,491,2,1,10000,6757,,20,17,True,0.0,1,0,False,sparsity_failure,0.8500274101339181,256,6502,1,0,True,261,fresh_execution,valid_but_not_meaningfully_sparse,,,,,locally_single_deletion_minimal_nonsparse_mask,stage18-scaling-24a9adb84176,3,7,9050,491
False,False,3243,423,s3-step9050-f17of20-d3of4,492,4,3,10000,6757,,20,17,True,0.0,1,0,False,sparsity_failure,0.8500274101339181,256,6502,1,0,True,261,fresh_execution,valid_but_not_meaningfully_sparse,,,,,locally_single_deletion_minimal_nonsparse_mask,stage18-scaling-24a9adb84176,3,7,9050,492
False,False,3926,380,s3-step9050-f9of10-d1of4,493,4,1,10000,6074,,10,9,True,0.0,1,0,False,sparsity_failure,0.900148797869841,187,5888,1,0,True,330,fresh_execution,valid_but_not_meaningfully_sparse,,,,,locally_single_deletion_minimal_nonsparse_mask,stage18-scaling-24a9adb84176,3,7,9050,493
False,False,3926,380,s3-step9050-f9of10-d1of2,494,2,1,10000,6074,,10,9,True,0.0,1,0,False,sparsity_failure,0.900148797869841,187,5888,1,0,True,330,fresh_execution,valid_but_not_meaningfully_sparse,,,,,locally_single_deletion_minimal_nonsparse_mask,stage18-scaling-24a9adb84176,3,7,9050,494
False,False,3926,380,s3-step9050-f9of10-d3of4,495,4,3,10000,6074,,10,9,True,0.0,1,0,False,sparsity_failure,0.900148797869841,187,5888,1,0,True,330,fresh_execution,valid_but_not_meaningfully_sparse,,,,,locally_single_deletion_minimal_nonsparse_mask,stage18-scaling-24a9adb84176,3,7,9050,495
False,False,5696,269,s3-step9050-f19of20-d1of4,496,4,1,10000,4304,,20,19,True,0.0,1,0,False,sparsity_failure,0.9500352416007518,69,4236,1,0,True,448,fresh_execution,valid_but_not_meaningfully_sparse,,,,,locally_single_deletion_minimal_nonsparse_mask,stage18-scaling-24a9adb84176,3,7,9050,496
False,False,5696,269,s3-step9050-f19of20-d1of2,497,2,1,10000,4304,,20,19,True,0.0,1,0,False,sparsity_failure,0.9500352416007518,69,4236,1,0,True,448,fresh_execution,valid_but_not_meaningfully_sparse,,,,,locally_single_deletion_minimal_nonsparse_mask,stage18-scaling-24a9adb84176,3,7,9050,497
False,False,5696,269,s3-step9050-f19of20-d3of4,498,4,3,10000,4304,,20,19,True,0.0,1,0,False,sparsity_failure,0.9500352416007518,69,4236,1,0,True,448,fresh_execution,valid_but_not_meaningfully_sparse,,,,,locally_single_deletion_minimal_nonsparse_mask,stage18-scaling-24a9adb84176,3,7,9050,498
False,False,6221,237,s3-step9050-f39of40-d1of4,499,4,1,10000,3779,,40,39,True,0.0,1,0,False,sparsity_failure,0.9750176208003759,34,3746,1,0,True,483,fresh_execution,valid_but_not_meaningfully_sparse,,,,,locally_single_deletion_minimal_nonsparse_mask,stage18-scaling-24a9adb84176,3,7,9050,499
False,False,6221,237,s3-step9050-f39of40-d1of2,500,2,1,10000,3779,,40,39,True,0.0,1,0,False,sparsity_failure,0.9750176208003759,34,3746,1,0,True,483,fresh_execution,valid_but_not_meaningfully_sparse,,,,,locally_single_deletion_minimal_nonsparse_mask,stage18-scaling-24a9adb84176,3,7,9050,500
False,False,6221,237,s3-step9050-f39of40-d3of4,501,4,3,10000,3779,,40,39,True,0.0,1,0,False,sparsity_failure,0.9750176208003759,34,3746,1,0,True,483,fresh_execution,valid_but_not_meaningfully_sparse,,,,,locally_single_deletion_minimal_nonsparse_mask,stage18-scaling-24a9adb84176,3,7,9050,501
False,False,8867,71,s3-step9050-f99of100-d1of4,502,4,1,10000,1133,,100,99,True,0.0,1,0,False,sparsity_failure,0.9900540371211528,8,1126,1,0,True,509,fresh_execution,valid_but_not_meaningfully_sparse,,,,,locally_single_deletion_minimal_nonsparse_mask,stage18-scaling-24a9adb84176,3,7,9050,502
False,False,8867,71,s3-step9050-f99of100-d1of2,503,2,1,10000,1133,,100,99,True,0.0,1,0,False,sparsity_failure,0.9900540371211528,8,1126,1,0,True,509,fresh_execution,valid_but_not_meaningfully_sparse,,,,,locally_single_deletion_minimal_nonsparse_mask,stage18-scaling-24a9adb84176,3,7,9050,503
False,False,8867,71,s3-step9050-f99of100-d3of4,504,4,3,10000,1133,,100,99,True,0.0,1,0,False,sparsity_failure,0.9900540371211528,8,1126,1,0,True,509,fresh_execution,valid_but_not_meaningfully_sparse,,,,,locally_single_deletion_minimal_nonsparse_mask,stage18-scaling-24a9adb84176,3,7,9050,504
False,False,8849,72,s4-step200-f4of5-d1of4,505,4,1,10000,1151,,5,4,True,0.0,1,0,False,sparsity_failure,0.8005325397446942,22,1130,1,0,True,495,fresh_execution,valid_but_not_meaningfully_sparse,,,,,locally_single_deletion_minimal_nonsparse_mask,stage18-scaling-24a9adb84176,4,1,200,505
False,False,8849,72,s4-step200-f4of5-d1of2,506,2,1,10000,1151,,5,4,True,0.0,1,0,False,sparsity_failure,0.8005325397446942,22,1130,1,0,True,495,fresh_execution,valid_but_not_meaningfully_sparse,,,,,locally_single_deletion_minimal_nonsparse_mask,stage18-scaling-24a9adb84176,4,1,200,506
False,False,8849,72,s4-step200-f4of5-d3of4,507,4,3,10000,1151,,5,4,True,0.0,1,0,False,sparsity_failure,0.8005325397446942,22,1130,1,0,True,495,fresh_execution,valid_but_not_meaningfully_sparse,,,,,locally_single_deletion_minimal_nonsparse_mask,stage18-scaling-24a9adb84176,4,1,200,507
False,False,9112,56,s4-step200-f17of20-d1of4,508,4,1,10000,888,,20,17,True,0.0,1,0,False,sparsity_failure,0.8501840394705928,13,876,1,0,True,504,fresh_execution,valid_but_not_meaningfully_sparse,,,,,locally_single_deletion_minimal_nonsparse_mask,stage18-scaling-24a9adb84176,4,1,200,508
False,False,9112,56,s4-step200-f17of20-d1of2,509,2,1,10000,888,,20,17,True,0.0,1,0,False,sparsity_failure,0.8501840394705928,13,876,1,0,True,504,fresh_execution,valid_but_not_meaningfully_sparse,,,,,locally_single_deletion_minimal_nonsparse_mask,stage18-scaling-24a9adb84176,4,1,200,509
False,False,9112,56,s4-step200-f17of20-d3of4,510,4,3,10000,888,,20,17,True,0.0,1,0,False,sparsity_failure,0.8501840394705928,13,876,1,0,True,504,fresh_execution,valid_but_not_meaningfully_sparse,,,,,locally_single_deletion_minimal_nonsparse_mask,stage18-scaling-24a9adb84176,4,1,200,510
False,False,9027,61,s4-step200-f9of10-d1of4,511,4,1,10000,973,,10,9,True,0.0,1,0,False,sparsity_failure,0.9006186858798653,8,966,1,0,True,509,fresh_execution,valid_but_not_meaningfully_sparse,,,,,locally_single_deletion_minimal_nonsparse_mask,stage18-scaling-24a9adb84176,4,1,200,511
False,False,9027,61,s4-step200-f9of10-d1of2,512,2,1,10000,973,,10,9,True,0.0,1,0,False,sparsity_failure,0.9006186858798653,8,966,1,0,True,509,fresh_execution,valid_but_not_meaningfully_sparse,,,,,locally_single_deletion_minimal_nonsparse_mask,stage18-scaling-24a9adb84176,4,1,200,512
False,False,9027,61,s4-step200-f9of10-d3of4,513,4,3,10000,973,,10,9,True,0.0,1,0,False,sparsity_failure,0.9006186858798653,8,966,1,0,True,509,fresh_execution,valid_but_not_meaningfully_sparse,,,,,locally_single_deletion_minimal_nonsparse_mask,stage18-scaling-24a9adb84176,4,1,200,513
False,False,9358,41,s4-step200-f19of20-d1of4,514,4,1,10000,642,,20,19,True,0.0,1,0,False,sparsity_failure,0.950505129610776,3,640,1,0,True,514,fresh_execution,valid_but_not_meaningfully_sparse,,,,,locally_single_deletion_minimal_nonsparse_mask,stage18-scaling-24a9adb84176,4,1,200,514
False,False,9358,41,s4-step200-f19of20-d1of2,515,2,1,10000,642,,20,19,True,0.0,1,0,False,sparsity_failure,0.950505129610776,3,640,1,0,True,514,fresh_execution,valid_but_not_meaningfully_sparse,,,,,locally_single_deletion_minimal_nonsparse_mask,stage18-scaling-24a9adb84176,4,1,200,515
False,False,9358,41,s4-step200-f19of20-d3of4,516,4,3,10000,642,,20,19,True,0.0,1,0,False,sparsity_failure,0.950505129610776,3,640,1,0,True,514,fresh_execution,valid_but_not_meaningfully_sparse,,,,,locally_single_deletion_minimal_nonsparse_mask,stage18-scaling-24a9adb84176,4,1,200,516
False,False,9278,46,s4-step200-f39of40-d1of4,517,4,1,10000,722,,40,39,True,0.0,1,0,False,sparsity_failure,0.9764272848304487,3,720,1,0,True,514,fresh_execution,valid_but_not_meaningfully_sparse,,,,,locally_single_deletion_minimal_nonsparse_mask,stage18-scaling-24a9adb84176,4,1,200,517
False,False,9278,46,s4-step200-f39of40-d1of2,518,2,1,10000,722,,40,39,True,0.0,1,0,False,sparsity_failure,0.9764272848304487,3,720,1,0,True,514,fresh_execution,valid_but_not_meaningfully_sparse,,,,,locally_single_deletion_minimal_nonsparse_mask,stage18-scaling-24a9adb84176,4,1,200,518
False,False,9278,46,s4-step200-f39of40-d3of4,519,4,3,10000,722,,40,39,True,0.0,1,0,False,sparsity_failure,0.9764272848304487,3,720,1,0,True,514,fresh_execution,valid_but_not_meaningfully_sparse,,,,,locally_single_deletion_minimal_nonsparse_mask,stage18-scaling-24a9adb84176,4,1,200,519
False,False,8991,64,s4-step200-f99of100-d1of4,520,4,1,10000,1009,,100,99,True,0.0,1,0,False,sparsity_failure,0.9916203304879004,4,1006,1,0,True,513,fresh_execution,valid_but_not_meaningfully_sparse,,,,,locally_single_deletion_minimal_nonsparse_mask,stage18-scaling-24a9adb84176,4,1,200,520
False,False,8991,64,s4-step200-f99of100-d1of2,521,2,1,10000,1009,,100,99,True,0.0,1,0,False,sparsity_failure,0.9916203304879004,4,1006,1,0,True,513,fresh_execution,valid_but_not_meaningfully_sparse,,,,,locally_single_deletion_minimal_nonsparse_mask,stage18-scaling-24a9adb84176,4,1,200,521
False,False,8991,64,s4-step200-f99of100-d3of4,522,4,3,10000,1009,,100,99,True,0.0,1,0,False,sparsity_failure,0.9916203304879004,4,1006,1,0,True,513,fresh_execution,valid_but_not_meaningfully_sparse,,,,,locally_single_deletion_minimal_nonsparse_mask,stage18-scaling-24a9adb84176,4,1,200,522
False,False,8315,106,s4-step3400-f4of5-d1of4,523,4,1,10000,1685,,5,4,True,0.0,1,0,False,sparsity_failure,0.8002192810713447,32,1654,1,0,True,485,fresh_execution,valid_but_not_meaningfully_sparse,,,,,locally_single_deletion_minimal_nonsparse_mask,stage18-scaling-24a9adb84176,4,2,3400,523
False,False,8315,106,s4-step3400-f4of5-d1of2,524,2,1,10000,1685,,5,4,True,0.0,1,0,False,sparsity_failure,0.8002192810713447,32,1654,1,0,True,485,fresh_execution,valid_but_not_meaningfully_sparse,,,,,locally_single_deletion_minimal_nonsparse_mask,stage18-scaling-24a9adb84176,4,2,3400,524
False,False,8315,106,s4-step3400-f4of5-d3of4,525,4,3,10000,1685,,5,4,True,0.0,1,0,False,sparsity_failure,0.8002192810713447,32,1654,1,0,True,485,fresh_execution,valid_but_not_meaningfully_sparse,,,,,locally_single_deletion_minimal_nonsparse_mask,stage18-scaling-24a9adb84176,4,2,3400,525
False,False,8753,78,s4-step3400-f17of20-d1of4,526,4,1,10000,1247,,20,17,True,0.0,1,0,False,sparsity_failure,0.8502623541389303,22,1226,1,0,True,495,fresh_execution,valid_but_not_meaningfully_sparse,,,,,locally_single_deletion_minimal_nonsparse_mask,stage18-scaling-24a9adb84176,4,2,3400,526
False,False,8753,78,s4-step3400-f17of20-d1of2,527,2,1,10000,1247,,20,17,True,0.0,1,0,False,sparsity_failure,0.8502623541389303,22,1226,1,0,True,495,fresh_execution,valid_but_not_meaningfully_sparse,,,,,locally_single_deletion_minimal_nonsparse_mask,stage18-scaling-24a9adb84176,4,2,3400,527
False,False,8753,78,s4-step3400-f17of20-d3of4,528,4,3,10000,1247,,20,17,True,0.0,1,0,False,sparsity_failure,0.8502623541389303,22,1226,1,0,True,495,fresh_execution,valid_but_not_meaningfully_sparse,,,,,locally_single_deletion_minimal_nonsparse_mask,stage18-scaling-24a9adb84176,4,2,3400,528
False,False,9205,50,s4-step3400-f9of10-d1of4,529,4,1,10000,795,,10,9,True,0.0,1,0,False,sparsity_failure,0.9000704832015036,10,786,1,0,True,507,fresh_execution,valid_but_not_meaningfully_sparse,,,,,locally_single_deletion_minimal_nonsparse_mask,stage18-scaling-24a9adb84176,4,2,3400,529
False,False,9205,50,s4-step3400-f9of10-d1of2,530,2,1,10000,795,,10,9,True,0.0,1,0,False,sparsity_failure,0.9000704832015036,10,786,1,0,True,507,fresh_execution,valid_but_not_meaningfully_sparse,,,,,locally_single_deletion_minimal_nonsparse_mask,stage18-scaling-24a9adb84176,4,2,3400,530
False,False,9205,50,s4-step3400-f9of10-d3of4,531,4,3,10000,795,,10,9,True,0.0,1,0,False,sparsity_failure,0.9000704832015036,10,786,1,0,True,507,fresh_execution,valid_but_not_meaningfully_sparse,,,,,locally_single_deletion_minimal_nonsparse_mask,stage18-scaling-24a9adb84176,4,2,3400,531
False,False,9279,46,s4-step3400-f19of20-d1of4,532,4,1,10000,721,,20,19,True,0.0,1,0,False,sparsity_failure,0.9506617589474509,4,718,1,0,True,513,fresh_execution,valid_but_not_meaningfully_sparse,,,,,locally_single_deletion_minimal_nonsparse_mask,stage18-scaling-24a9adb84176,4,2,3400,532
False,False,9279,46,s4-step3400-f19of20-d1of2,533,2,1,10000,721,,20,19,True,0.0,1,0,False,sparsity_failure,0.9506617589474509,4,718,1,0,True,513,fresh_execution,valid_but_not_meaningfully_sparse,,,,,locally_single_deletion_minimal_nonsparse_mask,stage18-scaling-24a9adb84176,4,2,3400,533
False,False,9279,46,s4-step3400-f19of20-d3of4,534,4,3,10000,721,,20,19,True,0.0,1,0,False,sparsity_failure,0.9506617589474509,4,718,1,0,True,513,fresh_execution,valid_but_not_meaningfully_sparse,,,,,locally_single_deletion_minimal_nonsparse_mask,stage18-scaling-24a9adb84176,4,2,3400,534
False,False,9469,34,s4-step3400-f39of40-d1of4,535,4,1,10000,531,,40,39,True,0.0,1,0,False,sparsity_failure,0.9769754875088104,2,530,1,0,True,515,fresh_execution,valid_but_not_meaningfully_sparse,,,,,locally_single_deletion_minimal_nonsparse_mask,stage18-scaling-24a9adb84176,4,2,3400,535
False,False,9469,34,s4-step3400-f39of40-d1of2,536,2,1,10000,531,,40,39,True,0.0,1,0,False,sparsity_failure,0.9769754875088104,2,530,1,0,True,515,fresh_execution,valid_but_not_meaningfully_sparse,,,,,locally_single_deletion_minimal_nonsparse_mask,stage18-scaling-24a9adb84176,4,2,3400,536
False,False,9469,34,s4-step3400-f39of40-d3of4,537,4,3,10000,531,,40,39,True,0.0,1,0,False,sparsity_failure,0.9769754875088104,2,530,1,0,True,515,fresh_execution,valid_but_not_meaningfully_sparse,,,,,locally_single_deletion_minimal_nonsparse_mask,stage18-scaling-24a9adb84176,4,2,3400,537
False,False,9325,43,s4-step3400-f99of100-d1of4,538,4,1,10000,675,,100,99,True,0.0,1,0,False,sparsity_failure,0.9932649385229854,2,674,1,0,True,515,fresh_execution,valid_but_not_meaningfully_sparse,,,,,locally_single_deletion_minimal_nonsparse_mask,stage18-scaling-24a9adb84176,4,2,3400,538
False,False,9325,43,s4-step3400-f99of100-d1of2,539,2,1,10000,675,,100,99,True,0.0,1,0,False,sparsity_failure,0.9932649385229854,2,674,1,0,True,515,fresh_execution,valid_but_not_meaningfully_sparse,,,,,locally_single_deletion_minimal_nonsparse_mask,stage18-scaling-24a9adb84176,4,2,3400,539
False,False,9325,43,s4-step3400-f99of100-d3of4,540,4,3,10000,675,,100,99,True,0.0,1,0,False,sparsity_failure,0.9932649385229854,2,674,1,0,True,515,fresh_execution,valid_but_not_meaningfully_sparse,,,,,locally_single_deletion_minimal_nonsparse_mask,stage18-scaling-24a9adb84176,4,2,3400,540
True,False,2554,466,s4-step7450-f4of5-d1of4,541,4,1,10000,7446,,5,4,True,0.0,1,0,True,valid_distinct_candidate,0.8024904064531286,463,6984,1,0,True,54,fresh_execution,valid_sparse_circuit,,,,,locally_single_deletion_minimal_sparse_mask,stage18-scaling-24a9adb84176,4,3,7450,541
True,False,2493,470,s4-step7450-f4of5-d1of4,541,4,1,10000,7507,,5,4,True,0.16666666666666666,6,1,True,valid_distinct_candidate,0.807737489231733,466,7042,2,0,True,51,fresh_execution,valid_sparse_circuit,3941530354,eaeefaf226437009062ce94e56521409f06873d9eba2ab756ebd14dca3970312,,,locally_single_deletion_minimal_sparse_mask,stage18-scaling-24a9adb84176,4,3,7450,541
True,False,2494,470,s4-step7450-f4of5-d1of4,541,4,1,10000,7506,,5,4,True,0.18181818181818182,11,2,True,valid_distinct_candidate,0.8067193985433472,467,7040,3,0,True,50,fresh_execution,valid_sparse_circuit,3590980139,d60a022b22a0a08e32e003dcf997269fd3e9346ec9ec30c3301fbba8137ca9c3,,,locally_single_deletion_minimal_sparse_mask,stage18-scaling-24a9adb84176,4,3,7450,541
True,False,2509,469,s4-step7450-f4of5-d1of4,541,4,1,10000,7491,,5,4,True,0.20689655172413793,29,6,True,valid_distinct_candidate,0.8069543425483593,466,7026,4,0,True,51,fresh_execution,valid_sparse_circuit,2719714299,a21b8bfb3db4f797ea8b27654eb1a49bce9d12cdbe60e59c11fc4dfcbaabf420,,,locally_single_deletion_minimal_sparse_mask,stage18-scaling-24a9adb84176,4,3,7450,541
True,False,2584,464,s4-step7450-f4of5-d1of4,541,4,1,10000,7416,,5,4,True,0.23595505617977527,89,21,True,valid_distinct_candidate,0.8013156864280679,461,6956,5,0,True,56,fresh_execution,valid_sparse_circuit,2475320639,938a653fb8777946bd9c35ececa43151d2faf7e158fcf2dc06da4ac4e468e196,,,locally_single_deletion_minimal_sparse_mask,stage18-scaling-24a9adb84176,4,3,7450,541
False,False,2524,468,s4-step7450-f4of5-d1of4,541,4,1,10000,7476,,5,4,True,0.358974358974359,39,14,True,distinctness_failure,0.8041350144882137,465,7012,6,0,True,52,fresh_execution,valid_sparse_circuit,2352002228,8c30b4b4b42bf843fa828439b5bb28cbb7760b7357842b418c792baf23f0d34a,,,locally_single_deletion_minimal_sparse_mask,stage18-scaling-24a9adb84176,4,3,7450,541
False,True,0,158,s4-step7450-f4of5-d1of4,541,4,1,2524,2524,,5,4,False,0.12534059945504086,367,46,False,budget_exhaustion,1.0,158,2367,6,1,True,359,fresh_execution,budget_exhaustion,4019526092,ef9519cca0db7ca7f871b8c6ece518cf165bd55c969343fd95968ce4c1bea3fa,,,budget_exhausted_inside_candidate_batch,stage18-scaling-24a9adb84176,4,3,7450,541
True,False,2554,466,s4-step7450-f4of5-d1of2,542,2,1,10000,7446,,5,4,True,0.0,1,0,True,valid_distinct_candidate,0.8024904064531286,463,6984,1,0,True,54,fresh_execution,valid_sparse_circuit,,,,,locally_single_deletion_minimal_sparse_mask,stage18-scaling-24a9adb84176,4,3,7450,542
True,False,2493,470,s4-step7450-f4of5-d1of2,542,2,1,10000,7507,,5,4,True,0.16666666666666666,6,1,True,valid_distinct_candidate,0.807737489231733,466,7042,2,0,True,51,fresh_execution,valid_sparse_circuit,3941530354,eaeefaf226437009062ce94e56521409f06873d9eba2ab756ebd14dca3970312,,,locally_single_deletion_minimal_sparse_mask,stage18-scaling-24a9adb84176,4,3,7450,542
True,False,2494,470,s4-step7450-f4of5-d1of2,542,2,1,10000,7506,,5,4,True,0.18181818181818182,11,2,True,valid_distinct_candidate,0.8067193985433472,467,7040,3,0,True,50,fresh_execution,valid_sparse_circuit,3590980139,d60a022b22a0a08e32e003dcf997269fd3e9346ec9ec30c3301fbba8137ca9c3,,,locally_single_deletion_minimal_sparse_mask,stage18-scaling-24a9adb84176,4,3,7450,542
True,False,2509,469,s4-step7450-f4of5-d1of2,542,2,1,10000,7491,,5,4,True,0.20689655172413793,29,6,True,valid_distinct_candidate,0.8069543425483593,466,7026,4,0,True,51,fresh_execution,valid_sparse_circuit,2719714299,a21b8bfb3db4f797ea8b27654eb1a49bce9d12cdbe60e59c11fc4dfcbaabf420,,,locally_single_deletion_minimal_sparse_mask,stage18-scaling-24a9adb84176,4,3,7450,542
True,False,2584,464,s4-step7450-f4of5-d1of2,542,2,1,10000,7416,,5,4,True,0.23595505617977527,89,21,True,valid_distinct_candidate,0.8013156864280679,461,6956,5,0,True,56,fresh_execution,valid_sparse_circuit,2475320639,938a653fb8777946bd9c35ececa43151d2faf7e158fcf2dc06da4ac4e468e196,,,locally_single_deletion_minimal_sparse_mask,stage18-scaling-24a9adb84176,4,3,7450,542
True,False,2524,468,s4-step7450-f4of5-d1of2,542,2,1,10000,7476,,5,4,True,0.358974358974359,39,14,True,valid_distinct_candidate,0.8041350144882137,465,7012,6,0,True,52,fresh_execution,valid_sparse_circuit,2352002228,8c30b4b4b42bf843fa828439b5bb28cbb7760b7357842b418c792baf23f0d34a,,,locally_single_deletion_minimal_sparse_mask,stage18-scaling-24a9adb84176,4,3,7450,542
False,True,0,323,s4-step7450-f4of5-d1of2,542,2,1,5158,5158,,5,4,False,0.1415525114155251,219,31,True,budget_exhaustion,1.0,323,4836,7,0,True,194,fresh_execution,budget_exhaustion,3530253578,d26b650aa0ce4910c99accc41282628692a953dc9aca71d5546b8a222cbfac17,,,budget_exhausted_inside_candidate_batch,stage18-scaling-24a9adb84176,4,3,7450,542
True,False,2554,466,s4-step7450-f4of5-d3of4,543,4,3,10000,7446,,5,4,True,0.0,1,0,True,valid_distinct_candidate,0.8024904064531286,463,6984,1,0,True,54,fresh_execution,valid_sparse_circuit,,,,,locally_single_deletion_minimal_sparse_mask,stage18-scaling-24a9adb84176,4,3,7450,543
True,False,2493,470,s4-step7450-f4of5-d3of4,543,4,3,10000,7507,,5,4,True,0.16666666666666666,6,1,True,valid_distinct_candidate,0.807737489231733,466,7042,2,0,True,51,fresh_execution,valid_sparse_circuit,3941530354,eaeefaf226437009062ce94e56521409f06873d9eba2ab756ebd14dca3970312,,,locally_single_deletion_minimal_sparse_mask,stage18-scaling-24a9adb84176,4,3,7450,543
True,False,2494,470,s4-step7450-f4of5-d3of4,543,4,3,10000,7506,,5,4,True,0.18181818181818182,11,2,True,valid_distinct_candidate,0.8067193985433472,467,7040,3,0,True,50,fresh_execution,valid_sparse_circuit,3590980139,d60a022b22a0a08e32e003dcf997269fd3e9346ec9ec30c3301fbba8137ca9c3,,,locally_single_deletion_minimal_sparse_mask,stage18-scaling-24a9adb84176,4,3,7450,543
True,False,2509,469,s4-step7450-f4of5-d3of4,543,4,3,10000,7491,,5,4,True,0.20689655172413793,29,6,True,valid_distinct_candidate,0.8069543425483593,466,7026,4,0,True,51,fresh_execution,valid_sparse_circuit,2719714299,a21b8bfb3db4f797ea8b27654eb1a49bce9d12cdbe60e59c11fc4dfcbaabf420,,,locally_single_deletion_minimal_sparse_mask,stage18-scaling-24a9adb84176,4,3,7450,543
True,False,2584,464,s4-step7450-f4of5-d3of4,543,4,3,10000,7416,,5,4,True,0.23595505617977527,89,21,True,valid_distinct_candidate,0.8013156864280679,461,6956,5,0,True,56,fresh_execution,valid_sparse_circuit,2475320639,938a653fb8777946bd9c35ececa43151d2faf7e158fcf2dc06da4ac4e468e196,,,locally_single_deletion_minimal_sparse_mask,stage18-scaling-24a9adb84176,4,3,7450,543
True,False,2524,468,s4-step7450-f4of5-d3of4,543,4,3,10000,7476,,5,4,True,0.358974358974359,39,14,True,valid_distinct_candidate,0.8041350144882137,465,7012,6,0,True,52,fresh_execution,valid_sparse_circuit,2352002228,8c30b4b4b42bf843fa828439b5bb28cbb7760b7357842b418c792baf23f0d34a,,,locally_single_deletion_minimal_sparse_mask,stage18-scaling-24a9adb84176,4,3,7450,543
False,True,0,323,s4-step7450-f4of5-d3of4,543,4,3,5158,5158,,5,4,False,0.1415525114155251,219,31,True,budget_exhaustion,1.0,323,4836,7,0,True,194,fresh_execution,budget_exhaustion,3530253578,d26b650aa0ce4910c99accc41282628692a953dc9aca71d5546b8a222cbfac17,,,budget_exhausted_inside_candidate_batch,stage18-scaling-24a9adb84176,4,3,7450,543
True,False,2599,463,s4-step7450-f17of20-d1of4,544,4,1,10000,7401,,20,17,True,0.0,1,0,True,valid_distinct_candidate,0.8541780875557992,460,6942,1,0,True,57,fresh_execution,valid_sparse_circuit,,,,,locally_single_deletion_minimal_sparse_mask,stage18-scaling-24a9adb84176,4,3,7450,544
True,False,2554,466,s4-step7450-f17of20-d1of4,544,4,1,10000,7446,,20,17,True,0.15625,32,5,True,valid_distinct_candidate,0.8567624716109328,463,6984,2,0,True,54,fresh_execution,valid_sparse_circuit,3941530354,eaeefaf226437009062ce94e56521409f06873d9eba2ab756ebd14dca3970312,,,locally_single_deletion_minimal_sparse_mask,stage18-scaling-24a9adb84176,4,3,7450,544
True,False,2569,465,s4-step7450-f17of20-d1of4,544,4,1,10000,7431,,20,17,True,0.17894736842105263,95,17,True,valid_distinct_candidate,0.8628710157412484,462,6970,3,0,True,55,fresh_execution,valid_sparse_circuit,3590980139,d60a022b22a0a08e32e003dcf997269fd3e9346ec9ec30c3301fbba8137ca9c3,,,locally_single_deletion_minimal_sparse_mask,stage18-scaling-24a9adb84176,4,3,7450,544
True,False,2494,470,s4-step7450-f17of20-d1of4,544,4,1,10000,7506,,20,17,True,0.22988505747126436,87,20,True,valid_distinct_candidate,0.8552744929125226,467,7040,4,0,True,50,fresh_execution,valid_sparse_circuit,2719714299,a21b8bfb3db4f797ea8b27654eb1a49bce9d12cdbe60e59c11fc4dfcbaabf420,,,locally_single_deletion_minimal_sparse_mask,stage18-scaling-24a9adb84176,4,3,7450,544
False,False,2614,462,s4-step7450-f17of20-d1of4,544,4,1,10000,7386,,20,17,True,0.35294117647058826,17,6,True,distinctness_failure,0.851437074163991,459,6928,5,0,True,58,fresh_execution,valid_sparse_circuit,2475320639,938a653fb8777946bd9c35ececa43151d2faf7e158fcf2dc06da4ac4e468e196,,,locally_single_deletion_minimal_sparse_mask,stage18-scaling-24a9adb84176,4,3,7450,544
False,True,0,164,s4-step7450-f17of20-d1of4,544,4,1,2614,2614,,20,17,False,0.12947658402203857,363,47,False,budget_exhaustion,1.0,164,2451,5,1,True,353,fresh_execution,budget_exhaustion,1881358277,70233fc54da358e4fe6f50909dbaebee5bf66ef90c156af671bdb950d93d8645,,,budget_exhausted_inside_candidate_batch,stage18-scaling-24a9adb84176,4,3,7450,544
True,False,2599,463,s4-step7450-f17of20-d1of2,545,2,1,10000,7401,,20,17,True,0.0,1,0,True,valid_distinct_candidate,0.8541780875557992,460,6942,1,0,True,57,fresh_execution,valid_sparse_circuit,,,,,locally_single_deletion_minimal_sparse_mask,stage18-scaling-24a9adb84176,4,3,7450,545
True,False,2554,466,s4-step7450-f17of20-d1of2,545,2,1,10000,7446,,20,17,True,0.15625,32,5,True,valid_distinct_candidate,0.8567624716109328,463,6984,2,0,True,54,fresh_execution,valid_sparse_circuit,3941530354,eaeefaf226437009062ce94e56521409f06873d9eba2ab756ebd14dca3970312,,,locally_single_deletion_minimal_sparse_mask,stage18-scaling-24a9adb84176,4,3,7450,545
True,False,2569,465,s4-step7450-f17of20-d1of2,545,2,1,10000,7431,,20,17,True,0.17894736842105263,95,17,True,valid_distinct_candidate,0.8628710157412484,462,6970,3,0,True,55,fresh_execution,valid_sparse_circuit,3590980139,d60a022b22a0a08e32e003dcf997269fd3e9346ec9ec30c3301fbba8137ca9c3,,,locally_single_deletion_minimal_sparse_mask,stage18-scaling-24a9adb84176,4,3,7450,545
True,False,2494,470,s4-step7450-f17of20-d1of2,545,2,1,10000,7506,,20,17,True,0.22988505747126436,87,20,True,valid_distinct_candidate,0.8552744929125226,467,7040,4,0,True,50,fresh_execution,valid_sparse_circuit,2719714299,a21b8bfb3db4f797ea8b27654eb1a49bce9d12cdbe60e59c11fc4dfcbaabf420,,,locally_single_deletion_minimal_sparse_mask,stage18-scaling-24a9adb84176,4,3,7450,545
True,False,2614,462,s4-step7450-f17of20-d1of2,545,2,1,10000,7386,,20,17,True,0.35294117647058826,17,6,True,valid_distinct_candidate,0.851437074163991,459,6928,5,0,True,58,fresh_execution,valid_sparse_circuit,2475320639,938a653fb8777946bd9c35ececa43151d2faf7e158fcf2dc06da4ac4e468e196,,,locally_single_deletion_minimal_sparse_mask,stage18-scaling-24a9adb84176,4,3,7450,545
True,False,2584,464,s4-step7450-f17of20-d1of2,545,2,1,10000,7416,,20,17,True,0.2840909090909091,88,25,True,valid_distinct_candidate,0.8569974156159449,461,6956,6,0,True,56,fresh_execution,valid_sparse_circuit,2352002228,8c30b4b4b42bf843fa828439b5bb28cbb7760b7357842b418c792baf23f0d34a,,,locally_single_deletion_minimal_sparse_mask,stage18-scaling-24a9adb84176,4,3,7450,545
False,True,0,339,s4-step7450-f17of20-d1of2,545,2,1,5414,5414,,20,17,False,0.19289340101522842,197,38,True,budget_exhaustion,1.0,339,5076,7,0,True,178,fresh_execution,budget_exhaustion,3530253578,d26b650aa0ce4910c99accc41282628692a953dc9aca71d5546b8a222cbfac17,,,budget_exhausted_inside_candidate_batch,stage18-scaling-24a9adb84176,4,3,7450,545
True,False,2599,463,s4-step7450-f17of20-d3of4,546,4,3,10000,7401,,20,17,True,0.0,1,0,True,valid_distinct_candidate,0.8541780875557992,460,6942,1,0,True,57,fresh_execution,valid_sparse_circuit,,,,,locally_single_deletion_minimal_sparse_mask,stage18-scaling-24a9adb84176,4,3,7450,546
True,False,2554,466,s4-step7450-f17of20-d3of4,546,4,3,10000,7446,,20,17,True,0.15625,32,5,True,valid_distinct_candidate,0.8567624716109328,463,6984,2,0,True,54,fresh_execution,valid_sparse_circuit,3941530354,eaeefaf226437009062ce94e56521409f06873d9eba2ab756ebd14dca3970312,,,locally_single_deletion_minimal_sparse_mask,stage18-scaling-24a9adb84176,4,3,7450,546
True,False,2569,465,s4-step7450-f17of20-d3of4,546,4,3,10000,7431,,20,17,True,0.17894736842105263,95,17,True,valid_distinct_candidate,0.8628710157412484,462,6970,3,0,True,55,fresh_execution,valid_sparse_circuit,3590980139,d60a022b22a0a08e32e003dcf997269fd3e9346ec9ec30c3301fbba8137ca9c3,,,locally_single_deletion_minimal_sparse_mask,stage18-scaling-24a9adb84176,4,3,7450,546
True,False,2494,470,s4-step7450-f17of20-d3of4,546,4,3,10000,7506,,20,17,True,0.22988505747126436,87,20,True,valid_distinct_candidate,0.8552744929125226,467,7040,4,0,True,50,fresh_execution,valid_sparse_circuit,2719714299,a21b8bfb3db4f797ea8b27654eb1a49bce9d12cdbe60e59c11fc4dfcbaabf420,,,locally_single_deletion_minimal_sparse_mask,stage18-scaling-24a9adb84176,4,3,7450,546
True,False,2614,462,s4-step7450-f17of20-d3of4,546,4,3,10000,7386,,20,17,True,0.35294117647058826,17,6,True,valid_distinct_candidate,0.851437074163991,459,6928,5,0,True,58,fresh_execution,valid_sparse_circuit,2475320639,938a653fb8777946bd9c35ececa43151d2faf7e158fcf2dc06da4ac4e468e196,,,locally_single_deletion_minimal_sparse_mask,stage18-scaling-24a9adb84176,4,3,7450,546
True,False,2584,464,s4-step7450-f17of20-d3of4,546,4,3,10000,7416,,20,17,True,0.2840909090909091,88,25,True,valid_distinct_candidate,0.8569974156159449,461,6956,6,0,True,56,fresh_execution,valid_sparse_circuit,2352002228,8c30b4b4b42bf843fa828439b5bb28cbb7760b7357842b418c792baf23f0d34a,,,locally_single_deletion_minimal_sparse_mask,stage18-scaling-24a9adb84176,4,3,7450,546
False,True,0,339,s4-step7450-f17of20-d3of4,546,4,3,5414,5414,,20,17,False,0.19289340101522842,197,38,True,budget_exhaustion,1.0,339,5076,7,0,True,178,fresh_execution,budget_exhaustion,3530253578,d26b650aa0ce4910c99accc41282628692a953dc9aca71d5546b8a222cbfac17,,,budget_exhausted_inside_candidate_batch,stage18-scaling-24a9adb84176,4,3,7450,546
True,False,2689,457,s4-step7450-f9of10-d1of4,547,4,1,10000,7311,,10,9,True,0.0,1,0,True,valid_distinct_candidate,0.9044561046283969,454,6858,1,0,True,63,fresh_execution,valid_sparse_circuit,,,,,locally_single_deletion_minimal_sparse_mask,stage18-scaling-24a9adb84176,4,3,7450,547
True,False,2674,458,s4-step7450-f9of10-d1of4,547,4,1,10000,7326,,10,9,True,0.13636363636363635,22,3,True,valid_distinct_candidate,0.9055525099851202,455,6872,2,0,True,62,fresh_execution,valid_sparse_circuit,3941530354,eaeefaf226437009062ce94e56521409f06873d9eba2ab756ebd14dca3970312,,,locally_single_deletion_minimal_sparse_mask,stage18-scaling-24a9adb84176,4,3,7450,547
True,False,2599,463,s4-step7450-f9of10-d1of4,547,4,1,10000,7401,,10,9,True,0.21212121212121213,33,7,True,valid_distinct_candidate,0.9023416085832876,460,6942,3,0,True,57,fresh_execution,valid_sparse_circuit,3590980139,d60a022b22a0a08e32e003dcf997269fd3e9346ec9ec30c3301fbba8137ca9c3,,,locally_single_deletion_minimal_sparse_mask,stage18-scaling-24a9adb84176,4,3,7450,547
False,False,2719,456,s4-step7450-f9of10-d1of4,547,4,1,10000,7281,,10,9,True,0.2549019607843137,51,13,True,distinctness_failure,0.9019500352416008,452,6830,4,0,True,65,fresh_execution,valid_sparse_circuit,2719714299,a21b8bfb3db4f797ea8b27654eb1a49bce9d12cdbe60e59c11fc4dfcbaabf420,,,locally_single_deletion_minimal_sparse_mask,stage18-scaling-24a9adb84176,4,3,7450,547
False,True,0,170,s4-step7450-f9of10-d1of4,547,4,1,2719,2719,,10,9,False,0.11413043478260869,184,21,False,budget_exhaustion,1.0,170,2550,4,1,True,347,fresh_execution,budget_exhaustion,531481270,1fadc2b6df03ba92e7e440a96e6c48040867e896bb4099b1815faa2d6708732e,,,budget_exhausted_inside_candidate_batch,stage18-scaling-24a9adb84176,4,3,7450,547
True,False,2689,457,s4-step7450-f9of10-d1of2,548,2,1,10000,7311,,10,9,True,0.0,1,0,True,valid_distinct_candidate,0.9044561046283969,454,6858,1,0,True,63,fresh_execution,valid_sparse_circuit,,,,,locally_single_deletion_minimal_sparse_mask,stage18-scaling-24a9adb84176,4,3,7450,548
True,False,2674,458,s4-step7450-f9of10-d1of2,548,2,1,10000,7326,,10,9,True,0.13636363636363635,22,3,True,valid_distinct_candidate,0.9055525099851202,455,6872,2,0,True,62,fresh_execution,valid_sparse_circuit,3941530354,eaeefaf226437009062ce94e56521409f06873d9eba2ab756ebd14dca3970312,,,locally_single_deletion_minimal_sparse_mask,stage18-scaling-24a9adb84176,4,3,7450,548
True,False,2599,463,s4-step7450-f9of10-d1of2,548,2,1,10000,7401,,10,9,True,0.21212121212121213,33,7,True,valid_distinct_candidate,0.9023416085832876,460,6942,3,0,True,57,fresh_execution,valid_sparse_circuit,3590980139,d60a022b22a0a08e32e003dcf997269fd3e9346ec9ec30c3301fbba8137ca9c3,,,locally_single_deletion_minimal_sparse_mask,stage18-scaling-24a9adb84176,4,3,7450,548
True,False,2719,456,s4-step7450-f9of10-d1of2,548,2,1,10000,7281,,10,9,True,0.2549019607843137,51,13,True,valid_distinct_candidate,0.9019500352416008,452,6830,4,0,True,65,fresh_execution,valid_sparse_circuit,2719714299,a21b8bfb3db4f797ea8b27654eb1a49bce9d12cdbe60e59c11fc4dfcbaabf420,,,locally_single_deletion_minimal_sparse_mask,stage18-scaling-24a9adb84176,4,3,7450,548
True,False,2674,458,s4-step7450-f9of10-d1of2,548,2,1,10000,7326,,10,9,True,0.2376237623762376,101,24,True,valid_distinct_candidate,0.9007753152165401,455,6872,5,0,True,62,fresh_execution,valid_sparse_circuit,2475320639,938a653fb8777946bd9c35ececa43151d2faf7e158fcf2dc06da4ac4e468e196,,,locally_single_deletion_minimal_sparse_mask,stage18-scaling-24a9adb84176,4,3,7450,548
True,False,2642,460,s4-step7450-f9of10-d1of2,548,2,1,10000,7358,,10,9,True,0.42045454545454547,88,37,True,valid_distinct_candidate,0.9008536298848774,455,6904,6,0,True,62,fresh_execution,valid_sparse_circuit,2352002228,8c30b4b4b42bf843fa828439b5bb28cbb7760b7357842b418c792baf23f0d34a,,,locally_single_deletion_minimal_sparse_mask,stage18-scaling-24a9adb84176,4,3,7450,548
False,True,0,375,s4-step7450-f9of10-d1of2,548,2,1,5997,5997,,10,9,False,0.19186046511627908,172,33,True,budget_exhaustion,1.0,375,5623,7,0,True,142,fresh_execution,budget_exhaustion,3530253578,d26b650aa0ce4910c99accc41282628692a953dc9aca71d5546b8a222cbfac17,,,budget_exhausted_inside_candidate_batch,stage18-scaling-24a9adb84176,4,3,7450,548
True,False,2689,457,s4-step7450-f9of10-d3of4,549,4,3,10000,7311,,10,9,True,0.0,1,0,True,valid_distinct_candidate,0.9044561046283969,454,6858,1,0,True,63,fresh_execution,valid_sparse_circuit,,,,,locally_single_deletion_minimal_sparse_mask,stage18-scaling-24a9adb84176,4,3,7450,549
True,False,2674,458,s4-step7450-f9of10-d3of4,549,4,3,10000,7326,,10,9,True,0.13636363636363635,22,3,True,valid_distinct_candidate,0.9055525099851202,455,6872,2,0,True,62,fresh_execution,valid_sparse_circuit,3941530354,eaeefaf226437009062ce94e56521409f06873d9eba2ab756ebd14dca3970312,,,locally_single_deletion_minimal_sparse_mask,stage18-scaling-24a9adb84176,4,3,7450,549
True,False,2599,463,s4-step7450-f9of10-d3of4,549,4,3,10000,7401,,10,9,True,0.21212121212121213,33,7,True,valid_distinct_candidate,0.9023416085832876,460,6942,3,0,True,57,fresh_execution,valid_sparse_circuit,3590980139,d60a022b22a0a08e32e003dcf997269fd3e9346ec9ec30c3301fbba8137ca9c3,,,locally_single_deletion_minimal_sparse_mask,stage18-scaling-24a9adb84176,4,3,7450,549
True,False,2719,456,s4-step7450-f9of10-d3of4,549,4,3,10000,7281,,10,9,True,0.2549019607843137,51,13,True,valid_distinct_candidate,0.9019500352416008,452,6830,4,0,True,65,fresh_execution,valid_sparse_circuit,2719714299,a21b8bfb3db4f797ea8b27654eb1a49bce9d12cdbe60e59c11fc4dfcbaabf420,,,locally_single_deletion_minimal_sparse_mask,stage18-scaling-24a9adb84176,4,3,7450,549
True,False,2674,458,s4-step7450-f9of10-d3of4,549,4,3,10000,7326,,10,9,True,0.2376237623762376,101,24,True,valid_distinct_candidate,0.9007753152165401,455,6872,5,0,True,62,fresh_execution,valid_sparse_circuit,2475320639,938a653fb8777946bd9c35ececa43151d2faf7e158fcf2dc06da4ac4e468e196,,,locally_single_deletion_minimal_sparse_mask,stage18-scaling-24a9adb84176,4,3,7450,549
True,False,2642,460,s4-step7450-f9of10-d3of4,549,4,3,10000,7358,,10,9,True,0.42045454545454547,88,37,True,valid_distinct_candidate,0.9008536298848774,455,6904,6,0,True,62,fresh_execution,valid_sparse_circuit,2352002228,8c30b4b4b42bf843fa828439b5bb28cbb7760b7357842b418c792baf23f0d34a,,,locally_single_deletion_minimal_sparse_mask,stage18-scaling-24a9adb84176,4,3,7450,549
False,True,0,375,s4-step7450-f9of10-d3of4,549,4,3,5997,5997,,10,9,False,0.19186046511627908,172,33,True,budget_exhaustion,1.0,375,5623,7,0,True,142,fresh_execution,budget_exhaustion,3530253578,d26b650aa0ce4910c99accc41282628692a953dc9aca71d5546b8a222cbfac17,,,budget_exhausted_inside_candidate_batch,stage18-scaling-24a9adb84176,4,3,7450,549
True,False,2764,453,s4-step7450-f19of20-d1of4,550,4,1,10000,7236,,20,19,True,0.0,1,0,True,valid_distinct_candidate,0.951914793640849,449,6788,1,0,True,68,fresh_execution,valid_sparse_circuit,,,,,locally_single_deletion_minimal_sparse_mask,stage18-scaling-24a9adb84176,4,3,7450,550
True,False,2718,456,s4-step7450-f19of20-d1of4,550,4,1,10000,7282,,20,19,True,0.13559322033898305,59,8,True,valid_distinct_candidate,0.9542642336909704,451,6832,2,0,True,66,fresh_execution,valid_sparse_circuit,3941530354,eaeefaf226437009062ce94e56521409f06873d9eba2ab756ebd14dca3970312,,,locally_single_deletion_minimal_sparse_mask,stage18-scaling-24a9adb84176,4,3,7450,550
True,False,2749,454,s4-step7450-f19of20-d1of4,550,4,1,10000,7251,,20,19,True,0.15384615384615385,13,2,True,valid_distinct_candidate,0.9511316469574751,450,6802,3,0,True,67,fresh_execution,valid_sparse_circuit,3590980139,d60a022b22a0a08e32e003dcf997269fd3e9346ec9ec30c3301fbba8137ca9c3,,,locally_single_deletion_minimal_sparse_mask,stage18-scaling-24a9adb84176,4,3,7450,550
True,False,2779,452,s4-step7450-f19of20-d1of4,550,4,1,10000,7221,,20,19,True,0.23423423423423423,111,26,True,valid_distinct_candidate,0.951523220299162,448,6774,4,0,True,69,fresh_execution,valid_sparse_circuit,2719714299,a21b8bfb3db4f797ea8b27654eb1a49bce9d12cdbe60e59c11fc4dfcbaabf420,,,locally_single_deletion_minimal_sparse_mask,stage18-scaling-24a9adb84176,4,3,7450,550
True,False,2779,452,s4-step7450-f19of20-d1of4,550,4,1,10000,7221,,20,19,True,0.19130434782608696,115,22,True,valid_distinct_candidate,0.951523220299162,448,6774,5,0,True,69,fresh_execution,valid_sparse_circuit,2475320639,938a653fb8777946bd9c35ececa43151d2faf7e158fcf2dc06da4ac4e468e196,,,locally_single_deletion_minimal_sparse_mask,stage18-scaling-24a9adb84176,4,3,7450,550
False,False,2764,453,s4-step7450-f19of20-d1of4,550,4,1,10000,7236,,20,19,True,0.25925925925925924,27,7,True,distinctness_failure,0.9514449056308246,449,6788,6,0,True,68,fresh_execution,valid_sparse_circuit,2352002228,8c30b4b4b42bf843fa828439b5bb28cbb7760b7357842b418c792baf23f0d34a,,,locally_single_deletion_minimal_sparse_mask,stage18-scaling-24a9adb84176,4,3,7450,550
False,True,0,173,s4-step7450-f19of20-d1of4,550,4,1,2764,2764,,20,19,False,0.13186813186813187,91,12,False,budget_exhaustion,1.0,173,2592,6,1,True,344,fresh_execution,budget_exhaustion,4019526092,ef9519cca0db7ca7f871b8c6ece518cf165bd55c969343fd95968ce4c1bea3fa,,,budget_exhausted_inside_candidate_batch,stage18-scaling-24a9adb84176,4,3,7450,550
True,False,2764,453,s4-step7450-f19of20-d1of2,551,2,1,10000,7236,,20,19,True,0.0,1,0,True,valid_distinct_candidate,0.951914793640849,449,6788,1,0,True,68,fresh_execution,valid_sparse_circuit,,,,,locally_single_deletion_minimal_sparse_mask,stage18-scaling-24a9adb84176,4,3,7450,551
True,False,2718,456,s4-step7450-f19of20-d1of2,551,2,1,10000,7282,,20,19,True,0.13559322033898305,59,8,True,valid_distinct_candidate,0.9542642336909704,451,6832,2,0,True,66,fresh_execution,valid_sparse_circuit,3941530354,eaeefaf226437009062ce94e56521409f06873d9eba2ab756ebd14dca3970312,,,locally_single_deletion_minimal_sparse_mask,stage18-scaling-24a9adb84176,4,3,7450,551
True,False,2749,454,s4-step7450-f19of20-d1of2,551,2,1,10000,7251,,20,19,True,0.15384615384615385,13,2,True,valid_distinct_candidate,0.9511316469574751,450,6802,3,0,True,67,fresh_execution,valid_sparse_circuit,3590980139,d60a022b22a0a08e32e003dcf997269fd3e9346ec9ec30c3301fbba8137ca9c3,,,locally_single_deletion_minimal_sparse_mask,stage18-scaling-24a9adb84176,4,3,7450,551
True,False,2779,452,s4-step7450-f19of20-d1of2,551,2,1,10000,7221,,20,19,True,0.23423423423423423,111,26,True,valid_distinct_candidate,0.951523220299162,448,6774,4,0,True,69,fresh_execution,valid_sparse_circuit,2719714299,a21b8bfb3db4f797ea8b27654eb1a49bce9d12cdbe60e59c11fc4dfcbaabf420,,,locally_single_deletion_minimal_sparse_mask,stage18-scaling-24a9adb84176,4,3,7450,551
True,False,2779,452,s4-step7450-f19of20-d1of2,551,2,1,10000,7221,,20,19,True,0.19130434782608696,115,22,True,valid_distinct_candidate,0.951523220299162,448,6774,5,0,True,69,fresh_execution,valid_sparse_circuit,2475320639,938a653fb8777946bd9c35ececa43151d2faf7e158fcf2dc06da4ac4e468e196,,,locally_single_deletion_minimal_sparse_mask,stage18-scaling-24a9adb84176,4,3,7450,551
True,False,2764,453,s4-step7450-f19of20-d1of2,551,2,1,10000,7236,,20,19,True,0.25925925925925924,27,7,True,valid_distinct_candidate,0.9514449056308246,449,6788,6,0,True,68,fresh_execution,valid_sparse_circuit,2352002228,8c30b4b4b42bf843fa828439b5bb28cbb7760b7357842b418c792baf23f0d34a,,,locally_single_deletion_minimal_sparse_mask,stage18-scaling-24a9adb84176,4,3,7450,551
False,True,0,410,s4-step7450-f19of20-d1of2,551,2,1,6553,6553,,20,19,False,0.34615384615384615,26,9,True,budget_exhaustion,0.9983553919649151,410,6144,7,0,True,107,fresh_execution,budget_exhaustion,3530253578,d26b650aa0ce4910c99accc41282628692a953dc9aca71d5546b8a222cbfac17,,,budget_exhausted_inside_candidate_batch,stage18-scaling-24a9adb84176,4,3,7450,551
True,False,2764,453,s4-step7450-f19of20-d3of4,552,4,3,10000,7236,,20,19,True,0.0,1,0,True,valid_distinct_candidate,0.951914793640849,449,6788,1,0,True,68,fresh_execution,valid_sparse_circuit,,,,,locally_single_deletion_minimal_sparse_mask,stage18-scaling-24a9adb84176,4,3,7450,552
True,False,2718,456,s4-step7450-f19of20-d3of4,552,4,3,10000,7282,,20,19,True,0.13559322033898305,59,8,True,valid_distinct_candidate,0.9542642336909704,451,6832,2,0,True,66,fresh_execution,valid_sparse_circuit,3941530354,eaeefaf226437009062ce94e56521409f06873d9eba2ab756ebd14dca3970312,,,locally_single_deletion_minimal_sparse_mask,stage18-scaling-24a9adb84176,4,3,7450,552
True,False,2749,454,s4-step7450-f19of20-d3of4,552,4,3,10000,7251,,20,19,True,0.15384615384615385,13,2,True,valid_distinct_candidate,0.9511316469574751,450,6802,3,0,True,67,fresh_execution,valid_sparse_circuit,3590980139,d60a022b22a0a08e32e003dcf997269fd3e9346ec9ec30c3301fbba8137ca9c3,,,locally_single_deletion_minimal_sparse_mask,stage18-scaling-24a9adb84176,4,3,7450,552
True,False,2779,452,s4-step7450-f19of20-d3of4,552,4,3,10000,7221,,20,19,True,0.23423423423423423,111,26,True,valid_distinct_candidate,0.951523220299162,448,6774,4,0,True,69,fresh_execution,valid_sparse_circuit,2719714299,a21b8bfb3db4f797ea8b27654eb1a49bce9d12cdbe60e59c11fc4dfcbaabf420,,,locally_single_deletion_minimal_sparse_mask,stage18-scaling-24a9adb84176,4,3,7450,552
True,False,2779,452,s4-step7450-f19of20-d3of4,552,4,3,10000,7221,,20,19,True,0.19130434782608696,115,22,True,valid_distinct_candidate,0.951523220299162,448,6774,5,0,True,69,fresh_execution,valid_sparse_circuit,2475320639,938a653fb8777946bd9c35ececa43151d2faf7e158fcf2dc06da4ac4e468e196,,,locally_single_deletion_minimal_sparse_mask,stage18-scaling-24a9adb84176,4,3,7450,552
True,False,2764,453,s4-step7450-f19of20-d3of4,552,4,3,10000,7236,,20,19,True,0.25925925925925924,27,7,True,valid_distinct_candidate,0.9514449056308246,449,6788,6,0,True,68,fresh_execution,valid_sparse_circuit,2352002228,8c30b4b4b42bf843fa828439b5bb28cbb7760b7357842b418c792baf23f0d34a,,,locally_single_deletion_minimal_sparse_mask,stage18-scaling-24a9adb84176,4,3,7450,552
False,True,0,410,s4-step7450-f19of20-d3of4,552,4,3,6553,6553,,20,19,False,0.34615384615384615,26,9,True,budget_exhaustion,0.9983553919649151,410,6144,7,0,True,107,fresh_execution,budget_exhaustion,3530253578,d26b650aa0ce4910c99accc41282628692a953dc9aca71d5546b8a222cbfac17,,,budget_exhausted_inside_candidate_batch,stage18-scaling-24a9adb84176,4,3,7450,552
True,False,2884,445,s4-step7450-f39of40-d1of4,553,4,1,10000,7116,,40,39,True,0.0,1,0,True,valid_distinct_candidate,0.9772887461821599,441,6676,1,0,True,76,fresh_execution,valid_sparse_circuit,,,,,locally_single_deletion_minimal_sparse_mask,stage18-scaling-24a9adb84176,4,3,7450,553
True,False,2989,439,s4-step7450-f39of40-d1of4,553,4,1,10000,7011,,40,39,True,0.11188811188811189,143,16,True,valid_distinct_candidate,0.975252564805388,434,6578,2,0,True,83,fresh_execution,valid_sparse_circuit,3941530354,eaeefaf226437009062ce94e56521409f06873d9eba2ab756ebd14dca3970312,,,locally_single_deletion_minimal_sparse_mask,stage18-scaling-24a9adb84176,4,3,7450,553
True,False,2764,453,s4-step7450-f39of40-d1of4,553,4,1,10000,7236,,40,39,True,0.18032786885245902,61,11,True,valid_distinct_candidate,0.9754091941420628,449,6788,3,0,True,68,fresh_execution,valid_sparse_circuit,3590980139,d60a022b22a0a08e32e003dcf997269fd3e9346ec9ec30c3301fbba8137ca9c3,,,locally_single_deletion_minimal_sparse_mask,stage18-scaling-24a9adb84176,4,3,7450,553
True,False,2868,446,s4-step7450-f39of40-d1of4,553,4,1,10000,7132,,40,39,True,0.20634920634920634,63,13,True,valid_distinct_candidate,0.9750176208003759,441,6692,4,0,True,76,fresh_execution,valid_sparse_circuit,2719714299,a21b8bfb3db4f797ea8b27654eb1a49bce9d12cdbe60e59c11fc4dfcbaabf420,,,locally_single_deletion_minimal_sparse_mask,stage18-scaling-24a9adb84176,4,3,7450,553
True,False,2869,446,s4-step7450-f39of40-d1of4,553,4,1,10000,7131,,40,39,True,0.22764227642276422,123,28,True,valid_distinct_candidate,0.9754091941420628,442,6690,5,0,True,75,fresh_execution,valid_sparse_circuit,2475320639,938a653fb8777946bd9c35ececa43151d2faf7e158fcf2dc06da4ac4e468e196,,,locally_single_deletion_minimal_sparse_mask,stage18-scaling-24a9adb84176,4,3,7450,553
False,False,2989,439,s4-step7450-f39of40-d1of4,553,4,1,10000,7011,,40,39,True,0.3474576271186441,118,41,True,distinctness_failure,0.9755658234787375,434,6578,6,0,True,83,fresh_execution,valid_sparse_circuit,2352002228,8c30b4b4b42bf843fa828439b5bb28cbb7760b7357842b418c792baf23f0d34a,,,locally_single_deletion_minimal_sparse_mask,stage18-scaling-24a9adb84176,4,3,7450,553
False,True,0,187,s4-step7450-f39of40-d1of4,553,4,1,2989,2989,,40,39,False,0.15669515669515668,351,55,False,budget_exhaustion,1.0,187,2803,6,1,True,330,fresh_execution,budget_exhaustion,4019526092,ef9519cca0db7ca7f871b8c6ece518cf165bd55c969343fd95968ce4c1bea3fa,,,budget_exhausted_inside_candidate_batch,stage18-scaling-24a9adb84176,4,3,7450,553
True,False,2884,445,s4-step7450-f39of40-d1of2,554,2,1,10000,7116,,40,39,True,0.0,1,0,True,valid_distinct_candidate,0.9772887461821599,441,6676,1,0,True,76,fresh_execution,valid_sparse_circuit,,,,,locally_single_deletion_minimal_sparse_mask,stage18-scaling-24a9adb84176,4,3,7450,554
True,False,2989,439,s4-step7450-f39of40-d1of2,554,2,1,10000,7011,,40,39,True,0.11188811188811189,143,16,True,valid_distinct_candidate,0.975252564805388,434,6578,2,0,True,83,fresh_execution,valid_sparse_circuit,3941530354,eaeefaf226437009062ce94e56521409f06873d9eba2ab756ebd14dca3970312,,,locally_single_deletion_minimal_sparse_mask,stage18-scaling-24a9adb84176,4,3,7450,554
True,False,2764,453,s4-step7450-f39of40-d1of2,554,2,1,10000,7236,,40,39,True,0.18032786885245902,61,11,True,valid_distinct_candidate,0.9754091941420628,449,6788,3,0,True,68,fresh_execution,valid_sparse_circuit,3590980139,d60a022b22a0a08e32e003dcf997269fd3e9346ec9ec30c3301fbba8137ca9c3,,,locally_single_deletion_minimal_sparse_mask,stage18-scaling-24a9adb84176,4,3,7450,554
True,False,2868,446,s4-step7450-f39of40-d1of2,554,2,1,10000,7132,,40,39,True,0.20634920634920634,63,13,True,valid_distinct_candidate,0.9750176208003759,441,6692,4,0,True,76,fresh_execution,valid_sparse_circuit,2719714299,a21b8bfb3db4f797ea8b27654eb1a49bce9d12cdbe60e59c11fc4dfcbaabf420,,,locally_single_deletion_minimal_sparse_mask,stage18-scaling-24a9adb84176,4,3,7450,554
True,False,2869,446,s4-step7450-f39of40-d1of2,554,2,1,10000,7131,,40,39,True,0.22764227642276422,123,28,True,valid_distinct_candidate,0.9754091941420628,442,6690,5,0,True,75,fresh_execution,valid_sparse_circuit,2475320639,938a653fb8777946bd9c35ececa43151d2faf7e158fcf2dc06da4ac4e468e196,,,locally_single_deletion_minimal_sparse_mask,stage18-scaling-24a9adb84176,4,3,7450,554
True,False,2989,439,s4-step7450-f39of40-d1of2,554,2,1,10000,7011,,40,39,True,0.3474576271186441,118,41,True,valid_distinct_candidate,0.9755658234787375,434,6578,6,0,True,83,fresh_execution,valid_sparse_circuit,2352002228,8c30b4b4b42bf843fa828439b5bb28cbb7760b7357842b418c792baf23f0d34a,,,locally_single_deletion_minimal_sparse_mask,stage18-scaling-24a9adb84176,4,3,7450,554
True,False,306,442,s4-step7450-f39of40-d1of2,554,2,1,7363,7057,,40,39,True,0.2661290322580645,124,33,True,valid_distinct_candidate,0.9754875088104001,436,6622,7,0,True,81,fresh_execution,valid_sparse_circuit,3530253578,d26b650aa0ce4910c99accc41282628692a953dc9aca71d5546b8a222cbfac17,,,locally_single_deletion_minimal_sparse_mask,stage18-scaling-24a9adb84176,4,3,7450,554
False,True,0,20,s4-step7450-f39of40-d1of2,554,2,1,306,306,,40,39,False,0.16,25,4,False,budget_exhaustion,1.0,20,287,8,0,True,497,fresh_execution,budget_exhaustion,1676044433,63e668913483ec98d4da24c860bb4337bec16006303be4f540305df634a3922a,,,budget_exhausted_inside_candidate_batch,stage18-scaling-24a9adb84176,4,3,7450,554
True,False,2884,445,s4-step7450-f39of40-d3of4,555,4,3,10000,7116,,40,39,True,0.0,1,0,True,valid_distinct_candidate,0.9772887461821599,441,6676,1,0,True,76,fresh_execution,valid_sparse_circuit,,,,,locally_single_deletion_minimal_sparse_mask,stage18-scaling-24a9adb84176,4,3,7450,555
True,False,2989,439,s4-step7450-f39of40-d3of4,555,4,3,10000,7011,,40,39,True,0.11188811188811189,143,16,True,valid_distinct_candidate,0.975252564805388,434,6578,2,0,True,83,fresh_execution,valid_sparse_circuit,3941530354,eaeefaf226437009062ce94e56521409f06873d9eba2ab756ebd14dca3970312,,,locally_single_deletion_minimal_sparse_mask,stage18-scaling-24a9adb84176,4,3,7450,555
True,False,2764,453,s4-step7450-f39of40-d3of4,555,4,3,10000,7236,,40,39,True,0.18032786885245902,61,11,True,valid_distinct_candidate,0.9754091941420628,449,6788,3,0,True,68,fresh_execution,valid_sparse_circuit,3590980139,d60a022b22a0a08e32e003dcf997269fd3e9346ec9ec30c3301fbba8137ca9c3,,,locally_single_deletion_minimal_sparse_mask,stage18-scaling-24a9adb84176,4,3,7450,555
True,False,2868,446,s4-step7450-f39of40-d3of4,555,4,3,10000,7132,,40,39,True,0.20634920634920634,63,13,True,valid_distinct_candidate,0.9750176208003759,441,6692,4,0,True,76,fresh_execution,valid_sparse_circuit,2719714299,a21b8bfb3db4f797ea8b27654eb1a49bce9d12cdbe60e59c11fc4dfcbaabf420,,,locally_single_deletion_minimal_sparse_mask,stage18-scaling-24a9adb84176,4,3,7450,555
True,False,2869,446,s4-step7450-f39of40-d3of4,555,4,3,10000,7131,,40,39,True,0.22764227642276422,123,28,True,valid_distinct_candidate,0.9754091941420628,442,6690,5,0,True,75,fresh_execution,valid_sparse_circuit,2475320639,938a653fb8777946bd9c35ececa43151d2faf7e158fcf2dc06da4ac4e468e196,,,locally_single_deletion_minimal_sparse_mask,stage18-scaling-24a9adb84176,4,3,7450,555
True,False,2989,439,s4-step7450-f39of40-d3of4,555,4,3,10000,7011,,40,39,True,0.3474576271186441,118,41,True,valid_distinct_candidate,0.9755658234787375,434,6578,6,0,True,83,fresh_execution,valid_sparse_circuit,2352002228,8c30b4b4b42bf843fa828439b5bb28cbb7760b7357842b418c792baf23f0d34a,,,locally_single_deletion_minimal_sparse_mask,stage18-scaling-24a9adb84176,4,3,7450,555
True,False,306,442,s4-step7450-f39of40-d3of4,555,4,3,7363,7057,,40,39,True,0.2661290322580645,124,33,True,valid_distinct_candidate,0.9754875088104001,436,6622,7,0,True,81,fresh_execution,valid_sparse_circuit,3530253578,d26b650aa0ce4910c99accc41282628692a953dc9aca71d5546b8a222cbfac17,,,locally_single_deletion_minimal_sparse_mask,stage18-scaling-24a9adb84176,4,3,7450,555
False,True,0,20,s4-step7450-f39of40-d3of4,555,4,3,306,306,,40,39,False,0.16,25,4,False,budget_exhaustion,1.0,20,287,8,0,True,497,fresh_execution,budget_exhaustion,1676044433,63e668913483ec98d4da24c860bb4337bec16006303be4f540305df634a3922a,,,budget_exhausted_inside_candidate_batch,stage18-scaling-24a9adb84176,4,3,7450,555
True,False,3079,433,s4-step7450-f99of100-d1of4,556,4,1,10000,6921,,100,99,True,0.0,1,0,True,valid_distinct_candidate,0.9904456104628397,428,6494,1,0,True,89,fresh_execution,valid_sparse_circuit,,,,,locally_single_deletion_minimal_sparse_mask,stage18-scaling-24a9adb84176,4,3,7450,556
True,False,3000,438,s4-step7450-f99of100-d1of4,556,4,1,10000,7000,,100,99,True,0.07926829268292683,164,13,True,valid_distinct_candidate,0.9906805544678519,429,6572,2,0,True,88,fresh_execution,valid_sparse_circuit,3941530354,eaeefaf226437009062ce94e56521409f06873d9eba2ab756ebd14dca3970312,,,locally_single_deletion_minimal_sparse_mask,stage18-scaling-24a9adb84176,4,3,7450,556
True,False,3046,435,s4-step7450-f99of100-d1of4,556,4,1,10000,6954,,100,99,True,0.13291139240506328,158,21,True,valid_distinct_candidate,0.9902106664578275,427,6528,3,0,True,90,fresh_execution,valid_sparse_circuit,3590980139,d60a022b22a0a08e32e003dcf997269fd3e9346ec9ec30c3301fbba8137ca9c3,,,locally_single_deletion_minimal_sparse_mask,stage18-scaling-24a9adb84176,4,3,7450,556
True,False,3034,436,s4-step7450-f99of100-d1of4,556,4,1,10000,6966,,100,99,True,0.2152777777777778,144,31,True,valid_distinct_candidate,0.9906805544678519,431,6536,4,0,True,86,fresh_execution,valid_sparse_circuit,2719714299,a21b8bfb3db4f797ea8b27654eb1a49bce9d12cdbe60e59c11fc4dfcbaabf420,,,locally_single_deletion_minimal_sparse_mask,stage18-scaling-24a9adb84176,4,3,7450,556
False,False,3048,435,s4-step7450-f99of100-d1of4,556,4,1,10000,6952,,100,99,True,0.3308270676691729,133,44,True,distinctness_failure,0.9903672957945023,429,6524,5,0,True,88,fresh_execution,valid_sparse_circuit,2475320639,938a653fb8777946bd9c35ececa43151d2faf7e158fcf2dc06da4ac4e468e196,,,locally_single_deletion_minimal_sparse_mask,stage18-scaling-24a9adb84176,4,3,7450,556
False,True,0,191,s4-step7450-f99of100-d1of4,556,4,1,3048,3048,,100,99,False,0.18571428571428572,70,13,False,budget_exhaustion,1.0,191,2858,5,1,True,326,fresh_execution,budget_exhaustion,1881358277,70233fc54da358e4fe6f50909dbaebee5bf66ef90c156af671bdb950d93d8645,,,budget_exhausted_inside_candidate_batch,stage18-scaling-24a9adb84176,4,3,7450,556
True,False,3079,433,s4-step7450-f99of100-d1of2,557,2,1,10000,6921,,100,99,True,0.0,1,0,True,valid_distinct_candidate,0.9904456104628397,428,6494,1,0,True,89,fresh_execution,valid_sparse_circuit,,,,,locally_single_deletion_minimal_sparse_mask,stage18-scaling-24a9adb84176,4,3,7450,557
True,False,3000,438,s4-step7450-f99of100-d1of2,557,2,1,10000,7000,,100,99,True,0.07926829268292683,164,13,True,valid_distinct_candidate,0.9906805544678519,429,6572,2,0,True,88,fresh_execution,valid_sparse_circuit,3941530354,eaeefaf226437009062ce94e56521409f06873d9eba2ab756ebd14dca3970312,,,locally_single_deletion_minimal_sparse_mask,stage18-scaling-24a9adb84176,4,3,7450,557
True,False,3046,435,s4-step7450-f99of100-d1of2,557,2,1,10000,6954,,100,99,True,0.13291139240506328,158,21,True,valid_distinct_candidate,0.9902106664578275,427,6528,3,0,True,90,fresh_execution,valid_sparse_circuit,3590980139,d60a022b22a0a08e32e003dcf997269fd3e9346ec9ec30c3301fbba8137ca9c3,,,locally_single_deletion_minimal_sparse_mask,stage18-scaling-24a9adb84176,4,3,7450,557
True,False,3034,436,s4-step7450-f99of100-d1of2,557,2,1,10000,6966,,100,99,True,0.2152777777777778,144,31,True,valid_distinct_candidate,0.9906805544678519,431,6536,4,0,True,86,fresh_execution,valid_sparse_circuit,2719714299,a21b8bfb3db4f797ea8b27654eb1a49bce9d12cdbe60e59c11fc4dfcbaabf420,,,locally_single_deletion_minimal_sparse_mask,stage18-scaling-24a9adb84176,4,3,7450,557
True,False,3048,435,s4-step7450-f99of100-d1of2,557,2,1,10000,6952,,100,99,True,0.3308270676691729,133,44,True,valid_distinct_candidate,0.9903672957945023,429,6524,5,0,True,88,fresh_execution,valid_sparse_circuit,2475320639,938a653fb8777946bd9c35ececa43151d2faf7e158fcf2dc06da4ac4e468e196,,,locally_single_deletion_minimal_sparse_mask,stage18-scaling-24a9adb84176,4,3,7450,557
True,False,3064,434,s4-step7450-f99of100-d1of2,557,2,1,10000,6936,,100,99,True,0.291970802919708,137,40,True,valid_distinct_candidate,0.9903672957945023,429,6508,6,0,True,88,fresh_execution,valid_sparse_circuit,2352002228,8c30b4b4b42bf843fa828439b5bb28cbb7760b7357842b418c792baf23f0d34a,,,locally_single_deletion_minimal_sparse_mask,stage18-scaling-24a9adb84176,4,3,7450,557
True,False,1229,441,s4-step7450-f99of100-d1of2,557,2,1,8271,7042,,100,99,True,0.2391304347826087,46,11,True,valid_distinct_candidate,0.990523925131177,435,6608,7,0,True,82,fresh_execution,valid_sparse_circuit,3530253578,d26b650aa0ce4910c99accc41282628692a953dc9aca71d5546b8a222cbfac17,,,locally_single_deletion_minimal_sparse_mask,stage18-scaling-24a9adb84176,4,3,7450,557
False,True,0,77,s4-step7450-f99of100-d1of2,557,2,1,1229,1229,,100,99,False,0.17035398230088494,452,77,False,budget_exhaustion,1.0,77,1153,8,0,True,440,fresh_execution,budget_exhaustion,1676044433,63e668913483ec98d4da24c860bb4337bec16006303be4f540305df634a3922a,,,budget_exhausted_inside_candidate_batch,stage18-scaling-24a9adb84176,4,3,7450,557
True,False,3079,433,s4-step7450-f99of100-d3of4,558,4,3,10000,6921,,100,99,True,0.0,1,0,True,valid_distinct_candidate,0.9904456104628397,428,6494,1,0,True,89,fresh_execution,valid_sparse_circuit,,,,,locally_single_deletion_minimal_sparse_mask,stage18-scaling-24a9adb84176,4,3,7450,558
True,False,3000,438,s4-step7450-f99of100-d3of4,558,4,3,10000,7000,,100,99,True,0.07926829268292683,164,13,True,valid_distinct_candidate,0.9906805544678519,429,6572,2,0,True,88,fresh_execution,valid_sparse_circuit,3941530354,eaeefaf226437009062ce94e56521409f06873d9eba2ab756ebd14dca3970312,,,locally_single_deletion_minimal_sparse_mask,stage18-scaling-24a9adb84176,4,3,7450,558
True,False,3046,435,s4-step7450-f99of100-d3of4,558,4,3,10000,6954,,100,99,True,0.13291139240506328,158,21,True,valid_distinct_candidate,0.9902106664578275,427,6528,3,0,True,90,fresh_execution,valid_sparse_circuit,3590980139,d60a022b22a0a08e32e003dcf997269fd3e9346ec9ec30c3301fbba8137ca9c3,,,locally_single_deletion_minimal_sparse_mask,stage18-scaling-24a9adb84176,4,3,7450,558
True,False,3034,436,s4-step7450-f99of100-d3of4,558,4,3,10000,6966,,100,99,True,0.2152777777777778,144,31,True,valid_distinct_candidate,0.9906805544678519,431,6536,4,0,True,86,fresh_execution,valid_sparse_circuit,2719714299,a21b8bfb3db4f797ea8b27654eb1a49bce9d12cdbe60e59c11fc4dfcbaabf420,,,locally_single_deletion_minimal_sparse_mask,stage18-scaling-24a9adb84176,4,3,7450,558
True,False,3048,435,s4-step7450-f99of100-d3of4,558,4,3,10000,6952,,100,99,True,0.3308270676691729,133,44,True,valid_distinct_candidate,0.9903672957945023,429,6524,5,0,True,88,fresh_execution,valid_sparse_circuit,2475320639,938a653fb8777946bd9c35ececa43151d2faf7e158fcf2dc06da4ac4e468e196,,,locally_single_deletion_minimal_sparse_mask,stage18-scaling-24a9adb84176,4,3,7450,558
True,False,3064,434,s4-step7450-f99of100-d3of4,558,4,3,10000,6936,,100,99,True,0.291970802919708,137,40,True,valid_distinct_candidate,0.9903672957945023,429,6508,6,0,True,88,fresh_execution,valid_sparse_circuit,2352002228,8c30b4b4b42bf843fa828439b5bb28cbb7760b7357842b418c792baf23f0d34a,,,locally_single_deletion_minimal_sparse_mask,stage18-scaling-24a9adb84176,4,3,7450,558
True,False,1229,441,s4-step7450-f99of100-d3of4,558,4,3,8271,7042,,100,99,True,0.2391304347826087,46,11,True,valid_distinct_candidate,0.990523925131177,435,6608,7,0,True,82,fresh_execution,valid_sparse_circuit,3530253578,d26b650aa0ce4910c99accc41282628692a953dc9aca71d5546b8a222cbfac17,,,locally_single_deletion_minimal_sparse_mask,stage18-scaling-24a9adb84176,4,3,7450,558
False,True,0,77,s4-step7450-f99of100-d3of4,558,4,3,1229,1229,,100,99,False,0.17035398230088494,452,77,False,budget_exhaustion,1.0,77,1153,8,0,True,440,fresh_execution,budget_exhaustion,1676044433,63e668913483ec98d4da24c860bb4337bec16006303be4f540305df634a3922a,,,budget_exhausted_inside_candidate_batch,stage18-scaling-24a9adb84176,4,3,7450,558
True,False,2449,472,s4-step8150-f4of5-d1of4,559,4,1,10000,7551,,5,4,True,0.0,1,0,True,valid_distinct_candidate,0.8240269402459081,470,7082,1,0,True,47,fresh_execution,valid_sparse_circuit,,,,,locally_single_deletion_minimal_sparse_mask,stage18-scaling-24a9adb84176,4,4,8150,559
True,False,2479,471,s4-step8150-f4of5-d1of4,559,4,1,10000,7521,,5,4,True,0.14285714285714285,7,1,True,valid_distinct_candidate,0.805857937191636,468,7054,2,0,True,49,fresh_execution,valid_sparse_circuit,790581094,2f1f4f667a78e105d3de3a6a70672af1f1f0dd4f526a7fa3fe3c46cdea17e562,,,locally_single_deletion_minimal_sparse_mask,stage18-scaling-24a9adb84176,4,4,8150,559
True,False,2479,471,s4-step8150-f4of5-d1of4,559,4,1,10000,7521,,5,4,True,0.1566265060240964,83,13,True,valid_distinct_candidate,0.8067193985433472,468,7054,3,0,True,49,fresh_execution,valid_sparse_circuit,2978888957,b18e3cfdb904f847474b6fbec982537c13dd3da192ecead97a9912a6f9bca4b5,,,locally_single_deletion_minimal_sparse_mask,stage18-scaling-24a9adb84176,4,4,8150,559
True,False,2464,471,s4-step8150-f4of5-d1of4,559,4,1,10000,7536,,5,4,True,0.21794871794871795,78,17,True,valid_distinct_candidate,0.8136894040253739,469,7068,4,0,True,48,fresh_execution,valid_sparse_circuit,15188737,00e7c301658df846a72b34829367025a3d197198c807294999b7be9873f0ebfb,,,locally_single_deletion_minimal_sparse_mask,stage18-scaling-24a9adb84176,4,4,8150,559
False,False,2479,471,s4-step8150-f4of5-d1of4,559,4,1,10000,7521,,5,4,True,0.352112676056338,71,25,True,distinctness_failure,0.8028036651264782,468,7054,5,0,True,49,fresh_execution,valid_sparse_circuit,1958166277,74b73f056090bfce079782d8f691e9c35a89805277810af517fc32434c4be1ea,,,locally_single_deletion_minimal_sparse_mask,stage18-scaling-24a9adb84176,4,4,8150,559
False,True,0,155,s4-step8150-f4of5-d1of4,559,4,1,2479,2479,,5,4,False,0.11748633879781421,366,43,False,budget_exhaustion,1.0,155,2325,5,1,True,362,fresh_execution,budget_exhaustion,2915186908,adc238dcf6c50f02993076db7f656b88fa17c159b3e0348ec6f2ab882d0a3126,,,budget_exhausted_inside_candidate_batch,stage18-scaling-24a9adb84176,4,4,8150,559
True,False,2449,472,s4-step8150-f4of5-d1of2,560,2,1,10000,7551,,5,4,True,0.0,1,0,True,valid_distinct_candidate,0.8240269402459081,470,7082,1,0,True,47,fresh_execution,valid_sparse_circuit,,,,,locally_single_deletion_minimal_sparse_mask,stage18-scaling-24a9adb84176,4,4,8150,560
True,False,2479,471,s4-step8150-f4of5-d1of2,560,2,1,10000,7521,,5,4,True,0.14285714285714285,7,1,True,valid_distinct_candidate,0.805857937191636,468,7054,2,0,True,49,fresh_execution,valid_sparse_circuit,790581094,2f1f4f667a78e105d3de3a6a70672af1f1f0dd4f526a7fa3fe3c46cdea17e562,,,locally_single_deletion_minimal_sparse_mask,stage18-scaling-24a9adb84176,4,4,8150,560
True,False,2479,471,s4-step8150-f4of5-d1of2,560,2,1,10000,7521,,5,4,True,0.1566265060240964,83,13,True,valid_distinct_candidate,0.8067193985433472,468,7054,3,0,True,49,fresh_execution,valid_sparse_circuit,2978888957,b18e3cfdb904f847474b6fbec982537c13dd3da192ecead97a9912a6f9bca4b5,,,locally_single_deletion_minimal_sparse_mask,stage18-scaling-24a9adb84176,4,4,8150,560
True,False,2464,471,s4-step8150-f4of5-d1of2,560,2,1,10000,7536,,5,4,True,0.21794871794871795,78,17,True,valid_distinct_candidate,0.8136894040253739,469,7068,4,0,True,48,fresh_execution,valid_sparse_circuit,15188737,00e7c301658df846a72b34829367025a3d197198c807294999b7be9873f0ebfb,,,locally_single_deletion_minimal_sparse_mask,stage18-scaling-24a9adb84176,4,4,8150,560
True,False,2479,471,s4-step8150-f4of5-d1of2,560,2,1,10000,7521,,5,4,True,0.352112676056338,71,25,True,valid_distinct_candidate,0.8028036651264782,468,7054,5,0,True,49,fresh_execution,valid_sparse_circuit,1958166277,74b73f056090bfce079782d8f691e9c35a89805277810af517fc32434c4be1ea,,,locally_single_deletion_minimal_sparse_mask,stage18-scaling-24a9adb84176,4,4,8150,560
True,False,2464,471,s4-step8150-f4of5-d1of2,560,2,1,10000,7536,,5,4,True,0.35714285714285715,14,5,True,valid_distinct_candidate,0.8060145665283107,469,7068,6,0,True,48,fresh_execution,valid_sparse_circuit,3537926118,d2e077e6de75bbb5c1c23bafdd849c5f7ac15621346e85b2573cd9de5e303ab0,,,locally_single_deletion_minimal_sparse_mask,stage18-scaling-24a9adb84176,4,4,8150,560
False,True,0,301,s4-step8150-f4of5-d1of2,560,2,1,4814,4814,,5,4,False,0.1471861471861472,231,34,True,budget_exhaustion,1.0,301,4514,7,0,True,216,fresh_execution,budget_exhaustion,2099968952,7d2afbb844cbb71197fddb937eea7957e4af7f00046a584444e0228bbc65ae5b,,,budget_exhausted_inside_candidate_batch,stage18-scaling-24a9adb84176,4,4,8150,560
True,False,2449,472,s4-step8150-f4of5-d3of4,561,4,3,10000,7551,,5,4,True,0.0,1,0,True,valid_distinct_candidate,0.8240269402459081,470,7082,1,0,True,47,fresh_execution,valid_sparse_circuit,,,,,locally_single_deletion_minimal_sparse_mask,stage18-scaling-24a9adb84176,4,4,8150,561
True,False,2479,471,s4-step8150-f4of5-d3of4,561,4,3,10000,7521,,5,4,True,0.14285714285714285,7,1,True,valid_distinct_candidate,0.805857937191636,468,7054,2,0,True,49,fresh_execution,valid_sparse_circuit,790581094,2f1f4f667a78e105d3de3a6a70672af1f1f0dd4f526a7fa3fe3c46cdea17e562,,,locally_single_deletion_minimal_sparse_mask,stage18-scaling-24a9adb84176,4,4,8150,561
True,False,2479,471,s4-step8150-f4of5-d3of4,561,4,3,10000,7521,,5,4,True,0.1566265060240964,83,13,True,valid_distinct_candidate,0.8067193985433472,468,7054,3,0,True,49,fresh_execution,valid_sparse_circuit,2978888957,b18e3cfdb904f847474b6fbec982537c13dd3da192ecead97a9912a6f9bca4b5,,,locally_single_deletion_minimal_sparse_mask,stage18-scaling-24a9adb84176,4,4,8150,561
True,False,2464,471,s4-step8150-f4of5-d3of4,561,4,3,10000,7536,,5,4,True,0.21794871794871795,78,17,True,valid_distinct_candidate,0.8136894040253739,469,7068,4,0,True,48,fresh_execution,valid_sparse_circuit,15188737,00e7c301658df846a72b34829367025a3d197198c807294999b7be9873f0ebfb,,,locally_single_deletion_minimal_sparse_mask,stage18-scaling-24a9adb84176,4,4,8150,561
True,False,2479,471,s4-step8150-f4of5-d3of4,561,4,3,10000,7521,,5,4,True,0.352112676056338,71,25,True,valid_distinct_candidate,0.8028036651264782,468,7054,5,0,True,49,fresh_execution,valid_sparse_circuit,1958166277,74b73f056090bfce079782d8f691e9c35a89805277810af517fc32434c4be1ea,,,locally_single_deletion_minimal_sparse_mask,stage18-scaling-24a9adb84176,4,4,8150,561
True,False,2464,471,s4-step8150-f4of5-d3of4,561,4,3,10000,7536,,5,4,True,0.35714285714285715,14,5,True,valid_distinct_candidate,0.8060145665283107,469,7068,6,0,True,48,fresh_execution,valid_sparse_circuit,3537926118,d2e077e6de75bbb5c1c23bafdd849c5f7ac15621346e85b2573cd9de5e303ab0,,,locally_single_deletion_minimal_sparse_mask,stage18-scaling-24a9adb84176,4,4,8150,561
False,True,0,301,s4-step8150-f4of5-d3of4,561,4,3,4814,4814,,5,4,False,0.1471861471861472,231,34,True,budget_exhaustion,1.0,301,4514,7,0,True,216,fresh_execution,budget_exhaustion,2099968952,7d2afbb844cbb71197fddb937eea7957e4af7f00046a584444e0228bbc65ae5b,,,budget_exhausted_inside_candidate_batch,stage18-scaling-24a9adb84176,4,4,8150,561
True,False,2479,471,s4-step8150-f17of20-d1of4,562,4,1,10000,7521,,20,17,True,0.0,1,0,True,valid_distinct_candidate,0.8620095543895372,468,7054,1,0,True,49,fresh_execution,valid_sparse_circuit,,,,,locally_single_deletion_minimal_sparse_mask,stage18-scaling-24a9adb84176,4,4,8150,562
True,False,2509,469,s4-step8150-f17of20-d1of4,562,4,1,10000,7491,,20,17,True,0.13636363636363635,22,3,True,valid_distinct_candidate,0.8645939384446707,466,7026,2,0,True,51,fresh_execution,valid_sparse_circuit,790581094,2f1f4f667a78e105d3de3a6a70672af1f1f0dd4f526a7fa3fe3c46cdea17e562,,,locally_single_deletion_minimal_sparse_mask,stage18-scaling-24a9adb84176,4,4,8150,562
True,False,2494,470,s4-step8150-f17of20-d1of4,562,4,1,10000,7506,,20,17,True,0.1927710843373494,83,16,True,valid_distinct_candidate,0.8588769676560419,467,7040,3,0,True,50,fresh_execution,valid_sparse_circuit,2978888957,b18e3cfdb904f847474b6fbec982537c13dd3da192ecead97a9912a6f9bca4b5,,,locally_single_deletion_minimal_sparse_mask,stage18-scaling-24a9adb84176,4,4,8150,562
False,False,2509,469,s4-step8150-f17of20-d1of4,562,4,1,10000,7491,,20,17,True,0.28205128205128205,39,11,True,distinctness_failure,0.8596601143394158,466,7026,4,0,True,51,fresh_execution,valid_sparse_circuit,15188737,00e7c301658df846a72b34829367025a3d197198c807294999b7be9873f0ebfb,,,locally_single_deletion_minimal_sparse_mask,stage18-scaling-24a9adb84176,4,4,8150,562
False,True,0,157,s4-step8150-f17of20-d1of4,562,4,1,2509,2509,,20,17,False,0.12362637362637363,364,45,False,budget_exhaustion,1.0,157,2353,4,1,True,360,fresh_execution,budget_exhaustion,3941342801,eaec1e510eee405a62ddab0209e6c86ee025ebc7fec6cc0435f492be3b3274ae,,,budget_exhausted_inside_candidate_batch,stage18-scaling-24a9adb84176,4,4,8150,562
True,False,2479,471,s4-step8150-f17of20-d1of2,563,2,1,10000,7521,,20,17,True,0.0,1,0,True,valid_distinct_candidate,0.8620095543895372,468,7054,1,0,True,49,fresh_execution,valid_sparse_circuit,,,,,locally_single_deletion_minimal_sparse_mask,stage18-scaling-24a9adb84176,4,4,8150,563
True,False,2509,469,s4-step8150-f17of20-d1of2,563,2,1,10000,7491,,20,17,True,0.13636363636363635,22,3,True,valid_distinct_candidate,0.8645939384446707,466,7026,2,0,True,51,fresh_execution,valid_sparse_circuit,790581094,2f1f4f667a78e105d3de3a6a70672af1f1f0dd4f526a7fa3fe3c46cdea17e562,,,locally_single_deletion_minimal_sparse_mask,stage18-scaling-24a9adb84176,4,4,8150,563
True,False,2494,470,s4-step8150-f17of20-d1of2,563,2,1,10000,7506,,20,17,True,0.1927710843373494,83,16,True,valid_distinct_candidate,0.8588769676560419,467,7040,3,0,True,50,fresh_execution,valid_sparse_circuit,2978888957,b18e3cfdb904f847474b6fbec982537c13dd3da192ecead97a9912a6f9bca4b5,,,locally_single_deletion_minimal_sparse_mask,stage18-scaling-24a9adb84176,4,4,8150,563
True,False,2509,469,s4-step8150-f17of20-d1of2,563,2,1,10000,7491,,20,17,True,0.28205128205128205,39,11,True,valid_distinct_candidate,0.8596601143394158,466,7026,4,0,True,51,fresh_execution,valid_sparse_circuit,15188737,00e7c301658df846a72b34829367025a3d197198c807294999b7be9873f0ebfb,,,locally_single_deletion_minimal_sparse_mask,stage18-scaling-24a9adb84176,4,4,8150,563
True,False,2479,471,s4-step8150-f17of20-d1of2,563,2,1,10000,7521,,20,17,True,0.2894736842105263,38,11,True,valid_distinct_candidate,0.8558226955908842,468,7054,5,0,True,49,fresh_execution,valid_sparse_circuit,1958166277,74b73f056090bfce079782d8f691e9c35a89805277810af517fc32434c4be1ea,,,locally_single_deletion_minimal_sparse_mask,stage18-scaling-24a9adb84176,4,4,8150,563
True,False,2509,469,s4-step8150-f17of20-d1of2,563,2,1,10000,7491,,20,17,True,0.3333333333333333,3,1,True,valid_distinct_candidate,0.8596601143394158,466,7026,6,0,True,51,fresh_execution,valid_sparse_circuit,3537926118,d2e077e6de75bbb5c1c23bafdd849c5f7ac15621346e85b2573cd9de5e303ab0,,,locally_single_deletion_minimal_sparse_mask,stage18-scaling-24a9adb84176,4,4,8150,563
False,True,0,312,s4-step8150-f17of20-d1of2,563,2,1,4979,4979,,20,17,False,0.1689497716894977,219,37,True,budget_exhaustion,1.0,312,4668,7,0,True,205,fresh_execution,budget_exhaustion,2099968952,7d2afbb844cbb71197fddb937eea7957e4af7f00046a584444e0228bbc65ae5b,,,budget_exhausted_inside_candidate_batch,stage18-scaling-24a9adb84176,4,4,8150,563
True,False,2479,471,s4-step8150-f17of20-d3of4,564,4,3,10000,7521,,20,17,True,0.0,1,0,True,valid_distinct_candidate,0.8620095543895372,468,7054,1,0,True,49,fresh_execution,valid_sparse_circuit,,,,,locally_single_deletion_minimal_sparse_mask,stage18-scaling-24a9adb84176,4,4,8150,564
True,False,2509,469,s4-step8150-f17of20-d3of4,564,4,3,10000,7491,,20,17,True,0.13636363636363635,22,3,True,valid_distinct_candidate,0.8645939384446707,466,7026,2,0,True,51,fresh_execution,valid_sparse_circuit,790581094,2f1f4f667a78e105d3de3a6a70672af1f1f0dd4f526a7fa3fe3c46cdea17e562,,,locally_single_deletion_minimal_sparse_mask,stage18-scaling-24a9adb84176,4,4,8150,564
True,False,2494,470,s4-step8150-f17of20-d3of4,564,4,3,10000,7506,,20,17,True,0.1927710843373494,83,16,True,valid_distinct_candidate,0.8588769676560419,467,7040,3,0,True,50,fresh_execution,valid_sparse_circuit,2978888957,b18e3cfdb904f847474b6fbec982537c13dd3da192ecead97a9912a6f9bca4b5,,,locally_single_deletion_minimal_sparse_mask,stage18-scaling-24a9adb84176,4,4,8150,564
True,False,2509,469,s4-step8150-f17of20-d3of4,564,4,3,10000,7491,,20,17,True,0.28205128205128205,39,11,True,valid_distinct_candidate,0.8596601143394158,466,7026,4,0,True,51,fresh_execution,valid_sparse_circuit,15188737,00e7c301658df846a72b34829367025a3d197198c807294999b7be9873f0ebfb,,,locally_single_deletion_minimal_sparse_mask,stage18-scaling-24a9adb84176,4,4,8150,564
True,False,2479,471,s4-step8150-f17of20-d3of4,564,4,3,10000,7521,,20,17,True,0.2894736842105263,38,11,True,valid_distinct_candidate,0.8558226955908842,468,7054,5,0,True,49,fresh_execution,valid_sparse_circuit,1958166277,74b73f056090bfce079782d8f691e9c35a89805277810af517fc32434c4be1ea,,,locally_single_deletion_minimal_sparse_mask,stage18-scaling-24a9adb84176,4,4,8150,564
True,False,2509,469,s4-step8150-f17of20-d3of4,564,4,3,10000,7491,,20,17,True,0.3333333333333333,3,1,True,valid_distinct_candidate,0.8596601143394158,466,7026,6,0,True,51,fresh_execution,valid_sparse_circuit,3537926118,d2e077e6de75bbb5c1c23bafdd849c5f7ac15621346e85b2573cd9de5e303ab0,,,locally_single_deletion_minimal_sparse_mask,stage18-scaling-24a9adb84176,4,4,8150,564
False,True,0,312,s4-step8150-f17of20-d3of4,564,4,3,4979,4979,,20,17,False,0.1689497716894977,219,37,True,budget_exhaustion,1.0,312,4668,7,0,True,205,fresh_execution,budget_exhaustion,2099968952,7d2afbb844cbb71197fddb937eea7957e4af7f00046a584444e0228bbc65ae5b,,,budget_exhausted_inside_candidate_batch,stage18-scaling-24a9adb84176,4,4,8150,564
True,False,2524,468,s4-step8150-f9of10-d1of4,565,4,1,10000,7476,,10,9,True,0.0,1,0,True,valid_distinct_candidate,0.903438013940011,465,7012,1,0,True,52,fresh_execution,valid_sparse_circuit,,,,,locally_single_deletion_minimal_sparse_mask,stage18-scaling-24a9adb84176,4,4,8150,565
True,False,2569,465,s4-step8150-f9of10-d1of4,565,4,1,10000,7431,,10,9,True,0.11458333333333333,96,11,True,valid_distinct_candidate,0.9127574594721591,462,6970,2,0,True,55,fresh_execution,valid_sparse_circuit,790581094,2f1f4f667a78e105d3de3a6a70672af1f1f0dd4f526a7fa3fe3c46cdea17e562,,,locally_single_deletion_minimal_sparse_mask,stage18-scaling-24a9adb84176,4,4,8150,565
True,False,2554,466,s4-step8150-f9of10-d1of4,565,4,1,10000,7446,,10,9,True,0.21839080459770116,87,19,True,valid_distinct_candidate,0.900148797869841,463,6984,3,0,True,54,fresh_execution,valid_sparse_circuit,2978888957,b18e3cfdb904f847474b6fbec982537c13dd3da192ecead97a9912a6f9bca4b5,,,locally_single_deletion_minimal_sparse_mask,stage18-scaling-24a9adb84176,4,4,8150,565
False,False,2569,465,s4-step8150-f9of10-d1of4,565,4,1,10000,7431,,10,9,True,0.25882352941176473,85,22,True,distinctness_failure,0.9121309421254601,462,6970,4,0,True,55,fresh_execution,valid_sparse_circuit,15188737,00e7c301658df846a72b34829367025a3d197198c807294999b7be9873f0ebfb,,,locally_single_deletion_minimal_sparse_mask,stage18-scaling-24a9adb84176,4,4,8150,565
False,True,0,161,s4-step8150-f9of10-d1of4,565,4,1,2569,2569,,10,9,False,0.13649025069637882,359,49,False,budget_exhaustion,1.0,161,2409,4,1,True,356,fresh_execution,budget_exhaustion,3941342801,eaec1e510eee405a62ddab0209e6c86ee025ebc7fec6cc0435f492be3b3274ae,,,budget_exhausted_inside_candidate_batch,stage18-scaling-24a9adb84176,4,4,8150,565
True,False,2524,468,s4-step8150-f9of10-d1of2,566,2,1,10000,7476,,10,9,True,0.0,1,0,True,valid_distinct_candidate,0.903438013940011,465,7012,1,0,True,52,fresh_execution,valid_sparse_circuit,,,,,locally_single_deletion_minimal_sparse_mask,stage18-scaling-24a9adb84176,4,4,8150,566
True,False,2569,465,s4-step8150-f9of10-d1of2,566,2,1,10000,7431,,10,9,True,0.11458333333333333,96,11,True,valid_distinct_candidate,0.9127574594721591,462,6970,2,0,True,55,fresh_execution,valid_sparse_circuit,790581094,2f1f4f667a78e105d3de3a6a70672af1f1f0dd4f526a7fa3fe3c46cdea17e562,,,locally_single_deletion_minimal_sparse_mask,stage18-scaling-24a9adb84176,4,4,8150,566
True,False,2554,466,s4-step8150-f9of10-d1of2,566,2,1,10000,7446,,10,9,True,0.21839080459770116,87,19,True,valid_distinct_candidate,0.900148797869841,463,6984,3,0,True,54,fresh_execution,valid_sparse_circuit,2978888957,b18e3cfdb904f847474b6fbec982537c13dd3da192ecead97a9912a6f9bca4b5,,,locally_single_deletion_minimal_sparse_mask,stage18-scaling-24a9adb84176,4,4,8150,566
True,False,2569,465,s4-step8150-f9of10-d1of2,566,2,1,10000,7431,,10,9,True,0.25882352941176473,85,22,True,valid_distinct_candidate,0.9121309421254601,462,6970,4,0,True,55,fresh_execution,valid_sparse_circuit,15188737,00e7c301658df846a72b34829367025a3d197198c807294999b7be9873f0ebfb,,,locally_single_deletion_minimal_sparse_mask,stage18-scaling-24a9adb84176,4,4,8150,566
True,False,2554,466,s4-step8150-f9of10-d1of2,566,2,1,10000,7446,,10,9,True,0.34177215189873417,79,27,True,valid_distinct_candidate,0.9106429634270499,463,6984,5,0,True,54,fresh_execution,valid_sparse_circuit,1958166277,74b73f056090bfce079782d8f691e9c35a89805277810af517fc32434c4be1ea,,,locally_single_deletion_minimal_sparse_mask,stage18-scaling-24a9adb84176,4,4,8150,566
True,False,2569,465,s4-step8150-f9of10-d1of2,566,2,1,10000,7431,,10,9,True,0.32098765432098764,81,26,True,valid_distinct_candidate,0.9071971180202052,462,6970,6,0,True,55,fresh_execution,valid_sparse_circuit,3537926118,d2e077e6de75bbb5c1c23bafdd849c5f7ac15621346e85b2573cd9de5e303ab0,,,locally_single_deletion_minimal_sparse_mask,stage18-scaling-24a9adb84176,4,4,8150,566
False,True,0,334,s4-step8150-f9of10-d1of2,566,2,1,5339,5339,,10,9,False,0.20512820512820512,39,8,True,budget_exhaustion,1.0,334,5006,7,0,True,183,fresh_execution,budget_exhaustion,2099968952,7d2afbb844cbb71197fddb937eea7957e4af7f00046a584444e0228bbc65ae5b,,,budget_exhausted_inside_candidate_batch,stage18-scaling-24a9adb84176,4,4,8150,566
True,False,2524,468,s4-step8150-f9of10-d3of4,567,4,3,10000,7476,,10,9,True,0.0,1,0,True,valid_distinct_candidate,0.903438013940011,465,7012,1,0,True,52,fresh_execution,valid_sparse_circuit,,,,,locally_single_deletion_minimal_sparse_mask,stage18-scaling-24a9adb84176,4,4,8150,567
True,False,2569,465,s4-step8150-f9of10-d3of4,567,4,3,10000,7431,,10,9,True,0.11458333333333333,96,11,True,valid_distinct_candidate,0.9127574594721591,462,6970,2,0,True,55,fresh_execution,valid_sparse_circuit,790581094,2f1f4f667a78e105d3de3a6a70672af1f1f0dd4f526a7fa3fe3c46cdea17e562,,,locally_single_deletion_minimal_sparse_mask,stage18-scaling-24a9adb84176,4,4,8150,567
True,False,2554,466,s4-step8150-f9of10-d3of4,567,4,3,10000,7446,,10,9,True,0.21839080459770116,87,19,True,valid_distinct_candidate,0.900148797869841,463,6984,3,0,True,54,fresh_execution,valid_sparse_circuit,2978888957,b18e3cfdb904f847474b6fbec982537c13dd3da192ecead97a9912a6f9bca4b5,,,locally_single_deletion_minimal_sparse_mask,stage18-scaling-24a9adb84176,4,4,8150,567
True,False,2569,465,s4-step8150-f9of10-d3of4,567,4,3,10000,7431,,10,9,True,0.25882352941176473,85,22,True,valid_distinct_candidate,0.9121309421254601,462,6970,4,0,True,55,fresh_execution,valid_sparse_circuit,15188737,00e7c301658df846a72b34829367025a3d197198c807294999b7be9873f0ebfb,,,locally_single_deletion_minimal_sparse_mask,stage18-scaling-24a9adb84176,4,4,8150,567
True,False,2554,466,s4-step8150-f9of10-d3of4,567,4,3,10000,7446,,10,9,True,0.34177215189873417,79,27,True,valid_distinct_candidate,0.9106429634270499,463,6984,5,0,True,54,fresh_execution,valid_sparse_circuit,1958166277,74b73f056090bfce079782d8f691e9c35a89805277810af517fc32434c4be1ea,,,locally_single_deletion_minimal_sparse_mask,stage18-scaling-24a9adb84176,4,4,8150,567
True,False,2569,465,s4-step8150-f9of10-d3of4,567,4,3,10000,7431,,10,9,True,0.32098765432098764,81,26,True,valid_distinct_candidate,0.9071971180202052,462,6970,6,0,True,55,fresh_execution,valid_sparse_circuit,3537926118,d2e077e6de75bbb5c1c23bafdd849c5f7ac15621346e85b2573cd9de5e303ab0,,,locally_single_deletion_minimal_sparse_mask,stage18-scaling-24a9adb84176,4,4,8150,567
False,True,0,334,s4-step8150-f9of10-d3of4,567,4,3,5339,5339,,10,9,False,0.20512820512820512,39,8,True,budget_exhaustion,1.0,334,5006,7,0,True,183,fresh_execution,budget_exhaustion,2099968952,7d2afbb844cbb71197fddb937eea7957e4af7f00046a584444e0228bbc65ae5b,,,budget_exhausted_inside_candidate_batch,stage18-scaling-24a9adb84176,4,4,8150,567
True,False,2614,462,s4-step8150-f19of20-d1of4,568,4,1,10000,7386,,20,19,True,0.0,1,0,True,valid_distinct_candidate,0.9526196256558853,459,6928,1,0,True,58,fresh_execution,valid_sparse_circuit,,,,,locally_single_deletion_minimal_sparse_mask,stage18-scaling-24a9adb84176,4,4,8150,568
True,False,2644,460,s4-step8150-f19of20-d1of4,568,4,1,10000,7356,,20,19,True,0.102803738317757,107,11,True,valid_distinct_candidate,0.9542642336909704,457,6900,2,0,True,60,fresh_execution,valid_sparse_circuit,790581094,2f1f4f667a78e105d3de3a6a70672af1f1f0dd4f526a7fa3fe3c46cdea17e562,,,locally_single_deletion_minimal_sparse_mask,stage18-scaling-24a9adb84176,4,4,8150,568
True,False,2644,460,s4-step8150-f19of20-d1of4,568,4,1,10000,7356,,20,19,True,0.1346153846153846,52,7,True,valid_distinct_candidate,0.9502701856057639,457,6900,3,0,True,60,fresh_execution,valid_sparse_circuit,2978888957,b18e3cfdb904f847474b6fbec982537c13dd3da192ecead97a9912a6f9bca4b5,,,locally_single_deletion_minimal_sparse_mask,stage18-scaling-24a9adb84176,4,4,8150,568
True,False,2629,461,s4-step8150-f19of20-d1of4,568,4,1,10000,7371,,20,19,True,0.23157894736842105,95,22,True,valid_distinct_candidate,0.9530111989975723,458,6914,4,0,True,59,fresh_execution,valid_sparse_circuit,15188737,00e7c301658df846a72b34829367025a3d197198c807294999b7be9873f0ebfb,,,locally_single_deletion_minimal_sparse_mask,stage18-scaling-24a9adb84176,4,4,8150,568
False,False,2629,461,s4-step8150-f19of20-d1of4,568,4,1,10000,7371,,20,19,True,0.36046511627906974,86,31,True,distinctness_failure,0.953167828334247,458,6914,5,0,True,59,fresh_execution,valid_sparse_circuit,1958166277,74b73f056090bfce079782d8f691e9c35a89805277810af517fc32434c4be1ea,,,locally_single_deletion_minimal_sparse_mask,stage18-scaling-24a9adb84176,4,4,8150,568
False,True,0,165,s4-step8150-f19of20-d1of4,568,4,1,2629,2629,,20,19,False,0.15492957746478872,71,11,False,budget_exhaustion,1.0,165,2465,5,1,True,352,fresh_execution,budget_exhaustion,2915186908,adc238dcf6c50f02993076db7f656b88fa17c159b3e0348ec6f2ab882d0a3126,,,budget_exhausted_inside_candidate_batch,stage18-scaling-24a9adb84176,4,4,8150,568
True,False,2614,462,s4-step8150-f19of20-d1of2,569,2,1,10000,7386,,20,19,True,0.0,1,0,True,valid_distinct_candidate,0.9526196256558853,459,6928,1,0,True,58,fresh_execution,valid_sparse_circuit,,,,,locally_single_deletion_minimal_sparse_mask,stage18-scaling-24a9adb84176,4,4,8150,569
True,False,2644,460,s4-step8150-f19of20-d1of2,569,2,1,10000,7356,,20,19,True,0.102803738317757,107,11,True,valid_distinct_candidate,0.9542642336909704,457,6900,2,0,True,60,fresh_execution,valid_sparse_circuit,790581094,2f1f4f667a78e105d3de3a6a70672af1f1f0dd4f526a7fa3fe3c46cdea17e562,,,locally_single_deletion_minimal_sparse_mask,stage18-scaling-24a9adb84176,4,4,8150,569
True,False,2644,460,s4-step8150-f19of20-d1of2,569,2,1,10000,7356,,20,19,True,0.1346153846153846,52,7,True,valid_distinct_candidate,0.9502701856057639,457,6900,3,0,True,60,fresh_execution,valid_sparse_circuit,2978888957,b18e3cfdb904f847474b6fbec982537c13dd3da192ecead97a9912a6f9bca4b5,,,locally_single_deletion_minimal_sparse_mask,stage18-scaling-24a9adb84176,4,4,8150,569
True,False,2629,461,s4-step8150-f19of20-d1of2,569,2,1,10000,7371,,20,19,True,0.23157894736842105,95,22,True,valid_distinct_candidate,0.9530111989975723,458,6914,4,0,True,59,fresh_execution,valid_sparse_circuit,15188737,00e7c301658df846a72b34829367025a3d197198c807294999b7be9873f0ebfb,,,locally_single_deletion_minimal_sparse_mask,stage18-scaling-24a9adb84176,4,4,8150,569
True,False,2629,461,s4-step8150-f19of20-d1of2,569,2,1,10000,7371,,20,19,True,0.36046511627906974,86,31,True,valid_distinct_candidate,0.953167828334247,458,6914,5,0,True,59,fresh_execution,valid_sparse_circuit,1958166277,74b73f056090bfce079782d8f691e9c35a89805277810af517fc32434c4be1ea,,,locally_single_deletion_minimal_sparse_mask,stage18-scaling-24a9adb84176,4,4,8150,569
True,False,2628,461,s4-step8150-f19of20-d1of2,569,2,1,10000,7372,,20,19,True,0.3111111111111111,45,14,True,valid_distinct_candidate,0.9507400736157883,457,6916,6,0,True,60,fresh_execution,valid_sparse_circuit,3537926118,d2e077e6de75bbb5c1c23bafdd849c5f7ac15621346e85b2573cd9de5e303ab0,,,locally_single_deletion_minimal_sparse_mask,stage18-scaling-24a9adb84176,4,4,8150,569
False,True,0,362,s4-step8150-f19of20-d1of2,569,2,1,5788,5788,,20,19,False,0.23121387283236994,173,40,True,budget_exhaustion,1.0,362,5427,7,0,True,155,fresh_execution,budget_exhaustion,2099968952,7d2afbb844cbb71197fddb937eea7957e4af7f00046a584444e0228bbc65ae5b,,,budget_exhausted_inside_candidate_batch,stage18-scaling-24a9adb84176,4,4,8150,569
True,False,2614,462,s4-step8150-f19of20-d3of4,570,4,3,10000,7386,,20,19,True,0.0,1,0,True,valid_distinct_candidate,0.9526196256558853,459,6928,1,0,True,58,fresh_execution,valid_sparse_circuit,,,,,locally_single_deletion_minimal_sparse_mask,stage18-scaling-24a9adb84176,4,4,8150,570
True,False,2644,460,s4-step8150-f19of20-d3of4,570,4,3,10000,7356,,20,19,True,0.102803738317757,107,11,True,valid_distinct_candidate,0.9542642336909704,457,6900,2,0,True,60,fresh_execution,valid_sparse_circuit,790581094,2f1f4f667a78e105d3de3a6a70672af1f1f0dd4f526a7fa3fe3c46cdea17e562,,,locally_single_deletion_minimal_sparse_mask,stage18-scaling-24a9adb84176,4,4,8150,570
True,False,2644,460,s4-step8150-f19of20-d3of4,570,4,3,10000,7356,,20,19,True,0.1346153846153846,52,7,True,valid_distinct_candidate,0.9502701856057639,457,6900,3,0,True,60,fresh_execution,valid_sparse_circuit,2978888957,b18e3cfdb904f847474b6fbec982537c13dd3da192ecead97a9912a6f9bca4b5,,,locally_single_deletion_minimal_sparse_mask,stage18-scaling-24a9adb84176,4,4,8150,570
True,False,2629,461,s4-step8150-f19of20-d3of4,570,4,3,10000,7371,,20,19,True,0.23157894736842105,95,22,True,valid_distinct_candidate,0.9530111989975723,458,6914,4,0,True,59,fresh_execution,valid_sparse_circuit,15188737,00e7c301658df846a72b34829367025a3d197198c807294999b7be9873f0ebfb,,,locally_single_deletion_minimal_sparse_mask,stage18-scaling-24a9adb84176,4,4,8150,570
True,False,2629,461,s4-step8150-f19of20-d3of4,570,4,3,10000,7371,,20,19,True,0.36046511627906974,86,31,True,valid_distinct_candidate,0.953167828334247,458,6914,5,0,True,59,fresh_execution,valid_sparse_circuit,1958166277,74b73f056090bfce079782d8f691e9c35a89805277810af517fc32434c4be1ea,,,locally_single_deletion_minimal_sparse_mask,stage18-scaling-24a9adb84176,4,4,8150,570
True,False,2628,461,s4-step8150-f19of20-d3of4,570,4,3,10000,7372,,20,19,True,0.3111111111111111,45,14,True,valid_distinct_candidate,0.9507400736157883,457,6916,6,0,True,60,fresh_execution,valid_sparse_circuit,3537926118,d2e077e6de75bbb5c1c23bafdd849c5f7ac15621346e85b2573cd9de5e303ab0,,,locally_single_deletion_minimal_sparse_mask,stage18-scaling-24a9adb84176,4,4,8150,570
False,True,0,362,s4-step8150-f19of20-d3of4,570,4,3,5788,5788,,20,19,False,0.23121387283236994,173,40,True,budget_exhaustion,1.0,362,5427,7,0,True,155,fresh_execution,budget_exhaustion,2099968952,7d2afbb844cbb71197fddb937eea7957e4af7f00046a584444e0228bbc65ae5b,,,budget_exhausted_inside_candidate_batch,stage18-scaling-24a9adb84176,4,4,8150,570
True,False,2674,458,s4-step8150-f39of40-d1of4,571,4,1,10000,7326,,40,39,True,0.0,1,0,True,valid_distinct_candidate,0.9754091941420628,455,6872,1,0,True,62,fresh_execution,valid_sparse_circuit,,,,,locally_single_deletion_minimal_sparse_mask,stage18-scaling-24a9adb84176,4,4,8150,571
True,False,2794,451,s4-step8150-f39of40-d1of4,571,4,1,10000,7206,,40,39,True,0.09090909090909091,11,1,True,valid_distinct_candidate,0.9765055994987861,447,6760,2,0,True,70,fresh_execution,valid_sparse_circuit,790581094,2f1f4f667a78e105d3de3a6a70672af1f1f0dd4f526a7fa3fe3c46cdea17e562,,,locally_single_deletion_minimal_sparse_mask,stage18-scaling-24a9adb84176,4,4,8150,571
True,False,2704,456,s4-step8150-f39of40-d1of4,571,4,1,10000,7296,,40,39,True,0.10526315789473684,19,2,True,valid_distinct_candidate,0.9760357114887619,453,6844,3,0,True,64,fresh_execution,valid_sparse_circuit,2978888957,b18e3cfdb904f847474b6fbec982537c13dd3da192ecead97a9912a6f9bca4b5,,,locally_single_deletion_minimal_sparse_mask,stage18-scaling-24a9adb84176,4,4,8150,571
False,False,2764,453,s4-step8150-f39of40-d1of4,571,4,1,10000,7236,,40,39,True,0.2621359223300971,103,27,True,distinctness_failure,0.9753308794737254,449,6788,4,0,True,68,fresh_execution,valid_sparse_circuit,15188737,00e7c301658df846a72b34829367025a3d197198c807294999b7be9873f0ebfb,,,locally_single_deletion_minimal_sparse_mask,stage18-scaling-24a9adb84176,4,4,8150,571
False,True,0,173,s4-step8150-f39of40-d1of4,571,4,1,2764,2764,,40,39,False,0.16,25,4,False,budget_exhaustion,1.0,173,2592,4,1,True,344,fresh_execution,budget_exhaustion,3941342801,eaec1e510eee405a62ddab0209e6c86ee025ebc7fec6cc0435f492be3b3274ae,,,budget_exhausted_inside_candidate_batch,stage18-scaling-24a9adb84176,4,4,8150,571
True,False,2674,458,s4-step8150-f39of40-d1of2,572,2,1,10000,7326,,40,39,True,0.0,1,0,True,valid_distinct_candidate,0.9754091941420628,455,6872,1,0,True,62,fresh_execution,valid_sparse_circuit,,,,,locally_single_deletion_minimal_sparse_mask,stage18-scaling-24a9adb84176,4,4,8150,572
True,False,2794,451,s4-step8150-f39of40-d1of2,572,2,1,10000,7206,,40,39,True,0.09090909090909091,11,1,True,valid_distinct_candidate,0.9765055994987861,447,6760,2,0,True,70,fresh_execution,valid_sparse_circuit,790581094,2f1f4f667a78e105d3de3a6a70672af1f1f0dd4f526a7fa3fe3c46cdea17e562,,,locally_single_deletion_minimal_sparse_mask,stage18-scaling-24a9adb84176,4,4,8150,572
True,False,2704,456,s4-step8150-f39of40-d1of2,572,2,1,10000,7296,,40,39,True,0.10526315789473684,19,2,True,valid_distinct_candidate,0.9760357114887619,453,6844,3,0,True,64,fresh_execution,valid_sparse_circuit,2978888957,b18e3cfdb904f847474b6fbec982537c13dd3da192ecead97a9912a6f9bca4b5,,,locally_single_deletion_minimal_sparse_mask,stage18-scaling-24a9adb84176,4,4,8150,572
True,False,2764,453,s4-step8150-f39of40-d1of2,572,2,1,10000,7236,,40,39,True,0.2621359223300971,103,27,True,valid_distinct_candidate,0.9753308794737254,449,6788,4,0,True,68,fresh_execution,valid_sparse_circuit,15188737,00e7c301658df846a72b34829367025a3d197198c807294999b7be9873f0ebfb,,,locally_single_deletion_minimal_sparse_mask,stage18-scaling-24a9adb84176,4,4,8150,572
True,False,2749,454,s4-step8150-f39of40-d1of2,572,2,1,10000,7251,,40,39,True,0.3163265306122449,98,31,True,valid_distinct_candidate,0.9754875088104001,450,6802,5,0,True,67,fresh_execution,valid_sparse_circuit,1958166277,74b73f056090bfce079782d8f691e9c35a89805277810af517fc32434c4be1ea,,,locally_single_deletion_minimal_sparse_mask,stage18-scaling-24a9adb84176,4,4,8150,572
True,False,2764,453,s4-step8150-f39of40-d1of2,572,2,1,10000,7236,,40,39,True,0.32653061224489793,49,16,True,valid_distinct_candidate,0.9753308794737254,449,6788,6,0,True,68,fresh_execution,valid_sparse_circuit,3537926118,d2e077e6de75bbb5c1c23bafdd849c5f7ac15621346e85b2573cd9de5e303ab0,,,locally_single_deletion_minimal_sparse_mask,stage18-scaling-24a9adb84176,4,4,8150,572
False,True,0,404,s4-step8150-f39of40-d1of2,572,2,1,6449,6449,,40,39,False,0.24113475177304963,141,34,True,budget_exhaustion,1.0,404,6046,7,0,True,113,fresh_execution,budget_exhaustion,2099968952,7d2afbb844cbb71197fddb937eea7957e4af7f00046a584444e0228bbc65ae5b,,,budget_exhausted_inside_candidate_batch,stage18-scaling-24a9adb84176,4,4,8150,572
True,False,2674,458,s4-step8150-f39of40-d3of4,573,4,3,10000,7326,,40,39,True,0.0,1,0,True,valid_distinct_candidate,0.9754091941420628,455,6872,1,0,True,62,fresh_execution,valid_sparse_circuit,,,,,locally_single_deletion_minimal_sparse_mask,stage18-scaling-24a9adb84176,4,4,8150,573
True,False,2794,451,s4-step8150-f39of40-d3of4,573,4,3,10000,7206,,40,39,True,0.09090909090909091,11,1,True,valid_distinct_candidate,0.9765055994987861,447,6760,2,0,True,70,fresh_execution,valid_sparse_circuit,790581094,2f1f4f667a78e105d3de3a6a70672af1f1f0dd4f526a7fa3fe3c46cdea17e562,,,locally_single_deletion_minimal_sparse_mask,stage18-scaling-24a9adb84176,4,4,8150,573
True,False,2704,456,s4-step8150-f39of40-d3of4,573,4,3,10000,7296,,40,39,True,0.10526315789473684,19,2,True,valid_distinct_candidate,0.9760357114887619,453,6844,3,0,True,64,fresh_execution,valid_sparse_circuit,2978888957,b18e3cfdb904f847474b6fbec982537c13dd3da192ecead97a9912a6f9bca4b5,,,locally_single_deletion_minimal_sparse_mask,stage18-scaling-24a9adb84176,4,4,8150,573
True,False,2764,453,s4-step8150-f39of40-d3of4,573,4,3,10000,7236,,40,39,True,0.2621359223300971,103,27,True,valid_distinct_candidate,0.9753308794737254,449,6788,4,0,True,68,fresh_execution,valid_sparse_circuit,15188737,00e7c301658df846a72b34829367025a3d197198c807294999b7be9873f0ebfb,,,locally_single_deletion_minimal_sparse_mask,stage18-scaling-24a9adb84176,4,4,8150,573
True,False,2749,454,s4-step8150-f39of40-d3of4,573,4,3,10000,7251,,40,39,True,0.3163265306122449,98,31,True,valid_distinct_candidate,0.9754875088104001,450,6802,5,0,True,67,fresh_execution,valid_sparse_circuit,1958166277,74b73f056090bfce079782d8f691e9c35a89805277810af517fc32434c4be1ea,,,locally_single_deletion_minimal_sparse_mask,stage18-scaling-24a9adb84176,4,4,8150,573
True,False,2764,453,s4-step8150-f39of40-d3of4,573,4,3,10000,7236,,40,39,True,0.32653061224489793,49,16,True,valid_distinct_candidate,0.9753308794737254,449,6788,6,0,True,68,fresh_execution,valid_sparse_circuit,3537926118,d2e077e6de75bbb5c1c23bafdd849c5f7ac15621346e85b2573cd9de5e303ab0,,,locally_single_deletion_minimal_sparse_mask,stage18-scaling-24a9adb84176,4,4,8150,573
False,True,0,404,s4-step8150-f39of40-d3of4,573,4,3,6449,6449,,40,39,False,0.24113475177304963,141,34,True,budget_exhaustion,1.0,404,6046,7,0,True,113,fresh_execution,budget_exhaustion,2099968952,7d2afbb844cbb71197fddb937eea7957e4af7f00046a584444e0228bbc65ae5b,,,budget_exhausted_inside_candidate_batch,stage18-scaling-24a9adb84176,4,4,8150,573
True,False,2824,449,s4-step8150-f99of100-d1of4,574,4,1,10000,7176,,100,99,True,0.0,1,0,True,valid_distinct_candidate,0.9913070718145509,445,6732,1,0,True,72,fresh_execution,valid_sparse_circuit,,,,,locally_single_deletion_minimal_sparse_mask,stage18-scaling-24a9adb84176,4,4,8150,574
True,False,2854,447,s4-step8150-f99of100-d1of4,574,4,1,10000,7146,,100,99,True,0.07352941176470588,68,5,True,valid_distinct_candidate,0.9903672957945023,443,6704,2,0,True,74,fresh_execution,valid_sparse_circuit,790581094,2f1f4f667a78e105d3de3a6a70672af1f1f0dd4f526a7fa3fe3c46cdea17e562,,,locally_single_deletion_minimal_sparse_mask,stage18-scaling-24a9adb84176,4,4,8150,574
True,False,2899,444,s4-step8150-f99of100-d1of4,574,4,1,10000,7101,,100,99,True,0.14615384615384616,130,19,True,valid_distinct_candidate,0.9906805544678519,440,6662,3,0,True,77,fresh_execution,valid_sparse_circuit,2978888957,b18e3cfdb904f847474b6fbec982537c13dd3da192ecead97a9912a6f9bca4b5,,,locally_single_deletion_minimal_sparse_mask,stage18-scaling-24a9adb84176,4,4,8150,574
True,False,2854,447,s4-step8150-f99of100-d1of4,574,4,1,10000,7146,,100,99,True,0.23728813559322035,59,14,True,valid_distinct_candidate,0.9907588691361892,443,6704,4,0,True,74,fresh_execution,valid_sparse_circuit,15188737,00e7c301658df846a72b34829367025a3d197198c807294999b7be9873f0ebfb,,,locally_single_deletion_minimal_sparse_mask,stage18-scaling-24a9adb84176,4,4,8150,574
False,False,2853,447,s4-step8150-f99of100-d1of4,574,4,1,10000,7147,,100,99,True,0.2672413793103448,116,31,True,distinctness_failure,0.9900540371211528,442,6706,5,0,True,75,fresh_execution,valid_sparse_circuit,1958166277,74b73f056090bfce079782d8f691e9c35a89805277810af517fc32434c4be1ea,,,locally_single_deletion_minimal_sparse_mask,stage18-scaling-24a9adb84176,4,4,8150,574
False,True,0,179,s4-step8150-f99of100-d1of4,574,4,1,2853,2853,,100,99,False,0.19883040935672514,171,34,False,budget_exhaustion,1.0,179,2675,5,1,True,338,fresh_execution,budget_exhaustion,2915186908,adc238dcf6c50f02993076db7f656b88fa17c159b3e0348ec6f2ab882d0a3126,,,budget_exhausted_inside_candidate_batch,stage18-scaling-24a9adb84176,4,4,8150,574
True,False,2824,449,s4-step8150-f99of100-d1of2,575,2,1,10000,7176,,100,99,True,0.0,1,0,True,valid_distinct_candidate,0.9913070718145509,445,6732,1,0,True,72,fresh_execution,valid_sparse_circuit,,,,,locally_single_deletion_minimal_sparse_mask,stage18-scaling-24a9adb84176,4,4,8150,575
True,False,2854,447,s4-step8150-f99of100-d1of2,575,2,1,10000,7146,,100,99,True,0.07352941176470588,68,5,True,valid_distinct_candidate,0.9903672957945023,443,6704,2,0,True,74,fresh_execution,valid_sparse_circuit,790581094,2f1f4f667a78e105d3de3a6a70672af1f1f0dd4f526a7fa3fe3c46cdea17e562,,,locally_single_deletion_minimal_sparse_mask,stage18-scaling-24a9adb84176,4,4,8150,575
True,False,2899,444,s4-step8150-f99of100-d1of2,575,2,1,10000,7101,,100,99,True,0.14615384615384616,130,19,True,valid_distinct_candidate,0.9906805544678519,440,6662,3,0,True,77,fresh_execution,valid_sparse_circuit,2978888957,b18e3cfdb904f847474b6fbec982537c13dd3da192ecead97a9912a6f9bca4b5,,,locally_single_deletion_minimal_sparse_mask,stage18-scaling-24a9adb84176,4,4,8150,575
True,False,2854,447,s4-step8150-f99of100-d1of2,575,2,1,10000,7146,,100,99,True,0.23728813559322035,59,14,True,valid_distinct_candidate,0.9907588691361892,443,6704,4,0,True,74,fresh_execution,valid_sparse_circuit,15188737,00e7c301658df846a72b34829367025a3d197198c807294999b7be9873f0ebfb,,,locally_single_deletion_minimal_sparse_mask,stage18-scaling-24a9adb84176,4,4,8150,575
True,False,2853,447,s4-step8150-f99of100-d1of2,575,2,1,10000,7147,,100,99,True,0.2672413793103448,116,31,True,valid_distinct_candidate,0.9900540371211528,442,6706,5,0,True,75,fresh_execution,valid_sparse_circuit,1958166277,74b73f056090bfce079782d8f691e9c35a89805277810af517fc32434c4be1ea,,,locally_single_deletion_minimal_sparse_mask,stage18-scaling-24a9adb84176,4,4,8150,575
True,False,2899,444,s4-step8150-f99of100-d1of2,575,2,1,10000,7101,,100,99,True,0.2956521739130435,115,34,True,valid_distinct_candidate,0.9904456104628397,440,6662,6,0,True,77,fresh_execution,valid_sparse_circuit,3537926118,d2e077e6de75bbb5c1c23bafdd849c5f7ac15621346e85b2573cd9de5e303ab0,,,locally_single_deletion_minimal_sparse_mask,stage18-scaling-24a9adb84176,4,4,8150,575
True,False,97,443,s4-step8150-f99of100-d1of2,575,2,1,7183,7086,,100,99,True,0.41509433962264153,53,22,True,valid_distinct_candidate,0.9907588691361892,439,6648,7,0,True,78,fresh_execution,valid_sparse_circuit,2099968952,7d2afbb844cbb71197fddb937eea7957e4af7f00046a584444e0228bbc65ae5b,,,locally_single_deletion_minimal_sparse_mask,stage18-scaling-24a9adb84176,4,4,8150,575
False,True,0,7,s4-step8150-f99of100-d1of2,575,2,1,97,97,,100,99,False,0.15294117647058825,85,13,False,budget_exhaustion,1.0,7,91,8,0,True,510,fresh_execution,budget_exhaustion,1555016380,5cafaabcc793466c32ef7fbc3e62a0e24b11d2de0fe971c3bac3163f2aed010f,,,budget_exhausted_inside_candidate_batch,stage18-scaling-24a9adb84176,4,4,8150,575
True,False,2824,449,s4-step8150-f99of100-d3of4,576,4,3,10000,7176,,100,99,True,0.0,1,0,True,valid_distinct_candidate,0.9913070718145509,445,6732,1,0,True,72,fresh_execution,valid_sparse_circuit,,,,,locally_single_deletion_minimal_sparse_mask,stage18-scaling-24a9adb84176,4,4,8150,576
True,False,2854,447,s4-step8150-f99of100-d3of4,576,4,3,10000,7146,,100,99,True,0.07352941176470588,68,5,True,valid_distinct_candidate,0.9903672957945023,443,6704,2,0,True,74,fresh_execution,valid_sparse_circuit,790581094,2f1f4f667a78e105d3de3a6a70672af1f1f0dd4f526a7fa3fe3c46cdea17e562,,,locally_single_deletion_minimal_sparse_mask,stage18-scaling-24a9adb84176,4,4,8150,576
True,False,2899,444,s4-step8150-f99of100-d3of4,576,4,3,10000,7101,,100,99,True,0.14615384615384616,130,19,True,valid_distinct_candidate,0.9906805544678519,440,6662,3,0,True,77,fresh_execution,valid_sparse_circuit,2978888957,b18e3cfdb904f847474b6fbec982537c13dd3da192ecead97a9912a6f9bca4b5,,,locally_single_deletion_minimal_sparse_mask,stage18-scaling-24a9adb84176,4,4,8150,576
True,False,2854,447,s4-step8150-f99of100-d3of4,576,4,3,10000,7146,,100,99,True,0.23728813559322035,59,14,True,valid_distinct_candidate,0.9907588691361892,443,6704,4,0,True,74,fresh_execution,valid_sparse_circuit,15188737,00e7c301658df846a72b34829367025a3d197198c807294999b7be9873f0ebfb,,,locally_single_deletion_minimal_sparse_mask,stage18-scaling-24a9adb84176,4,4,8150,576
True,False,2853,447,s4-step8150-f99of100-d3of4,576,4,3,10000,7147,,100,99,True,0.2672413793103448,116,31,True,valid_distinct_candidate,0.9900540371211528,442,6706,5,0,True,75,fresh_execution,valid_sparse_circuit,1958166277,74b73f056090bfce079782d8f691e9c35a89805277810af517fc32434c4be1ea,,,locally_single_deletion_minimal_sparse_mask,stage18-scaling-24a9adb84176,4,4,8150,576
True,False,2899,444,s4-step8150-f99of100-d3of4,576,4,3,10000,7101,,100,99,True,0.2956521739130435,115,34,True,valid_distinct_candidate,0.9904456104628397,440,6662,6,0,True,77,fresh_execution,valid_sparse_circuit,3537926118,d2e077e6de75bbb5c1c23bafdd849c5f7ac15621346e85b2573cd9de5e303ab0,,,locally_single_deletion_minimal_sparse_mask,stage18-scaling-24a9adb84176,4,4,8150,576
True,False,97,443,s4-step8150-f99of100-d3of4,576,4,3,7183,7086,,100,99,True,0.41509433962264153,53,22,True,valid_distinct_candidate,0.9907588691361892,439,6648,7,0,True,78,fresh_execution,valid_sparse_circuit,2099968952,7d2afbb844cbb71197fddb937eea7957e4af7f00046a584444e0228bbc65ae5b,,,locally_single_deletion_minimal_sparse_mask,stage18-scaling-24a9adb84176,4,4,8150,576
False,True,0,7,s4-step8150-f99of100-d3of4,576,4,3,97,97,,100,99,False,0.15294117647058825,85,13,False,budget_exhaustion,1.0,7,91,8,0,True,510,fresh_execution,budget_exhaustion,1555016380,5cafaabcc793466c32ef7fbc3e62a0e24b11d2de0fe971c3bac3163f2aed010f,,,budget_exhausted_inside_candidate_batch,stage18-scaling-24a9adb84176,4,4,8150,576
True,False,2329,480,s4-step8500-f4of5-d1of4,577,4,1,10000,7671,,5,4,True,0.0,1,0,True,valid_distinct_candidate,0.8031952384681651,478,7194,1,0,True,39,fresh_execution,valid_sparse_circuit,,,,,locally_single_deletion_minimal_sparse_mask,stage18-scaling-24a9adb84176,4,5,8500,577
True,False,2344,479,s4-step8500-f4of5-d1of4,577,4,1,10000,7656,,5,4,True,0.11267605633802817,71,8,True,valid_distinct_candidate,0.8154906413971337,477,7180,2,0,True,40,fresh_execution,valid_sparse_circuit,4294566626,fff9e2e2e0ed42723206fe67cce5f077ccc888968854fbf2eb5f27ad9ed003a7,,,locally_single_deletion_minimal_sparse_mask,stage18-scaling-24a9adb84176,4,5,8500,577
True,False,2329,480,s4-step8500-f4of5-d1of4,577,4,1,10000,7671,,5,4,True,0.2,5,1,True,valid_distinct_candidate,0.8015506304330802,478,7194,3,0,True,39,fresh_execution,valid_sparse_circuit,2601190064,9b0b02b08a7c6917bc9c203cad0cf27dfe638e969dd9834f1bba7378083a8bcb,,,locally_single_deletion_minimal_sparse_mask,stage18-scaling-24a9adb84176,4,5,8500,577
True,False,2359,478,s4-step8500-f4of5-d1of4,577,4,1,10000,7641,,5,4,True,0.21212121212121213,33,7,True,valid_distinct_candidate,0.8115749079802647,476,7166,4,0,True,41,fresh_execution,valid_sparse_circuit,2090008657,7c93005113d764a99fbe27dfe0079bd31c8dc6c80f46a905dceb9ac46e9b722a,,,locally_single_deletion_minimal_sparse_mask,stage18-scaling-24a9adb84176,4,5,8500,577
False,False,2344,479,s4-step8500-f4of5-d1of4,577,4,1,10000,7656,,5,4,True,0.31666666666666665,60,19,True,distinctness_failure,0.8042916438248884,477,7180,5,0,True,40,fresh_execution,valid_sparse_circuit,776271116,2e44f50c5a986ebb066ed9a68b3ea7ef6aec648bf28f8fd3a168aea971cf135f,,,locally_single_deletion_minimal_sparse_mask,stage18-scaling-24a9adb84176,4,5,8500,577
False,True,0,147,s4-step8500-f4of5-d1of4,577,4,1,2344,2344,,5,4,False,0.10242587601078167,371,38,False,budget_exhaustion,1.0,147,2198,5,1,True,370,fresh_execution,budget_exhaustion,32692123,01f2d79bed08ca3e5e798fe8e556b1945f2fd78daecaf0f4215c0ac0d17bf46c,,,budget_exhausted_inside_candidate_batch,stage18-scaling-24a9adb84176,4,5,8500,577
True,False,2329,480,s4-step8500-f4of5-d1of2,578,2,1,10000,7671,,5,4,True,0.0,1,0,True,valid_distinct_candidate,0.8031952384681651,478,7194,1,0,True,39,fresh_execution,valid_sparse_circuit,,,,,locally_single_deletion_minimal_sparse_mask,stage18-scaling-24a9adb84176,4,5,8500,578
True,False,2344,479,s4-step8500-f4of5-d1of2,578,2,1,10000,7656,,5,4,True,0.11267605633802817,71,8,True,valid_distinct_candidate,0.8154906413971337,477,7180,2,0,True,40,fresh_execution,valid_sparse_circuit,4294566626,fff9e2e2e0ed42723206fe67cce5f077ccc888968854fbf2eb5f27ad9ed003a7,,,locally_single_deletion_minimal_sparse_mask,stage18-scaling-24a9adb84176,4,5,8500,578
True,False,2329,480,s4-step8500-f4of5-d1of2,578,2,1,10000,7671,,5,4,True,0.2,5,1,True,valid_distinct_candidate,0.8015506304330802,478,7194,3,0,True,39,fresh_execution,valid_sparse_circuit,2601190064,9b0b02b08a7c6917bc9c203cad0cf27dfe638e969dd9834f1bba7378083a8bcb,,,locally_single_deletion_minimal_sparse_mask,stage18-scaling-24a9adb84176,4,5,8500,578
True,False,2359,478,s4-step8500-f4of5-d1of2,578,2,1,10000,7641,,5,4,True,0.21212121212121213,33,7,True,valid_distinct_candidate,0.8115749079802647,476,7166,4,0,True,41,fresh_execution,valid_sparse_circuit,2090008657,7c93005113d764a99fbe27dfe0079bd31c8dc6c80f46a905dceb9ac46e9b722a,,,locally_single_deletion_minimal_sparse_mask,stage18-scaling-24a9adb84176,4,5,8500,578
True,False,2344,479,s4-step8500-f4of5-d1of2,578,2,1,10000,7656,,5,4,True,0.31666666666666665,60,19,True,valid_distinct_candidate,0.8042916438248884,477,7180,5,0,True,40,fresh_execution,valid_sparse_circuit,776271116,2e44f50c5a986ebb066ed9a68b3ea7ef6aec648bf28f8fd3a168aea971cf135f,,,locally_single_deletion_minimal_sparse_mask,stage18-scaling-24a9adb84176,4,5,8500,578
True,False,2314,481,s4-step8500-f4of5-d1of2,578,2,1,10000,7686,,5,4,True,0.2833333333333333,60,17,True,valid_distinct_candidate,0.807737489231733,479,7208,6,0,True,38,fresh_execution,valid_sparse_circuit,619701411,24efe4a3c1884435f040abe2e71a80e7cf8e29294d9380f85fc5167465aa2b6d,,,locally_single_deletion_minimal_sparse_mask,stage18-scaling-24a9adb84176,4,5,8500,578
False,True,0,252,s4-step8500-f4of5-d1of2,578,2,1,4019,4019,,5,4,False,0.13432835820895522,67,9,False,budget_exhaustion,1.0,252,3768,7,0,True,265,fresh_execution,budget_exhaustion,3362873675,c871614bebb028b794afbe4bd16e3d4bbed99d9e7c148d06dcff75c759123bcf,,,budget_exhausted_inside_candidate_batch,stage18-scaling-24a9adb84176,4,5,8500,578
True,False,2329,480,s4-step8500-f4of5-d3of4,579,4,3,10000,7671,,5,4,True,0.0,1,0,True,valid_distinct_candidate,0.8031952384681651,478,7194,1,0,True,39,fresh_execution,valid_sparse_circuit,,,,,locally_single_deletion_minimal_sparse_mask,stage18-scaling-24a9adb84176,4,5,8500,579
True,False,2344,479,s4-step8500-f4of5-d3of4,579,4,3,10000,7656,,5,4,True,0.11267605633802817,71,8,True,valid_distinct_candidate,0.8154906413971337,477,7180,2,0,True,40,fresh_execution,valid_sparse_circuit,4294566626,fff9e2e2e0ed42723206fe67cce5f077ccc888968854fbf2eb5f27ad9ed003a7,,,locally_single_deletion_minimal_sparse_mask,stage18-scaling-24a9adb84176,4,5,8500,579
True,False,2329,480,s4-step8500-f4of5-d3of4,579,4,3,10000,7671,,5,4,True,0.2,5,1,True,valid_distinct_candidate,0.8015506304330802,478,7194,3,0,True,39,fresh_execution,valid_sparse_circuit,2601190064,9b0b02b08a7c6917bc9c203cad0cf27dfe638e969dd9834f1bba7378083a8bcb,,,locally_single_deletion_minimal_sparse_mask,stage18-scaling-24a9adb84176,4,5,8500,579
True,False,2359,478,s4-step8500-f4of5-d3of4,579,4,3,10000,7641,,5,4,True,0.21212121212121213,33,7,True,valid_distinct_candidate,0.8115749079802647,476,7166,4,0,True,41,fresh_execution,valid_sparse_circuit,2090008657,7c93005113d764a99fbe27dfe0079bd31c8dc6c80f46a905dceb9ac46e9b722a,,,locally_single_deletion_minimal_sparse_mask,stage18-scaling-24a9adb84176,4,5,8500,579
True,False,2344,479,s4-step8500-f4of5-d3of4,579,4,3,10000,7656,,5,4,True,0.31666666666666665,60,19,True,valid_distinct_candidate,0.8042916438248884,477,7180,5,0,True,40,fresh_execution,valid_sparse_circuit,776271116,2e44f50c5a986ebb066ed9a68b3ea7ef6aec648bf28f8fd3a168aea971cf135f,,,locally_single_deletion_minimal_sparse_mask,stage18-scaling-24a9adb84176,4,5,8500,579
True,False,2314,481,s4-step8500-f4of5-d3of4,579,4,3,10000,7686,,5,4,True,0.2833333333333333,60,17,True,valid_distinct_candidate,0.807737489231733,479,7208,6,0,True,38,fresh_execution,valid_sparse_circuit,619701411,24efe4a3c1884435f040abe2e71a80e7cf8e29294d9380f85fc5167465aa2b6d,,,locally_single_deletion_minimal_sparse_mask,stage18-scaling-24a9adb84176,4,5,8500,579
False,True,0,252,s4-step8500-f4of5-d3of4,579,4,3,4019,4019,,5,4,False,0.13432835820895522,67,9,False,budget_exhaustion,1.0,252,3768,7,0,True,265,fresh_execution,budget_exhaustion,3362873675,c871614bebb028b794afbe4bd16e3d4bbed99d9e7c148d06dcff75c759123bcf,,,budget_exhausted_inside_candidate_batch,stage18-scaling-24a9adb84176,4,5,8500,579
True,False,2374,477,s4-step8500-f17of20-d1of4,580,4,1,10000,7626,,20,17,True,0.0,1,0,True,valid_distinct_candidate,0.8622444983945493,475,7152,1,0,True,42,fresh_execution,valid_sparse_circuit,,,,,locally_single_deletion_minimal_sparse_mask,stage18-scaling-24a9adb84176,4,5,8500,580
True,False,2389,476,s4-step8500-f17of20-d1of4,580,4,1,10000,7611,,20,17,True,0.13333333333333333,15,2,True,valid_distinct_candidate,0.8621661837262119,474,7138,2,0,True,43,fresh_execution,valid_sparse_circuit,4294566626,fff9e2e2e0ed42723206fe67cce5f077ccc888968854fbf2eb5f27ad9ed003a7,,,locally_single_deletion_minimal_sparse_mask,stage18-scaling-24a9adb84176,4,5,8500,580
True,False,2434,473,s4-step8500-f17of20-d1of4,580,4,1,10000,7566,,20,17,True,0.1891891891891892,37,7,True,valid_distinct_candidate,0.8680397838515154,471,7096,3,0,True,46,fresh_execution,valid_sparse_circuit,2601190064,9b0b02b08a7c6917bc9c203cad0cf27dfe638e969dd9834f1bba7378083a8bcb,,,locally_single_deletion_minimal_sparse_mask,stage18-scaling-24a9adb84176,4,5,8500,580
False,False,2389,476,s4-step8500-f17of20-d1of4,580,4,1,10000,7611,,20,17,True,0.26865671641791045,67,18,True,distinctness_failure,0.8605998903594644,474,7138,4,0,True,43,fresh_execution,valid_sparse_circuit,2090008657,7c93005113d764a99fbe27dfe0079bd31c8dc6c80f46a905dceb9ac46e9b722a,,,locally_single_deletion_minimal_sparse_mask,stage18-scaling-24a9adb84176,4,5,8500,580
False,True,0,150,s4-step8500-f17of20-d1of4,580,4,1,2389,2389,,20,17,False,0.11021505376344086,372,41,False,budget_exhaustion,1.0,150,2240,4,1,True,367,fresh_execution,budget_exhaustion,3841068569,e4f20e19941ff6b99353ffb282fcb36d4b44c3a70e4e3747ba30ff1927c1d3b3,,,budget_exhausted_inside_candidate_batch,stage18-scaling-24a9adb84176,4,5,8500,580
True,False,2374,477,s4-step8500-f17of20-d1of2,581,2,1,10000,7626,,20,17,True,0.0,1,0,True,valid_distinct_candidate,0.8622444983945493,475,7152,1,0,True,42,fresh_execution,valid_sparse_circuit,,,,,locally_single_deletion_minimal_sparse_mask,stage18-scaling-24a9adb84176,4,5,8500,581
True,False,2389,476,s4-step8500-f17of20-d1of2,581,2,1,10000,7611,,20,17,True,0.13333333333333333,15,2,True,valid_distinct_candidate,0.8621661837262119,474,7138,2,0,True,43,fresh_execution,valid_sparse_circuit,4294566626,fff9e2e2e0ed42723206fe67cce5f077ccc888968854fbf2eb5f27ad9ed003a7,,,locally_single_deletion_minimal_sparse_mask,stage18-scaling-24a9adb84176,4,5,8500,581
True,False,2434,473,s4-step8500-f17of20-d1of2,581,2,1,10000,7566,,20,17,True,0.1891891891891892,37,7,True,valid_distinct_candidate,0.8680397838515154,471,7096,3,0,True,46,fresh_execution,valid_sparse_circuit,2601190064,9b0b02b08a7c6917bc9c203cad0cf27dfe638e969dd9834f1bba7378083a8bcb,,,locally_single_deletion_minimal_sparse_mask,stage18-scaling-24a9adb84176,4,5,8500,581
True,False,2389,476,s4-step8500-f17of20-d1of2,581,2,1,10000,7611,,20,17,True,0.26865671641791045,67,18,True,valid_distinct_candidate,0.8605998903594644,474,7138,4,0,True,43,fresh_execution,valid_sparse_circuit,2090008657,7c93005113d764a99fbe27dfe0079bd31c8dc6c80f46a905dceb9ac46e9b722a,,,locally_single_deletion_minimal_sparse_mask,stage18-scaling-24a9adb84176,4,5,8500,581
True,False,2389,476,s4-step8500-f17of20-d1of2,581,2,1,10000,7611,,20,17,True,0.21428571428571427,14,3,True,valid_distinct_candidate,0.8508105568172919,474,7138,5,0,True,43,fresh_execution,valid_sparse_circuit,776271116,2e44f50c5a986ebb066ed9a68b3ea7ef6aec648bf28f8fd3a168aea971cf135f,,,locally_single_deletion_minimal_sparse_mask,stage18-scaling-24a9adb84176,4,5,8500,581
True,False,2374,477,s4-step8500-f17of20-d1of2,581,2,1,10000,7626,,20,17,True,0.4,5,2,True,valid_distinct_candidate,0.8569974156159449,475,7152,6,0,True,42,fresh_execution,valid_sparse_circuit,619701411,24efe4a3c1884435f040abe2e71a80e7cf8e29294d9380f85fc5167465aa2b6d,,,locally_single_deletion_minimal_sparse_mask,stage18-scaling-24a9adb84176,4,5,8500,581
False,True,0,272,s4-step8500-f17of20-d1of2,581,2,1,4349,4349,,20,17,False,0.148,250,37,True,budget_exhaustion,1.0,272,4078,7,0,True,245,fresh_execution,budget_exhaustion,3362873675,c871614bebb028b794afbe4bd16e3d4bbed99d9e7c148d06dcff75c759123bcf,,,budget_exhausted_inside_candidate_batch,stage18-scaling-24a9adb84176,4,5,8500,581
True,False,2374,477,s4-step8500-f17of20-d3of4,582,4,3,10000,7626,,20,17,True,0.0,1,0,True,valid_distinct_candidate,0.8622444983945493,475,7152,1,0,True,42,fresh_execution,valid_sparse_circuit,,,,,locally_single_deletion_minimal_sparse_mask,stage18-scaling-24a9adb84176,4,5,8500,582
True,False,2389,476,s4-step8500-f17of20-d3of4,582,4,3,10000,7611,,20,17,True,0.13333333333333333,15,2,True,valid_distinct_candidate,0.8621661837262119,474,7138,2,0,True,43,fresh_execution,valid_sparse_circuit,4294566626,fff9e2e2e0ed42723206fe67cce5f077ccc888968854fbf2eb5f27ad9ed003a7,,,locally_single_deletion_minimal_sparse_mask,stage18-scaling-24a9adb84176,4,5,8500,582
True,False,2434,473,s4-step8500-f17of20-d3of4,582,4,3,10000,7566,,20,17,True,0.1891891891891892,37,7,True,valid_distinct_candidate,0.8680397838515154,471,7096,3,0,True,46,fresh_execution,valid_sparse_circuit,2601190064,9b0b02b08a7c6917bc9c203cad0cf27dfe638e969dd9834f1bba7378083a8bcb,,,locally_single_deletion_minimal_sparse_mask,stage18-scaling-24a9adb84176,4,5,8500,582
True,False,2389,476,s4-step8500-f17of20-d3of4,582,4,3,10000,7611,,20,17,True,0.26865671641791045,67,18,True,valid_distinct_candidate,0.8605998903594644,474,7138,4,0,True,43,fresh_execution,valid_sparse_circuit,2090008657,7c93005113d764a99fbe27dfe0079bd31c8dc6c80f46a905dceb9ac46e9b722a,,,locally_single_deletion_minimal_sparse_mask,stage18-scaling-24a9adb84176,4,5,8500,582
True,False,2389,476,s4-step8500-f17of20-d3of4,582,4,3,10000,7611,,20,17,True,0.21428571428571427,14,3,True,valid_distinct_candidate,0.8508105568172919,474,7138,5,0,True,43,fresh_execution,valid_sparse_circuit,776271116,2e44f50c5a986ebb066ed9a68b3ea7ef6aec648bf28f8fd3a168aea971cf135f,,,locally_single_deletion_minimal_sparse_mask,stage18-scaling-24a9adb84176,4,5,8500,582
True,False,2374,477,s4-step8500-f17of20-d3of4,582,4,3,10000,7626,,20,17,True,0.4,5,2,True,valid_distinct_candidate,0.8569974156159449,475,7152,6,0,True,42,fresh_execution,valid_sparse_circuit,619701411,24efe4a3c1884435f040abe2e71a80e7cf8e29294d9380f85fc5167465aa2b6d,,,locally_single_deletion_minimal_sparse_mask,stage18-scaling-24a9adb84176,4,5,8500,582
False,True,0,272,s4-step8500-f17of20-d3of4,582,4,3,4349,4349,,20,17,False,0.148,250,37,True,budget_exhaustion,1.0,272,4078,7,0,True,245,fresh_execution,budget_exhaustion,3362873675,c871614bebb028b794afbe4bd16e3d4bbed99d9e7c148d06dcff75c759123bcf,,,budget_exhausted_inside_candidate_batch,stage18-scaling-24a9adb84176,4,5,8500,582
True,False,2419,474,s4-step8500-f9of10-d1of4,583,4,1,10000,7581,,10,9,True,0.0,1,0,True,valid_distinct_candidate,0.9084501527136033,472,7110,1,0,True,45,fresh_execution,valid_sparse_circuit,,,,,locally_single_deletion_minimal_sparse_mask,stage18-scaling-24a9adb84176,4,5,8500,583
True,False,2464,471,s4-step8500-f9of10-d1of4,583,4,1,10000,7536,,10,9,True,0.17721518987341772,79,14,True,valid_distinct_candidate,0.9007753152165401,469,7068,2,0,True,48,fresh_execution,valid_sparse_circuit,4294566626,fff9e2e2e0ed42723206fe67cce5f077ccc888968854fbf2eb5f27ad9ed003a7,,,locally_single_deletion_minimal_sparse_mask,stage18-scaling-24a9adb84176,4,5,8500,583
True,False,2449,472,s4-step8500-f9of10-d1of4,583,4,1,10000,7551,,10,9,True,0.1794871794871795,39,7,True,valid_distinct_candidate,0.9029681259299867,470,7082,3,0,True,47,fresh_execution,valid_sparse_circuit,2601190064,9b0b02b08a7c6917bc9c203cad0cf27dfe638e969dd9834f1bba7378083a8bcb,,,locally_single_deletion_minimal_sparse_mask,stage18-scaling-24a9adb84176,4,5,8500,583
True,False,2449,472,s4-step8500-f9of10-d1of4,583,4,1,10000,7551,,10,9,True,0.24324324324324326,37,9,True,valid_distinct_candidate,0.9072754326885426,470,7082,4,0,True,47,fresh_execution,valid_sparse_circuit,2090008657,7c93005113d764a99fbe27dfe0079bd31c8dc6c80f46a905dceb9ac46e9b722a,,,locally_single_deletion_minimal_sparse_mask,stage18-scaling-24a9adb84176,4,5,8500,583
True,False,2494,470,s4-step8500-f9of10-d1of4,583,4,1,10000,7506,,10,9,True,0.25,4,1,True,valid_distinct_candidate,0.9072754326885426,467,7040,5,0,True,50,fresh_execution,valid_sparse_circuit,776271116,2e44f50c5a986ebb066ed9a68b3ea7ef6aec648bf28f8fd3a168aea971cf135f,,,locally_single_deletion_minimal_sparse_mask,stage18-scaling-24a9adb84176,4,5,8500,583
False,False,2434,473,s4-step8500-f9of10-d1of4,583,4,1,10000,7566,,10,9,True,0.3188405797101449,69,22,True,distinctness_failure,0.9087634113869528,471,7096,6,0,True,46,fresh_execution,valid_sparse_circuit,619701411,24efe4a3c1884435f040abe2e71a80e7cf8e29294d9380f85fc5167465aa2b6d,,,locally_single_deletion_minimal_sparse_mask,stage18-scaling-24a9adb84176,4,5,8500,583
False,True,0,153,s4-step8500-f9of10-d1of4,583,4,1,2434,2434,,10,9,False,0.1226158038147139,367,45,False,budget_exhaustion,1.0,153,2282,6,1,True,364,fresh_execution,budget_exhaustion,3760632861,e026b41d5139bdd12abd404f5140617329f080324b5af2b2c8a8cfbb68917d2e,,,budget_exhausted_inside_candidate_batch,stage18-scaling-24a9adb84176,4,5,8500,583
True,False,2419,474,s4-step8500-f9of10-d1of2,584,2,1,10000,7581,,10,9,True,0.0,1,0,True,valid_distinct_candidate,0.9084501527136033,472,7110,1,0,True,45,fresh_execution,valid_sparse_circuit,,,,,locally_single_deletion_minimal_sparse_mask,stage18-scaling-24a9adb84176,4,5,8500,584
True,False,2464,471,s4-step8500-f9of10-d1of2,584,2,1,10000,7536,,10,9,True,0.17721518987341772,79,14,True,valid_distinct_candidate,0.9007753152165401,469,7068,2,0,True,48,fresh_execution,valid_sparse_circuit,4294566626,fff9e2e2e0ed42723206fe67cce5f077ccc888968854fbf2eb5f27ad9ed003a7,,,locally_single_deletion_minimal_sparse_mask,stage18-scaling-24a9adb84176,4,5,8500,584
True,False,2449,472,s4-step8500-f9of10-d1of2,584,2,1,10000,7551,,10,9,True,0.1794871794871795,39,7,True,valid_distinct_candidate,0.9029681259299867,470,7082,3,0,True,47,fresh_execution,valid_sparse_circuit,2601190064,9b0b02b08a7c6917bc9c203cad0cf27dfe638e969dd9834f1bba7378083a8bcb,,,locally_single_deletion_minimal_sparse_mask,stage18-scaling-24a9adb84176,4,5,8500,584
True,False,2449,472,s4-step8500-f9of10-d1of2,584,2,1,10000,7551,,10,9,True,0.24324324324324326,37,9,True,valid_distinct_candidate,0.9072754326885426,470,7082,4,0,True,47,fresh_execution,valid_sparse_circuit,2090008657,7c93005113d764a99fbe27dfe0079bd31c8dc6c80f46a905dceb9ac46e9b722a,,,locally_single_deletion_minimal_sparse_mask,stage18-scaling-24a9adb84176,4,5,8500,584
True,False,2494,470,s4-step8500-f9of10-d1of2,584,2,1,10000,7506,,10,9,True,0.25,4,1,True,valid_distinct_candidate,0.9072754326885426,467,7040,5,0,True,50,fresh_execution,valid_sparse_circuit,776271116,2e44f50c5a986ebb066ed9a68b3ea7ef6aec648bf28f8fd3a168aea971cf135f,,,locally_single_deletion_minimal_sparse_mask,stage18-scaling-24a9adb84176,4,5,8500,584
True,False,2434,473,s4-step8500-f9of10-d1of2,584,2,1,10000,7566,,10,9,True,0.3188405797101449,69,22,True,valid_distinct_candidate,0.9087634113869528,471,7096,6,0,True,46,fresh_execution,valid_sparse_circuit,619701411,24efe4a3c1884435f040abe2e71a80e7cf8e29294d9380f85fc5167465aa2b6d,,,locally_single_deletion_minimal_sparse_mask,stage18-scaling-24a9adb84176,4,5,8500,584
False,True,0,295,s4-step8500-f9of10-d1of2,584,2,1,4709,4709,,10,9,False,0.18141592920353983,226,41,True,budget_exhaustion,1.0,295,4415,7,0,True,222,fresh_execution,budget_exhaustion,3362873675,c871614bebb028b794afbe4bd16e3d4bbed99d9e7c148d06dcff75c759123bcf,,,budget_exhausted_inside_candidate_batch,stage18-scaling-24a9adb84176,4,5,8500,584
True,False,2419,474,s4-step8500-f9of10-d3of4,585,4,3,10000,7581,,10,9,True,0.0,1,0,True,valid_distinct_candidate,0.9084501527136033,472,7110,1,0,True,45,fresh_execution,valid_sparse_circuit,,,,,locally_single_deletion_minimal_sparse_mask,stage18-scaling-24a9adb84176,4,5,8500,585
True,False,2464,471,s4-step8500-f9of10-d3of4,585,4,3,10000,7536,,10,9,True,0.17721518987341772,79,14,True,valid_distinct_candidate,0.9007753152165401,469,7068,2,0,True,48,fresh_execution,valid_sparse_circuit,4294566626,fff9e2e2e0ed42723206fe67cce5f077ccc888968854fbf2eb5f27ad9ed003a7,,,locally_single_deletion_minimal_sparse_mask,stage18-scaling-24a9adb84176,4,5,8500,585
True,False,2449,472,s4-step8500-f9of10-d3of4,585,4,3,10000,7551,,10,9,True,0.1794871794871795,39,7,True,valid_distinct_candidate,0.9029681259299867,470,7082,3,0,True,47,fresh_execution,valid_sparse_circuit,2601190064,9b0b02b08a7c6917bc9c203cad0cf27dfe638e969dd9834f1bba7378083a8bcb,,,locally_single_deletion_minimal_sparse_mask,stage18-scaling-24a9adb84176,4,5,8500,585
True,False,2449,472,s4-step8500-f9of10-d3of4,585,4,3,10000,7551,,10,9,True,0.24324324324324326,37,9,True,valid_distinct_candidate,0.9072754326885426,470,7082,4,0,True,47,fresh_execution,valid_sparse_circuit,2090008657,7c93005113d764a99fbe27dfe0079bd31c8dc6c80f46a905dceb9ac46e9b722a,,,locally_single_deletion_minimal_sparse_mask,stage18-scaling-24a9adb84176,4,5,8500,585
True,False,2494,470,s4-step8500-f9of10-d3of4,585,4,3,10000,7506,,10,9,True,0.25,4,1,True,valid_distinct_candidate,0.9072754326885426,467,7040,5,0,True,50,fresh_execution,valid_sparse_circuit,776271116,2e44f50c5a986ebb066ed9a68b3ea7ef6aec648bf28f8fd3a168aea971cf135f,,,locally_single_deletion_minimal_sparse_mask,stage18-scaling-24a9adb84176,4,5,8500,585
True,False,2434,473,s4-step8500-f9of10-d3of4,585,4,3,10000,7566,,10,9,True,0.3188405797101449,69,22,True,valid_distinct_candidate,0.9087634113869528,471,7096,6,0,True,46,fresh_execution,valid_sparse_circuit,619701411,24efe4a3c1884435f040abe2e71a80e7cf8e29294d9380f85fc5167465aa2b6d,,,locally_single_deletion_minimal_sparse_mask,stage18-scaling-24a9adb84176,4,5,8500,585
False,True,0,295,s4-step8500-f9of10-d3of4,585,4,3,4709,4709,,10,9,False,0.18141592920353983,226,41,True,budget_exhaustion,1.0,295,4415,7,0,True,222,fresh_execution,budget_exhaustion,3362873675,c871614bebb028b794afbe4bd16e3d4bbed99d9e7c148d06dcff75c759123bcf,,,budget_exhausted_inside_candidate_batch,stage18-scaling-24a9adb84176,4,5,8500,585
True,False,2479,471,s4-step8500-f19of20-d1of4,586,4,1,10000,7521,,20,19,True,0.0,1,0,True,valid_distinct_candidate,0.9522280523141985,468,7054,1,0,True,49,fresh_execution,valid_sparse_circuit,,,,,locally_single_deletion_minimal_sparse_mask,stage18-scaling-24a9adb84176,4,5,8500,586
True,False,2539,467,s4-step8500-f19of20-d1of4,586,4,1,10000,7461,,20,19,True,0.0851063829787234,47,4,True,valid_distinct_candidate,0.954812436369332,464,6998,2,0,True,53,fresh_execution,valid_sparse_circuit,4294566626,fff9e2e2e0ed42723206fe67cce5f077ccc888968854fbf2eb5f27ad9ed003a7,,,locally_single_deletion_minimal_sparse_mask,stage18-scaling-24a9adb84176,4,5,8500,586
True,False,2539,467,s4-step8500-f19of20-d1of4,586,4,1,10000,7461,,20,19,True,0.2,5,1,True,valid_distinct_candidate,0.9510533322891378,464,6998,3,0,True,53,fresh_execution,valid_sparse_circuit,2601190064,9b0b02b08a7c6917bc9c203cad0cf27dfe638e969dd9834f1bba7378083a8bcb,,,locally_single_deletion_minimal_sparse_mask,stage18-scaling-24a9adb84176,4,5,8500,586
False,False,2538,467,s4-step8500-f19of20-d1of4,586,4,1,10000,7462,,20,19,True,0.2716049382716049,81,22,True,distinctness_failure,0.9500352416007518,463,7000,4,0,True,54,fresh_execution,valid_sparse_circuit,2090008657,7c93005113d764a99fbe27dfe0079bd31c8dc6c80f46a905dceb9ac46e9b722a,,,locally_single_deletion_minimal_sparse_mask,stage18-scaling-24a9adb84176,4,5,8500,586
False,True,0,159,s4-step8500-f19of20-d1of4,586,4,1,2538,2538,,20,19,False,0.12430939226519337,362,45,False,budget_exhaustion,1.0,159,2380,4,1,True,358,fresh_execution,budget_exhaustion,3841068569,e4f20e19941ff6b99353ffb282fcb36d4b44c3a70e4e3747ba30ff1927c1d3b3,,,budget_exhausted_inside_candidate_batch,stage18-scaling-24a9adb84176,4,5,8500,586
True,False,2479,471,s4-step8500-f19of20-d1of2,587,2,1,10000,7521,,20,19,True,0.0,1,0,True,valid_distinct_candidate,0.9522280523141985,468,7054,1,0,True,49,fresh_execution,valid_sparse_circuit,,,,,locally_single_deletion_minimal_sparse_mask,stage18-scaling-24a9adb84176,4,5,8500,587
True,False,2539,467,s4-step8500-f19of20-d1of2,587,2,1,10000,7461,,20,19,True,0.0851063829787234,47,4,True,valid_distinct_candidate,0.954812436369332,464,6998,2,0,True,53,fresh_execution,valid_sparse_circuit,4294566626,fff9e2e2e0ed42723206fe67cce5f077ccc888968854fbf2eb5f27ad9ed003a7,,,locally_single_deletion_minimal_sparse_mask,stage18-scaling-24a9adb84176,4,5,8500,587
True,False,2539,467,s4-step8500-f19of20-d1of2,587,2,1,10000,7461,,20,19,True,0.2,5,1,True,valid_distinct_candidate,0.9510533322891378,464,6998,3,0,True,53,fresh_execution,valid_sparse_circuit,2601190064,9b0b02b08a7c6917bc9c203cad0cf27dfe638e969dd9834f1bba7378083a8bcb,,,locally_single_deletion_minimal_sparse_mask,stage18-scaling-24a9adb84176,4,5,8500,587
True,False,2538,467,s4-step8500-f19of20-d1of2,587,2,1,10000,7462,,20,19,True,0.2716049382716049,81,22,True,valid_distinct_candidate,0.9500352416007518,463,7000,4,0,True,54,fresh_execution,valid_sparse_circuit,2090008657,7c93005113d764a99fbe27dfe0079bd31c8dc6c80f46a905dceb9ac46e9b722a,,,locally_single_deletion_minimal_sparse_mask,stage18-scaling-24a9adb84176,4,5,8500,587
True,False,2509,469,s4-step8500-f19of20-d1of2,587,2,1,10000,7491,,20,19,True,0.23809523809523808,21,5,True,valid_distinct_candidate,0.9555955830527058,466,7026,5,0,True,51,fresh_execution,valid_sparse_circuit,776271116,2e44f50c5a986ebb066ed9a68b3ea7ef6aec648bf28f8fd3a168aea971cf135f,,,locally_single_deletion_minimal_sparse_mask,stage18-scaling-24a9adb84176,4,5,8500,587
True,False,2539,467,s4-step8500-f19of20-d1of2,587,2,1,10000,7461,,20,19,True,0.21428571428571427,14,3,True,valid_distinct_candidate,0.9501135562690892,464,6998,6,0,True,53,fresh_execution,valid_sparse_circuit,619701411,24efe4a3c1884435f040abe2e71a80e7cf8e29294d9380f85fc5167465aa2b6d,,,locally_single_deletion_minimal_sparse_mask,stage18-scaling-24a9adb84176,4,5,8500,587
False,True,0,322,s4-step8500-f19of20-d1of2,587,2,1,5143,5143,,20,19,False,0.2019704433497537,203,41,True,budget_exhaustion,1.0,322,4822,7,0,True,195,fresh_execution,budget_exhaustion,3362873675,c871614bebb028b794afbe4bd16e3d4bbed99d9e7c148d06dcff75c759123bcf,,,budget_exhausted_inside_candidate_batch,stage18-scaling-24a9adb84176,4,5,8500,587
True,False,2479,471,s4-step8500-f19of20-d3of4,588,4,3,10000,7521,,20,19,True,0.0,1,0,True,valid_distinct_candidate,0.9522280523141985,468,7054,1,0,True,49,fresh_execution,valid_sparse_circuit,,,,,locally_single_deletion_minimal_sparse_mask,stage18-scaling-24a9adb84176,4,5,8500,588
True,False,2539,467,s4-step8500-f19of20-d3of4,588,4,3,10000,7461,,20,19,True,0.0851063829787234,47,4,True,valid_distinct_candidate,0.954812436369332,464,6998,2,0,True,53,fresh_execution,valid_sparse_circuit,4294566626,fff9e2e2e0ed42723206fe67cce5f077ccc888968854fbf2eb5f27ad9ed003a7,,,locally_single_deletion_minimal_sparse_mask,stage18-scaling-24a9adb84176,4,5,8500,588
True,False,2539,467,s4-step8500-f19of20-d3of4,588,4,3,10000,7461,,20,19,True,0.2,5,1,True,valid_distinct_candidate,0.9510533322891378,464,6998,3,0,True,53,fresh_execution,valid_sparse_circuit,2601190064,9b0b02b08a7c6917bc9c203cad0cf27dfe638e969dd9834f1bba7378083a8bcb,,,locally_single_deletion_minimal_sparse_mask,stage18-scaling-24a9adb84176,4,5,8500,588
True,False,2538,467,s4-step8500-f19of20-d3of4,588,4,3,10000,7462,,20,19,True,0.2716049382716049,81,22,True,valid_distinct_candidate,0.9500352416007518,463,7000,4,0,True,54,fresh_execution,valid_sparse_circuit,2090008657,7c93005113d764a99fbe27dfe0079bd31c8dc6c80f46a905dceb9ac46e9b722a,,,locally_single_deletion_minimal_sparse_mask,stage18-scaling-24a9adb84176,4,5,8500,588
True,False,2509,469,s4-step8500-f19of20-d3of4,588,4,3,10000,7491,,20,19,True,0.23809523809523808,21,5,True,valid_distinct_candidate,0.9555955830527058,466,7026,5,0,True,51,fresh_execution,valid_sparse_circuit,776271116,2e44f50c5a986ebb066ed9a68b3ea7ef6aec648bf28f8fd3a168aea971cf135f,,,locally_single_deletion_minimal_sparse_mask,stage18-scaling-24a9adb84176,4,5,8500,588
True,False,2539,467,s4-step8500-f19of20-d3of4,588,4,3,10000,7461,,20,19,True,0.21428571428571427,14,3,True,valid_distinct_candidate,0.9501135562690892,464,6998,6,0,True,53,fresh_execution,valid_sparse_circuit,619701411,24efe4a3c1884435f040abe2e71a80e7cf8e29294d9380f85fc5167465aa2b6d,,,locally_single_deletion_minimal_sparse_mask,stage18-scaling-24a9adb84176,4,5,8500,588
False,True,0,322,s4-step8500-f19of20-d3of4,588,4,3,5143,5143,,20,19,False,0.2019704433497537,203,41,True,budget_exhaustion,1.0,322,4822,7,0,True,195,fresh_execution,budget_exhaustion,3362873675,c871614bebb028b794afbe4bd16e3d4bbed99d9e7c148d06dcff75c759123bcf,,,budget_exhausted_inside_candidate_batch,stage18-scaling-24a9adb84176,4,5,8500,588
True,False,2644,460,s4-step8500-f39of40-d1of4,589,4,1,10000,7356,,40,39,True,0.0,1,0,True,valid_distinct_candidate,0.9761923408254366,457,6900,1,0,True,60,fresh_execution,valid_sparse_circuit,,,,,locally_single_deletion_minimal_sparse_mask,stage18-scaling-24a9adb84176,4,5,8500,589
True,False,2644,460,s4-step8500-f39of40-d1of4,589,4,1,10000,7356,,40,39,True,0.09090909090909091,11,1,True,valid_distinct_candidate,0.9790899835539196,457,6900,2,0,True,60,fresh_execution,valid_sparse_circuit,4294566626,fff9e2e2e0ed42723206fe67cce5f077ccc888968854fbf2eb5f27ad9ed003a7,,,locally_single_deletion_minimal_sparse_mask,stage18-scaling-24a9adb84176,4,5,8500,589
True,False,2614,462,s4-step8500-f39of40-d1of4,589,4,1,10000,7386,,40,39,True,0.14563106796116504,103,15,True,valid_distinct_candidate,0.9759573968204245,459,6928,3,0,True,58,fresh_execution,valid_sparse_circuit,2601190064,9b0b02b08a7c6917bc9c203cad0cf27dfe638e969dd9834f1bba7378083a8bcb,,,locally_single_deletion_minimal_sparse_mask,stage18-scaling-24a9adb84176,4,5,8500,589
False,False,2629,461,s4-step8500-f39of40-d1of4,589,4,1,10000,7371,,40,39,True,0.26595744680851063,94,25,True,distinctness_failure,0.9776020048555094,458,6914,4,0,True,59,fresh_execution,valid_sparse_circuit,2090008657,7c93005113d764a99fbe27dfe0079bd31c8dc6c80f46a905dceb9ac46e9b722a,,,locally_single_deletion_minimal_sparse_mask,stage18-scaling-24a9adb84176,4,5,8500,589
False,True,0,165,s4-step8500-f39of40-d1of4,589,4,1,2629,2629,,40,39,False,0.14127423822714683,361,51,False,budget_exhaustion,1.0,165,2465,4,1,True,352,fresh_execution,budget_exhaustion,3841068569,e4f20e19941ff6b99353ffb282fcb36d4b44c3a70e4e3747ba30ff1927c1d3b3,,,budget_exhausted_inside_candidate_batch,stage18-scaling-24a9adb84176,4,5,8500,589
True,False,2644,460,s4-step8500-f39of40-d1of2,590,2,1,10000,7356,,40,39,True,0.0,1,0,True,valid_distinct_candidate,0.9761923408254366,457,6900,1,0,True,60,fresh_execution,valid_sparse_circuit,,,,,locally_single_deletion_minimal_sparse_mask,stage18-scaling-24a9adb84176,4,5,8500,590
True,False,2644,460,s4-step8500-f39of40-d1of2,590,2,1,10000,7356,,40,39,True,0.09090909090909091,11,1,True,valid_distinct_candidate,0.9790899835539196,457,6900,2,0,True,60,fresh_execution,valid_sparse_circuit,4294566626,fff9e2e2e0ed42723206fe67cce5f077ccc888968854fbf2eb5f27ad9ed003a7,,,locally_single_deletion_minimal_sparse_mask,stage18-scaling-24a9adb84176,4,5,8500,590
True,False,2614,462,s4-step8500-f39of40-d1of2,590,2,1,10000,7386,,40,39,True,0.14563106796116504,103,15,True,valid_distinct_candidate,0.9759573968204245,459,6928,3,0,True,58,fresh_execution,valid_sparse_circuit,2601190064,9b0b02b08a7c6917bc9c203cad0cf27dfe638e969dd9834f1bba7378083a8bcb,,,locally_single_deletion_minimal_sparse_mask,stage18-scaling-24a9adb84176,4,5,8500,590
True,False,2629,461,s4-step8500-f39of40-d1of2,590,2,1,10000,7371,,40,39,True,0.26595744680851063,94,25,True,valid_distinct_candidate,0.9776020048555094,458,6914,4,0,True,59,fresh_execution,valid_sparse_circuit,2090008657,7c93005113d764a99fbe27dfe0079bd31c8dc6c80f46a905dceb9ac46e9b722a,,,locally_single_deletion_minimal_sparse_mask,stage18-scaling-24a9adb84176,4,5,8500,590
True,False,2673,458,s4-step8500-f39of40-d1of2,590,2,1,10000,7327,,40,39,True,0.24242424242424243,33,8,True,valid_distinct_candidate,0.9796381862322813,454,6874,5,0,True,63,fresh_execution,valid_sparse_circuit,776271116,2e44f50c5a986ebb066ed9a68b3ea7ef6aec648bf28f8fd3a168aea971cf135f,,,locally_single_deletion_minimal_sparse_mask,stage18-scaling-24a9adb84176,4,5,8500,590
True,False,2659,459,s4-step8500-f39of40-d1of2,590,2,1,10000,7341,,40,39,True,0.2604166666666667,96,25,True,valid_distinct_candidate,0.9761923408254366,456,6886,6,0,True,61,fresh_execution,valid_sparse_circuit,619701411,24efe4a3c1884435f040abe2e71a80e7cf8e29294d9380f85fc5167465aa2b6d,,,locally_single_deletion_minimal_sparse_mask,stage18-scaling-24a9adb84176,4,5,8500,590
False,True,0,367,s4-step8500-f39of40-d1of2,590,2,1,5863,5863,,40,39,False,0.23529411764705882,17,4,True,budget_exhaustion,1.0,367,5497,7,0,True,150,fresh_execution,budget_exhaustion,3362873675,c871614bebb028b794afbe4bd16e3d4bbed99d9e7c148d06dcff75c759123bcf,,,budget_exhausted_inside_candidate_batch,stage18-scaling-24a9adb84176,4,5,8500,590
True,False,2644,460,s4-step8500-f39of40-d3of4,591,4,3,10000,7356,,40,39,True,0.0,1,0,True,valid_distinct_candidate,0.9761923408254366,457,6900,1,0,True,60,fresh_execution,valid_sparse_circuit,,,,,locally_single_deletion_minimal_sparse_mask,stage18-scaling-24a9adb84176,4,5,8500,591
True,False,2644,460,s4-step8500-f39of40-d3of4,591,4,3,10000,7356,,40,39,True,0.09090909090909091,11,1,True,valid_distinct_candidate,0.9790899835539196,457,6900,2,0,True,60,fresh_execution,valid_sparse_circuit,4294566626,fff9e2e2e0ed42723206fe67cce5f077ccc888968854fbf2eb5f27ad9ed003a7,,,locally_single_deletion_minimal_sparse_mask,stage18-scaling-24a9adb84176,4,5,8500,591
True,False,2614,462,s4-step8500-f39of40-d3of4,591,4,3,10000,7386,,40,39,True,0.14563106796116504,103,15,True,valid_distinct_candidate,0.9759573968204245,459,6928,3,0,True,58,fresh_execution,valid_sparse_circuit,2601190064,9b0b02b08a7c6917bc9c203cad0cf27dfe638e969dd9834f1bba7378083a8bcb,,,locally_single_deletion_minimal_sparse_mask,stage18-scaling-24a9adb84176,4,5,8500,591
True,False,2629,461,s4-step8500-f39of40-d3of4,591,4,3,10000,7371,,40,39,True,0.26595744680851063,94,25,True,valid_distinct_candidate,0.9776020048555094,458,6914,4,0,True,59,fresh_execution,valid_sparse_circuit,2090008657,7c93005113d764a99fbe27dfe0079bd31c8dc6c80f46a905dceb9ac46e9b722a,,,locally_single_deletion_minimal_sparse_mask,stage18-scaling-24a9adb84176,4,5,8500,591
True,False,2673,458,s4-step8500-f39of40-d3of4,591,4,3,10000,7327,,40,39,True,0.24242424242424243,33,8,True,valid_distinct_candidate,0.9796381862322813,454,6874,5,0,True,63,fresh_execution,valid_sparse_circuit,776271116,2e44f50c5a986ebb066ed9a68b3ea7ef6aec648bf28f8fd3a168aea971cf135f,,,locally_single_deletion_minimal_sparse_mask,stage18-scaling-24a9adb84176,4,5,8500,591
True,False,2659,459,s4-step8500-f39of40-d3of4,591,4,3,10000,7341,,40,39,True,0.2604166666666667,96,25,True,valid_distinct_candidate,0.9761923408254366,456,6886,6,0,True,61,fresh_execution,valid_sparse_circuit,619701411,24efe4a3c1884435f040abe2e71a80e7cf8e29294d9380f85fc5167465aa2b6d,,,locally_single_deletion_minimal_sparse_mask,stage18-scaling-24a9adb84176,4,5,8500,591
False,True,0,367,s4-step8500-f39of40-d3of4,591,4,3,5863,5863,,40,39,False,0.23529411764705882,17,4,True,budget_exhaustion,1.0,367,5497,7,0,True,150,fresh_execution,budget_exhaustion,3362873675,c871614bebb028b794afbe4bd16e3d4bbed99d9e7c148d06dcff75c759123bcf,,,budget_exhausted_inside_candidate_batch,stage18-scaling-24a9adb84176,4,5,8500,591
True,False,2749,454,s4-step8500-f99of100-d1of4,592,4,1,10000,7251,,100,99,True,0.0,1,0,True,valid_distinct_candidate,0.9913853864828882,450,6802,1,0,True,67,fresh_execution,valid_sparse_circuit,,,,,locally_single_deletion_minimal_sparse_mask,stage18-scaling-24a9adb84176,4,5,8500,592
True,False,2824,449,s4-step8500-f99of100-d1of4,592,4,1,10000,7176,,100,99,True,0.0859375,128,11,True,valid_distinct_candidate,0.990523925131177,445,6732,2,0,True,72,fresh_execution,valid_sparse_circuit,4294566626,fff9e2e2e0ed42723206fe67cce5f077ccc888968854fbf2eb5f27ad9ed003a7,,,locally_single_deletion_minimal_sparse_mask,stage18-scaling-24a9adb84176,4,5,8500,592
True,False,2704,456,s4-step8500-f99of100-d1of4,592,4,1,10000,7296,,100,99,True,0.10084033613445378,119,12,True,valid_distinct_candidate,0.9917769598245751,453,6844,3,0,True,64,fresh_execution,valid_sparse_circuit,2601190064,9b0b02b08a7c6917bc9c203cad0cf27dfe638e969dd9834f1bba7378083a8bcb,,,locally_single_deletion_minimal_sparse_mask,stage18-scaling-24a9adb84176,4,5,8500,592
True,False,2734,455,s4-step8500-f99of100-d1of4,592,4,1,10000,7266,,100,99,True,0.23148148148148148,108,25,True,valid_distinct_candidate,0.9904456104628397,451,6816,4,0,True,66,fresh_execution,valid_sparse_circuit,2090008657,7c93005113d764a99fbe27dfe0079bd31c8dc6c80f46a905dceb9ac46e9b722a,,,locally_single_deletion_minimal_sparse_mask,stage18-scaling-24a9adb84176,4,5,8500,592
False,False,2704,456,s4-step8500-f99of100-d1of4,592,4,1,10000,7296,,100,99,True,0.297029702970297,101,30,True,distinctness_failure,0.9909938131412014,453,6844,5,0,True,64,fresh_execution,valid_sparse_circuit,776271116,2e44f50c5a986ebb066ed9a68b3ea7ef6aec648bf28f8fd3a168aea971cf135f,,,locally_single_deletion_minimal_sparse_mask,stage18-scaling-24a9adb84176,4,5,8500,592
False,True,0,169,s4-step8500-f99of100-d1of4,592,4,1,2704,2704,,100,99,False,0.1794871794871795,39,7,False,budget_exhaustion,1.0,169,2535,5,1,True,347,fresh_execution,budget_exhaustion,32692123,01f2d79bed08ca3e5e798fe8e556b1945f2fd78daecaf0f4215c0ac0d17bf46c,,,budget_exhausted_before_next_ranking,stage18-scaling-24a9adb84176,4,5,8500,592
True,False,2749,454,s4-step8500-f99of100-d1of2,593,2,1,10000,7251,,100,99,True,0.0,1,0,True,valid_distinct_candidate,0.9913853864828882,450,6802,1,0,True,67,fresh_execution,valid_sparse_circuit,,,,,locally_single_deletion_minimal_sparse_mask,stage18-scaling-24a9adb84176,4,5,8500,593
True,False,2824,449,s4-step8500-f99of100-d1of2,593,2,1,10000,7176,,100,99,True,0.0859375,128,11,True,valid_distinct_candidate,0.990523925131177,445,6732,2,0,True,72,fresh_execution,valid_sparse_circuit,4294566626,fff9e2e2e0ed42723206fe67cce5f077ccc888968854fbf2eb5f27ad9ed003a7,,,locally_single_deletion_minimal_sparse_mask,stage18-scaling-24a9adb84176,4,5,8500,593
True,False,2704,456,s4-step8500-f99of100-d1of2,593,2,1,10000,7296,,100,99,True,0.10084033613445378,119,12,True,valid_distinct_candidate,0.9917769598245751,453,6844,3,0,True,64,fresh_execution,valid_sparse_circuit,2601190064,9b0b02b08a7c6917bc9c203cad0cf27dfe638e969dd9834f1bba7378083a8bcb,,,locally_single_deletion_minimal_sparse_mask,stage18-scaling-24a9adb84176,4,5,8500,593
True,False,2734,455,s4-step8500-f99of100-d1of2,593,2,1,10000,7266,,100,99,True,0.23148148148148148,108,25,True,valid_distinct_candidate,0.9904456104628397,451,6816,4,0,True,66,fresh_execution,valid_sparse_circuit,2090008657,7c93005113d764a99fbe27dfe0079bd31c8dc6c80f46a905dceb9ac46e9b722a,,,locally_single_deletion_minimal_sparse_mask,stage18-scaling-24a9adb84176,4,5,8500,593
True,False,2704,456,s4-step8500-f99of100-d1of2,593,2,1,10000,7296,,100,99,True,0.297029702970297,101,30,True,valid_distinct_candidate,0.9909938131412014,453,6844,5,0,True,64,fresh_execution,valid_sparse_circuit,776271116,2e44f50c5a986ebb066ed9a68b3ea7ef6aec648bf28f8fd3a168aea971cf135f,,,locally_single_deletion_minimal_sparse_mask,stage18-scaling-24a9adb84176,4,5,8500,593
True,False,2704,456,s4-step8500-f99of100-d1of2,593,2,1,10000,7296,,100,99,True,0.31,100,31,True,valid_distinct_candidate,0.9910721278095387,453,6844,6,0,True,64,fresh_execution,valid_sparse_circuit,619701411,24efe4a3c1884435f040abe2e71a80e7cf8e29294d9380f85fc5167465aa2b6d,,,locally_single_deletion_minimal_sparse_mask,stage18-scaling-24a9adb84176,4,5,8500,593
False,True,0,402,s4-step8500-f99of100-d1of2,593,2,1,6419,6419,,100,99,False,0.2465753424657534,73,18,True,budget_exhaustion,1.0,402,6018,7,0,True,115,fresh_execution,budget_exhaustion,3362873675,c871614bebb028b794afbe4bd16e3d4bbed99d9e7c148d06dcff75c759123bcf,,,budget_exhausted_inside_candidate_batch,stage18-scaling-24a9adb84176,4,5,8500,593
True,False,2749,454,s4-step8500-f99of100-d3of4,594,4,3,10000,7251,,100,99,True,0.0,1,0,True,valid_distinct_candidate,0.9913853864828882,450,6802,1,0,True,67,fresh_execution,valid_sparse_circuit,,,,,locally_single_deletion_minimal_sparse_mask,stage18-scaling-24a9adb84176,4,5,8500,594
True,False,2824,449,s4-step8500-f99of100-d3of4,594,4,3,10000,7176,,100,99,True,0.0859375,128,11,True,valid_distinct_candidate,0.990523925131177,445,6732,2,0,True,72,fresh_execution,valid_sparse_circuit,4294566626,fff9e2e2e0ed42723206fe67cce5f077ccc888968854fbf2eb5f27ad9ed003a7,,,locally_single_deletion_minimal_sparse_mask,stage18-scaling-24a9adb84176,4,5,8500,594
True,False,2704,456,s4-step8500-f99of100-d3of4,594,4,3,10000,7296,,100,99,True,0.10084033613445378,119,12,True,valid_distinct_candidate,0.9917769598245751,453,6844,3,0,True,64,fresh_execution,valid_sparse_circuit,2601190064,9b0b02b08a7c6917bc9c203cad0cf27dfe638e969dd9834f1bba7378083a8bcb,,,locally_single_deletion_minimal_sparse_mask,stage18-scaling-24a9adb84176,4,5,8500,594
True,False,2734,455,s4-step8500-f99of100-d3of4,594,4,3,10000,7266,,100,99,True,0.23148148148148148,108,25,True,valid_distinct_candidate,0.9904456104628397,451,6816,4,0,True,66,fresh_execution,valid_sparse_circuit,2090008657,7c93005113d764a99fbe27dfe0079bd31c8dc6c80f46a905dceb9ac46e9b722a,,,locally_single_deletion_minimal_sparse_mask,stage18-scaling-24a9adb84176,4,5,8500,594
True,False,2704,456,s4-step8500-f99of100-d3of4,594,4,3,10000,7296,,100,99,True,0.297029702970297,101,30,True,valid_distinct_candidate,0.9909938131412014,453,6844,5,0,True,64,fresh_execution,valid_sparse_circuit,776271116,2e44f50c5a986ebb066ed9a68b3ea7ef6aec648bf28f8fd3a168aea971cf135f,,,locally_single_deletion_minimal_sparse_mask,stage18-scaling-24a9adb84176,4,5,8500,594
True,False,2704,456,s4-step8500-f99of100-d3of4,594,4,3,10000,7296,,100,99,True,0.31,100,31,True,valid_distinct_candidate,0.9910721278095387,453,6844,6,0,True,64,fresh_execution,valid_sparse_circuit,619701411,24efe4a3c1884435f040abe2e71a80e7cf8e29294d9380f85fc5167465aa2b6d,,,locally_single_deletion_minimal_sparse_mask,stage18-scaling-24a9adb84176,4,5,8500,594
False,True,0,402,s4-step8500-f99of100-d3of4,594,4,3,6419,6419,,100,99,False,0.2465753424657534,73,18,True,budget_exhaustion,1.0,402,6018,7,0,True,115,fresh_execution,budget_exhaustion,3362873675,c871614bebb028b794afbe4bd16e3d4bbed99d9e7c148d06dcff75c759123bcf,,,budget_exhausted_inside_candidate_batch,stage18-scaling-24a9adb84176,4,5,8500,594
True,False,2329,480,s4-step8650-f4of5-d1of4,595,4,1,10000,7671,,5,4,True,0.0,1,0,True,valid_distinct_candidate,0.8225389615474978,478,7194,1,0,True,39,fresh_execution,valid_sparse_circuit,,,,,locally_single_deletion_minimal_sparse_mask,stage18-scaling-24a9adb84176,4,6,8650,595
True,False,2359,478,s4-step8650-f4of5-d1of4,595,4,1,10000,7641,,5,4,True,0.1111111111111111,9,1,True,valid_distinct_candidate,0.8014723157647428,476,7166,2,0,True,41,fresh_execution,valid_sparse_circuit,2191367972,829d9f24e354729a528f713c310289b27d6274d7e79207a1d249fbc0e8e73654,,,locally_single_deletion_minimal_sparse_mask,stage18-scaling-24a9adb84176,4,6,8650,595
True,False,2314,481,s4-step8650-f4of5-d1of4,595,4,1,10000,7686,,5,4,True,0.16176470588235295,68,11,True,valid_distinct_candidate,0.8066410838750098,479,7208,3,0,True,38,fresh_execution,valid_sparse_circuit,1162182755,45458063fda9c87b018dec17cdbf19d6da066b8de86bebfd8ca365ccdeb43c24,,,locally_single_deletion_minimal_sparse_mask,stage18-scaling-24a9adb84176,4,6,8650,595
True,False,2329,480,s4-step8650-f4of5-d1of4,595,4,1,10000,7671,,5,4,True,0.23076923076923078,13,3,True,valid_distinct_candidate,0.8078158039000705,478,7194,4,0,True,39,fresh_execution,valid_sparse_circuit,4014242373,ef447a45a0ced2113e49ee3d3bbc4646ff12a3152bfac1e1d169235f36a1bfde,,,locally_single_deletion_minimal_sparse_mask,stage18-scaling-24a9adb84176,4,6,8650,595
True,False,2344,479,s4-step8650-f4of5-d1of4,595,4,1,10000,7656,,5,4,True,0.234375,64,15,True,valid_distinct_candidate,0.8170569347638813,477,7180,5,0,True,40,fresh_execution,valid_sparse_circuit,1609059501,5fe84cad5aad404b0935c962e1e873f2fd51eeaa5bd0cc22bedd0a1d6723254e,,,locally_single_deletion_minimal_sparse_mask,stage18-scaling-24a9adb84176,4,6,8650,595
False,False,2389,476,s4-step8650-f4of5-d1of4,595,4,1,10000,7611,,5,4,True,0.26153846153846155,65,17,True,distinctness_failure,0.8090688385934686,474,7138,6,0,True,43,fresh_execution,valid_sparse_circuit,323052623,1341644fa1601f4cd69fa5cf8347afa5629e21f2423c5759f54847ef6012df61,,,locally_single_deletion_minimal_sparse_mask,stage18-scaling-24a9adb84176,4,6,8650,595
False,True,0,150,s4-step8650-f4of5-d1of4,595,4,1,2389,2389,,5,4,False,0.10869565217391304,46,5,False,budget_exhaustion,1.0,150,2240,6,1,True,367,fresh_execution,budget_exhaustion,119158719,071a37bf4bec127fd2e2a9b81d277b905b85320a585013b9d30c5ff9848b953b,,,budget_exhausted_inside_candidate_batch,stage18-scaling-24a9adb84176,4,6,8650,595
True,False,2329,480,s4-step8650-f4of5-d1of2,596,2,1,10000,7671,,5,4,True,0.0,1,0,True,valid_distinct_candidate,0.8225389615474978,478,7194,1,0,True,39,fresh_execution,valid_sparse_circuit,,,,,locally_single_deletion_minimal_sparse_mask,stage18-scaling-24a9adb84176,4,6,8650,596
True,False,2359,478,s4-step8650-f4of5-d1of2,596,2,1,10000,7641,,5,4,True,0.1111111111111111,9,1,True,valid_distinct_candidate,0.8014723157647428,476,7166,2,0,True,41,fresh_execution,valid_sparse_circuit,2191367972,829d9f24e354729a528f713c310289b27d6274d7e79207a1d249fbc0e8e73654,,,locally_single_deletion_minimal_sparse_mask,stage18-scaling-24a9adb84176,4,6,8650,596
True,False,2314,481,s4-step8650-f4of5-d1of2,596,2,1,10000,7686,,5,4,True,0.16176470588235295,68,11,True,valid_distinct_candidate,0.8066410838750098,479,7208,3,0,True,38,fresh_execution,valid_sparse_circuit,1162182755,45458063fda9c87b018dec17cdbf19d6da066b8de86bebfd8ca365ccdeb43c24,,,locally_single_deletion_minimal_sparse_mask,stage18-scaling-24a9adb84176,4,6,8650,596
True,False,2329,480,s4-step8650-f4of5-d1of2,596,2,1,10000,7671,,5,4,True,0.23076923076923078,13,3,True,valid_distinct_candidate,0.8078158039000705,478,7194,4,0,True,39,fresh_execution,valid_sparse_circuit,4014242373,ef447a45a0ced2113e49ee3d3bbc4646ff12a3152bfac1e1d169235f36a1bfde,,,locally_single_deletion_minimal_sparse_mask,stage18-scaling-24a9adb84176,4,6,8650,596
True,False,2344,479,s4-step8650-f4of5-d1of2,596,2,1,10000,7656,,5,4,True,0.234375,64,15,True,valid_distinct_candidate,0.8170569347638813,477,7180,5,0,True,40,fresh_execution,valid_sparse_circuit,1609059501,5fe84cad5aad404b0935c962e1e873f2fd51eeaa5bd0cc22bedd0a1d6723254e,,,locally_single_deletion_minimal_sparse_mask,stage18-scaling-24a9adb84176,4,6,8650,596
True,False,2389,476,s4-step8650-f4of5-d1of2,596,2,1,10000,7611,,5,4,True,0.26153846153846155,65,17,True,valid_distinct_candidate,0.8090688385934686,474,7138,6,0,True,43,fresh_execution,valid_sparse_circuit,323052623,1341644fa1601f4cd69fa5cf8347afa5629e21f2423c5759f54847ef6012df61,,,locally_single_deletion_minimal_sparse_mask,stage18-scaling-24a9adb84176,4,6,8650,596
False,True,0,254,s4-step8650-f4of5-d1of2,596,2,1,4064,4064,,5,4,False,0.13157894736842105,38,5,False,budget_exhaustion,1.0,254,3810,7,0,True,262,fresh_execution,budget_exhaustion,2764636834,a4c902a2f509ad30bc2f8020ac4a7d5dcea4b9a0a9c228cbabef9f6878ebd715,,,budget_exhausted_before_next_ranking,stage18-scaling-24a9adb84176,4,6,8650,596
True,False,2329,480,s4-step8650-f4of5-d3of4,597,4,3,10000,7671,,5,4,True,0.0,1,0,True,valid_distinct_candidate,0.8225389615474978,478,7194,1,0,True,39,fresh_execution,valid_sparse_circuit,,,,,locally_single_deletion_minimal_sparse_mask,stage18-scaling-24a9adb84176,4,6,8650,597
True,False,2359,478,s4-step8650-f4of5-d3of4,597,4,3,10000,7641,,5,4,True,0.1111111111111111,9,1,True,valid_distinct_candidate,0.8014723157647428,476,7166,2,0,True,41,fresh_execution,valid_sparse_circuit,2191367972,829d9f24e354729a528f713c310289b27d6274d7e79207a1d249fbc0e8e73654,,,locally_single_deletion_minimal_sparse_mask,stage18-scaling-24a9adb84176,4,6,8650,597
True,False,2314,481,s4-step8650-f4of5-d3of4,597,4,3,10000,7686,,5,4,True,0.16176470588235295,68,11,True,valid_distinct_candidate,0.8066410838750098,479,7208,3,0,True,38,fresh_execution,valid_sparse_circuit,1162182755,45458063fda9c87b018dec17cdbf19d6da066b8de86bebfd8ca365ccdeb43c24,,,locally_single_deletion_minimal_sparse_mask,stage18-scaling-24a9adb84176,4,6,8650,597
True,False,2329,480,s4-step8650-f4of5-d3of4,597,4,3,10000,7671,,5,4,True,0.23076923076923078,13,3,True,valid_distinct_candidate,0.8078158039000705,478,7194,4,0,True,39,fresh_execution,valid_sparse_circuit,4014242373,ef447a45a0ced2113e49ee3d3bbc4646ff12a3152bfac1e1d169235f36a1bfde,,,locally_single_deletion_minimal_sparse_mask,stage18-scaling-24a9adb84176,4,6,8650,597
True,False,2344,479,s4-step8650-f4of5-d3of4,597,4,3,10000,7656,,5,4,True,0.234375,64,15,True,valid_distinct_candidate,0.8170569347638813,477,7180,5,0,True,40,fresh_execution,valid_sparse_circuit,1609059501,5fe84cad5aad404b0935c962e1e873f2fd51eeaa5bd0cc22bedd0a1d6723254e,,,locally_single_deletion_minimal_sparse_mask,stage18-scaling-24a9adb84176,4,6,8650,597
True,False,2389,476,s4-step8650-f4of5-d3of4,597,4,3,10000,7611,,5,4,True,0.26153846153846155,65,17,True,valid_distinct_candidate,0.8090688385934686,474,7138,6,0,True,43,fresh_execution,valid_sparse_circuit,323052623,1341644fa1601f4cd69fa5cf8347afa5629e21f2423c5759f54847ef6012df61,,,locally_single_deletion_minimal_sparse_mask,stage18-scaling-24a9adb84176,4,6,8650,597
False,True,0,254,s4-step8650-f4of5-d3of4,597,4,3,4064,4064,,5,4,False,0.13157894736842105,38,5,False,budget_exhaustion,1.0,254,3810,7,0,True,262,fresh_execution,budget_exhaustion,2764636834,a4c902a2f509ad30bc2f8020ac4a7d5dcea4b9a0a9c228cbabef9f6878ebd715,,,budget_exhausted_before_next_ranking,stage18-scaling-24a9adb84176,4,6,8650,597
True,False,2359,478,s4-step8650-f17of20-d1of4,598,4,1,10000,7641,,20,17,True,0.0,1,0,True,valid_distinct_candidate,0.8564492129375832,476,7166,1,0,True,41,fresh_execution,valid_sparse_circuit,,,,,locally_single_deletion_minimal_sparse_mask,stage18-scaling-24a9adb84176,4,6,8650,598
True,False,2374,477,s4-step8650-f17of20-d1of4,598,4,1,10000,7626,,20,17,True,0.136986301369863,73,10,True,valid_distinct_candidate,0.8672566371681416,475,7152,2,0,True,42,fresh_execution,valid_sparse_circuit,2191367972,829d9f24e354729a528f713c310289b27d6274d7e79207a1d249fbc0e8e73654,,,locally_single_deletion_minimal_sparse_mask,stage18-scaling-24a9adb84176,4,6,8650,598
True,False,2389,476,s4-step8650-f17of20-d1of4,598,4,1,10000,7611,,20,17,True,0.21428571428571427,14,3,True,valid_distinct_candidate,0.8554311222491973,474,7138,3,0,True,43,fresh_execution,valid_sparse_circuit,1162182755,45458063fda9c87b018dec17cdbf19d6da066b8de86bebfd8ca365ccdeb43c24,,,locally_single_deletion_minimal_sparse_mask,stage18-scaling-24a9adb84176,4,6,8650,598
True,False,2419,474,s4-step8650-f17of20-d1of4,598,4,1,10000,7581,,20,17,True,0.20833333333333334,24,5,True,valid_distinct_candidate,0.853943143550787,472,7110,4,0,True,45,fresh_execution,valid_sparse_circuit,4014242373,ef447a45a0ced2113e49ee3d3bbc4646ff12a3152bfac1e1d169235f36a1bfde,,,locally_single_deletion_minimal_sparse_mask,stage18-scaling-24a9adb84176,4,6,8650,598
False,False,2419,474,s4-step8650-f17of20-d1of4,598,4,1,10000,7581,,20,17,True,0.29850746268656714,67,20,True,distinctness_failure,0.8507322421489545,472,7110,5,0,True,45,fresh_execution,valid_sparse_circuit,1609059501,5fe84cad5aad404b0935c962e1e873f2fd51eeaa5bd0cc22bedd0a1d6723254e,,,locally_single_deletion_minimal_sparse_mask,stage18-scaling-24a9adb84176,4,6,8650,598
False,True,0,152,s4-step8650-f17of20-d1of4,598,4,1,2419,2419,,20,17,False,0.10626702997275204,367,39,False,budget_exhaustion,1.0,152,2268,5,1,True,365,fresh_execution,budget_exhaustion,4133349816,f65de9b8c7246a3fd35250c21d8b086fa6daac1a5e92b1b392306bea880ac16c,,,budget_exhausted_inside_candidate_batch,stage18-scaling-24a9adb84176,4,6,8650,598
True,False,2359,478,s4-step8650-f17of20-d1of2,599,2,1,10000,7641,,20,17,True,0.0,1,0,True,valid_distinct_candidate,0.8564492129375832,476,7166,1,0,True,41,fresh_execution,valid_sparse_circuit,,,,,locally_single_deletion_minimal_sparse_mask,stage18-scaling-24a9adb84176,4,6,8650,599
True,False,2374,477,s4-step8650-f17of20-d1of2,599,2,1,10000,7626,,20,17,True,0.136986301369863,73,10,True,valid_distinct_candidate,0.8672566371681416,475,7152,2,0,True,42,fresh_execution,valid_sparse_circuit,2191367972,829d9f24e354729a528f713c310289b27d6274d7e79207a1d249fbc0e8e73654,,,locally_single_deletion_minimal_sparse_mask,stage18-scaling-24a9adb84176,4,6,8650,599
True,False,2389,476,s4-step8650-f17of20-d1of2,599,2,1,10000,7611,,20,17,True,0.21428571428571427,14,3,True,valid_distinct_candidate,0.8554311222491973,474,7138,3,0,True,43,fresh_execution,valid_sparse_circuit,1162182755,45458063fda9c87b018dec17cdbf19d6da066b8de86bebfd8ca365ccdeb43c24,,,locally_single_deletion_minimal_sparse_mask,stage18-scaling-24a9adb84176,4,6,8650,599
True,False,2419,474,s4-step8650-f17of20-d1of2,599,2,1,10000,7581,,20,17,True,0.20833333333333334,24,5,True,valid_distinct_candidate,0.853943143550787,472,7110,4,0,True,45,fresh_execution,valid_sparse_circuit,4014242373,ef447a45a0ced2113e49ee3d3bbc4646ff12a3152bfac1e1d169235f36a1bfde,,,locally_single_deletion_minimal_sparse_mask,stage18-scaling-24a9adb84176,4,6,8650,599
True,False,2419,474,s4-step8650-f17of20-d1of2,599,2,1,10000,7581,,20,17,True,0.29850746268656714,67,20,True,valid_distinct_candidate,0.8507322421489545,472,7110,5,0,True,45,fresh_execution,valid_sparse_circuit,1609059501,5fe84cad5aad404b0935c962e1e873f2fd51eeaa5bd0cc22bedd0a1d6723254e,,,locally_single_deletion_minimal_sparse_mask,stage18-scaling-24a9adb84176,4,6,8650,599
True,False,2404,475,s4-step8650-f17of20-d1of2,599,2,1,10000,7596,,20,17,True,0.22857142857142856,35,8,True,valid_distinct_candidate,0.8604432610227896,473,7124,6,0,True,44,fresh_execution,valid_sparse_circuit,323052623,1341644fa1601f4cd69fa5cf8347afa5629e21f2423c5759f54847ef6012df61,,,locally_single_deletion_minimal_sparse_mask,stage18-scaling-24a9adb84176,4,6,8650,599
False,True,0,273,s4-step8650-f17of20-d1of2,599,2,1,4364,4364,,20,17,False,0.13545816733067728,251,34,True,budget_exhaustion,1.0,273,4092,7,0,True,244,fresh_execution,budget_exhaustion,2764636834,a4c902a2f509ad30bc2f8020ac4a7d5dcea4b9a0a9c228cbabef9f6878ebd715,,,budget_exhausted_inside_candidate_batch,stage18-scaling-24a9adb84176,4,6,8650,599
True,False,2359,478,s4-step8650-f17of20-d3of4,600,4,3,10000,7641,,20,17,True,0.0,1,0,True,valid_distinct_candidate,0.8564492129375832,476,7166,1,0,True,41,fresh_execution,valid_sparse_circuit,,,,,locally_single_deletion_minimal_sparse_mask,stage18-scaling-24a9adb84176,4,6,8650,600
True,False,2374,477,s4-step8650-f17of20-d3of4,600,4,3,10000,7626,,20,17,True,0.136986301369863,73,10,True,valid_distinct_candidate,0.8672566371681416,475,7152,2,0,True,42,fresh_execution,valid_sparse_circuit,2191367972,829d9f24e354729a528f713c310289b27d6274d7e79207a1d249fbc0e8e73654,,,locally_single_deletion_minimal_sparse_mask,stage18-scaling-24a9adb84176,4,6,8650,600
True,False,2389,476,s4-step8650-f17of20-d3of4,600,4,3,10000,7611,,20,17,True,0.21428571428571427,14,3,True,valid_distinct_candidate,0.8554311222491973,474,7138,3,0,True,43,fresh_execution,valid_sparse_circuit,1162182755,45458063fda9c87b018dec17cdbf19d6da066b8de86bebfd8ca365ccdeb43c24,,,locally_single_deletion_minimal_sparse_mask,stage18-scaling-24a9adb84176,4,6,8650,600
True,False,2419,474,s4-step8650-f17of20-d3of4,600,4,3,10000,7581,,20,17,True,0.20833333333333334,24,5,True,valid_distinct_candidate,0.853943143550787,472,7110,4,0,True,45,fresh_execution,valid_sparse_circuit,4014242373,ef447a45a0ced2113e49ee3d3bbc4646ff12a3152bfac1e1d169235f36a1bfde,,,locally_single_deletion_minimal_sparse_mask,stage18-scaling-24a9adb84176,4,6,8650,600
True,False,2419,474,s4-step8650-f17of20-d3of4,600,4,3,10000,7581,,20,17,True,0.29850746268656714,67,20,True,valid_distinct_candidate,0.8507322421489545,472,7110,5,0,True,45,fresh_execution,valid_sparse_circuit,1609059501,5fe84cad5aad404b0935c962e1e873f2fd51eeaa5bd0cc22bedd0a1d6723254e,,,locally_single_deletion_minimal_sparse_mask,stage18-scaling-24a9adb84176,4,6,8650,600
True,False,2404,475,s4-step8650-f17of20-d3of4,600,4,3,10000,7596,,20,17,True,0.22857142857142856,35,8,True,valid_distinct_candidate,0.8604432610227896,473,7124,6,0,True,44,fresh_execution,valid_sparse_circuit,323052623,1341644fa1601f4cd69fa5cf8347afa5629e21f2423c5759f54847ef6012df61,,,locally_single_deletion_minimal_sparse_mask,stage18-scaling-24a9adb84176,4,6,8650,600
False,True,0,273,s4-step8650-f17of20-d3of4,600,4,3,4364,4364,,20,17,False,0.13545816733067728,251,34,True,budget_exhaustion,1.0,273,4092,7,0,True,244,fresh_execution,budget_exhaustion,2764636834,a4c902a2f509ad30bc2f8020ac4a7d5dcea4b9a0a9c228cbabef9f6878ebd715,,,budget_exhausted_inside_candidate_batch,stage18-scaling-24a9adb84176,4,6,8650,600
True,False,2404,475,s4-step8650-f9of10-d1of4,601,4,1,10000,7596,,10,9,True,0.0,1,0,True,valid_distinct_candidate,0.9139321794972198,473,7124,1,0,True,44,fresh_execution,valid_sparse_circuit,,,,,locally_single_deletion_minimal_sparse_mask,stage18-scaling-24a9adb84176,4,6,8650,601
True,False,2479,471,s4-step8650-f9of10-d1of4,601,4,1,10000,7521,,10,9,True,0.1625,80,13,True,valid_distinct_candidate,0.9050826219750959,468,7054,2,0,True,49,fresh_execution,valid_sparse_circuit,2191367972,829d9f24e354729a528f713c310289b27d6274d7e79207a1d249fbc0e8e73654,,,locally_single_deletion_minimal_sparse_mask,stage18-scaling-24a9adb84176,4,6,8650,601
True,False,2449,472,s4-step8650-f9of10-d1of4,601,4,1,10000,7551,,10,9,True,0.18518518518518517,27,5,True,valid_distinct_candidate,0.9011668885582269,470,7082,3,0,True,47,fresh_execution,valid_sparse_circuit,1162182755,45458063fda9c87b018dec17cdbf19d6da066b8de86bebfd8ca365ccdeb43c24,,,locally_single_deletion_minimal_sparse_mask,stage18-scaling-24a9adb84176,4,6,8650,601
False,False,2419,474,s4-step8650-f9of10-d1of4,601,4,1,10000,7581,,10,9,True,0.25333333333333335,75,19,True,distinctness_failure,0.9030464405983241,472,7110,4,0,True,45,fresh_execution,valid_sparse_circuit,4014242373,ef447a45a0ced2113e49ee3d3bbc4646ff12a3152bfac1e1d169235f36a1bfde,,,locally_single_deletion_minimal_sparse_mask,stage18-scaling-24a9adb84176,4,6,8650,601
False,True,0,152,s4-step8650-f9of10-d1of4,601,4,1,2419,2419,,10,9,False,0.11891891891891893,185,22,False,budget_exhaustion,1.0,152,2268,4,1,True,365,fresh_execution,budget_exhaustion,142348691,087c1193d9268c8974a577fbb55e949a50a31e188eae50883eb06fcb85a93228,,,budget_exhausted_inside_candidate_batch,stage18-scaling-24a9adb84176,4,6,8650,601
True,False,2404,475,s4-step8650-f9of10-d1of2,602,2,1,10000,7596,,10,9,True,0.0,1,0,True,valid_distinct_candidate,0.9139321794972198,473,7124,1,0,True,44,fresh_execution,valid_sparse_circuit,,,,,locally_single_deletion_minimal_sparse_mask,stage18-scaling-24a9adb84176,4,6,8650,602
True,False,2479,471,s4-step8650-f9of10-d1of2,602,2,1,10000,7521,,10,9,True,0.1625,80,13,True,valid_distinct_candidate,0.9050826219750959,468,7054,2,0,True,49,fresh_execution,valid_sparse_circuit,2191367972,829d9f24e354729a528f713c310289b27d6274d7e79207a1d249fbc0e8e73654,,,locally_single_deletion_minimal_sparse_mask,stage18-scaling-24a9adb84176,4,6,8650,602
True,False,2449,472,s4-step8650-f9of10-d1of2,602,2,1,10000,7551,,10,9,True,0.18518518518518517,27,5,True,valid_distinct_candidate,0.9011668885582269,470,7082,3,0,True,47,fresh_execution,valid_sparse_circuit,1162182755,45458063fda9c87b018dec17cdbf19d6da066b8de86bebfd8ca365ccdeb43c24,,,locally_single_deletion_minimal_sparse_mask,stage18-scaling-24a9adb84176,4,6,8650,602
True,False,2419,474,s4-step8650-f9of10-d1of2,602,2,1,10000,7581,,10,9,True,0.25333333333333335,75,19,True,valid_distinct_candidate,0.9030464405983241,472,7110,4,0,True,45,fresh_execution,valid_sparse_circuit,4014242373,ef447a45a0ced2113e49ee3d3bbc4646ff12a3152bfac1e1d169235f36a1bfde,,,locally_single_deletion_minimal_sparse_mask,stage18-scaling-24a9adb84176,4,6,8650,602
True,False,2449,472,s4-step8650-f9of10-d1of2,602,2,1,10000,7551,,10,9,True,0.23076923076923078,13,3,True,valid_distinct_candidate,0.9086850967186154,470,7082,5,0,True,47,fresh_execution,valid_sparse_circuit,1609059501,5fe84cad5aad404b0935c962e1e873f2fd51eeaa5bd0cc22bedd0a1d6723254e,,,locally_single_deletion_minimal_sparse_mask,stage18-scaling-24a9adb84176,4,6,8650,602
True,False,2494,470,s4-step8650-f9of10-d1of2,602,2,1,10000,7506,,10,9,True,0.2692307692307692,26,7,True,valid_distinct_candidate,0.9100947607486882,467,7040,6,0,True,50,fresh_execution,valid_sparse_circuit,323052623,1341644fa1601f4cd69fa5cf8347afa5629e21f2423c5759f54847ef6012df61,,,locally_single_deletion_minimal_sparse_mask,stage18-scaling-24a9adb84176,4,6,8650,602
False,True,0,294,s4-step8650-f9of10-d1of2,602,2,1,4694,4694,,10,9,False,0.1724137931034483,29,5,True,budget_exhaustion,1.0,294,4401,7,0,True,223,fresh_execution,budget_exhaustion,2764636834,a4c902a2f509ad30bc2f8020ac4a7d5dcea4b9a0a9c228cbabef9f6878ebd715,,,budget_exhausted_inside_candidate_batch,stage18-scaling-24a9adb84176,4,6,8650,602
True,False,2404,475,s4-step8650-f9of10-d3of4,603,4,3,10000,7596,,10,9,True,0.0,1,0,True,valid_distinct_candidate,0.9139321794972198,473,7124,1,0,True,44,fresh_execution,valid_sparse_circuit,,,,,locally_single_deletion_minimal_sparse_mask,stage18-scaling-24a9adb84176,4,6,8650,603
True,False,2479,471,s4-step8650-f9of10-d3of4,603,4,3,10000,7521,,10,9,True,0.1625,80,13,True,valid_distinct_candidate,0.9050826219750959,468,7054,2,0,True,49,fresh_execution,valid_sparse_circuit,2191367972,829d9f24e354729a528f713c310289b27d6274d7e79207a1d249fbc0e8e73654,,,locally_single_deletion_minimal_sparse_mask,stage18-scaling-24a9adb84176,4,6,8650,603
True,False,2449,472,s4-step8650-f9of10-d3of4,603,4,3,10000,7551,,10,9,True,0.18518518518518517,27,5,True,valid_distinct_candidate,0.9011668885582269,470,7082,3,0,True,47,fresh_execution,valid_sparse_circuit,1162182755,45458063fda9c87b018dec17cdbf19d6da066b8de86bebfd8ca365ccdeb43c24,,,locally_single_deletion_minimal_sparse_mask,stage18-scaling-24a9adb84176,4,6,8650,603
True,False,2419,474,s4-step8650-f9of10-d3of4,603,4,3,10000,7581,,10,9,True,0.25333333333333335,75,19,True,valid_distinct_candidate,0.9030464405983241,472,7110,4,0,True,45,fresh_execution,valid_sparse_circuit,4014242373,ef447a45a0ced2113e49ee3d3bbc4646ff12a3152bfac1e1d169235f36a1bfde,,,locally_single_deletion_minimal_sparse_mask,stage18-scaling-24a9adb84176,4,6,8650,603
True,False,2449,472,s4-step8650-f9of10-d3of4,603,4,3,10000,7551,,10,9,True,0.23076923076923078,13,3,True,valid_distinct_candidate,0.9086850967186154,470,7082,5,0,True,47,fresh_execution,valid_sparse_circuit,1609059501,5fe84cad5aad404b0935c962e1e873f2fd51eeaa5bd0cc22bedd0a1d6723254e,,,locally_single_deletion_minimal_sparse_mask,stage18-scaling-24a9adb84176,4,6,8650,603
True,False,2494,470,s4-step8650-f9of10-d3of4,603,4,3,10000,7506,,10,9,True,0.2692307692307692,26,7,True,valid_distinct_candidate,0.9100947607486882,467,7040,6,0,True,50,fresh_execution,valid_sparse_circuit,323052623,1341644fa1601f4cd69fa5cf8347afa5629e21f2423c5759f54847ef6012df61,,,locally_single_deletion_minimal_sparse_mask,stage18-scaling-24a9adb84176,4,6,8650,603
False,True,0,294,s4-step8650-f9of10-d3of4,603,4,3,4694,4694,,10,9,False,0.1724137931034483,29,5,True,budget_exhaustion,1.0,294,4401,7,0,True,223,fresh_execution,budget_exhaustion,2764636834,a4c902a2f509ad30bc2f8020ac4a7d5dcea4b9a0a9c228cbabef9f6878ebd715,,,budget_exhausted_inside_candidate_batch,stage18-scaling-24a9adb84176,4,6,8650,603
True,False,2524,468,s4-step8650-f19of20-d1of4,604,4,1,10000,7476,,20,19,True,0.0,1,0,True,valid_distinct_candidate,0.9511316469574751,465,7012,1,0,True,52,fresh_execution,valid_sparse_circuit,,,,,locally_single_deletion_minimal_sparse_mask,stage18-scaling-24a9adb84176,4,6,8650,604
True,False,2554,466,s4-step8650-f19of20-d1of4,604,4,1,10000,7446,,20,19,True,0.13978494623655913,93,13,True,valid_distinct_candidate,0.9509750176208004,463,6984,2,0,True,54,fresh_execution,valid_sparse_circuit,2191367972,829d9f24e354729a528f713c310289b27d6274d7e79207a1d249fbc0e8e73654,,,locally_single_deletion_minimal_sparse_mask,stage18-scaling-24a9adb84176,4,6,8650,604
True,False,2554,466,s4-step8650-f19of20-d1of4,604,4,1,10000,7446,,20,19,True,0.17777777777777778,45,8,True,valid_distinct_candidate,0.954812436369332,463,6984,3,0,True,54,fresh_execution,valid_sparse_circuit,1162182755,45458063fda9c87b018dec17cdbf19d6da066b8de86bebfd8ca365ccdeb43c24,,,locally_single_deletion_minimal_sparse_mask,stage18-scaling-24a9adb84176,4,6,8650,604
True,False,2554,466,s4-step8650-f19of20-d1of4,604,4,1,10000,7446,,20,19,True,0.21348314606741572,89,19,True,valid_distinct_candidate,0.9547341217009946,463,6984,4,0,True,54,fresh_execution,valid_sparse_circuit,4014242373,ef447a45a0ced2113e49ee3d3bbc4646ff12a3152bfac1e1d169235f36a1bfde,,,locally_single_deletion_minimal_sparse_mask,stage18-scaling-24a9adb84176,4,6,8650,604
True,False,2553,466,s4-step8650-f19of20-d1of4,604,4,1,10000,7447,,20,19,True,0.22988505747126436,87,20,True,valid_distinct_candidate,0.9530895136659097,462,6986,5,0,True,55,fresh_execution,valid_sparse_circuit,1609059501,5fe84cad5aad404b0935c962e1e873f2fd51eeaa5bd0cc22bedd0a1d6723254e,,,locally_single_deletion_minimal_sparse_mask,stage18-scaling-24a9adb84176,4,6,8650,604
True,False,2568,465,s4-step8650-f19of20-d1of4,604,4,1,10000,7432,,20,19,True,0.25,4,1,True,valid_distinct_candidate,0.9504268149424387,461,6972,6,0,True,56,fresh_execution,valid_sparse_circuit,323052623,1341644fa1601f4cd69fa5cf8347afa5629e21f2423c5759f54847ef6012df61,,,locally_single_deletion_minimal_sparse_mask,stage18-scaling-24a9adb84176,4,6,8650,604
False,True,0,332,s4-step8650-f19of20-d1of4,604,4,1,5307,5307,,20,19,False,0.20918367346938777,196,41,True,budget_exhaustion,1.0,332,4976,7,0,True,185,fresh_execution,budget_exhaustion,2764636834,a4c902a2f509ad30bc2f8020ac4a7d5dcea4b9a0a9c228cbabef9f6878ebd715,,,budget_exhausted_inside_candidate_batch,stage18-scaling-24a9adb84176,4,6,8650,604
True,False,2524,468,s4-step8650-f19of20-d1of2,605,2,1,10000,7476,,20,19,True,0.0,1,0,True,valid_distinct_candidate,0.9511316469574751,465,7012,1,0,True,52,fresh_execution,valid_sparse_circuit,,,,,locally_single_deletion_minimal_sparse_mask,stage18-scaling-24a9adb84176,4,6,8650,605
True,False,2554,466,s4-step8650-f19of20-d1of2,605,2,1,10000,7446,,20,19,True,0.13978494623655913,93,13,True,valid_distinct_candidate,0.9509750176208004,463,6984,2,0,True,54,fresh_execution,valid_sparse_circuit,2191367972,829d9f24e354729a528f713c310289b27d6274d7e79207a1d249fbc0e8e73654,,,locally_single_deletion_minimal_sparse_mask,stage18-scaling-24a9adb84176,4,6,8650,605
True,False,2554,466,s4-step8650-f19of20-d1of2,605,2,1,10000,7446,,20,19,True,0.17777777777777778,45,8,True,valid_distinct_candidate,0.954812436369332,463,6984,3,0,True,54,fresh_execution,valid_sparse_circuit,1162182755,45458063fda9c87b018dec17cdbf19d6da066b8de86bebfd8ca365ccdeb43c24,,,locally_single_deletion_minimal_sparse_mask,stage18-scaling-24a9adb84176,4,6,8650,605
True,False,2554,466,s4-step8650-f19of20-d1of2,605,2,1,10000,7446,,20,19,True,0.21348314606741572,89,19,True,valid_distinct_candidate,0.9547341217009946,463,6984,4,0,True,54,fresh_execution,valid_sparse_circuit,4014242373,ef447a45a0ced2113e49ee3d3bbc4646ff12a3152bfac1e1d169235f36a1bfde,,,locally_single_deletion_minimal_sparse_mask,stage18-scaling-24a9adb84176,4,6,8650,605
True,False,2553,466,s4-step8650-f19of20-d1of2,605,2,1,10000,7447,,20,19,True,0.22988505747126436,87,20,True,valid_distinct_candidate,0.9530895136659097,462,6986,5,0,True,55,fresh_execution,valid_sparse_circuit,1609059501,5fe84cad5aad404b0935c962e1e873f2fd51eeaa5bd0cc22bedd0a1d6723254e,,,locally_single_deletion_minimal_sparse_mask,stage18-scaling-24a9adb84176,4,6,8650,605
True,False,2568,465,s4-step8650-f19of20-d1of2,605,2,1,10000,7432,,20,19,True,0.25,4,1,True,valid_distinct_candidate,0.9504268149424387,461,6972,6,0,True,56,fresh_execution,valid_sparse_circuit,323052623,1341644fa1601f4cd69fa5cf8347afa5629e21f2423c5759f54847ef6012df61,,,locally_single_deletion_minimal_sparse_mask,stage18-scaling-24a9adb84176,4,6,8650,605
False,True,0,332,s4-step8650-f19of20-d1of2,605,2,1,5307,5307,,20,19,False,0.20918367346938777,196,41,True,budget_exhaustion,1.0,332,4976,7,0,True,185,fresh_execution,budget_exhaustion,2764636834,a4c902a2f509ad30bc2f8020ac4a7d5dcea4b9a0a9c228cbabef9f6878ebd715,,,budget_exhausted_inside_candidate_batch,stage18-scaling-24a9adb84176,4,6,8650,605
True,False,2524,468,s4-step8650-f19of20-d3of4,606,4,3,10000,7476,,20,19,True,0.0,1,0,True,valid_distinct_candidate,0.9511316469574751,465,7012,1,0,True,52,fresh_execution,valid_sparse_circuit,,,,,locally_single_deletion_minimal_sparse_mask,stage18-scaling-24a9adb84176,4,6,8650,606
True,False,2554,466,s4-step8650-f19of20-d3of4,606,4,3,10000,7446,,20,19,True,0.13978494623655913,93,13,True,valid_distinct_candidate,0.9509750176208004,463,6984,2,0,True,54,fresh_execution,valid_sparse_circuit,2191367972,829d9f24e354729a528f713c310289b27d6274d7e79207a1d249fbc0e8e73654,,,locally_single_deletion_minimal_sparse_mask,stage18-scaling-24a9adb84176,4,6,8650,606
True,False,2554,466,s4-step8650-f19of20-d3of4,606,4,3,10000,7446,,20,19,True,0.17777777777777778,45,8,True,valid_distinct_candidate,0.954812436369332,463,6984,3,0,True,54,fresh_execution,valid_sparse_circuit,1162182755,45458063fda9c87b018dec17cdbf19d6da066b8de86bebfd8ca365ccdeb43c24,,,locally_single_deletion_minimal_sparse_mask,stage18-scaling-24a9adb84176,4,6,8650,606
True,False,2554,466,s4-step8650-f19of20-d3of4,606,4,3,10000,7446,,20,19,True,0.21348314606741572,89,19,True,valid_distinct_candidate,0.9547341217009946,463,6984,4,0,True,54,fresh_execution,valid_sparse_circuit,4014242373,ef447a45a0ced2113e49ee3d3bbc4646ff12a3152bfac1e1d169235f36a1bfde,,,locally_single_deletion_minimal_sparse_mask,stage18-scaling-24a9adb84176,4,6,8650,606
True,False,2553,466,s4-step8650-f19of20-d3of4,606,4,3,10000,7447,,20,19,True,0.22988505747126436,87,20,True,valid_distinct_candidate,0.9530895136659097,462,6986,5,0,True,55,fresh_execution,valid_sparse_circuit,1609059501,5fe84cad5aad404b0935c962e1e873f2fd51eeaa5bd0cc22bedd0a1d6723254e,,,locally_single_deletion_minimal_sparse_mask,stage18-scaling-24a9adb84176,4,6,8650,606
True,False,2568,465,s4-step8650-f19of20-d3of4,606,4,3,10000,7432,,20,19,True,0.25,4,1,True,valid_distinct_candidate,0.9504268149424387,461,6972,6,0,True,56,fresh_execution,valid_sparse_circuit,323052623,1341644fa1601f4cd69fa5cf8347afa5629e21f2423c5759f54847ef6012df61,,,locally_single_deletion_minimal_sparse_mask,stage18-scaling-24a9adb84176,4,6,8650,606
False,True,0,332,s4-step8650-f19of20-d3of4,606,4,3,5307,5307,,20,19,False,0.20918367346938777,196,41,True,budget_exhaustion,1.0,332,4976,7,0,True,185,fresh_execution,budget_exhaustion,2764636834,a4c902a2f509ad30bc2f8020ac4a7d5dcea4b9a0a9c228cbabef9f6878ebd715,,,budget_exhausted_inside_candidate_batch,stage18-scaling-24a9adb84176,4,6,8650,606
True,False,2629,461,s4-step8650-f39of40-d1of4,607,4,1,10000,7371,,40,39,True,0.0,1,0,True,valid_distinct_candidate,0.9812044795990289,458,6914,1,0,True,59,fresh_execution,valid_sparse_circuit,,,,,locally_single_deletion_minimal_sparse_mask,stage18-scaling-24a9adb84176,4,6,8650,607
True,False,2659,459,s4-step8650-f39of40-d1of4,607,4,1,10000,7341,,40,39,True,0.14285714285714285,7,1,True,valid_distinct_candidate,0.9777586341921842,456,6886,2,0,True,61,fresh_execution,valid_sparse_circuit,2191367972,829d9f24e354729a528f713c310289b27d6274d7e79207a1d249fbc0e8e73654,,,locally_single_deletion_minimal_sparse_mask,stage18-scaling-24a9adb84176,4,6,8650,607
True,False,2674,458,s4-step8650-f39of40-d1of4,607,4,1,10000,7326,,40,39,True,0.16346153846153846,104,17,True,valid_distinct_candidate,0.9750959354687133,455,6872,3,0,True,62,fresh_execution,valid_sparse_circuit,1162182755,45458063fda9c87b018dec17cdbf19d6da066b8de86bebfd8ca365ccdeb43c24,,,locally_single_deletion_minimal_sparse_mask,stage18-scaling-24a9adb84176,4,6,8650,607
True,False,2644,460,s4-step8650-f39of40-d1of4,607,4,1,10000,7356,,40,39,True,0.2222222222222222,9,2,True,valid_distinct_candidate,0.9753308794737254,457,6900,4,0,True,60,fresh_execution,valid_sparse_circuit,4014242373,ef447a45a0ced2113e49ee3d3bbc4646ff12a3152bfac1e1d169235f36a1bfde,,,locally_single_deletion_minimal_sparse_mask,stage18-scaling-24a9adb84176,4,6,8650,607
False,False,2674,458,s4-step8650-f39of40-d1of4,607,4,1,10000,7326,,40,39,True,0.2604166666666667,96,25,True,distinctness_failure,0.9783851515388833,455,6872,5,0,True,62,fresh_execution,valid_sparse_circuit,1609059501,5fe84cad5aad404b0935c962e1e873f2fd51eeaa5bd0cc22bedd0a1d6723254e,,,locally_single_deletion_minimal_sparse_mask,stage18-scaling-24a9adb84176,4,6,8650,607
False,True,0,168,s4-step8650-f39of40-d1of4,607,4,1,2674,2674,,40,39,False,0.1623931623931624,117,19,False,budget_exhaustion,1.0,168,2507,5,1,True,349,fresh_execution,budget_exhaustion,4133349816,f65de9b8c7246a3fd35250c21d8b086fa6daac1a5e92b1b392306bea880ac16c,,,budget_exhausted_inside_candidate_batch,stage18-scaling-24a9adb84176,4,6,8650,607
True,False,2629,461,s4-step8650-f39of40-d1of2,608,2,1,10000,7371,,40,39,True,0.0,1,0,True,valid_distinct_candidate,0.9812044795990289,458,6914,1,0,True,59,fresh_execution,valid_sparse_circuit,,,,,locally_single_deletion_minimal_sparse_mask,stage18-scaling-24a9adb84176,4,6,8650,608
True,False,2659,459,s4-step8650-f39of40-d1of2,608,2,1,10000,7341,,40,39,True,0.14285714285714285,7,1,True,valid_distinct_candidate,0.9777586341921842,456,6886,2,0,True,61,fresh_execution,valid_sparse_circuit,2191367972,829d9f24e354729a528f713c310289b27d6274d7e79207a1d249fbc0e8e73654,,,locally_single_deletion_minimal_sparse_mask,stage18-scaling-24a9adb84176,4,6,8650,608
True,False,2674,458,s4-step8650-f39of40-d1of2,608,2,1,10000,7326,,40,39,True,0.16346153846153846,104,17,True,valid_distinct_candidate,0.9750959354687133,455,6872,3,0,True,62,fresh_execution,valid_sparse_circuit,1162182755,45458063fda9c87b018dec17cdbf19d6da066b8de86bebfd8ca365ccdeb43c24,,,locally_single_deletion_minimal_sparse_mask,stage18-scaling-24a9adb84176,4,6,8650,608
True,False,2644,460,s4-step8650-f39of40-d1of2,608,2,1,10000,7356,,40,39,True,0.2222222222222222,9,2,True,valid_distinct_candidate,0.9753308794737254,457,6900,4,0,True,60,fresh_execution,valid_sparse_circuit,4014242373,ef447a45a0ced2113e49ee3d3bbc4646ff12a3152bfac1e1d169235f36a1bfde,,,locally_single_deletion_minimal_sparse_mask,stage18-scaling-24a9adb84176,4,6,8650,608
True,False,2674,458,s4-step8650-f39of40-d1of2,608,2,1,10000,7326,,40,39,True,0.2604166666666667,96,25,True,valid_distinct_candidate,0.9783851515388833,455,6872,5,0,True,62,fresh_execution,valid_sparse_circuit,1609059501,5fe84cad5aad404b0935c962e1e873f2fd51eeaa5bd0cc22bedd0a1d6723254e,,,locally_single_deletion_minimal_sparse_mask,stage18-scaling-24a9adb84176,4,6,8650,608
True,False,2674,458,s4-step8650-f39of40-d1of2,608,2,1,10000,7326,,40,39,True,0.2604166666666667,96,25,True,valid_distinct_candidate,0.9768971728404731,455,6872,6,0,True,62,fresh_execution,valid_sparse_circuit,323052623,1341644fa1601f4cd69fa5cf8347afa5629e21f2423c5759f54847ef6012df61,,,locally_single_deletion_minimal_sparse_mask,stage18-scaling-24a9adb84176,4,6,8650,608
False,True,0,373,s4-step8650-f39of40-d1of2,608,2,1,5954,5954,,40,39,False,0.19411764705882353,170,33,True,budget_exhaustion,1.0,373,5582,7,0,True,144,fresh_execution,budget_exhaustion,2764636834,a4c902a2f509ad30bc2f8020ac4a7d5dcea4b9a0a9c228cbabef9f6878ebd715,,,budget_exhausted_inside_candidate_batch,stage18-scaling-24a9adb84176,4,6,8650,608
True,False,2629,461,s4-step8650-f39of40-d3of4,609,4,3,10000,7371,,40,39,True,0.0,1,0,True,valid_distinct_candidate,0.9812044795990289,458,6914,1,0,True,59,fresh_execution,valid_sparse_circuit,,,,,locally_single_deletion_minimal_sparse_mask,stage18-scaling-24a9adb84176,4,6,8650,609
True,False,2659,459,s4-step8650-f39of40-d3of4,609,4,3,10000,7341,,40,39,True,0.14285714285714285,7,1,True,valid_distinct_candidate,0.9777586341921842,456,6886,2,0,True,61,fresh_execution,valid_sparse_circuit,2191367972,829d9f24e354729a528f713c310289b27d6274d7e79207a1d249fbc0e8e73654,,,locally_single_deletion_minimal_sparse_mask,stage18-scaling-24a9adb84176,4,6,8650,609
True,False,2674,458,s4-step8650-f39of40-d3of4,609,4,3,10000,7326,,40,39,True,0.16346153846153846,104,17,True,valid_distinct_candidate,0.9750959354687133,455,6872,3,0,True,62,fresh_execution,valid_sparse_circuit,1162182755,45458063fda9c87b018dec17cdbf19d6da066b8de86bebfd8ca365ccdeb43c24,,,locally_single_deletion_minimal_sparse_mask,stage18-scaling-24a9adb84176,4,6,8650,609
True,False,2644,460,s4-step8650-f39of40-d3of4,609,4,3,10000,7356,,40,39,True,0.2222222222222222,9,2,True,valid_distinct_candidate,0.9753308794737254,457,6900,4,0,True,60,fresh_execution,valid_sparse_circuit,4014242373,ef447a45a0ced2113e49ee3d3bbc4646ff12a3152bfac1e1d169235f36a1bfde,,,locally_single_deletion_minimal_sparse_mask,stage18-scaling-24a9adb84176,4,6,8650,609
True,False,2674,458,s4-step8650-f39of40-d3of4,609,4,3,10000,7326,,40,39,True,0.2604166666666667,96,25,True,valid_distinct_candidate,0.9783851515388833,455,6872,5,0,True,62,fresh_execution,valid_sparse_circuit,1609059501,5fe84cad5aad404b0935c962e1e873f2fd51eeaa5bd0cc22bedd0a1d6723254e,,,locally_single_deletion_minimal_sparse_mask,stage18-scaling-24a9adb84176,4,6,8650,609
True,False,2674,458,s4-step8650-f39of40-d3of4,609,4,3,10000,7326,,40,39,True,0.2604166666666667,96,25,True,valid_distinct_candidate,0.9768971728404731,455,6872,6,0,True,62,fresh_execution,valid_sparse_circuit,323052623,1341644fa1601f4cd69fa5cf8347afa5629e21f2423c5759f54847ef6012df61,,,locally_single_deletion_minimal_sparse_mask,stage18-scaling-24a9adb84176,4,6,8650,609
False,True,0,373,s4-step8650-f39of40-d3of4,609,4,3,5954,5954,,40,39,False,0.19411764705882353,170,33,True,budget_exhaustion,1.0,373,5582,7,0,True,144,fresh_execution,budget_exhaustion,2764636834,a4c902a2f509ad30bc2f8020ac4a7d5dcea4b9a0a9c228cbabef9f6878ebd715,,,budget_exhausted_inside_candidate_batch,stage18-scaling-24a9adb84176,4,6,8650,609
True,False,2719,456,s4-step8650-f99of100-d1of4,610,4,1,10000,7281,,100,99,True,0.0,1,0,True,valid_distinct_candidate,0.9912287571462135,452,6830,1,0,True,65,fresh_execution,valid_sparse_circuit,,,,,locally_single_deletion_minimal_sparse_mask,stage18-scaling-24a9adb84176,4,6,8650,610
True,False,2778,452,s4-step8650-f99of100-d1of4,610,4,1,10000,7222,,100,99,True,0.11570247933884298,121,14,True,valid_distinct_candidate,0.9903672957945023,447,6776,2,0,True,70,fresh_execution,valid_sparse_circuit,2191367972,829d9f24e354729a528f713c310289b27d6274d7e79207a1d249fbc0e8e73654,,,locally_single_deletion_minimal_sparse_mask,stage18-scaling-24a9adb84176,4,6,8650,610
True,False,2689,457,s4-step8650-f99of100-d1of4,610,4,1,10000,7311,,100,99,True,0.16666666666666666,6,1,True,valid_distinct_candidate,0.9902889811261649,454,6858,3,0,True,63,fresh_execution,valid_sparse_circuit,1162182755,45458063fda9c87b018dec17cdbf19d6da066b8de86bebfd8ca365ccdeb43c24,,,locally_single_deletion_minimal_sparse_mask,stage18-scaling-24a9adb84176,4,6,8650,610
True,False,2884,445,s4-step8650-f99of100-d1of4,610,4,1,10000,7116,,100,99,True,0.21551724137931033,116,25,True,valid_distinct_candidate,0.9902106664578275,441,6676,4,0,True,76,fresh_execution,valid_sparse_circuit,4014242373,ef447a45a0ced2113e49ee3d3bbc4646ff12a3152bfac1e1d169235f36a1bfde,,,locally_single_deletion_minimal_sparse_mask,stage18-scaling-24a9adb84176,4,6,8650,610
True,False,2854,447,s4-step8650-f99of100-d1of4,610,4,1,10000,7146,,100,99,True,0.18803418803418803,117,22,True,valid_distinct_candidate,0.9902106664578275,443,6704,5,0,True,74,fresh_execution,valid_sparse_circuit,1609059501,5fe84cad5aad404b0935c962e1e873f2fd51eeaa5bd0cc22bedd0a1d6723254e,,,locally_single_deletion_minimal_sparse_mask,stage18-scaling-24a9adb84176,4,6,8650,610
False,False,2734,455,s4-step8650-f99of100-d1of4,610,4,1,10000,7266,,100,99,True,0.25961538461538464,104,27,True,distinctness_failure,0.9902889811261649,451,6816,6,0,True,66,fresh_execution,valid_sparse_circuit,323052623,1341644fa1601f4cd69fa5cf8347afa5629e21f2423c5759f54847ef6012df61,,,locally_single_deletion_minimal_sparse_mask,stage18-scaling-24a9adb84176,4,6,8650,610
False,True,0,171,s4-step8650-f99of100-d1of4,610,4,1,2734,2734,,100,99,False,0.15126050420168066,119,18,False,budget_exhaustion,1.0,171,2564,6,1,True,346,fresh_execution,budget_exhaustion,119158719,071a37bf4bec127fd2e2a9b81d277b905b85320a585013b9d30c5ff9848b953b,,,budget_exhausted_inside_candidate_batch,stage18-scaling-24a9adb84176,4,6,8650,610
True,False,2719,456,s4-step8650-f99of100-d1of2,611,2,1,10000,7281,,100,99,True,0.0,1,0,True,valid_distinct_candidate,0.9912287571462135,452,6830,1,0,True,65,fresh_execution,valid_sparse_circuit,,,,,locally_single_deletion_minimal_sparse_mask,stage18-scaling-24a9adb84176,4,6,8650,611
True,False,2778,452,s4-step8650-f99of100-d1of2,611,2,1,10000,7222,,100,99,True,0.11570247933884298,121,14,True,valid_distinct_candidate,0.9903672957945023,447,6776,2,0,True,70,fresh_execution,valid_sparse_circuit,2191367972,829d9f24e354729a528f713c310289b27d6274d7e79207a1d249fbc0e8e73654,,,locally_single_deletion_minimal_sparse_mask,stage18-scaling-24a9adb84176,4,6,8650,611
True,False,2689,457,s4-step8650-f99of100-d1of2,611,2,1,10000,7311,,100,99,True,0.16666666666666666,6,1,True,valid_distinct_candidate,0.9902889811261649,454,6858,3,0,True,63,fresh_execution,valid_sparse_circuit,1162182755,45458063fda9c87b018dec17cdbf19d6da066b8de86bebfd8ca365ccdeb43c24,,,locally_single_deletion_minimal_sparse_mask,stage18-scaling-24a9adb84176,4,6,8650,611
True,False,2884,445,s4-step8650-f99of100-d1of2,611,2,1,10000,7116,,100,99,True,0.21551724137931033,116,25,True,valid_distinct_candidate,0.9902106664578275,441,6676,4,0,True,76,fresh_execution,valid_sparse_circuit,4014242373,ef447a45a0ced2113e49ee3d3bbc4646ff12a3152bfac1e1d169235f36a1bfde,,,locally_single_deletion_minimal_sparse_mask,stage18-scaling-24a9adb84176,4,6,8650,611
True,False,2854,447,s4-step8650-f99of100-d1of2,611,2,1,10000,7146,,100,99,True,0.18803418803418803,117,22,True,valid_distinct_candidate,0.9902106664578275,443,6704,5,0,True,74,fresh_execution,valid_sparse_circuit,1609059501,5fe84cad5aad404b0935c962e1e873f2fd51eeaa5bd0cc22bedd0a1d6723254e,,,locally_single_deletion_minimal_sparse_mask,stage18-scaling-24a9adb84176,4,6,8650,611
True,False,2734,455,s4-step8650-f99of100-d1of2,611,2,1,10000,7266,,100,99,True,0.25961538461538464,104,27,True,valid_distinct_candidate,0.9902889811261649,451,6816,6,0,True,66,fresh_execution,valid_sparse_circuit,323052623,1341644fa1601f4cd69fa5cf8347afa5629e21f2423c5759f54847ef6012df61,,,locally_single_deletion_minimal_sparse_mask,stage18-scaling-24a9adb84176,4,6,8650,611
False,True,0,417,s4-step8650-f99of100-d1of2,611,2,1,6658,6658,,100,99,False,0.25,4,1,True,budget_exhaustion,1.0,417,6242,7,0,True,100,fresh_execution,budget_exhaustion,2764636834,a4c902a2f509ad30bc2f8020ac4a7d5dcea4b9a0a9c228cbabef9f6878ebd715,,,budget_exhausted_inside_candidate_batch,stage18-scaling-24a9adb84176,4,6,8650,611
True,False,2719,456,s4-step8650-f99of100-d3of4,612,4,3,10000,7281,,100,99,True,0.0,1,0,True,valid_distinct_candidate,0.9912287571462135,452,6830,1,0,True,65,fresh_execution,valid_sparse_circuit,,,,,locally_single_deletion_minimal_sparse_mask,stage18-scaling-24a9adb84176,4,6,8650,612
True,False,2778,452,s4-step8650-f99of100-d3of4,612,4,3,10000,7222,,100,99,True,0.11570247933884298,121,14,True,valid_distinct_candidate,0.9903672957945023,447,6776,2,0,True,70,fresh_execution,valid_sparse_circuit,2191367972,829d9f24e354729a528f713c310289b27d6274d7e79207a1d249fbc0e8e73654,,,locally_single_deletion_minimal_sparse_mask,stage18-scaling-24a9adb84176,4,6,8650,612
True,False,2689,457,s4-step8650-f99of100-d3of4,612,4,3,10000,7311,,100,99,True,0.16666666666666666,6,1,True,valid_distinct_candidate,0.9902889811261649,454,6858,3,0,True,63,fresh_execution,valid_sparse_circuit,1162182755,45458063fda9c87b018dec17cdbf19d6da066b8de86bebfd8ca365ccdeb43c24,,,locally_single_deletion_minimal_sparse_mask,stage18-scaling-24a9adb84176,4,6,8650,612
True,False,2884,445,s4-step8650-f99of100-d3of4,612,4,3,10000,7116,,100,99,True,0.21551724137931033,116,25,True,valid_distinct_candidate,0.9902106664578275,441,6676,4,0,True,76,fresh_execution,valid_sparse_circuit,4014242373,ef447a45a0ced2113e49ee3d3bbc4646ff12a3152bfac1e1d169235f36a1bfde,,,locally_single_deletion_minimal_sparse_mask,stage18-scaling-24a9adb84176,4,6,8650,612
True,False,2854,447,s4-step8650-f99of100-d3of4,612,4,3,10000,7146,,100,99,True,0.18803418803418803,117,22,True,valid_distinct_candidate,0.9902106664578275,443,6704,5,0,True,74,fresh_execution,valid_sparse_circuit,1609059501,5fe84cad5aad404b0935c962e1e873f2fd51eeaa5bd0cc22bedd0a1d6723254e,,,locally_single_deletion_minimal_sparse_mask,stage18-scaling-24a9adb84176,4,6,8650,612
True,False,2734,455,s4-step8650-f99of100-d3of4,612,4,3,10000,7266,,100,99,True,0.25961538461538464,104,27,True,valid_distinct_candidate,0.9902889811261649,451,6816,6,0,True,66,fresh_execution,valid_sparse_circuit,323052623,1341644fa1601f4cd69fa5cf8347afa5629e21f2423c5759f54847ef6012df61,,,locally_single_deletion_minimal_sparse_mask,stage18-scaling-24a9adb84176,4,6,8650,612
False,True,0,417,s4-step8650-f99of100-d3of4,612,4,3,6658,6658,,100,99,False,0.25,4,1,True,budget_exhaustion,1.0,417,6242,7,0,True,100,fresh_execution,budget_exhaustion,2764636834,a4c902a2f509ad30bc2f8020ac4a7d5dcea4b9a0a9c228cbabef9f6878ebd715,,,budget_exhausted_inside_candidate_batch,stage18-scaling-24a9adb84176,4,6,8650,612
True,False,2404,475,s4-step9050-f4of5-d1of4,613,4,1,10000,7596,,5,4,True,0.0,1,0,True,valid_distinct_candidate,0.8123580546636385,473,7124,1,0,True,44,fresh_execution,valid_sparse_circuit,,,,,locally_single_deletion_minimal_sparse_mask,stage18-scaling-24a9adb84176,4,7,9050,613
True,False,2449,472,s4-step9050-f4of5-d1of4,613,4,1,10000,7551,,5,4,True,0.18181818181818182,11,2,True,valid_distinct_candidate,0.8104785026235414,470,7082,2,0,True,47,fresh_execution,valid_sparse_circuit,3460151200,ce3db7a05bd98024212e7658fe85fba99424be48417db13039ee55ae359d02fb,,,locally_single_deletion_minimal_sparse_mask,stage18-scaling-24a9adb84176,4,7,9050,613
True,False,2509,469,s4-step9050-f4of5-d1of4,613,4,1,10000,7491,,5,4,True,0.225,40,9,True,valid_distinct_candidate,0.8011590570913932,466,7026,3,0,True,51,fresh_execution,valid_sparse_circuit,2523258975,9665e05fa2cf301781c9ff6376239fcc386da50504a49e055ebdf92803e775ba,,,locally_single_deletion_minimal_sparse_mask,stage18-scaling-24a9adb84176,4,7,9050,613
False,False,2419,474,s4-step9050-f4of5-d1of4,613,4,1,10000,7581,,5,4,True,0.3088235294117647,68,21,True,distinctness_failure,0.8114965933119274,472,7110,4,0,True,45,fresh_execution,valid_sparse_circuit,2909563623,ad6c6ae7a53bb51c9040b4f40e7f6bce7ce5a3b2045331800bb031be205d8f0c,,,locally_single_deletion_minimal_sparse_mask,stage18-scaling-24a9adb84176,4,7,9050,613
False,True,0,152,s4-step9050-f4of5-d1of4,613,4,1,2419,2419,,5,4,False,0.09358288770053476,374,35,False,budget_exhaustion,1.0,152,2268,4,1,True,365,fresh_execution,budget_exhaustion,4046805211,f13558dbace1e46f8d7f9539dfd364e9d85cb7dc42119c8a0b62102cf1104403,,,budget_exhausted_inside_candidate_batch,stage18-scaling-24a9adb84176,4,7,9050,613
True,False,2404,475,s4-step9050-f4of5-d1of2,614,2,1,10000,7596,,5,4,True,0.0,1,0,True,valid_distinct_candidate,0.8123580546636385,473,7124,1,0,True,44,fresh_execution,valid_sparse_circuit,,,,,locally_single_deletion_minimal_sparse_mask,stage18-scaling-24a9adb84176,4,7,9050,614
True,False,2449,472,s4-step9050-f4of5-d1of2,614,2,1,10000,7551,,5,4,True,0.18181818181818182,11,2,True,valid_distinct_candidate,0.8104785026235414,470,7082,2,0,True,47,fresh_execution,valid_sparse_circuit,3460151200,ce3db7a05bd98024212e7658fe85fba99424be48417db13039ee55ae359d02fb,,,locally_single_deletion_minimal_sparse_mask,stage18-scaling-24a9adb84176,4,7,9050,614
True,False,2509,469,s4-step9050-f4of5-d1of2,614,2,1,10000,7491,,5,4,True,0.225,40,9,True,valid_distinct_candidate,0.8011590570913932,466,7026,3,0,True,51,fresh_execution,valid_sparse_circuit,2523258975,9665e05fa2cf301781c9ff6376239fcc386da50504a49e055ebdf92803e775ba,,,locally_single_deletion_minimal_sparse_mask,stage18-scaling-24a9adb84176,4,7,9050,614
True,False,2419,474,s4-step9050-f4of5-d1of2,614,2,1,10000,7581,,5,4,True,0.3088235294117647,68,21,True,valid_distinct_candidate,0.8114965933119274,472,7110,4,0,True,45,fresh_execution,valid_sparse_circuit,2909563623,ad6c6ae7a53bb51c9040b4f40e7f6bce7ce5a3b2045331800bb031be205d8f0c,,,locally_single_deletion_minimal_sparse_mask,stage18-scaling-24a9adb84176,4,7,9050,614
True,False,2464,471,s4-step9050-f4of5-d1of2,614,2,1,10000,7536,,5,4,True,0.3333333333333333,3,1,True,valid_distinct_candidate,0.8104785026235414,469,7068,5,0,True,48,fresh_execution,valid_sparse_circuit,2611825716,9bad4c340b721ad152776e12a2c3a35f2b7b512dbbccc94715d954adbb0ee92f,,,locally_single_deletion_minimal_sparse_mask,stage18-scaling-24a9adb84176,4,7,9050,614
True,False,2449,472,s4-step9050-f4of5-d1of2,614,2,1,10000,7551,,5,4,True,0.28169014084507044,71,20,True,valid_distinct_candidate,0.8104785026235414,470,7082,6,0,True,47,fresh_execution,valid_sparse_circuit,667301817,27c637b923784c9e421a97c67e8e3b518c2bd8b4373efc623314488bea446144,,,locally_single_deletion_minimal_sparse_mask,stage18-scaling-24a9adb84176,4,7,9050,614
False,True,0,294,s4-step9050-f4of5-d1of2,614,2,1,4694,4694,,5,4,False,0.13559322033898305,59,8,True,budget_exhaustion,1.0,294,4401,7,0,True,223,fresh_execution,budget_exhaustion,2599262858,9aed9a8a40a8ec2f54ad0211f67698064da4c54f007918ee4ccd739d58fa0588,,,budget_exhausted_inside_candidate_batch,stage18-scaling-24a9adb84176,4,7,9050,614
True,False,2404,475,s4-step9050-f4of5-d3of4,615,4,3,10000,7596,,5,4,True,0.0,1,0,True,valid_distinct_candidate,0.8123580546636385,473,7124,1,0,True,44,fresh_execution,valid_sparse_circuit,,,,,locally_single_deletion_minimal_sparse_mask,stage18-scaling-24a9adb84176,4,7,9050,615
True,False,2449,472,s4-step9050-f4of5-d3of4,615,4,3,10000,7551,,5,4,True,0.18181818181818182,11,2,True,valid_distinct_candidate,0.8104785026235414,470,7082,2,0,True,47,fresh_execution,valid_sparse_circuit,3460151200,ce3db7a05bd98024212e7658fe85fba99424be48417db13039ee55ae359d02fb,,,locally_single_deletion_minimal_sparse_mask,stage18-scaling-24a9adb84176,4,7,9050,615
True,False,2509,469,s4-step9050-f4of5-d3of4,615,4,3,10000,7491,,5,4,True,0.225,40,9,True,valid_distinct_candidate,0.8011590570913932,466,7026,3,0,True,51,fresh_execution,valid_sparse_circuit,2523258975,9665e05fa2cf301781c9ff6376239fcc386da50504a49e055ebdf92803e775ba,,,locally_single_deletion_minimal_sparse_mask,stage18-scaling-24a9adb84176,4,7,9050,615
True,False,2419,474,s4-step9050-f4of5-d3of4,615,4,3,10000,7581,,5,4,True,0.3088235294117647,68,21,True,valid_distinct_candidate,0.8114965933119274,472,7110,4,0,True,45,fresh_execution,valid_sparse_circuit,2909563623,ad6c6ae7a53bb51c9040b4f40e7f6bce7ce5a3b2045331800bb031be205d8f0c,,,locally_single_deletion_minimal_sparse_mask,stage18-scaling-24a9adb84176,4,7,9050,615
True,False,2464,471,s4-step9050-f4of5-d3of4,615,4,3,10000,7536,,5,4,True,0.3333333333333333,3,1,True,valid_distinct_candidate,0.8104785026235414,469,7068,5,0,True,48,fresh_execution,valid_sparse_circuit,2611825716,9bad4c340b721ad152776e12a2c3a35f2b7b512dbbccc94715d954adbb0ee92f,,,locally_single_deletion_minimal_sparse_mask,stage18-scaling-24a9adb84176,4,7,9050,615
True,False,2449,472,s4-step9050-f4of5-d3of4,615,4,3,10000,7551,,5,4,True,0.28169014084507044,71,20,True,valid_distinct_candidate,0.8104785026235414,470,7082,6,0,True,47,fresh_execution,valid_sparse_circuit,667301817,27c637b923784c9e421a97c67e8e3b518c2bd8b4373efc623314488bea446144,,,locally_single_deletion_minimal_sparse_mask,stage18-scaling-24a9adb84176,4,7,9050,615
False,True,0,294,s4-step9050-f4of5-d3of4,615,4,3,4694,4694,,5,4,False,0.13559322033898305,59,8,True,budget_exhaustion,1.0,294,4401,7,0,True,223,fresh_execution,budget_exhaustion,2599262858,9aed9a8a40a8ec2f54ad0211f67698064da4c54f007918ee4ccd739d58fa0588,,,budget_exhausted_inside_candidate_batch,stage18-scaling-24a9adb84176,4,7,9050,615
True,False,2464,471,s4-step9050-f17of20-d1of4,616,4,1,10000,7536,,20,17,True,0.0,1,0,True,valid_distinct_candidate,0.8529250528624012,469,7068,1,0,True,48,fresh_execution,valid_sparse_circuit,,,,,locally_single_deletion_minimal_sparse_mask,stage18-scaling-24a9adb84176,4,7,9050,616
True,False,2479,471,s4-step9050-f17of20-d1of4,616,4,1,10000,7521,,20,17,True,0.19753086419753085,81,16,True,valid_distinct_candidate,0.8522985355157021,468,7054,2,0,True,49,fresh_execution,valid_sparse_circuit,3460151200,ce3db7a05bd98024212e7658fe85fba99424be48417db13039ee55ae359d02fb,,,locally_single_deletion_minimal_sparse_mask,stage18-scaling-24a9adb84176,4,7,9050,616
True,False,2509,469,s4-step9050-f17of20-d1of4,616,4,1,10000,7491,,20,17,True,0.2375,80,19,True,valid_distinct_candidate,0.8577805622993186,466,7026,3,0,True,51,fresh_execution,valid_sparse_circuit,2523258975,9665e05fa2cf301781c9ff6376239fcc386da50504a49e055ebdf92803e775ba,,,locally_single_deletion_minimal_sparse_mask,stage18-scaling-24a9adb84176,4,7,9050,616
False,False,2539,467,s4-step9050-f17of20-d1of4,616,4,1,10000,7461,,20,17,True,0.2625,80,21,True,distinctness_failure,0.8527684235257263,464,6998,4,0,True,53,fresh_execution,valid_sparse_circuit,2909563623,ad6c6ae7a53bb51c9040b4f40e7f6bce7ce5a3b2045331800bb031be205d8f0c,,,locally_single_deletion_minimal_sparse_mask,stage18-scaling-24a9adb84176,4,7,9050,616
False,True,0,159,s4-step9050-f17of20-d1of4,616,4,1,2539,2539,,20,17,False,0.10626702997275204,367,39,False,budget_exhaustion,1.0,159,2381,4,1,True,358,fresh_execution,budget_exhaustion,4046805211,f13558dbace1e46f8d7f9539dfd364e9d85cb7dc42119c8a0b62102cf1104403,,,budget_exhausted_inside_candidate_batch,stage18-scaling-24a9adb84176,4,7,9050,616
True,False,2464,471,s4-step9050-f17of20-d1of2,617,2,1,10000,7536,,20,17,True,0.0,1,0,True,valid_distinct_candidate,0.8529250528624012,469,7068,1,0,True,48,fresh_execution,valid_sparse_circuit,,,,,locally_single_deletion_minimal_sparse_mask,stage18-scaling-24a9adb84176,4,7,9050,617
True,False,2479,471,s4-step9050-f17of20-d1of2,617,2,1,10000,7521,,20,17,True,0.19753086419753085,81,16,True,valid_distinct_candidate,0.8522985355157021,468,7054,2,0,True,49,fresh_execution,valid_sparse_circuit,3460151200,ce3db7a05bd98024212e7658fe85fba99424be48417db13039ee55ae359d02fb,,,locally_single_deletion_minimal_sparse_mask,stage18-scaling-24a9adb84176,4,7,9050,617
True,False,2509,469,s4-step9050-f17of20-d1of2,617,2,1,10000,7491,,20,17,True,0.2375,80,19,True,valid_distinct_candidate,0.8577805622993186,466,7026,3,0,True,51,fresh_execution,valid_sparse_circuit,2523258975,9665e05fa2cf301781c9ff6376239fcc386da50504a49e055ebdf92803e775ba,,,locally_single_deletion_minimal_sparse_mask,stage18-scaling-24a9adb84176,4,7,9050,617
True,False,2539,467,s4-step9050-f17of20-d1of2,617,2,1,10000,7461,,20,17,True,0.2625,80,21,True,valid_distinct_candidate,0.8527684235257263,464,6998,4,0,True,53,fresh_execution,valid_sparse_circuit,2909563623,ad6c6ae7a53bb51c9040b4f40e7f6bce7ce5a3b2045331800bb031be205d8f0c,,,locally_single_deletion_minimal_sparse_mask,stage18-scaling-24a9adb84176,4,7,9050,617
True,False,2479,471,s4-step9050-f17of20-d1of2,617,2,1,10000,7521,,20,17,True,0.1686746987951807,83,14,True,valid_distinct_candidate,0.8523768501840395,468,7054,5,0,True,49,fresh_execution,valid_sparse_circuit,2611825716,9bad4c340b721ad152776e12a2c3a35f2b7b512dbbccc94715d954adbb0ee92f,,,locally_single_deletion_minimal_sparse_mask,stage18-scaling-24a9adb84176,4,7,9050,617
True,False,2539,467,s4-step9050-f17of20-d1of2,617,2,1,10000,7461,,20,17,True,0.23170731707317074,82,19,True,valid_distinct_candidate,0.8555094369175347,464,6998,6,0,True,53,fresh_execution,valid_sparse_circuit,667301817,27c637b923784c9e421a97c67e8e3b518c2bd8b4373efc623314488bea446144,,,locally_single_deletion_minimal_sparse_mask,stage18-scaling-24a9adb84176,4,7,9050,617
False,True,0,314,s4-step9050-f17of20-d1of2,617,2,1,5009,5009,,20,17,False,0.14798206278026907,223,33,True,budget_exhaustion,1.0,314,4696,7,0,True,203,fresh_execution,budget_exhaustion,2599262858,9aed9a8a40a8ec2f54ad0211f67698064da4c54f007918ee4ccd739d58fa0588,,,budget_exhausted_inside_candidate_batch,stage18-scaling-24a9adb84176,4,7,9050,617
True,False,2464,471,s4-step9050-f17of20-d3of4,618,4,3,10000,7536,,20,17,True,0.0,1,0,True,valid_distinct_candidate,0.8529250528624012,469,7068,1,0,True,48,fresh_execution,valid_sparse_circuit,,,,,locally_single_deletion_minimal_sparse_mask,stage18-scaling-24a9adb84176,4,7,9050,618
True,False,2479,471,s4-step9050-f17of20-d3of4,618,4,3,10000,7521,,20,17,True,0.19753086419753085,81,16,True,valid_distinct_candidate,0.8522985355157021,468,7054,2,0,True,49,fresh_execution,valid_sparse_circuit,3460151200,ce3db7a05bd98024212e7658fe85fba99424be48417db13039ee55ae359d02fb,,,locally_single_deletion_minimal_sparse_mask,stage18-scaling-24a9adb84176,4,7,9050,618
True,False,2509,469,s4-step9050-f17of20-d3of4,618,4,3,10000,7491,,20,17,True,0.2375,80,19,True,valid_distinct_candidate,0.8577805622993186,466,7026,3,0,True,51,fresh_execution,valid_sparse_circuit,2523258975,9665e05fa2cf301781c9ff6376239fcc386da50504a49e055ebdf92803e775ba,,,locally_single_deletion_minimal_sparse_mask,stage18-scaling-24a9adb84176,4,7,9050,618
True,False,2539,467,s4-step9050-f17of20-d3of4,618,4,3,10000,7461,,20,17,True,0.2625,80,21,True,valid_distinct_candidate,0.8527684235257263,464,6998,4,0,True,53,fresh_execution,valid_sparse_circuit,2909563623,ad6c6ae7a53bb51c9040b4f40e7f6bce7ce5a3b2045331800bb031be205d8f0c,,,locally_single_deletion_minimal_sparse_mask,stage18-scaling-24a9adb84176,4,7,9050,618
True,False,2479,471,s4-step9050-f17of20-d3of4,618,4,3,10000,7521,,20,17,True,0.1686746987951807,83,14,True,valid_distinct_candidate,0.8523768501840395,468,7054,5,0,True,49,fresh_execution,valid_sparse_circuit,2611825716,9bad4c340b721ad152776e12a2c3a35f2b7b512dbbccc94715d954adbb0ee92f,,,locally_single_deletion_minimal_sparse_mask,stage18-scaling-24a9adb84176,4,7,9050,618
True,False,2539,467,s4-step9050-f17of20-d3of4,618,4,3,10000,7461,,20,17,True,0.23170731707317074,82,19,True,valid_distinct_candidate,0.8555094369175347,464,6998,6,0,True,53,fresh_execution,valid_sparse_circuit,667301817,27c637b923784c9e421a97c67e8e3b518c2bd8b4373efc623314488bea446144,,,locally_single_deletion_minimal_sparse_mask,stage18-scaling-24a9adb84176,4,7,9050,618
False,True,0,314,s4-step9050-f17of20-d3of4,618,4,3,5009,5009,,20,17,False,0.14798206278026907,223,33,True,budget_exhaustion,1.0,314,4696,7,0,True,203,fresh_execution,budget_exhaustion,2599262858,9aed9a8a40a8ec2f54ad0211f67698064da4c54f007918ee4ccd739d58fa0588,,,budget_exhausted_inside_candidate_batch,stage18-scaling-24a9adb84176,4,7,9050,618
True,False,2539,467,s4-step9050-f9of10-d1of4,619,4,1,10000,7461,,10,9,True,0.0,1,0,True,valid_distinct_candidate,0.905709139321795,464,6998,1,0,True,53,fresh_execution,valid_sparse_circuit,,,,,locally_single_deletion_minimal_sparse_mask,stage18-scaling-24a9adb84176,4,7,9050,619
True,False,2539,467,s4-step9050-f9of10-d1of4,619,4,1,10000,7461,,10,9,True,0.16483516483516483,91,15,True,valid_distinct_candidate,0.9020283499099381,464,6998,2,0,True,53,fresh_execution,valid_sparse_circuit,3460151200,ce3db7a05bd98024212e7658fe85fba99424be48417db13039ee55ae359d02fb,,,locally_single_deletion_minimal_sparse_mask,stage18-scaling-24a9adb84176,4,7,9050,619
True,False,2554,466,s4-step9050-f9of10-d1of4,619,4,1,10000,7446,,10,9,True,0.2159090909090909,88,19,True,valid_distinct_candidate,0.9065706006735061,463,6984,3,0,True,54,fresh_execution,valid_sparse_circuit,2523258975,9665e05fa2cf301781c9ff6376239fcc386da50504a49e055ebdf92803e775ba,,,locally_single_deletion_minimal_sparse_mask,stage18-scaling-24a9adb84176,4,7,9050,619
True,False,2569,465,s4-step9050-f9of10-d1of4,619,4,1,10000,7431,,10,9,True,0.2,5,1,True,valid_distinct_candidate,0.9028898112616494,462,6970,4,0,True,55,fresh_execution,valid_sparse_circuit,2909563623,ad6c6ae7a53bb51c9040b4f40e7f6bce7ce5a3b2045331800bb031be205d8f0c,,,locally_single_deletion_minimal_sparse_mask,stage18-scaling-24a9adb84176,4,7,9050,619
True,False,2569,465,s4-step9050-f9of10-d1of4,619,4,1,10000,7431,,10,9,True,0.22727272727272727,22,5,True,valid_distinct_candidate,0.911895998120448,462,6970,5,0,True,55,fresh_execution,valid_sparse_circuit,2611825716,9bad4c340b721ad152776e12a2c3a35f2b7b512dbbccc94715d954adbb0ee92f,,,locally_single_deletion_minimal_sparse_mask,stage18-scaling-24a9adb84176,4,7,9050,619
False,False,2539,467,s4-step9050-f9of10-d1of4,619,4,1,10000,7461,,10,9,True,0.30864197530864196,81,25,True,distinctness_failure,0.9020283499099381,464,6998,6,0,True,53,fresh_execution,valid_sparse_circuit,667301817,27c637b923784c9e421a97c67e8e3b518c2bd8b4373efc623314488bea446144,,,locally_single_deletion_minimal_sparse_mask,stage18-scaling-24a9adb84176,4,7,9050,619
False,True,0,159,s4-step9050-f9of10-d1of4,619,4,1,2539,2539,,10,9,False,0.11989100817438691,367,44,False,budget_exhaustion,1.0,159,2381,6,1,True,358,fresh_execution,budget_exhaustion,3497269777,d0741a11544faedeb801ff9dbee5a100e2e2f744e16b8d7ebc6fb57d58475b7a,,,budget_exhausted_inside_candidate_batch,stage18-scaling-24a9adb84176,4,7,9050,619
True,False,2539,467,s4-step9050-f9of10-d1of2,620,2,1,10000,7461,,10,9,True,0.0,1,0,True,valid_distinct_candidate,0.905709139321795,464,6998,1,0,True,53,fresh_execution,valid_sparse_circuit,,,,,locally_single_deletion_minimal_sparse_mask,stage18-scaling-24a9adb84176,4,7,9050,620
True,False,2539,467,s4-step9050-f9of10-d1of2,620,2,1,10000,7461,,10,9,True,0.16483516483516483,91,15,True,valid_distinct_candidate,0.9020283499099381,464,6998,2,0,True,53,fresh_execution,valid_sparse_circuit,3460151200,ce3db7a05bd98024212e7658fe85fba99424be48417db13039ee55ae359d02fb,,,locally_single_deletion_minimal_sparse_mask,stage18-scaling-24a9adb84176,4,7,9050,620
True,False,2554,466,s4-step9050-f9of10-d1of2,620,2,1,10000,7446,,10,9,True,0.2159090909090909,88,19,True,valid_distinct_candidate,0.9065706006735061,463,6984,3,0,True,54,fresh_execution,valid_sparse_circuit,2523258975,9665e05fa2cf301781c9ff6376239fcc386da50504a49e055ebdf92803e775ba,,,locally_single_deletion_minimal_sparse_mask,stage18-scaling-24a9adb84176,4,7,9050,620
True,False,2569,465,s4-step9050-f9of10-d1of2,620,2,1,10000,7431,,10,9,True,0.2,5,1,True,valid_distinct_candidate,0.9028898112616494,462,6970,4,0,True,55,fresh_execution,valid_sparse_circuit,2909563623,ad6c6ae7a53bb51c9040b4f40e7f6bce7ce5a3b2045331800bb031be205d8f0c,,,locally_single_deletion_minimal_sparse_mask,stage18-scaling-24a9adb84176,4,7,9050,620
True,False,2569,465,s4-step9050-f9of10-d1of2,620,2,1,10000,7431,,10,9,True,0.22727272727272727,22,5,True,valid_distinct_candidate,0.911895998120448,462,6970,5,0,True,55,fresh_execution,valid_sparse_circuit,2611825716,9bad4c340b721ad152776e12a2c3a35f2b7b512dbbccc94715d954adbb0ee92f,,,locally_single_deletion_minimal_sparse_mask,stage18-scaling-24a9adb84176,4,7,9050,620
True,False,2539,467,s4-step9050-f9of10-d1of2,620,2,1,10000,7461,,10,9,True,0.30864197530864196,81,25,True,valid_distinct_candidate,0.9020283499099381,464,6998,6,0,True,53,fresh_execution,valid_sparse_circuit,667301817,27c637b923784c9e421a97c67e8e3b518c2bd8b4373efc623314488bea446144,,,locally_single_deletion_minimal_sparse_mask,stage18-scaling-24a9adb84176,4,7,9050,620
False,True,0,332,s4-step9050-f9of10-d1of2,620,2,1,5309,5309,,10,9,False,0.19,100,19,True,budget_exhaustion,1.0,332,4978,7,0,True,185,fresh_execution,budget_exhaustion,2599262858,9aed9a8a40a8ec2f54ad0211f67698064da4c54f007918ee4ccd739d58fa0588,,,budget_exhausted_inside_candidate_batch,stage18-scaling-24a9adb84176,4,7,9050,620
True,False,2539,467,s4-step9050-f9of10-d3of4,621,4,3,10000,7461,,10,9,True,0.0,1,0,True,valid_distinct_candidate,0.905709139321795,464,6998,1,0,True,53,fresh_execution,valid_sparse_circuit,,,,,locally_single_deletion_minimal_sparse_mask,stage18-scaling-24a9adb84176,4,7,9050,621
True,False,2539,467,s4-step9050-f9of10-d3of4,621,4,3,10000,7461,,10,9,True,0.16483516483516483,91,15,True,valid_distinct_candidate,0.9020283499099381,464,6998,2,0,True,53,fresh_execution,valid_sparse_circuit,3460151200,ce3db7a05bd98024212e7658fe85fba99424be48417db13039ee55ae359d02fb,,,locally_single_deletion_minimal_sparse_mask,stage18-scaling-24a9adb84176,4,7,9050,621
True,False,2554,466,s4-step9050-f9of10-d3of4,621,4,3,10000,7446,,10,9,True,0.2159090909090909,88,19,True,valid_distinct_candidate,0.9065706006735061,463,6984,3,0,True,54,fresh_execution,valid_sparse_circuit,2523258975,9665e05fa2cf301781c9ff6376239fcc386da50504a49e055ebdf92803e775ba,,,locally_single_deletion_minimal_sparse_mask,stage18-scaling-24a9adb84176,4,7,9050,621
True,False,2569,465,s4-step9050-f9of10-d3of4,621,4,3,10000,7431,,10,9,True,0.2,5,1,True,valid_distinct_candidate,0.9028898112616494,462,6970,4,0,True,55,fresh_execution,valid_sparse_circuit,2909563623,ad6c6ae7a53bb51c9040b4f40e7f6bce7ce5a3b2045331800bb031be205d8f0c,,,locally_single_deletion_minimal_sparse_mask,stage18-scaling-24a9adb84176,4,7,9050,621
True,False,2569,465,s4-step9050-f9of10-d3of4,621,4,3,10000,7431,,10,9,True,0.22727272727272727,22,5,True,valid_distinct_candidate,0.911895998120448,462,6970,5,0,True,55,fresh_execution,valid_sparse_circuit,2611825716,9bad4c340b721ad152776e12a2c3a35f2b7b512dbbccc94715d954adbb0ee92f,,,locally_single_deletion_minimal_sparse_mask,stage18-scaling-24a9adb84176,4,7,9050,621
True,False,2539,467,s4-step9050-f9of10-d3of4,621,4,3,10000,7461,,10,9,True,0.30864197530864196,81,25,True,valid_distinct_candidate,0.9020283499099381,464,6998,6,0,True,53,fresh_execution,valid_sparse_circuit,667301817,27c637b923784c9e421a97c67e8e3b518c2bd8b4373efc623314488bea446144,,,locally_single_deletion_minimal_sparse_mask,stage18-scaling-24a9adb84176,4,7,9050,621
False,True,0,332,s4-step9050-f9of10-d3of4,621,4,3,5309,5309,,10,9,False,0.19,100,19,True,budget_exhaustion,1.0,332,4978,7,0,True,185,fresh_execution,budget_exhaustion,2599262858,9aed9a8a40a8ec2f54ad0211f67698064da4c54f007918ee4ccd739d58fa0588,,,budget_exhausted_inside_candidate_batch,stage18-scaling-24a9adb84176,4,7,9050,621
True,False,2689,457,s4-step9050-f19of20-d1of4,622,4,1,10000,7311,,20,19,True,0.0,1,0,True,valid_distinct_candidate,0.9523063669825358,454,6858,1,0,True,63,fresh_execution,valid_sparse_circuit,,,,,locally_single_deletion_minimal_sparse_mask,stage18-scaling-24a9adb84176,4,7,9050,622
True,False,2644,460,s4-step9050-f19of20-d1of4,622,4,1,10000,7356,,20,19,True,0.06956521739130435,115,8,True,valid_distinct_candidate,0.9580233377711646,457,6900,2,0,True,60,fresh_execution,valid_sparse_circuit,3460151200,ce3db7a05bd98024212e7658fe85fba99424be48417db13039ee55ae359d02fb,,,locally_single_deletion_minimal_sparse_mask,stage18-scaling-24a9adb84176,4,7,9050,622
True,False,2659,459,s4-step9050-f19of20-d1of4,622,4,1,10000,7341,,20,19,True,0.14814814814814814,27,4,True,valid_distinct_candidate,0.9523846816508732,456,6886,3,0,True,61,fresh_execution,valid_sparse_circuit,2523258975,9665e05fa2cf301781c9ff6376239fcc386da50504a49e055ebdf92803e775ba,,,locally_single_deletion_minimal_sparse_mask,stage18-scaling-24a9adb84176,4,7,9050,622
True,False,2748,454,s4-step9050-f19of20-d1of4,622,4,1,10000,7252,,20,19,True,0.14912280701754385,114,17,True,valid_distinct_candidate,0.9514449056308246,449,6804,4,0,True,68,fresh_execution,valid_sparse_circuit,2909563623,ad6c6ae7a53bb51c9040b4f40e7f6bce7ce5a3b2045331800bb031be205d8f0c,,,locally_single_deletion_minimal_sparse_mask,stage18-scaling-24a9adb84176,4,7,9050,622
True,False,2734,455,s4-step9050-f19of20-d1of4,622,4,1,10000,7266,,20,19,True,0.2403846153846154,104,25,True,valid_distinct_candidate,0.9595113164695748,451,6816,5,0,True,66,fresh_execution,valid_sparse_circuit,2611825716,9bad4c340b721ad152776e12a2c3a35f2b7b512dbbccc94715d954adbb0ee92f,,,locally_single_deletion_minimal_sparse_mask,stage18-scaling-24a9adb84176,4,7,9050,622
True,False,2689,457,s4-step9050-f19of20-d1of4,622,4,1,10000,7311,,20,19,True,0.21153846153846154,52,11,True,valid_distinct_candidate,0.9534810870075965,454,6858,6,0,True,63,fresh_execution,valid_sparse_circuit,667301817,27c637b923784c9e421a97c67e8e3b518c2bd8b4373efc623314488bea446144,,,locally_single_deletion_minimal_sparse_mask,stage18-scaling-24a9adb84176,4,7,9050,622
False,True,0,386,s4-step9050-f19of20-d1of4,622,4,1,6163,6163,,20,19,False,0.2356687898089172,157,37,True,budget_exhaustion,1.0,386,5778,7,0,True,131,fresh_execution,budget_exhaustion,2599262858,9aed9a8a40a8ec2f54ad0211f67698064da4c54f007918ee4ccd739d58fa0588,,,budget_exhausted_inside_candidate_batch,stage18-scaling-24a9adb84176,4,7,9050,622
True,False,2689,457,s4-step9050-f19of20-d1of2,623,2,1,10000,7311,,20,19,True,0.0,1,0,True,valid_distinct_candidate,0.9523063669825358,454,6858,1,0,True,63,fresh_execution,valid_sparse_circuit,,,,,locally_single_deletion_minimal_sparse_mask,stage18-scaling-24a9adb84176,4,7,9050,623
True,False,2644,460,s4-step9050-f19of20-d1of2,623,2,1,10000,7356,,20,19,True,0.06956521739130435,115,8,True,valid_distinct_candidate,0.9580233377711646,457,6900,2,0,True,60,fresh_execution,valid_sparse_circuit,3460151200,ce3db7a05bd98024212e7658fe85fba99424be48417db13039ee55ae359d02fb,,,locally_single_deletion_minimal_sparse_mask,stage18-scaling-24a9adb84176,4,7,9050,623
True,False,2659,459,s4-step9050-f19of20-d1of2,623,2,1,10000,7341,,20,19,True,0.14814814814814814,27,4,True,valid_distinct_candidate,0.9523846816508732,456,6886,3,0,True,61,fresh_execution,valid_sparse_circuit,2523258975,9665e05fa2cf301781c9ff6376239fcc386da50504a49e055ebdf92803e775ba,,,locally_single_deletion_minimal_sparse_mask,stage18-scaling-24a9adb84176,4,7,9050,623
True,False,2748,454,s4-step9050-f19of20-d1of2,623,2,1,10000,7252,,20,19,True,0.14912280701754385,114,17,True,valid_distinct_candidate,0.9514449056308246,449,6804,4,0,True,68,fresh_execution,valid_sparse_circuit,2909563623,ad6c6ae7a53bb51c9040b4f40e7f6bce7ce5a3b2045331800bb031be205d8f0c,,,locally_single_deletion_minimal_sparse_mask,stage18-scaling-24a9adb84176,4,7,9050,623
True,False,2734,455,s4-step9050-f19of20-d1of2,623,2,1,10000,7266,,20,19,True,0.2403846153846154,104,25,True,valid_distinct_candidate,0.9595113164695748,451,6816,5,0,True,66,fresh_execution,valid_sparse_circuit,2611825716,9bad4c340b721ad152776e12a2c3a35f2b7b512dbbccc94715d954adbb0ee92f,,,locally_single_deletion_minimal_sparse_mask,stage18-scaling-24a9adb84176,4,7,9050,623
True,False,2689,457,s4-step9050-f19of20-d1of2,623,2,1,10000,7311,,20,19,True,0.21153846153846154,52,11,True,valid_distinct_candidate,0.9534810870075965,454,6858,6,0,True,63,fresh_execution,valid_sparse_circuit,667301817,27c637b923784c9e421a97c67e8e3b518c2bd8b4373efc623314488bea446144,,,locally_single_deletion_minimal_sparse_mask,stage18-scaling-24a9adb84176,4,7,9050,623
False,True,0,386,s4-step9050-f19of20-d1of2,623,2,1,6163,6163,,20,19,False,0.2356687898089172,157,37,True,budget_exhaustion,1.0,386,5778,7,0,True,131,fresh_execution,budget_exhaustion,2599262858,9aed9a8a40a8ec2f54ad0211f67698064da4c54f007918ee4ccd739d58fa0588,,,budget_exhausted_inside_candidate_batch,stage18-scaling-24a9adb84176,4,7,9050,623
True,False,2689,457,s4-step9050-f19of20-d3of4,624,4,3,10000,7311,,20,19,True,0.0,1,0,True,valid_distinct_candidate,0.9523063669825358,454,6858,1,0,True,63,fresh_execution,valid_sparse_circuit,,,,,locally_single_deletion_minimal_sparse_mask,stage18-scaling-24a9adb84176,4,7,9050,624
True,False,2644,460,s4-step9050-f19of20-d3of4,624,4,3,10000,7356,,20,19,True,0.06956521739130435,115,8,True,valid_distinct_candidate,0.9580233377711646,457,6900,2,0,True,60,fresh_execution,valid_sparse_circuit,3460151200,ce3db7a05bd98024212e7658fe85fba99424be48417db13039ee55ae359d02fb,,,locally_single_deletion_minimal_sparse_mask,stage18-scaling-24a9adb84176,4,7,9050,624
True,False,2659,459,s4-step9050-f19of20-d3of4,624,4,3,10000,7341,,20,19,True,0.14814814814814814,27,4,True,valid_distinct_candidate,0.9523846816508732,456,6886,3,0,True,61,fresh_execution,valid_sparse_circuit,2523258975,9665e05fa2cf301781c9ff6376239fcc386da50504a49e055ebdf92803e775ba,,,locally_single_deletion_minimal_sparse_mask,stage18-scaling-24a9adb84176,4,7,9050,624
True,False,2748,454,s4-step9050-f19of20-d3of4,624,4,3,10000,7252,,20,19,True,0.14912280701754385,114,17,True,valid_distinct_candidate,0.9514449056308246,449,6804,4,0,True,68,fresh_execution,valid_sparse_circuit,2909563623,ad6c6ae7a53bb51c9040b4f40e7f6bce7ce5a3b2045331800bb031be205d8f0c,,,locally_single_deletion_minimal_sparse_mask,stage18-scaling-24a9adb84176,4,7,9050,624
True,False,2734,455,s4-step9050-f19of20-d3of4,624,4,3,10000,7266,,20,19,True,0.2403846153846154,104,25,True,valid_distinct_candidate,0.9595113164695748,451,6816,5,0,True,66,fresh_execution,valid_sparse_circuit,2611825716,9bad4c340b721ad152776e12a2c3a35f2b7b512dbbccc94715d954adbb0ee92f,,,locally_single_deletion_minimal_sparse_mask,stage18-scaling-24a9adb84176,4,7,9050,624
True,False,2689,457,s4-step9050-f19of20-d3of4,624,4,3,10000,7311,,20,19,True,0.21153846153846154,52,11,True,valid_distinct_candidate,0.9534810870075965,454,6858,6,0,True,63,fresh_execution,valid_sparse_circuit,667301817,27c637b923784c9e421a97c67e8e3b518c2bd8b4373efc623314488bea446144,,,locally_single_deletion_minimal_sparse_mask,stage18-scaling-24a9adb84176,4,7,9050,624
False,True,0,386,s4-step9050-f19of20-d3of4,624,4,3,6163,6163,,20,19,False,0.2356687898089172,157,37,True,budget_exhaustion,1.0,386,5778,7,0,True,131,fresh_execution,budget_exhaustion,2599262858,9aed9a8a40a8ec2f54ad0211f67698064da4c54f007918ee4ccd739d58fa0588,,,budget_exhausted_inside_candidate_batch,stage18-scaling-24a9adb84176,4,7,9050,624
True,False,2779,452,s4-step9050-f39of40-d1of4,625,4,1,10000,7221,,40,39,True,0.0,1,0,True,valid_distinct_candidate,0.976270655493774,448,6774,1,0,True,69,fresh_execution,valid_sparse_circuit,,,,,locally_single_deletion_minimal_sparse_mask,stage18-scaling-24a9adb84176,4,7,9050,625
True,False,2749,454,s4-step9050-f39of40-d1of4,625,4,1,10000,7251,,40,39,True,0.07936507936507936,63,5,True,valid_distinct_candidate,0.9759573968204245,450,6802,2,0,True,67,fresh_execution,valid_sparse_circuit,3460151200,ce3db7a05bd98024212e7658fe85fba99424be48417db13039ee55ae359d02fb,,,locally_single_deletion_minimal_sparse_mask,stage18-scaling-24a9adb84176,4,7,9050,625
True,False,2747,454,s4-step9050-f39of40-d1of4,625,4,1,10000,7253,,40,39,True,0.14285714285714285,7,1,True,valid_distinct_candidate,0.975644138147075,448,6806,3,0,True,69,fresh_execution,valid_sparse_circuit,2523258975,9665e05fa2cf301781c9ff6376239fcc386da50504a49e055ebdf92803e775ba,,,locally_single_deletion_minimal_sparse_mask,stage18-scaling-24a9adb84176,4,7,9050,625
True,False,2748,454,s4-step9050-f39of40-d1of4,625,4,1,10000,7252,,40,39,True,0.19130434782608696,115,22,True,valid_distinct_candidate,0.9758007674837497,449,6804,4,0,True,68,fresh_execution,valid_sparse_circuit,2909563623,ad6c6ae7a53bb51c9040b4f40e7f6bce7ce5a3b2045331800bb031be205d8f0c,,,locally_single_deletion_minimal_sparse_mask,stage18-scaling-24a9adb84176,4,7,9050,625
True,False,2718,456,s4-step9050-f39of40-d1of4,625,4,1,10000,7282,,40,39,True,0.20535714285714285,112,23,True,valid_distinct_candidate,0.9780718928655338,451,6832,5,0,True,66,fresh_execution,valid_sparse_circuit,2611825716,9bad4c340b721ad152776e12a2c3a35f2b7b512dbbccc94715d954adbb0ee92f,,,locally_single_deletion_minimal_sparse_mask,stage18-scaling-24a9adb84176,4,7,9050,625
True,False,2809,450,s4-step9050-f39of40-d1of4,625,4,1,10000,7191,,40,39,True,0.23893805309734514,113,27,True,valid_distinct_candidate,0.9758790821520871,446,6746,6,0,True,71,fresh_execution,valid_sparse_circuit,667301817,27c637b923784c9e421a97c67e8e3b518c2bd8b4373efc623314488bea446144,,,locally_single_deletion_minimal_sparse_mask,stage18-scaling-24a9adb84176,4,7,9050,625
False,True,0,410,s4-step9050-f39of40-d1of4,625,4,1,6550,6550,,40,39,False,0.24822695035460993,141,35,True,budget_exhaustion,0.9996084266583131,410,6141,7,0,True,107,fresh_execution,budget_exhaustion,2599262858,9aed9a8a40a8ec2f54ad0211f67698064da4c54f007918ee4ccd739d58fa0588,,,budget_exhausted_inside_candidate_batch,stage18-scaling-24a9adb84176,4,7,9050,625
True,False,2779,452,s4-step9050-f39of40-d1of2,626,2,1,10000,7221,,40,39,True,0.0,1,0,True,valid_distinct_candidate,0.976270655493774,448,6774,1,0,True,69,fresh_execution,valid_sparse_circuit,,,,,locally_single_deletion_minimal_sparse_mask,stage18-scaling-24a9adb84176,4,7,9050,626
True,False,2749,454,s4-step9050-f39of40-d1of2,626,2,1,10000,7251,,40,39,True,0.07936507936507936,63,5,True,valid_distinct_candidate,0.9759573968204245,450,6802,2,0,True,67,fresh_execution,valid_sparse_circuit,3460151200,ce3db7a05bd98024212e7658fe85fba99424be48417db13039ee55ae359d02fb,,,locally_single_deletion_minimal_sparse_mask,stage18-scaling-24a9adb84176,4,7,9050,626
True,False,2747,454,s4-step9050-f39of40-d1of2,626,2,1,10000,7253,,40,39,True,0.14285714285714285,7,1,True,valid_distinct_candidate,0.975644138147075,448,6806,3,0,True,69,fresh_execution,valid_sparse_circuit,2523258975,9665e05fa2cf301781c9ff6376239fcc386da50504a49e055ebdf92803e775ba,,,locally_single_deletion_minimal_sparse_mask,stage18-scaling-24a9adb84176,4,7,9050,626
True,False,2748,454,s4-step9050-f39of40-d1of2,626,2,1,10000,7252,,40,39,True,0.19130434782608696,115,22,True,valid_distinct_candidate,0.9758007674837497,449,6804,4,0,True,68,fresh_execution,valid_sparse_circuit,2909563623,ad6c6ae7a53bb51c9040b4f40e7f6bce7ce5a3b2045331800bb031be205d8f0c,,,locally_single_deletion_minimal_sparse_mask,stage18-scaling-24a9adb84176,4,7,9050,626
True,False,2718,456,s4-step9050-f39of40-d1of2,626,2,1,10000,7282,,40,39,True,0.20535714285714285,112,23,True,valid_distinct_candidate,0.9780718928655338,451,6832,5,0,True,66,fresh_execution,valid_sparse_circuit,2611825716,9bad4c340b721ad152776e12a2c3a35f2b7b512dbbccc94715d954adbb0ee92f,,,locally_single_deletion_minimal_sparse_mask,stage18-scaling-24a9adb84176,4,7,9050,626
True,False,2809,450,s4-step9050-f39of40-d1of2,626,2,1,10000,7191,,40,39,True,0.23893805309734514,113,27,True,valid_distinct_candidate,0.9758790821520871,446,6746,6,0,True,71,fresh_execution,valid_sparse_circuit,667301817,27c637b923784c9e421a97c67e8e3b518c2bd8b4373efc623314488bea446144,,,locally_single_deletion_minimal_sparse_mask,stage18-scaling-24a9adb84176,4,7,9050,626
False,True,0,410,s4-step9050-f39of40-d1of2,626,2,1,6550,6550,,40,39,False,0.24822695035460993,141,35,True,budget_exhaustion,0.9996084266583131,410,6141,7,0,True,107,fresh_execution,budget_exhaustion,2599262858,9aed9a8a40a8ec2f54ad0211f67698064da4c54f007918ee4ccd739d58fa0588,,,budget_exhausted_inside_candidate_batch,stage18-scaling-24a9adb84176,4,7,9050,626
True,False,2779,452,s4-step9050-f39of40-d3of4,627,4,3,10000,7221,,40,39,True,0.0,1,0,True,valid_distinct_candidate,0.976270655493774,448,6774,1,0,True,69,fresh_execution,valid_sparse_circuit,,,,,locally_single_deletion_minimal_sparse_mask,stage18-scaling-24a9adb84176,4,7,9050,627
True,False,2749,454,s4-step9050-f39of40-d3of4,627,4,3,10000,7251,,40,39,True,0.07936507936507936,63,5,True,valid_distinct_candidate,0.9759573968204245,450,6802,2,0,True,67,fresh_execution,valid_sparse_circuit,3460151200,ce3db7a05bd98024212e7658fe85fba99424be48417db13039ee55ae359d02fb,,,locally_single_deletion_minimal_sparse_mask,stage18-scaling-24a9adb84176,4,7,9050,627
True,False,2747,454,s4-step9050-f39of40-d3of4,627,4,3,10000,7253,,40,39,True,0.14285714285714285,7,1,True,valid_distinct_candidate,0.975644138147075,448,6806,3,0,True,69,fresh_execution,valid_sparse_circuit,2523258975,9665e05fa2cf301781c9ff6376239fcc386da50504a49e055ebdf92803e775ba,,,locally_single_deletion_minimal_sparse_mask,stage18-scaling-24a9adb84176,4,7,9050,627
True,False,2748,454,s4-step9050-f39of40-d3of4,627,4,3,10000,7252,,40,39,True,0.19130434782608696,115,22,True,valid_distinct_candidate,0.9758007674837497,449,6804,4,0,True,68,fresh_execution,valid_sparse_circuit,2909563623,ad6c6ae7a53bb51c9040b4f40e7f6bce7ce5a3b2045331800bb031be205d8f0c,,,locally_single_deletion_minimal_sparse_mask,stage18-scaling-24a9adb84176,4,7,9050,627
True,False,2718,456,s4-step9050-f39of40-d3of4,627,4,3,10000,7282,,40,39,True,0.20535714285714285,112,23,True,valid_distinct_candidate,0.9780718928655338,451,6832,5,0,True,66,fresh_execution,valid_sparse_circuit,2611825716,9bad4c340b721ad152776e12a2c3a35f2b7b512dbbccc94715d954adbb0ee92f,,,locally_single_deletion_minimal_sparse_mask,stage18-scaling-24a9adb84176,4,7,9050,627
True,False,2809,450,s4-step9050-f39of40-d3of4,627,4,3,10000,7191,,40,39,True,0.23893805309734514,113,27,True,valid_distinct_candidate,0.9758790821520871,446,6746,6,0,True,71,fresh_execution,valid_sparse_circuit,667301817,27c637b923784c9e421a97c67e8e3b518c2bd8b4373efc623314488bea446144,,,locally_single_deletion_minimal_sparse_mask,stage18-scaling-24a9adb84176,4,7,9050,627
False,True,0,410,s4-step9050-f39of40-d3of4,627,4,3,6550,6550,,40,39,False,0.24822695035460993,141,35,True,budget_exhaustion,0.9996084266583131,410,6141,7,0,True,107,fresh_execution,budget_exhaustion,2599262858,9aed9a8a40a8ec2f54ad0211f67698064da4c54f007918ee4ccd739d58fa0588,,,budget_exhausted_inside_candidate_batch,stage18-scaling-24a9adb84176,4,7,9050,627
True,False,2854,447,s4-step9050-f99of100-d1of4,628,4,1,10000,7146,,100,99,True,0.0,1,0,True,valid_distinct_candidate,0.9902106664578275,443,6704,1,0,True,74,fresh_execution,valid_sparse_circuit,,,,,locally_single_deletion_minimal_sparse_mask,stage18-scaling-24a9adb84176,4,7,9050,628
True,False,2928,442,s4-step9050-f99of100-d1of4,628,4,1,10000,7072,,100,99,True,0.08450704225352113,71,6,True,valid_distinct_candidate,0.9906805544678519,437,6636,2,0,True,80,fresh_execution,valid_sparse_circuit,3460151200,ce3db7a05bd98024212e7658fe85fba99424be48417db13039ee55ae359d02fb,,,locally_single_deletion_minimal_sparse_mask,stage18-scaling-24a9adb84176,4,7,9050,628
True,False,2944,441,s4-step9050-f99of100-d1of4,628,4,1,10000,7056,,100,99,True,0.15789473684210525,19,3,True,valid_distinct_candidate,0.9902889811261649,437,6620,3,0,True,80,fresh_execution,valid_sparse_circuit,2523258975,9665e05fa2cf301781c9ff6376239fcc386da50504a49e055ebdf92803e775ba,,,locally_single_deletion_minimal_sparse_mask,stage18-scaling-24a9adb84176,4,7,9050,628
True,False,2928,442,s4-step9050-f99of100-d1of4,628,4,1,10000,7072,,100,99,True,0.16666666666666666,6,1,True,valid_distinct_candidate,0.9913853864828882,437,6636,4,0,True,80,fresh_execution,valid_sparse_circuit,2909563623,ad6c6ae7a53bb51c9040b4f40e7f6bce7ce5a3b2045331800bb031be205d8f0c,,,locally_single_deletion_minimal_sparse_mask,stage18-scaling-24a9adb84176,4,7,9050,628
True,False,2883,445,s4-step9050-f99of100-d1of4,628,4,1,10000,7117,,100,99,True,0.17054263565891473,129,22,True,valid_distinct_candidate,0.9908371838045266,440,6678,5,0,True,77,fresh_execution,valid_sparse_circuit,2611825716,9bad4c340b721ad152776e12a2c3a35f2b7b512dbbccc94715d954adbb0ee92f,,,locally_single_deletion_minimal_sparse_mask,stage18-scaling-24a9adb84176,4,7,9050,628
True,False,2958,441,s4-step9050-f99of100-d1of4,628,4,1,10000,7042,,100,99,True,0.2,5,1,True,valid_distinct_candidate,0.9900540371211528,435,6608,6,0,True,82,fresh_execution,valid_sparse_circuit,667301817,27c637b923784c9e421a97c67e8e3b518c2bd8b4373efc623314488bea446144,,,locally_single_deletion_minimal_sparse_mask,stage18-scaling-24a9adb84176,4,7,9050,628
True,False,424,442,s4-step9050-f99of100-d1of4,628,4,1,7495,7071,,100,99,True,0.23387096774193547,124,29,True,valid_distinct_candidate,0.9909938131412014,438,6634,7,0,True,79,fresh_execution,valid_sparse_circuit,2599262858,9aed9a8a40a8ec2f54ad0211f67698064da4c54f007918ee4ccd739d58fa0588,,,locally_single_deletion_minimal_sparse_mask,stage18-scaling-24a9adb84176,4,7,9050,628
False,True,0,27,s4-step9050-f99of100-d1of4,628,4,1,424,424,,100,99,False,0.16326530612244897,49,8,False,budget_exhaustion,1.0,27,398,8,0,True,490,fresh_execution,budget_exhaustion,3325393659,c6357afbe3f2dd5f5574d0a4ebfa2e8ad512141bf9d119d66899a02136dc9f37,,,budget_exhausted_inside_candidate_batch,stage18-scaling-24a9adb84176,4,7,9050,628
True,False,2854,447,s4-step9050-f99of100-d1of2,629,2,1,10000,7146,,100,99,True,0.0,1,0,True,valid_distinct_candidate,0.9902106664578275,443,6704,1,0,True,74,fresh_execution,valid_sparse_circuit,,,,,locally_single_deletion_minimal_sparse_mask,stage18-scaling-24a9adb84176,4,7,9050,629
True,False,2928,442,s4-step9050-f99of100-d1of2,629,2,1,10000,7072,,100,99,True,0.08450704225352113,71,6,True,valid_distinct_candidate,0.9906805544678519,437,6636,2,0,True,80,fresh_execution,valid_sparse_circuit,3460151200,ce3db7a05bd98024212e7658fe85fba99424be48417db13039ee55ae359d02fb,,,locally_single_deletion_minimal_sparse_mask,stage18-scaling-24a9adb84176,4,7,9050,629
True,False,2944,441,s4-step9050-f99of100-d1of2,629,2,1,10000,7056,,100,99,True,0.15789473684210525,19,3,True,valid_distinct_candidate,0.9902889811261649,437,6620,3,0,True,80,fresh_execution,valid_sparse_circuit,2523258975,9665e05fa2cf301781c9ff6376239fcc386da50504a49e055ebdf92803e775ba,,,locally_single_deletion_minimal_sparse_mask,stage18-scaling-24a9adb84176,4,7,9050,629
True,False,2928,442,s4-step9050-f99of100-d1of2,629,2,1,10000,7072,,100,99,True,0.16666666666666666,6,1,True,valid_distinct_candidate,0.9913853864828882,437,6636,4,0,True,80,fresh_execution,valid_sparse_circuit,2909563623,ad6c6ae7a53bb51c9040b4f40e7f6bce7ce5a3b2045331800bb031be205d8f0c,,,locally_single_deletion_minimal_sparse_mask,stage18-scaling-24a9adb84176,4,7,9050,629
True,False,2883,445,s4-step9050-f99of100-d1of2,629,2,1,10000,7117,,100,99,True,0.17054263565891473,129,22,True,valid_distinct_candidate,0.9908371838045266,440,6678,5,0,True,77,fresh_execution,valid_sparse_circuit,2611825716,9bad4c340b721ad152776e12a2c3a35f2b7b512dbbccc94715d954adbb0ee92f,,,locally_single_deletion_minimal_sparse_mask,stage18-scaling-24a9adb84176,4,7,9050,629
True,False,2958,441,s4-step9050-f99of100-d1of2,629,2,1,10000,7042,,100,99,True,0.2,5,1,True,valid_distinct_candidate,0.9900540371211528,435,6608,6,0,True,82,fresh_execution,valid_sparse_circuit,667301817,27c637b923784c9e421a97c67e8e3b518c2bd8b4373efc623314488bea446144,,,locally_single_deletion_minimal_sparse_mask,stage18-scaling-24a9adb84176,4,7,9050,629
True,False,424,442,s4-step9050-f99of100-d1of2,629,2,1,7495,7071,,100,99,True,0.23387096774193547,124,29,True,valid_distinct_candidate,0.9909938131412014,438,6634,7,0,True,79,fresh_execution,valid_sparse_circuit,2599262858,9aed9a8a40a8ec2f54ad0211f67698064da4c54f007918ee4ccd739d58fa0588,,,locally_single_deletion_minimal_sparse_mask,stage18-scaling-24a9adb84176,4,7,9050,629
False,True,0,27,s4-step9050-f99of100-d1of2,629,2,1,424,424,,100,99,False,0.16326530612244897,49,8,False,budget_exhaustion,1.0,27,398,8,0,True,490,fresh_execution,budget_exhaustion,3325393659,c6357afbe3f2dd5f5574d0a4ebfa2e8ad512141bf9d119d66899a02136dc9f37,,,budget_exhausted_inside_candidate_batch,stage18-scaling-24a9adb84176,4,7,9050,629
True,False,2854,447,s4-step9050-f99of100-d3of4,630,4,3,10000,7146,,100,99,True,0.0,1,0,True,valid_distinct_candidate,0.9902106664578275,443,6704,1,0,True,74,fresh_execution,valid_sparse_circuit,,,,,locally_single_deletion_minimal_sparse_mask,stage18-scaling-24a9adb84176,4,7,9050,630
True,False,2928,442,s4-step9050-f99of100-d3of4,630,4,3,10000,7072,,100,99,True,0.08450704225352113,71,6,True,valid_distinct_candidate,0.9906805544678519,437,6636,2,0,True,80,fresh_execution,valid_sparse_circuit,3460151200,ce3db7a05bd98024212e7658fe85fba99424be48417db13039ee55ae359d02fb,,,locally_single_deletion_minimal_sparse_mask,stage18-scaling-24a9adb84176,4,7,9050,630
True,False,2944,441,s4-step9050-f99of100-d3of4,630,4,3,10000,7056,,100,99,True,0.15789473684210525,19,3,True,valid_distinct_candidate,0.9902889811261649,437,6620,3,0,True,80,fresh_execution,valid_sparse_circuit,2523258975,9665e05fa2cf301781c9ff6376239fcc386da50504a49e055ebdf92803e775ba,,,locally_single_deletion_minimal_sparse_mask,stage18-scaling-24a9adb84176,4,7,9050,630
True,False,2928,442,s4-step9050-f99of100-d3of4,630,4,3,10000,7072,,100,99,True,0.16666666666666666,6,1,True,valid_distinct_candidate,0.9913853864828882,437,6636,4,0,True,80,fresh_execution,valid_sparse_circuit,2909563623,ad6c6ae7a53bb51c9040b4f40e7f6bce7ce5a3b2045331800bb031be205d8f0c,,,locally_single_deletion_minimal_sparse_mask,stage18-scaling-24a9adb84176,4,7,9050,630
True,False,2883,445,s4-step9050-f99of100-d3of4,630,4,3,10000,7117,,100,99,True,0.17054263565891473,129,22,True,valid_distinct_candidate,0.9908371838045266,440,6678,5,0,True,77,fresh_execution,valid_sparse_circuit,2611825716,9bad4c340b721ad152776e12a2c3a35f2b7b512dbbccc94715d954adbb0ee92f,,,locally_single_deletion_minimal_sparse_mask,stage18-scaling-24a9adb84176,4,7,9050,630
True,False,2958,441,s4-step9050-f99of100-d3of4,630,4,3,10000,7042,,100,99,True,0.2,5,1,True,valid_distinct_candidate,0.9900540371211528,435,6608,6,0,True,82,fresh_execution,valid_sparse_circuit,667301817,27c637b923784c9e421a97c67e8e3b518c2bd8b4373efc623314488bea446144,,,locally_single_deletion_minimal_sparse_mask,stage18-scaling-24a9adb84176,4,7,9050,630
True,False,424,442,s4-step9050-f99of100-d3of4,630,4,3,7495,7071,,100,99,True,0.23387096774193547,124,29,True,valid_distinct_candidate,0.9909938131412014,438,6634,7,0,True,79,fresh_execution,valid_sparse_circuit,2599262858,9aed9a8a40a8ec2f54ad0211f67698064da4c54f007918ee4ccd739d58fa0588,,,locally_single_deletion_minimal_sparse_mask,stage18-scaling-24a9adb84176,4,7,9050,630
False,True,0,27,s4-step9050-f99of100-d3of4,630,4,3,424,424,,100,99,False,0.16326530612244897,49,8,False,budget_exhaustion,1.0,27,398,8,0,True,490,fresh_execution,budget_exhaustion,3325393659,c6357afbe3f2dd5f5574d0a4ebfa2e8ad512141bf9d119d66899a02136dc9f37,,,budget_exhausted_inside_candidate_batch,stage18-scaling-24a9adb84176,4,7,9050,630
