stage18_run_id,global_cell_index,cell_id,model_seed,checkpoint_index,checkpoint_step,displayed_fidelity,displayed_jaccard_cutoff,primary_cell,status,stopping_reason,family_size,eligible_for_matched_comparison,comparison_type,source_condition,target_condition,missing_side,exact_reason,source_family_empty,target_family_empty,no_valid_match_exists,metric_undefined,excluded_from_matched_effect,remains_in_primary_family_size_analysis,outcome_type,unavailable_control,undefined_metrics,handling
stage18-scaling-24a9adb84176,1,s0-step200-f4of5-d1of4,0,1,200,0.800,0.25,False,sparsity_failure,requested_member_1_sparsity_failure,0,False,not_applicable_cell_outcome,s0-step200-f4of5-d1of4,,executed_cell_family,requested_member_1_sparsity_failure,True,,,True,True,True,executed_empty_family,False,median_circuit_size;median_pairwise_overlap;transfer_group_count;matched_fidelity;matched_sparsity,reported_as_empty_not_imputed
stage18-scaling-24a9adb84176,2,s0-step200-f4of5-d1of2,0,1,200,0.800,0.50,False,sparsity_failure,requested_member_1_sparsity_failure,0,False,not_applicable_cell_outcome,s0-step200-f4of5-d1of2,,executed_cell_family,requested_member_1_sparsity_failure,True,,,True,True,True,executed_empty_family,False,median_circuit_size;median_pairwise_overlap;transfer_group_count;matched_fidelity;matched_sparsity,reported_as_empty_not_imputed
stage18-scaling-24a9adb84176,3,s0-step200-f4of5-d3of4,0,1,200,0.800,0.75,False,sparsity_failure,requested_member_1_sparsity_failure,0,False,not_applicable_cell_outcome,s0-step200-f4of5-d3of4,,executed_cell_family,requested_member_1_sparsity_failure,True,,,True,True,True,executed_empty_family,False,median_circuit_size;median_pairwise_overlap;transfer_group_count;matched_fidelity;matched_sparsity,reported_as_empty_not_imputed
stage18-scaling-24a9adb84176,4,s0-step200-f17of20-d1of4,0,1,200,0.850,0.25,False,sparsity_failure,requested_member_1_sparsity_failure,0,False,not_applicable_cell_outcome,s0-step200-f17of20-d1of4,,executed_cell_family,requested_member_1_sparsity_failure,True,,,True,True,True,executed_empty_family,False,median_circuit_size;median_pairwise_overlap;transfer_group_count;matched_fidelity;matched_sparsity,reported_as_empty_not_imputed
stage18-scaling-24a9adb84176,5,s0-step200-f17of20-d1of2,0,1,200,0.850,0.50,False,sparsity_failure,requested_member_1_sparsity_failure,0,False,not_applicable_cell_outcome,s0-step200-f17of20-d1of2,,executed_cell_family,requested_member_1_sparsity_failure,True,,,True,True,True,executed_empty_family,False,median_circuit_size;median_pairwise_overlap;transfer_group_count;matched_fidelity;matched_sparsity,reported_as_empty_not_imputed
stage18-scaling-24a9adb84176,6,s0-step200-f17of20-d3of4,0,1,200,0.850,0.75,False,sparsity_failure,requested_member_1_sparsity_failure,0,False,not_applicable_cell_outcome,s0-step200-f17of20-d3of4,,executed_cell_family,requested_member_1_sparsity_failure,True,,,True,True,True,executed_empty_family,False,median_circuit_size;median_pairwise_overlap;transfer_group_count;matched_fidelity;matched_sparsity,reported_as_empty_not_imputed
stage18-scaling-24a9adb84176,7,s0-step200-f9of10-d1of4,0,1,200,0.900,0.25,False,sparsity_failure,requested_member_1_sparsity_failure,0,False,not_applicable_cell_outcome,s0-step200-f9of10-d1of4,,executed_cell_family,requested_member_1_sparsity_failure,True,,,True,True,True,executed_empty_family,False,median_circuit_size;median_pairwise_overlap;transfer_group_count;matched_fidelity;matched_sparsity,reported_as_empty_not_imputed
stage18-scaling-24a9adb84176,8,s0-step200-f9of10-d1of2,0,1,200,0.900,0.50,False,sparsity_failure,requested_member_1_sparsity_failure,0,False,not_applicable_cell_outcome,s0-step200-f9of10-d1of2,,executed_cell_family,requested_member_1_sparsity_failure,True,,,True,True,True,executed_empty_family,False,median_circuit_size;median_pairwise_overlap;transfer_group_count;matched_fidelity;matched_sparsity,reported_as_empty_not_imputed
stage18-scaling-24a9adb84176,9,s0-step200-f9of10-d3of4,0,1,200,0.900,0.75,False,sparsity_failure,requested_member_1_sparsity_failure,0,False,not_applicable_cell_outcome,s0-step200-f9of10-d3of4,,executed_cell_family,requested_member_1_sparsity_failure,True,,,True,True,True,executed_empty_family,False,median_circuit_size;median_pairwise_overlap;transfer_group_count;matched_fidelity;matched_sparsity,reported_as_empty_not_imputed
stage18-scaling-24a9adb84176,10,s0-step200-f19of20-d1of4,0,1,200,0.950,0.25,False,sparsity_failure,requested_member_1_sparsity_failure,0,False,not_applicable_cell_outcome,s0-step200-f19of20-d1of4,,executed_cell_family,requested_member_1_sparsity_failure,True,,,True,True,True,executed_empty_family,False,median_circuit_size;median_pairwise_overlap;transfer_group_count;matched_fidelity;matched_sparsity,reported_as_empty_not_imputed
stage18-scaling-24a9adb84176,11,s0-step200-f19of20-d1of2,0,1,200,0.950,0.50,False,sparsity_failure,requested_member_1_sparsity_failure,0,False,not_applicable_cell_outcome,s0-step200-f19of20-d1of2,,executed_cell_family,requested_member_1_sparsity_failure,True,,,True,True,True,executed_empty_family,False,median_circuit_size;median_pairwise_overlap;transfer_group_count;matched_fidelity;matched_sparsity,reported_as_empty_not_imputed
stage18-scaling-24a9adb84176,12,s0-step200-f19of20-d3of4,0,1,200,0.950,0.75,False,sparsity_failure,requested_member_1_sparsity_failure,0,False,not_applicable_cell_outcome,s0-step200-f19of20-d3of4,,executed_cell_family,requested_member_1_sparsity_failure,True,,,True,True,True,executed_empty_family,False,median_circuit_size;median_pairwise_overlap;transfer_group_count;matched_fidelity;matched_sparsity,reported_as_empty_not_imputed
stage18-scaling-24a9adb84176,13,s0-step200-f39of40-d1of4,0,1,200,0.975,0.25,False,sparsity_failure,requested_member_1_sparsity_failure,0,False,not_applicable_cell_outcome,s0-step200-f39of40-d1of4,,executed_cell_family,requested_member_1_sparsity_failure,True,,,True,True,True,executed_empty_family,False,median_circuit_size;median_pairwise_overlap;transfer_group_count;matched_fidelity;matched_sparsity,reported_as_empty_not_imputed
stage18-scaling-24a9adb84176,14,s0-step200-f39of40-d1of2,0,1,200,0.975,0.50,False,sparsity_failure,requested_member_1_sparsity_failure,0,False,not_applicable_cell_outcome,s0-step200-f39of40-d1of2,,executed_cell_family,requested_member_1_sparsity_failure,True,,,True,True,True,executed_empty_family,False,median_circuit_size;median_pairwise_overlap;transfer_group_count;matched_fidelity;matched_sparsity,reported_as_empty_not_imputed
stage18-scaling-24a9adb84176,15,s0-step200-f39of40-d3of4,0,1,200,0.975,0.75,False,sparsity_failure,requested_member_1_sparsity_failure,0,False,not_applicable_cell_outcome,s0-step200-f39of40-d3of4,,executed_cell_family,requested_member_1_sparsity_failure,True,,,True,True,True,executed_empty_family,False,median_circuit_size;median_pairwise_overlap;transfer_group_count;matched_fidelity;matched_sparsity,reported_as_empty_not_imputed
stage18-scaling-24a9adb84176,16,s0-step200-f99of100-d1of4,0,1,200,0.990,0.25,False,sparsity_failure,requested_member_1_sparsity_failure,0,False,not_applicable_cell_outcome,s0-step200-f99of100-d1of4,,executed_cell_family,requested_member_1_sparsity_failure,True,,,True,True,True,executed_empty_family,False,median_circuit_size;median_pairwise_overlap;transfer_group_count;matched_fidelity;matched_sparsity,reported_as_empty_not_imputed
stage18-scaling-24a9adb84176,17,s0-step200-f99of100-d1of2,0,1,200,0.990,0.50,True,sparsity_failure,requested_member_1_sparsity_failure,0,False,not_applicable_cell_outcome,s0-step200-f99of100-d1of2,,executed_cell_family,requested_member_1_sparsity_failure,True,,,True,True,True,executed_empty_family,False,median_circuit_size;median_pairwise_overlap;transfer_group_count;matched_fidelity;matched_sparsity,reported_as_empty_not_imputed
stage18-scaling-24a9adb84176,18,s0-step200-f99of100-d3of4,0,1,200,0.990,0.75,False,sparsity_failure,requested_member_1_sparsity_failure,0,False,not_applicable_cell_outcome,s0-step200-f99of100-d3of4,,executed_cell_family,requested_member_1_sparsity_failure,True,,,True,True,True,executed_empty_family,False,median_circuit_size;median_pairwise_overlap;transfer_group_count;matched_fidelity;matched_sparsity,reported_as_empty_not_imputed
stage18-scaling-24a9adb84176,19,s0-step3400-f4of5-d1of4,0,2,3400,0.800,0.25,False,sparsity_failure,requested_member_1_sparsity_failure,0,False,not_applicable_cell_outcome,s0-step3400-f4of5-d1of4,,executed_cell_family,requested_member_1_sparsity_failure,True,,,True,True,True,executed_empty_family,False,median_circuit_size;median_pairwise_overlap;transfer_group_count;matched_fidelity;matched_sparsity,reported_as_empty_not_imputed
stage18-scaling-24a9adb84176,20,s0-step3400-f4of5-d1of2,0,2,3400,0.800,0.50,False,sparsity_failure,requested_member_1_sparsity_failure,0,False,not_applicable_cell_outcome,s0-step3400-f4of5-d1of2,,executed_cell_family,requested_member_1_sparsity_failure,True,,,True,True,True,executed_empty_family,False,median_circuit_size;median_pairwise_overlap;transfer_group_count;matched_fidelity;matched_sparsity,reported_as_empty_not_imputed
stage18-scaling-24a9adb84176,21,s0-step3400-f4of5-d3of4,0,2,3400,0.800,0.75,False,sparsity_failure,requested_member_1_sparsity_failure,0,False,not_applicable_cell_outcome,s0-step3400-f4of5-d3of4,,executed_cell_family,requested_member_1_sparsity_failure,True,,,True,True,True,executed_empty_family,False,median_circuit_size;median_pairwise_overlap;transfer_group_count;matched_fidelity;matched_sparsity,reported_as_empty_not_imputed
stage18-scaling-24a9adb84176,22,s0-step3400-f17of20-d1of4,0,2,3400,0.850,0.25,False,sparsity_failure,requested_member_1_sparsity_failure,0,False,not_applicable_cell_outcome,s0-step3400-f17of20-d1of4,,executed_cell_family,requested_member_1_sparsity_failure,True,,,True,True,True,executed_empty_family,False,median_circuit_size;median_pairwise_overlap;transfer_group_count;matched_fidelity;matched_sparsity,reported_as_empty_not_imputed
stage18-scaling-24a9adb84176,23,s0-step3400-f17of20-d1of2,0,2,3400,0.850,0.50,False,sparsity_failure,requested_member_1_sparsity_failure,0,False,not_applicable_cell_outcome,s0-step3400-f17of20-d1of2,,executed_cell_family,requested_member_1_sparsity_failure,True,,,True,True,True,executed_empty_family,False,median_circuit_size;median_pairwise_overlap;transfer_group_count;matched_fidelity;matched_sparsity,reported_as_empty_not_imputed
stage18-scaling-24a9adb84176,24,s0-step3400-f17of20-d3of4,0,2,3400,0.850,0.75,False,sparsity_failure,requested_member_1_sparsity_failure,0,False,not_applicable_cell_outcome,s0-step3400-f17of20-d3of4,,executed_cell_family,requested_member_1_sparsity_failure,True,,,True,True,True,executed_empty_family,False,median_circuit_size;median_pairwise_overlap;transfer_group_count;matched_fidelity;matched_sparsity,reported_as_empty_not_imputed
stage18-scaling-24a9adb84176,25,s0-step3400-f9of10-d1of4,0,2,3400,0.900,0.25,False,sparsity_failure,requested_member_1_sparsity_failure,0,False,not_applicable_cell_outcome,s0-step3400-f9of10-d1of4,,executed_cell_family,requested_member_1_sparsity_failure,True,,,True,True,True,executed_empty_family,False,median_circuit_size;median_pairwise_overlap;transfer_group_count;matched_fidelity;matched_sparsity,reported_as_empty_not_imputed
stage18-scaling-24a9adb84176,26,s0-step3400-f9of10-d1of2,0,2,3400,0.900,0.50,False,sparsity_failure,requested_member_1_sparsity_failure,0,False,not_applicable_cell_outcome,s0-step3400-f9of10-d1of2,,executed_cell_family,requested_member_1_sparsity_failure,True,,,True,True,True,executed_empty_family,False,median_circuit_size;median_pairwise_overlap;transfer_group_count;matched_fidelity;matched_sparsity,reported_as_empty_not_imputed
stage18-scaling-24a9adb84176,27,s0-step3400-f9of10-d3of4,0,2,3400,0.900,0.75,False,sparsity_failure,requested_member_1_sparsity_failure,0,False,not_applicable_cell_outcome,s0-step3400-f9of10-d3of4,,executed_cell_family,requested_member_1_sparsity_failure,True,,,True,True,True,executed_empty_family,False,median_circuit_size;median_pairwise_overlap;transfer_group_count;matched_fidelity;matched_sparsity,reported_as_empty_not_imputed
stage18-scaling-24a9adb84176,28,s0-step3400-f19of20-d1of4,0,2,3400,0.950,0.25,False,sparsity_failure,requested_member_1_sparsity_failure,0,False,not_applicable_cell_outcome,s0-step3400-f19of20-d1of4,,executed_cell_family,requested_member_1_sparsity_failure,True,,,True,True,True,executed_empty_family,False,median_circuit_size;median_pairwise_overlap;transfer_group_count;matched_fidelity;matched_sparsity,reported_as_empty_not_imputed
stage18-scaling-24a9adb84176,29,s0-step3400-f19of20-d1of2,0,2,3400,0.950,0.50,False,sparsity_failure,requested_member_1_sparsity_failure,0,False,not_applicable_cell_outcome,s0-step3400-f19of20-d1of2,,executed_cell_family,requested_member_1_sparsity_failure,True,,,True,True,True,executed_empty_family,False,median_circuit_size;median_pairwise_overlap;transfer_group_count;matched_fidelity;matched_sparsity,reported_as_empty_not_imputed
stage18-scaling-24a9adb84176,30,s0-step3400-f19of20-d3of4,0,2,3400,0.950,0.75,False,sparsity_failure,requested_member_1_sparsity_failure,0,False,not_applicable_cell_outcome,s0-step3400-f19of20-d3of4,,executed_cell_family,requested_member_1_sparsity_failure,True,,,True,True,True,executed_empty_family,False,median_circuit_size;median_pairwise_overlap;transfer_group_count;matched_fidelity;matched_sparsity,reported_as_empty_not_imputed
stage18-scaling-24a9adb84176,31,s0-step3400-f39of40-d1of4,0,2,3400,0.975,0.25,False,sparsity_failure,requested_member_1_sparsity_failure,0,False,not_applicable_cell_outcome,s0-step3400-f39of40-d1of4,,executed_cell_family,requested_member_1_sparsity_failure,True,,,True,True,True,executed_empty_family,False,median_circuit_size;median_pairwise_overlap;transfer_group_count;matched_fidelity;matched_sparsity,reported_as_empty_not_imputed
stage18-scaling-24a9adb84176,32,s0-step3400-f39of40-d1of2,0,2,3400,0.975,0.50,False,sparsity_failure,requested_member_1_sparsity_failure,0,False,not_applicable_cell_outcome,s0-step3400-f39of40-d1of2,,executed_cell_family,requested_member_1_sparsity_failure,True,,,True,True,True,executed_empty_family,False,median_circuit_size;median_pairwise_overlap;transfer_group_count;matched_fidelity;matched_sparsity,reported_as_empty_not_imputed
stage18-scaling-24a9adb84176,33,s0-step3400-f39of40-d3of4,0,2,3400,0.975,0.75,False,sparsity_failure,requested_member_1_sparsity_failure,0,False,not_applicable_cell_outcome,s0-step3400-f39of40-d3of4,,executed_cell_family,requested_member_1_sparsity_failure,True,,,True,True,True,executed_empty_family,False,median_circuit_size;median_pairwise_overlap;transfer_group_count;matched_fidelity;matched_sparsity,reported_as_empty_not_imputed
stage18-scaling-24a9adb84176,34,s0-step3400-f99of100-d1of4,0,2,3400,0.990,0.25,False,sparsity_failure,requested_member_1_sparsity_failure,0,False,not_applicable_cell_outcome,s0-step3400-f99of100-d1of4,,executed_cell_family,requested_member_1_sparsity_failure,True,,,True,True,True,executed_empty_family,False,median_circuit_size;median_pairwise_overlap;transfer_group_count;matched_fidelity;matched_sparsity,reported_as_empty_not_imputed
stage18-scaling-24a9adb84176,35,s0-step3400-f99of100-d1of2,0,2,3400,0.990,0.50,True,sparsity_failure,requested_member_1_sparsity_failure,0,False,not_applicable_cell_outcome,s0-step3400-f99of100-d1of2,,executed_cell_family,requested_member_1_sparsity_failure,True,,,True,True,True,executed_empty_family,False,median_circuit_size;median_pairwise_overlap;transfer_group_count;matched_fidelity;matched_sparsity,reported_as_empty_not_imputed
stage18-scaling-24a9adb84176,36,s0-step3400-f99of100-d3of4,0,2,3400,0.990,0.75,False,sparsity_failure,requested_member_1_sparsity_failure,0,False,not_applicable_cell_outcome,s0-step3400-f99of100-d3of4,,executed_cell_family,requested_member_1_sparsity_failure,True,,,True,True,True,executed_empty_family,False,median_circuit_size;median_pairwise_overlap;transfer_group_count;matched_fidelity;matched_sparsity,reported_as_empty_not_imputed
stage18-scaling-24a9adb84176,127,s1-step200-f4of5-d1of4,1,1,200,0.800,0.25,False,sparsity_failure,requested_member_1_sparsity_failure,0,False,not_applicable_cell_outcome,s1-step200-f4of5-d1of4,,executed_cell_family,requested_member_1_sparsity_failure,True,,,True,True,True,executed_empty_family,False,median_circuit_size;median_pairwise_overlap;transfer_group_count;matched_fidelity;matched_sparsity,reported_as_empty_not_imputed
stage18-scaling-24a9adb84176,128,s1-step200-f4of5-d1of2,1,1,200,0.800,0.50,False,sparsity_failure,requested_member_1_sparsity_failure,0,False,not_applicable_cell_outcome,s1-step200-f4of5-d1of2,,executed_cell_family,requested_member_1_sparsity_failure,True,,,True,True,True,executed_empty_family,False,median_circuit_size;median_pairwise_overlap;transfer_group_count;matched_fidelity;matched_sparsity,reported_as_empty_not_imputed
stage18-scaling-24a9adb84176,129,s1-step200-f4of5-d3of4,1,1,200,0.800,0.75,False,sparsity_failure,requested_member_1_sparsity_failure,0,False,not_applicable_cell_outcome,s1-step200-f4of5-d3of4,,executed_cell_family,requested_member_1_sparsity_failure,True,,,True,True,True,executed_empty_family,False,median_circuit_size;median_pairwise_overlap;transfer_group_count;matched_fidelity;matched_sparsity,reported_as_empty_not_imputed
stage18-scaling-24a9adb84176,130,s1-step200-f17of20-d1of4,1,1,200,0.850,0.25,False,sparsity_failure,requested_member_1_sparsity_failure,0,False,not_applicable_cell_outcome,s1-step200-f17of20-d1of4,,executed_cell_family,requested_member_1_sparsity_failure,True,,,True,True,True,executed_empty_family,False,median_circuit_size;median_pairwise_overlap;transfer_group_count;matched_fidelity;matched_sparsity,reported_as_empty_not_imputed
stage18-scaling-24a9adb84176,131,s1-step200-f17of20-d1of2,1,1,200,0.850,0.50,False,sparsity_failure,requested_member_1_sparsity_failure,0,False,not_applicable_cell_outcome,s1-step200-f17of20-d1of2,,executed_cell_family,requested_member_1_sparsity_failure,True,,,True,True,True,executed_empty_family,False,median_circuit_size;median_pairwise_overlap;transfer_group_count;matched_fidelity;matched_sparsity,reported_as_empty_not_imputed
stage18-scaling-24a9adb84176,132,s1-step200-f17of20-d3of4,1,1,200,0.850,0.75,False,sparsity_failure,requested_member_1_sparsity_failure,0,False,not_applicable_cell_outcome,s1-step200-f17of20-d3of4,,executed_cell_family,requested_member_1_sparsity_failure,True,,,True,True,True,executed_empty_family,False,median_circuit_size;median_pairwise_overlap;transfer_group_count;matched_fidelity;matched_sparsity,reported_as_empty_not_imputed
stage18-scaling-24a9adb84176,133,s1-step200-f9of10-d1of4,1,1,200,0.900,0.25,False,sparsity_failure,requested_member_1_sparsity_failure,0,False,not_applicable_cell_outcome,s1-step200-f9of10-d1of4,,executed_cell_family,requested_member_1_sparsity_failure,True,,,True,True,True,executed_empty_family,False,median_circuit_size;median_pairwise_overlap;transfer_group_count;matched_fidelity;matched_sparsity,reported_as_empty_not_imputed
stage18-scaling-24a9adb84176,134,s1-step200-f9of10-d1of2,1,1,200,0.900,0.50,False,sparsity_failure,requested_member_1_sparsity_failure,0,False,not_applicable_cell_outcome,s1-step200-f9of10-d1of2,,executed_cell_family,requested_member_1_sparsity_failure,True,,,True,True,True,executed_empty_family,False,median_circuit_size;median_pairwise_overlap;transfer_group_count;matched_fidelity;matched_sparsity,reported_as_empty_not_imputed
stage18-scaling-24a9adb84176,135,s1-step200-f9of10-d3of4,1,1,200,0.900,0.75,False,sparsity_failure,requested_member_1_sparsity_failure,0,False,not_applicable_cell_outcome,s1-step200-f9of10-d3of4,,executed_cell_family,requested_member_1_sparsity_failure,True,,,True,True,True,executed_empty_family,False,median_circuit_size;median_pairwise_overlap;transfer_group_count;matched_fidelity;matched_sparsity,reported_as_empty_not_imputed
stage18-scaling-24a9adb84176,136,s1-step200-f19of20-d1of4,1,1,200,0.950,0.25,False,sparsity_failure,requested_member_1_sparsity_failure,0,False,not_applicable_cell_outcome,s1-step200-f19of20-d1of4,,executed_cell_family,requested_member_1_sparsity_failure,True,,,True,True,True,executed_empty_family,False,median_circuit_size;median_pairwise_overlap;transfer_group_count;matched_fidelity;matched_sparsity,reported_as_empty_not_imputed
stage18-scaling-24a9adb84176,137,s1-step200-f19of20-d1of2,1,1,200,0.950,0.50,False,sparsity_failure,requested_member_1_sparsity_failure,0,False,not_applicable_cell_outcome,s1-step200-f19of20-d1of2,,executed_cell_family,requested_member_1_sparsity_failure,True,,,True,True,True,executed_empty_family,False,median_circuit_size;median_pairwise_overlap;transfer_group_count;matched_fidelity;matched_sparsity,reported_as_empty_not_imputed
stage18-scaling-24a9adb84176,138,s1-step200-f19of20-d3of4,1,1,200,0.950,0.75,False,sparsity_failure,requested_member_1_sparsity_failure,0,False,not_applicable_cell_outcome,s1-step200-f19of20-d3of4,,executed_cell_family,requested_member_1_sparsity_failure,True,,,True,True,True,executed_empty_family,False,median_circuit_size;median_pairwise_overlap;transfer_group_count;matched_fidelity;matched_sparsity,reported_as_empty_not_imputed
stage18-scaling-24a9adb84176,139,s1-step200-f39of40-d1of4,1,1,200,0.975,0.25,False,sparsity_failure,requested_member_1_sparsity_failure,0,False,not_applicable_cell_outcome,s1-step200-f39of40-d1of4,,executed_cell_family,requested_member_1_sparsity_failure,True,,,True,True,True,executed_empty_family,False,median_circuit_size;median_pairwise_overlap;transfer_group_count;matched_fidelity;matched_sparsity,reported_as_empty_not_imputed
stage18-scaling-24a9adb84176,140,s1-step200-f39of40-d1of2,1,1,200,0.975,0.50,False,sparsity_failure,requested_member_1_sparsity_failure,0,False,not_applicable_cell_outcome,s1-step200-f39of40-d1of2,,executed_cell_family,requested_member_1_sparsity_failure,True,,,True,True,True,executed_empty_family,False,median_circuit_size;median_pairwise_overlap;transfer_group_count;matched_fidelity;matched_sparsity,reported_as_empty_not_imputed
stage18-scaling-24a9adb84176,141,s1-step200-f39of40-d3of4,1,1,200,0.975,0.75,False,sparsity_failure,requested_member_1_sparsity_failure,0,False,not_applicable_cell_outcome,s1-step200-f39of40-d3of4,,executed_cell_family,requested_member_1_sparsity_failure,True,,,True,True,True,executed_empty_family,False,median_circuit_size;median_pairwise_overlap;transfer_group_count;matched_fidelity;matched_sparsity,reported_as_empty_not_imputed
stage18-scaling-24a9adb84176,142,s1-step200-f99of100-d1of4,1,1,200,0.990,0.25,False,sparsity_failure,requested_member_1_sparsity_failure,0,False,not_applicable_cell_outcome,s1-step200-f99of100-d1of4,,executed_cell_family,requested_member_1_sparsity_failure,True,,,True,True,True,executed_empty_family,False,median_circuit_size;median_pairwise_overlap;transfer_group_count;matched_fidelity;matched_sparsity,reported_as_empty_not_imputed
stage18-scaling-24a9adb84176,143,s1-step200-f99of100-d1of2,1,1,200,0.990,0.50,True,sparsity_failure,requested_member_1_sparsity_failure,0,False,not_applicable_cell_outcome,s1-step200-f99of100-d1of2,,executed_cell_family,requested_member_1_sparsity_failure,True,,,True,True,True,executed_empty_family,False,median_circuit_size;median_pairwise_overlap;transfer_group_count;matched_fidelity;matched_sparsity,reported_as_empty_not_imputed
stage18-scaling-24a9adb84176,144,s1-step200-f99of100-d3of4,1,1,200,0.990,0.75,False,sparsity_failure,requested_member_1_sparsity_failure,0,False,not_applicable_cell_outcome,s1-step200-f99of100-d3of4,,executed_cell_family,requested_member_1_sparsity_failure,True,,,True,True,True,executed_empty_family,False,median_circuit_size;median_pairwise_overlap;transfer_group_count;matched_fidelity;matched_sparsity,reported_as_empty_not_imputed
stage18-scaling-24a9adb84176,145,s1-step3400-f4of5-d1of4,1,2,3400,0.800,0.25,False,sparsity_failure,requested_member_1_sparsity_failure,0,False,not_applicable_cell_outcome,s1-step3400-f4of5-d1of4,,executed_cell_family,requested_member_1_sparsity_failure,True,,,True,True,True,executed_empty_family,False,median_circuit_size;median_pairwise_overlap;transfer_group_count;matched_fidelity;matched_sparsity,reported_as_empty_not_imputed
stage18-scaling-24a9adb84176,146,s1-step3400-f4of5-d1of2,1,2,3400,0.800,0.50,False,sparsity_failure,requested_member_1_sparsity_failure,0,False,not_applicable_cell_outcome,s1-step3400-f4of5-d1of2,,executed_cell_family,requested_member_1_sparsity_failure,True,,,True,True,True,executed_empty_family,False,median_circuit_size;median_pairwise_overlap;transfer_group_count;matched_fidelity;matched_sparsity,reported_as_empty_not_imputed
stage18-scaling-24a9adb84176,147,s1-step3400-f4of5-d3of4,1,2,3400,0.800,0.75,False,sparsity_failure,requested_member_1_sparsity_failure,0,False,not_applicable_cell_outcome,s1-step3400-f4of5-d3of4,,executed_cell_family,requested_member_1_sparsity_failure,True,,,True,True,True,executed_empty_family,False,median_circuit_size;median_pairwise_overlap;transfer_group_count;matched_fidelity;matched_sparsity,reported_as_empty_not_imputed
stage18-scaling-24a9adb84176,148,s1-step3400-f17of20-d1of4,1,2,3400,0.850,0.25,False,sparsity_failure,requested_member_1_sparsity_failure,0,False,not_applicable_cell_outcome,s1-step3400-f17of20-d1of4,,executed_cell_family,requested_member_1_sparsity_failure,True,,,True,True,True,executed_empty_family,False,median_circuit_size;median_pairwise_overlap;transfer_group_count;matched_fidelity;matched_sparsity,reported_as_empty_not_imputed
stage18-scaling-24a9adb84176,149,s1-step3400-f17of20-d1of2,1,2,3400,0.850,0.50,False,sparsity_failure,requested_member_1_sparsity_failure,0,False,not_applicable_cell_outcome,s1-step3400-f17of20-d1of2,,executed_cell_family,requested_member_1_sparsity_failure,True,,,True,True,True,executed_empty_family,False,median_circuit_size;median_pairwise_overlap;transfer_group_count;matched_fidelity;matched_sparsity,reported_as_empty_not_imputed
stage18-scaling-24a9adb84176,150,s1-step3400-f17of20-d3of4,1,2,3400,0.850,0.75,False,sparsity_failure,requested_member_1_sparsity_failure,0,False,not_applicable_cell_outcome,s1-step3400-f17of20-d3of4,,executed_cell_family,requested_member_1_sparsity_failure,True,,,True,True,True,executed_empty_family,False,median_circuit_size;median_pairwise_overlap;transfer_group_count;matched_fidelity;matched_sparsity,reported_as_empty_not_imputed
stage18-scaling-24a9adb84176,151,s1-step3400-f9of10-d1of4,1,2,3400,0.900,0.25,False,sparsity_failure,requested_member_1_sparsity_failure,0,False,not_applicable_cell_outcome,s1-step3400-f9of10-d1of4,,executed_cell_family,requested_member_1_sparsity_failure,True,,,True,True,True,executed_empty_family,False,median_circuit_size;median_pairwise_overlap;transfer_group_count;matched_fidelity;matched_sparsity,reported_as_empty_not_imputed
stage18-scaling-24a9adb84176,152,s1-step3400-f9of10-d1of2,1,2,3400,0.900,0.50,False,sparsity_failure,requested_member_1_sparsity_failure,0,False,not_applicable_cell_outcome,s1-step3400-f9of10-d1of2,,executed_cell_family,requested_member_1_sparsity_failure,True,,,True,True,True,executed_empty_family,False,median_circuit_size;median_pairwise_overlap;transfer_group_count;matched_fidelity;matched_sparsity,reported_as_empty_not_imputed
stage18-scaling-24a9adb84176,153,s1-step3400-f9of10-d3of4,1,2,3400,0.900,0.75,False,sparsity_failure,requested_member_1_sparsity_failure,0,False,not_applicable_cell_outcome,s1-step3400-f9of10-d3of4,,executed_cell_family,requested_member_1_sparsity_failure,True,,,True,True,True,executed_empty_family,False,median_circuit_size;median_pairwise_overlap;transfer_group_count;matched_fidelity;matched_sparsity,reported_as_empty_not_imputed
stage18-scaling-24a9adb84176,154,s1-step3400-f19of20-d1of4,1,2,3400,0.950,0.25,False,sparsity_failure,requested_member_1_sparsity_failure,0,False,not_applicable_cell_outcome,s1-step3400-f19of20-d1of4,,executed_cell_family,requested_member_1_sparsity_failure,True,,,True,True,True,executed_empty_family,False,median_circuit_size;median_pairwise_overlap;transfer_group_count;matched_fidelity;matched_sparsity,reported_as_empty_not_imputed
stage18-scaling-24a9adb84176,155,s1-step3400-f19of20-d1of2,1,2,3400,0.950,0.50,False,sparsity_failure,requested_member_1_sparsity_failure,0,False,not_applicable_cell_outcome,s1-step3400-f19of20-d1of2,,executed_cell_family,requested_member_1_sparsity_failure,True,,,True,True,True,executed_empty_family,False,median_circuit_size;median_pairwise_overlap;transfer_group_count;matched_fidelity;matched_sparsity,reported_as_empty_not_imputed
stage18-scaling-24a9adb84176,156,s1-step3400-f19of20-d3of4,1,2,3400,0.950,0.75,False,sparsity_failure,requested_member_1_sparsity_failure,0,False,not_applicable_cell_outcome,s1-step3400-f19of20-d3of4,,executed_cell_family,requested_member_1_sparsity_failure,True,,,True,True,True,executed_empty_family,False,median_circuit_size;median_pairwise_overlap;transfer_group_count;matched_fidelity;matched_sparsity,reported_as_empty_not_imputed
stage18-scaling-24a9adb84176,157,s1-step3400-f39of40-d1of4,1,2,3400,0.975,0.25,False,sparsity_failure,requested_member_1_sparsity_failure,0,False,not_applicable_cell_outcome,s1-step3400-f39of40-d1of4,,executed_cell_family,requested_member_1_sparsity_failure,True,,,True,True,True,executed_empty_family,False,median_circuit_size;median_pairwise_overlap;transfer_group_count;matched_fidelity;matched_sparsity,reported_as_empty_not_imputed
stage18-scaling-24a9adb84176,158,s1-step3400-f39of40-d1of2,1,2,3400,0.975,0.50,False,sparsity_failure,requested_member_1_sparsity_failure,0,False,not_applicable_cell_outcome,s1-step3400-f39of40-d1of2,,executed_cell_family,requested_member_1_sparsity_failure,True,,,True,True,True,executed_empty_family,False,median_circuit_size;median_pairwise_overlap;transfer_group_count;matched_fidelity;matched_sparsity,reported_as_empty_not_imputed
stage18-scaling-24a9adb84176,159,s1-step3400-f39of40-d3of4,1,2,3400,0.975,0.75,False,sparsity_failure,requested_member_1_sparsity_failure,0,False,not_applicable_cell_outcome,s1-step3400-f39of40-d3of4,,executed_cell_family,requested_member_1_sparsity_failure,True,,,True,True,True,executed_empty_family,False,median_circuit_size;median_pairwise_overlap;transfer_group_count;matched_fidelity;matched_sparsity,reported_as_empty_not_imputed
stage18-scaling-24a9adb84176,160,s1-step3400-f99of100-d1of4,1,2,3400,0.990,0.25,False,sparsity_failure,requested_member_1_sparsity_failure,0,False,not_applicable_cell_outcome,s1-step3400-f99of100-d1of4,,executed_cell_family,requested_member_1_sparsity_failure,True,,,True,True,True,executed_empty_family,False,median_circuit_size;median_pairwise_overlap;transfer_group_count;matched_fidelity;matched_sparsity,reported_as_empty_not_imputed
stage18-scaling-24a9adb84176,161,s1-step3400-f99of100-d1of2,1,2,3400,0.990,0.50,True,sparsity_failure,requested_member_1_sparsity_failure,0,False,not_applicable_cell_outcome,s1-step3400-f99of100-d1of2,,executed_cell_family,requested_member_1_sparsity_failure,True,,,True,True,True,executed_empty_family,False,median_circuit_size;median_pairwise_overlap;transfer_group_count;matched_fidelity;matched_sparsity,reported_as_empty_not_imputed
stage18-scaling-24a9adb84176,162,s1-step3400-f99of100-d3of4,1,2,3400,0.990,0.75,False,sparsity_failure,requested_member_1_sparsity_failure,0,False,not_applicable_cell_outcome,s1-step3400-f99of100-d3of4,,executed_cell_family,requested_member_1_sparsity_failure,True,,,True,True,True,executed_empty_family,False,median_circuit_size;median_pairwise_overlap;transfer_group_count;matched_fidelity;matched_sparsity,reported_as_empty_not_imputed
stage18-scaling-24a9adb84176,163,s1-step7450-f4of5-d1of4,1,3,7450,0.800,0.25,False,sparsity_failure,requested_member_1_sparsity_failure,0,False,not_applicable_cell_outcome,s1-step7450-f4of5-d1of4,,executed_cell_family,requested_member_1_sparsity_failure,True,,,True,True,True,executed_empty_family,False,median_circuit_size;median_pairwise_overlap;transfer_group_count;matched_fidelity;matched_sparsity,reported_as_empty_not_imputed
stage18-scaling-24a9adb84176,164,s1-step7450-f4of5-d1of2,1,3,7450,0.800,0.50,False,sparsity_failure,requested_member_1_sparsity_failure,0,False,not_applicable_cell_outcome,s1-step7450-f4of5-d1of2,,executed_cell_family,requested_member_1_sparsity_failure,True,,,True,True,True,executed_empty_family,False,median_circuit_size;median_pairwise_overlap;transfer_group_count;matched_fidelity;matched_sparsity,reported_as_empty_not_imputed
stage18-scaling-24a9adb84176,165,s1-step7450-f4of5-d3of4,1,3,7450,0.800,0.75,False,sparsity_failure,requested_member_1_sparsity_failure,0,False,not_applicable_cell_outcome,s1-step7450-f4of5-d3of4,,executed_cell_family,requested_member_1_sparsity_failure,True,,,True,True,True,executed_empty_family,False,median_circuit_size;median_pairwise_overlap;transfer_group_count;matched_fidelity;matched_sparsity,reported_as_empty_not_imputed
stage18-scaling-24a9adb84176,166,s1-step7450-f17of20-d1of4,1,3,7450,0.850,0.25,False,sparsity_failure,requested_member_1_sparsity_failure,0,False,not_applicable_cell_outcome,s1-step7450-f17of20-d1of4,,executed_cell_family,requested_member_1_sparsity_failure,True,,,True,True,True,executed_empty_family,False,median_circuit_size;median_pairwise_overlap;transfer_group_count;matched_fidelity;matched_sparsity,reported_as_empty_not_imputed
stage18-scaling-24a9adb84176,167,s1-step7450-f17of20-d1of2,1,3,7450,0.850,0.50,False,sparsity_failure,requested_member_1_sparsity_failure,0,False,not_applicable_cell_outcome,s1-step7450-f17of20-d1of2,,executed_cell_family,requested_member_1_sparsity_failure,True,,,True,True,True,executed_empty_family,False,median_circuit_size;median_pairwise_overlap;transfer_group_count;matched_fidelity;matched_sparsity,reported_as_empty_not_imputed
stage18-scaling-24a9adb84176,168,s1-step7450-f17of20-d3of4,1,3,7450,0.850,0.75,False,sparsity_failure,requested_member_1_sparsity_failure,0,False,not_applicable_cell_outcome,s1-step7450-f17of20-d3of4,,executed_cell_family,requested_member_1_sparsity_failure,True,,,True,True,True,executed_empty_family,False,median_circuit_size;median_pairwise_overlap;transfer_group_count;matched_fidelity;matched_sparsity,reported_as_empty_not_imputed
stage18-scaling-24a9adb84176,169,s1-step7450-f9of10-d1of4,1,3,7450,0.900,0.25,False,sparsity_failure,requested_member_1_sparsity_failure,0,False,not_applicable_cell_outcome,s1-step7450-f9of10-d1of4,,executed_cell_family,requested_member_1_sparsity_failure,True,,,True,True,True,executed_empty_family,False,median_circuit_size;median_pairwise_overlap;transfer_group_count;matched_fidelity;matched_sparsity,reported_as_empty_not_imputed
stage18-scaling-24a9adb84176,170,s1-step7450-f9of10-d1of2,1,3,7450,0.900,0.50,False,sparsity_failure,requested_member_1_sparsity_failure,0,False,not_applicable_cell_outcome,s1-step7450-f9of10-d1of2,,executed_cell_family,requested_member_1_sparsity_failure,True,,,True,True,True,executed_empty_family,False,median_circuit_size;median_pairwise_overlap;transfer_group_count;matched_fidelity;matched_sparsity,reported_as_empty_not_imputed
stage18-scaling-24a9adb84176,171,s1-step7450-f9of10-d3of4,1,3,7450,0.900,0.75,False,sparsity_failure,requested_member_1_sparsity_failure,0,False,not_applicable_cell_outcome,s1-step7450-f9of10-d3of4,,executed_cell_family,requested_member_1_sparsity_failure,True,,,True,True,True,executed_empty_family,False,median_circuit_size;median_pairwise_overlap;transfer_group_count;matched_fidelity;matched_sparsity,reported_as_empty_not_imputed
stage18-scaling-24a9adb84176,172,s1-step7450-f19of20-d1of4,1,3,7450,0.950,0.25,False,sparsity_failure,requested_member_1_sparsity_failure,0,False,not_applicable_cell_outcome,s1-step7450-f19of20-d1of4,,executed_cell_family,requested_member_1_sparsity_failure,True,,,True,True,True,executed_empty_family,False,median_circuit_size;median_pairwise_overlap;transfer_group_count;matched_fidelity;matched_sparsity,reported_as_empty_not_imputed
stage18-scaling-24a9adb84176,173,s1-step7450-f19of20-d1of2,1,3,7450,0.950,0.50,False,sparsity_failure,requested_member_1_sparsity_failure,0,False,not_applicable_cell_outcome,s1-step7450-f19of20-d1of2,,executed_cell_family,requested_member_1_sparsity_failure,True,,,True,True,True,executed_empty_family,False,median_circuit_size;median_pairwise_overlap;transfer_group_count;matched_fidelity;matched_sparsity,reported_as_empty_not_imputed
stage18-scaling-24a9adb84176,174,s1-step7450-f19of20-d3of4,1,3,7450,0.950,0.75,False,sparsity_failure,requested_member_1_sparsity_failure,0,False,not_applicable_cell_outcome,s1-step7450-f19of20-d3of4,,executed_cell_family,requested_member_1_sparsity_failure,True,,,True,True,True,executed_empty_family,False,median_circuit_size;median_pairwise_overlap;transfer_group_count;matched_fidelity;matched_sparsity,reported_as_empty_not_imputed
stage18-scaling-24a9adb84176,175,s1-step7450-f39of40-d1of4,1,3,7450,0.975,0.25,False,sparsity_failure,requested_member_1_sparsity_failure,0,False,not_applicable_cell_outcome,s1-step7450-f39of40-d1of4,,executed_cell_family,requested_member_1_sparsity_failure,True,,,True,True,True,executed_empty_family,False,median_circuit_size;median_pairwise_overlap;transfer_group_count;matched_fidelity;matched_sparsity,reported_as_empty_not_imputed
stage18-scaling-24a9adb84176,176,s1-step7450-f39of40-d1of2,1,3,7450,0.975,0.50,False,sparsity_failure,requested_member_1_sparsity_failure,0,False,not_applicable_cell_outcome,s1-step7450-f39of40-d1of2,,executed_cell_family,requested_member_1_sparsity_failure,True,,,True,True,True,executed_empty_family,False,median_circuit_size;median_pairwise_overlap;transfer_group_count;matched_fidelity;matched_sparsity,reported_as_empty_not_imputed
stage18-scaling-24a9adb84176,177,s1-step7450-f39of40-d3of4,1,3,7450,0.975,0.75,False,sparsity_failure,requested_member_1_sparsity_failure,0,False,not_applicable_cell_outcome,s1-step7450-f39of40-d3of4,,executed_cell_family,requested_member_1_sparsity_failure,True,,,True,True,True,executed_empty_family,False,median_circuit_size;median_pairwise_overlap;transfer_group_count;matched_fidelity;matched_sparsity,reported_as_empty_not_imputed
stage18-scaling-24a9adb84176,178,s1-step7450-f99of100-d1of4,1,3,7450,0.990,0.25,False,sparsity_failure,requested_member_1_sparsity_failure,0,False,not_applicable_cell_outcome,s1-step7450-f99of100-d1of4,,executed_cell_family,requested_member_1_sparsity_failure,True,,,True,True,True,executed_empty_family,False,median_circuit_size;median_pairwise_overlap;transfer_group_count;matched_fidelity;matched_sparsity,reported_as_empty_not_imputed
stage18-scaling-24a9adb84176,179,s1-step7450-f99of100-d1of2,1,3,7450,0.990,0.50,True,sparsity_failure,requested_member_1_sparsity_failure,0,False,not_applicable_cell_outcome,s1-step7450-f99of100-d1of2,,executed_cell_family,requested_member_1_sparsity_failure,True,,,True,True,True,executed_empty_family,False,median_circuit_size;median_pairwise_overlap;transfer_group_count;matched_fidelity;matched_sparsity,reported_as_empty_not_imputed
stage18-scaling-24a9adb84176,180,s1-step7450-f99of100-d3of4,1,3,7450,0.990,0.75,False,sparsity_failure,requested_member_1_sparsity_failure,0,False,not_applicable_cell_outcome,s1-step7450-f99of100-d3of4,,executed_cell_family,requested_member_1_sparsity_failure,True,,,True,True,True,executed_empty_family,False,median_circuit_size;median_pairwise_overlap;transfer_group_count;matched_fidelity;matched_sparsity,reported_as_empty_not_imputed
stage18-scaling-24a9adb84176,181,s1-step8150-f4of5-d1of4,1,4,8150,0.800,0.25,False,sparsity_failure,requested_member_1_sparsity_failure,0,False,not_applicable_cell_outcome,s1-step8150-f4of5-d1of4,,executed_cell_family,requested_member_1_sparsity_failure,True,,,True,True,True,executed_empty_family,False,median_circuit_size;median_pairwise_overlap;transfer_group_count;matched_fidelity;matched_sparsity,reported_as_empty_not_imputed
stage18-scaling-24a9adb84176,182,s1-step8150-f4of5-d1of2,1,4,8150,0.800,0.50,False,sparsity_failure,requested_member_1_sparsity_failure,0,False,not_applicable_cell_outcome,s1-step8150-f4of5-d1of2,,executed_cell_family,requested_member_1_sparsity_failure,True,,,True,True,True,executed_empty_family,False,median_circuit_size;median_pairwise_overlap;transfer_group_count;matched_fidelity;matched_sparsity,reported_as_empty_not_imputed
stage18-scaling-24a9adb84176,183,s1-step8150-f4of5-d3of4,1,4,8150,0.800,0.75,False,sparsity_failure,requested_member_1_sparsity_failure,0,False,not_applicable_cell_outcome,s1-step8150-f4of5-d3of4,,executed_cell_family,requested_member_1_sparsity_failure,True,,,True,True,True,executed_empty_family,False,median_circuit_size;median_pairwise_overlap;transfer_group_count;matched_fidelity;matched_sparsity,reported_as_empty_not_imputed
stage18-scaling-24a9adb84176,184,s1-step8150-f17of20-d1of4,1,4,8150,0.850,0.25,False,sparsity_failure,requested_member_1_sparsity_failure,0,False,not_applicable_cell_outcome,s1-step8150-f17of20-d1of4,,executed_cell_family,requested_member_1_sparsity_failure,True,,,True,True,True,executed_empty_family,False,median_circuit_size;median_pairwise_overlap;transfer_group_count;matched_fidelity;matched_sparsity,reported_as_empty_not_imputed
stage18-scaling-24a9adb84176,185,s1-step8150-f17of20-d1of2,1,4,8150,0.850,0.50,False,sparsity_failure,requested_member_1_sparsity_failure,0,False,not_applicable_cell_outcome,s1-step8150-f17of20-d1of2,,executed_cell_family,requested_member_1_sparsity_failure,True,,,True,True,True,executed_empty_family,False,median_circuit_size;median_pairwise_overlap;transfer_group_count;matched_fidelity;matched_sparsity,reported_as_empty_not_imputed
stage18-scaling-24a9adb84176,186,s1-step8150-f17of20-d3of4,1,4,8150,0.850,0.75,False,sparsity_failure,requested_member_1_sparsity_failure,0,False,not_applicable_cell_outcome,s1-step8150-f17of20-d3of4,,executed_cell_family,requested_member_1_sparsity_failure,True,,,True,True,True,executed_empty_family,False,median_circuit_size;median_pairwise_overlap;transfer_group_count;matched_fidelity;matched_sparsity,reported_as_empty_not_imputed
stage18-scaling-24a9adb84176,187,s1-step8150-f9of10-d1of4,1,4,8150,0.900,0.25,False,sparsity_failure,requested_member_1_sparsity_failure,0,False,not_applicable_cell_outcome,s1-step8150-f9of10-d1of4,,executed_cell_family,requested_member_1_sparsity_failure,True,,,True,True,True,executed_empty_family,False,median_circuit_size;median_pairwise_overlap;transfer_group_count;matched_fidelity;matched_sparsity,reported_as_empty_not_imputed
stage18-scaling-24a9adb84176,188,s1-step8150-f9of10-d1of2,1,4,8150,0.900,0.50,False,sparsity_failure,requested_member_1_sparsity_failure,0,False,not_applicable_cell_outcome,s1-step8150-f9of10-d1of2,,executed_cell_family,requested_member_1_sparsity_failure,True,,,True,True,True,executed_empty_family,False,median_circuit_size;median_pairwise_overlap;transfer_group_count;matched_fidelity;matched_sparsity,reported_as_empty_not_imputed
stage18-scaling-24a9adb84176,189,s1-step8150-f9of10-d3of4,1,4,8150,0.900,0.75,False,sparsity_failure,requested_member_1_sparsity_failure,0,False,not_applicable_cell_outcome,s1-step8150-f9of10-d3of4,,executed_cell_family,requested_member_1_sparsity_failure,True,,,True,True,True,executed_empty_family,False,median_circuit_size;median_pairwise_overlap;transfer_group_count;matched_fidelity;matched_sparsity,reported_as_empty_not_imputed
stage18-scaling-24a9adb84176,190,s1-step8150-f19of20-d1of4,1,4,8150,0.950,0.25,False,sparsity_failure,requested_member_1_sparsity_failure,0,False,not_applicable_cell_outcome,s1-step8150-f19of20-d1of4,,executed_cell_family,requested_member_1_sparsity_failure,True,,,True,True,True,executed_empty_family,False,median_circuit_size;median_pairwise_overlap;transfer_group_count;matched_fidelity;matched_sparsity,reported_as_empty_not_imputed
stage18-scaling-24a9adb84176,191,s1-step8150-f19of20-d1of2,1,4,8150,0.950,0.50,False,sparsity_failure,requested_member_1_sparsity_failure,0,False,not_applicable_cell_outcome,s1-step8150-f19of20-d1of2,,executed_cell_family,requested_member_1_sparsity_failure,True,,,True,True,True,executed_empty_family,False,median_circuit_size;median_pairwise_overlap;transfer_group_count;matched_fidelity;matched_sparsity,reported_as_empty_not_imputed
stage18-scaling-24a9adb84176,192,s1-step8150-f19of20-d3of4,1,4,8150,0.950,0.75,False,sparsity_failure,requested_member_1_sparsity_failure,0,False,not_applicable_cell_outcome,s1-step8150-f19of20-d3of4,,executed_cell_family,requested_member_1_sparsity_failure,True,,,True,True,True,executed_empty_family,False,median_circuit_size;median_pairwise_overlap;transfer_group_count;matched_fidelity;matched_sparsity,reported_as_empty_not_imputed
stage18-scaling-24a9adb84176,193,s1-step8150-f39of40-d1of4,1,4,8150,0.975,0.25,False,sparsity_failure,requested_member_1_sparsity_failure,0,False,not_applicable_cell_outcome,s1-step8150-f39of40-d1of4,,executed_cell_family,requested_member_1_sparsity_failure,True,,,True,True,True,executed_empty_family,False,median_circuit_size;median_pairwise_overlap;transfer_group_count;matched_fidelity;matched_sparsity,reported_as_empty_not_imputed
stage18-scaling-24a9adb84176,194,s1-step8150-f39of40-d1of2,1,4,8150,0.975,0.50,False,sparsity_failure,requested_member_1_sparsity_failure,0,False,not_applicable_cell_outcome,s1-step8150-f39of40-d1of2,,executed_cell_family,requested_member_1_sparsity_failure,True,,,True,True,True,executed_empty_family,False,median_circuit_size;median_pairwise_overlap;transfer_group_count;matched_fidelity;matched_sparsity,reported_as_empty_not_imputed
stage18-scaling-24a9adb84176,195,s1-step8150-f39of40-d3of4,1,4,8150,0.975,0.75,False,sparsity_failure,requested_member_1_sparsity_failure,0,False,not_applicable_cell_outcome,s1-step8150-f39of40-d3of4,,executed_cell_family,requested_member_1_sparsity_failure,True,,,True,True,True,executed_empty_family,False,median_circuit_size;median_pairwise_overlap;transfer_group_count;matched_fidelity;matched_sparsity,reported_as_empty_not_imputed
stage18-scaling-24a9adb84176,196,s1-step8150-f99of100-d1of4,1,4,8150,0.990,0.25,False,sparsity_failure,requested_member_1_sparsity_failure,0,False,not_applicable_cell_outcome,s1-step8150-f99of100-d1of4,,executed_cell_family,requested_member_1_sparsity_failure,True,,,True,True,True,executed_empty_family,False,median_circuit_size;median_pairwise_overlap;transfer_group_count;matched_fidelity;matched_sparsity,reported_as_empty_not_imputed
stage18-scaling-24a9adb84176,197,s1-step8150-f99of100-d1of2,1,4,8150,0.990,0.50,True,sparsity_failure,requested_member_1_sparsity_failure,0,False,not_applicable_cell_outcome,s1-step8150-f99of100-d1of2,,executed_cell_family,requested_member_1_sparsity_failure,True,,,True,True,True,executed_empty_family,False,median_circuit_size;median_pairwise_overlap;transfer_group_count;matched_fidelity;matched_sparsity,reported_as_empty_not_imputed
stage18-scaling-24a9adb84176,198,s1-step8150-f99of100-d3of4,1,4,8150,0.990,0.75,False,sparsity_failure,requested_member_1_sparsity_failure,0,False,not_applicable_cell_outcome,s1-step8150-f99of100-d3of4,,executed_cell_family,requested_member_1_sparsity_failure,True,,,True,True,True,executed_empty_family,False,median_circuit_size;median_pairwise_overlap;transfer_group_count;matched_fidelity;matched_sparsity,reported_as_empty_not_imputed
stage18-scaling-24a9adb84176,202,s1-step8500-f17of20-d1of4,1,5,8500,0.850,0.25,False,sparsity_failure,requested_member_1_sparsity_failure,0,False,not_applicable_cell_outcome,s1-step8500-f17of20-d1of4,,executed_cell_family,requested_member_1_sparsity_failure,True,,,True,True,True,executed_empty_family,False,median_circuit_size;median_pairwise_overlap;transfer_group_count;matched_fidelity;matched_sparsity,reported_as_empty_not_imputed
stage18-scaling-24a9adb84176,203,s1-step8500-f17of20-d1of2,1,5,8500,0.850,0.50,False,sparsity_failure,requested_member_1_sparsity_failure,0,False,not_applicable_cell_outcome,s1-step8500-f17of20-d1of2,,executed_cell_family,requested_member_1_sparsity_failure,True,,,True,True,True,executed_empty_family,False,median_circuit_size;median_pairwise_overlap;transfer_group_count;matched_fidelity;matched_sparsity,reported_as_empty_not_imputed
stage18-scaling-24a9adb84176,204,s1-step8500-f17of20-d3of4,1,5,8500,0.850,0.75,False,sparsity_failure,requested_member_1_sparsity_failure,0,False,not_applicable_cell_outcome,s1-step8500-f17of20-d3of4,,executed_cell_family,requested_member_1_sparsity_failure,True,,,True,True,True,executed_empty_family,False,median_circuit_size;median_pairwise_overlap;transfer_group_count;matched_fidelity;matched_sparsity,reported_as_empty_not_imputed
stage18-scaling-24a9adb84176,205,s1-step8500-f9of10-d1of4,1,5,8500,0.900,0.25,False,sparsity_failure,requested_member_1_sparsity_failure,0,False,not_applicable_cell_outcome,s1-step8500-f9of10-d1of4,,executed_cell_family,requested_member_1_sparsity_failure,True,,,True,True,True,executed_empty_family,False,median_circuit_size;median_pairwise_overlap;transfer_group_count;matched_fidelity;matched_sparsity,reported_as_empty_not_imputed
stage18-scaling-24a9adb84176,206,s1-step8500-f9of10-d1of2,1,5,8500,0.900,0.50,False,sparsity_failure,requested_member_1_sparsity_failure,0,False,not_applicable_cell_outcome,s1-step8500-f9of10-d1of2,,executed_cell_family,requested_member_1_sparsity_failure,True,,,True,True,True,executed_empty_family,False,median_circuit_size;median_pairwise_overlap;transfer_group_count;matched_fidelity;matched_sparsity,reported_as_empty_not_imputed
stage18-scaling-24a9adb84176,207,s1-step8500-f9of10-d3of4,1,5,8500,0.900,0.75,False,sparsity_failure,requested_member_1_sparsity_failure,0,False,not_applicable_cell_outcome,s1-step8500-f9of10-d3of4,,executed_cell_family,requested_member_1_sparsity_failure,True,,,True,True,True,executed_empty_family,False,median_circuit_size;median_pairwise_overlap;transfer_group_count;matched_fidelity;matched_sparsity,reported_as_empty_not_imputed
stage18-scaling-24a9adb84176,208,s1-step8500-f19of20-d1of4,1,5,8500,0.950,0.25,False,sparsity_failure,requested_member_1_sparsity_failure,0,False,not_applicable_cell_outcome,s1-step8500-f19of20-d1of4,,executed_cell_family,requested_member_1_sparsity_failure,True,,,True,True,True,executed_empty_family,False,median_circuit_size;median_pairwise_overlap;transfer_group_count;matched_fidelity;matched_sparsity,reported_as_empty_not_imputed
stage18-scaling-24a9adb84176,209,s1-step8500-f19of20-d1of2,1,5,8500,0.950,0.50,False,sparsity_failure,requested_member_1_sparsity_failure,0,False,not_applicable_cell_outcome,s1-step8500-f19of20-d1of2,,executed_cell_family,requested_member_1_sparsity_failure,True,,,True,True,True,executed_empty_family,False,median_circuit_size;median_pairwise_overlap;transfer_group_count;matched_fidelity;matched_sparsity,reported_as_empty_not_imputed
stage18-scaling-24a9adb84176,210,s1-step8500-f19of20-d3of4,1,5,8500,0.950,0.75,False,sparsity_failure,requested_member_1_sparsity_failure,0,False,not_applicable_cell_outcome,s1-step8500-f19of20-d3of4,,executed_cell_family,requested_member_1_sparsity_failure,True,,,True,True,True,executed_empty_family,False,median_circuit_size;median_pairwise_overlap;transfer_group_count;matched_fidelity;matched_sparsity,reported_as_empty_not_imputed
stage18-scaling-24a9adb84176,211,s1-step8500-f39of40-d1of4,1,5,8500,0.975,0.25,False,sparsity_failure,requested_member_1_sparsity_failure,0,False,not_applicable_cell_outcome,s1-step8500-f39of40-d1of4,,executed_cell_family,requested_member_1_sparsity_failure,True,,,True,True,True,executed_empty_family,False,median_circuit_size;median_pairwise_overlap;transfer_group_count;matched_fidelity;matched_sparsity,reported_as_empty_not_imputed
stage18-scaling-24a9adb84176,212,s1-step8500-f39of40-d1of2,1,5,8500,0.975,0.50,False,sparsity_failure,requested_member_1_sparsity_failure,0,False,not_applicable_cell_outcome,s1-step8500-f39of40-d1of2,,executed_cell_family,requested_member_1_sparsity_failure,True,,,True,True,True,executed_empty_family,False,median_circuit_size;median_pairwise_overlap;transfer_group_count;matched_fidelity;matched_sparsity,reported_as_empty_not_imputed
stage18-scaling-24a9adb84176,213,s1-step8500-f39of40-d3of4,1,5,8500,0.975,0.75,False,sparsity_failure,requested_member_1_sparsity_failure,0,False,not_applicable_cell_outcome,s1-step8500-f39of40-d3of4,,executed_cell_family,requested_member_1_sparsity_failure,True,,,True,True,True,executed_empty_family,False,median_circuit_size;median_pairwise_overlap;transfer_group_count;matched_fidelity;matched_sparsity,reported_as_empty_not_imputed
stage18-scaling-24a9adb84176,214,s1-step8500-f99of100-d1of4,1,5,8500,0.990,0.25,False,sparsity_failure,requested_member_1_sparsity_failure,0,False,not_applicable_cell_outcome,s1-step8500-f99of100-d1of4,,executed_cell_family,requested_member_1_sparsity_failure,True,,,True,True,True,executed_empty_family,False,median_circuit_size;median_pairwise_overlap;transfer_group_count;matched_fidelity;matched_sparsity,reported_as_empty_not_imputed
stage18-scaling-24a9adb84176,215,s1-step8500-f99of100-d1of2,1,5,8500,0.990,0.50,True,sparsity_failure,requested_member_1_sparsity_failure,0,False,not_applicable_cell_outcome,s1-step8500-f99of100-d1of2,,executed_cell_family,requested_member_1_sparsity_failure,True,,,True,True,True,executed_empty_family,False,median_circuit_size;median_pairwise_overlap;transfer_group_count;matched_fidelity;matched_sparsity,reported_as_empty_not_imputed
stage18-scaling-24a9adb84176,216,s1-step8500-f99of100-d3of4,1,5,8500,0.990,0.75,False,sparsity_failure,requested_member_1_sparsity_failure,0,False,not_applicable_cell_outcome,s1-step8500-f99of100-d3of4,,executed_cell_family,requested_member_1_sparsity_failure,True,,,True,True,True,executed_empty_family,False,median_circuit_size;median_pairwise_overlap;transfer_group_count;matched_fidelity;matched_sparsity,reported_as_empty_not_imputed
stage18-scaling-24a9adb84176,226,s1-step8650-f19of20-d1of4,1,6,8650,0.950,0.25,False,sparsity_failure,requested_member_1_sparsity_failure,0,False,not_applicable_cell_outcome,s1-step8650-f19of20-d1of4,,executed_cell_family,requested_member_1_sparsity_failure,True,,,True,True,True,executed_empty_family,False,median_circuit_size;median_pairwise_overlap;transfer_group_count;matched_fidelity;matched_sparsity,reported_as_empty_not_imputed
stage18-scaling-24a9adb84176,227,s1-step8650-f19of20-d1of2,1,6,8650,0.950,0.50,False,sparsity_failure,requested_member_1_sparsity_failure,0,False,not_applicable_cell_outcome,s1-step8650-f19of20-d1of2,,executed_cell_family,requested_member_1_sparsity_failure,True,,,True,True,True,executed_empty_family,False,median_circuit_size;median_pairwise_overlap;transfer_group_count;matched_fidelity;matched_sparsity,reported_as_empty_not_imputed
stage18-scaling-24a9adb84176,228,s1-step8650-f19of20-d3of4,1,6,8650,0.950,0.75,False,sparsity_failure,requested_member_1_sparsity_failure,0,False,not_applicable_cell_outcome,s1-step8650-f19of20-d3of4,,executed_cell_family,requested_member_1_sparsity_failure,True,,,True,True,True,executed_empty_family,False,median_circuit_size;median_pairwise_overlap;transfer_group_count;matched_fidelity;matched_sparsity,reported_as_empty_not_imputed
stage18-scaling-24a9adb84176,229,s1-step8650-f39of40-d1of4,1,6,8650,0.975,0.25,False,sparsity_failure,requested_member_1_sparsity_failure,0,False,not_applicable_cell_outcome,s1-step8650-f39of40-d1of4,,executed_cell_family,requested_member_1_sparsity_failure,True,,,True,True,True,executed_empty_family,False,median_circuit_size;median_pairwise_overlap;transfer_group_count;matched_fidelity;matched_sparsity,reported_as_empty_not_imputed
stage18-scaling-24a9adb84176,230,s1-step8650-f39of40-d1of2,1,6,8650,0.975,0.50,False,sparsity_failure,requested_member_1_sparsity_failure,0,False,not_applicable_cell_outcome,s1-step8650-f39of40-d1of2,,executed_cell_family,requested_member_1_sparsity_failure,True,,,True,True,True,executed_empty_family,False,median_circuit_size;median_pairwise_overlap;transfer_group_count;matched_fidelity;matched_sparsity,reported_as_empty_not_imputed
stage18-scaling-24a9adb84176,231,s1-step8650-f39of40-d3of4,1,6,8650,0.975,0.75,False,sparsity_failure,requested_member_1_sparsity_failure,0,False,not_applicable_cell_outcome,s1-step8650-f39of40-d3of4,,executed_cell_family,requested_member_1_sparsity_failure,True,,,True,True,True,executed_empty_family,False,median_circuit_size;median_pairwise_overlap;transfer_group_count;matched_fidelity;matched_sparsity,reported_as_empty_not_imputed
stage18-scaling-24a9adb84176,232,s1-step8650-f99of100-d1of4,1,6,8650,0.990,0.25,False,sparsity_failure,requested_member_1_sparsity_failure,0,False,not_applicable_cell_outcome,s1-step8650-f99of100-d1of4,,executed_cell_family,requested_member_1_sparsity_failure,True,,,True,True,True,executed_empty_family,False,median_circuit_size;median_pairwise_overlap;transfer_group_count;matched_fidelity;matched_sparsity,reported_as_empty_not_imputed
stage18-scaling-24a9adb84176,233,s1-step8650-f99of100-d1of2,1,6,8650,0.990,0.50,True,sparsity_failure,requested_member_1_sparsity_failure,0,False,not_applicable_cell_outcome,s1-step8650-f99of100-d1of2,,executed_cell_family,requested_member_1_sparsity_failure,True,,,True,True,True,executed_empty_family,False,median_circuit_size;median_pairwise_overlap;transfer_group_count;matched_fidelity;matched_sparsity,reported_as_empty_not_imputed
stage18-scaling-24a9adb84176,234,s1-step8650-f99of100-d3of4,1,6,8650,0.990,0.75,False,sparsity_failure,requested_member_1_sparsity_failure,0,False,not_applicable_cell_outcome,s1-step8650-f99of100-d3of4,,executed_cell_family,requested_member_1_sparsity_failure,True,,,True,True,True,executed_empty_family,False,median_circuit_size;median_pairwise_overlap;transfer_group_count;matched_fidelity;matched_sparsity,reported_as_empty_not_imputed
stage18-scaling-24a9adb84176,253,s2-step200-f4of5-d1of4,2,1,200,0.800,0.25,False,sparsity_failure,requested_member_1_sparsity_failure,0,False,not_applicable_cell_outcome,s2-step200-f4of5-d1of4,,executed_cell_family,requested_member_1_sparsity_failure,True,,,True,True,True,executed_empty_family,False,median_circuit_size;median_pairwise_overlap;transfer_group_count;matched_fidelity;matched_sparsity,reported_as_empty_not_imputed
stage18-scaling-24a9adb84176,254,s2-step200-f4of5-d1of2,2,1,200,0.800,0.50,False,sparsity_failure,requested_member_1_sparsity_failure,0,False,not_applicable_cell_outcome,s2-step200-f4of5-d1of2,,executed_cell_family,requested_member_1_sparsity_failure,True,,,True,True,True,executed_empty_family,False,median_circuit_size;median_pairwise_overlap;transfer_group_count;matched_fidelity;matched_sparsity,reported_as_empty_not_imputed
stage18-scaling-24a9adb84176,255,s2-step200-f4of5-d3of4,2,1,200,0.800,0.75,False,sparsity_failure,requested_member_1_sparsity_failure,0,False,not_applicable_cell_outcome,s2-step200-f4of5-d3of4,,executed_cell_family,requested_member_1_sparsity_failure,True,,,True,True,True,executed_empty_family,False,median_circuit_size;median_pairwise_overlap;transfer_group_count;matched_fidelity;matched_sparsity,reported_as_empty_not_imputed
stage18-scaling-24a9adb84176,256,s2-step200-f17of20-d1of4,2,1,200,0.850,0.25,False,sparsity_failure,requested_member_1_sparsity_failure,0,False,not_applicable_cell_outcome,s2-step200-f17of20-d1of4,,executed_cell_family,requested_member_1_sparsity_failure,True,,,True,True,True,executed_empty_family,False,median_circuit_size;median_pairwise_overlap;transfer_group_count;matched_fidelity;matched_sparsity,reported_as_empty_not_imputed
stage18-scaling-24a9adb84176,257,s2-step200-f17of20-d1of2,2,1,200,0.850,0.50,False,sparsity_failure,requested_member_1_sparsity_failure,0,False,not_applicable_cell_outcome,s2-step200-f17of20-d1of2,,executed_cell_family,requested_member_1_sparsity_failure,True,,,True,True,True,executed_empty_family,False,median_circuit_size;median_pairwise_overlap;transfer_group_count;matched_fidelity;matched_sparsity,reported_as_empty_not_imputed
stage18-scaling-24a9adb84176,258,s2-step200-f17of20-d3of4,2,1,200,0.850,0.75,False,sparsity_failure,requested_member_1_sparsity_failure,0,False,not_applicable_cell_outcome,s2-step200-f17of20-d3of4,,executed_cell_family,requested_member_1_sparsity_failure,True,,,True,True,True,executed_empty_family,False,median_circuit_size;median_pairwise_overlap;transfer_group_count;matched_fidelity;matched_sparsity,reported_as_empty_not_imputed
stage18-scaling-24a9adb84176,259,s2-step200-f9of10-d1of4,2,1,200,0.900,0.25,False,sparsity_failure,requested_member_1_sparsity_failure,0,False,not_applicable_cell_outcome,s2-step200-f9of10-d1of4,,executed_cell_family,requested_member_1_sparsity_failure,True,,,True,True,True,executed_empty_family,False,median_circuit_size;median_pairwise_overlap;transfer_group_count;matched_fidelity;matched_sparsity,reported_as_empty_not_imputed
stage18-scaling-24a9adb84176,260,s2-step200-f9of10-d1of2,2,1,200,0.900,0.50,False,sparsity_failure,requested_member_1_sparsity_failure,0,False,not_applicable_cell_outcome,s2-step200-f9of10-d1of2,,executed_cell_family,requested_member_1_sparsity_failure,True,,,True,True,True,executed_empty_family,False,median_circuit_size;median_pairwise_overlap;transfer_group_count;matched_fidelity;matched_sparsity,reported_as_empty_not_imputed
stage18-scaling-24a9adb84176,261,s2-step200-f9of10-d3of4,2,1,200,0.900,0.75,False,sparsity_failure,requested_member_1_sparsity_failure,0,False,not_applicable_cell_outcome,s2-step200-f9of10-d3of4,,executed_cell_family,requested_member_1_sparsity_failure,True,,,True,True,True,executed_empty_family,False,median_circuit_size;median_pairwise_overlap;transfer_group_count;matched_fidelity;matched_sparsity,reported_as_empty_not_imputed
stage18-scaling-24a9adb84176,262,s2-step200-f19of20-d1of4,2,1,200,0.950,0.25,False,sparsity_failure,requested_member_1_sparsity_failure,0,False,not_applicable_cell_outcome,s2-step200-f19of20-d1of4,,executed_cell_family,requested_member_1_sparsity_failure,True,,,True,True,True,executed_empty_family,False,median_circuit_size;median_pairwise_overlap;transfer_group_count;matched_fidelity;matched_sparsity,reported_as_empty_not_imputed
stage18-scaling-24a9adb84176,263,s2-step200-f19of20-d1of2,2,1,200,0.950,0.50,False,sparsity_failure,requested_member_1_sparsity_failure,0,False,not_applicable_cell_outcome,s2-step200-f19of20-d1of2,,executed_cell_family,requested_member_1_sparsity_failure,True,,,True,True,True,executed_empty_family,False,median_circuit_size;median_pairwise_overlap;transfer_group_count;matched_fidelity;matched_sparsity,reported_as_empty_not_imputed
stage18-scaling-24a9adb84176,264,s2-step200-f19of20-d3of4,2,1,200,0.950,0.75,False,sparsity_failure,requested_member_1_sparsity_failure,0,False,not_applicable_cell_outcome,s2-step200-f19of20-d3of4,,executed_cell_family,requested_member_1_sparsity_failure,True,,,True,True,True,executed_empty_family,False,median_circuit_size;median_pairwise_overlap;transfer_group_count;matched_fidelity;matched_sparsity,reported_as_empty_not_imputed
stage18-scaling-24a9adb84176,265,s2-step200-f39of40-d1of4,2,1,200,0.975,0.25,False,sparsity_failure,requested_member_1_sparsity_failure,0,False,not_applicable_cell_outcome,s2-step200-f39of40-d1of4,,executed_cell_family,requested_member_1_sparsity_failure,True,,,True,True,True,executed_empty_family,False,median_circuit_size;median_pairwise_overlap;transfer_group_count;matched_fidelity;matched_sparsity,reported_as_empty_not_imputed
stage18-scaling-24a9adb84176,266,s2-step200-f39of40-d1of2,2,1,200,0.975,0.50,False,sparsity_failure,requested_member_1_sparsity_failure,0,False,not_applicable_cell_outcome,s2-step200-f39of40-d1of2,,executed_cell_family,requested_member_1_sparsity_failure,True,,,True,True,True,executed_empty_family,False,median_circuit_size;median_pairwise_overlap;transfer_group_count;matched_fidelity;matched_sparsity,reported_as_empty_not_imputed
stage18-scaling-24a9adb84176,267,s2-step200-f39of40-d3of4,2,1,200,0.975,0.75,False,sparsity_failure,requested_member_1_sparsity_failure,0,False,not_applicable_cell_outcome,s2-step200-f39of40-d3of4,,executed_cell_family,requested_member_1_sparsity_failure,True,,,True,True,True,executed_empty_family,False,median_circuit_size;median_pairwise_overlap;transfer_group_count;matched_fidelity;matched_sparsity,reported_as_empty_not_imputed
stage18-scaling-24a9adb84176,268,s2-step200-f99of100-d1of4,2,1,200,0.990,0.25,False,sparsity_failure,requested_member_1_sparsity_failure,0,False,not_applicable_cell_outcome,s2-step200-f99of100-d1of4,,executed_cell_family,requested_member_1_sparsity_failure,True,,,True,True,True,executed_empty_family,False,median_circuit_size;median_pairwise_overlap;transfer_group_count;matched_fidelity;matched_sparsity,reported_as_empty_not_imputed
stage18-scaling-24a9adb84176,269,s2-step200-f99of100-d1of2,2,1,200,0.990,0.50,True,sparsity_failure,requested_member_1_sparsity_failure,0,False,not_applicable_cell_outcome,s2-step200-f99of100-d1of2,,executed_cell_family,requested_member_1_sparsity_failure,True,,,True,True,True,executed_empty_family,False,median_circuit_size;median_pairwise_overlap;transfer_group_count;matched_fidelity;matched_sparsity,reported_as_empty_not_imputed
stage18-scaling-24a9adb84176,270,s2-step200-f99of100-d3of4,2,1,200,0.990,0.75,False,sparsity_failure,requested_member_1_sparsity_failure,0,False,not_applicable_cell_outcome,s2-step200-f99of100-d3of4,,executed_cell_family,requested_member_1_sparsity_failure,True,,,True,True,True,executed_empty_family,False,median_circuit_size;median_pairwise_overlap;transfer_group_count;matched_fidelity;matched_sparsity,reported_as_empty_not_imputed
stage18-scaling-24a9adb84176,271,s2-step3400-f4of5-d1of4,2,2,3400,0.800,0.25,False,sparsity_failure,requested_member_1_sparsity_failure,0,False,not_applicable_cell_outcome,s2-step3400-f4of5-d1of4,,executed_cell_family,requested_member_1_sparsity_failure,True,,,True,True,True,executed_empty_family,False,median_circuit_size;median_pairwise_overlap;transfer_group_count;matched_fidelity;matched_sparsity,reported_as_empty_not_imputed
stage18-scaling-24a9adb84176,272,s2-step3400-f4of5-d1of2,2,2,3400,0.800,0.50,False,sparsity_failure,requested_member_1_sparsity_failure,0,False,not_applicable_cell_outcome,s2-step3400-f4of5-d1of2,,executed_cell_family,requested_member_1_sparsity_failure,True,,,True,True,True,executed_empty_family,False,median_circuit_size;median_pairwise_overlap;transfer_group_count;matched_fidelity;matched_sparsity,reported_as_empty_not_imputed
stage18-scaling-24a9adb84176,273,s2-step3400-f4of5-d3of4,2,2,3400,0.800,0.75,False,sparsity_failure,requested_member_1_sparsity_failure,0,False,not_applicable_cell_outcome,s2-step3400-f4of5-d3of4,,executed_cell_family,requested_member_1_sparsity_failure,True,,,True,True,True,executed_empty_family,False,median_circuit_size;median_pairwise_overlap;transfer_group_count;matched_fidelity;matched_sparsity,reported_as_empty_not_imputed
stage18-scaling-24a9adb84176,274,s2-step3400-f17of20-d1of4,2,2,3400,0.850,0.25,False,sparsity_failure,requested_member_1_sparsity_failure,0,False,not_applicable_cell_outcome,s2-step3400-f17of20-d1of4,,executed_cell_family,requested_member_1_sparsity_failure,True,,,True,True,True,executed_empty_family,False,median_circuit_size;median_pairwise_overlap;transfer_group_count;matched_fidelity;matched_sparsity,reported_as_empty_not_imputed
stage18-scaling-24a9adb84176,275,s2-step3400-f17of20-d1of2,2,2,3400,0.850,0.50,False,sparsity_failure,requested_member_1_sparsity_failure,0,False,not_applicable_cell_outcome,s2-step3400-f17of20-d1of2,,executed_cell_family,requested_member_1_sparsity_failure,True,,,True,True,True,executed_empty_family,False,median_circuit_size;median_pairwise_overlap;transfer_group_count;matched_fidelity;matched_sparsity,reported_as_empty_not_imputed
stage18-scaling-24a9adb84176,276,s2-step3400-f17of20-d3of4,2,2,3400,0.850,0.75,False,sparsity_failure,requested_member_1_sparsity_failure,0,False,not_applicable_cell_outcome,s2-step3400-f17of20-d3of4,,executed_cell_family,requested_member_1_sparsity_failure,True,,,True,True,True,executed_empty_family,False,median_circuit_size;median_pairwise_overlap;transfer_group_count;matched_fidelity;matched_sparsity,reported_as_empty_not_imputed
stage18-scaling-24a9adb84176,277,s2-step3400-f9of10-d1of4,2,2,3400,0.900,0.25,False,sparsity_failure,requested_member_1_sparsity_failure,0,False,not_applicable_cell_outcome,s2-step3400-f9of10-d1of4,,executed_cell_family,requested_member_1_sparsity_failure,True,,,True,True,True,executed_empty_family,False,median_circuit_size;median_pairwise_overlap;transfer_group_count;matched_fidelity;matched_sparsity,reported_as_empty_not_imputed
stage18-scaling-24a9adb84176,278,s2-step3400-f9of10-d1of2,2,2,3400,0.900,0.50,False,sparsity_failure,requested_member_1_sparsity_failure,0,False,not_applicable_cell_outcome,s2-step3400-f9of10-d1of2,,executed_cell_family,requested_member_1_sparsity_failure,True,,,True,True,True,executed_empty_family,False,median_circuit_size;median_pairwise_overlap;transfer_group_count;matched_fidelity;matched_sparsity,reported_as_empty_not_imputed
stage18-scaling-24a9adb84176,279,s2-step3400-f9of10-d3of4,2,2,3400,0.900,0.75,False,sparsity_failure,requested_member_1_sparsity_failure,0,False,not_applicable_cell_outcome,s2-step3400-f9of10-d3of4,,executed_cell_family,requested_member_1_sparsity_failure,True,,,True,True,True,executed_empty_family,False,median_circuit_size;median_pairwise_overlap;transfer_group_count;matched_fidelity;matched_sparsity,reported_as_empty_not_imputed
stage18-scaling-24a9adb84176,280,s2-step3400-f19of20-d1of4,2,2,3400,0.950,0.25,False,sparsity_failure,requested_member_1_sparsity_failure,0,False,not_applicable_cell_outcome,s2-step3400-f19of20-d1of4,,executed_cell_family,requested_member_1_sparsity_failure,True,,,True,True,True,executed_empty_family,False,median_circuit_size;median_pairwise_overlap;transfer_group_count;matched_fidelity;matched_sparsity,reported_as_empty_not_imputed
stage18-scaling-24a9adb84176,281,s2-step3400-f19of20-d1of2,2,2,3400,0.950,0.50,False,sparsity_failure,requested_member_1_sparsity_failure,0,False,not_applicable_cell_outcome,s2-step3400-f19of20-d1of2,,executed_cell_family,requested_member_1_sparsity_failure,True,,,True,True,True,executed_empty_family,False,median_circuit_size;median_pairwise_overlap;transfer_group_count;matched_fidelity;matched_sparsity,reported_as_empty_not_imputed
stage18-scaling-24a9adb84176,282,s2-step3400-f19of20-d3of4,2,2,3400,0.950,0.75,False,sparsity_failure,requested_member_1_sparsity_failure,0,False,not_applicable_cell_outcome,s2-step3400-f19of20-d3of4,,executed_cell_family,requested_member_1_sparsity_failure,True,,,True,True,True,executed_empty_family,False,median_circuit_size;median_pairwise_overlap;transfer_group_count;matched_fidelity;matched_sparsity,reported_as_empty_not_imputed
stage18-scaling-24a9adb84176,283,s2-step3400-f39of40-d1of4,2,2,3400,0.975,0.25,False,sparsity_failure,requested_member_1_sparsity_failure,0,False,not_applicable_cell_outcome,s2-step3400-f39of40-d1of4,,executed_cell_family,requested_member_1_sparsity_failure,True,,,True,True,True,executed_empty_family,False,median_circuit_size;median_pairwise_overlap;transfer_group_count;matched_fidelity;matched_sparsity,reported_as_empty_not_imputed
stage18-scaling-24a9adb84176,284,s2-step3400-f39of40-d1of2,2,2,3400,0.975,0.50,False,sparsity_failure,requested_member_1_sparsity_failure,0,False,not_applicable_cell_outcome,s2-step3400-f39of40-d1of2,,executed_cell_family,requested_member_1_sparsity_failure,True,,,True,True,True,executed_empty_family,False,median_circuit_size;median_pairwise_overlap;transfer_group_count;matched_fidelity;matched_sparsity,reported_as_empty_not_imputed
stage18-scaling-24a9adb84176,285,s2-step3400-f39of40-d3of4,2,2,3400,0.975,0.75,False,sparsity_failure,requested_member_1_sparsity_failure,0,False,not_applicable_cell_outcome,s2-step3400-f39of40-d3of4,,executed_cell_family,requested_member_1_sparsity_failure,True,,,True,True,True,executed_empty_family,False,median_circuit_size;median_pairwise_overlap;transfer_group_count;matched_fidelity;matched_sparsity,reported_as_empty_not_imputed
stage18-scaling-24a9adb84176,286,s2-step3400-f99of100-d1of4,2,2,3400,0.990,0.25,False,sparsity_failure,requested_member_1_sparsity_failure,0,False,not_applicable_cell_outcome,s2-step3400-f99of100-d1of4,,executed_cell_family,requested_member_1_sparsity_failure,True,,,True,True,True,executed_empty_family,False,median_circuit_size;median_pairwise_overlap;transfer_group_count;matched_fidelity;matched_sparsity,reported_as_empty_not_imputed
stage18-scaling-24a9adb84176,287,s2-step3400-f99of100-d1of2,2,2,3400,0.990,0.50,True,sparsity_failure,requested_member_1_sparsity_failure,0,False,not_applicable_cell_outcome,s2-step3400-f99of100-d1of2,,executed_cell_family,requested_member_1_sparsity_failure,True,,,True,True,True,executed_empty_family,False,median_circuit_size;median_pairwise_overlap;transfer_group_count;matched_fidelity;matched_sparsity,reported_as_empty_not_imputed
stage18-scaling-24a9adb84176,288,s2-step3400-f99of100-d3of4,2,2,3400,0.990,0.75,False,sparsity_failure,requested_member_1_sparsity_failure,0,False,not_applicable_cell_outcome,s2-step3400-f99of100-d3of4,,executed_cell_family,requested_member_1_sparsity_failure,True,,,True,True,True,executed_empty_family,False,median_circuit_size;median_pairwise_overlap;transfer_group_count;matched_fidelity;matched_sparsity,reported_as_empty_not_imputed
stage18-scaling-24a9adb84176,304,s2-step7450-f99of100-d1of4,2,3,7450,0.990,0.25,False,sparsity_failure,requested_member_1_sparsity_failure,0,False,not_applicable_cell_outcome,s2-step7450-f99of100-d1of4,,executed_cell_family,requested_member_1_sparsity_failure,True,,,True,True,True,executed_empty_family,False,median_circuit_size;median_pairwise_overlap;transfer_group_count;matched_fidelity;matched_sparsity,reported_as_empty_not_imputed
stage18-scaling-24a9adb84176,305,s2-step7450-f99of100-d1of2,2,3,7450,0.990,0.50,True,sparsity_failure,requested_member_1_sparsity_failure,0,False,not_applicable_cell_outcome,s2-step7450-f99of100-d1of2,,executed_cell_family,requested_member_1_sparsity_failure,True,,,True,True,True,executed_empty_family,False,median_circuit_size;median_pairwise_overlap;transfer_group_count;matched_fidelity;matched_sparsity,reported_as_empty_not_imputed
stage18-scaling-24a9adb84176,306,s2-step7450-f99of100-d3of4,2,3,7450,0.990,0.75,False,sparsity_failure,requested_member_1_sparsity_failure,0,False,not_applicable_cell_outcome,s2-step7450-f99of100-d3of4,,executed_cell_family,requested_member_1_sparsity_failure,True,,,True,True,True,executed_empty_family,False,median_circuit_size;median_pairwise_overlap;transfer_group_count;matched_fidelity;matched_sparsity,reported_as_empty_not_imputed
stage18-scaling-24a9adb84176,379,s3-step200-f4of5-d1of4,3,1,200,0.800,0.25,False,sparsity_failure,requested_member_1_sparsity_failure,0,False,not_applicable_cell_outcome,s3-step200-f4of5-d1of4,,executed_cell_family,requested_member_1_sparsity_failure,True,,,True,True,True,executed_empty_family,False,median_circuit_size;median_pairwise_overlap;transfer_group_count;matched_fidelity;matched_sparsity,reported_as_empty_not_imputed
stage18-scaling-24a9adb84176,380,s3-step200-f4of5-d1of2,3,1,200,0.800,0.50,False,sparsity_failure,requested_member_1_sparsity_failure,0,False,not_applicable_cell_outcome,s3-step200-f4of5-d1of2,,executed_cell_family,requested_member_1_sparsity_failure,True,,,True,True,True,executed_empty_family,False,median_circuit_size;median_pairwise_overlap;transfer_group_count;matched_fidelity;matched_sparsity,reported_as_empty_not_imputed
stage18-scaling-24a9adb84176,381,s3-step200-f4of5-d3of4,3,1,200,0.800,0.75,False,sparsity_failure,requested_member_1_sparsity_failure,0,False,not_applicable_cell_outcome,s3-step200-f4of5-d3of4,,executed_cell_family,requested_member_1_sparsity_failure,True,,,True,True,True,executed_empty_family,False,median_circuit_size;median_pairwise_overlap;transfer_group_count;matched_fidelity;matched_sparsity,reported_as_empty_not_imputed
stage18-scaling-24a9adb84176,382,s3-step200-f17of20-d1of4,3,1,200,0.850,0.25,False,sparsity_failure,requested_member_1_sparsity_failure,0,False,not_applicable_cell_outcome,s3-step200-f17of20-d1of4,,executed_cell_family,requested_member_1_sparsity_failure,True,,,True,True,True,executed_empty_family,False,median_circuit_size;median_pairwise_overlap;transfer_group_count;matched_fidelity;matched_sparsity,reported_as_empty_not_imputed
stage18-scaling-24a9adb84176,383,s3-step200-f17of20-d1of2,3,1,200,0.850,0.50,False,sparsity_failure,requested_member_1_sparsity_failure,0,False,not_applicable_cell_outcome,s3-step200-f17of20-d1of2,,executed_cell_family,requested_member_1_sparsity_failure,True,,,True,True,True,executed_empty_family,False,median_circuit_size;median_pairwise_overlap;transfer_group_count;matched_fidelity;matched_sparsity,reported_as_empty_not_imputed
stage18-scaling-24a9adb84176,384,s3-step200-f17of20-d3of4,3,1,200,0.850,0.75,False,sparsity_failure,requested_member_1_sparsity_failure,0,False,not_applicable_cell_outcome,s3-step200-f17of20-d3of4,,executed_cell_family,requested_member_1_sparsity_failure,True,,,True,True,True,executed_empty_family,False,median_circuit_size;median_pairwise_overlap;transfer_group_count;matched_fidelity;matched_sparsity,reported_as_empty_not_imputed
stage18-scaling-24a9adb84176,385,s3-step200-f9of10-d1of4,3,1,200,0.900,0.25,False,sparsity_failure,requested_member_1_sparsity_failure,0,False,not_applicable_cell_outcome,s3-step200-f9of10-d1of4,,executed_cell_family,requested_member_1_sparsity_failure,True,,,True,True,True,executed_empty_family,False,median_circuit_size;median_pairwise_overlap;transfer_group_count;matched_fidelity;matched_sparsity,reported_as_empty_not_imputed
stage18-scaling-24a9adb84176,386,s3-step200-f9of10-d1of2,3,1,200,0.900,0.50,False,sparsity_failure,requested_member_1_sparsity_failure,0,False,not_applicable_cell_outcome,s3-step200-f9of10-d1of2,,executed_cell_family,requested_member_1_sparsity_failure,True,,,True,True,True,executed_empty_family,False,median_circuit_size;median_pairwise_overlap;transfer_group_count;matched_fidelity;matched_sparsity,reported_as_empty_not_imputed
stage18-scaling-24a9adb84176,387,s3-step200-f9of10-d3of4,3,1,200,0.900,0.75,False,sparsity_failure,requested_member_1_sparsity_failure,0,False,not_applicable_cell_outcome,s3-step200-f9of10-d3of4,,executed_cell_family,requested_member_1_sparsity_failure,True,,,True,True,True,executed_empty_family,False,median_circuit_size;median_pairwise_overlap;transfer_group_count;matched_fidelity;matched_sparsity,reported_as_empty_not_imputed
stage18-scaling-24a9adb84176,388,s3-step200-f19of20-d1of4,3,1,200,0.950,0.25,False,sparsity_failure,requested_member_1_sparsity_failure,0,False,not_applicable_cell_outcome,s3-step200-f19of20-d1of4,,executed_cell_family,requested_member_1_sparsity_failure,True,,,True,True,True,executed_empty_family,False,median_circuit_size;median_pairwise_overlap;transfer_group_count;matched_fidelity;matched_sparsity,reported_as_empty_not_imputed
stage18-scaling-24a9adb84176,389,s3-step200-f19of20-d1of2,3,1,200,0.950,0.50,False,sparsity_failure,requested_member_1_sparsity_failure,0,False,not_applicable_cell_outcome,s3-step200-f19of20-d1of2,,executed_cell_family,requested_member_1_sparsity_failure,True,,,True,True,True,executed_empty_family,False,median_circuit_size;median_pairwise_overlap;transfer_group_count;matched_fidelity;matched_sparsity,reported_as_empty_not_imputed
stage18-scaling-24a9adb84176,390,s3-step200-f19of20-d3of4,3,1,200,0.950,0.75,False,sparsity_failure,requested_member_1_sparsity_failure,0,False,not_applicable_cell_outcome,s3-step200-f19of20-d3of4,,executed_cell_family,requested_member_1_sparsity_failure,True,,,True,True,True,executed_empty_family,False,median_circuit_size;median_pairwise_overlap;transfer_group_count;matched_fidelity;matched_sparsity,reported_as_empty_not_imputed
stage18-scaling-24a9adb84176,391,s3-step200-f39of40-d1of4,3,1,200,0.975,0.25,False,sparsity_failure,requested_member_1_sparsity_failure,0,False,not_applicable_cell_outcome,s3-step200-f39of40-d1of4,,executed_cell_family,requested_member_1_sparsity_failure,True,,,True,True,True,executed_empty_family,False,median_circuit_size;median_pairwise_overlap;transfer_group_count;matched_fidelity;matched_sparsity,reported_as_empty_not_imputed
stage18-scaling-24a9adb84176,392,s3-step200-f39of40-d1of2,3,1,200,0.975,0.50,False,sparsity_failure,requested_member_1_sparsity_failure,0,False,not_applicable_cell_outcome,s3-step200-f39of40-d1of2,,executed_cell_family,requested_member_1_sparsity_failure,True,,,True,True,True,executed_empty_family,False,median_circuit_size;median_pairwise_overlap;transfer_group_count;matched_fidelity;matched_sparsity,reported_as_empty_not_imputed
stage18-scaling-24a9adb84176,393,s3-step200-f39of40-d3of4,3,1,200,0.975,0.75,False,sparsity_failure,requested_member_1_sparsity_failure,0,False,not_applicable_cell_outcome,s3-step200-f39of40-d3of4,,executed_cell_family,requested_member_1_sparsity_failure,True,,,True,True,True,executed_empty_family,False,median_circuit_size;median_pairwise_overlap;transfer_group_count;matched_fidelity;matched_sparsity,reported_as_empty_not_imputed
stage18-scaling-24a9adb84176,394,s3-step200-f99of100-d1of4,3,1,200,0.990,0.25,False,sparsity_failure,requested_member_1_sparsity_failure,0,False,not_applicable_cell_outcome,s3-step200-f99of100-d1of4,,executed_cell_family,requested_member_1_sparsity_failure,True,,,True,True,True,executed_empty_family,False,median_circuit_size;median_pairwise_overlap;transfer_group_count;matched_fidelity;matched_sparsity,reported_as_empty_not_imputed
stage18-scaling-24a9adb84176,395,s3-step200-f99of100-d1of2,3,1,200,0.990,0.50,True,sparsity_failure,requested_member_1_sparsity_failure,0,False,not_applicable_cell_outcome,s3-step200-f99of100-d1of2,,executed_cell_family,requested_member_1_sparsity_failure,True,,,True,True,True,executed_empty_family,False,median_circuit_size;median_pairwise_overlap;transfer_group_count;matched_fidelity;matched_sparsity,reported_as_empty_not_imputed
stage18-scaling-24a9adb84176,396,s3-step200-f99of100-d3of4,3,1,200,0.990,0.75,False,sparsity_failure,requested_member_1_sparsity_failure,0,False,not_applicable_cell_outcome,s3-step200-f99of100-d3of4,,executed_cell_family,requested_member_1_sparsity_failure,True,,,True,True,True,executed_empty_family,False,median_circuit_size;median_pairwise_overlap;transfer_group_count;matched_fidelity;matched_sparsity,reported_as_empty_not_imputed
stage18-scaling-24a9adb84176,397,s3-step3400-f4of5-d1of4,3,2,3400,0.800,0.25,False,sparsity_failure,requested_member_1_sparsity_failure,0,False,not_applicable_cell_outcome,s3-step3400-f4of5-d1of4,,executed_cell_family,requested_member_1_sparsity_failure,True,,,True,True,True,executed_empty_family,False,median_circuit_size;median_pairwise_overlap;transfer_group_count;matched_fidelity;matched_sparsity,reported_as_empty_not_imputed
stage18-scaling-24a9adb84176,398,s3-step3400-f4of5-d1of2,3,2,3400,0.800,0.50,False,sparsity_failure,requested_member_1_sparsity_failure,0,False,not_applicable_cell_outcome,s3-step3400-f4of5-d1of2,,executed_cell_family,requested_member_1_sparsity_failure,True,,,True,True,True,executed_empty_family,False,median_circuit_size;median_pairwise_overlap;transfer_group_count;matched_fidelity;matched_sparsity,reported_as_empty_not_imputed
stage18-scaling-24a9adb84176,399,s3-step3400-f4of5-d3of4,3,2,3400,0.800,0.75,False,sparsity_failure,requested_member_1_sparsity_failure,0,False,not_applicable_cell_outcome,s3-step3400-f4of5-d3of4,,executed_cell_family,requested_member_1_sparsity_failure,True,,,True,True,True,executed_empty_family,False,median_circuit_size;median_pairwise_overlap;transfer_group_count;matched_fidelity;matched_sparsity,reported_as_empty_not_imputed
stage18-scaling-24a9adb84176,400,s3-step3400-f17of20-d1of4,3,2,3400,0.850,0.25,False,sparsity_failure,requested_member_1_sparsity_failure,0,False,not_applicable_cell_outcome,s3-step3400-f17of20-d1of4,,executed_cell_family,requested_member_1_sparsity_failure,True,,,True,True,True,executed_empty_family,False,median_circuit_size;median_pairwise_overlap;transfer_group_count;matched_fidelity;matched_sparsity,reported_as_empty_not_imputed
stage18-scaling-24a9adb84176,401,s3-step3400-f17of20-d1of2,3,2,3400,0.850,0.50,False,sparsity_failure,requested_member_1_sparsity_failure,0,False,not_applicable_cell_outcome,s3-step3400-f17of20-d1of2,,executed_cell_family,requested_member_1_sparsity_failure,True,,,True,True,True,executed_empty_family,False,median_circuit_size;median_pairwise_overlap;transfer_group_count;matched_fidelity;matched_sparsity,reported_as_empty_not_imputed
stage18-scaling-24a9adb84176,402,s3-step3400-f17of20-d3of4,3,2,3400,0.850,0.75,False,sparsity_failure,requested_member_1_sparsity_failure,0,False,not_applicable_cell_outcome,s3-step3400-f17of20-d3of4,,executed_cell_family,requested_member_1_sparsity_failure,True,,,True,True,True,executed_empty_family,False,median_circuit_size;median_pairwise_overlap;transfer_group_count;matched_fidelity;matched_sparsity,reported_as_empty_not_imputed
stage18-scaling-24a9adb84176,403,s3-step3400-f9of10-d1of4,3,2,3400,0.900,0.25,False,sparsity_failure,requested_member_1_sparsity_failure,0,False,not_applicable_cell_outcome,s3-step3400-f9of10-d1of4,,executed_cell_family,requested_member_1_sparsity_failure,True,,,True,True,True,executed_empty_family,False,median_circuit_size;median_pairwise_overlap;transfer_group_count;matched_fidelity;matched_sparsity,reported_as_empty_not_imputed
stage18-scaling-24a9adb84176,404,s3-step3400-f9of10-d1of2,3,2,3400,0.900,0.50,False,sparsity_failure,requested_member_1_sparsity_failure,0,False,not_applicable_cell_outcome,s3-step3400-f9of10-d1of2,,executed_cell_family,requested_member_1_sparsity_failure,True,,,True,True,True,executed_empty_family,False,median_circuit_size;median_pairwise_overlap;transfer_group_count;matched_fidelity;matched_sparsity,reported_as_empty_not_imputed
stage18-scaling-24a9adb84176,405,s3-step3400-f9of10-d3of4,3,2,3400,0.900,0.75,False,sparsity_failure,requested_member_1_sparsity_failure,0,False,not_applicable_cell_outcome,s3-step3400-f9of10-d3of4,,executed_cell_family,requested_member_1_sparsity_failure,True,,,True,True,True,executed_empty_family,False,median_circuit_size;median_pairwise_overlap;transfer_group_count;matched_fidelity;matched_sparsity,reported_as_empty_not_imputed
stage18-scaling-24a9adb84176,406,s3-step3400-f19of20-d1of4,3,2,3400,0.950,0.25,False,sparsity_failure,requested_member_1_sparsity_failure,0,False,not_applicable_cell_outcome,s3-step3400-f19of20-d1of4,,executed_cell_family,requested_member_1_sparsity_failure,True,,,True,True,True,executed_empty_family,False,median_circuit_size;median_pairwise_overlap;transfer_group_count;matched_fidelity;matched_sparsity,reported_as_empty_not_imputed
stage18-scaling-24a9adb84176,407,s3-step3400-f19of20-d1of2,3,2,3400,0.950,0.50,False,sparsity_failure,requested_member_1_sparsity_failure,0,False,not_applicable_cell_outcome,s3-step3400-f19of20-d1of2,,executed_cell_family,requested_member_1_sparsity_failure,True,,,True,True,True,executed_empty_family,False,median_circuit_size;median_pairwise_overlap;transfer_group_count;matched_fidelity;matched_sparsity,reported_as_empty_not_imputed
stage18-scaling-24a9adb84176,408,s3-step3400-f19of20-d3of4,3,2,3400,0.950,0.75,False,sparsity_failure,requested_member_1_sparsity_failure,0,False,not_applicable_cell_outcome,s3-step3400-f19of20-d3of4,,executed_cell_family,requested_member_1_sparsity_failure,True,,,True,True,True,executed_empty_family,False,median_circuit_size;median_pairwise_overlap;transfer_group_count;matched_fidelity;matched_sparsity,reported_as_empty_not_imputed
stage18-scaling-24a9adb84176,409,s3-step3400-f39of40-d1of4,3,2,3400,0.975,0.25,False,sparsity_failure,requested_member_1_sparsity_failure,0,False,not_applicable_cell_outcome,s3-step3400-f39of40-d1of4,,executed_cell_family,requested_member_1_sparsity_failure,True,,,True,True,True,executed_empty_family,False,median_circuit_size;median_pairwise_overlap;transfer_group_count;matched_fidelity;matched_sparsity,reported_as_empty_not_imputed
stage18-scaling-24a9adb84176,410,s3-step3400-f39of40-d1of2,3,2,3400,0.975,0.50,False,sparsity_failure,requested_member_1_sparsity_failure,0,False,not_applicable_cell_outcome,s3-step3400-f39of40-d1of2,,executed_cell_family,requested_member_1_sparsity_failure,True,,,True,True,True,executed_empty_family,False,median_circuit_size;median_pairwise_overlap;transfer_group_count;matched_fidelity;matched_sparsity,reported_as_empty_not_imputed
stage18-scaling-24a9adb84176,411,s3-step3400-f39of40-d3of4,3,2,3400,0.975,0.75,False,sparsity_failure,requested_member_1_sparsity_failure,0,False,not_applicable_cell_outcome,s3-step3400-f39of40-d3of4,,executed_cell_family,requested_member_1_sparsity_failure,True,,,True,True,True,executed_empty_family,False,median_circuit_size;median_pairwise_overlap;transfer_group_count;matched_fidelity;matched_sparsity,reported_as_empty_not_imputed
stage18-scaling-24a9adb84176,412,s3-step3400-f99of100-d1of4,3,2,3400,0.990,0.25,False,sparsity_failure,requested_member_1_sparsity_failure,0,False,not_applicable_cell_outcome,s3-step3400-f99of100-d1of4,,executed_cell_family,requested_member_1_sparsity_failure,True,,,True,True,True,executed_empty_family,False,median_circuit_size;median_pairwise_overlap;transfer_group_count;matched_fidelity;matched_sparsity,reported_as_empty_not_imputed
stage18-scaling-24a9adb84176,413,s3-step3400-f99of100-d1of2,3,2,3400,0.990,0.50,True,sparsity_failure,requested_member_1_sparsity_failure,0,False,not_applicable_cell_outcome,s3-step3400-f99of100-d1of2,,executed_cell_family,requested_member_1_sparsity_failure,True,,,True,True,True,executed_empty_family,False,median_circuit_size;median_pairwise_overlap;transfer_group_count;matched_fidelity;matched_sparsity,reported_as_empty_not_imputed
stage18-scaling-24a9adb84176,414,s3-step3400-f99of100-d3of4,3,2,3400,0.990,0.75,False,sparsity_failure,requested_member_1_sparsity_failure,0,False,not_applicable_cell_outcome,s3-step3400-f99of100-d3of4,,executed_cell_family,requested_member_1_sparsity_failure,True,,,True,True,True,executed_empty_family,False,median_circuit_size;median_pairwise_overlap;transfer_group_count;matched_fidelity;matched_sparsity,reported_as_empty_not_imputed
stage18-scaling-24a9adb84176,415,s3-step7450-f4of5-d1of4,3,3,7450,0.800,0.25,False,sparsity_failure,requested_member_1_sparsity_failure,0,False,not_applicable_cell_outcome,s3-step7450-f4of5-d1of4,,executed_cell_family,requested_member_1_sparsity_failure,True,,,True,True,True,executed_empty_family,False,median_circuit_size;median_pairwise_overlap;transfer_group_count;matched_fidelity;matched_sparsity,reported_as_empty_not_imputed
stage18-scaling-24a9adb84176,416,s3-step7450-f4of5-d1of2,3,3,7450,0.800,0.50,False,sparsity_failure,requested_member_1_sparsity_failure,0,False,not_applicable_cell_outcome,s3-step7450-f4of5-d1of2,,executed_cell_family,requested_member_1_sparsity_failure,True,,,True,True,True,executed_empty_family,False,median_circuit_size;median_pairwise_overlap;transfer_group_count;matched_fidelity;matched_sparsity,reported_as_empty_not_imputed
stage18-scaling-24a9adb84176,417,s3-step7450-f4of5-d3of4,3,3,7450,0.800,0.75,False,sparsity_failure,requested_member_1_sparsity_failure,0,False,not_applicable_cell_outcome,s3-step7450-f4of5-d3of4,,executed_cell_family,requested_member_1_sparsity_failure,True,,,True,True,True,executed_empty_family,False,median_circuit_size;median_pairwise_overlap;transfer_group_count;matched_fidelity;matched_sparsity,reported_as_empty_not_imputed
stage18-scaling-24a9adb84176,418,s3-step7450-f17of20-d1of4,3,3,7450,0.850,0.25,False,sparsity_failure,requested_member_1_sparsity_failure,0,False,not_applicable_cell_outcome,s3-step7450-f17of20-d1of4,,executed_cell_family,requested_member_1_sparsity_failure,True,,,True,True,True,executed_empty_family,False,median_circuit_size;median_pairwise_overlap;transfer_group_count;matched_fidelity;matched_sparsity,reported_as_empty_not_imputed
stage18-scaling-24a9adb84176,419,s3-step7450-f17of20-d1of2,3,3,7450,0.850,0.50,False,sparsity_failure,requested_member_1_sparsity_failure,0,False,not_applicable_cell_outcome,s3-step7450-f17of20-d1of2,,executed_cell_family,requested_member_1_sparsity_failure,True,,,True,True,True,executed_empty_family,False,median_circuit_size;median_pairwise_overlap;transfer_group_count;matched_fidelity;matched_sparsity,reported_as_empty_not_imputed
stage18-scaling-24a9adb84176,420,s3-step7450-f17of20-d3of4,3,3,7450,0.850,0.75,False,sparsity_failure,requested_member_1_sparsity_failure,0,False,not_applicable_cell_outcome,s3-step7450-f17of20-d3of4,,executed_cell_family,requested_member_1_sparsity_failure,True,,,True,True,True,executed_empty_family,False,median_circuit_size;median_pairwise_overlap;transfer_group_count;matched_fidelity;matched_sparsity,reported_as_empty_not_imputed
stage18-scaling-24a9adb84176,421,s3-step7450-f9of10-d1of4,3,3,7450,0.900,0.25,False,sparsity_failure,requested_member_1_sparsity_failure,0,False,not_applicable_cell_outcome,s3-step7450-f9of10-d1of4,,executed_cell_family,requested_member_1_sparsity_failure,True,,,True,True,True,executed_empty_family,False,median_circuit_size;median_pairwise_overlap;transfer_group_count;matched_fidelity;matched_sparsity,reported_as_empty_not_imputed
stage18-scaling-24a9adb84176,422,s3-step7450-f9of10-d1of2,3,3,7450,0.900,0.50,False,sparsity_failure,requested_member_1_sparsity_failure,0,False,not_applicable_cell_outcome,s3-step7450-f9of10-d1of2,,executed_cell_family,requested_member_1_sparsity_failure,True,,,True,True,True,executed_empty_family,False,median_circuit_size;median_pairwise_overlap;transfer_group_count;matched_fidelity;matched_sparsity,reported_as_empty_not_imputed
stage18-scaling-24a9adb84176,423,s3-step7450-f9of10-d3of4,3,3,7450,0.900,0.75,False,sparsity_failure,requested_member_1_sparsity_failure,0,False,not_applicable_cell_outcome,s3-step7450-f9of10-d3of4,,executed_cell_family,requested_member_1_sparsity_failure,True,,,True,True,True,executed_empty_family,False,median_circuit_size;median_pairwise_overlap;transfer_group_count;matched_fidelity;matched_sparsity,reported_as_empty_not_imputed
stage18-scaling-24a9adb84176,424,s3-step7450-f19of20-d1of4,3,3,7450,0.950,0.25,False,sparsity_failure,requested_member_1_sparsity_failure,0,False,not_applicable_cell_outcome,s3-step7450-f19of20-d1of4,,executed_cell_family,requested_member_1_sparsity_failure,True,,,True,True,True,executed_empty_family,False,median_circuit_size;median_pairwise_overlap;transfer_group_count;matched_fidelity;matched_sparsity,reported_as_empty_not_imputed
stage18-scaling-24a9adb84176,425,s3-step7450-f19of20-d1of2,3,3,7450,0.950,0.50,False,sparsity_failure,requested_member_1_sparsity_failure,0,False,not_applicable_cell_outcome,s3-step7450-f19of20-d1of2,,executed_cell_family,requested_member_1_sparsity_failure,True,,,True,True,True,executed_empty_family,False,median_circuit_size;median_pairwise_overlap;transfer_group_count;matched_fidelity;matched_sparsity,reported_as_empty_not_imputed
stage18-scaling-24a9adb84176,426,s3-step7450-f19of20-d3of4,3,3,7450,0.950,0.75,False,sparsity_failure,requested_member_1_sparsity_failure,0,False,not_applicable_cell_outcome,s3-step7450-f19of20-d3of4,,executed_cell_family,requested_member_1_sparsity_failure,True,,,True,True,True,executed_empty_family,False,median_circuit_size;median_pairwise_overlap;transfer_group_count;matched_fidelity;matched_sparsity,reported_as_empty_not_imputed
stage18-scaling-24a9adb84176,427,s3-step7450-f39of40-d1of4,3,3,7450,0.975,0.25,False,sparsity_failure,requested_member_1_sparsity_failure,0,False,not_applicable_cell_outcome,s3-step7450-f39of40-d1of4,,executed_cell_family,requested_member_1_sparsity_failure,True,,,True,True,True,executed_empty_family,False,median_circuit_size;median_pairwise_overlap;transfer_group_count;matched_fidelity;matched_sparsity,reported_as_empty_not_imputed
stage18-scaling-24a9adb84176,428,s3-step7450-f39of40-d1of2,3,3,7450,0.975,0.50,False,sparsity_failure,requested_member_1_sparsity_failure,0,False,not_applicable_cell_outcome,s3-step7450-f39of40-d1of2,,executed_cell_family,requested_member_1_sparsity_failure,True,,,True,True,True,executed_empty_family,False,median_circuit_size;median_pairwise_overlap;transfer_group_count;matched_fidelity;matched_sparsity,reported_as_empty_not_imputed
stage18-scaling-24a9adb84176,429,s3-step7450-f39of40-d3of4,3,3,7450,0.975,0.75,False,sparsity_failure,requested_member_1_sparsity_failure,0,False,not_applicable_cell_outcome,s3-step7450-f39of40-d3of4,,executed_cell_family,requested_member_1_sparsity_failure,True,,,True,True,True,executed_empty_family,False,median_circuit_size;median_pairwise_overlap;transfer_group_count;matched_fidelity;matched_sparsity,reported_as_empty_not_imputed
stage18-scaling-24a9adb84176,430,s3-step7450-f99of100-d1of4,3,3,7450,0.990,0.25,False,sparsity_failure,requested_member_1_sparsity_failure,0,False,not_applicable_cell_outcome,s3-step7450-f99of100-d1of4,,executed_cell_family,requested_member_1_sparsity_failure,True,,,True,True,True,executed_empty_family,False,median_circuit_size;median_pairwise_overlap;transfer_group_count;matched_fidelity;matched_sparsity,reported_as_empty_not_imputed
stage18-scaling-24a9adb84176,431,s3-step7450-f99of100-d1of2,3,3,7450,0.990,0.50,True,sparsity_failure,requested_member_1_sparsity_failure,0,False,not_applicable_cell_outcome,s3-step7450-f99of100-d1of2,,executed_cell_family,requested_member_1_sparsity_failure,True,,,True,True,True,executed_empty_family,False,median_circuit_size;median_pairwise_overlap;transfer_group_count;matched_fidelity;matched_sparsity,reported_as_empty_not_imputed
stage18-scaling-24a9adb84176,432,s3-step7450-f99of100-d3of4,3,3,7450,0.990,0.75,False,sparsity_failure,requested_member_1_sparsity_failure,0,False,not_applicable_cell_outcome,s3-step7450-f99of100-d3of4,,executed_cell_family,requested_member_1_sparsity_failure,True,,,True,True,True,executed_empty_family,False,median_circuit_size;median_pairwise_overlap;transfer_group_count;matched_fidelity;matched_sparsity,reported_as_empty_not_imputed
stage18-scaling-24a9adb84176,433,s3-step8150-f4of5-d1of4,3,4,8150,0.800,0.25,False,sparsity_failure,requested_member_1_sparsity_failure,0,False,not_applicable_cell_outcome,s3-step8150-f4of5-d1of4,,executed_cell_family,requested_member_1_sparsity_failure,True,,,True,True,True,executed_empty_family,False,median_circuit_size;median_pairwise_overlap;transfer_group_count;matched_fidelity;matched_sparsity,reported_as_empty_not_imputed
stage18-scaling-24a9adb84176,434,s3-step8150-f4of5-d1of2,3,4,8150,0.800,0.50,False,sparsity_failure,requested_member_1_sparsity_failure,0,False,not_applicable_cell_outcome,s3-step8150-f4of5-d1of2,,executed_cell_family,requested_member_1_sparsity_failure,True,,,True,True,True,executed_empty_family,False,median_circuit_size;median_pairwise_overlap;transfer_group_count;matched_fidelity;matched_sparsity,reported_as_empty_not_imputed
stage18-scaling-24a9adb84176,435,s3-step8150-f4of5-d3of4,3,4,8150,0.800,0.75,False,sparsity_failure,requested_member_1_sparsity_failure,0,False,not_applicable_cell_outcome,s3-step8150-f4of5-d3of4,,executed_cell_family,requested_member_1_sparsity_failure,True,,,True,True,True,executed_empty_family,False,median_circuit_size;median_pairwise_overlap;transfer_group_count;matched_fidelity;matched_sparsity,reported_as_empty_not_imputed
stage18-scaling-24a9adb84176,436,s3-step8150-f17of20-d1of4,3,4,8150,0.850,0.25,False,sparsity_failure,requested_member_1_sparsity_failure,0,False,not_applicable_cell_outcome,s3-step8150-f17of20-d1of4,,executed_cell_family,requested_member_1_sparsity_failure,True,,,True,True,True,executed_empty_family,False,median_circuit_size;median_pairwise_overlap;transfer_group_count;matched_fidelity;matched_sparsity,reported_as_empty_not_imputed
stage18-scaling-24a9adb84176,437,s3-step8150-f17of20-d1of2,3,4,8150,0.850,0.50,False,sparsity_failure,requested_member_1_sparsity_failure,0,False,not_applicable_cell_outcome,s3-step8150-f17of20-d1of2,,executed_cell_family,requested_member_1_sparsity_failure,True,,,True,True,True,executed_empty_family,False,median_circuit_size;median_pairwise_overlap;transfer_group_count;matched_fidelity;matched_sparsity,reported_as_empty_not_imputed
stage18-scaling-24a9adb84176,438,s3-step8150-f17of20-d3of4,3,4,8150,0.850,0.75,False,sparsity_failure,requested_member_1_sparsity_failure,0,False,not_applicable_cell_outcome,s3-step8150-f17of20-d3of4,,executed_cell_family,requested_member_1_sparsity_failure,True,,,True,True,True,executed_empty_family,False,median_circuit_size;median_pairwise_overlap;transfer_group_count;matched_fidelity;matched_sparsity,reported_as_empty_not_imputed
stage18-scaling-24a9adb84176,439,s3-step8150-f9of10-d1of4,3,4,8150,0.900,0.25,False,sparsity_failure,requested_member_1_sparsity_failure,0,False,not_applicable_cell_outcome,s3-step8150-f9of10-d1of4,,executed_cell_family,requested_member_1_sparsity_failure,True,,,True,True,True,executed_empty_family,False,median_circuit_size;median_pairwise_overlap;transfer_group_count;matched_fidelity;matched_sparsity,reported_as_empty_not_imputed
stage18-scaling-24a9adb84176,440,s3-step8150-f9of10-d1of2,3,4,8150,0.900,0.50,False,sparsity_failure,requested_member_1_sparsity_failure,0,False,not_applicable_cell_outcome,s3-step8150-f9of10-d1of2,,executed_cell_family,requested_member_1_sparsity_failure,True,,,True,True,True,executed_empty_family,False,median_circuit_size;median_pairwise_overlap;transfer_group_count;matched_fidelity;matched_sparsity,reported_as_empty_not_imputed
stage18-scaling-24a9adb84176,441,s3-step8150-f9of10-d3of4,3,4,8150,0.900,0.75,False,sparsity_failure,requested_member_1_sparsity_failure,0,False,not_applicable_cell_outcome,s3-step8150-f9of10-d3of4,,executed_cell_family,requested_member_1_sparsity_failure,True,,,True,True,True,executed_empty_family,False,median_circuit_size;median_pairwise_overlap;transfer_group_count;matched_fidelity;matched_sparsity,reported_as_empty_not_imputed
stage18-scaling-24a9adb84176,442,s3-step8150-f19of20-d1of4,3,4,8150,0.950,0.25,False,sparsity_failure,requested_member_1_sparsity_failure,0,False,not_applicable_cell_outcome,s3-step8150-f19of20-d1of4,,executed_cell_family,requested_member_1_sparsity_failure,True,,,True,True,True,executed_empty_family,False,median_circuit_size;median_pairwise_overlap;transfer_group_count;matched_fidelity;matched_sparsity,reported_as_empty_not_imputed
stage18-scaling-24a9adb84176,443,s3-step8150-f19of20-d1of2,3,4,8150,0.950,0.50,False,sparsity_failure,requested_member_1_sparsity_failure,0,False,not_applicable_cell_outcome,s3-step8150-f19of20-d1of2,,executed_cell_family,requested_member_1_sparsity_failure,True,,,True,True,True,executed_empty_family,False,median_circuit_size;median_pairwise_overlap;transfer_group_count;matched_fidelity;matched_sparsity,reported_as_empty_not_imputed
stage18-scaling-24a9adb84176,444,s3-step8150-f19of20-d3of4,3,4,8150,0.950,0.75,False,sparsity_failure,requested_member_1_sparsity_failure,0,False,not_applicable_cell_outcome,s3-step8150-f19of20-d3of4,,executed_cell_family,requested_member_1_sparsity_failure,True,,,True,True,True,executed_empty_family,False,median_circuit_size;median_pairwise_overlap;transfer_group_count;matched_fidelity;matched_sparsity,reported_as_empty_not_imputed
stage18-scaling-24a9adb84176,445,s3-step8150-f39of40-d1of4,3,4,8150,0.975,0.25,False,sparsity_failure,requested_member_1_sparsity_failure,0,False,not_applicable_cell_outcome,s3-step8150-f39of40-d1of4,,executed_cell_family,requested_member_1_sparsity_failure,True,,,True,True,True,executed_empty_family,False,median_circuit_size;median_pairwise_overlap;transfer_group_count;matched_fidelity;matched_sparsity,reported_as_empty_not_imputed
stage18-scaling-24a9adb84176,446,s3-step8150-f39of40-d1of2,3,4,8150,0.975,0.50,False,sparsity_failure,requested_member_1_sparsity_failure,0,False,not_applicable_cell_outcome,s3-step8150-f39of40-d1of2,,executed_cell_family,requested_member_1_sparsity_failure,True,,,True,True,True,executed_empty_family,False,median_circuit_size;median_pairwise_overlap;transfer_group_count;matched_fidelity;matched_sparsity,reported_as_empty_not_imputed
stage18-scaling-24a9adb84176,447,s3-step8150-f39of40-d3of4,3,4,8150,0.975,0.75,False,sparsity_failure,requested_member_1_sparsity_failure,0,False,not_applicable_cell_outcome,s3-step8150-f39of40-d3of4,,executed_cell_family,requested_member_1_sparsity_failure,True,,,True,True,True,executed_empty_family,False,median_circuit_size;median_pairwise_overlap;transfer_group_count;matched_fidelity;matched_sparsity,reported_as_empty_not_imputed
stage18-scaling-24a9adb84176,448,s3-step8150-f99of100-d1of4,3,4,8150,0.990,0.25,False,sparsity_failure,requested_member_1_sparsity_failure,0,False,not_applicable_cell_outcome,s3-step8150-f99of100-d1of4,,executed_cell_family,requested_member_1_sparsity_failure,True,,,True,True,True,executed_empty_family,False,median_circuit_size;median_pairwise_overlap;transfer_group_count;matched_fidelity;matched_sparsity,reported_as_empty_not_imputed
stage18-scaling-24a9adb84176,449,s3-step8150-f99of100-d1of2,3,4,8150,0.990,0.50,True,sparsity_failure,requested_member_1_sparsity_failure,0,False,not_applicable_cell_outcome,s3-step8150-f99of100-d1of2,,executed_cell_family,requested_member_1_sparsity_failure,True,,,True,True,True,executed_empty_family,False,median_circuit_size;median_pairwise_overlap;transfer_group_count;matched_fidelity;matched_sparsity,reported_as_empty_not_imputed
stage18-scaling-24a9adb84176,450,s3-step8150-f99of100-d3of4,3,4,8150,0.990,0.75,False,sparsity_failure,requested_member_1_sparsity_failure,0,False,not_applicable_cell_outcome,s3-step8150-f99of100-d3of4,,executed_cell_family,requested_member_1_sparsity_failure,True,,,True,True,True,executed_empty_family,False,median_circuit_size;median_pairwise_overlap;transfer_group_count;matched_fidelity;matched_sparsity,reported_as_empty_not_imputed
stage18-scaling-24a9adb84176,451,s3-step8500-f4of5-d1of4,3,5,8500,0.800,0.25,False,sparsity_failure,requested_member_1_sparsity_failure,0,False,not_applicable_cell_outcome,s3-step8500-f4of5-d1of4,,executed_cell_family,requested_member_1_sparsity_failure,True,,,True,True,True,executed_empty_family,False,median_circuit_size;median_pairwise_overlap;transfer_group_count;matched_fidelity;matched_sparsity,reported_as_empty_not_imputed
stage18-scaling-24a9adb84176,452,s3-step8500-f4of5-d1of2,3,5,8500,0.800,0.50,False,sparsity_failure,requested_member_1_sparsity_failure,0,False,not_applicable_cell_outcome,s3-step8500-f4of5-d1of2,,executed_cell_family,requested_member_1_sparsity_failure,True,,,True,True,True,executed_empty_family,False,median_circuit_size;median_pairwise_overlap;transfer_group_count;matched_fidelity;matched_sparsity,reported_as_empty_not_imputed
stage18-scaling-24a9adb84176,453,s3-step8500-f4of5-d3of4,3,5,8500,0.800,0.75,False,sparsity_failure,requested_member_1_sparsity_failure,0,False,not_applicable_cell_outcome,s3-step8500-f4of5-d3of4,,executed_cell_family,requested_member_1_sparsity_failure,True,,,True,True,True,executed_empty_family,False,median_circuit_size;median_pairwise_overlap;transfer_group_count;matched_fidelity;matched_sparsity,reported_as_empty_not_imputed
stage18-scaling-24a9adb84176,454,s3-step8500-f17of20-d1of4,3,5,8500,0.850,0.25,False,sparsity_failure,requested_member_1_sparsity_failure,0,False,not_applicable_cell_outcome,s3-step8500-f17of20-d1of4,,executed_cell_family,requested_member_1_sparsity_failure,True,,,True,True,True,executed_empty_family,False,median_circuit_size;median_pairwise_overlap;transfer_group_count;matched_fidelity;matched_sparsity,reported_as_empty_not_imputed
stage18-scaling-24a9adb84176,455,s3-step8500-f17of20-d1of2,3,5,8500,0.850,0.50,False,sparsity_failure,requested_member_1_sparsity_failure,0,False,not_applicable_cell_outcome,s3-step8500-f17of20-d1of2,,executed_cell_family,requested_member_1_sparsity_failure,True,,,True,True,True,executed_empty_family,False,median_circuit_size;median_pairwise_overlap;transfer_group_count;matched_fidelity;matched_sparsity,reported_as_empty_not_imputed
stage18-scaling-24a9adb84176,456,s3-step8500-f17of20-d3of4,3,5,8500,0.850,0.75,False,sparsity_failure,requested_member_1_sparsity_failure,0,False,not_applicable_cell_outcome,s3-step8500-f17of20-d3of4,,executed_cell_family,requested_member_1_sparsity_failure,True,,,True,True,True,executed_empty_family,False,median_circuit_size;median_pairwise_overlap;transfer_group_count;matched_fidelity;matched_sparsity,reported_as_empty_not_imputed
stage18-scaling-24a9adb84176,457,s3-step8500-f9of10-d1of4,3,5,8500,0.900,0.25,False,sparsity_failure,requested_member_1_sparsity_failure,0,False,not_applicable_cell_outcome,s3-step8500-f9of10-d1of4,,executed_cell_family,requested_member_1_sparsity_failure,True,,,True,True,True,executed_empty_family,False,median_circuit_size;median_pairwise_overlap;transfer_group_count;matched_fidelity;matched_sparsity,reported_as_empty_not_imputed
stage18-scaling-24a9adb84176,458,s3-step8500-f9of10-d1of2,3,5,8500,0.900,0.50,False,sparsity_failure,requested_member_1_sparsity_failure,0,False,not_applicable_cell_outcome,s3-step8500-f9of10-d1of2,,executed_cell_family,requested_member_1_sparsity_failure,True,,,True,True,True,executed_empty_family,False,median_circuit_size;median_pairwise_overlap;transfer_group_count;matched_fidelity;matched_sparsity,reported_as_empty_not_imputed
stage18-scaling-24a9adb84176,459,s3-step8500-f9of10-d3of4,3,5,8500,0.900,0.75,False,sparsity_failure,requested_member_1_sparsity_failure,0,False,not_applicable_cell_outcome,s3-step8500-f9of10-d3of4,,executed_cell_family,requested_member_1_sparsity_failure,True,,,True,True,True,executed_empty_family,False,median_circuit_size;median_pairwise_overlap;transfer_group_count;matched_fidelity;matched_sparsity,reported_as_empty_not_imputed
stage18-scaling-24a9adb84176,460,s3-step8500-f19of20-d1of4,3,5,8500,0.950,0.25,False,sparsity_failure,requested_member_1_sparsity_failure,0,False,not_applicable_cell_outcome,s3-step8500-f19of20-d1of4,,executed_cell_family,requested_member_1_sparsity_failure,True,,,True,True,True,executed_empty_family,False,median_circuit_size;median_pairwise_overlap;transfer_group_count;matched_fidelity;matched_sparsity,reported_as_empty_not_imputed
stage18-scaling-24a9adb84176,461,s3-step8500-f19of20-d1of2,3,5,8500,0.950,0.50,False,sparsity_failure,requested_member_1_sparsity_failure,0,False,not_applicable_cell_outcome,s3-step8500-f19of20-d1of2,,executed_cell_family,requested_member_1_sparsity_failure,True,,,True,True,True,executed_empty_family,False,median_circuit_size;median_pairwise_overlap;transfer_group_count;matched_fidelity;matched_sparsity,reported_as_empty_not_imputed
stage18-scaling-24a9adb84176,462,s3-step8500-f19of20-d3of4,3,5,8500,0.950,0.75,False,sparsity_failure,requested_member_1_sparsity_failure,0,False,not_applicable_cell_outcome,s3-step8500-f19of20-d3of4,,executed_cell_family,requested_member_1_sparsity_failure,True,,,True,True,True,executed_empty_family,False,median_circuit_size;median_pairwise_overlap;transfer_group_count;matched_fidelity;matched_sparsity,reported_as_empty_not_imputed
stage18-scaling-24a9adb84176,463,s3-step8500-f39of40-d1of4,3,5,8500,0.975,0.25,False,sparsity_failure,requested_member_1_sparsity_failure,0,False,not_applicable_cell_outcome,s3-step8500-f39of40-d1of4,,executed_cell_family,requested_member_1_sparsity_failure,True,,,True,True,True,executed_empty_family,False,median_circuit_size;median_pairwise_overlap;transfer_group_count;matched_fidelity;matched_sparsity,reported_as_empty_not_imputed
stage18-scaling-24a9adb84176,464,s3-step8500-f39of40-d1of2,3,5,8500,0.975,0.50,False,sparsity_failure,requested_member_1_sparsity_failure,0,False,not_applicable_cell_outcome,s3-step8500-f39of40-d1of2,,executed_cell_family,requested_member_1_sparsity_failure,True,,,True,True,True,executed_empty_family,False,median_circuit_size;median_pairwise_overlap;transfer_group_count;matched_fidelity;matched_sparsity,reported_as_empty_not_imputed
stage18-scaling-24a9adb84176,465,s3-step8500-f39of40-d3of4,3,5,8500,0.975,0.75,False,sparsity_failure,requested_member_1_sparsity_failure,0,False,not_applicable_cell_outcome,s3-step8500-f39of40-d3of4,,executed_cell_family,requested_member_1_sparsity_failure,True,,,True,True,True,executed_empty_family,False,median_circuit_size;median_pairwise_overlap;transfer_group_count;matched_fidelity;matched_sparsity,reported_as_empty_not_imputed
stage18-scaling-24a9adb84176,466,s3-step8500-f99of100-d1of4,3,5,8500,0.990,0.25,False,sparsity_failure,requested_member_1_sparsity_failure,0,False,not_applicable_cell_outcome,s3-step8500-f99of100-d1of4,,executed_cell_family,requested_member_1_sparsity_failure,True,,,True,True,True,executed_empty_family,False,median_circuit_size;median_pairwise_overlap;transfer_group_count;matched_fidelity;matched_sparsity,reported_as_empty_not_imputed
stage18-scaling-24a9adb84176,467,s3-step8500-f99of100-d1of2,3,5,8500,0.990,0.50,True,sparsity_failure,requested_member_1_sparsity_failure,0,False,not_applicable_cell_outcome,s3-step8500-f99of100-d1of2,,executed_cell_family,requested_member_1_sparsity_failure,True,,,True,True,True,executed_empty_family,False,median_circuit_size;median_pairwise_overlap;transfer_group_count;matched_fidelity;matched_sparsity,reported_as_empty_not_imputed
stage18-scaling-24a9adb84176,468,s3-step8500-f99of100-d3of4,3,5,8500,0.990,0.75,False,sparsity_failure,requested_member_1_sparsity_failure,0,False,not_applicable_cell_outcome,s3-step8500-f99of100-d3of4,,executed_cell_family,requested_member_1_sparsity_failure,True,,,True,True,True,executed_empty_family,False,median_circuit_size;median_pairwise_overlap;transfer_group_count;matched_fidelity;matched_sparsity,reported_as_empty_not_imputed
stage18-scaling-24a9adb84176,469,s3-step8650-f4of5-d1of4,3,6,8650,0.800,0.25,False,sparsity_failure,requested_member_1_sparsity_failure,0,False,not_applicable_cell_outcome,s3-step8650-f4of5-d1of4,,executed_cell_family,requested_member_1_sparsity_failure,True,,,True,True,True,executed_empty_family,False,median_circuit_size;median_pairwise_overlap;transfer_group_count;matched_fidelity;matched_sparsity,reported_as_empty_not_imputed
stage18-scaling-24a9adb84176,470,s3-step8650-f4of5-d1of2,3,6,8650,0.800,0.50,False,sparsity_failure,requested_member_1_sparsity_failure,0,False,not_applicable_cell_outcome,s3-step8650-f4of5-d1of2,,executed_cell_family,requested_member_1_sparsity_failure,True,,,True,True,True,executed_empty_family,False,median_circuit_size;median_pairwise_overlap;transfer_group_count;matched_fidelity;matched_sparsity,reported_as_empty_not_imputed
stage18-scaling-24a9adb84176,471,s3-step8650-f4of5-d3of4,3,6,8650,0.800,0.75,False,sparsity_failure,requested_member_1_sparsity_failure,0,False,not_applicable_cell_outcome,s3-step8650-f4of5-d3of4,,executed_cell_family,requested_member_1_sparsity_failure,True,,,True,True,True,executed_empty_family,False,median_circuit_size;median_pairwise_overlap;transfer_group_count;matched_fidelity;matched_sparsity,reported_as_empty_not_imputed
stage18-scaling-24a9adb84176,472,s3-step8650-f17of20-d1of4,3,6,8650,0.850,0.25,False,sparsity_failure,requested_member_1_sparsity_failure,0,False,not_applicable_cell_outcome,s3-step8650-f17of20-d1of4,,executed_cell_family,requested_member_1_sparsity_failure,True,,,True,True,True,executed_empty_family,False,median_circuit_size;median_pairwise_overlap;transfer_group_count;matched_fidelity;matched_sparsity,reported_as_empty_not_imputed
stage18-scaling-24a9adb84176,473,s3-step8650-f17of20-d1of2,3,6,8650,0.850,0.50,False,sparsity_failure,requested_member_1_sparsity_failure,0,False,not_applicable_cell_outcome,s3-step8650-f17of20-d1of2,,executed_cell_family,requested_member_1_sparsity_failure,True,,,True,True,True,executed_empty_family,False,median_circuit_size;median_pairwise_overlap;transfer_group_count;matched_fidelity;matched_sparsity,reported_as_empty_not_imputed
stage18-scaling-24a9adb84176,474,s3-step8650-f17of20-d3of4,3,6,8650,0.850,0.75,False,sparsity_failure,requested_member_1_sparsity_failure,0,False,not_applicable_cell_outcome,s3-step8650-f17of20-d3of4,,executed_cell_family,requested_member_1_sparsity_failure,True,,,True,True,True,executed_empty_family,False,median_circuit_size;median_pairwise_overlap;transfer_group_count;matched_fidelity;matched_sparsity,reported_as_empty_not_imputed
stage18-scaling-24a9adb84176,475,s3-step8650-f9of10-d1of4,3,6,8650,0.900,0.25,False,sparsity_failure,requested_member_1_sparsity_failure,0,False,not_applicable_cell_outcome,s3-step8650-f9of10-d1of4,,executed_cell_family,requested_member_1_sparsity_failure,True,,,True,True,True,executed_empty_family,False,median_circuit_size;median_pairwise_overlap;transfer_group_count;matched_fidelity;matched_sparsity,reported_as_empty_not_imputed
stage18-scaling-24a9adb84176,476,s3-step8650-f9of10-d1of2,3,6,8650,0.900,0.50,False,sparsity_failure,requested_member_1_sparsity_failure,0,False,not_applicable_cell_outcome,s3-step8650-f9of10-d1of2,,executed_cell_family,requested_member_1_sparsity_failure,True,,,True,True,True,executed_empty_family,False,median_circuit_size;median_pairwise_overlap;transfer_group_count;matched_fidelity;matched_sparsity,reported_as_empty_not_imputed
stage18-scaling-24a9adb84176,477,s3-step8650-f9of10-d3of4,3,6,8650,0.900,0.75,False,sparsity_failure,requested_member_1_sparsity_failure,0,False,not_applicable_cell_outcome,s3-step8650-f9of10-d3of4,,executed_cell_family,requested_member_1_sparsity_failure,True,,,True,True,True,executed_empty_family,False,median_circuit_size;median_pairwise_overlap;transfer_group_count;matched_fidelity;matched_sparsity,reported_as_empty_not_imputed
stage18-scaling-24a9adb84176,478,s3-step8650-f19of20-d1of4,3,6,8650,0.950,0.25,False,sparsity_failure,requested_member_1_sparsity_failure,0,False,not_applicable_cell_outcome,s3-step8650-f19of20-d1of4,,executed_cell_family,requested_member_1_sparsity_failure,True,,,True,True,True,executed_empty_family,False,median_circuit_size;median_pairwise_overlap;transfer_group_count;matched_fidelity;matched_sparsity,reported_as_empty_not_imputed
stage18-scaling-24a9adb84176,479,s3-step8650-f19of20-d1of2,3,6,8650,0.950,0.50,False,sparsity_failure,requested_member_1_sparsity_failure,0,False,not_applicable_cell_outcome,s3-step8650-f19of20-d1of2,,executed_cell_family,requested_member_1_sparsity_failure,True,,,True,True,True,executed_empty_family,False,median_circuit_size;median_pairwise_overlap;transfer_group_count;matched_fidelity;matched_sparsity,reported_as_empty_not_imputed
stage18-scaling-24a9adb84176,480,s3-step8650-f19of20-d3of4,3,6,8650,0.950,0.75,False,sparsity_failure,requested_member_1_sparsity_failure,0,False,not_applicable_cell_outcome,s3-step8650-f19of20-d3of4,,executed_cell_family,requested_member_1_sparsity_failure,True,,,True,True,True,executed_empty_family,False,median_circuit_size;median_pairwise_overlap;transfer_group_count;matched_fidelity;matched_sparsity,reported_as_empty_not_imputed
stage18-scaling-24a9adb84176,481,s3-step8650-f39of40-d1of4,3,6,8650,0.975,0.25,False,sparsity_failure,requested_member_1_sparsity_failure,0,False,not_applicable_cell_outcome,s3-step8650-f39of40-d1of4,,executed_cell_family,requested_member_1_sparsity_failure,True,,,True,True,True,executed_empty_family,False,median_circuit_size;median_pairwise_overlap;transfer_group_count;matched_fidelity;matched_sparsity,reported_as_empty_not_imputed
stage18-scaling-24a9adb84176,482,s3-step8650-f39of40-d1of2,3,6,8650,0.975,0.50,False,sparsity_failure,requested_member_1_sparsity_failure,0,False,not_applicable_cell_outcome,s3-step8650-f39of40-d1of2,,executed_cell_family,requested_member_1_sparsity_failure,True,,,True,True,True,executed_empty_family,False,median_circuit_size;median_pairwise_overlap;transfer_group_count;matched_fidelity;matched_sparsity,reported_as_empty_not_imputed
stage18-scaling-24a9adb84176,483,s3-step8650-f39of40-d3of4,3,6,8650,0.975,0.75,False,sparsity_failure,requested_member_1_sparsity_failure,0,False,not_applicable_cell_outcome,s3-step8650-f39of40-d3of4,,executed_cell_family,requested_member_1_sparsity_failure,True,,,True,True,True,executed_empty_family,False,median_circuit_size;median_pairwise_overlap;transfer_group_count;matched_fidelity;matched_sparsity,reported_as_empty_not_imputed
stage18-scaling-24a9adb84176,484,s3-step8650-f99of100-d1of4,3,6,8650,0.990,0.25,False,sparsity_failure,requested_member_1_sparsity_failure,0,False,not_applicable_cell_outcome,s3-step8650-f99of100-d1of4,,executed_cell_family,requested_member_1_sparsity_failure,True,,,True,True,True,executed_empty_family,False,median_circuit_size;median_pairwise_overlap;transfer_group_count;matched_fidelity;matched_sparsity,reported_as_empty_not_imputed
stage18-scaling-24a9adb84176,485,s3-step8650-f99of100-d1of2,3,6,8650,0.990,0.50,True,sparsity_failure,requested_member_1_sparsity_failure,0,False,not_applicable_cell_outcome,s3-step8650-f99of100-d1of2,,executed_cell_family,requested_member_1_sparsity_failure,True,,,True,True,True,executed_empty_family,False,median_circuit_size;median_pairwise_overlap;transfer_group_count;matched_fidelity;matched_sparsity,reported_as_empty_not_imputed
stage18-scaling-24a9adb84176,486,s3-step8650-f99of100-d3of4,3,6,8650,0.990,0.75,False,sparsity_failure,requested_member_1_sparsity_failure,0,False,not_applicable_cell_outcome,s3-step8650-f99of100-d3of4,,executed_cell_family,requested_member_1_sparsity_failure,True,,,True,True,True,executed_empty_family,False,median_circuit_size;median_pairwise_overlap;transfer_group_count;matched_fidelity;matched_sparsity,reported_as_empty_not_imputed
stage18-scaling-24a9adb84176,490,s3-step9050-f17of20-d1of4,3,7,9050,0.850,0.25,False,sparsity_failure,requested_member_1_sparsity_failure,0,False,not_applicable_cell_outcome,s3-step9050-f17of20-d1of4,,executed_cell_family,requested_member_1_sparsity_failure,True,,,True,True,True,executed_empty_family,False,median_circuit_size;median_pairwise_overlap;transfer_group_count;matched_fidelity;matched_sparsity,reported_as_empty_not_imputed
stage18-scaling-24a9adb84176,491,s3-step9050-f17of20-d1of2,3,7,9050,0.850,0.50,False,sparsity_failure,requested_member_1_sparsity_failure,0,False,not_applicable_cell_outcome,s3-step9050-f17of20-d1of2,,executed_cell_family,requested_member_1_sparsity_failure,True,,,True,True,True,executed_empty_family,False,median_circuit_size;median_pairwise_overlap;transfer_group_count;matched_fidelity;matched_sparsity,reported_as_empty_not_imputed
stage18-scaling-24a9adb84176,492,s3-step9050-f17of20-d3of4,3,7,9050,0.850,0.75,False,sparsity_failure,requested_member_1_sparsity_failure,0,False,not_applicable_cell_outcome,s3-step9050-f17of20-d3of4,,executed_cell_family,requested_member_1_sparsity_failure,True,,,True,True,True,executed_empty_family,False,median_circuit_size;median_pairwise_overlap;transfer_group_count;matched_fidelity;matched_sparsity,reported_as_empty_not_imputed
stage18-scaling-24a9adb84176,493,s3-step9050-f9of10-d1of4,3,7,9050,0.900,0.25,False,sparsity_failure,requested_member_1_sparsity_failure,0,False,not_applicable_cell_outcome,s3-step9050-f9of10-d1of4,,executed_cell_family,requested_member_1_sparsity_failure,True,,,True,True,True,executed_empty_family,False,median_circuit_size;median_pairwise_overlap;transfer_group_count;matched_fidelity;matched_sparsity,reported_as_empty_not_imputed
stage18-scaling-24a9adb84176,494,s3-step9050-f9of10-d1of2,3,7,9050,0.900,0.50,False,sparsity_failure,requested_member_1_sparsity_failure,0,False,not_applicable_cell_outcome,s3-step9050-f9of10-d1of2,,executed_cell_family,requested_member_1_sparsity_failure,True,,,True,True,True,executed_empty_family,False,median_circuit_size;median_pairwise_overlap;transfer_group_count;matched_fidelity;matched_sparsity,reported_as_empty_not_imputed
stage18-scaling-24a9adb84176,495,s3-step9050-f9of10-d3of4,3,7,9050,0.900,0.75,False,sparsity_failure,requested_member_1_sparsity_failure,0,False,not_applicable_cell_outcome,s3-step9050-f9of10-d3of4,,executed_cell_family,requested_member_1_sparsity_failure,True,,,True,True,True,executed_empty_family,False,median_circuit_size;median_pairwise_overlap;transfer_group_count;matched_fidelity;matched_sparsity,reported_as_empty_not_imputed
stage18-scaling-24a9adb84176,496,s3-step9050-f19of20-d1of4,3,7,9050,0.950,0.25,False,sparsity_failure,requested_member_1_sparsity_failure,0,False,not_applicable_cell_outcome,s3-step9050-f19of20-d1of4,,executed_cell_family,requested_member_1_sparsity_failure,True,,,True,True,True,executed_empty_family,False,median_circuit_size;median_pairwise_overlap;transfer_group_count;matched_fidelity;matched_sparsity,reported_as_empty_not_imputed
stage18-scaling-24a9adb84176,497,s3-step9050-f19of20-d1of2,3,7,9050,0.950,0.50,False,sparsity_failure,requested_member_1_sparsity_failure,0,False,not_applicable_cell_outcome,s3-step9050-f19of20-d1of2,,executed_cell_family,requested_member_1_sparsity_failure,True,,,True,True,True,executed_empty_family,False,median_circuit_size;median_pairwise_overlap;transfer_group_count;matched_fidelity;matched_sparsity,reported_as_empty_not_imputed
stage18-scaling-24a9adb84176,498,s3-step9050-f19of20-d3of4,3,7,9050,0.950,0.75,False,sparsity_failure,requested_member_1_sparsity_failure,0,False,not_applicable_cell_outcome,s3-step9050-f19of20-d3of4,,executed_cell_family,requested_member_1_sparsity_failure,True,,,True,True,True,executed_empty_family,False,median_circuit_size;median_pairwise_overlap;transfer_group_count;matched_fidelity;matched_sparsity,reported_as_empty_not_imputed
stage18-scaling-24a9adb84176,499,s3-step9050-f39of40-d1of4,3,7,9050,0.975,0.25,False,sparsity_failure,requested_member_1_sparsity_failure,0,False,not_applicable_cell_outcome,s3-step9050-f39of40-d1of4,,executed_cell_family,requested_member_1_sparsity_failure,True,,,True,True,True,executed_empty_family,False,median_circuit_size;median_pairwise_overlap;transfer_group_count;matched_fidelity;matched_sparsity,reported_as_empty_not_imputed
stage18-scaling-24a9adb84176,500,s3-step9050-f39of40-d1of2,3,7,9050,0.975,0.50,False,sparsity_failure,requested_member_1_sparsity_failure,0,False,not_applicable_cell_outcome,s3-step9050-f39of40-d1of2,,executed_cell_family,requested_member_1_sparsity_failure,True,,,True,True,True,executed_empty_family,False,median_circuit_size;median_pairwise_overlap;transfer_group_count;matched_fidelity;matched_sparsity,reported_as_empty_not_imputed
stage18-scaling-24a9adb84176,501,s3-step9050-f39of40-d3of4,3,7,9050,0.975,0.75,False,sparsity_failure,requested_member_1_sparsity_failure,0,False,not_applicable_cell_outcome,s3-step9050-f39of40-d3of4,,executed_cell_family,requested_member_1_sparsity_failure,True,,,True,True,True,executed_empty_family,False,median_circuit_size;median_pairwise_overlap;transfer_group_count;matched_fidelity;matched_sparsity,reported_as_empty_not_imputed
stage18-scaling-24a9adb84176,502,s3-step9050-f99of100-d1of4,3,7,9050,0.990,0.25,False,sparsity_failure,requested_member_1_sparsity_failure,0,False,not_applicable_cell_outcome,s3-step9050-f99of100-d1of4,,executed_cell_family,requested_member_1_sparsity_failure,True,,,True,True,True,executed_empty_family,False,median_circuit_size;median_pairwise_overlap;transfer_group_count;matched_fidelity;matched_sparsity,reported_as_empty_not_imputed
stage18-scaling-24a9adb84176,503,s3-step9050-f99of100-d1of2,3,7,9050,0.990,0.50,True,sparsity_failure,requested_member_1_sparsity_failure,0,False,not_applicable_cell_outcome,s3-step9050-f99of100-d1of2,,executed_cell_family,requested_member_1_sparsity_failure,True,,,True,True,True,executed_empty_family,False,median_circuit_size;median_pairwise_overlap;transfer_group_count;matched_fidelity;matched_sparsity,reported_as_empty_not_imputed
stage18-scaling-24a9adb84176,504,s3-step9050-f99of100-d3of4,3,7,9050,0.990,0.75,False,sparsity_failure,requested_member_1_sparsity_failure,0,False,not_applicable_cell_outcome,s3-step9050-f99of100-d3of4,,executed_cell_family,requested_member_1_sparsity_failure,True,,,True,True,True,executed_empty_family,False,median_circuit_size;median_pairwise_overlap;transfer_group_count;matched_fidelity;matched_sparsity,reported_as_empty_not_imputed
stage18-scaling-24a9adb84176,505,s4-step200-f4of5-d1of4,4,1,200,0.800,0.25,False,sparsity_failure,requested_member_1_sparsity_failure,0,False,not_applicable_cell_outcome,s4-step200-f4of5-d1of4,,executed_cell_family,requested_member_1_sparsity_failure,True,,,True,True,True,executed_empty_family,False,median_circuit_size;median_pairwise_overlap;transfer_group_count;matched_fidelity;matched_sparsity,reported_as_empty_not_imputed
stage18-scaling-24a9adb84176,506,s4-step200-f4of5-d1of2,4,1,200,0.800,0.50,False,sparsity_failure,requested_member_1_sparsity_failure,0,False,not_applicable_cell_outcome,s4-step200-f4of5-d1of2,,executed_cell_family,requested_member_1_sparsity_failure,True,,,True,True,True,executed_empty_family,False,median_circuit_size;median_pairwise_overlap;transfer_group_count;matched_fidelity;matched_sparsity,reported_as_empty_not_imputed
stage18-scaling-24a9adb84176,507,s4-step200-f4of5-d3of4,4,1,200,0.800,0.75,False,sparsity_failure,requested_member_1_sparsity_failure,0,False,not_applicable_cell_outcome,s4-step200-f4of5-d3of4,,executed_cell_family,requested_member_1_sparsity_failure,True,,,True,True,True,executed_empty_family,False,median_circuit_size;median_pairwise_overlap;transfer_group_count;matched_fidelity;matched_sparsity,reported_as_empty_not_imputed
stage18-scaling-24a9adb84176,508,s4-step200-f17of20-d1of4,4,1,200,0.850,0.25,False,sparsity_failure,requested_member_1_sparsity_failure,0,False,not_applicable_cell_outcome,s4-step200-f17of20-d1of4,,executed_cell_family,requested_member_1_sparsity_failure,True,,,True,True,True,executed_empty_family,False,median_circuit_size;median_pairwise_overlap;transfer_group_count;matched_fidelity;matched_sparsity,reported_as_empty_not_imputed
stage18-scaling-24a9adb84176,509,s4-step200-f17of20-d1of2,4,1,200,0.850,0.50,False,sparsity_failure,requested_member_1_sparsity_failure,0,False,not_applicable_cell_outcome,s4-step200-f17of20-d1of2,,executed_cell_family,requested_member_1_sparsity_failure,True,,,True,True,True,executed_empty_family,False,median_circuit_size;median_pairwise_overlap;transfer_group_count;matched_fidelity;matched_sparsity,reported_as_empty_not_imputed
stage18-scaling-24a9adb84176,510,s4-step200-f17of20-d3of4,4,1,200,0.850,0.75,False,sparsity_failure,requested_member_1_sparsity_failure,0,False,not_applicable_cell_outcome,s4-step200-f17of20-d3of4,,executed_cell_family,requested_member_1_sparsity_failure,True,,,True,True,True,executed_empty_family,False,median_circuit_size;median_pairwise_overlap;transfer_group_count;matched_fidelity;matched_sparsity,reported_as_empty_not_imputed
stage18-scaling-24a9adb84176,511,s4-step200-f9of10-d1of4,4,1,200,0.900,0.25,False,sparsity_failure,requested_member_1_sparsity_failure,0,False,not_applicable_cell_outcome,s4-step200-f9of10-d1of4,,executed_cell_family,requested_member_1_sparsity_failure,True,,,True,True,True,executed_empty_family,False,median_circuit_size;median_pairwise_overlap;transfer_group_count;matched_fidelity;matched_sparsity,reported_as_empty_not_imputed
stage18-scaling-24a9adb84176,512,s4-step200-f9of10-d1of2,4,1,200,0.900,0.50,False,sparsity_failure,requested_member_1_sparsity_failure,0,False,not_applicable_cell_outcome,s4-step200-f9of10-d1of2,,executed_cell_family,requested_member_1_sparsity_failure,True,,,True,True,True,executed_empty_family,False,median_circuit_size;median_pairwise_overlap;transfer_group_count;matched_fidelity;matched_sparsity,reported_as_empty_not_imputed
stage18-scaling-24a9adb84176,513,s4-step200-f9of10-d3of4,4,1,200,0.900,0.75,False,sparsity_failure,requested_member_1_sparsity_failure,0,False,not_applicable_cell_outcome,s4-step200-f9of10-d3of4,,executed_cell_family,requested_member_1_sparsity_failure,True,,,True,True,True,executed_empty_family,False,median_circuit_size;median_pairwise_overlap;transfer_group_count;matched_fidelity;matched_sparsity,reported_as_empty_not_imputed
stage18-scaling-24a9adb84176,514,s4-step200-f19of20-d1of4,4,1,200,0.950,0.25,False,sparsity_failure,requested_member_1_sparsity_failure,0,False,not_applicable_cell_outcome,s4-step200-f19of20-d1of4,,executed_cell_family,requested_member_1_sparsity_failure,True,,,True,True,True,executed_empty_family,False,median_circuit_size;median_pairwise_overlap;transfer_group_count;matched_fidelity;matched_sparsity,reported_as_empty_not_imputed
stage18-scaling-24a9adb84176,515,s4-step200-f19of20-d1of2,4,1,200,0.950,0.50,False,sparsity_failure,requested_member_1_sparsity_failure,0,False,not_applicable_cell_outcome,s4-step200-f19of20-d1of2,,executed_cell_family,requested_member_1_sparsity_failure,True,,,True,True,True,executed_empty_family,False,median_circuit_size;median_pairwise_overlap;transfer_group_count;matched_fidelity;matched_sparsity,reported_as_empty_not_imputed
stage18-scaling-24a9adb84176,516,s4-step200-f19of20-d3of4,4,1,200,0.950,0.75,False,sparsity_failure,requested_member_1_sparsity_failure,0,False,not_applicable_cell_outcome,s4-step200-f19of20-d3of4,,executed_cell_family,requested_member_1_sparsity_failure,True,,,True,True,True,executed_empty_family,False,median_circuit_size;median_pairwise_overlap;transfer_group_count;matched_fidelity;matched_sparsity,reported_as_empty_not_imputed
stage18-scaling-24a9adb84176,517,s4-step200-f39of40-d1of4,4,1,200,0.975,0.25,False,sparsity_failure,requested_member_1_sparsity_failure,0,False,not_applicable_cell_outcome,s4-step200-f39of40-d1of4,,executed_cell_family,requested_member_1_sparsity_failure,True,,,True,True,True,executed_empty_family,False,median_circuit_size;median_pairwise_overlap;transfer_group_count;matched_fidelity;matched_sparsity,reported_as_empty_not_imputed
stage18-scaling-24a9adb84176,518,s4-step200-f39of40-d1of2,4,1,200,0.975,0.50,False,sparsity_failure,requested_member_1_sparsity_failure,0,False,not_applicable_cell_outcome,s4-step200-f39of40-d1of2,,executed_cell_family,requested_member_1_sparsity_failure,True,,,True,True,True,executed_empty_family,False,median_circuit_size;median_pairwise_overlap;transfer_group_count;matched_fidelity;matched_sparsity,reported_as_empty_not_imputed
stage18-scaling-24a9adb84176,519,s4-step200-f39of40-d3of4,4,1,200,0.975,0.75,False,sparsity_failure,requested_member_1_sparsity_failure,0,False,not_applicable_cell_outcome,s4-step200-f39of40-d3of4,,executed_cell_family,requested_member_1_sparsity_failure,True,,,True,True,True,executed_empty_family,False,median_circuit_size;median_pairwise_overlap;transfer_group_count;matched_fidelity;matched_sparsity,reported_as_empty_not_imputed
stage18-scaling-24a9adb84176,520,s4-step200-f99of100-d1of4,4,1,200,0.990,0.25,False,sparsity_failure,requested_member_1_sparsity_failure,0,False,not_applicable_cell_outcome,s4-step200-f99of100-d1of4,,executed_cell_family,requested_member_1_sparsity_failure,True,,,True,True,True,executed_empty_family,False,median_circuit_size;median_pairwise_overlap;transfer_group_count;matched_fidelity;matched_sparsity,reported_as_empty_not_imputed
stage18-scaling-24a9adb84176,521,s4-step200-f99of100-d1of2,4,1,200,0.990,0.50,True,sparsity_failure,requested_member_1_sparsity_failure,0,False,not_applicable_cell_outcome,s4-step200-f99of100-d1of2,,executed_cell_family,requested_member_1_sparsity_failure,True,,,True,True,True,executed_empty_family,False,median_circuit_size;median_pairwise_overlap;transfer_group_count;matched_fidelity;matched_sparsity,reported_as_empty_not_imputed
stage18-scaling-24a9adb84176,522,s4-step200-f99of100-d3of4,4,1,200,0.990,0.75,False,sparsity_failure,requested_member_1_sparsity_failure,0,False,not_applicable_cell_outcome,s4-step200-f99of100-d3of4,,executed_cell_family,requested_member_1_sparsity_failure,True,,,True,True,True,executed_empty_family,False,median_circuit_size;median_pairwise_overlap;transfer_group_count;matched_fidelity;matched_sparsity,reported_as_empty_not_imputed
stage18-scaling-24a9adb84176,523,s4-step3400-f4of5-d1of4,4,2,3400,0.800,0.25,False,sparsity_failure,requested_member_1_sparsity_failure,0,False,not_applicable_cell_outcome,s4-step3400-f4of5-d1of4,,executed_cell_family,requested_member_1_sparsity_failure,True,,,True,True,True,executed_empty_family,False,median_circuit_size;median_pairwise_overlap;transfer_group_count;matched_fidelity;matched_sparsity,reported_as_empty_not_imputed
stage18-scaling-24a9adb84176,524,s4-step3400-f4of5-d1of2,4,2,3400,0.800,0.50,False,sparsity_failure,requested_member_1_sparsity_failure,0,False,not_applicable_cell_outcome,s4-step3400-f4of5-d1of2,,executed_cell_family,requested_member_1_sparsity_failure,True,,,True,True,True,executed_empty_family,False,median_circuit_size;median_pairwise_overlap;transfer_group_count;matched_fidelity;matched_sparsity,reported_as_empty_not_imputed
stage18-scaling-24a9adb84176,525,s4-step3400-f4of5-d3of4,4,2,3400,0.800,0.75,False,sparsity_failure,requested_member_1_sparsity_failure,0,False,not_applicable_cell_outcome,s4-step3400-f4of5-d3of4,,executed_cell_family,requested_member_1_sparsity_failure,True,,,True,True,True,executed_empty_family,False,median_circuit_size;median_pairwise_overlap;transfer_group_count;matched_fidelity;matched_sparsity,reported_as_empty_not_imputed
stage18-scaling-24a9adb84176,526,s4-step3400-f17of20-d1of4,4,2,3400,0.850,0.25,False,sparsity_failure,requested_member_1_sparsity_failure,0,False,not_applicable_cell_outcome,s4-step3400-f17of20-d1of4,,executed_cell_family,requested_member_1_sparsity_failure,True,,,True,True,True,executed_empty_family,False,median_circuit_size;median_pairwise_overlap;transfer_group_count;matched_fidelity;matched_sparsity,reported_as_empty_not_imputed
stage18-scaling-24a9adb84176,527,s4-step3400-f17of20-d1of2,4,2,3400,0.850,0.50,False,sparsity_failure,requested_member_1_sparsity_failure,0,False,not_applicable_cell_outcome,s4-step3400-f17of20-d1of2,,executed_cell_family,requested_member_1_sparsity_failure,True,,,True,True,True,executed_empty_family,False,median_circuit_size;median_pairwise_overlap;transfer_group_count;matched_fidelity;matched_sparsity,reported_as_empty_not_imputed
stage18-scaling-24a9adb84176,528,s4-step3400-f17of20-d3of4,4,2,3400,0.850,0.75,False,sparsity_failure,requested_member_1_sparsity_failure,0,False,not_applicable_cell_outcome,s4-step3400-f17of20-d3of4,,executed_cell_family,requested_member_1_sparsity_failure,True,,,True,True,True,executed_empty_family,False,median_circuit_size;median_pairwise_overlap;transfer_group_count;matched_fidelity;matched_sparsity,reported_as_empty_not_imputed
stage18-scaling-24a9adb84176,529,s4-step3400-f9of10-d1of4,4,2,3400,0.900,0.25,False,sparsity_failure,requested_member_1_sparsity_failure,0,False,not_applicable_cell_outcome,s4-step3400-f9of10-d1of4,,executed_cell_family,requested_member_1_sparsity_failure,True,,,True,True,True,executed_empty_family,False,median_circuit_size;median_pairwise_overlap;transfer_group_count;matched_fidelity;matched_sparsity,reported_as_empty_not_imputed
stage18-scaling-24a9adb84176,530,s4-step3400-f9of10-d1of2,4,2,3400,0.900,0.50,False,sparsity_failure,requested_member_1_sparsity_failure,0,False,not_applicable_cell_outcome,s4-step3400-f9of10-d1of2,,executed_cell_family,requested_member_1_sparsity_failure,True,,,True,True,True,executed_empty_family,False,median_circuit_size;median_pairwise_overlap;transfer_group_count;matched_fidelity;matched_sparsity,reported_as_empty_not_imputed
stage18-scaling-24a9adb84176,531,s4-step3400-f9of10-d3of4,4,2,3400,0.900,0.75,False,sparsity_failure,requested_member_1_sparsity_failure,0,False,not_applicable_cell_outcome,s4-step3400-f9of10-d3of4,,executed_cell_family,requested_member_1_sparsity_failure,True,,,True,True,True,executed_empty_family,False,median_circuit_size;median_pairwise_overlap;transfer_group_count;matched_fidelity;matched_sparsity,reported_as_empty_not_imputed
stage18-scaling-24a9adb84176,532,s4-step3400-f19of20-d1of4,4,2,3400,0.950,0.25,False,sparsity_failure,requested_member_1_sparsity_failure,0,False,not_applicable_cell_outcome,s4-step3400-f19of20-d1of4,,executed_cell_family,requested_member_1_sparsity_failure,True,,,True,True,True,executed_empty_family,False,median_circuit_size;median_pairwise_overlap;transfer_group_count;matched_fidelity;matched_sparsity,reported_as_empty_not_imputed
stage18-scaling-24a9adb84176,533,s4-step3400-f19of20-d1of2,4,2,3400,0.950,0.50,False,sparsity_failure,requested_member_1_sparsity_failure,0,False,not_applicable_cell_outcome,s4-step3400-f19of20-d1of2,,executed_cell_family,requested_member_1_sparsity_failure,True,,,True,True,True,executed_empty_family,False,median_circuit_size;median_pairwise_overlap;transfer_group_count;matched_fidelity;matched_sparsity,reported_as_empty_not_imputed
stage18-scaling-24a9adb84176,534,s4-step3400-f19of20-d3of4,4,2,3400,0.950,0.75,False,sparsity_failure,requested_member_1_sparsity_failure,0,False,not_applicable_cell_outcome,s4-step3400-f19of20-d3of4,,executed_cell_family,requested_member_1_sparsity_failure,True,,,True,True,True,executed_empty_family,False,median_circuit_size;median_pairwise_overlap;transfer_group_count;matched_fidelity;matched_sparsity,reported_as_empty_not_imputed
stage18-scaling-24a9adb84176,535,s4-step3400-f39of40-d1of4,4,2,3400,0.975,0.25,False,sparsity_failure,requested_member_1_sparsity_failure,0,False,not_applicable_cell_outcome,s4-step3400-f39of40-d1of4,,executed_cell_family,requested_member_1_sparsity_failure,True,,,True,True,True,executed_empty_family,False,median_circuit_size;median_pairwise_overlap;transfer_group_count;matched_fidelity;matched_sparsity,reported_as_empty_not_imputed
stage18-scaling-24a9adb84176,536,s4-step3400-f39of40-d1of2,4,2,3400,0.975,0.50,False,sparsity_failure,requested_member_1_sparsity_failure,0,False,not_applicable_cell_outcome,s4-step3400-f39of40-d1of2,,executed_cell_family,requested_member_1_sparsity_failure,True,,,True,True,True,executed_empty_family,False,median_circuit_size;median_pairwise_overlap;transfer_group_count;matched_fidelity;matched_sparsity,reported_as_empty_not_imputed
stage18-scaling-24a9adb84176,537,s4-step3400-f39of40-d3of4,4,2,3400,0.975,0.75,False,sparsity_failure,requested_member_1_sparsity_failure,0,False,not_applicable_cell_outcome,s4-step3400-f39of40-d3of4,,executed_cell_family,requested_member_1_sparsity_failure,True,,,True,True,True,executed_empty_family,False,median_circuit_size;median_pairwise_overlap;transfer_group_count;matched_fidelity;matched_sparsity,reported_as_empty_not_imputed
stage18-scaling-24a9adb84176,538,s4-step3400-f99of100-d1of4,4,2,3400,0.990,0.25,False,sparsity_failure,requested_member_1_sparsity_failure,0,False,not_applicable_cell_outcome,s4-step3400-f99of100-d1of4,,executed_cell_family,requested_member_1_sparsity_failure,True,,,True,True,True,executed_empty_family,False,median_circuit_size;median_pairwise_overlap;transfer_group_count;matched_fidelity;matched_sparsity,reported_as_empty_not_imputed
stage18-scaling-24a9adb84176,539,s4-step3400-f99of100-d1of2,4,2,3400,0.990,0.50,True,sparsity_failure,requested_member_1_sparsity_failure,0,False,not_applicable_cell_outcome,s4-step3400-f99of100-d1of2,,executed_cell_family,requested_member_1_sparsity_failure,True,,,True,True,True,executed_empty_family,False,median_circuit_size;median_pairwise_overlap;transfer_group_count;matched_fidelity;matched_sparsity,reported_as_empty_not_imputed
stage18-scaling-24a9adb84176,540,s4-step3400-f99of100-d3of4,4,2,3400,0.990,0.75,False,sparsity_failure,requested_member_1_sparsity_failure,0,False,not_applicable_cell_outcome,s4-step3400-f99of100-d3of4,,executed_cell_family,requested_member_1_sparsity_failure,True,,,True,True,True,executed_empty_family,False,median_circuit_size;median_pairwise_overlap;transfer_group_count;matched_fidelity;matched_sparsity,reported_as_empty_not_imputed
