model_seed,training_step,train_accuracy,test_accuracy,analysed_checkpoint,aggregation_unit
0,0,0.007310704793781042,0.008837677538394928,False,trained_model_seed
0,50,0.071279376745224,0.002684863982722163,False,trained_model_seed
0,100,0.30339425802230835,0.010180109180510044,False,trained_model_seed
0,150,0.949608325958252,0.041839130222797394,False,trained_model_seed
0,200,1.0,0.05201924219727516,True,trained_model_seed
0,250,1.0,0.05559905990958214,False,trained_model_seed
0,300,1.0,0.05962635576725006,False,trained_model_seed
0,350,1.0,0.0628705695271492,False,trained_model_seed
0,400,1.0,0.06589104235172272,False,trained_model_seed
0,450,1.0,0.06879964470863342,False,trained_model_seed
0,500,1.0,0.07114889472723007,False,trained_model_seed
0,550,1.0,0.07349815219640732,False,trained_model_seed
0,600,1.0,0.0752880647778511,False,trained_model_seed
0,650,1.0,0.07842040807008743,False,trained_model_seed
0,700,1.0,0.08121713995933533,False,trained_model_seed
0,750,1.0,0.08211209625005722,False,trained_model_seed
0,800,1.0,0.08267144113779068,False,trained_model_seed
0,850,1.0,0.08345452696084976,False,trained_model_seed
0,900,1.0,0.08401387184858322,False,trained_model_seed
0,950,1.0,0.08502069860696793,False,trained_model_seed
0,1000,1.0,0.08647499978542328,False,trained_model_seed
0,1050,1.0,0.08703434467315674,False,trained_model_seed
0,1100,1.0,0.08882424980401993,False,trained_model_seed
0,1150,1.0,0.09106163680553436,False,trained_model_seed
0,1200,1.0,0.09162098914384842,False,trained_model_seed
0,1250,1.0,0.09296341985464096,False,trained_model_seed
0,1300,1.0,0.0953126773238182,False,trained_model_seed
0,1350,1.0,0.09542454779148102,False,trained_model_seed
0,1400,1.0,0.09564828127622604,False,trained_model_seed
0,1450,0.984856367111206,0.08021031320095062,False,trained_model_seed
0,1500,1.0,0.09945183992385864,False,trained_model_seed
0,1550,1.0,0.10549278557300568,False,trained_model_seed
0,1600,1.0,0.10582838952541351,False,trained_model_seed
0,1650,1.0,0.10213670134544373,False,trained_model_seed
0,1700,1.0,0.100906141102314,False,trained_model_seed
0,1750,1.0,0.10258418321609497,False,trained_model_seed
0,1800,1.0,0.10448595881462097,False,trained_model_seed
0,1850,1.0,0.10493344068527222,False,trained_model_seed
0,1900,1.0,0.10594025999307632,False,trained_model_seed
0,1950,1.0,0.10582838952541351,False,trained_model_seed
0,2000,1.0,0.10627587139606476,False,trained_model_seed
0,2050,1.0,0.1067233458161354,False,trained_model_seed
0,2100,1.0,0.10694708675146103,False,trained_model_seed
0,2150,1.0,0.10717082768678665,False,trained_model_seed
0,2200,1.0,0.10728269070386887,False,trained_model_seed
0,2250,1.0,0.10773017257452011,False,trained_model_seed
0,2300,1.0,0.10828951746225357,False,trained_model_seed
0,2350,1.0,0.10963194817304611,False,trained_model_seed
0,2400,1.0,0.11086251586675644,False,trained_model_seed
0,2450,1.0,0.11231681704521179,False,trained_model_seed
0,2500,1.0,0.11265242099761963,False,trained_model_seed
0,2550,1.0,0.11354737728834152,False,trained_model_seed
0,2600,1.0,0.11500167846679688,False,trained_model_seed
0,2650,1.0,0.11634410917758942,False,trained_model_seed
0,2700,1.0,0.11667972058057785,False,trained_model_seed
0,2750,1.0,0.11846962571144104,False,trained_model_seed
0,2800,1.0,0.11768653988838196,False,trained_model_seed
0,2850,0.9979112148284912,0.11701532453298569,False,trained_model_seed
0,2900,1.0,0.12786665558815002,False,trained_model_seed
0,2950,1.0,0.13099899888038635,False,trained_model_seed
0,3000,1.0,0.12932094931602478,False,trained_model_seed
0,3050,1.0,0.12842600047588348,False,trained_model_seed
0,3100,1.0,0.13088712096214294,False,trained_model_seed
0,3150,1.0,0.13312451541423798,False,trained_model_seed
0,3200,1.0,0.1362568587064743,False,trained_model_seed
0,3250,1.0,0.13961292803287506,False,trained_model_seed
0,3300,1.0,0.14263340830802917,False,trained_model_seed
0,3350,1.0,0.14554201066493988,False,trained_model_seed
0,3400,1.0,0.14968116581439972,True,trained_model_seed
0,3450,1.0,0.15281350910663605,False,trained_model_seed
0,3500,1.0,0.15460342168807983,False,trained_model_seed
0,3550,1.0,0.15974941849708557,False,trained_model_seed
0,3600,1.0,0.16455979645252228,False,trained_model_seed
0,3650,1.0,0.1684752255678177,False,trained_model_seed
0,3700,1.0,0.17406868934631348,False,trained_model_seed
0,3750,1.0,0.1782078593969345,False,trained_model_seed
0,3800,1.0,0.1836894452571869,False,trained_model_seed
0,3850,1.0,0.19118469953536987,False,trained_model_seed
0,3900,1.0,0.19644255936145782,False,trained_model_seed
0,3950,1.0,0.20136480033397675,False,trained_model_seed
0,4000,1.0,0.21009060740470886,False,trained_model_seed
0,4050,1.0,0.21635529398918152,False,trained_model_seed
0,4100,1.0,0.22407427430152893,False,trained_model_seed
0,4150,1.0,0.23190513253211975,False,trained_model_seed
0,4200,1.0,0.23850542306900024,False,trained_model_seed
0,4250,1.0,0.23358318209648132,False,trained_model_seed
0,4300,1.0,0.2561807930469513,False,trained_model_seed
0,4350,1.0,0.2646828591823578,False,trained_model_seed
0,4400,1.0,0.27072378993034363,False,trained_model_seed
0,4450,1.0,0.28224632143974304,False,trained_model_seed
0,4500,1.0,0.29869112372398376,False,trained_model_seed
0,4550,1.0,0.3189394772052765,False,trained_model_seed
0,4600,1.0,0.3417608141899109,False,trained_model_seed
0,4650,1.0,0.37017562985420227,False,trained_model_seed
0,4700,1.0,0.40340083837509155,False,trained_model_seed
0,4750,1.0,0.4411008059978485,False,trained_model_seed
0,4800,1.0,0.4815974831581116,False,trained_model_seed
0,4850,1.0,0.5363016128540039,False,trained_model_seed
0,4900,1.0,0.5927956104278564,False,trained_model_seed
0,4950,1.0,0.6521982550621033,False,trained_model_seed
0,5000,1.0,0.7175299525260925,False,trained_model_seed
0,5050,1.0,0.7746951580047607,False,trained_model_seed
0,5100,1.0,0.828839898109436,False,trained_model_seed
0,5150,1.0,0.8736995458602905,False,trained_model_seed
0,5200,1.0,0.9092739820480347,False,trained_model_seed
0,5250,1.0,0.9354513883590698,False,trained_model_seed
0,5300,1.0,0.9536861181259155,False,trained_model_seed
0,5350,1.0,0.968005359172821,False,trained_model_seed
0,5400,1.0,0.9762837290763855,False,trained_model_seed
0,5450,1.0,0.9806466102600098,False,trained_model_seed
0,5500,1.0,0.9834433197975159,False,trained_model_seed
0,5550,1.0,0.9800872802734375,False,trained_model_seed
0,5600,1.0,0.9704664945602417,False,trained_model_seed
0,5650,1.0,0.9861282110214233,False,trained_model_seed
0,5700,1.0,0.9908267259597778,False,trained_model_seed
0,5750,1.0,0.9929522275924683,False,trained_model_seed
0,5800,1.0,0.9936234354972839,False,trained_model_seed
0,5850,1.0,0.9946302771568298,False,trained_model_seed
0,5900,1.0,0.9958608150482178,False,trained_model_seed
0,5950,1.0,0.9968676567077637,False,trained_model_seed
0,6000,1.0,0.9975388646125793,False,trained_model_seed
0,6050,1.0,0.9985457062721252,False,trained_model_seed
0,6100,1.0,0.9991050362586975,False,trained_model_seed
0,6150,1.0,0.9992169141769409,False,trained_model_seed
0,6200,1.0,0.9993287920951843,False,trained_model_seed
0,6250,1.0,0.9994406700134277,False,trained_model_seed
0,6300,1.0,0.9994406700134277,False,trained_model_seed
0,6350,1.0,0.9995525479316711,False,trained_model_seed
0,6400,1.0,0.9996643662452698,False,trained_model_seed
0,6450,1.0,1.0,False,trained_model_seed
0,6500,1.0,1.0,False,trained_model_seed
0,6550,1.0,1.0,False,trained_model_seed
0,6600,1.0,1.0,False,trained_model_seed
0,6650,1.0,1.0,False,trained_model_seed
0,6700,1.0,1.0,False,trained_model_seed
0,6750,1.0,1.0,False,trained_model_seed
0,6800,1.0,1.0,False,trained_model_seed
0,6850,0.9960835576057434,0.9884774684906006,False,trained_model_seed
0,6900,1.0,0.9995525479316711,False,trained_model_seed
0,6950,1.0,0.9995525479316711,False,trained_model_seed
0,7000,1.0,1.0,False,trained_model_seed
0,7050,1.0,0.9996643662452698,False,trained_model_seed
0,7100,1.0,0.9994406700134277,False,trained_model_seed
0,7150,1.0,0.9995525479316711,False,trained_model_seed
0,7200,1.0,0.9995525479316711,False,trained_model_seed
0,7250,1.0,0.9995525479316711,False,trained_model_seed
0,7300,1.0,0.9995525479316711,False,trained_model_seed
0,7350,1.0,0.9996643662452698,False,trained_model_seed
0,7400,1.0,0.9996643662452698,False,trained_model_seed
0,7450,1.0,0.9998881220817566,True,trained_model_seed
0,7500,1.0,0.9998881220817566,False,trained_model_seed
0,7550,1.0,0.9998881220817566,False,trained_model_seed
0,7600,1.0,1.0,False,trained_model_seed
0,7650,1.0,1.0,False,trained_model_seed
0,7700,1.0,1.0,False,trained_model_seed
0,7750,1.0,1.0,False,trained_model_seed
0,7800,1.0,1.0,False,trained_model_seed
0,7850,1.0,1.0,False,trained_model_seed
0,7900,1.0,1.0,False,trained_model_seed
0,7950,1.0,1.0,False,trained_model_seed
0,8000,1.0,1.0,False,trained_model_seed
0,8050,1.0,1.0,False,trained_model_seed
0,8100,1.0,0.9977626204490662,False,trained_model_seed
0,8150,1.0,1.0,True,trained_model_seed
0,8200,1.0,1.0,False,trained_model_seed
0,8250,1.0,1.0,False,trained_model_seed
0,8300,1.0,1.0,False,trained_model_seed
0,8350,1.0,1.0,False,trained_model_seed
0,8400,1.0,1.0,False,trained_model_seed
0,8450,1.0,1.0,False,trained_model_seed
0,8500,1.0,1.0,True,trained_model_seed
0,8550,1.0,1.0,False,trained_model_seed
0,8600,1.0,1.0,False,trained_model_seed
0,8650,1.0,0.9997762441635132,True,trained_model_seed
0,8700,1.0,0.9997762441635132,False,trained_model_seed
0,8750,1.0,0.9997762441635132,False,trained_model_seed
0,8800,1.0,0.9997762441635132,False,trained_model_seed
0,8850,1.0,0.9997762441635132,False,trained_model_seed
0,8900,1.0,0.9997762441635132,False,trained_model_seed
0,8950,1.0,0.9997762441635132,False,trained_model_seed
0,9000,1.0,0.9997762441635132,False,trained_model_seed
0,9050,1.0,0.9997762441635132,True,trained_model_seed
0,9100,1.0,0.9997762441635132,False,trained_model_seed
0,9150,1.0,0.9997762441635132,False,trained_model_seed
0,9200,1.0,0.9998881220817566,False,trained_model_seed
0,9250,1.0,1.0,False,trained_model_seed
0,9300,1.0,0.9997762441635132,False,trained_model_seed
0,9350,1.0,0.9993287920951843,False,trained_model_seed
0,9400,1.0,1.0,False,trained_model_seed
0,9450,1.0,1.0,False,trained_model_seed
0,9500,1.0,1.0,False,trained_model_seed
0,9550,1.0,1.0,False,trained_model_seed
0,9600,1.0,0.9997762441635132,False,trained_model_seed
0,9650,1.0,0.9997762441635132,False,trained_model_seed
0,9700,1.0,0.9997762441635132,False,trained_model_seed
0,9750,1.0,0.9997762441635132,False,trained_model_seed
0,9800,1.0,0.9997762441635132,False,trained_model_seed
0,9850,1.0,0.9997762441635132,False,trained_model_seed
0,9900,1.0,0.9997762441635132,False,trained_model_seed
0,9950,1.0,0.9997762441635132,False,trained_model_seed
0,10000,1.0,0.9997762441635132,False,trained_model_seed
0,10050,1.0,0.9997762441635132,False,trained_model_seed
0,10100,1.0,1.0,False,trained_model_seed
0,10150,1.0,1.0,False,trained_model_seed
0,10200,1.0,1.0,False,trained_model_seed
0,10250,1.0,1.0,False,trained_model_seed
0,10300,1.0,1.0,False,trained_model_seed
0,10350,1.0,1.0,False,trained_model_seed
0,10400,1.0,1.0,False,trained_model_seed
0,10450,1.0,1.0,False,trained_model_seed
0,10500,1.0,1.0,False,trained_model_seed
0,10550,1.0,1.0,False,trained_model_seed
0,10600,1.0,0.9995525479316711,False,trained_model_seed
0,10650,1.0,1.0,False,trained_model_seed
0,10700,1.0,1.0,False,trained_model_seed
0,10750,1.0,1.0,False,trained_model_seed
0,10800,1.0,1.0,False,trained_model_seed
0,10850,1.0,1.0,False,trained_model_seed
0,10900,1.0,1.0,False,trained_model_seed
0,10950,1.0,1.0,False,trained_model_seed
0,11000,1.0,1.0,False,trained_model_seed
0,11050,1.0,1.0,False,trained_model_seed
0,11100,1.0,1.0,False,trained_model_seed
0,11150,1.0,1.0,False,trained_model_seed
0,11200,1.0,1.0,False,trained_model_seed
0,11250,1.0,1.0,False,trained_model_seed
0,11300,1.0,1.0,False,trained_model_seed
0,11350,1.0,1.0,False,trained_model_seed
0,11400,1.0,1.0,False,trained_model_seed
0,11450,1.0,1.0,False,trained_model_seed
0,11500,1.0,1.0,False,trained_model_seed
0,11550,1.0,1.0,False,trained_model_seed
0,11600,1.0,1.0,False,trained_model_seed
0,11650,1.0,1.0,False,trained_model_seed
0,11700,1.0,1.0,False,trained_model_seed
0,11750,1.0,1.0,False,trained_model_seed
0,11800,1.0,1.0,False,trained_model_seed
0,11850,0.9984334111213684,0.9938471913337708,False,trained_model_seed
0,11900,1.0,0.9997762441635132,False,trained_model_seed
0,11950,1.0,0.9998881220817566,False,trained_model_seed
0,12000,1.0,1.0,False,trained_model_seed
0,12050,1.0,1.0,False,trained_model_seed
0,12100,1.0,1.0,False,trained_model_seed
0,12150,1.0,0.9998881220817566,False,trained_model_seed
0,12200,1.0,0.9998881220817566,False,trained_model_seed
0,12250,1.0,0.9998881220817566,False,trained_model_seed
0,12300,1.0,0.9998881220817566,False,trained_model_seed
0,12350,1.0,0.9998881220817566,False,trained_model_seed
0,12400,1.0,0.9998881220817566,False,trained_model_seed
0,12450,1.0,0.9998881220817566,False,trained_model_seed
0,12500,1.0,0.9998881220817566,False,trained_model_seed
0,12550,1.0,0.9998881220817566,False,trained_model_seed
0,12600,1.0,0.9998881220817566,False,trained_model_seed
0,12650,1.0,0.9998881220817566,False,trained_model_seed
0,12700,1.0,0.9998881220817566,False,trained_model_seed
0,12750,1.0,0.9998881220817566,False,trained_model_seed
0,12800,1.0,0.9998881220817566,False,trained_model_seed
0,12850,1.0,0.9998881220817566,False,trained_model_seed
0,12900,1.0,1.0,False,trained_model_seed
0,12950,1.0,1.0,False,trained_model_seed
0,13000,1.0,0.9997762441635132,False,trained_model_seed
0,13050,1.0,0.9997762441635132,False,trained_model_seed
0,13100,1.0,0.9997762441635132,False,trained_model_seed
0,13150,1.0,0.9967557787895203,False,trained_model_seed
0,13200,1.0,1.0,False,trained_model_seed
0,13250,1.0,1.0,False,trained_model_seed
0,13300,1.0,1.0,False,trained_model_seed
0,13350,1.0,0.9997762441635132,False,trained_model_seed
0,13400,1.0,0.9997762441635132,False,trained_model_seed
0,13450,1.0,0.9997762441635132,False,trained_model_seed
0,13500,1.0,0.9997762441635132,False,trained_model_seed
0,13550,1.0,0.9998881220817566,False,trained_model_seed
0,13600,1.0,0.9998881220817566,False,trained_model_seed
0,13650,1.0,0.9998881220817566,False,trained_model_seed
0,13700,1.0,1.0,False,trained_model_seed
0,13750,1.0,1.0,False,trained_model_seed
0,13800,1.0,1.0,False,trained_model_seed
0,13850,1.0,1.0,False,trained_model_seed
0,13900,1.0,1.0,False,trained_model_seed
0,13950,1.0,1.0,False,trained_model_seed
0,14000,1.0,1.0,False,trained_model_seed
0,14050,1.0,1.0,False,trained_model_seed
0,14100,1.0,1.0,False,trained_model_seed
0,14150,1.0,1.0,False,trained_model_seed
0,14200,1.0,1.0,False,trained_model_seed
0,14250,1.0,1.0,False,trained_model_seed
0,14300,1.0,1.0,False,trained_model_seed
0,14350,1.0,0.9998881220817566,False,trained_model_seed
0,14400,1.0,0.9991050362586975,False,trained_model_seed
0,14450,1.0,1.0,False,trained_model_seed
0,14500,1.0,1.0,False,trained_model_seed
0,14550,1.0,1.0,False,trained_model_seed
0,14600,1.0,1.0,False,trained_model_seed
0,14650,1.0,1.0,False,trained_model_seed
0,14700,1.0,1.0,False,trained_model_seed
0,14750,1.0,1.0,False,trained_model_seed
0,14800,1.0,1.0,False,trained_model_seed
0,14850,1.0,1.0,False,trained_model_seed
0,14900,1.0,1.0,False,trained_model_seed
0,14950,1.0,1.0,False,trained_model_seed
0,15000,1.0,1.0,False,trained_model_seed
0,15050,1.0,1.0,False,trained_model_seed
0,15100,1.0,1.0,False,trained_model_seed
0,15150,1.0,1.0,False,trained_model_seed
0,15200,1.0,1.0,False,trained_model_seed
0,15250,1.0,1.0,False,trained_model_seed
0,15300,1.0,1.0,False,trained_model_seed
0,15350,1.0,1.0,False,trained_model_seed
0,15400,1.0,0.9998881220817566,False,trained_model_seed
0,15450,1.0,0.9997762441635132,False,trained_model_seed
0,15500,1.0,0.9997762441635132,False,trained_model_seed
0,15550,1.0,0.9997762441635132,False,trained_model_seed
0,15600,0.9475196003913879,0.9282917380332947,False,trained_model_seed
0,15650,1.0,1.0,False,trained_model_seed
0,15700,1.0,1.0,False,trained_model_seed
0,15750,1.0,1.0,False,trained_model_seed
0,15800,1.0,1.0,False,trained_model_seed
0,15850,1.0,1.0,False,trained_model_seed
0,15900,1.0,0.9997762441635132,False,trained_model_seed
0,15950,1.0,0.9997762441635132,False,trained_model_seed
0,16000,1.0,1.0,False,trained_model_seed
0,16050,1.0,1.0,False,trained_model_seed
0,16100,1.0,1.0,False,trained_model_seed
0,16150,1.0,1.0,False,trained_model_seed
0,16200,1.0,1.0,False,trained_model_seed
0,16250,1.0,1.0,False,trained_model_seed
0,16300,1.0,1.0,False,trained_model_seed
0,16350,1.0,1.0,False,trained_model_seed
0,16400,1.0,1.0,False,trained_model_seed
0,16450,1.0,1.0,False,trained_model_seed
0,16500,1.0,1.0,False,trained_model_seed
0,16550,1.0,1.0,False,trained_model_seed
0,16600,1.0,1.0,False,trained_model_seed
0,16650,1.0,1.0,False,trained_model_seed
0,16700,1.0,1.0,False,trained_model_seed
0,16750,1.0,1.0,False,trained_model_seed
0,16800,1.0,1.0,False,trained_model_seed
0,16850,1.0,1.0,False,trained_model_seed
0,16900,1.0,1.0,False,trained_model_seed
0,16950,1.0,1.0,False,trained_model_seed
0,17000,1.0,0.9976507425308228,False,trained_model_seed
0,17050,1.0,0.9995525479316711,False,trained_model_seed
0,17100,1.0,1.0,False,trained_model_seed
0,17150,1.0,1.0,False,trained_model_seed
0,17200,1.0,1.0,False,trained_model_seed
0,17250,1.0,1.0,False,trained_model_seed
0,17300,1.0,1.0,False,trained_model_seed
0,17350,1.0,1.0,False,trained_model_seed
0,17400,1.0,1.0,False,trained_model_seed
0,17450,1.0,1.0,False,trained_model_seed
0,17500,1.0,1.0,False,trained_model_seed
0,17550,1.0,1.0,False,trained_model_seed
0,17600,1.0,1.0,False,trained_model_seed
0,17650,1.0,1.0,False,trained_model_seed
0,17700,1.0,1.0,False,trained_model_seed
0,17750,1.0,1.0,False,trained_model_seed
0,17800,1.0,1.0,False,trained_model_seed
0,17850,1.0,1.0,False,trained_model_seed
0,17900,1.0,1.0,False,trained_model_seed
0,17950,1.0,1.0,False,trained_model_seed
0,18000,1.0,1.0,False,trained_model_seed
0,18050,1.0,1.0,False,trained_model_seed
0,18100,1.0,0.9998881220817566,False,trained_model_seed
0,18150,0.9911227226257324,0.9810940623283386,False,trained_model_seed
0,18200,1.0,1.0,False,trained_model_seed
0,18250,1.0,1.0,False,trained_model_seed
0,18300,1.0,1.0,False,trained_model_seed
0,18350,1.0,1.0,False,trained_model_seed
0,18400,1.0,1.0,False,trained_model_seed
0,18450,1.0,1.0,False,trained_model_seed
0,18500,1.0,1.0,False,trained_model_seed
0,18550,1.0,1.0,False,trained_model_seed
0,18600,1.0,1.0,False,trained_model_seed
0,18650,1.0,1.0,False,trained_model_seed
0,18700,1.0,1.0,False,trained_model_seed
0,18750,1.0,1.0,False,trained_model_seed
0,18800,1.0,1.0,False,trained_model_seed
0,18850,1.0,1.0,False,trained_model_seed
0,18900,1.0,1.0,False,trained_model_seed
0,18950,1.0,1.0,False,trained_model_seed
0,19000,1.0,1.0,False,trained_model_seed
0,19050,1.0,1.0,False,trained_model_seed
0,19100,1.0,1.0,False,trained_model_seed
0,19150,1.0,1.0,False,trained_model_seed
0,19200,1.0,1.0,False,trained_model_seed
0,19250,1.0,1.0,False,trained_model_seed
0,19300,1.0,1.0,False,trained_model_seed
0,19350,1.0,1.0,False,trained_model_seed
0,19400,1.0,1.0,False,trained_model_seed
0,19450,1.0,1.0,False,trained_model_seed
0,19500,1.0,0.9970914125442505,False,trained_model_seed
0,19550,1.0,1.0,False,trained_model_seed
0,19600,1.0,1.0,False,trained_model_seed
0,19650,1.0,1.0,False,trained_model_seed
0,19700,1.0,1.0,False,trained_model_seed
0,19750,1.0,1.0,False,trained_model_seed
0,19800,1.0,1.0,False,trained_model_seed
0,19850,1.0,1.0,False,trained_model_seed
0,19900,1.0,1.0,False,trained_model_seed
0,19950,1.0,1.0,False,trained_model_seed
0,20000,1.0,1.0,False,trained_model_seed
0,20050,1.0,1.0,False,trained_model_seed
0,20100,1.0,1.0,False,trained_model_seed
0,20150,1.0,1.0,False,trained_model_seed
0,20200,1.0,1.0,False,trained_model_seed
0,20250,1.0,1.0,False,trained_model_seed
0,20300,1.0,1.0,False,trained_model_seed
0,20350,1.0,1.0,False,trained_model_seed
0,20400,1.0,1.0,False,trained_model_seed
0,20450,1.0,1.0,False,trained_model_seed
0,20500,1.0,1.0,False,trained_model_seed
0,20550,1.0,1.0,False,trained_model_seed
0,20600,1.0,1.0,False,trained_model_seed
0,20650,1.0,1.0,False,trained_model_seed
0,20700,1.0,1.0,False,trained_model_seed
0,20750,1.0,0.9984338283538818,False,trained_model_seed
0,20800,1.0,1.0,False,trained_model_seed
0,20850,1.0,1.0,False,trained_model_seed
0,20900,1.0,1.0,False,trained_model_seed
0,20950,1.0,1.0,False,trained_model_seed
0,21000,1.0,1.0,False,trained_model_seed
0,21050,1.0,1.0,False,trained_model_seed
0,21100,1.0,1.0,False,trained_model_seed
0,21150,1.0,1.0,False,trained_model_seed
0,21200,1.0,1.0,False,trained_model_seed
0,21250,1.0,1.0,False,trained_model_seed
0,21300,1.0,1.0,False,trained_model_seed
0,21350,1.0,1.0,False,trained_model_seed
0,21400,1.0,1.0,False,trained_model_seed
0,21450,1.0,1.0,False,trained_model_seed
0,21500,1.0,1.0,False,trained_model_seed
0,21550,1.0,1.0,False,trained_model_seed
0,21600,1.0,1.0,False,trained_model_seed
0,21650,1.0,1.0,False,trained_model_seed
0,21700,1.0,1.0,False,trained_model_seed
0,21750,1.0,1.0,False,trained_model_seed
0,21800,1.0,1.0,False,trained_model_seed
0,21850,1.0,1.0,False,trained_model_seed
0,21900,1.0,1.0,False,trained_model_seed
0,21950,0.9937337040901184,0.9854570031166077,False,trained_model_seed
0,22000,1.0,1.0,False,trained_model_seed
0,22050,1.0,1.0,False,trained_model_seed
0,22100,1.0,1.0,False,trained_model_seed
0,22150,1.0,1.0,False,trained_model_seed
0,22200,1.0,1.0,False,trained_model_seed
0,22250,1.0,1.0,False,trained_model_seed
0,22300,1.0,1.0,False,trained_model_seed
0,22350,1.0,1.0,False,trained_model_seed
0,22400,1.0,1.0,False,trained_model_seed
0,22450,1.0,1.0,False,trained_model_seed
0,22500,1.0,1.0,False,trained_model_seed
0,22550,1.0,1.0,False,trained_model_seed
0,22600,1.0,1.0,False,trained_model_seed
0,22650,1.0,1.0,False,trained_model_seed
0,22700,1.0,1.0,False,trained_model_seed
0,22750,1.0,1.0,False,trained_model_seed
0,22800,1.0,1.0,False,trained_model_seed
0,22850,1.0,1.0,False,trained_model_seed
0,22900,1.0,1.0,False,trained_model_seed
0,22950,1.0,1.0,False,trained_model_seed
0,23000,1.0,1.0,False,trained_model_seed
0,23050,1.0,1.0,False,trained_model_seed
0,23100,1.0,1.0,False,trained_model_seed
0,23150,1.0,1.0,False,trained_model_seed
0,23200,1.0,0.9997762441635132,False,trained_model_seed
0,23250,1.0,0.9985457062721252,False,trained_model_seed
0,23300,1.0,0.9998881220817566,False,trained_model_seed
0,23350,1.0,1.0,False,trained_model_seed
0,23400,1.0,1.0,False,trained_model_seed
0,23450,1.0,1.0,False,trained_model_seed
0,23500,1.0,1.0,False,trained_model_seed
0,23550,1.0,1.0,False,trained_model_seed
0,23600,1.0,1.0,False,trained_model_seed
0,23650,1.0,1.0,False,trained_model_seed
0,23700,1.0,1.0,False,trained_model_seed
0,23750,1.0,1.0,False,trained_model_seed
0,23800,1.0,1.0,False,trained_model_seed
0,23850,1.0,1.0,False,trained_model_seed
0,23900,1.0,1.0,False,trained_model_seed
0,23950,1.0,1.0,False,trained_model_seed
0,24000,1.0,1.0,False,trained_model_seed
0,24050,1.0,1.0,False,trained_model_seed
0,24100,1.0,1.0,False,trained_model_seed
0,24150,1.0,1.0,False,trained_model_seed
0,24200,1.0,1.0,False,trained_model_seed
0,24250,1.0,1.0,False,trained_model_seed
0,24300,1.0,1.0,False,trained_model_seed
0,24350,1.0,1.0,False,trained_model_seed
0,24400,1.0,1.0,False,trained_model_seed
0,24450,1.0,1.0,False,trained_model_seed
0,24500,1.0,1.0,False,trained_model_seed
0,24550,1.0,0.9985457062721252,False,trained_model_seed
0,24600,1.0,1.0,False,trained_model_seed
0,24650,1.0,1.0,False,trained_model_seed
0,24700,1.0,1.0,False,trained_model_seed
0,24750,1.0,1.0,False,trained_model_seed
0,24800,1.0,1.0,False,trained_model_seed
0,24850,1.0,1.0,False,trained_model_seed
0,24900,1.0,1.0,False,trained_model_seed
0,24950,1.0,1.0,False,trained_model_seed
0,25000,1.0,1.0,False,trained_model_seed
0,25050,1.0,1.0,False,trained_model_seed
0,25100,1.0,1.0,False,trained_model_seed
0,25150,1.0,1.0,False,trained_model_seed
0,25200,1.0,1.0,False,trained_model_seed
0,25250,1.0,1.0,False,trained_model_seed
0,25300,1.0,1.0,False,trained_model_seed
0,25350,1.0,1.0,False,trained_model_seed
0,25400,1.0,1.0,False,trained_model_seed
0,25450,1.0,1.0,False,trained_model_seed
0,25500,1.0,1.0,False,trained_model_seed
0,25550,1.0,1.0,False,trained_model_seed
0,25600,1.0,1.0,False,trained_model_seed
0,25650,1.0,1.0,False,trained_model_seed
0,25700,1.0,1.0,False,trained_model_seed
0,25750,1.0,1.0,False,trained_model_seed
0,25800,1.0,0.9984338283538818,False,trained_model_seed
0,25850,1.0,1.0,False,trained_model_seed
0,25900,1.0,1.0,False,trained_model_seed
0,25950,1.0,1.0,False,trained_model_seed
0,26000,1.0,1.0,False,trained_model_seed
0,26050,1.0,1.0,False,trained_model_seed
0,26100,1.0,1.0,False,trained_model_seed
0,26150,1.0,1.0,False,trained_model_seed
0,26200,1.0,1.0,False,trained_model_seed
0,26250,1.0,1.0,False,trained_model_seed
0,26300,1.0,1.0,False,trained_model_seed
0,26350,1.0,1.0,False,trained_model_seed
0,26400,1.0,1.0,False,trained_model_seed
0,26450,1.0,1.0,False,trained_model_seed
0,26500,1.0,1.0,False,trained_model_seed
0,26550,1.0,1.0,False,trained_model_seed
0,26600,1.0,1.0,False,trained_model_seed
0,26650,1.0,1.0,False,trained_model_seed
0,26700,1.0,1.0,False,trained_model_seed
0,26750,1.0,1.0,False,trained_model_seed
0,26800,1.0,1.0,False,trained_model_seed
0,26850,1.0,1.0,False,trained_model_seed
0,26900,1.0,1.0,False,trained_model_seed
0,26950,1.0,1.0,False,trained_model_seed
0,27000,1.0,1.0,False,trained_model_seed
0,27050,1.0,0.9997762441635132,False,trained_model_seed
0,27100,1.0,1.0,False,trained_model_seed
0,27150,1.0,1.0,False,trained_model_seed
0,27200,1.0,1.0,False,trained_model_seed
0,27250,1.0,1.0,False,trained_model_seed
0,27300,1.0,1.0,False,trained_model_seed
0,27350,1.0,1.0,False,trained_model_seed
0,27400,1.0,1.0,False,trained_model_seed
0,27450,1.0,1.0,False,trained_model_seed
0,27500,1.0,1.0,False,trained_model_seed
0,27550,1.0,1.0,False,trained_model_seed
0,27600,1.0,1.0,False,trained_model_seed
0,27650,1.0,1.0,False,trained_model_seed
0,27700,1.0,1.0,False,trained_model_seed
0,27750,1.0,1.0,False,trained_model_seed
0,27800,1.0,1.0,False,trained_model_seed
0,27850,1.0,1.0,False,trained_model_seed
0,27900,1.0,1.0,False,trained_model_seed
0,27950,1.0,1.0,False,trained_model_seed
0,28000,1.0,1.0,False,trained_model_seed
0,28050,1.0,1.0,False,trained_model_seed
0,28100,1.0,1.0,False,trained_model_seed
0,28150,1.0,1.0,False,trained_model_seed
0,28200,1.0,1.0,False,trained_model_seed
0,28250,1.0,0.9997762441635132,False,trained_model_seed
0,28300,1.0,0.9989931583404541,False,trained_model_seed
0,28350,1.0,1.0,False,trained_model_seed
0,28400,1.0,1.0,False,trained_model_seed
0,28450,1.0,1.0,False,trained_model_seed
0,28500,1.0,1.0,False,trained_model_seed
0,28550,1.0,1.0,False,trained_model_seed
0,28600,1.0,1.0,False,trained_model_seed
0,28650,1.0,1.0,False,trained_model_seed
0,28700,1.0,1.0,False,trained_model_seed
0,28750,1.0,1.0,False,trained_model_seed
0,28800,1.0,1.0,False,trained_model_seed
0,28850,1.0,1.0,False,trained_model_seed
0,28900,1.0,1.0,False,trained_model_seed
0,28950,1.0,1.0,False,trained_model_seed
0,29000,1.0,1.0,False,trained_model_seed
0,29050,1.0,1.0,False,trained_model_seed
0,29100,1.0,1.0,False,trained_model_seed
0,29150,1.0,1.0,False,trained_model_seed
0,29200,1.0,1.0,False,trained_model_seed
0,29250,1.0,1.0,False,trained_model_seed
0,29300,1.0,1.0,False,trained_model_seed
0,29350,1.0,1.0,False,trained_model_seed
0,29400,1.0,1.0,False,trained_model_seed
0,29450,1.0,1.0,False,trained_model_seed
0,29500,1.0,1.0,False,trained_model_seed
0,29550,1.0,0.9995525479316711,False,trained_model_seed
0,29600,1.0,0.9998881220817566,False,trained_model_seed
0,29650,1.0,0.9997762441635132,False,trained_model_seed
0,29700,1.0,1.0,False,trained_model_seed
0,29750,1.0,1.0,False,trained_model_seed
0,29800,1.0,1.0,False,trained_model_seed
0,29850,1.0,1.0,False,trained_model_seed
0,29900,1.0,1.0,False,trained_model_seed
0,29950,1.0,1.0,False,trained_model_seed
0,30000,1.0,1.0,False,trained_model_seed
0,30050,1.0,1.0,False,trained_model_seed
0,30100,1.0,1.0,False,trained_model_seed
0,30150,1.0,0.9997762441635132,False,trained_model_seed
0,30200,1.0,0.9997762441635132,False,trained_model_seed
0,30250,1.0,0.9997762441635132,False,trained_model_seed
0,30300,1.0,0.9997762441635132,False,trained_model_seed
0,30350,1.0,0.9997762441635132,False,trained_model_seed
0,30400,1.0,0.9997762441635132,False,trained_model_seed
0,30450,1.0,0.9997762441635132,False,trained_model_seed
0,30500,1.0,0.9997762441635132,False,trained_model_seed
0,30550,1.0,0.9997762441635132,False,trained_model_seed
0,30600,1.0,0.9997762441635132,False,trained_model_seed
0,30650,1.0,0.9997762441635132,False,trained_model_seed
0,30700,1.0,0.9984338283538818,False,trained_model_seed
0,30750,1.0,1.0,False,trained_model_seed
0,30800,1.0,1.0,False,trained_model_seed
0,30850,1.0,1.0,False,trained_model_seed
0,30900,1.0,1.0,False,trained_model_seed
0,30950,1.0,1.0,False,trained_model_seed
0,31000,1.0,1.0,False,trained_model_seed
0,31050,1.0,1.0,False,trained_model_seed
0,31100,1.0,1.0,False,trained_model_seed
0,31150,1.0,1.0,False,trained_model_seed
0,31200,1.0,1.0,False,trained_model_seed
0,31250,1.0,1.0,False,trained_model_seed
0,31300,1.0,1.0,False,trained_model_seed
0,31350,1.0,1.0,False,trained_model_seed
0,31400,1.0,1.0,False,trained_model_seed
0,31450,1.0,1.0,False,trained_model_seed
0,31500,1.0,1.0,False,trained_model_seed
0,31550,1.0,1.0,False,trained_model_seed
0,31600,1.0,1.0,False,trained_model_seed
0,31650,1.0,1.0,False,trained_model_seed
0,31700,1.0,1.0,False,trained_model_seed
0,31750,1.0,1.0,False,trained_model_seed
0,31800,1.0,0.9998881220817566,False,trained_model_seed
0,31850,1.0,0.9997762441635132,False,trained_model_seed
0,31900,1.0,0.9997762441635132,False,trained_model_seed
0,31950,1.0,0.9994406700134277,False,trained_model_seed
0,32000,1.0,1.0,False,trained_model_seed
0,32050,1.0,1.0,False,trained_model_seed
0,32100,1.0,1.0,False,trained_model_seed
0,32150,1.0,1.0,False,trained_model_seed
0,32200,1.0,1.0,False,trained_model_seed
0,32250,1.0,1.0,False,trained_model_seed
0,32300,1.0,1.0,False,trained_model_seed
0,32350,1.0,1.0,False,trained_model_seed
0,32400,1.0,1.0,False,trained_model_seed
0,32450,1.0,1.0,False,trained_model_seed
0,32500,1.0,1.0,False,trained_model_seed
0,32550,1.0,1.0,False,trained_model_seed
0,32600,1.0,1.0,False,trained_model_seed
0,32650,1.0,1.0,False,trained_model_seed
0,32700,1.0,1.0,False,trained_model_seed
0,32750,1.0,1.0,False,trained_model_seed
0,32800,1.0,1.0,False,trained_model_seed
0,32850,1.0,1.0,False,trained_model_seed
0,32900,1.0,1.0,False,trained_model_seed
0,32950,1.0,0.9998881220817566,False,trained_model_seed
0,33000,1.0,0.9997762441635132,False,trained_model_seed
0,33050,1.0,0.9996643662452698,False,trained_model_seed
0,33100,1.0,0.9995525479316711,False,trained_model_seed
0,33150,1.0,0.9998881220817566,False,trained_model_seed
0,33200,1.0,1.0,False,trained_model_seed
0,33250,1.0,1.0,False,trained_model_seed
0,33300,1.0,1.0,False,trained_model_seed
0,33350,1.0,1.0,False,trained_model_seed
0,33400,1.0,1.0,False,trained_model_seed
0,33450,1.0,1.0,False,trained_model_seed
0,33500,1.0,1.0,False,trained_model_seed
0,33550,1.0,1.0,False,trained_model_seed
0,33600,1.0,1.0,False,trained_model_seed
0,33650,1.0,1.0,False,trained_model_seed
0,33700,1.0,1.0,False,trained_model_seed
0,33750,1.0,1.0,False,trained_model_seed
0,33800,1.0,1.0,False,trained_model_seed
0,33850,1.0,1.0,False,trained_model_seed
0,33900,1.0,1.0,False,trained_model_seed
0,33950,1.0,1.0,False,trained_model_seed
0,34000,1.0,1.0,False,trained_model_seed
0,34050,1.0,1.0,False,trained_model_seed
0,34100,1.0,1.0,False,trained_model_seed
0,34150,1.0,1.0,False,trained_model_seed
0,34200,1.0,1.0,False,trained_model_seed
0,34250,1.0,1.0,False,trained_model_seed
0,34300,1.0,1.0,False,trained_model_seed
0,34350,1.0,1.0,False,trained_model_seed
0,34400,1.0,1.0,False,trained_model_seed
0,34450,1.0,0.9996643662452698,False,trained_model_seed
0,34500,1.0,1.0,False,trained_model_seed
0,34550,1.0,1.0,False,trained_model_seed
0,34600,1.0,1.0,False,trained_model_seed
0,34650,1.0,1.0,False,trained_model_seed
0,34700,1.0,1.0,False,trained_model_seed
0,34750,1.0,1.0,False,trained_model_seed
0,34800,1.0,1.0,False,trained_model_seed
0,34850,1.0,1.0,False,trained_model_seed
0,34900,1.0,1.0,False,trained_model_seed
0,34950,1.0,1.0,False,trained_model_seed
0,35000,1.0,1.0,False,trained_model_seed
0,35050,1.0,1.0,False,trained_model_seed
0,35100,1.0,1.0,False,trained_model_seed
0,35150,1.0,1.0,False,trained_model_seed
0,35200,1.0,1.0,False,trained_model_seed
0,35250,1.0,1.0,False,trained_model_seed
0,35300,1.0,1.0,False,trained_model_seed
0,35350,1.0,1.0,False,trained_model_seed
0,35400,1.0,1.0,False,trained_model_seed
0,35450,1.0,1.0,False,trained_model_seed
0,35500,1.0,1.0,False,trained_model_seed
0,35550,1.0,1.0,False,trained_model_seed
0,35600,1.0,1.0,False,trained_model_seed
0,35650,1.0,1.0,False,trained_model_seed
0,35700,1.0,1.0,False,trained_model_seed
0,35750,1.0,0.9989931583404541,False,trained_model_seed
0,35800,1.0,1.0,False,trained_model_seed
0,35850,1.0,1.0,False,trained_model_seed
0,35900,1.0,1.0,False,trained_model_seed
0,35950,1.0,1.0,False,trained_model_seed
0,36000,1.0,1.0,False,trained_model_seed
0,36050,1.0,1.0,False,trained_model_seed
0,36100,1.0,1.0,False,trained_model_seed
0,36150,1.0,1.0,False,trained_model_seed
0,36200,1.0,1.0,False,trained_model_seed
0,36250,1.0,1.0,False,trained_model_seed
0,36300,1.0,1.0,False,trained_model_seed
0,36350,1.0,1.0,False,trained_model_seed
0,36400,1.0,1.0,False,trained_model_seed
0,36450,1.0,1.0,False,trained_model_seed
0,36500,1.0,1.0,False,trained_model_seed
0,36550,1.0,1.0,False,trained_model_seed
0,36600,1.0,1.0,False,trained_model_seed
0,36650,1.0,1.0,False,trained_model_seed
0,36700,1.0,1.0,False,trained_model_seed
0,36750,1.0,1.0,False,trained_model_seed
0,36800,1.0,1.0,False,trained_model_seed
0,36850,1.0,1.0,False,trained_model_seed
0,36900,1.0,1.0,False,trained_model_seed
0,36950,1.0,0.9996643662452698,False,trained_model_seed
0,37000,1.0,0.9987694621086121,False,trained_model_seed
0,37050,1.0,0.9995525479316711,False,trained_model_seed
0,37100,1.0,1.0,False,trained_model_seed
0,37150,1.0,1.0,False,trained_model_seed
0,37200,1.0,1.0,False,trained_model_seed
0,37250,1.0,1.0,False,trained_model_seed
0,37300,1.0,1.0,False,trained_model_seed
0,37350,1.0,1.0,False,trained_model_seed
0,37400,1.0,1.0,False,trained_model_seed
0,37450,1.0,1.0,False,trained_model_seed
0,37500,1.0,1.0,False,trained_model_seed
0,37550,1.0,1.0,False,trained_model_seed
0,37600,1.0,1.0,False,trained_model_seed
0,37650,1.0,1.0,False,trained_model_seed
0,37700,1.0,1.0,False,trained_model_seed
0,37750,1.0,1.0,False,trained_model_seed
0,37800,1.0,1.0,False,trained_model_seed
0,37850,1.0,1.0,False,trained_model_seed
0,37900,1.0,1.0,False,trained_model_seed
0,37950,1.0,1.0,False,trained_model_seed
0,38000,1.0,1.0,False,trained_model_seed
0,38050,1.0,1.0,False,trained_model_seed
0,38100,1.0,1.0,False,trained_model_seed
0,38150,1.0,1.0,False,trained_model_seed
0,38200,0.9838120341300964,0.971585214138031,False,trained_model_seed
0,38250,1.0,1.0,False,trained_model_seed
0,38300,1.0,1.0,False,trained_model_seed
0,38350,1.0,1.0,False,trained_model_seed
0,38400,1.0,1.0,False,trained_model_seed
0,38450,1.0,1.0,False,trained_model_seed
0,38500,1.0,1.0,False,trained_model_seed
0,38550,1.0,1.0,False,trained_model_seed
0,38600,1.0,1.0,False,trained_model_seed
0,38650,1.0,1.0,False,trained_model_seed
0,38700,1.0,1.0,False,trained_model_seed
0,38750,1.0,1.0,False,trained_model_seed
0,38800,1.0,1.0,False,trained_model_seed
0,38850,1.0,1.0,False,trained_model_seed
0,38900,1.0,1.0,False,trained_model_seed
0,38950,1.0,1.0,False,trained_model_seed
0,39000,1.0,1.0,False,trained_model_seed
0,39050,1.0,1.0,False,trained_model_seed
0,39100,1.0,1.0,False,trained_model_seed
0,39150,1.0,1.0,False,trained_model_seed
0,39200,1.0,1.0,False,trained_model_seed
0,39250,1.0,1.0,False,trained_model_seed
0,39300,1.0,1.0,False,trained_model_seed
0,39350,1.0,1.0,False,trained_model_seed
0,39400,1.0,1.0,False,trained_model_seed
0,39450,1.0,0.9997762441635132,False,trained_model_seed
0,39500,1.0,0.998210072517395,False,trained_model_seed
0,39550,1.0,0.9997762441635132,False,trained_model_seed
0,39600,1.0,1.0,False,trained_model_seed
0,39650,1.0,1.0,False,trained_model_seed
0,39700,1.0,1.0,False,trained_model_seed
0,39750,1.0,1.0,False,trained_model_seed
0,39800,1.0,1.0,False,trained_model_seed
0,39850,1.0,1.0,False,trained_model_seed
0,39900,1.0,1.0,False,trained_model_seed
0,39950,1.0,1.0,False,trained_model_seed
0,40000,1.0,1.0,False,trained_model_seed
1,0,0.010182767175137997,0.009061416611075401,False,trained_model_seed
1,50,0.0702349841594696,0.0055934670381248,False,trained_model_seed
1,100,0.3156657814979553,0.01219375804066658,False,trained_model_seed
1,150,0.9336814880371094,0.03702875226736069,False,trained_model_seed
1,200,1.0,0.0485512912273407,True,trained_model_seed
1,250,1.0,0.05302606523036957,False,trained_model_seed
1,300,1.0,0.05559905990958214,False,trained_model_seed
1,350,1.0,0.058619532734155655,False,trained_model_seed
1,400,1.0,0.06074504926800728,False,trained_model_seed
1,450,1.0,0.06253495812416077,False,trained_model_seed
1,500,1.0,0.06488421559333801,False,trained_model_seed
1,550,1.0,0.06700973212718964,False,trained_model_seed
1,600,1.0,0.06790468841791153,False,trained_model_seed
1,650,1.0,0.07058954983949661,False,trained_model_seed
1,700,1.0,0.0714845061302185,False,trained_model_seed
1,750,1.0,0.07349815219640732,False,trained_model_seed
1,800,1.0,0.07584740966558456,False,trained_model_seed
1,850,1.0,0.07663049548864365,False,trained_model_seed
1,900,1.0,0.07797292619943619,False,trained_model_seed
1,950,1.0,0.07853227108716965,False,trained_model_seed
1,1000,1.0,0.07886788249015808,False,trained_model_seed
1,1050,1.0,0.07965096831321716,False,trained_model_seed
1,1100,1.0,0.08121713995933533,False,trained_model_seed
1,1150,1.0,0.08200022578239441,False,trained_model_seed
1,1200,1.0,0.08278331160545349,False,trained_model_seed
1,1250,1.0,0.08356639742851257,False,trained_model_seed
1,1300,1.0,0.08636312931776047,False,trained_model_seed
1,1350,1.0,0.0875936895608902,False,trained_model_seed
1,1400,1.0,0.08804117143154144,False,trained_model_seed
1,1450,0.9994778037071228,0.07685423642396927,False,trained_model_seed
1,1500,1.0,0.08915986120700836,False,trained_model_seed
1,1550,1.0,0.09262780845165253,False,trained_model_seed
1,1600,1.0,0.08915986120700836,False,trained_model_seed
1,1650,1.0,0.08826490491628647,False,trained_model_seed
1,1700,1.0,0.08983107656240463,False,trained_model_seed
1,1750,1.0,0.0894954726099968,False,trained_model_seed
1,1800,1.0,0.08927173167467117,False,trained_model_seed
1,1850,1.0,0.08848864585161209,False,trained_model_seed
1,1900,1.0,0.08904799073934555,False,trained_model_seed
1,1950,1.0,0.0894954726099968,False,trained_model_seed
1,2000,1.0,0.09039042145013809,False,trained_model_seed
1,2050,1.0,0.08994294703006744,False,trained_model_seed
1,2100,1.0,0.08983107656240463,False,trained_model_seed
1,2150,1.0,0.09016668796539307,False,trained_model_seed
1,2200,1.0,0.09039042145013809,False,trained_model_seed
1,2250,1.0,0.09117350727319717,False,trained_model_seed
1,2300,1.0,0.09106163680553436,False,trained_model_seed
1,2350,1.0,0.09128537774085999,False,trained_model_seed
1,2400,1.0,0.09229220449924469,False,trained_model_seed
1,2450,1.0,0.09262780845165253,False,trained_model_seed
1,2500,1.0,0.0932990238070488,False,trained_model_seed
1,2550,1.0,0.0943058505654335,False,trained_model_seed
1,2600,1.0,0.09542454779148102,False,trained_model_seed
1,2650,1.0,0.09699071198701859,False,trained_model_seed
1,2700,1.0,0.09777379781007767,False,trained_model_seed
1,2750,1.0,0.09777379781007767,False,trained_model_seed
1,2800,1.0,0.09844501316547394,False,trained_model_seed
1,2850,1.0,0.09128537774085999,False,trained_model_seed
1,2900,1.0,0.09822127968072891,False,trained_model_seed
1,2950,1.0,0.09889249503612518,False,trained_model_seed
1,3000,1.0,0.09654323756694794,False,trained_model_seed
1,3050,1.0,0.0971025824546814,False,trained_model_seed
1,3100,1.0,0.09732632339000702,False,trained_model_seed
1,3150,1.0,0.09755006432533264,False,trained_model_seed
1,3200,1.0,0.09911622852087021,False,trained_model_seed
1,3250,1.0,0.09866875410079956,False,trained_model_seed
1,3300,1.0,0.09833315014839172,False,trained_model_seed
1,3350,1.0,0.09945183992385864,False,trained_model_seed
1,3400,1.0,0.09978745132684708,True,trained_model_seed
1,3450,1.0,0.10023492574691772,False,trained_model_seed
1,3500,1.0,0.10157735645771027,False,trained_model_seed
1,3550,1.0,0.10224857181310654,False,trained_model_seed
1,3600,1.0,0.10236044228076935,False,trained_model_seed
1,3650,1.0,0.10303165763616562,False,trained_model_seed
1,3700,1.0,0.10303165763616562,False,trained_model_seed
1,3750,1.0,0.1038147434592247,False,trained_model_seed
1,3800,1.0,0.10515717417001724,False,trained_model_seed
1,3850,1.0,0.10560465604066849,False,trained_model_seed
1,3900,1.0,0.10694708675146103,False,trained_model_seed
1,3950,1.0,0.10739456117153168,False,trained_model_seed
1,4000,1.0,0.10840138792991638,False,trained_model_seed
1,4050,0.9895561337471008,0.09296341985464096,False,trained_model_seed
1,4100,1.0,0.1010180115699768,False,trained_model_seed
1,4150,1.0,0.10415035486221313,False,trained_model_seed
1,4200,1.0,0.10705895721912384,False,trained_model_seed
1,4250,1.0,0.10817764699459076,False,trained_model_seed
1,4300,1.0,0.10974381864070892,False,trained_model_seed
1,4350,1.0,0.10996755957603455,False,trained_model_seed
1,4400,1.0,0.11198120564222336,False,trained_model_seed
1,4450,1.0,0.11231681704521179,False,trained_model_seed
1,4500,1.0,0.11175746470689774,False,trained_model_seed
1,4550,1.0,0.11186933517456055,False,trained_model_seed
1,4600,1.0,0.11287616193294525,False,trained_model_seed
1,4650,1.0,0.11298803240060806,False,trained_model_seed
1,4700,1.0,0.11388298124074936,False,trained_model_seed
1,4750,1.0,0.11578476428985596,False,trained_model_seed
1,4800,1.0,0.11802215129137039,False,trained_model_seed
1,4850,1.0,0.11846962571144104,False,trained_model_seed
1,4900,1.0,0.11936458200216293,False,trained_model_seed
1,4950,1.0,0.11958832293748856,False,trained_model_seed
1,5000,1.0,0.1209307536482811,False,trained_model_seed
1,5050,1.0,0.12160196900367737,False,trained_model_seed
1,5100,1.0,0.12272065877914429,False,trained_model_seed
1,5150,1.0,0.12372748553752899,False,trained_model_seed
1,5200,1.0,0.1238393560051918,False,trained_model_seed
1,5250,1.0,0.12451057136058807,False,trained_model_seed
1,5300,1.0,0.12652422487735748,False,trained_model_seed
1,5350,1.0,0.12730731070041656,False,trained_model_seed
1,5400,1.0,0.12741917371749878,False,trained_model_seed
1,5450,1.0,0.12820225954055786,False,trained_model_seed
1,5500,1.0,0.12630048394203186,False,trained_model_seed
1,5550,1.0,0.13278889656066895,False,trained_model_seed
1,5600,1.0,0.13390760123729706,False,trained_model_seed
1,5650,1.0,0.13457880914211273,False,trained_model_seed
1,5700,1.0,0.13502629101276398,False,trained_model_seed
1,5750,1.0,0.1362568587064743,False,trained_model_seed
1,5800,1.0,0.13759928941726685,False,trained_model_seed
1,5850,1.0,0.1380467563867569,False,trained_model_seed
1,5900,1.0,0.14039601385593414,False,trained_model_seed
1,5950,1.0,0.14330461621284485,False,trained_model_seed
1,6000,1.0,0.14543013274669647,False,trained_model_seed
1,6050,1.0,0.14710818231105804,False,trained_model_seed
1,6100,1.0,0.1495693027973175,False,trained_model_seed
1,6150,1.0,0.15113547444343567,False,trained_model_seed
1,6200,1.0,0.15359659492969513,False,trained_model_seed
1,6250,1.0,0.1541559398174286,False,trained_model_seed
1,6300,1.0,0.156169593334198,False,trained_model_seed
1,6350,1.0,0.15930193662643433,False,trained_model_seed
1,6400,1.0,0.1610918492078781,False,trained_model_seed
1,6450,1.0,0.16400045156478882,False,trained_model_seed
1,6500,1.0,0.1665734350681305,False,trained_model_seed
1,6550,1.0,0.1686989665031433,False,trained_model_seed
1,6600,1.0,0.17116008698940277,False,trained_model_seed
1,6650,1.0,0.17350934445858002,False,trained_model_seed
1,6700,1.0,0.17496363818645477,False,trained_model_seed
1,6750,1.0,0.17697729170322418,False,trained_model_seed
1,6800,1.0,0.17641794681549072,False,trained_model_seed
1,6850,1.0,0.18984226882457733,False,trained_model_seed
1,6900,1.0,0.19174404442310333,False,trained_model_seed
1,6950,1.0,0.19118469953536987,False,trained_model_seed
1,7000,1.0,0.192415252327919,False,trained_model_seed
1,7050,1.0,0.1953238546848297,False,trained_model_seed
1,7100,1.0,0.20069359242916107,False,trained_model_seed
1,7150,1.0,0.20874817669391632,False,trained_model_seed
1,7200,1.0,0.21534846723079681,False,trained_model_seed
1,7250,1.0,0.22138941287994385,False,trained_model_seed
1,7300,1.0,0.2275422364473343,False,trained_model_seed
1,7350,1.0,0.23369504511356354,False,trained_model_seed
1,7400,1.0,0.24219711124897003,False,trained_model_seed
1,7450,1.0,0.25293657183647156,True,trained_model_seed
1,7500,1.0,0.2617742419242859,False,trained_model_seed
1,7550,1.0,0.27284932136535645,False,trained_model_seed
1,7600,1.0,0.2839243710041046,False,trained_model_seed
1,7650,1.0,0.29768431186676025,False,trained_model_seed
1,7700,1.0,0.31189170479774475,False,trained_model_seed
1,7750,1.0,0.32889583706855774,False,trained_model_seed
1,7800,1.0,0.3476898968219757,False,trained_model_seed
1,7850,1.0,0.36435842514038086,False,trained_model_seed
1,7900,1.0,0.38606107234954834,False,trained_model_seed
1,7950,1.0,0.4083230793476105,False,trained_model_seed
1,8000,1.0,0.4294663965702057,False,trained_model_seed
1,8050,1.0,0.4531826972961426,False,trained_model_seed
1,8100,1.0,0.47298356890678406,False,trained_model_seed
1,8150,1.0,0.4858485162258148,True,trained_model_seed
1,8200,1.0,0.5211992263793945,False,trained_model_seed
1,8250,1.0,0.5322743058204651,False,trained_model_seed
1,8300,1.0,0.5601297616958618,False,trained_model_seed
1,8350,1.0,0.6064437031745911,False,trained_model_seed
1,8400,1.0,0.6565611362457275,False,trained_model_seed
1,8450,1.0,0.7148450613021851,False,trained_model_seed
1,8500,1.0,0.7684304714202881,True,trained_model_seed
1,8550,1.0,0.8240295052528381,False,trained_model_seed
1,8600,1.0,0.8725808262825012,False,trained_model_seed
1,8650,1.0,0.9156505465507507,True,trained_model_seed
1,8700,1.0,0.9468620419502258,False,trained_model_seed
1,8750,1.0,0.9668866991996765,False,trained_model_seed
1,8800,1.0,0.9834433197975159,False,trained_model_seed
1,8850,1.0,0.9920572638511658,False,trained_model_seed
1,8900,1.0,0.9956371188163757,False,trained_model_seed
1,8950,1.0,0.998210072517395,False,trained_model_seed
1,9000,1.0,0.9988812804222107,False,trained_model_seed
1,9050,1.0,0.9991050362586975,True,trained_model_seed
1,9100,1.0,0.9993287920951843,False,trained_model_seed
1,9150,1.0,1.0,False,trained_model_seed
1,9200,1.0,1.0,False,trained_model_seed
1,9250,1.0,1.0,False,trained_model_seed
1,9300,1.0,1.0,False,trained_model_seed
1,9350,1.0,1.0,False,trained_model_seed
1,9400,0.990078330039978,0.9752768874168396,False,trained_model_seed
1,9450,1.0,0.9995525479316711,False,trained_model_seed
1,9500,1.0,1.0,False,trained_model_seed
1,9550,1.0,1.0,False,trained_model_seed
1,9600,1.0,1.0,False,trained_model_seed
1,9650,1.0,1.0,False,trained_model_seed
1,9700,1.0,1.0,False,trained_model_seed
1,9750,1.0,1.0,False,trained_model_seed
1,9800,1.0,1.0,False,trained_model_seed
1,9850,1.0,1.0,False,trained_model_seed
1,9900,1.0,1.0,False,trained_model_seed
1,9950,1.0,1.0,False,trained_model_seed
1,10000,1.0,1.0,False,trained_model_seed
1,10050,1.0,1.0,False,trained_model_seed
1,10100,1.0,1.0,False,trained_model_seed
1,10150,1.0,1.0,False,trained_model_seed
1,10200,1.0,1.0,False,trained_model_seed
1,10250,1.0,1.0,False,trained_model_seed
1,10300,1.0,1.0,False,trained_model_seed
1,10350,1.0,1.0,False,trained_model_seed
1,10400,1.0,1.0,False,trained_model_seed
1,10450,1.0,1.0,False,trained_model_seed
1,10500,1.0,1.0,False,trained_model_seed
1,10550,1.0,1.0,False,trained_model_seed
1,10600,1.0,1.0,False,trained_model_seed
1,10650,0.9879895448684692,0.9752768874168396,False,trained_model_seed
1,10700,1.0,0.9991050362586975,False,trained_model_seed
1,10750,1.0,1.0,False,trained_model_seed
1,10800,1.0,1.0,False,trained_model_seed
1,10850,1.0,1.0,False,trained_model_seed
1,10900,1.0,1.0,False,trained_model_seed
1,10950,1.0,1.0,False,trained_model_seed
1,11000,1.0,1.0,False,trained_model_seed
1,11050,1.0,1.0,False,trained_model_seed
1,11100,1.0,1.0,False,trained_model_seed
1,11150,1.0,1.0,False,trained_model_seed
1,11200,1.0,1.0,False,trained_model_seed
1,11250,1.0,1.0,False,trained_model_seed
1,11300,1.0,1.0,False,trained_model_seed
1,11350,1.0,1.0,False,trained_model_seed
1,11400,1.0,1.0,False,trained_model_seed
1,11450,1.0,1.0,False,trained_model_seed
1,11500,1.0,1.0,False,trained_model_seed
1,11550,1.0,1.0,False,trained_model_seed
1,11600,1.0,1.0,False,trained_model_seed
1,11650,1.0,1.0,False,trained_model_seed
1,11700,1.0,1.0,False,trained_model_seed
1,11750,1.0,1.0,False,trained_model_seed
1,11800,1.0,1.0,False,trained_model_seed
1,11850,1.0,1.0,False,trained_model_seed
1,11900,1.0,1.0,False,trained_model_seed
1,11950,0.9642297625541687,0.9448484182357788,False,trained_model_seed
1,12000,1.0,0.9995525479316711,False,trained_model_seed
1,12050,1.0,1.0,False,trained_model_seed
1,12100,1.0,1.0,False,trained_model_seed
1,12150,1.0,1.0,False,trained_model_seed
1,12200,1.0,1.0,False,trained_model_seed
1,12250,1.0,1.0,False,trained_model_seed
1,12300,1.0,1.0,False,trained_model_seed
1,12350,1.0,1.0,False,trained_model_seed
1,12400,1.0,1.0,False,trained_model_seed
1,12450,1.0,1.0,False,trained_model_seed
1,12500,1.0,1.0,False,trained_model_seed
1,12550,1.0,1.0,False,trained_model_seed
1,12600,1.0,1.0,False,trained_model_seed
1,12650,1.0,1.0,False,trained_model_seed
1,12700,1.0,1.0,False,trained_model_seed
1,12750,1.0,1.0,False,trained_model_seed
1,12800,1.0,1.0,False,trained_model_seed
1,12850,1.0,1.0,False,trained_model_seed
1,12900,1.0,1.0,False,trained_model_seed
1,12950,1.0,1.0,False,trained_model_seed
1,13000,1.0,1.0,False,trained_model_seed
1,13050,1.0,1.0,False,trained_model_seed
1,13100,1.0,1.0,False,trained_model_seed
1,13150,1.0,1.0,False,trained_model_seed
1,13200,1.0,1.0,False,trained_model_seed
1,13250,0.982767641544342,0.9648730158805847,False,trained_model_seed
1,13300,1.0,0.9995525479316711,False,trained_model_seed
1,13350,1.0,1.0,False,trained_model_seed
1,13400,1.0,1.0,False,trained_model_seed
1,13450,1.0,1.0,False,trained_model_seed
1,13500,1.0,1.0,False,trained_model_seed
1,13550,1.0,1.0,False,trained_model_seed
1,13600,1.0,1.0,False,trained_model_seed
1,13650,1.0,1.0,False,trained_model_seed
1,13700,1.0,1.0,False,trained_model_seed
1,13750,1.0,1.0,False,trained_model_seed
1,13800,1.0,1.0,False,trained_model_seed
1,13850,1.0,1.0,False,trained_model_seed
1,13900,1.0,1.0,False,trained_model_seed
1,13950,1.0,1.0,False,trained_model_seed
1,14000,1.0,1.0,False,trained_model_seed
1,14050,1.0,1.0,False,trained_model_seed
1,14100,1.0,1.0,False,trained_model_seed
1,14150,1.0,1.0,False,trained_model_seed
1,14200,1.0,1.0,False,trained_model_seed
1,14250,1.0,1.0,False,trained_model_seed
1,14300,1.0,1.0,False,trained_model_seed
1,14350,1.0,1.0,False,trained_model_seed
1,14400,1.0,1.0,False,trained_model_seed
1,14450,1.0,1.0,False,trained_model_seed
1,14500,1.0,1.0,False,trained_model_seed
1,14550,1.0,1.0,False,trained_model_seed
1,14600,1.0,0.9991050362586975,False,trained_model_seed
1,14650,1.0,1.0,False,trained_model_seed
1,14700,1.0,1.0,False,trained_model_seed
1,14750,1.0,1.0,False,trained_model_seed
1,14800,1.0,1.0,False,trained_model_seed
1,14850,1.0,1.0,False,trained_model_seed
1,14900,1.0,1.0,False,trained_model_seed
1,14950,1.0,1.0,False,trained_model_seed
1,15000,1.0,1.0,False,trained_model_seed
1,15050,1.0,1.0,False,trained_model_seed
1,15100,1.0,1.0,False,trained_model_seed
1,15150,1.0,1.0,False,trained_model_seed
1,15200,1.0,1.0,False,trained_model_seed
1,15250,1.0,1.0,False,trained_model_seed
1,15300,1.0,1.0,False,trained_model_seed
1,15350,1.0,1.0,False,trained_model_seed
1,15400,1.0,1.0,False,trained_model_seed
1,15450,1.0,1.0,False,trained_model_seed
1,15500,1.0,1.0,False,trained_model_seed
1,15550,1.0,1.0,False,trained_model_seed
1,15600,1.0,1.0,False,trained_model_seed
1,15650,1.0,1.0,False,trained_model_seed
1,15700,1.0,1.0,False,trained_model_seed
1,15750,1.0,1.0,False,trained_model_seed
1,15800,1.0,1.0,False,trained_model_seed
1,15850,1.0,0.9991050362586975,False,trained_model_seed
1,15900,1.0,0.9995525479316711,False,trained_model_seed
1,15950,1.0,1.0,False,trained_model_seed
1,16000,1.0,1.0,False,trained_model_seed
1,16050,1.0,1.0,False,trained_model_seed
1,16100,1.0,1.0,False,trained_model_seed
1,16150,1.0,1.0,False,trained_model_seed
1,16200,1.0,1.0,False,trained_model_seed
1,16250,1.0,1.0,False,trained_model_seed
1,16300,1.0,1.0,False,trained_model_seed
1,16350,1.0,1.0,False,trained_model_seed
1,16400,1.0,1.0,False,trained_model_seed
1,16450,1.0,1.0,False,trained_model_seed
1,16500,1.0,1.0,False,trained_model_seed
1,16550,1.0,1.0,False,trained_model_seed
1,16600,1.0,1.0,False,trained_model_seed
1,16650,1.0,1.0,False,trained_model_seed
1,16700,1.0,1.0,False,trained_model_seed
1,16750,1.0,1.0,False,trained_model_seed
1,16800,1.0,1.0,False,trained_model_seed
1,16850,1.0,1.0,False,trained_model_seed
1,16900,1.0,1.0,False,trained_model_seed
1,16950,1.0,1.0,False,trained_model_seed
1,17000,1.0,1.0,False,trained_model_seed
1,17050,1.0,0.9997762441635132,False,trained_model_seed
1,17100,1.0,0.9991050362586975,False,trained_model_seed
1,17150,1.0,0.9997762441635132,False,trained_model_seed
1,17200,1.0,1.0,False,trained_model_seed
1,17250,1.0,1.0,False,trained_model_seed
1,17300,1.0,1.0,False,trained_model_seed
1,17350,1.0,1.0,False,trained_model_seed
1,17400,1.0,1.0,False,trained_model_seed
1,17450,1.0,1.0,False,trained_model_seed
1,17500,1.0,1.0,False,trained_model_seed
1,17550,1.0,1.0,False,trained_model_seed
1,17600,1.0,1.0,False,trained_model_seed
1,17650,1.0,1.0,False,trained_model_seed
1,17700,1.0,1.0,False,trained_model_seed
1,17750,1.0,1.0,False,trained_model_seed
1,17800,1.0,1.0,False,trained_model_seed
1,17850,1.0,1.0,False,trained_model_seed
1,17900,1.0,1.0,False,trained_model_seed
1,17950,1.0,1.0,False,trained_model_seed
1,18000,1.0,1.0,False,trained_model_seed
1,18050,1.0,1.0,False,trained_model_seed
1,18100,1.0,1.0,False,trained_model_seed
1,18150,1.0,1.0,False,trained_model_seed
1,18200,1.0,1.0,False,trained_model_seed
1,18250,1.0,1.0,False,trained_model_seed
1,18300,1.0,1.0,False,trained_model_seed
1,18350,1.0,0.9997762441635132,False,trained_model_seed
1,18400,1.0,0.9976507425308228,False,trained_model_seed
1,18450,1.0,0.9989931583404541,False,trained_model_seed
1,18500,1.0,0.9998881220817566,False,trained_model_seed
1,18550,1.0,1.0,False,trained_model_seed
1,18600,1.0,1.0,False,trained_model_seed
1,18650,1.0,1.0,False,trained_model_seed
1,18700,1.0,1.0,False,trained_model_seed
1,18750,1.0,1.0,False,trained_model_seed
1,18800,1.0,1.0,False,trained_model_seed
1,18850,1.0,1.0,False,trained_model_seed
1,18900,1.0,1.0,False,trained_model_seed
1,18950,1.0,1.0,False,trained_model_seed
1,19000,1.0,1.0,False,trained_model_seed
1,19050,1.0,0.9998881220817566,False,trained_model_seed
1,19100,1.0,0.9998881220817566,False,trained_model_seed
1,19150,1.0,0.9998881220817566,False,trained_model_seed
1,19200,1.0,0.9998881220817566,False,trained_model_seed
1,19250,1.0,0.9998881220817566,False,trained_model_seed
1,19300,1.0,0.9998881220817566,False,trained_model_seed
1,19350,1.0,0.9997762441635132,False,trained_model_seed
1,19400,1.0,0.9997762441635132,False,trained_model_seed
1,19450,1.0,1.0,False,trained_model_seed
1,19500,1.0,1.0,False,trained_model_seed
1,19550,1.0,1.0,False,trained_model_seed
1,19600,1.0,1.0,False,trained_model_seed
1,19650,1.0,0.9998881220817566,False,trained_model_seed
1,19700,1.0,0.9970914125442505,False,trained_model_seed
1,19750,1.0,0.9992169141769409,False,trained_model_seed
1,19800,1.0,0.9997762441635132,False,trained_model_seed
1,19850,1.0,1.0,False,trained_model_seed
1,19900,1.0,1.0,False,trained_model_seed
1,19950,1.0,1.0,False,trained_model_seed
1,20000,1.0,1.0,False,trained_model_seed
1,20050,1.0,1.0,False,trained_model_seed
1,20100,1.0,1.0,False,trained_model_seed
1,20150,1.0,0.9998881220817566,False,trained_model_seed
1,20200,1.0,0.9998881220817566,False,trained_model_seed
1,20250,1.0,0.9998881220817566,False,trained_model_seed
1,20300,1.0,0.9995525479316711,False,trained_model_seed
1,20350,1.0,0.9995525479316711,False,trained_model_seed
1,20400,1.0,0.9995525479316711,False,trained_model_seed
1,20450,1.0,0.9995525479316711,False,trained_model_seed
1,20500,1.0,0.9995525479316711,False,trained_model_seed
1,20550,1.0,0.9995525479316711,False,trained_model_seed
1,20600,1.0,0.9995525479316711,False,trained_model_seed
1,20650,1.0,0.9995525479316711,False,trained_model_seed
1,20700,1.0,0.9995525479316711,False,trained_model_seed
1,20750,1.0,0.9995525479316711,False,trained_model_seed
1,20800,1.0,0.9995525479316711,False,trained_model_seed
1,20850,1.0,0.9995525479316711,False,trained_model_seed
1,20900,1.0,0.9997762441635132,False,trained_model_seed
1,20950,1.0,0.9997762441635132,False,trained_model_seed
1,21000,1.0,0.9974269866943359,False,trained_model_seed
1,21050,1.0,0.9988812804222107,False,trained_model_seed
1,21100,1.0,0.9993287920951843,False,trained_model_seed
1,21150,1.0,0.9995525479316711,False,trained_model_seed
1,21200,1.0,0.9991050362586975,False,trained_model_seed
1,21250,1.0,0.9991050362586975,False,trained_model_seed
1,21300,1.0,0.9986575841903687,False,trained_model_seed
1,21350,1.0,0.9986575841903687,False,trained_model_seed
1,21400,1.0,0.9984338283538818,False,trained_model_seed
1,21450,1.0,0.9984338283538818,False,trained_model_seed
1,21500,1.0,0.9980981945991516,False,trained_model_seed
1,21550,1.0,0.997986376285553,False,trained_model_seed
1,21600,1.0,0.9977626204490662,False,trained_model_seed
1,21650,1.0,0.9975388646125793,False,trained_model_seed
1,21700,1.0,0.9973151087760925,False,trained_model_seed
1,21750,1.0,0.9968676567077637,False,trained_model_seed
1,21800,1.0,0.9969795346260071,False,trained_model_seed
1,21850,1.0,0.9970914125442505,False,trained_model_seed
1,21900,1.0,0.9969795346260071,False,trained_model_seed
1,21950,1.0,0.9967557787895203,False,trained_model_seed
1,22000,1.0,0.9968676567077637,False,trained_model_seed
1,22050,1.0,0.9969795346260071,False,trained_model_seed
1,22100,1.0,0.9969795346260071,False,trained_model_seed
1,22150,1.0,0.9966439008712769,False,trained_model_seed
1,22200,1.0,0.9968676567077637,False,trained_model_seed
1,22250,1.0,0.9968676567077637,False,trained_model_seed
1,22300,1.0,0.9965320229530334,False,trained_model_seed
1,22350,1.0,0.9958608150482178,False,trained_model_seed
1,22400,1.0,0.9970914125442505,False,trained_model_seed
1,22450,1.0,0.9975388646125793,False,trained_model_seed
1,22500,1.0,0.9975388646125793,False,trained_model_seed
1,22550,1.0,0.9974269866943359,False,trained_model_seed
1,22600,1.0,0.9974269866943359,False,trained_model_seed
1,22650,1.0,0.9974269866943359,False,trained_model_seed
1,22700,1.0,0.9970914125442505,False,trained_model_seed
1,22750,1.0,0.9970914125442505,False,trained_model_seed
1,22800,1.0,0.9968676567077637,False,trained_model_seed
1,22850,1.0,0.9969795346260071,False,trained_model_seed
1,22900,1.0,0.9969795346260071,False,trained_model_seed
1,22950,1.0,0.9969795346260071,False,trained_model_seed
1,23000,1.0,0.9969795346260071,False,trained_model_seed
1,23050,1.0,0.9970914125442505,False,trained_model_seed
1,23100,1.0,0.9970914125442505,False,trained_model_seed
1,23150,1.0,0.9972032904624939,False,trained_model_seed
1,23200,1.0,0.9972032904624939,False,trained_model_seed
1,23250,1.0,0.9973151087760925,False,trained_model_seed
1,23300,1.0,0.9973151087760925,False,trained_model_seed
1,23350,1.0,0.9975388646125793,False,trained_model_seed
1,23400,1.0,0.997986376285553,False,trained_model_seed
1,23450,1.0,0.998210072517395,False,trained_model_seed
1,23500,1.0,0.9984338283538818,False,trained_model_seed
1,23550,1.0,0.9980981945991516,False,trained_model_seed
1,23600,1.0,0.9957489371299744,False,trained_model_seed
1,23650,1.0,0.9985457062721252,False,trained_model_seed
1,23700,1.0,0.9992169141769409,False,trained_model_seed
1,23750,1.0,0.9991050362586975,False,trained_model_seed
1,23800,1.0,0.998210072517395,False,trained_model_seed
1,23850,1.0,0.9978744983673096,False,trained_model_seed
1,23900,1.0,0.997986376285553,False,trained_model_seed
1,23950,1.0,0.9978744983673096,False,trained_model_seed
1,24000,1.0,0.9977626204490662,False,trained_model_seed
1,24050,1.0,0.9977626204490662,False,trained_model_seed
1,24100,1.0,0.9976507425308228,False,trained_model_seed
1,24150,1.0,0.9975388646125793,False,trained_model_seed
1,24200,1.0,0.9973151087760925,False,trained_model_seed
1,24250,1.0,0.9972032904624939,False,trained_model_seed
1,24300,1.0,0.9972032904624939,False,trained_model_seed
1,24350,1.0,0.9972032904624939,False,trained_model_seed
1,24400,1.0,0.9970914125442505,False,trained_model_seed
1,24450,1.0,0.9970914125442505,False,trained_model_seed
1,24500,1.0,0.9970914125442505,False,trained_model_seed
1,24550,1.0,0.9975388646125793,False,trained_model_seed
1,24600,1.0,0.9976507425308228,False,trained_model_seed
1,24650,1.0,0.9978744983673096,False,trained_model_seed
1,24700,1.0,0.997986376285553,False,trained_model_seed
1,24750,1.0,0.997986376285553,False,trained_model_seed
1,24800,1.0,0.998210072517395,False,trained_model_seed
1,24850,1.0,0.9977626204490662,False,trained_model_seed
1,24900,1.0,0.9994406700134277,False,trained_model_seed
1,24950,1.0,0.9993287920951843,False,trained_model_seed
1,25000,1.0,0.9987694621086121,False,trained_model_seed
1,25050,1.0,0.9986575841903687,False,trained_model_seed
1,25100,1.0,0.9986575841903687,False,trained_model_seed
1,25150,1.0,0.9980981945991516,False,trained_model_seed
1,25200,1.0,0.9980981945991516,False,trained_model_seed
1,25250,1.0,0.9980981945991516,False,trained_model_seed
1,25300,1.0,0.9980981945991516,False,trained_model_seed
1,25350,1.0,0.9980981945991516,False,trained_model_seed
1,25400,1.0,0.997986376285553,False,trained_model_seed
1,25450,1.0,0.997986376285553,False,trained_model_seed
1,25500,1.0,0.997986376285553,False,trained_model_seed
1,25550,1.0,0.997986376285553,False,trained_model_seed
1,25600,1.0,0.9980981945991516,False,trained_model_seed
1,25650,1.0,0.9980981945991516,False,trained_model_seed
1,25700,1.0,0.9980981945991516,False,trained_model_seed
1,25750,1.0,0.9980981945991516,False,trained_model_seed
1,25800,1.0,0.9980981945991516,False,trained_model_seed
1,25850,1.0,0.9983219504356384,False,trained_model_seed
1,25900,1.0,0.9985457062721252,False,trained_model_seed
1,25950,1.0,0.9986575841903687,False,trained_model_seed
1,26000,1.0,0.9959726929664612,False,trained_model_seed
1,26050,1.0,0.9975388646125793,False,trained_model_seed
1,26100,1.0,0.9988812804222107,False,trained_model_seed
1,26150,1.0,0.9992169141769409,False,trained_model_seed
1,26200,1.0,0.9985457062721252,False,trained_model_seed
1,26250,1.0,0.9984338283538818,False,trained_model_seed
1,26300,1.0,0.997986376285553,False,trained_model_seed
1,26350,1.0,0.9978744983673096,False,trained_model_seed
1,26400,1.0,0.9978744983673096,False,trained_model_seed
1,26450,1.0,0.9978744983673096,False,trained_model_seed
1,26500,1.0,0.997986376285553,False,trained_model_seed
1,26550,1.0,0.997986376285553,False,trained_model_seed
1,26600,1.0,0.9980981945991516,False,trained_model_seed
1,26650,1.0,0.9980981945991516,False,trained_model_seed
1,26700,1.0,0.9980981945991516,False,trained_model_seed
1,26750,1.0,0.997986376285553,False,trained_model_seed
1,26800,1.0,0.997986376285553,False,trained_model_seed
1,26850,1.0,0.997986376285553,False,trained_model_seed
1,26900,1.0,0.9983219504356384,False,trained_model_seed
1,26950,1.0,0.9984338283538818,False,trained_model_seed
1,27000,1.0,0.9984338283538818,False,trained_model_seed
1,27050,1.0,0.9986575841903687,False,trained_model_seed
1,27100,0.9989556074142456,0.9921691417694092,False,trained_model_seed
1,27150,1.0,0.9956371188163757,False,trained_model_seed
1,27200,1.0,0.9977626204490662,False,trained_model_seed
1,27250,1.0,0.9985457062721252,False,trained_model_seed
1,27300,1.0,0.9983219504356384,False,trained_model_seed
1,27350,1.0,0.9975388646125793,False,trained_model_seed
1,27400,1.0,0.9972032904624939,False,trained_model_seed
1,27450,1.0,0.9970914125442505,False,trained_model_seed
1,27500,1.0,0.9969795346260071,False,trained_model_seed
1,27550,1.0,0.9970914125442505,False,trained_model_seed
1,27600,1.0,0.9967557787895203,False,trained_model_seed
1,27650,1.0,0.9968676567077637,False,trained_model_seed
1,27700,1.0,0.9968676567077637,False,trained_model_seed
1,27750,1.0,0.9970914125442505,False,trained_model_seed
1,27800,1.0,0.9969795346260071,False,trained_model_seed
1,27850,1.0,0.9970914125442505,False,trained_model_seed
1,27900,1.0,0.9969795346260071,False,trained_model_seed
1,27950,1.0,0.9973151087760925,False,trained_model_seed
1,28000,1.0,0.9973151087760925,False,trained_model_seed
1,28050,1.0,0.9975388646125793,False,trained_model_seed
1,28100,1.0,0.9976507425308228,False,trained_model_seed
1,28150,1.0,0.9975388646125793,False,trained_model_seed
1,28200,1.0,0.9972032904624939,False,trained_model_seed
1,28250,1.0,0.9966439008712769,False,trained_model_seed
1,28300,1.0,0.9955252408981323,False,trained_model_seed
1,28350,1.0,0.9978744983673096,False,trained_model_seed
1,28400,1.0,0.9988812804222107,False,trained_model_seed
1,28450,1.0,0.9984338283538818,False,trained_model_seed
1,28500,1.0,0.9983219504356384,False,trained_model_seed
1,28550,1.0,0.997986376285553,False,trained_model_seed
1,28600,1.0,0.9978744983673096,False,trained_model_seed
1,28650,1.0,0.9975388646125793,False,trained_model_seed
1,28700,1.0,0.9975388646125793,False,trained_model_seed
1,28750,1.0,0.9974269866943359,False,trained_model_seed
1,28800,1.0,0.9973151087760925,False,trained_model_seed
1,28850,1.0,0.9972032904624939,False,trained_model_seed
1,28900,1.0,0.9972032904624939,False,trained_model_seed
1,28950,1.0,0.9972032904624939,False,trained_model_seed
1,29000,1.0,0.9973151087760925,False,trained_model_seed
1,29050,1.0,0.9974269866943359,False,trained_model_seed
1,29100,1.0,0.9976507425308228,False,trained_model_seed
1,29150,1.0,0.9976507425308228,False,trained_model_seed
1,29200,1.0,0.9976507425308228,False,trained_model_seed
1,29250,1.0,0.9976507425308228,False,trained_model_seed
1,29300,1.0,0.9975388646125793,False,trained_model_seed
1,29350,1.0,0.997986376285553,False,trained_model_seed
1,29400,1.0,0.9980981945991516,False,trained_model_seed
1,29450,0.9853785634040833,0.9747175574302673,False,trained_model_seed
1,29500,1.0,0.9947421550750732,False,trained_model_seed
1,29550,1.0,0.9960845708847046,False,trained_model_seed
1,29600,1.0,0.9976507425308228,False,trained_model_seed
1,29650,1.0,0.9984338283538818,False,trained_model_seed
1,29700,1.0,0.9984338283538818,False,trained_model_seed
1,29750,1.0,0.9984338283538818,False,trained_model_seed
1,29800,1.0,0.9985457062721252,False,trained_model_seed
1,29850,1.0,0.9983219504356384,False,trained_model_seed
1,29900,1.0,0.997986376285553,False,trained_model_seed
1,29950,1.0,0.997986376285553,False,trained_model_seed
1,30000,1.0,0.997986376285553,False,trained_model_seed
1,30050,1.0,0.997986376285553,False,trained_model_seed
1,30100,1.0,0.997986376285553,False,trained_model_seed
1,30150,1.0,0.9980981945991516,False,trained_model_seed
1,30200,1.0,0.998210072517395,False,trained_model_seed
1,30250,1.0,0.998210072517395,False,trained_model_seed
1,30300,1.0,0.9984338283538818,False,trained_model_seed
1,30350,1.0,0.9987694621086121,False,trained_model_seed
1,30400,1.0,0.9986575841903687,False,trained_model_seed
1,30450,1.0,0.9985457062721252,False,trained_model_seed
1,30500,1.0,0.9987694621086121,False,trained_model_seed
1,30550,1.0,0.9987694621086121,False,trained_model_seed
1,30600,1.0,0.9988812804222107,False,trained_model_seed
1,30650,1.0,0.9992169141769409,False,trained_model_seed
1,30700,1.0,0.9985457062721252,False,trained_model_seed
1,30750,1.0,0.9964202046394348,False,trained_model_seed
1,30800,1.0,0.9973151087760925,False,trained_model_seed
1,30850,1.0,0.9989931583404541,False,trained_model_seed
1,30900,1.0,0.9991050362586975,False,trained_model_seed
1,30950,1.0,0.9988812804222107,False,trained_model_seed
1,31000,1.0,0.9987694621086121,False,trained_model_seed
1,31050,1.0,0.9985457062721252,False,trained_model_seed
1,31100,1.0,0.9984338283538818,False,trained_model_seed
1,31150,1.0,0.9984338283538818,False,trained_model_seed
1,31200,1.0,0.9983219504356384,False,trained_model_seed
1,31250,1.0,0.9983219504356384,False,trained_model_seed
1,31300,1.0,0.9984338283538818,False,trained_model_seed
1,31350,1.0,0.9983219504356384,False,trained_model_seed
1,31400,1.0,0.9983219504356384,False,trained_model_seed
1,31450,1.0,0.9983219504356384,False,trained_model_seed
1,31500,1.0,0.9984338283538818,False,trained_model_seed
1,31550,1.0,0.9985457062721252,False,trained_model_seed
1,31600,1.0,0.9985457062721252,False,trained_model_seed
1,31650,1.0,0.9985457062721252,False,trained_model_seed
1,31700,1.0,0.9986575841903687,False,trained_model_seed
1,31750,1.0,0.9987694621086121,False,trained_model_seed
1,31800,1.0,0.9986575841903687,False,trained_model_seed
1,31850,0.9966057538986206,0.9874706268310547,False,trained_model_seed
1,31900,1.0,0.998210072517395,False,trained_model_seed
1,31950,1.0,0.9991050362586975,False,trained_model_seed
1,32000,1.0,0.9986575841903687,False,trained_model_seed
1,32050,1.0,0.9984338283538818,False,trained_model_seed
1,32100,1.0,0.9983219504356384,False,trained_model_seed
1,32150,1.0,0.9983219504356384,False,trained_model_seed
1,32200,1.0,0.9983219504356384,False,trained_model_seed
1,32250,1.0,0.9983219504356384,False,trained_model_seed
1,32300,1.0,0.9984338283538818,False,trained_model_seed
1,32350,1.0,0.9984338283538818,False,trained_model_seed
1,32400,1.0,0.9984338283538818,False,trained_model_seed
1,32450,1.0,0.9984338283538818,False,trained_model_seed
1,32500,1.0,0.9986575841903687,False,trained_model_seed
1,32550,1.0,0.9987694621086121,False,trained_model_seed
1,32600,1.0,0.9988812804222107,False,trained_model_seed
1,32650,1.0,0.9988812804222107,False,trained_model_seed
1,32700,1.0,0.9989931583404541,False,trained_model_seed
1,32750,1.0,0.9991050362586975,False,trained_model_seed
1,32800,1.0,0.9991050362586975,False,trained_model_seed
1,32850,1.0,0.9991050362586975,False,trained_model_seed
1,32900,1.0,0.9993287920951843,False,trained_model_seed
1,32950,1.0,0.9993287920951843,False,trained_model_seed
1,33000,1.0,0.9991050362586975,False,trained_model_seed
1,33050,1.0,0.9992169141769409,False,trained_model_seed
1,33100,0.9929503798484802,0.9787448048591614,False,trained_model_seed
1,33150,1.0,0.9970914125442505,False,trained_model_seed
1,33200,1.0,0.9986575841903687,False,trained_model_seed
1,33250,1.0,0.9991050362586975,False,trained_model_seed
1,33300,1.0,0.9989931583404541,False,trained_model_seed
1,33350,1.0,0.9992169141769409,False,trained_model_seed
1,33400,1.0,0.9992169141769409,False,trained_model_seed
1,33450,1.0,0.9991050362586975,False,trained_model_seed
1,33500,1.0,0.9989931583404541,False,trained_model_seed
1,33550,1.0,0.9989931583404541,False,trained_model_seed
1,33600,1.0,0.9989931583404541,False,trained_model_seed
1,33650,1.0,0.9987694621086121,False,trained_model_seed
1,33700,1.0,0.9987694621086121,False,trained_model_seed
1,33750,1.0,0.9987694621086121,False,trained_model_seed
1,33800,1.0,0.9987694621086121,False,trained_model_seed
1,33850,1.0,0.9988812804222107,False,trained_model_seed
1,33900,1.0,0.9988812804222107,False,trained_model_seed
1,33950,1.0,0.9988812804222107,False,trained_model_seed
1,34000,1.0,0.9988812804222107,False,trained_model_seed
1,34050,1.0,0.9987694621086121,False,trained_model_seed
1,34100,1.0,0.9987694621086121,False,trained_model_seed
1,34150,1.0,0.9987694621086121,False,trained_model_seed
1,34200,1.0,0.9987694621086121,False,trained_model_seed
1,34250,1.0,0.9987694621086121,False,trained_model_seed
1,34300,1.0,0.9988812804222107,False,trained_model_seed
1,34350,1.0,0.9993287920951843,False,trained_model_seed
1,34400,1.0,0.9992169141769409,False,trained_model_seed
1,34450,0.9866840839385986,0.9793041944503784,False,trained_model_seed
1,34500,1.0,0.9973151087760925,False,trained_model_seed
1,34550,1.0,0.9988812804222107,False,trained_model_seed
1,34600,1.0,0.9983219504356384,False,trained_model_seed
1,34650,1.0,0.9984338283538818,False,trained_model_seed
1,34700,1.0,0.9984338283538818,False,trained_model_seed
1,34750,1.0,0.9980981945991516,False,trained_model_seed
1,34800,1.0,0.9978744983673096,False,trained_model_seed
1,34850,1.0,0.9978744983673096,False,trained_model_seed
1,34900,1.0,0.997986376285553,False,trained_model_seed
1,34950,1.0,0.997986376285553,False,trained_model_seed
1,35000,1.0,0.9977626204490662,False,trained_model_seed
1,35050,1.0,0.9975388646125793,False,trained_model_seed
1,35100,1.0,0.9975388646125793,False,trained_model_seed
1,35150,1.0,0.9975388646125793,False,trained_model_seed
1,35200,1.0,0.9974269866943359,False,trained_model_seed
1,35250,1.0,0.9976507425308228,False,trained_model_seed
1,35300,1.0,0.9976507425308228,False,trained_model_seed
1,35350,1.0,0.9976507425308228,False,trained_model_seed
1,35400,1.0,0.9977626204490662,False,trained_model_seed
1,35450,1.0,0.9976507425308228,False,trained_model_seed
1,35500,1.0,0.9977626204490662,False,trained_model_seed
1,35550,1.0,0.9977626204490662,False,trained_model_seed
1,35600,1.0,0.9983219504356384,False,trained_model_seed
1,35650,1.0,0.9988812804222107,False,trained_model_seed
1,35700,1.0,0.9987694621086121,False,trained_model_seed
1,35750,1.0,0.9972032904624939,False,trained_model_seed
1,35800,1.0,0.997986376285553,False,trained_model_seed
1,35850,1.0,0.9983219504356384,False,trained_model_seed
1,35900,1.0,0.9984338283538818,False,trained_model_seed
1,35950,1.0,0.9984338283538818,False,trained_model_seed
1,36000,1.0,0.9984338283538818,False,trained_model_seed
1,36050,1.0,0.997986376285553,False,trained_model_seed
1,36100,1.0,0.997986376285553,False,trained_model_seed
1,36150,1.0,0.9978744983673096,False,trained_model_seed
1,36200,1.0,0.9978744983673096,False,trained_model_seed
1,36250,1.0,0.9978744983673096,False,trained_model_seed
1,36300,1.0,0.9977626204490662,False,trained_model_seed
1,36350,1.0,0.9974269866943359,False,trained_model_seed
1,36400,1.0,0.9976507425308228,False,trained_model_seed
1,36450,1.0,0.9976507425308228,False,trained_model_seed
1,36500,1.0,0.9977626204490662,False,trained_model_seed
1,36550,1.0,0.9977626204490662,False,trained_model_seed
1,36600,1.0,0.9978744983673096,False,trained_model_seed
1,36650,1.0,0.9980981945991516,False,trained_model_seed
1,36700,1.0,0.9984338283538818,False,trained_model_seed
1,36750,1.0,0.9987694621086121,False,trained_model_seed
1,36800,1.0,0.9984338283538818,False,trained_model_seed
1,36850,1.0,0.9986575841903687,False,trained_model_seed
1,36900,1.0,0.9987694621086121,False,trained_model_seed
1,36950,1.0,0.9941827654838562,False,trained_model_seed
1,37000,1.0,0.9975388646125793,False,trained_model_seed
1,37050,1.0,0.998210072517395,False,trained_model_seed
1,37100,1.0,0.9988812804222107,False,trained_model_seed
1,37150,1.0,0.9988812804222107,False,trained_model_seed
1,37200,1.0,0.9989931583404541,False,trained_model_seed
1,37250,1.0,0.9991050362586975,False,trained_model_seed
1,37300,1.0,0.9991050362586975,False,trained_model_seed
1,37350,1.0,0.9991050362586975,False,trained_model_seed
1,37400,1.0,0.9988812804222107,False,trained_model_seed
1,37450,1.0,0.9989931583404541,False,trained_model_seed
1,37500,1.0,0.9989931583404541,False,trained_model_seed
1,37550,1.0,0.9989931583404541,False,trained_model_seed
1,37600,1.0,0.9989931583404541,False,trained_model_seed
1,37650,1.0,0.9989931583404541,False,trained_model_seed
1,37700,1.0,0.9989931583404541,False,trained_model_seed
1,37750,1.0,0.9989931583404541,False,trained_model_seed
1,37800,1.0,0.9992169141769409,False,trained_model_seed
1,37850,1.0,0.9992169141769409,False,trained_model_seed
1,37900,1.0,0.9994406700134277,False,trained_model_seed
1,37950,1.0,0.9997762441635132,False,trained_model_seed
1,38000,1.0,0.9998881220817566,False,trained_model_seed
1,38050,1.0,0.9998881220817566,False,trained_model_seed
1,38100,1.0,0.9998881220817566,False,trained_model_seed
1,38150,1.0,0.9998881220817566,False,trained_model_seed
1,38200,1.0,0.998210072517395,False,trained_model_seed
1,38250,1.0,0.9995525479316711,False,trained_model_seed
1,38300,1.0,0.9996643662452698,False,trained_model_seed
1,38350,1.0,0.9995525479316711,False,trained_model_seed
1,38400,1.0,0.9995525479316711,False,trained_model_seed
1,38450,1.0,0.9995525479316711,False,trained_model_seed
1,38500,1.0,0.9995525479316711,False,trained_model_seed
1,38550,1.0,0.9995525479316711,False,trained_model_seed
1,38600,1.0,0.9994406700134277,False,trained_model_seed
1,38650,1.0,0.9989931583404541,False,trained_model_seed
1,38700,1.0,0.9989931583404541,False,trained_model_seed
1,38750,1.0,0.9983219504356384,False,trained_model_seed
1,38800,1.0,0.9983219504356384,False,trained_model_seed
1,38850,1.0,0.9983219504356384,False,trained_model_seed
1,38900,1.0,0.9983219504356384,False,trained_model_seed
1,38950,1.0,0.9983219504356384,False,trained_model_seed
1,39000,1.0,0.9983219504356384,False,trained_model_seed
1,39050,1.0,0.9983219504356384,False,trained_model_seed
1,39100,1.0,0.9983219504356384,False,trained_model_seed
1,39150,1.0,0.9983219504356384,False,trained_model_seed
1,39200,1.0,0.9983219504356384,False,trained_model_seed
1,39250,1.0,0.9986575841903687,False,trained_model_seed
1,39300,1.0,0.9991050362586975,False,trained_model_seed
1,39350,1.0,0.9991050362586975,False,trained_model_seed
1,39400,1.0,0.9988812804222107,False,trained_model_seed
1,39450,1.0,0.9916098117828369,False,trained_model_seed
1,39500,1.0,0.9978744983673096,False,trained_model_seed
1,39550,1.0,0.9987694621086121,False,trained_model_seed
1,39600,1.0,0.9991050362586975,False,trained_model_seed
1,39650,1.0,0.9983219504356384,False,trained_model_seed
1,39700,1.0,0.997986376285553,False,trained_model_seed
1,39750,1.0,0.997986376285553,False,trained_model_seed
1,39800,1.0,0.9978744983673096,False,trained_model_seed
1,39850,1.0,0.9976507425308228,False,trained_model_seed
1,39900,1.0,0.9973151087760925,False,trained_model_seed
1,39950,1.0,0.9972032904624939,False,trained_model_seed
1,40000,1.0,0.9970914125442505,False,trained_model_seed
2,0,0.009399477392435074,0.008837677538394928,False,trained_model_seed
2,50,0.0733681470155716,0.003356080036610365,False,trained_model_seed
2,100,0.2934725880622864,0.005034120287746191,False,trained_model_seed
2,150,0.9339425563812256,0.016332922503352165,False,trained_model_seed
2,200,1.0,0.019689003005623817,True,trained_model_seed
2,250,1.0,0.020807696506381035,False,trained_model_seed
2,300,1.0,0.022709475830197334,False,trained_model_seed
2,350,1.0,0.02438751608133316,False,trained_model_seed
2,400,1.0,0.024611253291368484,False,trained_model_seed
2,450,1.0,0.02617742493748665,False,trained_model_seed
2,500,1.0,0.027407987043261528,False,trained_model_seed
2,550,1.0,0.027631726115942,False,trained_model_seed
2,600,1.0,0.028974158689379692,False,trained_model_seed
2,650,1.0,0.03076406754553318,False,trained_model_seed
2,700,1.0,0.03221837058663368,False,trained_model_seed
2,750,1.0,0.03322519361972809,False,trained_model_seed
2,800,1.0,0.03389640897512436,False,trained_model_seed
2,850,1.0,0.03479136526584625,False,trained_model_seed
2,900,1.0,0.03602192550897598,False,trained_model_seed
2,950,1.0,0.03646940365433693,False,trained_model_seed
2,1000,1.0,0.03702875226736069,False,trained_model_seed
2,1050,1.0,0.03781183436512947,False,trained_model_seed
2,1100,1.0,0.039378006011247635,False,trained_model_seed
2,1150,1.0,0.04105604812502861,False,trained_model_seed
2,1200,1.0,0.04228660836815834,False,trained_model_seed
2,1250,1.0,0.04340530186891556,False,trained_model_seed
2,1300,1.0,0.04407651722431183,False,trained_model_seed
2,1350,1.0,0.04418838769197464,False,trained_model_seed
2,1400,1.0,0.04306969419121742,False,trained_model_seed
2,1450,0.990078330039978,0.040608569979667664,False,trained_model_seed
2,1500,1.0,0.04083230718970299,False,trained_model_seed
2,1550,1.0,0.04306969419121742,False,trained_model_seed
2,1600,1.0,0.04485960304737091,False,trained_model_seed
2,1650,1.0,0.04418838769197464,False,trained_model_seed
2,1700,1.0,0.04407651722431183,False,trained_model_seed
2,1750,1.0,0.043852780014276505,False,trained_model_seed
2,1800,1.0,0.04485960304737091,False,trained_model_seed
2,1850,1.0,0.04508334398269653,False,trained_model_seed
2,1900,1.0,0.04609016701579094,False,trained_model_seed
2,1950,1.0,0.046537645161151886,False,trained_model_seed
2,2000,1.0,0.04754446819424629,False,trained_model_seed
2,2050,1.0,0.04754446819424629,False,trained_model_seed
2,2100,1.0,0.048327554017305374,False,trained_model_seed
2,2150,1.0,0.04922250658273697,False,trained_model_seed
2,2200,1.0,0.049110639840364456,False,trained_model_seed
2,2250,1.0,0.04978185519576073,False,trained_model_seed
2,2300,1.0,0.04989372566342354,False,trained_model_seed
2,2350,1.0,0.050900548696517944,False,trained_model_seed
2,2400,1.0,0.051459893584251404,False,trained_model_seed
2,2450,1.0,0.052242979407310486,False,trained_model_seed
2,2500,1.0,0.05291419476270676,False,trained_model_seed
2,2550,1.0,0.0533616729080677,False,trained_model_seed
2,2600,1.0,0.05369728058576584,False,trained_model_seed
2,2650,0.9741514325141907,0.050229333341121674,False,trained_model_seed
2,2700,1.0,0.054032888263463974,False,trained_model_seed
2,2750,1.0,0.05649401620030403,False,trained_model_seed
2,2800,1.0,0.055375322699546814,False,trained_model_seed
2,2850,1.0,0.05638214573264122,False,trained_model_seed
2,2900,1.0,0.056046538054943085,False,trained_model_seed
2,2950,1.0,0.05593466758728027,False,trained_model_seed
2,3000,1.0,0.05750083923339844,False,trained_model_seed
2,3050,1.0,0.058507662266492844,False,trained_model_seed
2,3100,1.0,0.059290748089551926,False,trained_model_seed
2,3150,1.0,0.059178877621889114,False,trained_model_seed
2,3200,1.0,0.06029757112264633,False,trained_model_seed
2,3250,1.0,0.061304397881031036,False,trained_model_seed
2,3300,1.0,0.06231122091412544,False,trained_model_seed
2,3350,1.0,0.06342991441488266,False,trained_model_seed
2,3400,1.0,0.0647723451256752,True,trained_model_seed
2,3450,1.0,0.06533169001340866,False,trained_model_seed
2,3500,1.0,0.06678599119186401,False,trained_model_seed
2,3550,1.0,0.06879964470863342,False,trained_model_seed
2,3600,1.0,0.06980646401643753,False,trained_model_seed
2,3650,1.0,0.07081329077482224,False,trained_model_seed
2,3700,1.0,0.07204385101795197,False,trained_model_seed
2,3750,1.0,0.07394563406705856,False,trained_model_seed
2,3800,1.0,0.07461684942245483,False,trained_model_seed
2,3850,1.0,0.0770779699087143,False,trained_model_seed
2,3900,1.0,0.07853227108716965,False,trained_model_seed
2,3950,1.0,0.08032218366861343,False,trained_model_seed
2,4000,0.9733681678771973,0.06891150772571564,False,trained_model_seed
2,4050,1.0,0.08200022578239441,False,trained_model_seed
2,4100,1.0,0.0856919139623642,False,trained_model_seed
2,4150,1.0,0.08390200138092041,False,trained_model_seed
2,4200,1.0,0.08423761278390884,False,trained_model_seed
2,4250,1.0,0.0866987332701683,False,trained_model_seed
2,4300,1.0,0.08826490491628647,False,trained_model_seed
2,4350,1.0,0.08994294703006744,False,trained_model_seed
2,4400,1.0,0.09273967891931534,False,trained_model_seed
2,4450,1.0,0.09553641080856323,False,trained_model_seed
2,4500,1.0,0.0971025824546814,False,trained_model_seed
2,4550,1.0,0.09866875410079956,False,trained_model_seed
2,4600,1.0,0.10146548599004745,False,trained_model_seed
2,4650,1.0,0.10403848439455032,False,trained_model_seed
2,4700,1.0,0.10683521628379822,False,trained_model_seed
2,4750,1.0,0.10940821468830109,False,trained_model_seed
2,4800,1.0,0.1133236363530159,False,trained_model_seed
2,4850,1.0,0.11768653988838196,False,trained_model_seed
2,4900,1.0,0.12126635760068893,False,trained_model_seed
2,4950,1.0,0.12451057136058807,False,trained_model_seed
2,5000,1.0,0.1296565681695938,False,trained_model_seed
2,5050,1.0,0.13290077447891235,False,trained_model_seed
2,5100,1.0,0.13636872172355652,False,trained_model_seed
2,5150,1.0,0.14061975479125977,False,trained_model_seed
2,5200,1.0,0.1437520980834961,False,trained_model_seed
2,5250,1.0,0.14654883742332458,False,trained_model_seed
2,5300,1.0,0.14912182092666626,False,trained_model_seed
2,5350,0.9968668222427368,0.13759928941726685,False,trained_model_seed
2,5400,1.0,0.16153931617736816,False,trained_model_seed
2,5450,1.0,0.16780400276184082,False,trained_model_seed
2,5500,1.0,0.16903457045555115,False,trained_model_seed
2,5550,1.0,0.17216691374778748,False,trained_model_seed
2,5600,1.0,0.17977403104305267,False,trained_model_seed
2,5650,1.0,0.18872356414794922,False,trained_model_seed
2,5700,1.0,0.19666630029678345,False,trained_model_seed
2,5750,1.0,0.2067345380783081,False,trained_model_seed
2,5800,1.0,0.21792146563529968,False,trained_model_seed
2,5850,1.0,0.22642353177070618,False,trained_model_seed
2,5900,1.0,0.2399597316980362,False,trained_model_seed
2,5950,1.0,0.25383153557777405,False,trained_model_seed
2,6000,1.0,0.26815080642700195,False,trained_model_seed
2,6050,1.0,0.2867211103439331,False,trained_model_seed
2,6100,1.0,0.304732084274292,False,trained_model_seed
2,6150,1.0,0.3267703354358673,False,trained_model_seed
2,6200,1.0,0.35093411803245544,False,trained_model_seed
2,6250,1.0,0.3771115243434906,False,trained_model_seed
2,6300,1.0,0.40821120142936707,False,trained_model_seed
2,6350,1.0,0.44121265411376953,False,trained_model_seed
2,6400,1.0,0.477905809879303,False,trained_model_seed
2,6450,1.0,0.5151582956314087,False,trained_model_seed
2,6500,1.0,0.5525226593017578,False,trained_model_seed
2,6550,1.0,0.5899989008903503,False,trained_model_seed
2,6600,1.0,0.6194205284118652,False,trained_model_seed
2,6650,1.0,0.6476116180419922,False,trained_model_seed
2,6700,1.0,0.6723347306251526,False,trained_model_seed
2,6750,0.9968668222427368,0.6468285322189331,False,trained_model_seed
2,6800,1.0,0.7069023251533508,False,trained_model_seed
2,6850,1.0,0.729835569858551,False,trained_model_seed
2,6900,1.0,0.748070240020752,False,trained_model_seed
2,6950,1.0,0.7724577784538269,False,trained_model_seed
2,7000,1.0,0.8062422871589661,False,trained_model_seed
2,7050,1.0,0.8410336971282959,False,trained_model_seed
2,7100,1.0,0.8723570704460144,False,trained_model_seed
2,7150,1.0,0.898646354675293,False,trained_model_seed
2,7200,1.0,0.9172167181968689,False,trained_model_seed
2,7250,1.0,0.937017560005188,False,trained_model_seed
2,7300,1.0,0.9529030323028564,False,trained_model_seed
2,7350,1.0,0.9646492600440979,False,trained_model_seed
2,7400,1.0,0.9734869599342346,False,trained_model_seed
2,7450,1.0,0.980422854423523,True,trained_model_seed
2,7500,1.0,0.9863519668579102,False,trained_model_seed
2,7550,1.0,0.9907148480415344,False,trained_model_seed
2,7600,1.0,0.9939590692520142,False,trained_model_seed
2,7650,1.0,0.9957489371299744,False,trained_model_seed
2,7700,1.0,0.9963083267211914,False,trained_model_seed
2,7750,1.0,0.9973151087760925,False,trained_model_seed
2,7800,1.0,0.9978744983673096,False,trained_model_seed
2,7850,1.0,0.9984338283538818,False,trained_model_seed
2,7900,1.0,0.9991050362586975,False,trained_model_seed
2,7950,1.0,0.9992169141769409,False,trained_model_seed
2,8000,0.9958224296569824,0.9747175574302673,False,trained_model_seed
2,8050,1.0,0.9972032904624939,False,trained_model_seed
2,8100,1.0,0.9992169141769409,False,trained_model_seed
2,8150,1.0,0.9994406700134277,True,trained_model_seed
2,8200,1.0,0.9995525479316711,False,trained_model_seed
2,8250,1.0,0.9997762441635132,False,trained_model_seed
2,8300,1.0,0.9997762441635132,False,trained_model_seed
2,8350,1.0,0.9997762441635132,False,trained_model_seed
2,8400,1.0,0.9997762441635132,False,trained_model_seed
2,8450,1.0,0.9998881220817566,False,trained_model_seed
2,8500,1.0,0.9998881220817566,True,trained_model_seed
2,8550,1.0,1.0,False,trained_model_seed
2,8600,1.0,1.0,False,trained_model_seed
2,8650,1.0,1.0,True,trained_model_seed
2,8700,1.0,1.0,False,trained_model_seed
2,8750,1.0,1.0,False,trained_model_seed
2,8800,1.0,1.0,False,trained_model_seed
2,8850,1.0,1.0,False,trained_model_seed
2,8900,1.0,1.0,False,trained_model_seed
2,8950,1.0,1.0,False,trained_model_seed
2,9000,1.0,1.0,False,trained_model_seed
2,9050,1.0,1.0,True,trained_model_seed
2,9100,1.0,1.0,False,trained_model_seed
2,9150,1.0,1.0,False,trained_model_seed
2,9200,1.0,0.9988812804222107,False,trained_model_seed
2,9250,1.0,0.9995525479316711,False,trained_model_seed
2,9300,1.0,1.0,False,trained_model_seed
2,9350,1.0,1.0,False,trained_model_seed
2,9400,1.0,1.0,False,trained_model_seed
2,9450,1.0,1.0,False,trained_model_seed
2,9500,1.0,1.0,False,trained_model_seed
2,9550,1.0,1.0,False,trained_model_seed
2,9600,1.0,1.0,False,trained_model_seed
2,9650,1.0,1.0,False,trained_model_seed
2,9700,1.0,1.0,False,trained_model_seed
2,9750,1.0,1.0,False,trained_model_seed
2,9800,1.0,1.0,False,trained_model_seed
2,9850,1.0,1.0,False,trained_model_seed
2,9900,1.0,1.0,False,trained_model_seed
2,9950,1.0,1.0,False,trained_model_seed
2,10000,1.0,1.0,False,trained_model_seed
2,10050,1.0,1.0,False,trained_model_seed
2,10100,1.0,1.0,False,trained_model_seed
2,10150,1.0,1.0,False,trained_model_seed
2,10200,1.0,1.0,False,trained_model_seed
2,10250,1.0,1.0,False,trained_model_seed
2,10300,1.0,1.0,False,trained_model_seed
2,10350,1.0,1.0,False,trained_model_seed
2,10400,1.0,1.0,False,trained_model_seed
2,10450,0.9997389316558838,0.998210072517395,False,trained_model_seed
2,10500,1.0,0.9993287920951843,False,trained_model_seed
2,10550,1.0,0.9997762441635132,False,trained_model_seed
2,10600,1.0,0.9997762441635132,False,trained_model_seed
2,10650,1.0,1.0,False,trained_model_seed
2,10700,1.0,1.0,False,trained_model_seed
2,10750,1.0,1.0,False,trained_model_seed
2,10800,1.0,1.0,False,trained_model_seed
2,10850,1.0,1.0,False,trained_model_seed
2,10900,1.0,1.0,False,trained_model_seed
2,10950,1.0,1.0,False,trained_model_seed
2,11000,1.0,1.0,False,trained_model_seed
2,11050,1.0,1.0,False,trained_model_seed
2,11100,1.0,1.0,False,trained_model_seed
2,11150,1.0,1.0,False,trained_model_seed
2,11200,1.0,1.0,False,trained_model_seed
2,11250,1.0,1.0,False,trained_model_seed
2,11300,1.0,1.0,False,trained_model_seed
2,11350,1.0,1.0,False,trained_model_seed
2,11400,1.0,1.0,False,trained_model_seed
2,11450,1.0,1.0,False,trained_model_seed
2,11500,1.0,1.0,False,trained_model_seed
2,11550,1.0,1.0,False,trained_model_seed
2,11600,1.0,1.0,False,trained_model_seed
2,11650,1.0,1.0,False,trained_model_seed
2,11700,0.9945169687271118,0.988029956817627,False,trained_model_seed
2,11750,1.0,1.0,False,trained_model_seed
2,11800,1.0,0.9998881220817566,False,trained_model_seed
2,11850,1.0,0.9997762441635132,False,trained_model_seed
2,11900,1.0,1.0,False,trained_model_seed
2,11950,1.0,1.0,False,trained_model_seed
2,12000,1.0,1.0,False,trained_model_seed
2,12050,1.0,1.0,False,trained_model_seed
2,12100,1.0,1.0,False,trained_model_seed
2,12150,1.0,1.0,False,trained_model_seed
2,12200,1.0,1.0,False,trained_model_seed
2,12250,1.0,1.0,False,trained_model_seed
2,12300,1.0,1.0,False,trained_model_seed
2,12350,1.0,1.0,False,trained_model_seed
2,12400,1.0,1.0,False,trained_model_seed
2,12450,1.0,1.0,False,trained_model_seed
2,12500,1.0,1.0,False,trained_model_seed
2,12550,1.0,1.0,False,trained_model_seed
2,12600,1.0,1.0,False,trained_model_seed
2,12650,1.0,1.0,False,trained_model_seed
2,12700,1.0,1.0,False,trained_model_seed
2,12750,1.0,1.0,False,trained_model_seed
2,12800,1.0,1.0,False,trained_model_seed
2,12850,1.0,1.0,False,trained_model_seed
2,12900,1.0,1.0,False,trained_model_seed
2,12950,1.0,1.0,False,trained_model_seed
2,13000,1.0,0.9972032904624939,False,trained_model_seed
2,13050,1.0,0.9997762441635132,False,trained_model_seed
2,13100,1.0,0.9997762441635132,False,trained_model_seed
2,13150,1.0,1.0,False,trained_model_seed
2,13200,1.0,1.0,False,trained_model_seed
2,13250,1.0,1.0,False,trained_model_seed
2,13300,1.0,0.9997762441635132,False,trained_model_seed
2,13350,1.0,0.9997762441635132,False,trained_model_seed
2,13400,1.0,0.9997762441635132,False,trained_model_seed
2,13450,1.0,0.9997762441635132,False,trained_model_seed
2,13500,1.0,0.9997762441635132,False,trained_model_seed
2,13550,1.0,0.9997762441635132,False,trained_model_seed
2,13600,1.0,0.9997762441635132,False,trained_model_seed
2,13650,1.0,0.9997762441635132,False,trained_model_seed
2,13700,1.0,0.9997762441635132,False,trained_model_seed
2,13750,1.0,0.9997762441635132,False,trained_model_seed
2,13800,1.0,0.9997762441635132,False,trained_model_seed
2,13850,1.0,0.9997762441635132,False,trained_model_seed
2,13900,1.0,0.9997762441635132,False,trained_model_seed
2,13950,1.0,0.9997762441635132,False,trained_model_seed
2,14000,1.0,0.9997762441635132,False,trained_model_seed
2,14050,1.0,0.9997762441635132,False,trained_model_seed
2,14100,1.0,0.9997762441635132,False,trained_model_seed
2,14150,1.0,0.9997762441635132,False,trained_model_seed
2,14200,1.0,0.9997762441635132,False,trained_model_seed
2,14250,1.0,0.9969795346260071,False,trained_model_seed
2,14300,1.0,0.9985457062721252,False,trained_model_seed
2,14350,1.0,0.9993287920951843,False,trained_model_seed
2,14400,1.0,0.9995525479316711,False,trained_model_seed
2,14450,1.0,0.9997762441635132,False,trained_model_seed
2,14500,1.0,0.9997762441635132,False,trained_model_seed
2,14550,1.0,0.9997762441635132,False,trained_model_seed
2,14600,1.0,0.9997762441635132,False,trained_model_seed
2,14650,1.0,0.9997762441635132,False,trained_model_seed
2,14700,1.0,0.9997762441635132,False,trained_model_seed
2,14750,1.0,0.9997762441635132,False,trained_model_seed
2,14800,1.0,0.9997762441635132,False,trained_model_seed
2,14850,1.0,0.9997762441635132,False,trained_model_seed
2,14900,1.0,0.9997762441635132,False,trained_model_seed
2,14950,1.0,0.9997762441635132,False,trained_model_seed
2,15000,1.0,0.9997762441635132,False,trained_model_seed
2,15050,1.0,0.9997762441635132,False,trained_model_seed
2,15100,1.0,0.9997762441635132,False,trained_model_seed
2,15150,1.0,0.9997762441635132,False,trained_model_seed
2,15200,1.0,0.9997762441635132,False,trained_model_seed
2,15250,1.0,0.9997762441635132,False,trained_model_seed
2,15300,1.0,0.9997762441635132,False,trained_model_seed
2,15350,1.0,0.9996643662452698,False,trained_model_seed
2,15400,1.0,0.9993287920951843,False,trained_model_seed
2,15450,1.0,0.9993287920951843,False,trained_model_seed
2,15500,1.0,0.9995525479316711,False,trained_model_seed
2,15550,1.0,0.9996643662452698,False,trained_model_seed
2,15600,1.0,0.9997762441635132,False,trained_model_seed
2,15650,1.0,1.0,False,trained_model_seed
2,15700,1.0,1.0,False,trained_model_seed
2,15750,1.0,0.9997762441635132,False,trained_model_seed
2,15800,1.0,0.9997762441635132,False,trained_model_seed
2,15850,1.0,0.9997762441635132,False,trained_model_seed
2,15900,1.0,0.9997762441635132,False,trained_model_seed
2,15950,1.0,0.9997762441635132,False,trained_model_seed
2,16000,1.0,0.9997762441635132,False,trained_model_seed
2,16050,1.0,0.9997762441635132,False,trained_model_seed
2,16100,1.0,0.9997762441635132,False,trained_model_seed
2,16150,1.0,0.9997762441635132,False,trained_model_seed
2,16200,1.0,0.9997762441635132,False,trained_model_seed
2,16250,1.0,0.9997762441635132,False,trained_model_seed
2,16300,1.0,0.9997762441635132,False,trained_model_seed
2,16350,1.0,0.9997762441635132,False,trained_model_seed
2,16400,1.0,0.9996643662452698,False,trained_model_seed
2,16450,1.0,0.9995525479316711,False,trained_model_seed
2,16500,1.0,0.9995525479316711,False,trained_model_seed
2,16550,1.0,0.9995525479316711,False,trained_model_seed
2,16600,1.0,0.9995525479316711,False,trained_model_seed
2,16650,1.0,0.9995525479316711,False,trained_model_seed
2,16700,1.0,0.9995525479316711,False,trained_model_seed
2,16750,1.0,0.9991050362586975,False,trained_model_seed
2,16800,1.0,0.9977626204490662,False,trained_model_seed
2,16850,1.0,0.9989931583404541,False,trained_model_seed
2,16900,1.0,0.9997762441635132,False,trained_model_seed
2,16950,1.0,0.9997762441635132,False,trained_model_seed
2,17000,1.0,0.9997762441635132,False,trained_model_seed
2,17050,1.0,0.9997762441635132,False,trained_model_seed
2,17100,1.0,0.9997762441635132,False,trained_model_seed
2,17150,1.0,0.9997762441635132,False,trained_model_seed
2,17200,1.0,0.9993287920951843,False,trained_model_seed
2,17250,1.0,0.9991050362586975,False,trained_model_seed
2,17300,1.0,0.9991050362586975,False,trained_model_seed
2,17350,1.0,0.9988812804222107,False,trained_model_seed
2,17400,1.0,0.9988812804222107,False,trained_model_seed
2,17450,1.0,0.9988812804222107,False,trained_model_seed
2,17500,1.0,0.9988812804222107,False,trained_model_seed
2,17550,1.0,0.9988812804222107,False,trained_model_seed
2,17600,1.0,0.9988812804222107,False,trained_model_seed
2,17650,1.0,0.9988812804222107,False,trained_model_seed
2,17700,1.0,0.9988812804222107,False,trained_model_seed
2,17750,1.0,0.9988812804222107,False,trained_model_seed
2,17800,1.0,0.9988812804222107,False,trained_model_seed
2,17850,1.0,0.9988812804222107,False,trained_model_seed
2,17900,1.0,0.9991050362586975,False,trained_model_seed
2,17950,1.0,0.9991050362586975,False,trained_model_seed
2,18000,1.0,0.9991050362586975,False,trained_model_seed
2,18050,0.9997389316558838,0.9941827654838562,False,trained_model_seed
2,18100,1.0,0.9993287920951843,False,trained_model_seed
2,18150,1.0,0.9997762441635132,False,trained_model_seed
2,18200,1.0,0.9998881220817566,False,trained_model_seed
2,18250,1.0,0.9997762441635132,False,trained_model_seed
2,18300,1.0,0.9994406700134277,False,trained_model_seed
2,18350,1.0,0.9993287920951843,False,trained_model_seed
2,18400,1.0,0.9993287920951843,False,trained_model_seed
2,18450,1.0,0.9993287920951843,False,trained_model_seed
2,18500,1.0,0.9994406700134277,False,trained_model_seed
2,18550,1.0,0.9996643662452698,False,trained_model_seed
2,18600,1.0,0.9995525479316711,False,trained_model_seed
2,18650,1.0,0.9995525479316711,False,trained_model_seed
2,18700,1.0,0.9995525479316711,False,trained_model_seed
2,18750,1.0,0.9994406700134277,False,trained_model_seed
2,18800,1.0,0.9994406700134277,False,trained_model_seed
2,18850,1.0,0.9994406700134277,False,trained_model_seed
2,18900,1.0,0.9994406700134277,False,trained_model_seed
2,18950,1.0,0.9995525479316711,False,trained_model_seed
2,19000,1.0,0.9995525479316711,False,trained_model_seed
2,19050,1.0,0.9995525479316711,False,trained_model_seed
2,19100,1.0,0.9995525479316711,False,trained_model_seed
2,19150,1.0,0.9994406700134277,False,trained_model_seed
2,19200,1.0,0.9994406700134277,False,trained_model_seed
2,19250,1.0,0.9993287920951843,False,trained_model_seed
2,19300,0.9971279501914978,0.9937353134155273,False,trained_model_seed
2,19350,1.0,0.9995525479316711,False,trained_model_seed
2,19400,1.0,0.9995525479316711,False,trained_model_seed
2,19450,1.0,0.9997762441635132,False,trained_model_seed
2,19500,1.0,0.9997762441635132,False,trained_model_seed
2,19550,1.0,0.9997762441635132,False,trained_model_seed
2,19600,1.0,0.9997762441635132,False,trained_model_seed
2,19650,1.0,0.9997762441635132,False,trained_model_seed
2,19700,1.0,0.9998881220817566,False,trained_model_seed
2,19750,1.0,1.0,False,trained_model_seed
2,19800,1.0,1.0,False,trained_model_seed
2,19850,1.0,1.0,False,trained_model_seed
2,19900,1.0,1.0,False,trained_model_seed
2,19950,1.0,1.0,False,trained_model_seed
2,20000,1.0,1.0,False,trained_model_seed
2,20050,1.0,1.0,False,trained_model_seed
2,20100,1.0,1.0,False,trained_model_seed
2,20150,1.0,1.0,False,trained_model_seed
2,20200,1.0,1.0,False,trained_model_seed
2,20250,1.0,1.0,False,trained_model_seed
2,20300,1.0,1.0,False,trained_model_seed
2,20350,1.0,1.0,False,trained_model_seed
2,20400,1.0,1.0,False,trained_model_seed
2,20450,1.0,0.9997762441635132,False,trained_model_seed
2,20500,1.0,0.9969795346260071,False,trained_model_seed
2,20550,1.0,0.9995525479316711,False,trained_model_seed
2,20600,1.0,0.9996643662452698,False,trained_model_seed
2,20650,1.0,1.0,False,trained_model_seed
2,20700,1.0,1.0,False,trained_model_seed
2,20750,1.0,1.0,False,trained_model_seed
2,20800,1.0,1.0,False,trained_model_seed
2,20850,1.0,1.0,False,trained_model_seed
2,20900,1.0,1.0,False,trained_model_seed
2,20950,1.0,1.0,False,trained_model_seed
2,21000,1.0,1.0,False,trained_model_seed
2,21050,1.0,1.0,False,trained_model_seed
2,21100,1.0,1.0,False,trained_model_seed
2,21150,1.0,1.0,False,trained_model_seed
2,21200,1.0,0.9998881220817566,False,trained_model_seed
2,21250,1.0,0.9998881220817566,False,trained_model_seed
2,21300,1.0,0.9998881220817566,False,trained_model_seed
2,21350,1.0,0.9998881220817566,False,trained_model_seed
2,21400,1.0,0.9998881220817566,False,trained_model_seed
2,21450,1.0,0.9997762441635132,False,trained_model_seed
2,21500,1.0,0.9997762441635132,False,trained_model_seed
2,21550,1.0,0.9997762441635132,False,trained_model_seed
2,21600,1.0,0.9997762441635132,False,trained_model_seed
2,21650,1.0,0.9997762441635132,False,trained_model_seed
2,21700,1.0,0.9964202046394348,False,trained_model_seed
2,21750,1.0,0.9983219504356384,False,trained_model_seed
2,21800,1.0,0.9997762441635132,False,trained_model_seed
2,21850,1.0,1.0,False,trained_model_seed
2,21900,1.0,1.0,False,trained_model_seed
2,21950,1.0,1.0,False,trained_model_seed
2,22000,1.0,1.0,False,trained_model_seed
2,22050,1.0,1.0,False,trained_model_seed
2,22100,1.0,1.0,False,trained_model_seed
2,22150,1.0,1.0,False,trained_model_seed
2,22200,1.0,0.9998881220817566,False,trained_model_seed
2,22250,1.0,0.9998881220817566,False,trained_model_seed
2,22300,1.0,0.9997762441635132,False,trained_model_seed
2,22350,1.0,0.9995525479316711,False,trained_model_seed
2,22400,1.0,0.9994406700134277,False,trained_model_seed
2,22450,1.0,0.9994406700134277,False,trained_model_seed
2,22500,1.0,0.9993287920951843,False,trained_model_seed
2,22550,1.0,0.9993287920951843,False,trained_model_seed
2,22600,1.0,0.9993287920951843,False,trained_model_seed
2,22650,1.0,0.9994406700134277,False,trained_model_seed
2,22700,1.0,0.9995525479316711,False,trained_model_seed
2,22750,1.0,0.9995525479316711,False,trained_model_seed
2,22800,1.0,0.9994406700134277,False,trained_model_seed
2,22850,1.0,0.9986575841903687,False,trained_model_seed
2,22900,1.0,0.998210072517395,False,trained_model_seed
2,22950,1.0,0.9993287920951843,False,trained_model_seed
2,23000,1.0,0.9994406700134277,False,trained_model_seed
2,23050,1.0,0.9994406700134277,False,trained_model_seed
2,23100,1.0,0.9994406700134277,False,trained_model_seed
2,23150,1.0,0.9995525479316711,False,trained_model_seed
2,23200,1.0,0.9995525479316711,False,trained_model_seed
2,23250,1.0,0.9995525479316711,False,trained_model_seed
2,23300,1.0,0.9995525479316711,False,trained_model_seed
2,23350,1.0,0.9997762441635132,False,trained_model_seed
2,23400,1.0,0.9997762441635132,False,trained_model_seed
2,23450,1.0,0.9997762441635132,False,trained_model_seed
2,23500,1.0,0.9997762441635132,False,trained_model_seed
2,23550,1.0,0.9997762441635132,False,trained_model_seed
2,23600,1.0,0.9997762441635132,False,trained_model_seed
2,23650,1.0,0.9997762441635132,False,trained_model_seed
2,23700,1.0,0.9997762441635132,False,trained_model_seed
2,23750,1.0,0.9997762441635132,False,trained_model_seed
2,23800,1.0,0.9997762441635132,False,trained_model_seed
2,23850,1.0,0.9997762441635132,False,trained_model_seed
2,23900,1.0,0.9997762441635132,False,trained_model_seed
2,23950,1.0,0.9997762441635132,False,trained_model_seed
2,24000,1.0,0.9996643662452698,False,trained_model_seed
2,24050,1.0,0.9995525479316711,False,trained_model_seed
2,24100,0.9963446259498596,0.9835551977157593,False,trained_model_seed
2,24150,1.0,0.9977626204490662,False,trained_model_seed
2,24200,1.0,0.9993287920951843,False,trained_model_seed
2,24250,1.0,0.9997762441635132,False,trained_model_seed
2,24300,1.0,0.9997762441635132,False,trained_model_seed
2,24350,1.0,0.9998881220817566,False,trained_model_seed
2,24400,1.0,1.0,False,trained_model_seed
2,24450,1.0,0.9998881220817566,False,trained_model_seed
2,24500,1.0,0.9997762441635132,False,trained_model_seed
2,24550,1.0,0.9995525479316711,False,trained_model_seed
2,24600,1.0,0.9991050362586975,False,trained_model_seed
2,24650,1.0,0.9988812804222107,False,trained_model_seed
2,24700,1.0,0.9988812804222107,False,trained_model_seed
2,24750,1.0,0.9986575841903687,False,trained_model_seed
2,24800,1.0,0.9985457062721252,False,trained_model_seed
2,24850,1.0,0.9985457062721252,False,trained_model_seed
2,24900,1.0,0.9983219504356384,False,trained_model_seed
2,24950,1.0,0.998210072517395,False,trained_model_seed
2,25000,1.0,0.998210072517395,False,trained_model_seed
2,25050,1.0,0.9980981945991516,False,trained_model_seed
2,25100,1.0,0.9980981945991516,False,trained_model_seed
2,25150,1.0,0.9980981945991516,False,trained_model_seed
2,25200,1.0,0.9980981945991516,False,trained_model_seed
2,25250,1.0,0.998210072517395,False,trained_model_seed
2,25300,1.0,0.9983219504356384,False,trained_model_seed
2,25350,1.0,0.9980981945991516,False,trained_model_seed
2,25400,0.9613577127456665,0.9605101346969604,False,trained_model_seed
2,25450,1.0,0.9968676567077637,False,trained_model_seed
2,25500,1.0,0.9984338283538818,False,trained_model_seed
2,25550,1.0,0.9988812804222107,False,trained_model_seed
2,25600,1.0,0.9984338283538818,False,trained_model_seed
2,25650,1.0,0.9985457062721252,False,trained_model_seed
2,25700,1.0,0.9986575841903687,False,trained_model_seed
2,25750,1.0,0.9987694621086121,False,trained_model_seed
2,25800,1.0,0.9988812804222107,False,trained_model_seed
2,25850,1.0,0.9987694621086121,False,trained_model_seed
2,25900,1.0,0.9986575841903687,False,trained_model_seed
2,25950,1.0,0.9986575841903687,False,trained_model_seed
2,26000,1.0,0.9985457062721252,False,trained_model_seed
2,26050,1.0,0.9984338283538818,False,trained_model_seed
2,26100,1.0,0.9983219504356384,False,trained_model_seed
2,26150,1.0,0.9984338283538818,False,trained_model_seed
2,26200,1.0,0.9984338283538818,False,trained_model_seed
2,26250,1.0,0.9984338283538818,False,trained_model_seed
2,26300,1.0,0.9984338283538818,False,trained_model_seed
2,26350,1.0,0.9984338283538818,False,trained_model_seed
2,26400,1.0,0.9984338283538818,False,trained_model_seed
2,26450,1.0,0.9984338283538818,False,trained_model_seed
2,26500,1.0,0.9985457062721252,False,trained_model_seed
2,26550,1.0,0.9987694621086121,False,trained_model_seed
2,26600,1.0,0.9987694621086121,False,trained_model_seed
2,26650,1.0,0.9977626204490662,False,trained_model_seed
2,26700,1.0,0.9969795346260071,False,trained_model_seed
2,26750,1.0,0.998210072517395,False,trained_model_seed
2,26800,1.0,0.9986575841903687,False,trained_model_seed
2,26850,1.0,0.9986575841903687,False,trained_model_seed
2,26900,1.0,0.998210072517395,False,trained_model_seed
2,26950,1.0,0.9980981945991516,False,trained_model_seed
2,27000,1.0,0.998210072517395,False,trained_model_seed
2,27050,1.0,0.998210072517395,False,trained_model_seed
2,27100,1.0,0.9978744983673096,False,trained_model_seed
2,27150,1.0,0.9978744983673096,False,trained_model_seed
2,27200,1.0,0.9978744983673096,False,trained_model_seed
2,27250,1.0,0.9976507425308228,False,trained_model_seed
2,27300,1.0,0.9974269866943359,False,trained_model_seed
2,27350,1.0,0.9973151087760925,False,trained_model_seed
2,27400,1.0,0.9973151087760925,False,trained_model_seed
2,27450,1.0,0.9970914125442505,False,trained_model_seed
2,27500,1.0,0.9972032904624939,False,trained_model_seed
2,27550,1.0,0.9970914125442505,False,trained_model_seed
2,27600,1.0,0.9969795346260071,False,trained_model_seed
2,27650,1.0,0.9968676567077637,False,trained_model_seed
2,27700,1.0,0.9967557787895203,False,trained_model_seed
2,27750,1.0,0.9968676567077637,False,trained_model_seed
2,27800,1.0,0.9969795346260071,False,trained_model_seed
2,27850,1.0,0.9972032904624939,False,trained_model_seed
2,27900,1.0,0.9968676567077637,False,trained_model_seed
2,27950,0.9960835576057434,0.9844501614570618,False,trained_model_seed
2,28000,1.0,0.994406521320343,False,trained_model_seed
2,28050,1.0,0.9955252408981323,False,trained_model_seed
2,28100,1.0,0.9964202046394348,False,trained_model_seed
2,28150,1.0,0.9966439008712769,False,trained_model_seed
2,28200,1.0,0.9972032904624939,False,trained_model_seed
2,28250,1.0,0.9972032904624939,False,trained_model_seed
2,28300,1.0,0.9975388646125793,False,trained_model_seed
2,28350,1.0,0.9975388646125793,False,trained_model_seed
2,28400,1.0,0.9975388646125793,False,trained_model_seed
2,28450,1.0,0.9974269866943359,False,trained_model_seed
2,28500,1.0,0.9974269866943359,False,trained_model_seed
2,28550,1.0,0.9970914125442505,False,trained_model_seed
2,28600,1.0,0.9972032904624939,False,trained_model_seed
2,28650,1.0,0.9969795346260071,False,trained_model_seed
2,28700,1.0,0.9969795346260071,False,trained_model_seed
2,28750,1.0,0.9967557787895203,False,trained_model_seed
2,28800,1.0,0.9968676567077637,False,trained_model_seed
2,28850,1.0,0.9969795346260071,False,trained_model_seed
2,28900,1.0,0.9969795346260071,False,trained_model_seed
2,28950,1.0,0.9969795346260071,False,trained_model_seed
2,29000,1.0,0.9969795346260071,False,trained_model_seed
2,29050,1.0,0.9972032904624939,False,trained_model_seed
2,29100,1.0,0.9974269866943359,False,trained_model_seed
2,29150,1.0,0.9976507425308228,False,trained_model_seed
2,29200,1.0,0.9975388646125793,False,trained_model_seed
2,29250,1.0,0.9980981945991516,False,trained_model_seed
2,29300,1.0,0.9937353134155273,False,trained_model_seed
2,29350,1.0,0.9959726929664612,False,trained_model_seed
2,29400,1.0,0.9975388646125793,False,trained_model_seed
2,29450,1.0,0.998210072517395,False,trained_model_seed
2,29500,1.0,0.9976507425308228,False,trained_model_seed
2,29550,1.0,0.9972032904624939,False,trained_model_seed
2,29600,1.0,0.9968676567077637,False,trained_model_seed
2,29650,1.0,0.9967557787895203,False,trained_model_seed
2,29700,1.0,0.9965320229530334,False,trained_model_seed
2,29750,1.0,0.9963083267211914,False,trained_model_seed
2,29800,1.0,0.996196448802948,False,trained_model_seed
2,29850,1.0,0.9960845708847046,False,trained_model_seed
2,29900,1.0,0.9960845708847046,False,trained_model_seed
2,29950,1.0,0.9958608150482178,False,trained_model_seed
2,30000,1.0,0.9954133629798889,False,trained_model_seed
2,30050,1.0,0.9951896071434021,False,trained_model_seed
2,30100,1.0,0.9948540329933167,False,trained_model_seed
2,30150,1.0,0.9948540329933167,False,trained_model_seed
2,30200,1.0,0.9950777292251587,False,trained_model_seed
2,30250,1.0,0.9949658513069153,False,trained_model_seed
2,30300,1.0,0.9948540329933167,False,trained_model_seed
2,30350,1.0,0.9951896071434021,False,trained_model_seed
2,30400,1.0,0.9953014850616455,False,trained_model_seed
2,30450,1.0,0.9954133629798889,False,trained_model_seed
2,30500,1.0,0.9964202046394348,False,trained_model_seed
2,30550,0.9994778037071228,0.9887012243270874,False,trained_model_seed
2,30600,1.0,0.9933996796607971,False,trained_model_seed
2,30650,1.0,0.9957489371299744,False,trained_model_seed
2,30700,1.0,0.9968676567077637,False,trained_model_seed
2,30750,1.0,0.9970914125442505,False,trained_model_seed
2,30800,1.0,0.9966439008712769,False,trained_model_seed
2,30850,1.0,0.9963083267211914,False,trained_model_seed
2,30900,1.0,0.9960845708847046,False,trained_model_seed
2,30950,1.0,0.9960845708847046,False,trained_model_seed
2,31000,1.0,0.9958608150482178,False,trained_model_seed
2,31050,1.0,0.9957489371299744,False,trained_model_seed
2,31100,1.0,0.9957489371299744,False,trained_model_seed
2,31150,1.0,0.9955252408981323,False,trained_model_seed
2,31200,1.0,0.9955252408981323,False,trained_model_seed
2,31250,1.0,0.9955252408981323,False,trained_model_seed
2,31300,1.0,0.9955252408981323,False,trained_model_seed
2,31350,1.0,0.9954133629798889,False,trained_model_seed
2,31400,1.0,0.9954133629798889,False,trained_model_seed
2,31450,1.0,0.9956371188163757,False,trained_model_seed
2,31500,1.0,0.9955252408981323,False,trained_model_seed
2,31550,1.0,0.9953014850616455,False,trained_model_seed
2,31600,1.0,0.9954133629798889,False,trained_model_seed
2,31650,1.0,0.9953014850616455,False,trained_model_seed
2,31700,1.0,0.9953014850616455,False,trained_model_seed
2,31750,1.0,0.9955252408981323,False,trained_model_seed
2,31800,1.0,0.9960845708847046,False,trained_model_seed
2,31850,1.0,0.9948540329933167,False,trained_model_seed
2,31900,1.0,0.9907148480415344,False,trained_model_seed
2,31950,1.0,0.9954133629798889,False,trained_model_seed
2,32000,1.0,0.9964202046394348,False,trained_model_seed
2,32050,1.0,0.9964202046394348,False,trained_model_seed
2,32100,1.0,0.9964202046394348,False,trained_model_seed
2,32150,1.0,0.9960845708847046,False,trained_model_seed
2,32200,1.0,0.9955252408981323,False,trained_model_seed
2,32250,1.0,0.9950777292251587,False,trained_model_seed
2,32300,1.0,0.9949658513069153,False,trained_model_seed
2,32350,1.0,0.9949658513069153,False,trained_model_seed
2,32400,1.0,0.9947421550750732,False,trained_model_seed
2,32450,1.0,0.9946302771568298,False,trained_model_seed
2,32500,1.0,0.9946302771568298,False,trained_model_seed
2,32550,1.0,0.9945183992385864,False,trained_model_seed
2,32600,1.0,0.9946302771568298,False,trained_model_seed
2,32650,1.0,0.9945183992385864,False,trained_model_seed
2,32700,1.0,0.9946302771568298,False,trained_model_seed
2,32750,1.0,0.9946302771568298,False,trained_model_seed
2,32800,1.0,0.9947421550750732,False,trained_model_seed
2,32850,1.0,0.9948540329933167,False,trained_model_seed
2,32900,1.0,0.9948540329933167,False,trained_model_seed
2,32950,1.0,0.9948540329933167,False,trained_model_seed
2,33000,1.0,0.9954133629798889,False,trained_model_seed
2,33050,1.0,0.9959726929664612,False,trained_model_seed
2,33100,1.0,0.9960845708847046,False,trained_model_seed
2,33150,1.0,0.9898198843002319,False,trained_model_seed
2,33200,1.0,0.9929522275924683,False,trained_model_seed
2,33250,1.0,0.994406521320343,False,trained_model_seed
2,33300,1.0,0.9955252408981323,False,trained_model_seed
2,33350,1.0,0.9958608150482178,False,trained_model_seed
2,33400,1.0,0.9958608150482178,False,trained_model_seed
2,33450,1.0,0.9957489371299744,False,trained_model_seed
2,33500,1.0,0.9955252408981323,False,trained_model_seed
2,33550,1.0,0.9949658513069153,False,trained_model_seed
2,33600,1.0,0.9948540329933167,False,trained_model_seed
2,33650,1.0,0.9945183992385864,False,trained_model_seed
2,33700,1.0,0.9945183992385864,False,trained_model_seed
2,33750,1.0,0.994406521320343,False,trained_model_seed
2,33800,1.0,0.9942946434020996,False,trained_model_seed
2,33850,1.0,0.994406521320343,False,trained_model_seed
2,33900,1.0,0.9941827654838562,False,trained_model_seed
2,33950,1.0,0.9942946434020996,False,trained_model_seed
2,34000,1.0,0.9942946434020996,False,trained_model_seed
2,34050,1.0,0.9945183992385864,False,trained_model_seed
2,34100,1.0,0.9947421550750732,False,trained_model_seed
2,34150,1.0,0.9949658513069153,False,trained_model_seed
2,34200,1.0,0.9951896071434021,False,trained_model_seed
2,34250,1.0,0.9951896071434021,False,trained_model_seed
2,34300,1.0,0.9953014850616455,False,trained_model_seed
2,34350,1.0,0.9956371188163757,False,trained_model_seed
2,34400,1.0,0.9892605543136597,False,trained_model_seed
2,34450,1.0,0.9948540329933167,False,trained_model_seed
2,34500,1.0,0.9959726929664612,False,trained_model_seed
2,34550,1.0,0.9969795346260071,False,trained_model_seed
2,34600,1.0,0.9963083267211914,False,trained_model_seed
2,34650,1.0,0.9956371188163757,False,trained_model_seed
2,34700,1.0,0.9953014850616455,False,trained_model_seed
2,34750,1.0,0.9948540329933167,False,trained_model_seed
2,34800,1.0,0.9946302771568298,False,trained_model_seed
2,34850,1.0,0.9940709471702576,False,trained_model_seed
2,34900,1.0,0.9939590692520142,False,trained_model_seed
2,34950,1.0,0.9939590692520142,False,trained_model_seed
2,35000,1.0,0.9941827654838562,False,trained_model_seed
2,35050,1.0,0.9942946434020996,False,trained_model_seed
2,35100,1.0,0.9945183992385864,False,trained_model_seed
2,35150,1.0,0.9945183992385864,False,trained_model_seed
2,35200,1.0,0.9947421550750732,False,trained_model_seed
2,35250,1.0,0.9946302771568298,False,trained_model_seed
2,35300,1.0,0.9949658513069153,False,trained_model_seed
2,35350,1.0,0.9953014850616455,False,trained_model_seed
2,35400,1.0,0.9955252408981323,False,trained_model_seed
2,35450,1.0,0.9956371188163757,False,trained_model_seed
2,35500,1.0,0.9958608150482178,False,trained_model_seed
2,35550,1.0,0.996196448802948,False,trained_model_seed
2,35600,1.0,0.996196448802948,False,trained_model_seed
2,35650,1.0,0.9909386038780212,False,trained_model_seed
2,35700,1.0,0.9947421550750732,False,trained_model_seed
2,35750,1.0,0.9955252408981323,False,trained_model_seed
2,35800,1.0,0.9968676567077637,False,trained_model_seed
2,35850,1.0,0.9968676567077637,False,trained_model_seed
2,35900,1.0,0.9965320229530334,False,trained_model_seed
2,35950,1.0,0.9960845708847046,False,trained_model_seed
2,36000,1.0,0.9957489371299744,False,trained_model_seed
2,36050,1.0,0.9958608150482178,False,trained_model_seed
2,36100,1.0,0.9957489371299744,False,trained_model_seed
2,36150,1.0,0.9957489371299744,False,trained_model_seed
2,36200,1.0,0.9957489371299744,False,trained_model_seed
2,36250,1.0,0.9957489371299744,False,trained_model_seed
2,36300,1.0,0.9956371188163757,False,trained_model_seed
2,36350,1.0,0.9955252408981323,False,trained_model_seed
2,36400,1.0,0.9953014850616455,False,trained_model_seed
2,36450,1.0,0.9950777292251587,False,trained_model_seed
2,36500,1.0,0.9951896071434021,False,trained_model_seed
2,36550,1.0,0.9951896071434021,False,trained_model_seed
2,36600,1.0,0.9950777292251587,False,trained_model_seed
2,36650,1.0,0.9954133629798889,False,trained_model_seed
2,36700,1.0,0.9953014850616455,False,trained_model_seed
2,36750,1.0,0.9951896071434021,False,trained_model_seed
2,36800,1.0,0.9949658513069153,False,trained_model_seed
2,36850,1.0,0.9949658513069153,False,trained_model_seed
2,36900,1.0,0.9911623001098633,False,trained_model_seed
2,36950,1.0,0.9942946434020996,False,trained_model_seed
2,37000,1.0,0.9960845708847046,False,trained_model_seed
2,37050,1.0,0.9956371188163757,False,trained_model_seed
2,37100,1.0,0.9941827654838562,False,trained_model_seed
2,37150,1.0,0.9942946434020996,False,trained_model_seed
2,37200,1.0,0.9939590692520142,False,trained_model_seed
2,37250,1.0,0.9932878613471985,False,trained_model_seed
2,37300,1.0,0.9932878613471985,False,trained_model_seed
2,37350,1.0,0.9931759834289551,False,trained_model_seed
2,37400,1.0,0.9926166534423828,False,trained_model_seed
2,37450,1.0,0.9926166534423828,False,trained_model_seed
2,37500,1.0,0.992392897605896,False,trained_model_seed
2,37550,1.0,0.9922810196876526,False,trained_model_seed
2,37600,1.0,0.9921691417694092,False,trained_model_seed
2,37650,1.0,0.9919453859329224,False,trained_model_seed
2,37700,1.0,0.9920572638511658,False,trained_model_seed
2,37750,1.0,0.9921691417694092,False,trained_model_seed
2,37800,1.0,0.9922810196876526,False,trained_model_seed
2,37850,1.0,0.9922810196876526,False,trained_model_seed
2,37900,1.0,0.9928403496742249,False,trained_model_seed
2,37950,1.0,0.9935115575790405,False,trained_model_seed
2,38000,1.0,0.9937353134155273,False,trained_model_seed
2,38050,1.0,0.9942946434020996,False,trained_model_seed
2,38100,1.0,0.994406521320343,False,trained_model_seed
2,38150,1.0,0.9954133629798889,False,trained_model_seed
2,38200,1.0,0.9895961284637451,False,trained_model_seed
2,38250,1.0,0.9926166534423828,False,trained_model_seed
2,38300,1.0,0.9942946434020996,False,trained_model_seed
2,38350,1.0,0.9946302771568298,False,trained_model_seed
2,38400,1.0,0.9940709471702576,False,trained_model_seed
2,38450,1.0,0.9938471913337708,False,trained_model_seed
2,38500,1.0,0.9935115575790405,False,trained_model_seed
2,38550,1.0,0.9932878613471985,False,trained_model_seed
2,38600,1.0,0.9928403496742249,False,trained_model_seed
2,38650,1.0,0.992392897605896,False,trained_model_seed
2,38700,1.0,0.992392897605896,False,trained_model_seed
2,38750,1.0,0.9922810196876526,False,trained_model_seed
2,38800,1.0,0.9922810196876526,False,trained_model_seed
2,38850,1.0,0.9922810196876526,False,trained_model_seed
2,38900,1.0,0.9922810196876526,False,trained_model_seed
2,38950,1.0,0.9921691417694092,False,trained_model_seed
2,39000,1.0,0.9922810196876526,False,trained_model_seed
2,39050,1.0,0.9922810196876526,False,trained_model_seed
2,39100,1.0,0.9922810196876526,False,trained_model_seed
2,39150,1.0,0.9922810196876526,False,trained_model_seed
2,39200,1.0,0.992392897605896,False,trained_model_seed
2,39250,1.0,0.9925047755241394,False,trained_model_seed
2,39300,1.0,0.992392897605896,False,trained_model_seed
2,39350,1.0,0.9927284717559814,False,trained_model_seed
2,39400,1.0,0.9932878613471985,False,trained_model_seed
2,39450,1.0,0.9941827654838562,False,trained_model_seed
2,39500,1.0,0.9891486763954163,False,trained_model_seed
2,39550,1.0,0.9940709471702576,False,trained_model_seed
2,39600,1.0,0.9957489371299744,False,trained_model_seed
2,39650,1.0,0.9953014850616455,False,trained_model_seed
2,39700,1.0,0.994406521320343,False,trained_model_seed
2,39750,1.0,0.9940709471702576,False,trained_model_seed
2,39800,1.0,0.9937353134155273,False,trained_model_seed
2,39850,1.0,0.9933996796607971,False,trained_model_seed
2,39900,1.0,0.9933996796607971,False,trained_model_seed
2,39950,1.0,0.9933996796607971,False,trained_model_seed
2,40000,1.0,0.9930641055107117,False,trained_model_seed
3,0,0.007832897827029228,0.008725808002054691,False,trained_model_seed
3,50,0.071279376745224,0.003356080036610365,False,trained_model_seed
3,100,0.2929503917694092,0.0038035574834793806,False,trained_model_seed
3,150,0.9083551168441772,0.011634411290287971,False,trained_model_seed
3,200,1.0,0.014319275505840778,True,trained_model_seed
3,250,1.0,0.015214229933917522,False,trained_model_seed
3,300,1.0,0.01610918529331684,False,trained_model_seed
3,350,1.0,0.01789909414947033,False,trained_model_seed
3,400,1.0,0.019017787650227547,False,trained_model_seed
3,450,1.0,0.020136481150984764,False,trained_model_seed
3,500,1.0,0.020807696506381035,False,trained_model_seed
3,550,1.0,0.02114330418407917,False,trained_model_seed
3,600,1.0,0.021926390007138252,False,trained_model_seed
3,650,1.0,0.022597605362534523,False,trained_model_seed
3,700,1.0,0.02304508350789547,False,trained_model_seed
3,750,1.0,0.022821344435214996,False,trained_model_seed
3,800,1.0,0.02360443025827408,False,trained_model_seed
3,850,1.0,0.02382816933095455,False,trained_model_seed
3,900,1.0,0.023940037935972214,False,trained_model_seed
3,950,1.0,0.024051906540989876,False,trained_model_seed
3,1000,1.0,0.024163777008652687,False,trained_model_seed
3,1050,1.0,0.024834992364048958,False,trained_model_seed
3,1100,1.0,0.025841817259788513,False,trained_model_seed
3,1150,1.0,0.025729946792125702,False,trained_model_seed
3,1200,1.0,0.025953685864806175,False,trained_model_seed
3,1250,1.0,0.025729946792125702,False,trained_model_seed
3,1300,1.0,0.02628929354250431,False,trained_model_seed
3,1350,1.0,0.027184247970581055,False,trained_model_seed
3,1400,1.0,0.027855465188622475,False,trained_model_seed
3,1450,1.0,0.028414811939001083,False,trained_model_seed
3,1500,1.0,0.028414811939001083,False,trained_model_seed
3,1550,1.0,0.028974158689379692,False,trained_model_seed
3,1600,1.0,0.028638551011681557,False,trained_model_seed
3,1650,1.0,0.028638551011681557,False,trained_model_seed
3,1700,1.0,0.028302941471338272,False,trained_model_seed
3,1750,1.0,0.02886228822171688,False,trained_model_seed
3,1800,1.0,0.029197897762060165,False,trained_model_seed
3,1850,1.0,0.03009285219013691,False,trained_model_seed
3,1900,1.0,0.0295335054397583,False,trained_model_seed
3,1950,1.0,0.029980981722474098,False,trained_model_seed
3,2000,1.0,0.03009285219013691,False,trained_model_seed
3,2050,1.0,0.030540328472852707,False,trained_model_seed
3,2100,1.0,0.030987806618213654,False,trained_model_seed
3,2150,1.0,0.03210650011897087,False,trained_model_seed
3,2200,1.0,0.03288958594202995,False,trained_model_seed
3,2250,1.0,0.03378453850746155,False,trained_model_seed
3,2300,1.0,0.03412014618515968,False,trained_model_seed
3,2350,1.0,0.03456762433052063,False,trained_model_seed
3,2400,1.0,0.03467949479818344,False,trained_model_seed
3,2450,1.0,0.03479136526584625,False,trained_model_seed
3,2500,1.0,0.034903232008218765,False,trained_model_seed
3,2550,1.0,0.03568631783127785,False,trained_model_seed
3,2600,1.0,0.036245666444301605,False,trained_model_seed
3,2650,1.0,0.036133795976638794,False,trained_model_seed
3,2700,1.0,0.036916881799697876,False,trained_model_seed
3,2750,1.0,0.03736435994505882,False,trained_model_seed
3,2800,1.0,0.036916881799697876,False,trained_model_seed
3,2850,1.0,0.0371406190097332,False,trained_model_seed
3,2900,1.0,0.03702875226736069,False,trained_model_seed
3,2950,1.0,0.03859492018818855,False,trained_model_seed
3,3000,1.0,0.03758809715509415,False,trained_model_seed
3,3050,1.0,0.03792370483279228,False,trained_model_seed
3,3100,1.0,0.037476226687431335,False,trained_model_seed
3,3150,1.0,0.038147442042827606,False,trained_model_seed
3,3200,1.0,0.03893052786588669,False,trained_model_seed
3,3250,1.0,0.038818661123514175,False,trained_model_seed
3,3300,1.0,0.0390423983335495,False,trained_model_seed
3,3350,1.0,0.03848305344581604,False,trained_model_seed
3,3400,1.0,0.038706790655851364,True,trained_model_seed
3,3450,1.0,0.039266135543584824,False,trained_model_seed
3,3500,1.0,0.040608569979667664,False,trained_model_seed
3,3550,1.0,0.041391655802726746,False,trained_model_seed
3,3600,1.0,0.042062871158123016,False,trained_model_seed
3,3650,1.0,0.0428459569811821,False,trained_model_seed
3,3700,1.0,0.04273408651351929,False,trained_model_seed
3,3750,1.0,0.04251034930348396,False,trained_model_seed
3,3800,1.0,0.04295782372355461,False,trained_model_seed
3,3850,1.0,0.04273408651351929,False,trained_model_seed
3,3900,1.0,0.04295782372355461,False,trained_model_seed
3,3950,1.0,0.043181564658880234,False,trained_model_seed
3,4000,1.0,0.04374090954661369,False,trained_model_seed
3,4050,1.0,0.04362904280424118,False,trained_model_seed
3,4100,1.0,0.04497147351503372,False,trained_model_seed
3,4150,1.0,0.04217474162578583,False,trained_model_seed
3,4200,1.0,0.04720886051654816,False,trained_model_seed
3,4250,1.0,0.046985119581222534,False,trained_model_seed
3,4300,1.0,0.04732073098421097,False,trained_model_seed
3,4350,1.0,0.04631390422582626,False,trained_model_seed
3,4400,1.0,0.047096990048885345,False,trained_model_seed
3,4450,1.0,0.04732073098421097,False,trained_model_seed
3,4500,1.0,0.0485512912273407,False,trained_model_seed
3,4550,1.0,0.049110639840364456,False,trained_model_seed
3,4600,1.0,0.049669984728097916,False,trained_model_seed
3,4650,1.0,0.050229333341121674,False,trained_model_seed
3,4700,1.0,0.051012419164180756,False,trained_model_seed
3,4750,1.0,0.05112428590655327,False,trained_model_seed
3,4800,1.0,0.05134802684187889,False,trained_model_seed
3,4850,1.0,0.05213111266493797,False,trained_model_seed
3,4900,1.0,0.05213111266493797,False,trained_model_seed
3,4950,1.0,0.0523548498749733,False,trained_model_seed
3,5000,1.0,0.0533616729080677,False,trained_model_seed
3,5050,1.0,0.054032888263463974,False,trained_model_seed
3,5100,1.0,0.053585413843393326,False,trained_model_seed
3,5150,1.0,0.05448036640882492,False,trained_model_seed
3,5200,1.0,0.054815974086523056,False,trained_model_seed
3,5250,1.0,0.05559905990958214,False,trained_model_seed
3,5300,1.0,0.05638214573264122,False,trained_model_seed
3,5350,1.0,0.05638214573264122,False,trained_model_seed
3,5400,0.9994778037071228,0.05302606523036957,False,trained_model_seed
3,5450,1.0,0.06018570438027382,False,trained_model_seed
3,5500,1.0,0.06063317880034447,False,trained_model_seed
3,5550,1.0,0.05828392505645752,False,trained_model_seed
3,5600,1.0,0.060521312057971954,False,trained_model_seed
3,5650,1.0,0.061863742768764496,False,trained_model_seed
3,5700,1.0,0.06264682859182358,False,trained_model_seed
3,5750,1.0,0.06342991441488266,False,trained_model_seed
3,5800,1.0,0.06544356048107147,False,trained_model_seed
3,5850,1.0,0.0657791718840599,False,trained_model_seed
3,5900,1.0,0.06723347306251526,False,trained_model_seed
3,5950,1.0,0.06891150772571564,False,trained_model_seed
3,6000,1.0,0.0695827305316925,False,trained_model_seed
3,6050,1.0,0.07282693684101105,False,trained_model_seed
3,6100,1.0,0.07439310848712921,False,trained_model_seed
3,6150,1.0,0.07506432384252548,False,trained_model_seed
3,6200,1.0,0.07696610689163208,False,trained_model_seed
3,6250,1.0,0.07830853760242462,False,trained_model_seed
3,6300,1.0,0.08054592460393906,False,trained_model_seed
3,6350,1.0,0.08144087344408035,False,trained_model_seed
3,6400,1.0,0.08334265649318695,False,trained_model_seed
3,6450,1.0,0.08625125885009766,False,trained_model_seed
3,6500,1.0,0.08826490491628647,False,trained_model_seed
3,6550,1.0,0.0905022919178009,False,trained_model_seed
3,6600,1.0,0.09128537774085999,False,trained_model_seed
3,6650,1.0,0.09251593798398972,False,trained_model_seed
3,6700,0.980156660079956,0.08009844273328781,False,trained_model_seed
3,6750,1.0,0.09721445292234421,False,trained_model_seed
3,6800,1.0,0.09721445292234421,False,trained_model_seed
3,6850,1.0,0.09911622852087021,False,trained_model_seed
3,6900,1.0,0.09989931434392929,False,trained_model_seed
3,6950,1.0,0.10269605368375778,False,trained_model_seed
3,7000,1.0,0.10549278557300568,False,trained_model_seed
3,7050,1.0,0.11007943004369736,False,trained_model_seed
3,7100,1.0,0.11265242099761963,False,trained_model_seed
3,7150,1.0,0.11656785011291504,False,trained_model_seed
3,7200,1.0,0.11981205642223358,False,trained_model_seed
3,7250,1.0,0.12395122647285461,False,trained_model_seed
3,7300,1.0,0.12842600047588348,False,trained_model_seed
3,7350,1.0,0.1332363784313202,False,trained_model_seed
3,7400,1.0,0.13737554848194122,False,trained_model_seed
3,7450,1.0,0.14073163270950317,True,trained_model_seed
3,7500,1.0,0.1457657516002655,False,trained_model_seed
3,7550,1.0,0.15068799257278442,False,trained_model_seed
3,7600,1.0,0.1570645421743393,False,trained_model_seed
3,7650,1.0,0.16344110667705536,False,trained_model_seed
3,7700,1.0,0.1685870885848999,False,trained_model_seed
3,7750,1.0,0.1779841184616089,False,trained_model_seed
3,7800,1.0,0.184808149933815,False,trained_model_seed
3,7850,1.0,0.19353395700454712,False,trained_model_seed
3,7900,1.0,0.2020360231399536,False,trained_model_seed
3,7950,1.0,0.2077413648366928,False,trained_model_seed
3,8000,0.9934725761413574,0.19689002633094788,False,trained_model_seed
3,8050,1.0,0.22832532227039337,False,trained_model_seed
3,8100,1.0,0.23660364747047424,False,trained_model_seed
3,8150,1.0,0.24063093960285187,True,trained_model_seed
3,8200,1.0,0.24890927970409393,False,trained_model_seed
3,8250,1.0,0.26524218916893005,False,trained_model_seed
3,8300,1.0,0.2867211103439331,False,trained_model_seed
3,8350,1.0,0.3096543252468109,False,trained_model_seed
3,8400,1.0,0.3324756622314453,False,trained_model_seed
3,8450,1.0,0.3570869266986847,False,trained_model_seed
3,8500,1.0,0.3808032274246216,True,trained_model_seed
3,8550,1.0,0.4094417691230774,False,trained_model_seed
3,8600,1.0,0.44322630763053894,False,trained_model_seed
3,8650,1.0,0.47757020592689514,True,trained_model_seed
3,8700,1.0,0.5120259523391724,False,trained_model_seed
3,8750,1.0,0.5469291806221008,False,trained_model_seed
3,8800,1.0,0.586307168006897,False,trained_model_seed
3,8850,1.0,0.6300480961799622,False,trained_model_seed
3,8900,1.0,0.6703210473060608,False,trained_model_seed
3,8950,1.0,0.7085803747177124,False,trained_model_seed
3,9000,1.0,0.7433717250823975,False,trained_model_seed
3,9050,1.0,0.7726815342903137,True,trained_model_seed
3,9100,1.0,0.7984114289283752,False,trained_model_seed
3,9150,1.0,0.8202259540557861,False,trained_model_seed
3,9200,1.0,0.8381250500679016,False,trained_model_seed
3,9250,1.0,0.851437509059906,False,trained_model_seed
3,9300,1.0,0.8635194301605225,False,trained_model_seed
3,9350,1.0,0.8721333742141724,False,trained_model_seed
3,9400,1.0,0.8808591365814209,False,trained_model_seed
3,9450,1.0,0.8391318917274475,False,trained_model_seed
3,9500,1.0,0.8824253082275391,False,trained_model_seed
3,9550,1.0,0.8964089751243591,False,trained_model_seed
3,9600,1.0,0.9070366024971008,False,trained_model_seed
3,9650,1.0,0.9183353781700134,False,trained_model_seed
3,9700,1.0,0.9298579096794128,False,trained_model_seed
3,9750,1.0,0.9407092332839966,False,trained_model_seed
3,9800,1.0,0.9503300189971924,False,trained_model_seed
3,9850,1.0,0.9582727551460266,False,trained_model_seed
3,9900,1.0,0.9647611379623413,False,trained_model_seed
3,9950,1.0,0.9696834087371826,False,trained_model_seed
3,10000,1.0,0.9742700457572937,False,trained_model_seed
3,10050,1.0,0.9788566827774048,False,trained_model_seed
3,10100,1.0,0.9822127819061279,False,trained_model_seed
3,10150,1.0,0.986799418926239,False,trained_model_seed
3,10200,1.0,0.9912741780281067,False,trained_model_seed
3,10250,1.0,0.9939590692520142,False,trained_model_seed
3,10300,1.0,0.9964202046394348,False,trained_model_seed
3,10350,1.0,0.997986376285553,False,trained_model_seed
3,10400,1.0,0.9984338283538818,False,trained_model_seed
3,10450,1.0,0.9993287920951843,False,trained_model_seed
3,10500,1.0,1.0,False,trained_model_seed
3,10550,1.0,1.0,False,trained_model_seed
3,10600,1.0,1.0,False,trained_model_seed
3,10650,1.0,0.9891486763954163,False,trained_model_seed
3,10700,1.0,0.9993287920951843,False,trained_model_seed
3,10750,1.0,1.0,False,trained_model_seed
3,10800,1.0,1.0,False,trained_model_seed
3,10850,1.0,1.0,False,trained_model_seed
3,10900,1.0,1.0,False,trained_model_seed
3,10950,1.0,1.0,False,trained_model_seed
3,11000,1.0,1.0,False,trained_model_seed
3,11050,1.0,1.0,False,trained_model_seed
3,11100,1.0,1.0,False,trained_model_seed
3,11150,1.0,1.0,False,trained_model_seed
3,11200,1.0,1.0,False,trained_model_seed
3,11250,1.0,1.0,False,trained_model_seed
3,11300,1.0,1.0,False,trained_model_seed
3,11350,1.0,1.0,False,trained_model_seed
3,11400,1.0,1.0,False,trained_model_seed
3,11450,1.0,1.0,False,trained_model_seed
3,11500,1.0,1.0,False,trained_model_seed
3,11550,1.0,1.0,False,trained_model_seed
3,11600,1.0,1.0,False,trained_model_seed
3,11650,1.0,1.0,False,trained_model_seed
3,11700,1.0,1.0,False,trained_model_seed
3,11750,1.0,1.0,False,trained_model_seed
3,11800,1.0,1.0,False,trained_model_seed
3,11850,1.0,1.0,False,trained_model_seed
3,11900,1.0,1.0,False,trained_model_seed
3,11950,1.0,1.0,False,trained_model_seed
3,12000,1.0,1.0,False,trained_model_seed
3,12050,1.0,1.0,False,trained_model_seed
3,12100,1.0,1.0,False,trained_model_seed
3,12150,1.0,1.0,False,trained_model_seed
3,12200,1.0,1.0,False,trained_model_seed
3,12250,1.0,1.0,False,trained_model_seed
3,12300,1.0,1.0,False,trained_model_seed
3,12350,1.0,1.0,False,trained_model_seed
3,12400,1.0,1.0,False,trained_model_seed
3,12450,1.0,1.0,False,trained_model_seed
3,12500,1.0,1.0,False,trained_model_seed
3,12550,1.0,1.0,False,trained_model_seed
3,12600,1.0,1.0,False,trained_model_seed
3,12650,1.0,1.0,False,trained_model_seed
3,12700,1.0,1.0,False,trained_model_seed
3,12750,1.0,1.0,False,trained_model_seed
3,12800,1.0,1.0,False,trained_model_seed
3,12850,1.0,1.0,False,trained_model_seed
3,12900,1.0,1.0,False,trained_model_seed
3,12950,1.0,1.0,False,trained_model_seed
3,13000,1.0,1.0,False,trained_model_seed
3,13050,1.0,1.0,False,trained_model_seed
3,13100,1.0,1.0,False,trained_model_seed
3,13150,1.0,1.0,False,trained_model_seed
3,13200,1.0,0.9973151087760925,False,trained_model_seed
3,13250,1.0,1.0,False,trained_model_seed
3,13300,1.0,1.0,False,trained_model_seed
3,13350,1.0,1.0,False,trained_model_seed
3,13400,1.0,1.0,False,trained_model_seed
3,13450,1.0,1.0,False,trained_model_seed
3,13500,1.0,1.0,False,trained_model_seed
3,13550,1.0,1.0,False,trained_model_seed
3,13600,1.0,1.0,False,trained_model_seed
3,13650,1.0,1.0,False,trained_model_seed
3,13700,1.0,1.0,False,trained_model_seed
3,13750,1.0,1.0,False,trained_model_seed
3,13800,1.0,1.0,False,trained_model_seed
3,13850,1.0,1.0,False,trained_model_seed
3,13900,1.0,1.0,False,trained_model_seed
3,13950,1.0,1.0,False,trained_model_seed
3,14000,1.0,1.0,False,trained_model_seed
3,14050,1.0,1.0,False,trained_model_seed
3,14100,1.0,1.0,False,trained_model_seed
3,14150,1.0,1.0,False,trained_model_seed
3,14200,1.0,1.0,False,trained_model_seed
3,14250,1.0,1.0,False,trained_model_seed
3,14300,1.0,1.0,False,trained_model_seed
3,14350,1.0,1.0,False,trained_model_seed
3,14400,0.9971279501914978,0.9955252408981323,False,trained_model_seed
3,14450,1.0,0.9996643662452698,False,trained_model_seed
3,14500,1.0,1.0,False,trained_model_seed
3,14550,1.0,1.0,False,trained_model_seed
3,14600,1.0,1.0,False,trained_model_seed
3,14650,1.0,1.0,False,trained_model_seed
3,14700,1.0,1.0,False,trained_model_seed
3,14750,1.0,1.0,False,trained_model_seed
3,14800,1.0,1.0,False,trained_model_seed
3,14850,1.0,1.0,False,trained_model_seed
3,14900,1.0,1.0,False,trained_model_seed
3,14950,1.0,1.0,False,trained_model_seed
3,15000,1.0,1.0,False,trained_model_seed
3,15050,1.0,1.0,False,trained_model_seed
3,15100,1.0,1.0,False,trained_model_seed
3,15150,1.0,1.0,False,trained_model_seed
3,15200,1.0,1.0,False,trained_model_seed
3,15250,1.0,1.0,False,trained_model_seed
3,15300,1.0,1.0,False,trained_model_seed
3,15350,1.0,1.0,False,trained_model_seed
3,15400,1.0,1.0,False,trained_model_seed
3,15450,1.0,1.0,False,trained_model_seed
3,15500,1.0,1.0,False,trained_model_seed
3,15550,1.0,1.0,False,trained_model_seed
3,15600,1.0,1.0,False,trained_model_seed
3,15650,1.0,1.0,False,trained_model_seed
3,15700,1.0,1.0,False,trained_model_seed
3,15750,1.0,0.9988812804222107,False,trained_model_seed
3,15800,1.0,0.9997762441635132,False,trained_model_seed
3,15850,1.0,1.0,False,trained_model_seed
3,15900,1.0,1.0,False,trained_model_seed
3,15950,1.0,0.9997762441635132,False,trained_model_seed
3,16000,1.0,0.9997762441635132,False,trained_model_seed
3,16050,1.0,0.9997762441635132,False,trained_model_seed
3,16100,1.0,0.9997762441635132,False,trained_model_seed
3,16150,1.0,0.9997762441635132,False,trained_model_seed
3,16200,1.0,0.9997762441635132,False,trained_model_seed
3,16250,1.0,0.9997762441635132,False,trained_model_seed
3,16300,1.0,0.9997762441635132,False,trained_model_seed
3,16350,1.0,0.9996643662452698,False,trained_model_seed
3,16400,1.0,0.9996643662452698,False,trained_model_seed
3,16450,1.0,0.9996643662452698,False,trained_model_seed
3,16500,1.0,0.9996643662452698,False,trained_model_seed
3,16550,1.0,0.9996643662452698,False,trained_model_seed
3,16600,1.0,0.9996643662452698,False,trained_model_seed
3,16650,1.0,0.9996643662452698,False,trained_model_seed
3,16700,1.0,0.9996643662452698,False,trained_model_seed
3,16750,1.0,0.9996643662452698,False,trained_model_seed
3,16800,1.0,0.9997762441635132,False,trained_model_seed
3,16850,1.0,0.9997762441635132,False,trained_model_seed
3,16900,1.0,0.9997762441635132,False,trained_model_seed
3,16950,0.9597911238670349,0.955811619758606,False,trained_model_seed
3,17000,1.0,0.9997762441635132,False,trained_model_seed
3,17050,1.0,1.0,False,trained_model_seed
3,17100,1.0,0.9997762441635132,False,trained_model_seed
3,17150,1.0,1.0,False,trained_model_seed
3,17200,1.0,1.0,False,trained_model_seed
3,17250,1.0,1.0,False,trained_model_seed
3,17300,1.0,1.0,False,trained_model_seed
3,17350,1.0,1.0,False,trained_model_seed
3,17400,1.0,1.0,False,trained_model_seed
3,17450,1.0,1.0,False,trained_model_seed
3,17500,1.0,1.0,False,trained_model_seed
3,17550,1.0,1.0,False,trained_model_seed
3,17600,1.0,1.0,False,trained_model_seed
3,17650,1.0,0.9998881220817566,False,trained_model_seed
3,17700,1.0,0.9997762441635132,False,trained_model_seed
3,17750,1.0,0.9997762441635132,False,trained_model_seed
3,17800,1.0,0.9997762441635132,False,trained_model_seed
3,17850,1.0,0.9997762441635132,False,trained_model_seed
3,17900,1.0,0.9997762441635132,False,trained_model_seed
3,17950,1.0,0.9997762441635132,False,trained_model_seed
3,18000,1.0,0.9997762441635132,False,trained_model_seed
3,18050,1.0,0.9997762441635132,False,trained_model_seed
3,18100,1.0,1.0,False,trained_model_seed
3,18150,1.0,1.0,False,trained_model_seed
3,18200,1.0,1.0,False,trained_model_seed
3,18250,0.9947780966758728,0.9887012243270874,False,trained_model_seed
3,18300,1.0,1.0,False,trained_model_seed
3,18350,1.0,1.0,False,trained_model_seed
3,18400,1.0,1.0,False,trained_model_seed
3,18450,1.0,1.0,False,trained_model_seed
3,18500,1.0,1.0,False,trained_model_seed
3,18550,1.0,1.0,False,trained_model_seed
3,18600,1.0,1.0,False,trained_model_seed
3,18650,1.0,1.0,False,trained_model_seed
3,18700,1.0,1.0,False,trained_model_seed
3,18750,1.0,1.0,False,trained_model_seed
3,18800,1.0,1.0,False,trained_model_seed
3,18850,1.0,1.0,False,trained_model_seed
3,18900,1.0,1.0,False,trained_model_seed
3,18950,1.0,1.0,False,trained_model_seed
3,19000,1.0,1.0,False,trained_model_seed
3,19050,1.0,1.0,False,trained_model_seed
3,19100,1.0,1.0,False,trained_model_seed
3,19150,1.0,1.0,False,trained_model_seed
3,19200,1.0,1.0,False,trained_model_seed
3,19250,1.0,1.0,False,trained_model_seed
3,19300,1.0,1.0,False,trained_model_seed
3,19350,1.0,1.0,False,trained_model_seed
3,19400,1.0,1.0,False,trained_model_seed
3,19450,1.0,1.0,False,trained_model_seed
3,19500,1.0,1.0,False,trained_model_seed
3,19550,1.0,1.0,False,trained_model_seed
3,19600,0.9955613613128662,0.9955252408981323,False,trained_model_seed
3,19650,1.0,1.0,False,trained_model_seed
3,19700,1.0,0.9998881220817566,False,trained_model_seed
3,19750,1.0,0.9998881220817566,False,trained_model_seed
3,19800,1.0,1.0,False,trained_model_seed
3,19850,1.0,1.0,False,trained_model_seed
3,19900,1.0,1.0,False,trained_model_seed
3,19950,1.0,1.0,False,trained_model_seed
3,20000,1.0,1.0,False,trained_model_seed
3,20050,1.0,1.0,False,trained_model_seed
3,20100,1.0,1.0,False,trained_model_seed
3,20150,1.0,1.0,False,trained_model_seed
3,20200,1.0,0.9997762441635132,False,trained_model_seed
3,20250,1.0,0.9997762441635132,False,trained_model_seed
3,20300,1.0,0.9997762441635132,False,trained_model_seed
3,20350,1.0,0.9997762441635132,False,trained_model_seed
3,20400,1.0,0.9997762441635132,False,trained_model_seed
3,20450,1.0,0.9997762441635132,False,trained_model_seed
3,20500,1.0,0.9997762441635132,False,trained_model_seed
3,20550,1.0,0.9997762441635132,False,trained_model_seed
3,20600,1.0,0.9997762441635132,False,trained_model_seed
3,20650,1.0,0.9997762441635132,False,trained_model_seed
3,20700,1.0,0.9997762441635132,False,trained_model_seed
3,20750,1.0,0.9997762441635132,False,trained_model_seed
3,20800,1.0,0.9997762441635132,False,trained_model_seed
3,20850,1.0,0.9997762441635132,False,trained_model_seed
3,20900,1.0,0.9995525479316711,False,trained_model_seed
3,20950,1.0,0.9996643662452698,False,trained_model_seed
3,21000,1.0,1.0,False,trained_model_seed
3,21050,1.0,1.0,False,trained_model_seed
3,21100,1.0,1.0,False,trained_model_seed
3,21150,1.0,1.0,False,trained_model_seed
3,21200,1.0,1.0,False,trained_model_seed
3,21250,1.0,1.0,False,trained_model_seed
3,21300,1.0,1.0,False,trained_model_seed
3,21350,1.0,1.0,False,trained_model_seed
3,21400,1.0,1.0,False,trained_model_seed
3,21450,1.0,1.0,False,trained_model_seed
3,21500,1.0,1.0,False,trained_model_seed
3,21550,1.0,1.0,False,trained_model_seed
3,21600,1.0,1.0,False,trained_model_seed
3,21650,1.0,1.0,False,trained_model_seed
3,21700,1.0,1.0,False,trained_model_seed
3,21750,1.0,1.0,False,trained_model_seed
3,21800,1.0,1.0,False,trained_model_seed
3,21850,1.0,1.0,False,trained_model_seed
3,21900,1.0,1.0,False,trained_model_seed
3,21950,1.0,1.0,False,trained_model_seed
3,22000,1.0,1.0,False,trained_model_seed
3,22050,0.9691905975341797,0.9587202072143555,False,trained_model_seed
3,22100,1.0,0.9996643662452698,False,trained_model_seed
3,22150,1.0,0.9997762441635132,False,trained_model_seed
3,22200,1.0,1.0,False,trained_model_seed
3,22250,1.0,1.0,False,trained_model_seed
3,22300,1.0,1.0,False,trained_model_seed
3,22350,1.0,1.0,False,trained_model_seed
3,22400,1.0,1.0,False,trained_model_seed
3,22450,1.0,1.0,False,trained_model_seed
3,22500,1.0,1.0,False,trained_model_seed
3,22550,1.0,1.0,False,trained_model_seed
3,22600,1.0,1.0,False,trained_model_seed
3,22650,1.0,0.9998881220817566,False,trained_model_seed
3,22700,1.0,0.9998881220817566,False,trained_model_seed
3,22750,1.0,0.9998881220817566,False,trained_model_seed
3,22800,1.0,0.9998881220817566,False,trained_model_seed
3,22850,1.0,1.0,False,trained_model_seed
3,22900,1.0,1.0,False,trained_model_seed
3,22950,1.0,1.0,False,trained_model_seed
3,23000,1.0,1.0,False,trained_model_seed
3,23050,1.0,0.9998881220817566,False,trained_model_seed
3,23100,1.0,0.9998881220817566,False,trained_model_seed
3,23150,1.0,0.9998881220817566,False,trained_model_seed
3,23200,1.0,0.9998881220817566,False,trained_model_seed
3,23250,1.0,0.9998881220817566,False,trained_model_seed
3,23300,1.0,0.9998881220817566,False,trained_model_seed
3,23350,1.0,0.9998881220817566,False,trained_model_seed
3,23400,1.0,0.9995525479316711,False,trained_model_seed
3,23450,1.0,0.9997762441635132,False,trained_model_seed
3,23500,1.0,0.9997762441635132,False,trained_model_seed
3,23550,1.0,0.9997762441635132,False,trained_model_seed
3,23600,1.0,0.9997762441635132,False,trained_model_seed
3,23650,1.0,0.9997762441635132,False,trained_model_seed
3,23700,1.0,0.9997762441635132,False,trained_model_seed
3,23750,1.0,0.9997762441635132,False,trained_model_seed
3,23800,1.0,0.9997762441635132,False,trained_model_seed
3,23850,1.0,0.9997762441635132,False,trained_model_seed
3,23900,1.0,0.9997762441635132,False,trained_model_seed
3,23950,1.0,0.9997762441635132,False,trained_model_seed
3,24000,1.0,0.9997762441635132,False,trained_model_seed
3,24050,1.0,0.9997762441635132,False,trained_model_seed
3,24100,1.0,0.9997762441635132,False,trained_model_seed
3,24150,1.0,0.9997762441635132,False,trained_model_seed
3,24200,1.0,0.9997762441635132,False,trained_model_seed
3,24250,1.0,0.9997762441635132,False,trained_model_seed
3,24300,1.0,0.9997762441635132,False,trained_model_seed
3,24350,1.0,0.9997762441635132,False,trained_model_seed
3,24400,1.0,0.9997762441635132,False,trained_model_seed
3,24450,1.0,0.9995525479316711,False,trained_model_seed
3,24500,1.0,0.9995525479316711,False,trained_model_seed
3,24550,1.0,0.9997762441635132,False,trained_model_seed
3,24600,0.9386423230171204,0.9348920583724976,False,trained_model_seed
3,24650,1.0,0.9992169141769409,False,trained_model_seed
3,24700,1.0,0.9997762441635132,False,trained_model_seed
3,24750,1.0,0.9997762441635132,False,trained_model_seed
3,24800,1.0,1.0,False,trained_model_seed
3,24850,1.0,0.9997762441635132,False,trained_model_seed
3,24900,1.0,0.9998881220817566,False,trained_model_seed
3,24950,1.0,0.9997762441635132,False,trained_model_seed
3,25000,1.0,0.9997762441635132,False,trained_model_seed
3,25050,1.0,0.9997762441635132,False,trained_model_seed
3,25100,1.0,0.9996643662452698,False,trained_model_seed
3,25150,1.0,0.9996643662452698,False,trained_model_seed
3,25200,1.0,0.9996643662452698,False,trained_model_seed
3,25250,1.0,0.9996643662452698,False,trained_model_seed
3,25300,1.0,0.9996643662452698,False,trained_model_seed
3,25350,1.0,0.9996643662452698,False,trained_model_seed
3,25400,1.0,0.9996643662452698,False,trained_model_seed
3,25450,1.0,0.9995525479316711,False,trained_model_seed
3,25500,1.0,0.9996643662452698,False,trained_model_seed
3,25550,1.0,0.9996643662452698,False,trained_model_seed
3,25600,1.0,0.9997762441635132,False,trained_model_seed
3,25650,1.0,0.9997762441635132,False,trained_model_seed
3,25700,1.0,0.9997762441635132,False,trained_model_seed
3,25750,1.0,0.9997762441635132,False,trained_model_seed
3,25800,1.0,0.9997762441635132,False,trained_model_seed
3,25850,1.0,0.9997762441635132,False,trained_model_seed
3,25900,1.0,0.9997762441635132,False,trained_model_seed
3,25950,1.0,0.997986376285553,False,trained_model_seed
3,26000,1.0,0.9996643662452698,False,trained_model_seed
3,26050,1.0,0.9997762441635132,False,trained_model_seed
3,26100,1.0,0.9997762441635132,False,trained_model_seed
3,26150,1.0,0.9997762441635132,False,trained_model_seed
3,26200,1.0,0.9997762441635132,False,trained_model_seed
3,26250,1.0,0.9997762441635132,False,trained_model_seed
3,26300,1.0,0.9996643662452698,False,trained_model_seed
3,26350,1.0,0.9995525479316711,False,trained_model_seed
3,26400,1.0,0.9995525479316711,False,trained_model_seed
3,26450,1.0,0.9995525479316711,False,trained_model_seed
3,26500,1.0,0.9995525479316711,False,trained_model_seed
3,26550,1.0,0.9995525479316711,False,trained_model_seed
3,26600,1.0,0.9995525479316711,False,trained_model_seed
3,26650,1.0,0.9995525479316711,False,trained_model_seed
3,26700,1.0,0.9996643662452698,False,trained_model_seed
3,26750,1.0,0.9997762441635132,False,trained_model_seed
3,26800,1.0,0.9997762441635132,False,trained_model_seed
3,26850,1.0,0.9997762441635132,False,trained_model_seed
3,26900,1.0,0.9997762441635132,False,trained_model_seed
3,26950,1.0,0.9997762441635132,False,trained_model_seed
3,27000,1.0,0.9997762441635132,False,trained_model_seed
3,27050,1.0,0.9997762441635132,False,trained_model_seed
3,27100,1.0,0.9997762441635132,False,trained_model_seed
3,27150,1.0,0.9997762441635132,False,trained_model_seed
3,27200,1.0,0.9997762441635132,False,trained_model_seed
3,27250,0.9770234823226929,0.9665510654449463,False,trained_model_seed
3,27300,1.0,0.9996643662452698,False,trained_model_seed
3,27350,1.0,0.9997762441635132,False,trained_model_seed
3,27400,1.0,0.9997762441635132,False,trained_model_seed
3,27450,1.0,0.9997762441635132,False,trained_model_seed
3,27500,1.0,0.9996643662452698,False,trained_model_seed
3,27550,1.0,0.9995525479316711,False,trained_model_seed
3,27600,1.0,0.9997762441635132,False,trained_model_seed
3,27650,1.0,0.9997762441635132,False,trained_model_seed
3,27700,1.0,0.9997762441635132,False,trained_model_seed
3,27750,1.0,0.9997762441635132,False,trained_model_seed
3,27800,1.0,0.9997762441635132,False,trained_model_seed
3,27850,1.0,0.9997762441635132,False,trained_model_seed
3,27900,1.0,0.9997762441635132,False,trained_model_seed
3,27950,1.0,0.9997762441635132,False,trained_model_seed
3,28000,1.0,0.9997762441635132,False,trained_model_seed
3,28050,1.0,0.9997762441635132,False,trained_model_seed
3,28100,1.0,0.9997762441635132,False,trained_model_seed
3,28150,1.0,0.9997762441635132,False,trained_model_seed
3,28200,1.0,0.9997762441635132,False,trained_model_seed
3,28250,1.0,0.9997762441635132,False,trained_model_seed
3,28300,1.0,0.9997762441635132,False,trained_model_seed
3,28350,1.0,0.9997762441635132,False,trained_model_seed
3,28400,1.0,0.9997762441635132,False,trained_model_seed
3,28450,1.0,0.9997762441635132,False,trained_model_seed
3,28500,1.0,0.9975388646125793,False,trained_model_seed
3,28550,1.0,0.9995525479316711,False,trained_model_seed
3,28600,1.0,0.9995525479316711,False,trained_model_seed
3,28650,1.0,0.9997762441635132,False,trained_model_seed
3,28700,1.0,0.9997762441635132,False,trained_model_seed
3,28750,1.0,0.9997762441635132,False,trained_model_seed
3,28800,1.0,0.9996643662452698,False,trained_model_seed
3,28850,1.0,0.9995525479316711,False,trained_model_seed
3,28900,1.0,0.9995525479316711,False,trained_model_seed
3,28950,1.0,0.9996643662452698,False,trained_model_seed
3,29000,1.0,0.9997762441635132,False,trained_model_seed
3,29050,1.0,0.9997762441635132,False,trained_model_seed
3,29100,1.0,0.9997762441635132,False,trained_model_seed
3,29150,1.0,0.9997762441635132,False,trained_model_seed
3,29200,1.0,0.9997762441635132,False,trained_model_seed
3,29250,1.0,0.9997762441635132,False,trained_model_seed
3,29300,1.0,0.9997762441635132,False,trained_model_seed
3,29350,1.0,0.9997762441635132,False,trained_model_seed
3,29400,1.0,0.9997762441635132,False,trained_model_seed
3,29450,1.0,0.9997762441635132,False,trained_model_seed
3,29500,1.0,0.9997762441635132,False,trained_model_seed
3,29550,1.0,0.9997762441635132,False,trained_model_seed
3,29600,1.0,0.9997762441635132,False,trained_model_seed
3,29650,1.0,0.9997762441635132,False,trained_model_seed
3,29700,1.0,1.0,False,trained_model_seed
3,29750,1.0,0.9997762441635132,False,trained_model_seed
3,29800,1.0,0.9992169141769409,False,trained_model_seed
3,29850,1.0,0.9997762441635132,False,trained_model_seed
3,29900,1.0,0.9997762441635132,False,trained_model_seed
3,29950,1.0,0.9997762441635132,False,trained_model_seed
3,30000,1.0,0.9997762441635132,False,trained_model_seed
3,30050,1.0,0.9997762441635132,False,trained_model_seed
3,30100,1.0,0.9996643662452698,False,trained_model_seed
3,30150,1.0,0.9996643662452698,False,trained_model_seed
3,30200,1.0,0.9996643662452698,False,trained_model_seed
3,30250,1.0,0.9997762441635132,False,trained_model_seed
3,30300,1.0,0.9997762441635132,False,trained_model_seed
3,30350,1.0,0.9997762441635132,False,trained_model_seed
3,30400,1.0,0.9997762441635132,False,trained_model_seed
3,30450,1.0,0.9997762441635132,False,trained_model_seed
3,30500,1.0,0.9997762441635132,False,trained_model_seed
3,30550,1.0,0.9997762441635132,False,trained_model_seed
3,30600,1.0,0.9997762441635132,False,trained_model_seed
3,30650,1.0,0.9997762441635132,False,trained_model_seed
3,30700,1.0,0.9997762441635132,False,trained_model_seed
3,30750,1.0,1.0,False,trained_model_seed
3,30800,1.0,1.0,False,trained_model_seed
3,30850,1.0,1.0,False,trained_model_seed
3,30900,1.0,0.9998881220817566,False,trained_model_seed
3,30950,1.0,0.9997762441635132,False,trained_model_seed
3,31000,1.0,0.9997762441635132,False,trained_model_seed
3,31050,1.0,0.997986376285553,False,trained_model_seed
3,31100,1.0,0.9997762441635132,False,trained_model_seed
3,31150,1.0,0.9997762441635132,False,trained_model_seed
3,31200,1.0,0.9997762441635132,False,trained_model_seed
3,31250,1.0,0.9997762441635132,False,trained_model_seed
3,31300,1.0,0.9997762441635132,False,trained_model_seed
3,31350,1.0,0.9998881220817566,False,trained_model_seed
3,31400,1.0,0.9997762441635132,False,trained_model_seed
3,31450,1.0,0.9997762441635132,False,trained_model_seed
3,31500,1.0,0.9997762441635132,False,trained_model_seed
3,31550,1.0,0.9997762441635132,False,trained_model_seed
3,31600,1.0,0.9997762441635132,False,trained_model_seed
3,31650,1.0,0.9997762441635132,False,trained_model_seed
3,31700,1.0,0.9997762441635132,False,trained_model_seed
3,31750,1.0,0.9997762441635132,False,trained_model_seed
3,31800,1.0,0.9997762441635132,False,trained_model_seed
3,31850,1.0,0.9997762441635132,False,trained_model_seed
3,31900,1.0,0.9997762441635132,False,trained_model_seed
3,31950,1.0,0.9997762441635132,False,trained_model_seed
3,32000,1.0,0.9997762441635132,False,trained_model_seed
3,32050,1.0,0.9997762441635132,False,trained_model_seed
3,32100,1.0,0.9997762441635132,False,trained_model_seed
3,32150,1.0,1.0,False,trained_model_seed
3,32200,1.0,0.9997762441635132,False,trained_model_seed
3,32250,0.9945169687271118,0.9903792142868042,False,trained_model_seed
3,32300,1.0,0.9996643662452698,False,trained_model_seed
3,32350,1.0,0.9997762441635132,False,trained_model_seed
3,32400,1.0,0.9997762441635132,False,trained_model_seed
3,32450,1.0,0.9997762441635132,False,trained_model_seed
3,32500,1.0,0.9998881220817566,False,trained_model_seed
3,32550,1.0,1.0,False,trained_model_seed
3,32600,1.0,0.9998881220817566,False,trained_model_seed
3,32650,1.0,0.9995525479316711,False,trained_model_seed
3,32700,1.0,0.9995525479316711,False,trained_model_seed
3,32750,1.0,0.9995525479316711,False,trained_model_seed
3,32800,1.0,0.9995525479316711,False,trained_model_seed
3,32850,1.0,0.9995525479316711,False,trained_model_seed
3,32900,1.0,0.9995525479316711,False,trained_model_seed
3,32950,1.0,0.9995525479316711,False,trained_model_seed
3,33000,1.0,0.9995525479316711,False,trained_model_seed
3,33050,1.0,0.9996643662452698,False,trained_model_seed
3,33100,1.0,0.9997762441635132,False,trained_model_seed
3,33150,1.0,0.9997762441635132,False,trained_model_seed
3,33200,1.0,0.9997762441635132,False,trained_model_seed
3,33250,1.0,0.9997762441635132,False,trained_model_seed
3,33300,1.0,0.9997762441635132,False,trained_model_seed
3,33350,1.0,0.9997762441635132,False,trained_model_seed
3,33400,1.0,0.9997762441635132,False,trained_model_seed
3,33450,1.0,0.9997762441635132,False,trained_model_seed
3,33500,1.0,0.9997762441635132,False,trained_model_seed
3,33550,1.0,0.9997762441635132,False,trained_model_seed
3,33600,0.9963446259498596,0.9931759834289551,False,trained_model_seed
3,33650,1.0,0.9995525479316711,False,trained_model_seed
3,33700,1.0,0.9995525479316711,False,trained_model_seed
3,33750,1.0,0.9997762441635132,False,trained_model_seed
3,33800,1.0,0.9997762441635132,False,trained_model_seed
3,33850,1.0,0.9997762441635132,False,trained_model_seed
3,33900,1.0,0.9995525479316711,False,trained_model_seed
3,33950,1.0,0.9995525479316711,False,trained_model_seed
3,34000,1.0,0.9995525479316711,False,trained_model_seed
3,34050,1.0,0.9995525479316711,False,trained_model_seed
3,34100,1.0,0.9995525479316711,False,trained_model_seed
3,34150,1.0,0.9995525479316711,False,trained_model_seed
3,34200,1.0,0.9995525479316711,False,trained_model_seed
3,34250,1.0,0.9995525479316711,False,trained_model_seed
3,34300,1.0,0.9995525479316711,False,trained_model_seed
3,34350,1.0,0.9995525479316711,False,trained_model_seed
3,34400,1.0,0.9995525479316711,False,trained_model_seed
3,34450,1.0,0.9994406700134277,False,trained_model_seed
3,34500,1.0,0.9993287920951843,False,trained_model_seed
3,34550,1.0,0.9994406700134277,False,trained_model_seed
3,34600,1.0,0.9995525479316711,False,trained_model_seed
3,34650,1.0,0.9997762441635132,False,trained_model_seed
3,34700,1.0,0.9995525479316711,False,trained_model_seed
3,34750,1.0,0.9997762441635132,False,trained_model_seed
3,34800,1.0,0.9997762441635132,False,trained_model_seed
3,34850,0.9859007596969604,0.972815752029419,False,trained_model_seed
3,34900,1.0,0.9993287920951843,False,trained_model_seed
3,34950,1.0,0.9997762441635132,False,trained_model_seed
3,35000,1.0,0.9997762441635132,False,trained_model_seed
3,35050,1.0,0.9997762441635132,False,trained_model_seed
3,35100,1.0,0.9997762441635132,False,trained_model_seed
3,35150,1.0,0.9997762441635132,False,trained_model_seed
3,35200,1.0,0.9997762441635132,False,trained_model_seed
3,35250,1.0,0.9997762441635132,False,trained_model_seed
3,35300,1.0,0.9997762441635132,False,trained_model_seed
3,35350,1.0,0.9995525479316711,False,trained_model_seed
3,35400,1.0,0.9995525479316711,False,trained_model_seed
3,35450,1.0,0.9995525479316711,False,trained_model_seed
3,35500,1.0,0.9995525479316711,False,trained_model_seed
3,35550,1.0,0.9995525479316711,False,trained_model_seed
3,35600,1.0,0.9995525479316711,False,trained_model_seed
3,35650,1.0,0.9995525479316711,False,trained_model_seed
3,35700,1.0,0.9995525479316711,False,trained_model_seed
3,35750,1.0,0.9995525479316711,False,trained_model_seed
3,35800,1.0,0.9995525479316711,False,trained_model_seed
3,35850,1.0,0.9995525479316711,False,trained_model_seed
3,35900,1.0,0.9995525479316711,False,trained_model_seed
3,35950,1.0,0.9995525479316711,False,trained_model_seed
3,36000,1.0,0.9995525479316711,False,trained_model_seed
3,36050,1.0,0.9995525479316711,False,trained_model_seed
3,36100,1.0,0.9994406700134277,False,trained_model_seed
3,36150,1.0,0.9995525479316711,False,trained_model_seed
3,36200,1.0,0.9988812804222107,False,trained_model_seed
3,36250,1.0,0.9987694621086121,False,trained_model_seed
3,36300,1.0,0.9994406700134277,False,trained_model_seed
3,36350,1.0,0.9995525479316711,False,trained_model_seed
3,36400,1.0,0.9995525479316711,False,trained_model_seed
3,36450,1.0,0.9995525479316711,False,trained_model_seed
3,36500,1.0,0.9995525479316711,False,trained_model_seed
3,36550,1.0,0.9995525479316711,False,trained_model_seed
3,36600,1.0,0.9995525479316711,False,trained_model_seed
3,36650,1.0,0.9995525479316711,False,trained_model_seed
3,36700,1.0,0.9995525479316711,False,trained_model_seed
3,36750,1.0,0.9995525479316711,False,trained_model_seed
3,36800,1.0,0.9995525479316711,False,trained_model_seed
3,36850,1.0,0.9995525479316711,False,trained_model_seed
3,36900,1.0,0.9995525479316711,False,trained_model_seed
3,36950,1.0,0.9995525479316711,False,trained_model_seed
3,37000,1.0,0.9995525479316711,False,trained_model_seed
3,37050,1.0,0.9995525479316711,False,trained_model_seed
3,37100,1.0,0.9995525479316711,False,trained_model_seed
3,37150,1.0,0.9995525479316711,False,trained_model_seed
3,37200,1.0,0.9995525479316711,False,trained_model_seed
3,37250,1.0,0.9995525479316711,False,trained_model_seed
3,37300,1.0,0.9995525479316711,False,trained_model_seed
3,37350,1.0,0.9995525479316711,False,trained_model_seed
3,37400,1.0,0.9995525479316711,False,trained_model_seed
3,37450,1.0,0.9997762441635132,False,trained_model_seed
3,37500,1.0,0.997986376285553,False,trained_model_seed
3,37550,1.0,0.9993287920951843,False,trained_model_seed
3,37600,1.0,0.9995525479316711,False,trained_model_seed
3,37650,1.0,0.9997762441635132,False,trained_model_seed
3,37700,1.0,0.9995525479316711,False,trained_model_seed
3,37750,1.0,0.9995525479316711,False,trained_model_seed
3,37800,1.0,0.9995525479316711,False,trained_model_seed
3,37850,1.0,0.9995525479316711,False,trained_model_seed
3,37900,1.0,0.9995525479316711,False,trained_model_seed
3,37950,1.0,0.9995525479316711,False,trained_model_seed
3,38000,1.0,0.9995525479316711,False,trained_model_seed
3,38050,1.0,0.9995525479316711,False,trained_model_seed
3,38100,1.0,0.9995525479316711,False,trained_model_seed
3,38150,1.0,0.9994406700134277,False,trained_model_seed
3,38200,1.0,0.9994406700134277,False,trained_model_seed
3,38250,1.0,0.9994406700134277,False,trained_model_seed
3,38300,1.0,0.9993287920951843,False,trained_model_seed
3,38350,1.0,0.9993287920951843,False,trained_model_seed
3,38400,1.0,0.9993287920951843,False,trained_model_seed
3,38450,1.0,0.9993287920951843,False,trained_model_seed
3,38500,1.0,0.9993287920951843,False,trained_model_seed
3,38550,1.0,0.9993287920951843,False,trained_model_seed
3,38600,1.0,0.9994406700134277,False,trained_model_seed
3,38650,1.0,0.9995525479316711,False,trained_model_seed
3,38700,1.0,0.9995525479316711,False,trained_model_seed
3,38750,1.0,0.9995525479316711,False,trained_model_seed
3,38800,1.0,0.9997762441635132,False,trained_model_seed
3,38850,0.9994778037071228,0.998210072517395,False,trained_model_seed
3,38900,1.0,0.9992169141769409,False,trained_model_seed
3,38950,1.0,0.9997762441635132,False,trained_model_seed
3,39000,1.0,0.9997762441635132,False,trained_model_seed
3,39050,1.0,0.9997762441635132,False,trained_model_seed
3,39100,1.0,0.9995525479316711,False,trained_model_seed
3,39150,1.0,0.9995525479316711,False,trained_model_seed
3,39200,1.0,0.9995525479316711,False,trained_model_seed
3,39250,1.0,0.9995525479316711,False,trained_model_seed
3,39300,1.0,0.9995525479316711,False,trained_model_seed
3,39350,1.0,0.9995525479316711,False,trained_model_seed
3,39400,1.0,0.9995525479316711,False,trained_model_seed
3,39450,1.0,0.9995525479316711,False,trained_model_seed
3,39500,1.0,0.9995525479316711,False,trained_model_seed
3,39550,1.0,0.9995525479316711,False,trained_model_seed
3,39600,1.0,0.9994406700134277,False,trained_model_seed
3,39650,1.0,0.9994406700134277,False,trained_model_seed
3,39700,1.0,0.9993287920951843,False,trained_model_seed
3,39750,1.0,0.9993287920951843,False,trained_model_seed
3,39800,1.0,0.9993287920951843,False,trained_model_seed
3,39850,1.0,0.9994406700134277,False,trained_model_seed
3,39900,1.0,0.9995525479316711,False,trained_model_seed
3,39950,1.0,0.9995525479316711,False,trained_model_seed
3,40000,1.0,0.9995525479316711,False,trained_model_seed
4,0,0.008355091325938702,0.0092851547524333,False,trained_model_seed
4,50,0.0728459507226944,0.003020472126081586,False,trained_model_seed
4,100,0.30757179856300354,0.004362904001027346,False,trained_model_seed
4,150,0.9535248279571533,0.011522541753947735,False,trained_model_seed
4,200,1.0,0.014207405969500542,True,trained_model_seed
4,250,1.0,0.015214229933917522,False,trained_model_seed
4,300,1.0,0.017004139721393585,False,trained_model_seed
4,350,1.0,0.018458440899848938,False,trained_model_seed
4,400,1.0,0.018234701827168465,False,trained_model_seed
4,450,1.0,0.019017787650227547,False,trained_model_seed
4,500,1.0,0.019689003005623817,False,trained_model_seed
4,550,1.0,0.020919565111398697,False,trained_model_seed
4,600,1.0,0.022261997684836388,False,trained_model_seed
4,650,1.0,0.0223738681524992,False,trained_model_seed
4,700,1.0,0.022821344435214996,False,trained_model_seed
4,750,1.0,0.023940037935972214,False,trained_model_seed
4,800,1.0,0.02427564561367035,False,trained_model_seed
4,850,1.0,0.024834992364048958,False,trained_model_seed
4,900,1.0,0.026513032615184784,False,trained_model_seed
4,950,1.0,0.027296118438243866,False,trained_model_seed
4,1000,1.0,0.02819107286632061,False,trained_model_seed
4,1050,1.0,0.029086027294397354,False,trained_model_seed
4,1100,1.0,0.029869113117456436,False,trained_model_seed
4,1150,1.0,0.030652198940515518,False,trained_model_seed
4,1200,1.0,0.0314352847635746,False,trained_model_seed
4,1250,1.0,0.03199462965130806,False,trained_model_seed
4,1300,1.0,0.03210650011897087,False,trained_model_seed
4,1350,1.0,0.03311332315206528,False,trained_model_seed
4,1400,1.0,0.03479136526584625,False,trained_model_seed
4,1450,1.0,0.0352388396859169,False,trained_model_seed
4,1500,1.0,0.03535071015357971,False,trained_model_seed
4,1550,1.0,0.03658127412199974,False,trained_model_seed
4,1600,1.0,0.03669314086437225,False,trained_model_seed
4,1650,1.0,0.03769996762275696,False,trained_model_seed
4,1700,1.0,0.03602192550897598,False,trained_model_seed
4,1750,1.0,0.03702875226736069,False,trained_model_seed
4,1800,1.0,0.03848305344581604,False,trained_model_seed
4,1850,1.0,0.0409441776573658,False,trained_model_seed
4,1900,1.0,0.04116791486740112,False,trained_model_seed
4,1950,1.0,0.042622216045856476,False,trained_model_seed
4,2000,1.0,0.04430025815963745,False,trained_model_seed
4,2050,1.0,0.04508334398269653,False,trained_model_seed
4,2100,1.0,0.046537645161151886,False,trained_model_seed
4,2150,1.0,0.047768205404281616,False,trained_model_seed
4,2200,1.0,0.04810381308197975,False,trained_model_seed
4,2250,1.0,0.049110639840364456,False,trained_model_seed
4,2300,1.0,0.04989372566342354,False,trained_model_seed
4,2350,1.0,0.05201924219727516,False,trained_model_seed
4,2400,1.0,0.052802328020334244,False,trained_model_seed
4,2450,1.0,0.053473543375730515,False,trained_model_seed
4,2500,1.0,0.05470410734415054,False,trained_model_seed
4,2550,1.0,0.05694149062037468,False,trained_model_seed
4,2600,1.0,0.0580601841211319,False,trained_model_seed
4,2650,1.0,0.05951448529958725,False,trained_model_seed
4,2700,1.0,0.061304397881031036,False,trained_model_seed
4,2750,1.0,0.0571652315557003,False,trained_model_seed
4,2800,1.0,0.0609687902033329,False,trained_model_seed
4,2850,1.0,0.06253495812416077,False,trained_model_seed
4,2900,1.0,0.06365365535020828,False,trained_model_seed
4,2950,1.0,0.0657791718840599,False,trained_model_seed
4,3000,1.0,0.0685759037733078,False,trained_model_seed
4,3050,1.0,0.07092516124248505,False,trained_model_seed
4,3100,1.0,0.07193198055028915,False,trained_model_seed
4,3150,1.0,0.07405750453472137,False,trained_model_seed
4,3200,1.0,0.07730171084403992,False,trained_model_seed
4,3250,1.0,0.07987470924854279,False,trained_model_seed
4,3300,1.0,0.08345452696084976,False,trained_model_seed
4,3350,1.0,0.08725808560848236,False,trained_model_seed
4,3400,1.0,0.08915986120700836,True,trained_model_seed
4,3450,1.0,0.09273967891931534,False,trained_model_seed
4,3500,1.0,0.09598389267921448,False,trained_model_seed
4,3550,1.0,0.09956371039152145,False,trained_model_seed
4,3600,1.0,0.10403848439455032,False,trained_model_seed
4,3650,1.0,0.10784204304218292,False,trained_model_seed
4,3700,1.0,0.11254055052995682,False,trained_model_seed
4,3750,1.0,0.11891710758209229,False,trained_model_seed
4,3800,1.0,0.12316814064979553,False,trained_model_seed
4,3850,1.0,0.12920908629894257,False,trained_model_seed
4,3900,1.0,0.13446694612503052,False,trained_model_seed
4,3950,1.0,0.1389417201280594,False,trained_model_seed
4,4000,1.0,0.14308087527751923,False,trained_model_seed
4,4050,1.0,0.14397583901882172,False,trained_model_seed
4,4100,1.0,0.14554201066493988,False,trained_model_seed
4,4150,1.0,0.1505761295557022,False,trained_model_seed
4,4200,1.0,0.15348473191261292,False,trained_model_seed
4,4250,1.0,0.15986128151416779,False,trained_model_seed
4,4300,1.0,0.17093634605407715,False,trained_model_seed
4,4350,1.0,0.1820114105939865,False,trained_model_seed
4,4400,1.0,0.1906253546476364,False,trained_model_seed
4,4450,1.0,0.20069359242916107,False,trained_model_seed
4,4500,1.0,0.21378229558467865,False,trained_model_seed
4,4550,1.0,0.22687101364135742,False,trained_model_seed
4,4600,1.0,0.2390647679567337,False,trained_model_seed
4,4650,1.0,0.25461462140083313,False,trained_model_seed
4,4700,1.0,0.27206623554229736,False,trained_model_seed
4,4750,1.0,0.29175522923469543,False,trained_model_seed
4,4800,1.0,0.3116679787635803,False,trained_model_seed
4,4850,1.0,0.3360554873943329,False,trained_model_seed
4,4900,1.0,0.3607785999774933,False,trained_model_seed
4,4950,1.0,0.3895290195941925,False,trained_model_seed
4,5000,1.0,0.41760823130607605,False,trained_model_seed
4,5050,1.0,0.45116904377937317,False,trained_model_seed
4,5100,1.0,0.4810381531715393,False,trained_model_seed
4,5150,1.0,0.5118021965026855,False,trained_model_seed
4,5200,1.0,0.5357422232627869,False,trained_model_seed
4,5250,1.0,0.5585635900497437,False,trained_model_seed
4,5300,0.9872062802314758,0.48786216974258423,False,trained_model_seed
4,5350,1.0,0.5808255672454834,False,trained_model_seed
4,5400,1.0,0.6015214323997498,False,trained_model_seed
4,5450,1.0,0.6164000630378723,False,trained_model_seed
4,5500,1.0,0.6455979347229004,False,trained_model_seed
4,5550,1.0,0.6857590079307556,False,trained_model_seed
4,5600,1.0,0.7239064574241638,False,trained_model_seed
4,5650,1.0,0.7579147815704346,False,trained_model_seed
4,5700,1.0,0.7912518382072449,False,trained_model_seed
4,5750,1.0,0.8181004524230957,False,trained_model_seed
4,5800,1.0,0.8406980633735657,False,trained_model_seed
4,5850,1.0,0.8617295026779175,False,trained_model_seed
4,5900,1.0,0.8795167207717896,False,trained_model_seed
4,5950,1.0,0.8962970972061157,False,trained_model_seed
4,6000,1.0,0.911846935749054,False,trained_model_seed
4,6050,1.0,0.9251593947410583,False,trained_model_seed
4,6100,1.0,0.9380244016647339,False,trained_model_seed
4,6150,1.0,0.9496588110923767,False,trained_model_seed
4,6200,1.0,0.959615170955658,False,trained_model_seed
4,6250,1.0,0.9686765670776367,False,trained_model_seed
4,6300,1.0,0.9757243394851685,False,trained_model_seed
4,6350,1.0,0.9828839898109436,False,trained_model_seed
4,6400,1.0,0.9873587489128113,False,trained_model_seed
4,6450,1.0,0.9907148480415344,False,trained_model_seed
4,6500,1.0,0.9938471913337708,False,trained_model_seed
4,6550,1.0,0.9950777292251587,False,trained_model_seed
4,6600,0.990078330039978,0.9524555206298828,False,trained_model_seed
4,6650,1.0,0.990602970123291,False,trained_model_seed
4,6700,1.0,0.9963083267211914,False,trained_model_seed
4,6750,1.0,0.9977626204490662,False,trained_model_seed
4,6800,1.0,0.9983219504356384,False,trained_model_seed
4,6850,1.0,0.9987694621086121,False,trained_model_seed
4,6900,1.0,0.9991050362586975,False,trained_model_seed
4,6950,1.0,0.9995525479316711,False,trained_model_seed
4,7000,1.0,0.9997762441635132,False,trained_model_seed
4,7050,1.0,0.9997762441635132,False,trained_model_seed
4,7100,1.0,0.9998881220817566,False,trained_model_seed
4,7150,1.0,0.9998881220817566,False,trained_model_seed
4,7200,1.0,1.0,False,trained_model_seed
4,7250,1.0,1.0,False,trained_model_seed
4,7300,1.0,1.0,False,trained_model_seed
4,7350,1.0,1.0,False,trained_model_seed
4,7400,1.0,1.0,False,trained_model_seed
4,7450,1.0,1.0,True,trained_model_seed
4,7500,1.0,1.0,False,trained_model_seed
4,7550,1.0,1.0,False,trained_model_seed
4,7600,1.0,1.0,False,trained_model_seed
4,7650,1.0,1.0,False,trained_model_seed
4,7700,1.0,1.0,False,trained_model_seed
4,7750,1.0,1.0,False,trained_model_seed
4,7800,0.9997389316558838,0.9968676567077637,False,trained_model_seed
4,7850,1.0,1.0,False,trained_model_seed
4,7900,1.0,1.0,False,trained_model_seed
4,7950,1.0,1.0,False,trained_model_seed
4,8000,1.0,1.0,False,trained_model_seed
4,8050,1.0,1.0,False,trained_model_seed
4,8100,1.0,1.0,False,trained_model_seed
4,8150,1.0,1.0,True,trained_model_seed
4,8200,1.0,1.0,False,trained_model_seed
4,8250,1.0,1.0,False,trained_model_seed
4,8300,1.0,1.0,False,trained_model_seed
4,8350,1.0,1.0,False,trained_model_seed
4,8400,1.0,1.0,False,trained_model_seed
4,8450,1.0,1.0,False,trained_model_seed
4,8500,1.0,1.0,True,trained_model_seed
4,8550,1.0,1.0,False,trained_model_seed
4,8600,1.0,1.0,False,trained_model_seed
4,8650,1.0,1.0,True,trained_model_seed
4,8700,1.0,1.0,False,trained_model_seed
4,8750,1.0,1.0,False,trained_model_seed
4,8800,1.0,1.0,False,trained_model_seed
4,8850,1.0,1.0,False,trained_model_seed
4,8900,1.0,1.0,False,trained_model_seed
4,8950,1.0,1.0,False,trained_model_seed
4,9000,1.0,1.0,False,trained_model_seed
4,9050,1.0,1.0,True,trained_model_seed
4,9100,1.0,0.9996643662452698,False,trained_model_seed
4,9150,1.0,1.0,False,trained_model_seed
4,9200,1.0,1.0,False,trained_model_seed
4,9250,1.0,1.0,False,trained_model_seed
4,9300,1.0,1.0,False,trained_model_seed
4,9350,1.0,1.0,False,trained_model_seed
4,9400,1.0,1.0,False,trained_model_seed
4,9450,1.0,1.0,False,trained_model_seed
4,9500,1.0,1.0,False,trained_model_seed
4,9550,1.0,1.0,False,trained_model_seed
4,9600,1.0,1.0,False,trained_model_seed
4,9650,1.0,1.0,False,trained_model_seed
4,9700,1.0,1.0,False,trained_model_seed
4,9750,1.0,1.0,False,trained_model_seed
4,9800,1.0,1.0,False,trained_model_seed
4,9850,1.0,1.0,False,trained_model_seed
4,9900,1.0,1.0,False,trained_model_seed
4,9950,1.0,1.0,False,trained_model_seed
4,10000,1.0,1.0,False,trained_model_seed
4,10050,1.0,1.0,False,trained_model_seed
4,10100,1.0,1.0,False,trained_model_seed
4,10150,1.0,1.0,False,trained_model_seed
4,10200,1.0,1.0,False,trained_model_seed
4,10250,1.0,1.0,False,trained_model_seed
4,10300,1.0,1.0,False,trained_model_seed
4,10350,1.0,1.0,False,trained_model_seed
4,10400,0.9997389316558838,0.9983219504356384,False,trained_model_seed
4,10450,1.0,1.0,False,trained_model_seed
4,10500,1.0,1.0,False,trained_model_seed
4,10550,1.0,1.0,False,trained_model_seed
4,10600,1.0,1.0,False,trained_model_seed
4,10650,1.0,1.0,False,trained_model_seed
4,10700,1.0,1.0,False,trained_model_seed
4,10750,1.0,1.0,False,trained_model_seed
4,10800,1.0,1.0,False,trained_model_seed
4,10850,1.0,1.0,False,trained_model_seed
4,10900,1.0,1.0,False,trained_model_seed
4,10950,1.0,1.0,False,trained_model_seed
4,11000,1.0,1.0,False,trained_model_seed
4,11050,1.0,1.0,False,trained_model_seed
4,11100,1.0,1.0,False,trained_model_seed
4,11150,1.0,1.0,False,trained_model_seed
4,11200,1.0,1.0,False,trained_model_seed
4,11250,1.0,1.0,False,trained_model_seed
4,11300,1.0,1.0,False,trained_model_seed
4,11350,1.0,1.0,False,trained_model_seed
4,11400,1.0,1.0,False,trained_model_seed
4,11450,1.0,1.0,False,trained_model_seed
4,11500,1.0,1.0,False,trained_model_seed
4,11550,1.0,1.0,False,trained_model_seed
4,11600,0.997389018535614,0.9950777292251587,False,trained_model_seed
4,11650,1.0,1.0,False,trained_model_seed
4,11700,1.0,1.0,False,trained_model_seed
4,11750,1.0,1.0,False,trained_model_seed
4,11800,1.0,1.0,False,trained_model_seed
4,11850,1.0,1.0,False,trained_model_seed
4,11900,1.0,1.0,False,trained_model_seed
4,11950,1.0,1.0,False,trained_model_seed
4,12000,1.0,1.0,False,trained_model_seed
4,12050,1.0,1.0,False,trained_model_seed
4,12100,1.0,1.0,False,trained_model_seed
4,12150,1.0,1.0,False,trained_model_seed
4,12200,1.0,1.0,False,trained_model_seed
4,12250,1.0,1.0,False,trained_model_seed
4,12300,1.0,1.0,False,trained_model_seed
4,12350,1.0,1.0,False,trained_model_seed
4,12400,1.0,1.0,False,trained_model_seed
4,12450,1.0,1.0,False,trained_model_seed
4,12500,1.0,1.0,False,trained_model_seed
4,12550,1.0,1.0,False,trained_model_seed
4,12600,1.0,1.0,False,trained_model_seed
4,12650,1.0,1.0,False,trained_model_seed
4,12700,1.0,1.0,False,trained_model_seed
4,12750,0.9929503798484802,0.9872468709945679,False,trained_model_seed
4,12800,1.0,1.0,False,trained_model_seed
4,12850,1.0,1.0,False,trained_model_seed
4,12900,1.0,1.0,False,trained_model_seed
4,12950,1.0,1.0,False,trained_model_seed
4,13000,1.0,1.0,False,trained_model_seed
4,13050,1.0,1.0,False,trained_model_seed
4,13100,1.0,1.0,False,trained_model_seed
4,13150,1.0,1.0,False,trained_model_seed
4,13200,1.0,1.0,False,trained_model_seed
4,13250,1.0,1.0,False,trained_model_seed
4,13300,1.0,1.0,False,trained_model_seed
4,13350,1.0,1.0,False,trained_model_seed
4,13400,1.0,1.0,False,trained_model_seed
4,13450,1.0,1.0,False,trained_model_seed
4,13500,1.0,1.0,False,trained_model_seed
4,13550,1.0,1.0,False,trained_model_seed
4,13600,1.0,1.0,False,trained_model_seed
4,13650,1.0,1.0,False,trained_model_seed
4,13700,1.0,1.0,False,trained_model_seed
4,13750,1.0,1.0,False,trained_model_seed
4,13800,1.0,1.0,False,trained_model_seed
4,13850,1.0,1.0,False,trained_model_seed
4,13900,1.0,1.0,False,trained_model_seed
4,13950,1.0,0.9996643662452698,False,trained_model_seed
4,14000,1.0,1.0,False,trained_model_seed
4,14050,1.0,1.0,False,trained_model_seed
4,14100,1.0,1.0,False,trained_model_seed
4,14150,1.0,1.0,False,trained_model_seed
4,14200,1.0,1.0,False,trained_model_seed
4,14250,1.0,1.0,False,trained_model_seed
4,14300,1.0,1.0,False,trained_model_seed
4,14350,1.0,1.0,False,trained_model_seed
4,14400,1.0,1.0,False,trained_model_seed
4,14450,1.0,1.0,False,trained_model_seed
4,14500,1.0,1.0,False,trained_model_seed
4,14550,1.0,1.0,False,trained_model_seed
4,14600,1.0,1.0,False,trained_model_seed
4,14650,1.0,1.0,False,trained_model_seed
4,14700,1.0,1.0,False,trained_model_seed
4,14750,1.0,1.0,False,trained_model_seed
4,14800,1.0,1.0,False,trained_model_seed
4,14850,1.0,1.0,False,trained_model_seed
4,14900,1.0,1.0,False,trained_model_seed
4,14950,1.0,1.0,False,trained_model_seed
4,15000,1.0,1.0,False,trained_model_seed
4,15050,1.0,1.0,False,trained_model_seed
4,15100,1.0,1.0,False,trained_model_seed
4,15150,1.0,1.0,False,trained_model_seed
4,15200,1.0,1.0,False,trained_model_seed
4,15250,1.0,0.9977626204490662,False,trained_model_seed
4,15300,1.0,1.0,False,trained_model_seed
4,15350,1.0,1.0,False,trained_model_seed
4,15400,1.0,1.0,False,trained_model_seed
4,15450,1.0,1.0,False,trained_model_seed
4,15500,1.0,1.0,False,trained_model_seed
4,15550,1.0,1.0,False,trained_model_seed
4,15600,1.0,1.0,False,trained_model_seed
4,15650,1.0,1.0,False,trained_model_seed
4,15700,1.0,1.0,False,trained_model_seed
4,15750,1.0,1.0,False,trained_model_seed
4,15800,1.0,1.0,False,trained_model_seed
4,15850,1.0,1.0,False,trained_model_seed
4,15900,1.0,1.0,False,trained_model_seed
4,15950,1.0,1.0,False,trained_model_seed
4,16000,1.0,1.0,False,trained_model_seed
4,16050,1.0,1.0,False,trained_model_seed
4,16100,1.0,1.0,False,trained_model_seed
4,16150,1.0,1.0,False,trained_model_seed
4,16200,1.0,1.0,False,trained_model_seed
4,16250,1.0,1.0,False,trained_model_seed
4,16300,1.0,1.0,False,trained_model_seed
4,16350,1.0,1.0,False,trained_model_seed
4,16400,1.0,1.0,False,trained_model_seed
4,16450,1.0,1.0,False,trained_model_seed
4,16500,1.0,1.0,False,trained_model_seed
4,16550,1.0,1.0,False,trained_model_seed
4,16600,1.0,1.0,False,trained_model_seed
4,16650,1.0,1.0,False,trained_model_seed
4,16700,1.0,1.0,False,trained_model_seed
4,16750,1.0,1.0,False,trained_model_seed
4,16800,1.0,1.0,False,trained_model_seed
4,16850,1.0,1.0,False,trained_model_seed
4,16900,1.0,1.0,False,trained_model_seed
4,16950,1.0,1.0,False,trained_model_seed
4,17000,1.0,1.0,False,trained_model_seed
4,17050,1.0,1.0,False,trained_model_seed
4,17100,1.0,1.0,False,trained_model_seed
4,17150,1.0,1.0,False,trained_model_seed
4,17200,1.0,1.0,False,trained_model_seed
4,17250,1.0,1.0,False,trained_model_seed
4,17300,1.0,1.0,False,trained_model_seed
4,17350,1.0,1.0,False,trained_model_seed
4,17400,1.0,1.0,False,trained_model_seed
4,17450,1.0,1.0,False,trained_model_seed
4,17500,1.0,1.0,False,trained_model_seed
4,17550,1.0,1.0,False,trained_model_seed
4,17600,1.0,1.0,False,trained_model_seed
4,17650,1.0,1.0,False,trained_model_seed
4,17700,1.0,0.9991050362586975,False,trained_model_seed
4,17750,1.0,0.9998881220817566,False,trained_model_seed
4,17800,1.0,1.0,False,trained_model_seed
4,17850,1.0,1.0,False,trained_model_seed
4,17900,1.0,1.0,False,trained_model_seed
4,17950,1.0,1.0,False,trained_model_seed
4,18000,1.0,1.0,False,trained_model_seed
4,18050,1.0,1.0,False,trained_model_seed
4,18100,1.0,1.0,False,trained_model_seed
4,18150,1.0,1.0,False,trained_model_seed
4,18200,1.0,1.0,False,trained_model_seed
4,18250,1.0,1.0,False,trained_model_seed
4,18300,1.0,1.0,False,trained_model_seed
4,18350,1.0,1.0,False,trained_model_seed
4,18400,1.0,1.0,False,trained_model_seed
4,18450,1.0,1.0,False,trained_model_seed
4,18500,1.0,1.0,False,trained_model_seed
4,18550,1.0,1.0,False,trained_model_seed
4,18600,1.0,1.0,False,trained_model_seed
4,18650,1.0,1.0,False,trained_model_seed
4,18700,1.0,1.0,False,trained_model_seed
4,18750,1.0,1.0,False,trained_model_seed
4,18800,1.0,1.0,False,trained_model_seed
4,18850,1.0,1.0,False,trained_model_seed
4,18900,1.0,1.0,False,trained_model_seed
4,18950,0.9793733954429626,0.9705783724784851,False,trained_model_seed
4,19000,1.0,1.0,False,trained_model_seed
4,19050,1.0,1.0,False,trained_model_seed
4,19100,1.0,1.0,False,trained_model_seed
4,19150,1.0,1.0,False,trained_model_seed
4,19200,1.0,1.0,False,trained_model_seed
4,19250,1.0,1.0,False,trained_model_seed
4,19300,1.0,1.0,False,trained_model_seed
4,19350,1.0,1.0,False,trained_model_seed
4,19400,1.0,1.0,False,trained_model_seed
4,19450,1.0,1.0,False,trained_model_seed
4,19500,1.0,1.0,False,trained_model_seed
4,19550,1.0,1.0,False,trained_model_seed
4,19600,1.0,1.0,False,trained_model_seed
4,19650,1.0,1.0,False,trained_model_seed
4,19700,1.0,1.0,False,trained_model_seed
4,19750,1.0,1.0,False,trained_model_seed
4,19800,1.0,1.0,False,trained_model_seed
4,19850,1.0,1.0,False,trained_model_seed
4,19900,1.0,1.0,False,trained_model_seed
4,19950,1.0,1.0,False,trained_model_seed
4,20000,1.0,1.0,False,trained_model_seed
4,20050,1.0,1.0,False,trained_model_seed
4,20100,1.0,1.0,False,trained_model_seed
4,20150,1.0,1.0,False,trained_model_seed
4,20200,1.0,1.0,False,trained_model_seed
4,20250,1.0,0.9993287920951843,False,trained_model_seed
4,20300,1.0,1.0,False,trained_model_seed
4,20350,1.0,1.0,False,trained_model_seed
4,20400,1.0,1.0,False,trained_model_seed
4,20450,1.0,1.0,False,trained_model_seed
4,20500,1.0,1.0,False,trained_model_seed
4,20550,1.0,1.0,False,trained_model_seed
4,20600,1.0,1.0,False,trained_model_seed
4,20650,1.0,1.0,False,trained_model_seed
4,20700,1.0,1.0,False,trained_model_seed
4,20750,1.0,1.0,False,trained_model_seed
4,20800,1.0,1.0,False,trained_model_seed
4,20850,1.0,1.0,False,trained_model_seed
4,20900,1.0,1.0,False,trained_model_seed
4,20950,1.0,1.0,False,trained_model_seed
4,21000,1.0,1.0,False,trained_model_seed
4,21050,1.0,1.0,False,trained_model_seed
4,21100,1.0,1.0,False,trained_model_seed
4,21150,1.0,1.0,False,trained_model_seed
4,21200,1.0,1.0,False,trained_model_seed
4,21250,1.0,1.0,False,trained_model_seed
4,21300,1.0,1.0,False,trained_model_seed
4,21350,1.0,1.0,False,trained_model_seed
4,21400,1.0,1.0,False,trained_model_seed
4,21450,1.0,1.0,False,trained_model_seed
4,21500,1.0,1.0,False,trained_model_seed
4,21550,1.0,1.0,False,trained_model_seed
4,21600,1.0,1.0,False,trained_model_seed
4,21650,1.0,1.0,False,trained_model_seed
4,21700,1.0,1.0,False,trained_model_seed
4,21750,1.0,1.0,False,trained_model_seed
4,21800,1.0,1.0,False,trained_model_seed
4,21850,1.0,1.0,False,trained_model_seed
4,21900,1.0,1.0,False,trained_model_seed
4,21950,1.0,1.0,False,trained_model_seed
4,22000,1.0,1.0,False,trained_model_seed
4,22050,1.0,1.0,False,trained_model_seed
4,22100,1.0,1.0,False,trained_model_seed
4,22150,1.0,1.0,False,trained_model_seed
4,22200,1.0,1.0,False,trained_model_seed
4,22250,1.0,1.0,False,trained_model_seed
4,22300,1.0,1.0,False,trained_model_seed
4,22350,1.0,1.0,False,trained_model_seed
4,22400,1.0,1.0,False,trained_model_seed
4,22450,1.0,1.0,False,trained_model_seed
4,22500,1.0,1.0,False,trained_model_seed
4,22550,1.0,1.0,False,trained_model_seed
4,22600,1.0,1.0,False,trained_model_seed
4,22650,1.0,1.0,False,trained_model_seed
4,22700,1.0,0.9997762441635132,False,trained_model_seed
4,22750,1.0,0.9998881220817566,False,trained_model_seed
4,22800,1.0,1.0,False,trained_model_seed
4,22850,1.0,1.0,False,trained_model_seed
4,22900,1.0,1.0,False,trained_model_seed
4,22950,1.0,1.0,False,trained_model_seed
4,23000,1.0,1.0,False,trained_model_seed
4,23050,1.0,1.0,False,trained_model_seed
4,23100,1.0,1.0,False,trained_model_seed
4,23150,1.0,1.0,False,trained_model_seed
4,23200,1.0,1.0,False,trained_model_seed
4,23250,1.0,1.0,False,trained_model_seed
4,23300,1.0,1.0,False,trained_model_seed
4,23350,1.0,1.0,False,trained_model_seed
4,23400,1.0,1.0,False,trained_model_seed
4,23450,1.0,1.0,False,trained_model_seed
4,23500,1.0,1.0,False,trained_model_seed
4,23550,1.0,1.0,False,trained_model_seed
4,23600,1.0,1.0,False,trained_model_seed
4,23650,1.0,1.0,False,trained_model_seed
4,23700,1.0,1.0,False,trained_model_seed
4,23750,1.0,1.0,False,trained_model_seed
4,23800,1.0,1.0,False,trained_model_seed
4,23850,1.0,1.0,False,trained_model_seed
4,23900,1.0,1.0,False,trained_model_seed
4,23950,1.0,1.0,False,trained_model_seed
4,24000,1.0,0.9997762441635132,False,trained_model_seed
4,24050,1.0,1.0,False,trained_model_seed
4,24100,1.0,1.0,False,trained_model_seed
4,24150,1.0,1.0,False,trained_model_seed
4,24200,1.0,1.0,False,trained_model_seed
4,24250,1.0,1.0,False,trained_model_seed
4,24300,1.0,1.0,False,trained_model_seed
4,24350,1.0,1.0,False,trained_model_seed
4,24400,1.0,1.0,False,trained_model_seed
4,24450,1.0,1.0,False,trained_model_seed
4,24500,1.0,1.0,False,trained_model_seed
4,24550,1.0,1.0,False,trained_model_seed
4,24600,1.0,1.0,False,trained_model_seed
4,24650,1.0,1.0,False,trained_model_seed
4,24700,1.0,1.0,False,trained_model_seed
4,24750,1.0,1.0,False,trained_model_seed
4,24800,1.0,1.0,False,trained_model_seed
4,24850,1.0,1.0,False,trained_model_seed
4,24900,1.0,1.0,False,trained_model_seed
4,24950,1.0,1.0,False,trained_model_seed
4,25000,1.0,1.0,False,trained_model_seed
4,25050,1.0,1.0,False,trained_model_seed
4,25100,1.0,1.0,False,trained_model_seed
4,25150,1.0,1.0,False,trained_model_seed
4,25200,0.9992167353630066,0.9960845708847046,False,trained_model_seed
4,25250,1.0,1.0,False,trained_model_seed
4,25300,1.0,1.0,False,trained_model_seed
4,25350,1.0,1.0,False,trained_model_seed
4,25400,1.0,1.0,False,trained_model_seed
4,25450,1.0,1.0,False,trained_model_seed
4,25500,1.0,1.0,False,trained_model_seed
4,25550,1.0,1.0,False,trained_model_seed
4,25600,1.0,1.0,False,trained_model_seed
4,25650,1.0,1.0,False,trained_model_seed
4,25700,1.0,1.0,False,trained_model_seed
4,25750,1.0,1.0,False,trained_model_seed
4,25800,1.0,1.0,False,trained_model_seed
4,25850,1.0,1.0,False,trained_model_seed
4,25900,1.0,1.0,False,trained_model_seed
4,25950,1.0,1.0,False,trained_model_seed
4,26000,1.0,1.0,False,trained_model_seed
4,26050,1.0,1.0,False,trained_model_seed
4,26100,1.0,1.0,False,trained_model_seed
4,26150,1.0,1.0,False,trained_model_seed
4,26200,1.0,1.0,False,trained_model_seed
4,26250,1.0,1.0,False,trained_model_seed
4,26300,1.0,1.0,False,trained_model_seed
4,26350,1.0,1.0,False,trained_model_seed
4,26400,1.0,1.0,False,trained_model_seed
4,26450,1.0,1.0,False,trained_model_seed
4,26500,1.0,1.0,False,trained_model_seed
4,26550,1.0,1.0,False,trained_model_seed
4,26600,1.0,1.0,False,trained_model_seed
4,26650,1.0,1.0,False,trained_model_seed
4,26700,1.0,1.0,False,trained_model_seed
4,26750,1.0,1.0,False,trained_model_seed
4,26800,1.0,1.0,False,trained_model_seed
4,26850,1.0,1.0,False,trained_model_seed
4,26900,1.0,1.0,False,trained_model_seed
4,26950,1.0,1.0,False,trained_model_seed
4,27000,1.0,1.0,False,trained_model_seed
4,27050,1.0,1.0,False,trained_model_seed
4,27100,1.0,1.0,False,trained_model_seed
4,27150,1.0,1.0,False,trained_model_seed
4,27200,1.0,1.0,False,trained_model_seed
4,27250,1.0,1.0,False,trained_model_seed
4,27300,1.0,1.0,False,trained_model_seed
4,27350,1.0,1.0,False,trained_model_seed
4,27400,1.0,1.0,False,trained_model_seed
4,27450,1.0,1.0,False,trained_model_seed
4,27500,1.0,0.9996643662452698,False,trained_model_seed
4,27550,1.0,1.0,False,trained_model_seed
4,27600,1.0,1.0,False,trained_model_seed
4,27650,1.0,1.0,False,trained_model_seed
4,27700,1.0,1.0,False,trained_model_seed
4,27750,1.0,1.0,False,trained_model_seed
4,27800,1.0,1.0,False,trained_model_seed
4,27850,1.0,1.0,False,trained_model_seed
4,27900,1.0,1.0,False,trained_model_seed
4,27950,1.0,1.0,False,trained_model_seed
4,28000,1.0,1.0,False,trained_model_seed
4,28050,1.0,1.0,False,trained_model_seed
4,28100,1.0,1.0,False,trained_model_seed
4,28150,1.0,1.0,False,trained_model_seed
4,28200,1.0,1.0,False,trained_model_seed
4,28250,1.0,1.0,False,trained_model_seed
4,28300,1.0,1.0,False,trained_model_seed
4,28350,1.0,1.0,False,trained_model_seed
4,28400,1.0,1.0,False,trained_model_seed
4,28450,1.0,1.0,False,trained_model_seed
4,28500,1.0,1.0,False,trained_model_seed
4,28550,1.0,1.0,False,trained_model_seed
4,28600,1.0,1.0,False,trained_model_seed
4,28650,0.9966057538986206,0.9881418347358704,False,trained_model_seed
4,28700,1.0,1.0,False,trained_model_seed
4,28750,1.0,1.0,False,trained_model_seed
4,28800,1.0,1.0,False,trained_model_seed
4,28850,1.0,1.0,False,trained_model_seed
4,28900,1.0,1.0,False,trained_model_seed
4,28950,1.0,1.0,False,trained_model_seed
4,29000,1.0,1.0,False,trained_model_seed
4,29050,1.0,1.0,False,trained_model_seed
4,29100,1.0,1.0,False,trained_model_seed
4,29150,1.0,1.0,False,trained_model_seed
4,29200,1.0,1.0,False,trained_model_seed
4,29250,1.0,1.0,False,trained_model_seed
4,29300,1.0,1.0,False,trained_model_seed
4,29350,1.0,1.0,False,trained_model_seed
4,29400,1.0,1.0,False,trained_model_seed
4,29450,1.0,1.0,False,trained_model_seed
4,29500,1.0,1.0,False,trained_model_seed
4,29550,1.0,1.0,False,trained_model_seed
4,29600,1.0,1.0,False,trained_model_seed
4,29650,1.0,1.0,False,trained_model_seed
4,29700,1.0,1.0,False,trained_model_seed
4,29750,1.0,1.0,False,trained_model_seed
4,29800,1.0,1.0,False,trained_model_seed
4,29850,1.0,1.0,False,trained_model_seed
4,29900,1.0,1.0,False,trained_model_seed
4,29950,1.0,0.9978744983673096,False,trained_model_seed
4,30000,1.0,1.0,False,trained_model_seed
4,30050,1.0,1.0,False,trained_model_seed
4,30100,1.0,1.0,False,trained_model_seed
4,30150,1.0,1.0,False,trained_model_seed
4,30200,1.0,1.0,False,trained_model_seed
4,30250,1.0,1.0,False,trained_model_seed
4,30300,1.0,1.0,False,trained_model_seed
4,30350,1.0,1.0,False,trained_model_seed
4,30400,1.0,1.0,False,trained_model_seed
4,30450,1.0,1.0,False,trained_model_seed
4,30500,1.0,1.0,False,trained_model_seed
4,30550,1.0,1.0,False,trained_model_seed
4,30600,1.0,1.0,False,trained_model_seed
4,30650,1.0,1.0,False,trained_model_seed
4,30700,1.0,1.0,False,trained_model_seed
4,30750,1.0,1.0,False,trained_model_seed
4,30800,1.0,1.0,False,trained_model_seed
4,30850,1.0,1.0,False,trained_model_seed
4,30900,1.0,1.0,False,trained_model_seed
4,30950,1.0,1.0,False,trained_model_seed
4,31000,1.0,1.0,False,trained_model_seed
4,31050,1.0,1.0,False,trained_model_seed
4,31100,1.0,1.0,False,trained_model_seed
4,31150,0.9757180213928223,0.9647611379623413,False,trained_model_seed
4,31200,1.0,1.0,False,trained_model_seed
4,31250,1.0,1.0,False,trained_model_seed
4,31300,1.0,1.0,False,trained_model_seed
4,31350,1.0,1.0,False,trained_model_seed
4,31400,1.0,1.0,False,trained_model_seed
4,31450,1.0,1.0,False,trained_model_seed
4,31500,1.0,1.0,False,trained_model_seed
4,31550,1.0,1.0,False,trained_model_seed
4,31600,1.0,1.0,False,trained_model_seed
4,31650,1.0,1.0,False,trained_model_seed
4,31700,1.0,1.0,False,trained_model_seed
4,31750,1.0,1.0,False,trained_model_seed
4,31800,1.0,1.0,False,trained_model_seed
4,31850,1.0,1.0,False,trained_model_seed
4,31900,1.0,1.0,False,trained_model_seed
4,31950,1.0,1.0,False,trained_model_seed
4,32000,1.0,1.0,False,trained_model_seed
4,32050,1.0,1.0,False,trained_model_seed
4,32100,1.0,1.0,False,trained_model_seed
4,32150,1.0,1.0,False,trained_model_seed
4,32200,1.0,1.0,False,trained_model_seed
4,32250,1.0,1.0,False,trained_model_seed
4,32300,1.0,1.0,False,trained_model_seed
4,32350,1.0,1.0,False,trained_model_seed
4,32400,1.0,1.0,False,trained_model_seed
4,32450,1.0,1.0,False,trained_model_seed
4,32500,1.0,1.0,False,trained_model_seed
4,32550,1.0,1.0,False,trained_model_seed
4,32600,1.0,1.0,False,trained_model_seed
4,32650,1.0,1.0,False,trained_model_seed
4,32700,1.0,1.0,False,trained_model_seed
4,32750,1.0,1.0,False,trained_model_seed
4,32800,1.0,1.0,False,trained_model_seed
4,32850,1.0,1.0,False,trained_model_seed
4,32900,1.0,1.0,False,trained_model_seed
4,32950,1.0,1.0,False,trained_model_seed
4,33000,1.0,1.0,False,trained_model_seed
4,33050,1.0,1.0,False,trained_model_seed
4,33100,1.0,1.0,False,trained_model_seed
4,33150,1.0,1.0,False,trained_model_seed
4,33200,1.0,1.0,False,trained_model_seed
4,33250,1.0,1.0,False,trained_model_seed
4,33300,1.0,1.0,False,trained_model_seed
4,33350,1.0,1.0,False,trained_model_seed
4,33400,1.0,1.0,False,trained_model_seed
4,33450,1.0,1.0,False,trained_model_seed
4,33500,1.0,1.0,False,trained_model_seed
4,33550,0.9968668222427368,0.9925047755241394,False,trained_model_seed
4,33600,1.0,1.0,False,trained_model_seed
4,33650,1.0,1.0,False,trained_model_seed
4,33700,1.0,1.0,False,trained_model_seed
4,33750,1.0,1.0,False,trained_model_seed
4,33800,1.0,1.0,False,trained_model_seed
4,33850,1.0,1.0,False,trained_model_seed
4,33900,1.0,1.0,False,trained_model_seed
4,33950,1.0,1.0,False,trained_model_seed
4,34000,1.0,1.0,False,trained_model_seed
4,34050,1.0,1.0,False,trained_model_seed
4,34100,1.0,1.0,False,trained_model_seed
4,34150,1.0,1.0,False,trained_model_seed
4,34200,1.0,1.0,False,trained_model_seed
4,34250,1.0,1.0,False,trained_model_seed
4,34300,1.0,1.0,False,trained_model_seed
4,34350,1.0,1.0,False,trained_model_seed
4,34400,1.0,1.0,False,trained_model_seed
4,34450,1.0,1.0,False,trained_model_seed
4,34500,1.0,1.0,False,trained_model_seed
4,34550,1.0,1.0,False,trained_model_seed
4,34600,1.0,1.0,False,trained_model_seed
4,34650,1.0,1.0,False,trained_model_seed
4,34700,1.0,1.0,False,trained_model_seed
4,34750,1.0,1.0,False,trained_model_seed
4,34800,1.0,0.9983219504356384,False,trained_model_seed
4,34850,1.0,1.0,False,trained_model_seed
4,34900,1.0,1.0,False,trained_model_seed
4,34950,1.0,1.0,False,trained_model_seed
4,35000,1.0,1.0,False,trained_model_seed
4,35050,1.0,1.0,False,trained_model_seed
4,35100,1.0,1.0,False,trained_model_seed
4,35150,1.0,1.0,False,trained_model_seed
4,35200,1.0,1.0,False,trained_model_seed
4,35250,1.0,1.0,False,trained_model_seed
4,35300,1.0,1.0,False,trained_model_seed
4,35350,1.0,1.0,False,trained_model_seed
4,35400,1.0,1.0,False,trained_model_seed
4,35450,1.0,1.0,False,trained_model_seed
4,35500,1.0,1.0,False,trained_model_seed
4,35550,1.0,1.0,False,trained_model_seed
4,35600,1.0,1.0,False,trained_model_seed
4,35650,1.0,1.0,False,trained_model_seed
4,35700,1.0,1.0,False,trained_model_seed
4,35750,1.0,1.0,False,trained_model_seed
4,35800,1.0,1.0,False,trained_model_seed
4,35850,1.0,1.0,False,trained_model_seed
4,35900,1.0,1.0,False,trained_model_seed
4,35950,1.0,1.0,False,trained_model_seed
4,36000,1.0,1.0,False,trained_model_seed
4,36050,1.0,0.9994406700134277,False,trained_model_seed
4,36100,1.0,1.0,False,trained_model_seed
4,36150,1.0,1.0,False,trained_model_seed
4,36200,1.0,1.0,False,trained_model_seed
4,36250,1.0,1.0,False,trained_model_seed
4,36300,1.0,1.0,False,trained_model_seed
4,36350,1.0,1.0,False,trained_model_seed
4,36400,1.0,1.0,False,trained_model_seed
4,36450,1.0,1.0,False,trained_model_seed
4,36500,1.0,1.0,False,trained_model_seed
4,36550,1.0,1.0,False,trained_model_seed
4,36600,1.0,1.0,False,trained_model_seed
4,36650,1.0,1.0,False,trained_model_seed
4,36700,1.0,1.0,False,trained_model_seed
4,36750,1.0,1.0,False,trained_model_seed
4,36800,1.0,1.0,False,trained_model_seed
4,36850,1.0,1.0,False,trained_model_seed
4,36900,1.0,1.0,False,trained_model_seed
4,36950,1.0,1.0,False,trained_model_seed
4,37000,1.0,1.0,False,trained_model_seed
4,37050,1.0,1.0,False,trained_model_seed
4,37100,1.0,1.0,False,trained_model_seed
4,37150,1.0,1.0,False,trained_model_seed
4,37200,1.0,1.0,False,trained_model_seed
4,37250,1.0,1.0,False,trained_model_seed
4,37300,1.0,0.9995525479316711,False,trained_model_seed
4,37350,1.0,1.0,False,trained_model_seed
4,37400,1.0,1.0,False,trained_model_seed
4,37450,1.0,1.0,False,trained_model_seed
4,37500,1.0,1.0,False,trained_model_seed
4,37550,1.0,1.0,False,trained_model_seed
4,37600,1.0,1.0,False,trained_model_seed
4,37650,1.0,1.0,False,trained_model_seed
4,37700,1.0,1.0,False,trained_model_seed
4,37750,1.0,1.0,False,trained_model_seed
4,37800,1.0,1.0,False,trained_model_seed
4,37850,1.0,1.0,False,trained_model_seed
4,37900,1.0,1.0,False,trained_model_seed
4,37950,1.0,1.0,False,trained_model_seed
4,38000,1.0,1.0,False,trained_model_seed
4,38050,1.0,1.0,False,trained_model_seed
4,38100,1.0,1.0,False,trained_model_seed
4,38150,1.0,1.0,False,trained_model_seed
4,38200,1.0,1.0,False,trained_model_seed
4,38250,1.0,1.0,False,trained_model_seed
4,38300,1.0,1.0,False,trained_model_seed
4,38350,1.0,1.0,False,trained_model_seed
4,38400,1.0,1.0,False,trained_model_seed
4,38450,1.0,1.0,False,trained_model_seed
4,38500,1.0,1.0,False,trained_model_seed
4,38550,0.9997389316558838,0.9959726929664612,False,trained_model_seed
4,38600,1.0,1.0,False,trained_model_seed
4,38650,1.0,1.0,False,trained_model_seed
4,38700,1.0,1.0,False,trained_model_seed
4,38750,1.0,1.0,False,trained_model_seed
4,38800,1.0,1.0,False,trained_model_seed
4,38850,1.0,1.0,False,trained_model_seed
4,38900,1.0,1.0,False,trained_model_seed
4,38950,1.0,1.0,False,trained_model_seed
4,39000,1.0,1.0,False,trained_model_seed
4,39050,1.0,1.0,False,trained_model_seed
4,39100,1.0,1.0,False,trained_model_seed
4,39150,1.0,1.0,False,trained_model_seed
4,39200,1.0,1.0,False,trained_model_seed
4,39250,1.0,1.0,False,trained_model_seed
4,39300,1.0,1.0,False,trained_model_seed
4,39350,1.0,1.0,False,trained_model_seed
4,39400,1.0,1.0,False,trained_model_seed
4,39450,1.0,1.0,False,trained_model_seed
4,39500,1.0,1.0,False,trained_model_seed
4,39550,1.0,1.0,False,trained_model_seed
4,39600,1.0,1.0,False,trained_model_seed
4,39650,1.0,1.0,False,trained_model_seed
4,39700,1.0,1.0,False,trained_model_seed
4,39750,1.0,1.0,False,trained_model_seed
4,39800,0.9997389316558838,0.9985457062721252,False,trained_model_seed
4,39850,1.0,1.0,False,trained_model_seed
4,39900,1.0,1.0,False,trained_model_seed
4,39950,1.0,1.0,False,trained_model_seed
4,40000,1.0,1.0,False,trained_model_seed
