global_cell_index,cell_id,model_seed,checkpoint_index,checkpoint_step,checkpoint_sha256,fidelity_numerator,fidelity_denominator,displayed_fidelity,distinctness_numerator,distinctness_denominator,displayed_cutoff,primary_cell,family_search_execution_mode,transfer_execution_mode,source_stage,source_run_id,source_manifest,source_cell_id,fresh_cell_index,worker_id,output_root,status,stopping_reason,family_size,transfer_group_status
1,s0-step200-f4of5-d1of4,0,1,200,,4,5,0.800,1,4,0.25,False,fresh_execution,fresh_execution,,,,,0,worker_00,results/raw/{stage18_run_id}/workers/worker_00/cells/s0-step200-f4of5-d1of4,sparsity_failure,requested_member_1_sparsity_failure,0,not_applicable_empty_family
2,s0-step200-f4of5-d1of2,0,1,200,,4,5,0.800,1,2,0.50,False,fresh_execution,fresh_execution,,,,,1,worker_01,results/raw/{stage18_run_id}/workers/worker_01/cells/s0-step200-f4of5-d1of2,sparsity_failure,requested_member_1_sparsity_failure,0,not_applicable_empty_family
3,s0-step200-f4of5-d3of4,0,1,200,,4,5,0.800,3,4,0.75,False,fresh_execution,fresh_execution,,,,,2,worker_02,results/raw/{stage18_run_id}/workers/worker_02/cells/s0-step200-f4of5-d3of4,sparsity_failure,requested_member_1_sparsity_failure,0,not_applicable_empty_family
4,s0-step200-f17of20-d1of4,0,1,200,,17,20,0.850,1,4,0.25,False,fresh_execution,fresh_execution,,,,,3,worker_03,results/raw/{stage18_run_id}/workers/worker_03/cells/s0-step200-f17of20-d1of4,sparsity_failure,requested_member_1_sparsity_failure,0,not_applicable_empty_family
5,s0-step200-f17of20-d1of2,0,1,200,,17,20,0.850,1,2,0.50,False,fresh_execution,fresh_execution,,,,,4,worker_04,results/raw/{stage18_run_id}/workers/worker_04/cells/s0-step200-f17of20-d1of2,sparsity_failure,requested_member_1_sparsity_failure,0,not_applicable_empty_family
6,s0-step200-f17of20-d3of4,0,1,200,,17,20,0.850,3,4,0.75,False,fresh_execution,fresh_execution,,,,,5,worker_05,results/raw/{stage18_run_id}/workers/worker_05/cells/s0-step200-f17of20-d3of4,sparsity_failure,requested_member_1_sparsity_failure,0,not_applicable_empty_family
7,s0-step200-f9of10-d1of4,0,1,200,,9,10,0.900,1,4,0.25,False,fresh_execution,fresh_execution,,,,,6,worker_06,results/raw/{stage18_run_id}/workers/worker_06/cells/s0-step200-f9of10-d1of4,sparsity_failure,requested_member_1_sparsity_failure,0,not_applicable_empty_family
8,s0-step200-f9of10-d1of2,0,1,200,,9,10,0.900,1,2,0.50,False,fresh_execution,fresh_execution,,,,,7,worker_07,results/raw/{stage18_run_id}/workers/worker_07/cells/s0-step200-f9of10-d1of2,sparsity_failure,requested_member_1_sparsity_failure,0,not_applicable_empty_family
9,s0-step200-f9of10-d3of4,0,1,200,,9,10,0.900,3,4,0.75,False,fresh_execution,fresh_execution,,,,,8,worker_08,results/raw/{stage18_run_id}/workers/worker_08/cells/s0-step200-f9of10-d3of4,sparsity_failure,requested_member_1_sparsity_failure,0,not_applicable_empty_family
10,s0-step200-f19of20-d1of4,0,1,200,,19,20,0.950,1,4,0.25,False,fresh_execution,fresh_execution,,,,,9,worker_09,results/raw/{stage18_run_id}/workers/worker_09/cells/s0-step200-f19of20-d1of4,sparsity_failure,requested_member_1_sparsity_failure,0,not_applicable_empty_family
11,s0-step200-f19of20-d1of2,0,1,200,,19,20,0.950,1,2,0.50,False,fresh_execution,fresh_execution,,,,,10,worker_10,results/raw/{stage18_run_id}/workers/worker_10/cells/s0-step200-f19of20-d1of2,sparsity_failure,requested_member_1_sparsity_failure,0,not_applicable_empty_family
12,s0-step200-f19of20-d3of4,0,1,200,,19,20,0.950,3,4,0.75,False,fresh_execution,fresh_execution,,,,,11,worker_11,results/raw/{stage18_run_id}/workers/worker_11/cells/s0-step200-f19of20-d3of4,sparsity_failure,requested_member_1_sparsity_failure,0,not_applicable_empty_family
13,s0-step200-f39of40-d1of4,0,1,200,,39,40,0.975,1,4,0.25,False,fresh_execution,fresh_execution,,,,,12,worker_00,results/raw/{stage18_run_id}/workers/worker_00/cells/s0-step200-f39of40-d1of4,sparsity_failure,requested_member_1_sparsity_failure,0,not_applicable_empty_family
14,s0-step200-f39of40-d1of2,0,1,200,,39,40,0.975,1,2,0.50,False,fresh_execution,fresh_execution,,,,,13,worker_01,results/raw/{stage18_run_id}/workers/worker_01/cells/s0-step200-f39of40-d1of2,sparsity_failure,requested_member_1_sparsity_failure,0,not_applicable_empty_family
15,s0-step200-f39of40-d3of4,0,1,200,,39,40,0.975,3,4,0.75,False,fresh_execution,fresh_execution,,,,,14,worker_02,results/raw/{stage18_run_id}/workers/worker_02/cells/s0-step200-f39of40-d3of4,sparsity_failure,requested_member_1_sparsity_failure,0,not_applicable_empty_family
16,s0-step200-f99of100-d1of4,0,1,200,,99,100,0.990,1,4,0.25,False,fresh_execution,fresh_execution,,,,,15,worker_03,results/raw/{stage18_run_id}/workers/worker_03/cells/s0-step200-f99of100-d1of4,sparsity_failure,requested_member_1_sparsity_failure,0,not_applicable_empty_family
17,s0-step200-f99of100-d1of2,0,1,200,,99,100,0.990,1,2,0.50,True,fresh_execution,fresh_execution,,,,,16,worker_04,results/raw/{stage18_run_id}/workers/worker_04/cells/s0-step200-f99of100-d1of2,sparsity_failure,requested_member_1_sparsity_failure,0,not_applicable_empty_family
18,s0-step200-f99of100-d3of4,0,1,200,,99,100,0.990,3,4,0.75,False,fresh_execution,fresh_execution,,,,,17,worker_05,results/raw/{stage18_run_id}/workers/worker_05/cells/s0-step200-f99of100-d3of4,sparsity_failure,requested_member_1_sparsity_failure,0,not_applicable_empty_family
19,s0-step3400-f4of5-d1of4,0,2,3400,,4,5,0.800,1,4,0.25,False,fresh_execution,fresh_execution,,,,,18,worker_06,results/raw/{stage18_run_id}/workers/worker_06/cells/s0-step3400-f4of5-d1of4,sparsity_failure,requested_member_1_sparsity_failure,0,not_applicable_empty_family
20,s0-step3400-f4of5-d1of2,0,2,3400,,4,5,0.800,1,2,0.50,False,fresh_execution,fresh_execution,,,,,19,worker_07,results/raw/{stage18_run_id}/workers/worker_07/cells/s0-step3400-f4of5-d1of2,sparsity_failure,requested_member_1_sparsity_failure,0,not_applicable_empty_family
21,s0-step3400-f4of5-d3of4,0,2,3400,,4,5,0.800,3,4,0.75,False,fresh_execution,fresh_execution,,,,,20,worker_08,results/raw/{stage18_run_id}/workers/worker_08/cells/s0-step3400-f4of5-d3of4,sparsity_failure,requested_member_1_sparsity_failure,0,not_applicable_empty_family
22,s0-step3400-f17of20-d1of4,0,2,3400,,17,20,0.850,1,4,0.25,False,fresh_execution,fresh_execution,,,,,21,worker_09,results/raw/{stage18_run_id}/workers/worker_09/cells/s0-step3400-f17of20-d1of4,sparsity_failure,requested_member_1_sparsity_failure,0,not_applicable_empty_family
23,s0-step3400-f17of20-d1of2,0,2,3400,,17,20,0.850,1,2,0.50,False,fresh_execution,fresh_execution,,,,,22,worker_10,results/raw/{stage18_run_id}/workers/worker_10/cells/s0-step3400-f17of20-d1of2,sparsity_failure,requested_member_1_sparsity_failure,0,not_applicable_empty_family
24,s0-step3400-f17of20-d3of4,0,2,3400,,17,20,0.850,3,4,0.75,False,fresh_execution,fresh_execution,,,,,23,worker_11,results/raw/{stage18_run_id}/workers/worker_11/cells/s0-step3400-f17of20-d3of4,sparsity_failure,requested_member_1_sparsity_failure,0,not_applicable_empty_family
25,s0-step3400-f9of10-d1of4,0,2,3400,,9,10,0.900,1,4,0.25,False,fresh_execution,fresh_execution,,,,,24,worker_00,results/raw/{stage18_run_id}/workers/worker_00/cells/s0-step3400-f9of10-d1of4,sparsity_failure,requested_member_1_sparsity_failure,0,not_applicable_empty_family
26,s0-step3400-f9of10-d1of2,0,2,3400,,9,10,0.900,1,2,0.50,False,fresh_execution,fresh_execution,,,,,25,worker_01,results/raw/{stage18_run_id}/workers/worker_01/cells/s0-step3400-f9of10-d1of2,sparsity_failure,requested_member_1_sparsity_failure,0,not_applicable_empty_family
27,s0-step3400-f9of10-d3of4,0,2,3400,,9,10,0.900,3,4,0.75,False,fresh_execution,fresh_execution,,,,,26,worker_02,results/raw/{stage18_run_id}/workers/worker_02/cells/s0-step3400-f9of10-d3of4,sparsity_failure,requested_member_1_sparsity_failure,0,not_applicable_empty_family
28,s0-step3400-f19of20-d1of4,0,2,3400,,19,20,0.950,1,4,0.25,False,fresh_execution,fresh_execution,,,,,27,worker_03,results/raw/{stage18_run_id}/workers/worker_03/cells/s0-step3400-f19of20-d1of4,sparsity_failure,requested_member_1_sparsity_failure,0,not_applicable_empty_family
29,s0-step3400-f19of20-d1of2,0,2,3400,,19,20,0.950,1,2,0.50,False,fresh_execution,fresh_execution,,,,,28,worker_04,results/raw/{stage18_run_id}/workers/worker_04/cells/s0-step3400-f19of20-d1of2,sparsity_failure,requested_member_1_sparsity_failure,0,not_applicable_empty_family
30,s0-step3400-f19of20-d3of4,0,2,3400,,19,20,0.950,3,4,0.75,False,fresh_execution,fresh_execution,,,,,29,worker_05,results/raw/{stage18_run_id}/workers/worker_05/cells/s0-step3400-f19of20-d3of4,sparsity_failure,requested_member_1_sparsity_failure,0,not_applicable_empty_family
31,s0-step3400-f39of40-d1of4,0,2,3400,,39,40,0.975,1,4,0.25,False,fresh_execution,fresh_execution,,,,,30,worker_06,results/raw/{stage18_run_id}/workers/worker_06/cells/s0-step3400-f39of40-d1of4,sparsity_failure,requested_member_1_sparsity_failure,0,not_applicable_empty_family
32,s0-step3400-f39of40-d1of2,0,2,3400,,39,40,0.975,1,2,0.50,False,fresh_execution,fresh_execution,,,,,31,worker_07,results/raw/{stage18_run_id}/workers/worker_07/cells/s0-step3400-f39of40-d1of2,sparsity_failure,requested_member_1_sparsity_failure,0,not_applicable_empty_family
33,s0-step3400-f39of40-d3of4,0,2,3400,,39,40,0.975,3,4,0.75,False,fresh_execution,fresh_execution,,,,,32,worker_08,results/raw/{stage18_run_id}/workers/worker_08/cells/s0-step3400-f39of40-d3of4,sparsity_failure,requested_member_1_sparsity_failure,0,not_applicable_empty_family
34,s0-step3400-f99of100-d1of4,0,2,3400,,99,100,0.990,1,4,0.25,False,fresh_execution,fresh_execution,,,,,33,worker_09,results/raw/{stage18_run_id}/workers/worker_09/cells/s0-step3400-f99of100-d1of4,sparsity_failure,requested_member_1_sparsity_failure,0,not_applicable_empty_family
35,s0-step3400-f99of100-d1of2,0,2,3400,,99,100,0.990,1,2,0.50,True,fresh_execution,fresh_execution,,,,,34,worker_10,results/raw/{stage18_run_id}/workers/worker_10/cells/s0-step3400-f99of100-d1of2,sparsity_failure,requested_member_1_sparsity_failure,0,not_applicable_empty_family
36,s0-step3400-f99of100-d3of4,0,2,3400,,99,100,0.990,3,4,0.75,False,fresh_execution,fresh_execution,,,,,35,worker_11,results/raw/{stage18_run_id}/workers/worker_11/cells/s0-step3400-f99of100-d3of4,sparsity_failure,requested_member_1_sparsity_failure,0,not_applicable_empty_family
37,s0-step7450-f4of5-d1of4,0,3,7450,,4,5,0.800,1,4,0.25,False,fresh_execution,fresh_execution,,,,,36,worker_00,results/raw/{stage18_run_id}/workers/worker_00/cells/s0-step7450-f4of5-d1of4,budget_exhaustion,requested_member_4_budget_exhaustion,3,complete
38,s0-step7450-f4of5-d1of2,0,3,7450,,4,5,0.800,1,2,0.50,False,fresh_execution,fresh_execution,,,,,37,worker_01,results/raw/{stage18_run_id}/workers/worker_01/cells/s0-step7450-f4of5-d1of2,budget_exhaustion,requested_member_7_budget_exhaustion,6,complete
39,s0-step7450-f4of5-d3of4,0,3,7450,,4,5,0.800,3,4,0.75,False,fresh_execution,fresh_execution,,,,,38,worker_02,results/raw/{stage18_run_id}/workers/worker_02/cells/s0-step7450-f4of5-d3of4,budget_exhaustion,requested_member_7_budget_exhaustion,6,complete
40,s0-step7450-f17of20-d1of4,0,3,7450,,17,20,0.850,1,4,0.25,False,fresh_execution,fresh_execution,,,,,39,worker_03,results/raw/{stage18_run_id}/workers/worker_03/cells/s0-step7450-f17of20-d1of4,budget_exhaustion,requested_member_4_budget_exhaustion,3,complete
41,s0-step7450-f17of20-d1of2,0,3,7450,,17,20,0.850,1,2,0.50,False,fresh_execution,fresh_execution,,,,,40,worker_04,results/raw/{stage18_run_id}/workers/worker_04/cells/s0-step7450-f17of20-d1of2,budget_exhaustion,requested_member_7_budget_exhaustion,6,complete
42,s0-step7450-f17of20-d3of4,0,3,7450,,17,20,0.850,3,4,0.75,False,fresh_execution,fresh_execution,,,,,41,worker_05,results/raw/{stage18_run_id}/workers/worker_05/cells/s0-step7450-f17of20-d3of4,budget_exhaustion,requested_member_7_budget_exhaustion,6,complete
43,s0-step7450-f9of10-d1of4,0,3,7450,,9,10,0.900,1,4,0.25,False,fresh_execution,fresh_execution,,,,,42,worker_06,results/raw/{stage18_run_id}/workers/worker_06/cells/s0-step7450-f9of10-d1of4,budget_exhaustion,requested_member_5_budget_exhaustion,4,complete
44,s0-step7450-f9of10-d1of2,0,3,7450,,9,10,0.900,1,2,0.50,False,fresh_execution,fresh_execution,,,,,43,worker_07,results/raw/{stage18_run_id}/workers/worker_07/cells/s0-step7450-f9of10-d1of2,budget_exhaustion,requested_member_7_budget_exhaustion,6,complete
45,s0-step7450-f9of10-d3of4,0,3,7450,,9,10,0.900,3,4,0.75,False,fresh_execution,fresh_execution,,,,,44,worker_08,results/raw/{stage18_run_id}/workers/worker_08/cells/s0-step7450-f9of10-d3of4,budget_exhaustion,requested_member_7_budget_exhaustion,6,complete
46,s0-step7450-f19of20-d1of4,0,3,7450,,19,20,0.950,1,4,0.25,False,fresh_execution,fresh_execution,,,,,45,worker_09,results/raw/{stage18_run_id}/workers/worker_09/cells/s0-step7450-f19of20-d1of4,budget_exhaustion,requested_member_4_budget_exhaustion,3,complete
47,s0-step7450-f19of20-d1of2,0,3,7450,,19,20,0.950,1,2,0.50,False,fresh_execution,fresh_execution,,,,,46,worker_10,results/raw/{stage18_run_id}/workers/worker_10/cells/s0-step7450-f19of20-d1of2,budget_exhaustion,requested_member_7_budget_exhaustion,6,complete
48,s0-step7450-f19of20-d3of4,0,3,7450,,19,20,0.950,3,4,0.75,False,fresh_execution,fresh_execution,,,,,47,worker_11,results/raw/{stage18_run_id}/workers/worker_11/cells/s0-step7450-f19of20-d3of4,budget_exhaustion,requested_member_7_budget_exhaustion,6,complete
49,s0-step7450-f39of40-d1of4,0,3,7450,,39,40,0.975,1,4,0.25,False,fresh_execution,fresh_execution,,,,,48,worker_00,results/raw/{stage18_run_id}/workers/worker_00/cells/s0-step7450-f39of40-d1of4,budget_exhaustion,requested_member_5_budget_exhaustion,4,complete
50,s0-step7450-f39of40-d1of2,0,3,7450,,39,40,0.975,1,2,0.50,False,fresh_execution,fresh_execution,,,,,49,worker_01,results/raw/{stage18_run_id}/workers/worker_01/cells/s0-step7450-f39of40-d1of2,budget_exhaustion,requested_member_7_budget_exhaustion,6,complete
51,s0-step7450-f39of40-d3of4,0,3,7450,,39,40,0.975,3,4,0.75,False,fresh_execution,fresh_execution,,,,,50,worker_02,results/raw/{stage18_run_id}/workers/worker_02/cells/s0-step7450-f39of40-d3of4,budget_exhaustion,requested_member_7_budget_exhaustion,6,complete
52,s0-step7450-f99of100-d1of4,0,3,7450,,99,100,0.990,1,4,0.25,False,fresh_execution,fresh_execution,,,,,51,worker_03,results/raw/{stage18_run_id}/workers/worker_03/cells/s0-step7450-f99of100-d1of4,budget_exhaustion,requested_member_5_budget_exhaustion,4,complete
53,s0-step7450-f99of100-d1of2,0,3,7450,,99,100,0.990,1,2,0.50,True,fresh_execution,fresh_execution,,,,,52,worker_04,results/raw/{stage18_run_id}/workers/worker_04/cells/s0-step7450-f99of100-d1of2,budget_exhaustion,requested_member_8_budget_exhaustion,7,complete
54,s0-step7450-f99of100-d3of4,0,3,7450,,99,100,0.990,3,4,0.75,False,fresh_execution,fresh_execution,,,,,53,worker_05,results/raw/{stage18_run_id}/workers/worker_05/cells/s0-step7450-f99of100-d3of4,budget_exhaustion,requested_member_8_budget_exhaustion,7,complete
55,s0-step8150-f4of5-d1of4,0,4,8150,,4,5,0.800,1,4,0.25,False,fresh_execution,fresh_execution,,,,,54,worker_06,results/raw/{stage18_run_id}/workers/worker_06/cells/s0-step8150-f4of5-d1of4,budget_exhaustion,requested_member_3_budget_exhaustion,2,complete
56,s0-step8150-f4of5-d1of2,0,4,8150,,4,5,0.800,1,2,0.50,False,fresh_execution,fresh_execution,,,,,55,worker_07,results/raw/{stage18_run_id}/workers/worker_07/cells/s0-step8150-f4of5-d1of2,budget_exhaustion,requested_member_7_budget_exhaustion,6,complete
57,s0-step8150-f4of5-d3of4,0,4,8150,,4,5,0.800,3,4,0.75,False,fresh_execution,fresh_execution,,,,,56,worker_08,results/raw/{stage18_run_id}/workers/worker_08/cells/s0-step8150-f4of5-d3of4,budget_exhaustion,requested_member_7_budget_exhaustion,6,complete
58,s0-step8150-f17of20-d1of4,0,4,8150,,17,20,0.850,1,4,0.25,False,fresh_execution,fresh_execution,,,,,57,worker_09,results/raw/{stage18_run_id}/workers/worker_09/cells/s0-step8150-f17of20-d1of4,budget_exhaustion,requested_member_4_budget_exhaustion,3,complete
59,s0-step8150-f17of20-d1of2,0,4,8150,,17,20,0.850,1,2,0.50,False,fresh_execution,fresh_execution,,,,,58,worker_10,results/raw/{stage18_run_id}/workers/worker_10/cells/s0-step8150-f17of20-d1of2,budget_exhaustion,requested_member_7_budget_exhaustion,6,complete
60,s0-step8150-f17of20-d3of4,0,4,8150,,17,20,0.850,3,4,0.75,False,fresh_execution,fresh_execution,,,,,59,worker_11,results/raw/{stage18_run_id}/workers/worker_11/cells/s0-step8150-f17of20-d3of4,budget_exhaustion,requested_member_7_budget_exhaustion,6,complete
61,s0-step8150-f9of10-d1of4,0,4,8150,,9,10,0.900,1,4,0.25,False,fresh_execution,fresh_execution,,,,,60,worker_00,results/raw/{stage18_run_id}/workers/worker_00/cells/s0-step8150-f9of10-d1of4,budget_exhaustion,requested_member_4_budget_exhaustion,3,complete
62,s0-step8150-f9of10-d1of2,0,4,8150,,9,10,0.900,1,2,0.50,False,fresh_execution,fresh_execution,,,,,61,worker_01,results/raw/{stage18_run_id}/workers/worker_01/cells/s0-step8150-f9of10-d1of2,budget_exhaustion,requested_member_7_budget_exhaustion,6,complete
63,s0-step8150-f9of10-d3of4,0,4,8150,,9,10,0.900,3,4,0.75,False,fresh_execution,fresh_execution,,,,,62,worker_02,results/raw/{stage18_run_id}/workers/worker_02/cells/s0-step8150-f9of10-d3of4,budget_exhaustion,requested_member_7_budget_exhaustion,6,complete
64,s0-step8150-f19of20-d1of4,0,4,8150,,19,20,0.950,1,4,0.25,False,fresh_execution,fresh_execution,,,,,63,worker_03,results/raw/{stage18_run_id}/workers/worker_03/cells/s0-step8150-f19of20-d1of4,budget_exhaustion,requested_member_3_budget_exhaustion,2,complete
65,s0-step8150-f19of20-d1of2,0,4,8150,,19,20,0.950,1,2,0.50,False,fresh_execution,fresh_execution,,,,,64,worker_04,results/raw/{stage18_run_id}/workers/worker_04/cells/s0-step8150-f19of20-d1of2,budget_exhaustion,requested_member_7_budget_exhaustion,6,complete
66,s0-step8150-f19of20-d3of4,0,4,8150,,19,20,0.950,3,4,0.75,False,fresh_execution,fresh_execution,,,,,65,worker_05,results/raw/{stage18_run_id}/workers/worker_05/cells/s0-step8150-f19of20-d3of4,budget_exhaustion,requested_member_7_budget_exhaustion,6,complete
67,s0-step8150-f39of40-d1of4,0,4,8150,,39,40,0.975,1,4,0.25,False,fresh_execution,fresh_execution,,,,,66,worker_06,results/raw/{stage18_run_id}/workers/worker_06/cells/s0-step8150-f39of40-d1of4,budget_exhaustion,requested_member_6_budget_exhaustion,5,complete
68,s0-step8150-f39of40-d1of2,0,4,8150,,39,40,0.975,1,2,0.50,False,fresh_execution,fresh_execution,,,,,67,worker_07,results/raw/{stage18_run_id}/workers/worker_07/cells/s0-step8150-f39of40-d1of2,budget_exhaustion,requested_member_7_budget_exhaustion,6,complete
69,s0-step8150-f39of40-d3of4,0,4,8150,,39,40,0.975,3,4,0.75,False,fresh_execution,fresh_execution,,,,,68,worker_08,results/raw/{stage18_run_id}/workers/worker_08/cells/s0-step8150-f39of40-d3of4,budget_exhaustion,requested_member_7_budget_exhaustion,6,complete
70,s0-step8150-f99of100-d1of4,0,4,8150,,99,100,0.990,1,4,0.25,False,fresh_execution,fresh_execution,,,,,69,worker_09,results/raw/{stage18_run_id}/workers/worker_09/cells/s0-step8150-f99of100-d1of4,budget_exhaustion,requested_member_6_budget_exhaustion,5,complete
71,s0-step8150-f99of100-d1of2,0,4,8150,,99,100,0.990,1,2,0.50,True,fresh_execution,fresh_execution,,,,,70,worker_10,results/raw/{stage18_run_id}/workers/worker_10/cells/s0-step8150-f99of100-d1of2,budget_exhaustion,requested_member_8_budget_exhaustion,7,complete
72,s0-step8150-f99of100-d3of4,0,4,8150,,99,100,0.990,3,4,0.75,False,fresh_execution,fresh_execution,,,,,71,worker_11,results/raw/{stage18_run_id}/workers/worker_11/cells/s0-step8150-f99of100-d3of4,budget_exhaustion,requested_member_8_budget_exhaustion,7,complete
73,s0-step8500-f4of5-d1of4,0,5,8500,,4,5,0.800,1,4,0.25,False,fresh_execution,fresh_execution,,,,,72,worker_00,results/raw/{stage18_run_id}/workers/worker_00/cells/s0-step8500-f4of5-d1of4,budget_exhaustion,requested_member_7_budget_exhaustion,6,complete
74,s0-step8500-f4of5-d1of2,0,5,8500,,4,5,0.800,1,2,0.50,False,fresh_execution,fresh_execution,,,,,73,worker_01,results/raw/{stage18_run_id}/workers/worker_01/cells/s0-step8500-f4of5-d1of2,budget_exhaustion,requested_member_7_budget_exhaustion,6,complete
75,s0-step8500-f4of5-d3of4,0,5,8500,,4,5,0.800,3,4,0.75,False,fresh_execution,fresh_execution,,,,,74,worker_02,results/raw/{stage18_run_id}/workers/worker_02/cells/s0-step8500-f4of5-d3of4,budget_exhaustion,requested_member_7_budget_exhaustion,6,complete
76,s0-step8500-f17of20-d1of4,0,5,8500,,17,20,0.850,1,4,0.25,False,fresh_execution,fresh_execution,,,,,75,worker_03,results/raw/{stage18_run_id}/workers/worker_03/cells/s0-step8500-f17of20-d1of4,budget_exhaustion,requested_member_7_budget_exhaustion,6,complete
77,s0-step8500-f17of20-d1of2,0,5,8500,,17,20,0.850,1,2,0.50,False,fresh_execution,fresh_execution,,,,,76,worker_04,results/raw/{stage18_run_id}/workers/worker_04/cells/s0-step8500-f17of20-d1of2,budget_exhaustion,requested_member_7_budget_exhaustion,6,complete
78,s0-step8500-f17of20-d3of4,0,5,8500,,17,20,0.850,3,4,0.75,False,fresh_execution,fresh_execution,,,,,77,worker_05,results/raw/{stage18_run_id}/workers/worker_05/cells/s0-step8500-f17of20-d3of4,budget_exhaustion,requested_member_7_budget_exhaustion,6,complete
79,s0-step8500-f9of10-d1of4,0,5,8500,,9,10,0.900,1,4,0.25,False,fresh_execution,fresh_execution,,,,,78,worker_06,results/raw/{stage18_run_id}/workers/worker_06/cells/s0-step8500-f9of10-d1of4,budget_exhaustion,requested_member_7_budget_exhaustion,6,complete
80,s0-step8500-f9of10-d1of2,0,5,8500,,9,10,0.900,1,2,0.50,False,fresh_execution,fresh_execution,,,,,79,worker_07,results/raw/{stage18_run_id}/workers/worker_07/cells/s0-step8500-f9of10-d1of2,budget_exhaustion,requested_member_7_budget_exhaustion,6,complete
81,s0-step8500-f9of10-d3of4,0,5,8500,,9,10,0.900,3,4,0.75,False,fresh_execution,fresh_execution,,,,,80,worker_08,results/raw/{stage18_run_id}/workers/worker_08/cells/s0-step8500-f9of10-d3of4,budget_exhaustion,requested_member_7_budget_exhaustion,6,complete
82,s0-step8500-f19of20-d1of4,0,5,8500,,19,20,0.950,1,4,0.25,False,fresh_execution,fresh_execution,,,,,81,worker_09,results/raw/{stage18_run_id}/workers/worker_09/cells/s0-step8500-f19of20-d1of4,budget_exhaustion,requested_member_7_budget_exhaustion,6,complete
83,s0-step8500-f19of20-d1of2,0,5,8500,,19,20,0.950,1,2,0.50,False,fresh_execution,fresh_execution,,,,,82,worker_10,results/raw/{stage18_run_id}/workers/worker_10/cells/s0-step8500-f19of20-d1of2,budget_exhaustion,requested_member_7_budget_exhaustion,6,complete
84,s0-step8500-f19of20-d3of4,0,5,8500,,19,20,0.950,3,4,0.75,False,fresh_execution,fresh_execution,,,,,83,worker_11,results/raw/{stage18_run_id}/workers/worker_11/cells/s0-step8500-f19of20-d3of4,budget_exhaustion,requested_member_7_budget_exhaustion,6,complete
85,s0-step8500-f39of40-d1of4,0,5,8500,,39,40,0.975,1,4,0.25,False,fresh_execution,fresh_execution,,,,,84,worker_00,results/raw/{stage18_run_id}/workers/worker_00/cells/s0-step8500-f39of40-d1of4,budget_exhaustion,requested_member_6_budget_exhaustion,5,complete
86,s0-step8500-f39of40-d1of2,0,5,8500,,39,40,0.975,1,2,0.50,False,fresh_execution,fresh_execution,,,,,85,worker_01,results/raw/{stage18_run_id}/workers/worker_01/cells/s0-step8500-f39of40-d1of2,budget_exhaustion,requested_member_7_budget_exhaustion,6,complete
87,s0-step8500-f39of40-d3of4,0,5,8500,,39,40,0.975,3,4,0.75,False,fresh_execution,fresh_execution,,,,,86,worker_02,results/raw/{stage18_run_id}/workers/worker_02/cells/s0-step8500-f39of40-d3of4,budget_exhaustion,requested_member_7_budget_exhaustion,6,complete
88,s0-step8500-f99of100-d1of4,0,5,8500,,99,100,0.990,1,4,0.25,False,fresh_execution,fresh_execution,,,,,87,worker_03,results/raw/{stage18_run_id}/workers/worker_03/cells/s0-step8500-f99of100-d1of4,budget_exhaustion,requested_member_6_budget_exhaustion,5,complete
89,s0-step8500-f99of100-d1of2,0,5,8500,,99,100,0.990,1,2,0.50,True,fresh_execution,fresh_execution,,,,,88,worker_04,results/raw/{stage18_run_id}/workers/worker_04/cells/s0-step8500-f99of100-d1of2,budget_exhaustion,requested_member_8_budget_exhaustion,7,complete
90,s0-step8500-f99of100-d3of4,0,5,8500,,99,100,0.990,3,4,0.75,False,fresh_execution,fresh_execution,,,,,89,worker_05,results/raw/{stage18_run_id}/workers/worker_05/cells/s0-step8500-f99of100-d3of4,budget_exhaustion,requested_member_8_budget_exhaustion,7,complete
91,s0-step8650-f4of5-d1of4,0,6,8650,,4,5,0.800,1,4,0.25,False,fresh_execution,fresh_execution,,,,,90,worker_06,results/raw/{stage18_run_id}/workers/worker_06/cells/s0-step8650-f4of5-d1of4,budget_exhaustion,requested_member_6_budget_exhaustion,5,complete
92,s0-step8650-f4of5-d1of2,0,6,8650,,4,5,0.800,1,2,0.50,False,fresh_execution,fresh_execution,,,,,91,worker_07,results/raw/{stage18_run_id}/workers/worker_07/cells/s0-step8650-f4of5-d1of2,budget_exhaustion,requested_member_7_budget_exhaustion,6,complete
93,s0-step8650-f4of5-d3of4,0,6,8650,,4,5,0.800,3,4,0.75,False,fresh_execution,fresh_execution,,,,,92,worker_08,results/raw/{stage18_run_id}/workers/worker_08/cells/s0-step8650-f4of5-d3of4,budget_exhaustion,requested_member_7_budget_exhaustion,6,complete
94,s0-step8650-f17of20-d1of4,0,6,8650,,17,20,0.850,1,4,0.25,False,fresh_execution,fresh_execution,,,,,93,worker_09,results/raw/{stage18_run_id}/workers/worker_09/cells/s0-step8650-f17of20-d1of4,budget_exhaustion,requested_member_7_budget_exhaustion,6,complete
95,s0-step8650-f17of20-d1of2,0,6,8650,,17,20,0.850,1,2,0.50,False,fresh_execution,fresh_execution,,,,,94,worker_10,results/raw/{stage18_run_id}/workers/worker_10/cells/s0-step8650-f17of20-d1of2,budget_exhaustion,requested_member_7_budget_exhaustion,6,complete
96,s0-step8650-f17of20-d3of4,0,6,8650,,17,20,0.850,3,4,0.75,False,fresh_execution,fresh_execution,,,,,95,worker_11,results/raw/{stage18_run_id}/workers/worker_11/cells/s0-step8650-f17of20-d3of4,budget_exhaustion,requested_member_7_budget_exhaustion,6,complete
97,s0-step8650-f9of10-d1of4,0,6,8650,,9,10,0.900,1,4,0.25,False,fresh_execution,fresh_execution,,,,,96,worker_00,results/raw/{stage18_run_id}/workers/worker_00/cells/s0-step8650-f9of10-d1of4,budget_exhaustion,requested_member_7_budget_exhaustion,6,complete
98,s0-step8650-f9of10-d1of2,0,6,8650,,9,10,0.900,1,2,0.50,False,fresh_execution,fresh_execution,,,,,97,worker_01,results/raw/{stage18_run_id}/workers/worker_01/cells/s0-step8650-f9of10-d1of2,budget_exhaustion,requested_member_7_budget_exhaustion,6,complete
99,s0-step8650-f9of10-d3of4,0,6,8650,,9,10,0.900,3,4,0.75,False,fresh_execution,fresh_execution,,,,,98,worker_02,results/raw/{stage18_run_id}/workers/worker_02/cells/s0-step8650-f9of10-d3of4,budget_exhaustion,requested_member_7_budget_exhaustion,6,complete
100,s0-step8650-f19of20-d1of4,0,6,8650,,19,20,0.950,1,4,0.25,False,fresh_execution,fresh_execution,,,,,99,worker_03,results/raw/{stage18_run_id}/workers/worker_03/cells/s0-step8650-f19of20-d1of4,budget_exhaustion,requested_member_7_budget_exhaustion,6,complete
101,s0-step8650-f19of20-d1of2,0,6,8650,,19,20,0.950,1,2,0.50,False,fresh_execution,fresh_execution,,,,,100,worker_04,results/raw/{stage18_run_id}/workers/worker_04/cells/s0-step8650-f19of20-d1of2,budget_exhaustion,requested_member_7_budget_exhaustion,6,complete
102,s0-step8650-f19of20-d3of4,0,6,8650,,19,20,0.950,3,4,0.75,False,fresh_execution,fresh_execution,,,,,101,worker_05,results/raw/{stage18_run_id}/workers/worker_05/cells/s0-step8650-f19of20-d3of4,budget_exhaustion,requested_member_7_budget_exhaustion,6,complete
103,s0-step8650-f39of40-d1of4,0,6,8650,,39,40,0.975,1,4,0.25,False,fresh_execution,fresh_execution,,,,,102,worker_06,results/raw/{stage18_run_id}/workers/worker_06/cells/s0-step8650-f39of40-d1of4,budget_exhaustion,requested_member_7_budget_exhaustion,6,complete
104,s0-step8650-f39of40-d1of2,0,6,8650,,39,40,0.975,1,2,0.50,False,fresh_execution,fresh_execution,,,,,103,worker_07,results/raw/{stage18_run_id}/workers/worker_07/cells/s0-step8650-f39of40-d1of2,budget_exhaustion,requested_member_7_budget_exhaustion,6,complete
105,s0-step8650-f39of40-d3of4,0,6,8650,,39,40,0.975,3,4,0.75,False,fresh_execution,fresh_execution,,,,,104,worker_08,results/raw/{stage18_run_id}/workers/worker_08/cells/s0-step8650-f39of40-d3of4,budget_exhaustion,requested_member_7_budget_exhaustion,6,complete
106,s0-step8650-f99of100-d1of4,0,6,8650,,99,100,0.990,1,4,0.25,False,fresh_execution,fresh_execution,,,,,105,worker_09,results/raw/{stage18_run_id}/workers/worker_09/cells/s0-step8650-f99of100-d1of4,budget_exhaustion,requested_member_7_budget_exhaustion,6,complete
107,s0-step8650-f99of100-d1of2,0,6,8650,,99,100,0.990,1,2,0.50,True,fresh_execution,fresh_execution,,,,,106,worker_10,results/raw/{stage18_run_id}/workers/worker_10/cells/s0-step8650-f99of100-d1of2,budget_exhaustion,requested_member_7_budget_exhaustion,6,complete
108,s0-step8650-f99of100-d3of4,0,6,8650,,99,100,0.990,3,4,0.75,False,fresh_execution,fresh_execution,,,,,107,worker_11,results/raw/{stage18_run_id}/workers/worker_11/cells/s0-step8650-f99of100-d3of4,budget_exhaustion,requested_member_7_budget_exhaustion,6,complete
109,s0-step9050-f4of5-d1of4,0,7,9050,,4,5,0.800,1,4,0.25,False,fresh_execution,fresh_execution,,,,,108,worker_00,results/raw/{stage18_run_id}/workers/worker_00/cells/s0-step9050-f4of5-d1of4,budget_exhaustion,requested_member_4_budget_exhaustion,3,complete
110,s0-step9050-f4of5-d1of2,0,7,9050,,4,5,0.800,1,2,0.50,False,fresh_execution,fresh_execution,,,,,109,worker_01,results/raw/{stage18_run_id}/workers/worker_01/cells/s0-step9050-f4of5-d1of2,budget_exhaustion,requested_member_7_budget_exhaustion,6,complete
111,s0-step9050-f4of5-d3of4,0,7,9050,,4,5,0.800,3,4,0.75,False,fresh_execution,fresh_execution,,,,,110,worker_02,results/raw/{stage18_run_id}/workers/worker_02/cells/s0-step9050-f4of5-d3of4,budget_exhaustion,requested_member_7_budget_exhaustion,6,complete
112,s0-step9050-f17of20-d1of4,0,7,9050,,17,20,0.850,1,4,0.25,False,fresh_execution,fresh_execution,,,,,111,worker_03,results/raw/{stage18_run_id}/workers/worker_03/cells/s0-step9050-f17of20-d1of4,budget_exhaustion,requested_member_5_budget_exhaustion,4,complete
113,s0-step9050-f17of20-d1of2,0,7,9050,,17,20,0.850,1,2,0.50,False,fresh_execution,fresh_execution,,,,,112,worker_04,results/raw/{stage18_run_id}/workers/worker_04/cells/s0-step9050-f17of20-d1of2,budget_exhaustion,requested_member_7_budget_exhaustion,6,complete
114,s0-step9050-f17of20-d3of4,0,7,9050,,17,20,0.850,3,4,0.75,False,fresh_execution,fresh_execution,,,,,113,worker_05,results/raw/{stage18_run_id}/workers/worker_05/cells/s0-step9050-f17of20-d3of4,budget_exhaustion,requested_member_7_budget_exhaustion,6,complete
115,s0-step9050-f9of10-d1of4,0,7,9050,,9,10,0.900,1,4,0.25,False,fresh_execution,fresh_execution,,,,,114,worker_06,results/raw/{stage18_run_id}/workers/worker_06/cells/s0-step9050-f9of10-d1of4,budget_exhaustion,requested_member_7_budget_exhaustion,6,complete
116,s0-step9050-f9of10-d1of2,0,7,9050,,9,10,0.900,1,2,0.50,False,fresh_execution,fresh_execution,,,,,115,worker_07,results/raw/{stage18_run_id}/workers/worker_07/cells/s0-step9050-f9of10-d1of2,budget_exhaustion,requested_member_7_budget_exhaustion,6,complete
117,s0-step9050-f9of10-d3of4,0,7,9050,,9,10,0.900,3,4,0.75,False,fresh_execution,fresh_execution,,,,,116,worker_08,results/raw/{stage18_run_id}/workers/worker_08/cells/s0-step9050-f9of10-d3of4,budget_exhaustion,requested_member_7_budget_exhaustion,6,complete
118,s0-step9050-f19of20-d1of4,0,7,9050,,19,20,0.950,1,4,0.25,False,fresh_execution,fresh_execution,,,,,117,worker_09,results/raw/{stage18_run_id}/workers/worker_09/cells/s0-step9050-f19of20-d1of4,budget_exhaustion,requested_member_5_budget_exhaustion,4,complete
119,s0-step9050-f19of20-d1of2,0,7,9050,,19,20,0.950,1,2,0.50,False,fresh_execution,fresh_execution,,,,,118,worker_10,results/raw/{stage18_run_id}/workers/worker_10/cells/s0-step9050-f19of20-d1of2,budget_exhaustion,requested_member_7_budget_exhaustion,6,complete
120,s0-step9050-f19of20-d3of4,0,7,9050,,19,20,0.950,3,4,0.75,False,fresh_execution,fresh_execution,,,,,119,worker_11,results/raw/{stage18_run_id}/workers/worker_11/cells/s0-step9050-f19of20-d3of4,budget_exhaustion,requested_member_7_budget_exhaustion,6,complete
121,s0-step9050-f39of40-d1of4,0,7,9050,,39,40,0.975,1,4,0.25,False,fresh_execution,fresh_execution,,,,,120,worker_00,results/raw/{stage18_run_id}/workers/worker_00/cells/s0-step9050-f39of40-d1of4,budget_exhaustion,requested_member_7_budget_exhaustion,6,complete
122,s0-step9050-f39of40-d1of2,0,7,9050,,39,40,0.975,1,2,0.50,False,fresh_execution,fresh_execution,,,,,121,worker_01,results/raw/{stage18_run_id}/workers/worker_01/cells/s0-step9050-f39of40-d1of2,budget_exhaustion,requested_member_7_budget_exhaustion,6,complete
123,s0-step9050-f39of40-d3of4,0,7,9050,,39,40,0.975,3,4,0.75,False,fresh_execution,fresh_execution,,,,,122,worker_02,results/raw/{stage18_run_id}/workers/worker_02/cells/s0-step9050-f39of40-d3of4,budget_exhaustion,requested_member_7_budget_exhaustion,6,complete
124,s0-step9050-f99of100-d1of4,0,7,9050,,99,100,0.990,1,4,0.25,False,fresh_execution,fresh_execution,,,,,123,worker_03,results/raw/{stage18_run_id}/workers/worker_03/cells/s0-step9050-f99of100-d1of4,budget_exhaustion,requested_member_6_budget_exhaustion,5,complete
125,s0-step9050-f99of100-d1of2,0,7,9050,,99,100,0.990,1,2,0.50,True,fresh_execution,fresh_execution,,,,,124,worker_04,results/raw/{stage18_run_id}/workers/worker_04/cells/s0-step9050-f99of100-d1of2,budget_exhaustion,requested_member_7_budget_exhaustion,6,complete
126,s0-step9050-f99of100-d3of4,0,7,9050,,99,100,0.990,3,4,0.75,False,fresh_execution,fresh_execution,,,,,125,worker_05,results/raw/{stage18_run_id}/workers/worker_05/cells/s0-step9050-f99of100-d3of4,budget_exhaustion,requested_member_7_budget_exhaustion,6,complete
127,s1-step200-f4of5-d1of4,1,1,200,,4,5,0.800,1,4,0.25,False,fresh_execution,fresh_execution,,,,,126,worker_06,results/raw/{stage18_run_id}/workers/worker_06/cells/s1-step200-f4of5-d1of4,sparsity_failure,requested_member_1_sparsity_failure,0,not_applicable_empty_family
128,s1-step200-f4of5-d1of2,1,1,200,,4,5,0.800,1,2,0.50,False,fresh_execution,fresh_execution,,,,,127,worker_07,results/raw/{stage18_run_id}/workers/worker_07/cells/s1-step200-f4of5-d1of2,sparsity_failure,requested_member_1_sparsity_failure,0,not_applicable_empty_family
129,s1-step200-f4of5-d3of4,1,1,200,,4,5,0.800,3,4,0.75,False,fresh_execution,fresh_execution,,,,,128,worker_08,results/raw/{stage18_run_id}/workers/worker_08/cells/s1-step200-f4of5-d3of4,sparsity_failure,requested_member_1_sparsity_failure,0,not_applicable_empty_family
130,s1-step200-f17of20-d1of4,1,1,200,,17,20,0.850,1,4,0.25,False,fresh_execution,fresh_execution,,,,,129,worker_09,results/raw/{stage18_run_id}/workers/worker_09/cells/s1-step200-f17of20-d1of4,sparsity_failure,requested_member_1_sparsity_failure,0,not_applicable_empty_family
131,s1-step200-f17of20-d1of2,1,1,200,,17,20,0.850,1,2,0.50,False,fresh_execution,fresh_execution,,,,,130,worker_10,results/raw/{stage18_run_id}/workers/worker_10/cells/s1-step200-f17of20-d1of2,sparsity_failure,requested_member_1_sparsity_failure,0,not_applicable_empty_family
132,s1-step200-f17of20-d3of4,1,1,200,,17,20,0.850,3,4,0.75,False,fresh_execution,fresh_execution,,,,,131,worker_11,results/raw/{stage18_run_id}/workers/worker_11/cells/s1-step200-f17of20-d3of4,sparsity_failure,requested_member_1_sparsity_failure,0,not_applicable_empty_family
133,s1-step200-f9of10-d1of4,1,1,200,,9,10,0.900,1,4,0.25,False,fresh_execution,fresh_execution,,,,,132,worker_00,results/raw/{stage18_run_id}/workers/worker_00/cells/s1-step200-f9of10-d1of4,sparsity_failure,requested_member_1_sparsity_failure,0,not_applicable_empty_family
134,s1-step200-f9of10-d1of2,1,1,200,,9,10,0.900,1,2,0.50,False,fresh_execution,fresh_execution,,,,,133,worker_01,results/raw/{stage18_run_id}/workers/worker_01/cells/s1-step200-f9of10-d1of2,sparsity_failure,requested_member_1_sparsity_failure,0,not_applicable_empty_family
135,s1-step200-f9of10-d3of4,1,1,200,,9,10,0.900,3,4,0.75,False,fresh_execution,fresh_execution,,,,,134,worker_02,results/raw/{stage18_run_id}/workers/worker_02/cells/s1-step200-f9of10-d3of4,sparsity_failure,requested_member_1_sparsity_failure,0,not_applicable_empty_family
136,s1-step200-f19of20-d1of4,1,1,200,,19,20,0.950,1,4,0.25,False,fresh_execution,fresh_execution,,,,,135,worker_03,results/raw/{stage18_run_id}/workers/worker_03/cells/s1-step200-f19of20-d1of4,sparsity_failure,requested_member_1_sparsity_failure,0,not_applicable_empty_family
137,s1-step200-f19of20-d1of2,1,1,200,,19,20,0.950,1,2,0.50,False,fresh_execution,fresh_execution,,,,,136,worker_04,results/raw/{stage18_run_id}/workers/worker_04/cells/s1-step200-f19of20-d1of2,sparsity_failure,requested_member_1_sparsity_failure,0,not_applicable_empty_family
138,s1-step200-f19of20-d3of4,1,1,200,,19,20,0.950,3,4,0.75,False,fresh_execution,fresh_execution,,,,,137,worker_05,results/raw/{stage18_run_id}/workers/worker_05/cells/s1-step200-f19of20-d3of4,sparsity_failure,requested_member_1_sparsity_failure,0,not_applicable_empty_family
139,s1-step200-f39of40-d1of4,1,1,200,,39,40,0.975,1,4,0.25,False,fresh_execution,fresh_execution,,,,,138,worker_06,results/raw/{stage18_run_id}/workers/worker_06/cells/s1-step200-f39of40-d1of4,sparsity_failure,requested_member_1_sparsity_failure,0,not_applicable_empty_family
140,s1-step200-f39of40-d1of2,1,1,200,,39,40,0.975,1,2,0.50,False,fresh_execution,fresh_execution,,,,,139,worker_07,results/raw/{stage18_run_id}/workers/worker_07/cells/s1-step200-f39of40-d1of2,sparsity_failure,requested_member_1_sparsity_failure,0,not_applicable_empty_family
141,s1-step200-f39of40-d3of4,1,1,200,,39,40,0.975,3,4,0.75,False,fresh_execution,fresh_execution,,,,,140,worker_08,results/raw/{stage18_run_id}/workers/worker_08/cells/s1-step200-f39of40-d3of4,sparsity_failure,requested_member_1_sparsity_failure,0,not_applicable_empty_family
142,s1-step200-f99of100-d1of4,1,1,200,,99,100,0.990,1,4,0.25,False,fresh_execution,fresh_execution,,,,,141,worker_09,results/raw/{stage18_run_id}/workers/worker_09/cells/s1-step200-f99of100-d1of4,sparsity_failure,requested_member_1_sparsity_failure,0,not_applicable_empty_family
143,s1-step200-f99of100-d1of2,1,1,200,,99,100,0.990,1,2,0.50,True,fresh_execution,fresh_execution,,,,,142,worker_10,results/raw/{stage18_run_id}/workers/worker_10/cells/s1-step200-f99of100-d1of2,sparsity_failure,requested_member_1_sparsity_failure,0,not_applicable_empty_family
144,s1-step200-f99of100-d3of4,1,1,200,,99,100,0.990,3,4,0.75,False,fresh_execution,fresh_execution,,,,,143,worker_11,results/raw/{stage18_run_id}/workers/worker_11/cells/s1-step200-f99of100-d3of4,sparsity_failure,requested_member_1_sparsity_failure,0,not_applicable_empty_family
145,s1-step3400-f4of5-d1of4,1,2,3400,,4,5,0.800,1,4,0.25,False,fresh_execution,fresh_execution,,,,,144,worker_00,results/raw/{stage18_run_id}/workers/worker_00/cells/s1-step3400-f4of5-d1of4,sparsity_failure,requested_member_1_sparsity_failure,0,not_applicable_empty_family
146,s1-step3400-f4of5-d1of2,1,2,3400,,4,5,0.800,1,2,0.50,False,fresh_execution,fresh_execution,,,,,145,worker_01,results/raw/{stage18_run_id}/workers/worker_01/cells/s1-step3400-f4of5-d1of2,sparsity_failure,requested_member_1_sparsity_failure,0,not_applicable_empty_family
147,s1-step3400-f4of5-d3of4,1,2,3400,,4,5,0.800,3,4,0.75,False,fresh_execution,fresh_execution,,,,,146,worker_02,results/raw/{stage18_run_id}/workers/worker_02/cells/s1-step3400-f4of5-d3of4,sparsity_failure,requested_member_1_sparsity_failure,0,not_applicable_empty_family
148,s1-step3400-f17of20-d1of4,1,2,3400,,17,20,0.850,1,4,0.25,False,fresh_execution,fresh_execution,,,,,147,worker_03,results/raw/{stage18_run_id}/workers/worker_03/cells/s1-step3400-f17of20-d1of4,sparsity_failure,requested_member_1_sparsity_failure,0,not_applicable_empty_family
149,s1-step3400-f17of20-d1of2,1,2,3400,,17,20,0.850,1,2,0.50,False,fresh_execution,fresh_execution,,,,,148,worker_04,results/raw/{stage18_run_id}/workers/worker_04/cells/s1-step3400-f17of20-d1of2,sparsity_failure,requested_member_1_sparsity_failure,0,not_applicable_empty_family
150,s1-step3400-f17of20-d3of4,1,2,3400,,17,20,0.850,3,4,0.75,False,fresh_execution,fresh_execution,,,,,149,worker_05,results/raw/{stage18_run_id}/workers/worker_05/cells/s1-step3400-f17of20-d3of4,sparsity_failure,requested_member_1_sparsity_failure,0,not_applicable_empty_family
151,s1-step3400-f9of10-d1of4,1,2,3400,,9,10,0.900,1,4,0.25,False,fresh_execution,fresh_execution,,,,,150,worker_06,results/raw/{stage18_run_id}/workers/worker_06/cells/s1-step3400-f9of10-d1of4,sparsity_failure,requested_member_1_sparsity_failure,0,not_applicable_empty_family
152,s1-step3400-f9of10-d1of2,1,2,3400,,9,10,0.900,1,2,0.50,False,fresh_execution,fresh_execution,,,,,151,worker_07,results/raw/{stage18_run_id}/workers/worker_07/cells/s1-step3400-f9of10-d1of2,sparsity_failure,requested_member_1_sparsity_failure,0,not_applicable_empty_family
153,s1-step3400-f9of10-d3of4,1,2,3400,,9,10,0.900,3,4,0.75,False,fresh_execution,fresh_execution,,,,,152,worker_08,results/raw/{stage18_run_id}/workers/worker_08/cells/s1-step3400-f9of10-d3of4,sparsity_failure,requested_member_1_sparsity_failure,0,not_applicable_empty_family
154,s1-step3400-f19of20-d1of4,1,2,3400,,19,20,0.950,1,4,0.25,False,fresh_execution,fresh_execution,,,,,153,worker_09,results/raw/{stage18_run_id}/workers/worker_09/cells/s1-step3400-f19of20-d1of4,sparsity_failure,requested_member_1_sparsity_failure,0,not_applicable_empty_family
155,s1-step3400-f19of20-d1of2,1,2,3400,,19,20,0.950,1,2,0.50,False,fresh_execution,fresh_execution,,,,,154,worker_10,results/raw/{stage18_run_id}/workers/worker_10/cells/s1-step3400-f19of20-d1of2,sparsity_failure,requested_member_1_sparsity_failure,0,not_applicable_empty_family
156,s1-step3400-f19of20-d3of4,1,2,3400,,19,20,0.950,3,4,0.75,False,fresh_execution,fresh_execution,,,,,155,worker_11,results/raw/{stage18_run_id}/workers/worker_11/cells/s1-step3400-f19of20-d3of4,sparsity_failure,requested_member_1_sparsity_failure,0,not_applicable_empty_family
157,s1-step3400-f39of40-d1of4,1,2,3400,,39,40,0.975,1,4,0.25,False,fresh_execution,fresh_execution,,,,,156,worker_00,results/raw/{stage18_run_id}/workers/worker_00/cells/s1-step3400-f39of40-d1of4,sparsity_failure,requested_member_1_sparsity_failure,0,not_applicable_empty_family
158,s1-step3400-f39of40-d1of2,1,2,3400,,39,40,0.975,1,2,0.50,False,fresh_execution,fresh_execution,,,,,157,worker_01,results/raw/{stage18_run_id}/workers/worker_01/cells/s1-step3400-f39of40-d1of2,sparsity_failure,requested_member_1_sparsity_failure,0,not_applicable_empty_family
159,s1-step3400-f39of40-d3of4,1,2,3400,,39,40,0.975,3,4,0.75,False,fresh_execution,fresh_execution,,,,,158,worker_02,results/raw/{stage18_run_id}/workers/worker_02/cells/s1-step3400-f39of40-d3of4,sparsity_failure,requested_member_1_sparsity_failure,0,not_applicable_empty_family
160,s1-step3400-f99of100-d1of4,1,2,3400,,99,100,0.990,1,4,0.25,False,fresh_execution,fresh_execution,,,,,159,worker_03,results/raw/{stage18_run_id}/workers/worker_03/cells/s1-step3400-f99of100-d1of4,sparsity_failure,requested_member_1_sparsity_failure,0,not_applicable_empty_family
161,s1-step3400-f99of100-d1of2,1,2,3400,,99,100,0.990,1,2,0.50,True,fresh_execution,fresh_execution,,,,,160,worker_04,results/raw/{stage18_run_id}/workers/worker_04/cells/s1-step3400-f99of100-d1of2,sparsity_failure,requested_member_1_sparsity_failure,0,not_applicable_empty_family
162,s1-step3400-f99of100-d3of4,1,2,3400,,99,100,0.990,3,4,0.75,False,fresh_execution,fresh_execution,,,,,161,worker_05,results/raw/{stage18_run_id}/workers/worker_05/cells/s1-step3400-f99of100-d3of4,sparsity_failure,requested_member_1_sparsity_failure,0,not_applicable_empty_family
163,s1-step7450-f4of5-d1of4,1,3,7450,,4,5,0.800,1,4,0.25,False,fresh_execution,fresh_execution,,,,,162,worker_06,results/raw/{stage18_run_id}/workers/worker_06/cells/s1-step7450-f4of5-d1of4,sparsity_failure,requested_member_1_sparsity_failure,0,not_applicable_empty_family
164,s1-step7450-f4of5-d1of2,1,3,7450,,4,5,0.800,1,2,0.50,False,fresh_execution,fresh_execution,,,,,163,worker_07,results/raw/{stage18_run_id}/workers/worker_07/cells/s1-step7450-f4of5-d1of2,sparsity_failure,requested_member_1_sparsity_failure,0,not_applicable_empty_family
165,s1-step7450-f4of5-d3of4,1,3,7450,,4,5,0.800,3,4,0.75,False,fresh_execution,fresh_execution,,,,,164,worker_08,results/raw/{stage18_run_id}/workers/worker_08/cells/s1-step7450-f4of5-d3of4,sparsity_failure,requested_member_1_sparsity_failure,0,not_applicable_empty_family
166,s1-step7450-f17of20-d1of4,1,3,7450,,17,20,0.850,1,4,0.25,False,fresh_execution,fresh_execution,,,,,165,worker_09,results/raw/{stage18_run_id}/workers/worker_09/cells/s1-step7450-f17of20-d1of4,sparsity_failure,requested_member_1_sparsity_failure,0,not_applicable_empty_family
167,s1-step7450-f17of20-d1of2,1,3,7450,,17,20,0.850,1,2,0.50,False,fresh_execution,fresh_execution,,,,,166,worker_10,results/raw/{stage18_run_id}/workers/worker_10/cells/s1-step7450-f17of20-d1of2,sparsity_failure,requested_member_1_sparsity_failure,0,not_applicable_empty_family
168,s1-step7450-f17of20-d3of4,1,3,7450,,17,20,0.850,3,4,0.75,False,fresh_execution,fresh_execution,,,,,167,worker_11,results/raw/{stage18_run_id}/workers/worker_11/cells/s1-step7450-f17of20-d3of4,sparsity_failure,requested_member_1_sparsity_failure,0,not_applicable_empty_family
169,s1-step7450-f9of10-d1of4,1,3,7450,,9,10,0.900,1,4,0.25,False,fresh_execution,fresh_execution,,,,,168,worker_00,results/raw/{stage18_run_id}/workers/worker_00/cells/s1-step7450-f9of10-d1of4,sparsity_failure,requested_member_1_sparsity_failure,0,not_applicable_empty_family
170,s1-step7450-f9of10-d1of2,1,3,7450,,9,10,0.900,1,2,0.50,False,fresh_execution,fresh_execution,,,,,169,worker_01,results/raw/{stage18_run_id}/workers/worker_01/cells/s1-step7450-f9of10-d1of2,sparsity_failure,requested_member_1_sparsity_failure,0,not_applicable_empty_family
171,s1-step7450-f9of10-d3of4,1,3,7450,,9,10,0.900,3,4,0.75,False,fresh_execution,fresh_execution,,,,,170,worker_02,results/raw/{stage18_run_id}/workers/worker_02/cells/s1-step7450-f9of10-d3of4,sparsity_failure,requested_member_1_sparsity_failure,0,not_applicable_empty_family
172,s1-step7450-f19of20-d1of4,1,3,7450,,19,20,0.950,1,4,0.25,False,fresh_execution,fresh_execution,,,,,171,worker_03,results/raw/{stage18_run_id}/workers/worker_03/cells/s1-step7450-f19of20-d1of4,sparsity_failure,requested_member_1_sparsity_failure,0,not_applicable_empty_family
173,s1-step7450-f19of20-d1of2,1,3,7450,,19,20,0.950,1,2,0.50,False,fresh_execution,fresh_execution,,,,,172,worker_04,results/raw/{stage18_run_id}/workers/worker_04/cells/s1-step7450-f19of20-d1of2,sparsity_failure,requested_member_1_sparsity_failure,0,not_applicable_empty_family
174,s1-step7450-f19of20-d3of4,1,3,7450,,19,20,0.950,3,4,0.75,False,fresh_execution,fresh_execution,,,,,173,worker_05,results/raw/{stage18_run_id}/workers/worker_05/cells/s1-step7450-f19of20-d3of4,sparsity_failure,requested_member_1_sparsity_failure,0,not_applicable_empty_family
175,s1-step7450-f39of40-d1of4,1,3,7450,,39,40,0.975,1,4,0.25,False,fresh_execution,fresh_execution,,,,,174,worker_06,results/raw/{stage18_run_id}/workers/worker_06/cells/s1-step7450-f39of40-d1of4,sparsity_failure,requested_member_1_sparsity_failure,0,not_applicable_empty_family
176,s1-step7450-f39of40-d1of2,1,3,7450,,39,40,0.975,1,2,0.50,False,fresh_execution,fresh_execution,,,,,175,worker_07,results/raw/{stage18_run_id}/workers/worker_07/cells/s1-step7450-f39of40-d1of2,sparsity_failure,requested_member_1_sparsity_failure,0,not_applicable_empty_family
177,s1-step7450-f39of40-d3of4,1,3,7450,,39,40,0.975,3,4,0.75,False,fresh_execution,fresh_execution,,,,,176,worker_08,results/raw/{stage18_run_id}/workers/worker_08/cells/s1-step7450-f39of40-d3of4,sparsity_failure,requested_member_1_sparsity_failure,0,not_applicable_empty_family
178,s1-step7450-f99of100-d1of4,1,3,7450,,99,100,0.990,1,4,0.25,False,fresh_execution,fresh_execution,,,,,177,worker_09,results/raw/{stage18_run_id}/workers/worker_09/cells/s1-step7450-f99of100-d1of4,sparsity_failure,requested_member_1_sparsity_failure,0,not_applicable_empty_family
179,s1-step7450-f99of100-d1of2,1,3,7450,,99,100,0.990,1,2,0.50,True,fresh_execution,fresh_execution,,,,,178,worker_10,results/raw/{stage18_run_id}/workers/worker_10/cells/s1-step7450-f99of100-d1of2,sparsity_failure,requested_member_1_sparsity_failure,0,not_applicable_empty_family
180,s1-step7450-f99of100-d3of4,1,3,7450,,99,100,0.990,3,4,0.75,False,fresh_execution,fresh_execution,,,,,179,worker_11,results/raw/{stage18_run_id}/workers/worker_11/cells/s1-step7450-f99of100-d3of4,sparsity_failure,requested_member_1_sparsity_failure,0,not_applicable_empty_family
181,s1-step8150-f4of5-d1of4,1,4,8150,,4,5,0.800,1,4,0.25,False,fresh_execution,fresh_execution,,,,,180,worker_00,results/raw/{stage18_run_id}/workers/worker_00/cells/s1-step8150-f4of5-d1of4,sparsity_failure,requested_member_1_sparsity_failure,0,not_applicable_empty_family
182,s1-step8150-f4of5-d1of2,1,4,8150,,4,5,0.800,1,2,0.50,False,fresh_execution,fresh_execution,,,,,181,worker_01,results/raw/{stage18_run_id}/workers/worker_01/cells/s1-step8150-f4of5-d1of2,sparsity_failure,requested_member_1_sparsity_failure,0,not_applicable_empty_family
183,s1-step8150-f4of5-d3of4,1,4,8150,,4,5,0.800,3,4,0.75,False,fresh_execution,fresh_execution,,,,,182,worker_02,results/raw/{stage18_run_id}/workers/worker_02/cells/s1-step8150-f4of5-d3of4,sparsity_failure,requested_member_1_sparsity_failure,0,not_applicable_empty_family
184,s1-step8150-f17of20-d1of4,1,4,8150,,17,20,0.850,1,4,0.25,False,fresh_execution,fresh_execution,,,,,183,worker_03,results/raw/{stage18_run_id}/workers/worker_03/cells/s1-step8150-f17of20-d1of4,sparsity_failure,requested_member_1_sparsity_failure,0,not_applicable_empty_family
185,s1-step8150-f17of20-d1of2,1,4,8150,,17,20,0.850,1,2,0.50,False,fresh_execution,fresh_execution,,,,,184,worker_04,results/raw/{stage18_run_id}/workers/worker_04/cells/s1-step8150-f17of20-d1of2,sparsity_failure,requested_member_1_sparsity_failure,0,not_applicable_empty_family
186,s1-step8150-f17of20-d3of4,1,4,8150,,17,20,0.850,3,4,0.75,False,fresh_execution,fresh_execution,,,,,185,worker_05,results/raw/{stage18_run_id}/workers/worker_05/cells/s1-step8150-f17of20-d3of4,sparsity_failure,requested_member_1_sparsity_failure,0,not_applicable_empty_family
187,s1-step8150-f9of10-d1of4,1,4,8150,,9,10,0.900,1,4,0.25,False,fresh_execution,fresh_execution,,,,,186,worker_06,results/raw/{stage18_run_id}/workers/worker_06/cells/s1-step8150-f9of10-d1of4,sparsity_failure,requested_member_1_sparsity_failure,0,not_applicable_empty_family
188,s1-step8150-f9of10-d1of2,1,4,8150,,9,10,0.900,1,2,0.50,False,fresh_execution,fresh_execution,,,,,187,worker_07,results/raw/{stage18_run_id}/workers/worker_07/cells/s1-step8150-f9of10-d1of2,sparsity_failure,requested_member_1_sparsity_failure,0,not_applicable_empty_family
189,s1-step8150-f9of10-d3of4,1,4,8150,,9,10,0.900,3,4,0.75,False,fresh_execution,fresh_execution,,,,,188,worker_08,results/raw/{stage18_run_id}/workers/worker_08/cells/s1-step8150-f9of10-d3of4,sparsity_failure,requested_member_1_sparsity_failure,0,not_applicable_empty_family
190,s1-step8150-f19of20-d1of4,1,4,8150,,19,20,0.950,1,4,0.25,False,fresh_execution,fresh_execution,,,,,189,worker_09,results/raw/{stage18_run_id}/workers/worker_09/cells/s1-step8150-f19of20-d1of4,sparsity_failure,requested_member_1_sparsity_failure,0,not_applicable_empty_family
191,s1-step8150-f19of20-d1of2,1,4,8150,,19,20,0.950,1,2,0.50,False,fresh_execution,fresh_execution,,,,,190,worker_10,results/raw/{stage18_run_id}/workers/worker_10/cells/s1-step8150-f19of20-d1of2,sparsity_failure,requested_member_1_sparsity_failure,0,not_applicable_empty_family
192,s1-step8150-f19of20-d3of4,1,4,8150,,19,20,0.950,3,4,0.75,False,fresh_execution,fresh_execution,,,,,191,worker_11,results/raw/{stage18_run_id}/workers/worker_11/cells/s1-step8150-f19of20-d3of4,sparsity_failure,requested_member_1_sparsity_failure,0,not_applicable_empty_family
193,s1-step8150-f39of40-d1of4,1,4,8150,,39,40,0.975,1,4,0.25,False,fresh_execution,fresh_execution,,,,,192,worker_00,results/raw/{stage18_run_id}/workers/worker_00/cells/s1-step8150-f39of40-d1of4,sparsity_failure,requested_member_1_sparsity_failure,0,not_applicable_empty_family
194,s1-step8150-f39of40-d1of2,1,4,8150,,39,40,0.975,1,2,0.50,False,fresh_execution,fresh_execution,,,,,193,worker_01,results/raw/{stage18_run_id}/workers/worker_01/cells/s1-step8150-f39of40-d1of2,sparsity_failure,requested_member_1_sparsity_failure,0,not_applicable_empty_family
195,s1-step8150-f39of40-d3of4,1,4,8150,,39,40,0.975,3,4,0.75,False,fresh_execution,fresh_execution,,,,,194,worker_02,results/raw/{stage18_run_id}/workers/worker_02/cells/s1-step8150-f39of40-d3of4,sparsity_failure,requested_member_1_sparsity_failure,0,not_applicable_empty_family
196,s1-step8150-f99of100-d1of4,1,4,8150,,99,100,0.990,1,4,0.25,False,fresh_execution,fresh_execution,,,,,195,worker_03,results/raw/{stage18_run_id}/workers/worker_03/cells/s1-step8150-f99of100-d1of4,sparsity_failure,requested_member_1_sparsity_failure,0,not_applicable_empty_family
197,s1-step8150-f99of100-d1of2,1,4,8150,,99,100,0.990,1,2,0.50,True,fresh_execution,fresh_execution,,,,,196,worker_04,results/raw/{stage18_run_id}/workers/worker_04/cells/s1-step8150-f99of100-d1of2,sparsity_failure,requested_member_1_sparsity_failure,0,not_applicable_empty_family
198,s1-step8150-f99of100-d3of4,1,4,8150,,99,100,0.990,3,4,0.75,False,fresh_execution,fresh_execution,,,,,197,worker_05,results/raw/{stage18_run_id}/workers/worker_05/cells/s1-step8150-f99of100-d3of4,sparsity_failure,requested_member_1_sparsity_failure,0,not_applicable_empty_family
199,s1-step8500-f4of5-d1of4,1,5,8500,,4,5,0.800,1,4,0.25,False,fresh_execution,fresh_execution,,,,,198,worker_06,results/raw/{stage18_run_id}/workers/worker_06/cells/s1-step8500-f4of5-d1of4,budget_exhaustion,requested_member_2_budget_exhaustion,1,complete
200,s1-step8500-f4of5-d1of2,1,5,8500,,4,5,0.800,1,2,0.50,False,fresh_execution,fresh_execution,,,,,199,worker_07,results/raw/{stage18_run_id}/workers/worker_07/cells/s1-step8500-f4of5-d1of2,budget_exhaustion,requested_member_2_budget_exhaustion,1,complete
201,s1-step8500-f4of5-d3of4,1,5,8500,,4,5,0.800,3,4,0.75,False,fresh_execution,fresh_execution,,,,,200,worker_08,results/raw/{stage18_run_id}/workers/worker_08/cells/s1-step8500-f4of5-d3of4,budget_exhaustion,requested_member_2_budget_exhaustion,1,complete
202,s1-step8500-f17of20-d1of4,1,5,8500,,17,20,0.850,1,4,0.25,False,fresh_execution,fresh_execution,,,,,201,worker_09,results/raw/{stage18_run_id}/workers/worker_09/cells/s1-step8500-f17of20-d1of4,sparsity_failure,requested_member_1_sparsity_failure,0,not_applicable_empty_family
203,s1-step8500-f17of20-d1of2,1,5,8500,,17,20,0.850,1,2,0.50,False,fresh_execution,fresh_execution,,,,,202,worker_10,results/raw/{stage18_run_id}/workers/worker_10/cells/s1-step8500-f17of20-d1of2,sparsity_failure,requested_member_1_sparsity_failure,0,not_applicable_empty_family
204,s1-step8500-f17of20-d3of4,1,5,8500,,17,20,0.850,3,4,0.75,False,fresh_execution,fresh_execution,,,,,203,worker_11,results/raw/{stage18_run_id}/workers/worker_11/cells/s1-step8500-f17of20-d3of4,sparsity_failure,requested_member_1_sparsity_failure,0,not_applicable_empty_family
205,s1-step8500-f9of10-d1of4,1,5,8500,,9,10,0.900,1,4,0.25,False,fresh_execution,fresh_execution,,,,,204,worker_00,results/raw/{stage18_run_id}/workers/worker_00/cells/s1-step8500-f9of10-d1of4,sparsity_failure,requested_member_1_sparsity_failure,0,not_applicable_empty_family
206,s1-step8500-f9of10-d1of2,1,5,8500,,9,10,0.900,1,2,0.50,False,fresh_execution,fresh_execution,,,,,205,worker_01,results/raw/{stage18_run_id}/workers/worker_01/cells/s1-step8500-f9of10-d1of2,sparsity_failure,requested_member_1_sparsity_failure,0,not_applicable_empty_family
207,s1-step8500-f9of10-d3of4,1,5,8500,,9,10,0.900,3,4,0.75,False,fresh_execution,fresh_execution,,,,,206,worker_02,results/raw/{stage18_run_id}/workers/worker_02/cells/s1-step8500-f9of10-d3of4,sparsity_failure,requested_member_1_sparsity_failure,0,not_applicable_empty_family
208,s1-step8500-f19of20-d1of4,1,5,8500,,19,20,0.950,1,4,0.25,False,fresh_execution,fresh_execution,,,,,207,worker_03,results/raw/{stage18_run_id}/workers/worker_03/cells/s1-step8500-f19of20-d1of4,sparsity_failure,requested_member_1_sparsity_failure,0,not_applicable_empty_family
209,s1-step8500-f19of20-d1of2,1,5,8500,,19,20,0.950,1,2,0.50,False,fresh_execution,fresh_execution,,,,,208,worker_04,results/raw/{stage18_run_id}/workers/worker_04/cells/s1-step8500-f19of20-d1of2,sparsity_failure,requested_member_1_sparsity_failure,0,not_applicable_empty_family
210,s1-step8500-f19of20-d3of4,1,5,8500,,19,20,0.950,3,4,0.75,False,fresh_execution,fresh_execution,,,,,209,worker_05,results/raw/{stage18_run_id}/workers/worker_05/cells/s1-step8500-f19of20-d3of4,sparsity_failure,requested_member_1_sparsity_failure,0,not_applicable_empty_family
211,s1-step8500-f39of40-d1of4,1,5,8500,,39,40,0.975,1,4,0.25,False,fresh_execution,fresh_execution,,,,,210,worker_06,results/raw/{stage18_run_id}/workers/worker_06/cells/s1-step8500-f39of40-d1of4,sparsity_failure,requested_member_1_sparsity_failure,0,not_applicable_empty_family
212,s1-step8500-f39of40-d1of2,1,5,8500,,39,40,0.975,1,2,0.50,False,fresh_execution,fresh_execution,,,,,211,worker_07,results/raw/{stage18_run_id}/workers/worker_07/cells/s1-step8500-f39of40-d1of2,sparsity_failure,requested_member_1_sparsity_failure,0,not_applicable_empty_family
213,s1-step8500-f39of40-d3of4,1,5,8500,,39,40,0.975,3,4,0.75,False,fresh_execution,fresh_execution,,,,,212,worker_08,results/raw/{stage18_run_id}/workers/worker_08/cells/s1-step8500-f39of40-d3of4,sparsity_failure,requested_member_1_sparsity_failure,0,not_applicable_empty_family
214,s1-step8500-f99of100-d1of4,1,5,8500,,99,100,0.990,1,4,0.25,False,fresh_execution,fresh_execution,,,,,213,worker_09,results/raw/{stage18_run_id}/workers/worker_09/cells/s1-step8500-f99of100-d1of4,sparsity_failure,requested_member_1_sparsity_failure,0,not_applicable_empty_family
215,s1-step8500-f99of100-d1of2,1,5,8500,,99,100,0.990,1,2,0.50,True,fresh_execution,fresh_execution,,,,,214,worker_10,results/raw/{stage18_run_id}/workers/worker_10/cells/s1-step8500-f99of100-d1of2,sparsity_failure,requested_member_1_sparsity_failure,0,not_applicable_empty_family
216,s1-step8500-f99of100-d3of4,1,5,8500,,99,100,0.990,3,4,0.75,False,fresh_execution,fresh_execution,,,,,215,worker_11,results/raw/{stage18_run_id}/workers/worker_11/cells/s1-step8500-f99of100-d3of4,sparsity_failure,requested_member_1_sparsity_failure,0,not_applicable_empty_family
217,s1-step8650-f4of5-d1of4,1,6,8650,,4,5,0.800,1,4,0.25,False,fresh_execution,fresh_execution,,,,,216,worker_00,results/raw/{stage18_run_id}/workers/worker_00/cells/s1-step8650-f4of5-d1of4,budget_exhaustion,requested_member_4_budget_exhaustion,3,complete
218,s1-step8650-f4of5-d1of2,1,6,8650,,4,5,0.800,1,2,0.50,False,fresh_execution,fresh_execution,,,,,217,worker_01,results/raw/{stage18_run_id}/workers/worker_01/cells/s1-step8650-f4of5-d1of2,budget_exhaustion,requested_member_9_budget_exhaustion,8,complete
219,s1-step8650-f4of5-d3of4,1,6,8650,,4,5,0.800,3,4,0.75,False,fresh_execution,fresh_execution,,,,,218,worker_02,results/raw/{stage18_run_id}/workers/worker_02/cells/s1-step8650-f4of5-d3of4,budget_exhaustion,requested_member_9_budget_exhaustion,8,complete
220,s1-step8650-f17of20-d1of4,1,6,8650,,17,20,0.850,1,4,0.25,False,fresh_execution,fresh_execution,,,,,219,worker_03,results/raw/{stage18_run_id}/workers/worker_03/cells/s1-step8650-f17of20-d1of4,budget_exhaustion,requested_member_3_budget_exhaustion,2,complete
221,s1-step8650-f17of20-d1of2,1,6,8650,,17,20,0.850,1,2,0.50,False,fresh_execution,fresh_execution,,,,,220,worker_04,results/raw/{stage18_run_id}/workers/worker_04/cells/s1-step8650-f17of20-d1of2,budget_exhaustion,requested_member_9_budget_exhaustion,8,complete
222,s1-step8650-f17of20-d3of4,1,6,8650,,17,20,0.850,3,4,0.75,False,fresh_execution,fresh_execution,,,,,221,worker_05,results/raw/{stage18_run_id}/workers/worker_05/cells/s1-step8650-f17of20-d3of4,budget_exhaustion,requested_member_9_budget_exhaustion,8,complete
223,s1-step8650-f9of10-d1of4,1,6,8650,,9,10,0.900,1,4,0.25,False,fresh_execution,fresh_execution,,,,,222,worker_06,results/raw/{stage18_run_id}/workers/worker_06/cells/s1-step8650-f9of10-d1of4,budget_exhaustion,requested_member_3_budget_exhaustion,2,complete
224,s1-step8650-f9of10-d1of2,1,6,8650,,9,10,0.900,1,2,0.50,False,fresh_execution,fresh_execution,,,,,223,worker_07,results/raw/{stage18_run_id}/workers/worker_07/cells/s1-step8650-f9of10-d1of2,budget_exhaustion,requested_member_9_budget_exhaustion,8,complete
225,s1-step8650-f9of10-d3of4,1,6,8650,,9,10,0.900,3,4,0.75,False,fresh_execution,fresh_execution,,,,,224,worker_08,results/raw/{stage18_run_id}/workers/worker_08/cells/s1-step8650-f9of10-d3of4,budget_exhaustion,requested_member_9_budget_exhaustion,8,complete
226,s1-step8650-f19of20-d1of4,1,6,8650,,19,20,0.950,1,4,0.25,False,fresh_execution,fresh_execution,,,,,225,worker_09,results/raw/{stage18_run_id}/workers/worker_09/cells/s1-step8650-f19of20-d1of4,sparsity_failure,requested_member_1_sparsity_failure,0,not_applicable_empty_family
227,s1-step8650-f19of20-d1of2,1,6,8650,,19,20,0.950,1,2,0.50,False,fresh_execution,fresh_execution,,,,,226,worker_10,results/raw/{stage18_run_id}/workers/worker_10/cells/s1-step8650-f19of20-d1of2,sparsity_failure,requested_member_1_sparsity_failure,0,not_applicable_empty_family
228,s1-step8650-f19of20-d3of4,1,6,8650,,19,20,0.950,3,4,0.75,False,fresh_execution,fresh_execution,,,,,227,worker_11,results/raw/{stage18_run_id}/workers/worker_11/cells/s1-step8650-f19of20-d3of4,sparsity_failure,requested_member_1_sparsity_failure,0,not_applicable_empty_family
229,s1-step8650-f39of40-d1of4,1,6,8650,,39,40,0.975,1,4,0.25,False,fresh_execution,fresh_execution,,,,,228,worker_00,results/raw/{stage18_run_id}/workers/worker_00/cells/s1-step8650-f39of40-d1of4,sparsity_failure,requested_member_1_sparsity_failure,0,not_applicable_empty_family
230,s1-step8650-f39of40-d1of2,1,6,8650,,39,40,0.975,1,2,0.50,False,fresh_execution,fresh_execution,,,,,229,worker_01,results/raw/{stage18_run_id}/workers/worker_01/cells/s1-step8650-f39of40-d1of2,sparsity_failure,requested_member_1_sparsity_failure,0,not_applicable_empty_family
231,s1-step8650-f39of40-d3of4,1,6,8650,,39,40,0.975,3,4,0.75,False,fresh_execution,fresh_execution,,,,,230,worker_02,results/raw/{stage18_run_id}/workers/worker_02/cells/s1-step8650-f39of40-d3of4,sparsity_failure,requested_member_1_sparsity_failure,0,not_applicable_empty_family
232,s1-step8650-f99of100-d1of4,1,6,8650,,99,100,0.990,1,4,0.25,False,fresh_execution,fresh_execution,,,,,231,worker_03,results/raw/{stage18_run_id}/workers/worker_03/cells/s1-step8650-f99of100-d1of4,sparsity_failure,requested_member_1_sparsity_failure,0,not_applicable_empty_family
233,s1-step8650-f99of100-d1of2,1,6,8650,,99,100,0.990,1,2,0.50,True,fresh_execution,fresh_execution,,,,,232,worker_04,results/raw/{stage18_run_id}/workers/worker_04/cells/s1-step8650-f99of100-d1of2,sparsity_failure,requested_member_1_sparsity_failure,0,not_applicable_empty_family
234,s1-step8650-f99of100-d3of4,1,6,8650,,99,100,0.990,3,4,0.75,False,fresh_execution,fresh_execution,,,,,233,worker_05,results/raw/{stage18_run_id}/workers/worker_05/cells/s1-step8650-f99of100-d3of4,sparsity_failure,requested_member_1_sparsity_failure,0,not_applicable_empty_family
235,s1-step9050-f4of5-d1of4,1,7,9050,,4,5,0.800,1,4,0.25,False,reference_existing_result,reference_existing_result,17,stage17-sensitivity-s1-7801e7938531,manifests/stage17_sensitivity_stage17-sensitivity-s1-7801e7938531.json,s1-step9050-f4of5-d1of4,,,results/raw/{stage18_run_id}/references/s1-step9050-f4of5-d1of4,budget_exhaustion,requested_member_4_budget_exhaustion,3,complete
236,s1-step9050-f4of5-d1of2,1,7,9050,,4,5,0.800,1,2,0.50,False,reference_existing_result,reference_existing_result,17,stage17-sensitivity-s1-7801e7938531,manifests/stage17_sensitivity_stage17-sensitivity-s1-7801e7938531.json,s1-step9050-f4of5-d1of2,,,results/raw/{stage18_run_id}/references/s1-step9050-f4of5-d1of2,budget_exhaustion,requested_member_7_budget_exhaustion,6,complete
237,s1-step9050-f4of5-d3of4,1,7,9050,,4,5,0.800,3,4,0.75,False,reference_existing_result,reference_existing_result,17,stage17-sensitivity-s1-7801e7938531,manifests/stage17_sensitivity_stage17-sensitivity-s1-7801e7938531.json,s1-step9050-f4of5-d3of4,,,results/raw/{stage18_run_id}/references/s1-step9050-f4of5-d3of4,budget_exhaustion,requested_member_7_budget_exhaustion,6,complete
238,s1-step9050-f17of20-d1of4,1,7,9050,,17,20,0.850,1,4,0.25,False,reference_existing_result,reference_existing_result,17,stage17-sensitivity-s1-7801e7938531,manifests/stage17_sensitivity_stage17-sensitivity-s1-7801e7938531.json,s1-step9050-f17of20-d1of4,,,results/raw/{stage18_run_id}/references/s1-step9050-f17of20-d1of4,budget_exhaustion,requested_member_3_budget_exhaustion,2,complete
239,s1-step9050-f17of20-d1of2,1,7,9050,,17,20,0.850,1,2,0.50,False,reference_existing_result,reference_existing_result,17,stage17-sensitivity-s1-7801e7938531,manifests/stage17_sensitivity_stage17-sensitivity-s1-7801e7938531.json,s1-step9050-f17of20-d1of2,,,results/raw/{stage18_run_id}/references/s1-step9050-f17of20-d1of2,budget_exhaustion,requested_member_7_budget_exhaustion,6,complete
240,s1-step9050-f17of20-d3of4,1,7,9050,,17,20,0.850,3,4,0.75,False,reference_existing_result,reference_existing_result,17,stage17-sensitivity-s1-7801e7938531,manifests/stage17_sensitivity_stage17-sensitivity-s1-7801e7938531.json,s1-step9050-f17of20-d3of4,,,results/raw/{stage18_run_id}/references/s1-step9050-f17of20-d3of4,budget_exhaustion,requested_member_7_budget_exhaustion,6,complete
241,s1-step9050-f9of10-d1of4,1,7,9050,,9,10,0.900,1,4,0.25,False,reference_existing_result,reference_existing_result,17,stage17-sensitivity-s1-7801e7938531,manifests/stage17_sensitivity_stage17-sensitivity-s1-7801e7938531.json,s1-step9050-f9of10-d1of4,,,results/raw/{stage18_run_id}/references/s1-step9050-f9of10-d1of4,budget_exhaustion,requested_member_4_budget_exhaustion,3,complete
242,s1-step9050-f9of10-d1of2,1,7,9050,,9,10,0.900,1,2,0.50,False,reference_existing_result,reference_existing_result,17,stage17-sensitivity-s1-7801e7938531,manifests/stage17_sensitivity_stage17-sensitivity-s1-7801e7938531.json,s1-step9050-f9of10-d1of2,,,results/raw/{stage18_run_id}/references/s1-step9050-f9of10-d1of2,budget_exhaustion,requested_member_8_budget_exhaustion,7,complete
243,s1-step9050-f9of10-d3of4,1,7,9050,,9,10,0.900,3,4,0.75,False,reference_existing_result,reference_existing_result,17,stage17-sensitivity-s1-7801e7938531,manifests/stage17_sensitivity_stage17-sensitivity-s1-7801e7938531.json,s1-step9050-f9of10-d3of4,,,results/raw/{stage18_run_id}/references/s1-step9050-f9of10-d3of4,budget_exhaustion,requested_member_8_budget_exhaustion,7,complete
244,s1-step9050-f19of20-d1of4,1,7,9050,,19,20,0.950,1,4,0.25,False,reference_existing_result,reference_existing_result,17,stage17-sensitivity-s1-7801e7938531,manifests/stage17_sensitivity_stage17-sensitivity-s1-7801e7938531.json,s1-step9050-f19of20-d1of4,,,results/raw/{stage18_run_id}/references/s1-step9050-f19of20-d1of4,budget_exhaustion,requested_member_5_budget_exhaustion,4,complete
245,s1-step9050-f19of20-d1of2,1,7,9050,,19,20,0.950,1,2,0.50,False,reference_existing_result,reference_existing_result,17,stage17-sensitivity-s1-7801e7938531,manifests/stage17_sensitivity_stage17-sensitivity-s1-7801e7938531.json,s1-step9050-f19of20-d1of2,,,results/raw/{stage18_run_id}/references/s1-step9050-f19of20-d1of2,budget_exhaustion,requested_member_8_budget_exhaustion,7,complete
246,s1-step9050-f19of20-d3of4,1,7,9050,,19,20,0.950,3,4,0.75,False,reference_existing_result,reference_existing_result,17,stage17-sensitivity-s1-7801e7938531,manifests/stage17_sensitivity_stage17-sensitivity-s1-7801e7938531.json,s1-step9050-f19of20-d3of4,,,results/raw/{stage18_run_id}/references/s1-step9050-f19of20-d3of4,budget_exhaustion,requested_member_8_budget_exhaustion,7,complete
247,s1-step9050-f39of40-d1of4,1,7,9050,,39,40,0.975,1,4,0.25,False,reference_existing_result,reference_existing_result,17,stage17-sensitivity-s1-7801e7938531,manifests/stage17_sensitivity_stage17-sensitivity-s1-7801e7938531.json,s1-step9050-f39of40-d1of4,,,results/raw/{stage18_run_id}/references/s1-step9050-f39of40-d1of4,budget_exhaustion,requested_member_5_budget_exhaustion,4,complete
248,s1-step9050-f39of40-d1of2,1,7,9050,,39,40,0.975,1,2,0.50,False,reference_existing_result,reference_existing_result,17,stage17-sensitivity-s1-7801e7938531,manifests/stage17_sensitivity_stage17-sensitivity-s1-7801e7938531.json,s1-step9050-f39of40-d1of2,,,results/raw/{stage18_run_id}/references/s1-step9050-f39of40-d1of2,budget_exhaustion,requested_member_8_budget_exhaustion,7,complete
249,s1-step9050-f39of40-d3of4,1,7,9050,,39,40,0.975,3,4,0.75,False,reference_existing_result,reference_existing_result,17,stage17-sensitivity-s1-7801e7938531,manifests/stage17_sensitivity_stage17-sensitivity-s1-7801e7938531.json,s1-step9050-f39of40-d3of4,,,results/raw/{stage18_run_id}/references/s1-step9050-f39of40-d3of4,budget_exhaustion,requested_member_8_budget_exhaustion,7,complete
250,s1-step9050-f99of100-d1of4,1,7,9050,,99,100,0.990,1,4,0.25,False,reference_existing_result,reference_existing_result,17,stage17-sensitivity-s1-7801e7938531,manifests/stage17_sensitivity_stage17-sensitivity-s1-7801e7938531.json,s1-step9050-f99of100-d1of4,,,results/raw/{stage18_run_id}/references/s1-step9050-f99of100-d1of4,budget_exhaustion,requested_member_4_budget_exhaustion,3,complete
251,s1-step9050-f99of100-d1of2,1,7,9050,,99,100,0.990,1,2,0.50,True,reference_existing_result,reference_existing_result,17,stage17-sensitivity-s1-7801e7938531,manifests/stage17_sensitivity_stage17-sensitivity-s1-7801e7938531.json,s1-step9050-f99of100-d1of2,,,results/raw/{stage18_run_id}/references/s1-step9050-f99of100-d1of2,budget_exhaustion,requested_member_8_budget_exhaustion,7,reference_verified
252,s1-step9050-f99of100-d3of4,1,7,9050,,99,100,0.990,3,4,0.75,False,reference_existing_result,reference_existing_result,17,stage17-sensitivity-s1-7801e7938531,manifests/stage17_sensitivity_stage17-sensitivity-s1-7801e7938531.json,s1-step9050-f99of100-d3of4,,,results/raw/{stage18_run_id}/references/s1-step9050-f99of100-d3of4,budget_exhaustion,requested_member_8_budget_exhaustion,7,complete
253,s2-step200-f4of5-d1of4,2,1,200,,4,5,0.800,1,4,0.25,False,fresh_execution,fresh_execution,,,,,234,worker_06,results/raw/{stage18_run_id}/workers/worker_06/cells/s2-step200-f4of5-d1of4,sparsity_failure,requested_member_1_sparsity_failure,0,not_applicable_empty_family
254,s2-step200-f4of5-d1of2,2,1,200,,4,5,0.800,1,2,0.50,False,fresh_execution,fresh_execution,,,,,235,worker_07,results/raw/{stage18_run_id}/workers/worker_07/cells/s2-step200-f4of5-d1of2,sparsity_failure,requested_member_1_sparsity_failure,0,not_applicable_empty_family
255,s2-step200-f4of5-d3of4,2,1,200,,4,5,0.800,3,4,0.75,False,fresh_execution,fresh_execution,,,,,236,worker_08,results/raw/{stage18_run_id}/workers/worker_08/cells/s2-step200-f4of5-d3of4,sparsity_failure,requested_member_1_sparsity_failure,0,not_applicable_empty_family
256,s2-step200-f17of20-d1of4,2,1,200,,17,20,0.850,1,4,0.25,False,fresh_execution,fresh_execution,,,,,237,worker_09,results/raw/{stage18_run_id}/workers/worker_09/cells/s2-step200-f17of20-d1of4,sparsity_failure,requested_member_1_sparsity_failure,0,not_applicable_empty_family
257,s2-step200-f17of20-d1of2,2,1,200,,17,20,0.850,1,2,0.50,False,fresh_execution,fresh_execution,,,,,238,worker_10,results/raw/{stage18_run_id}/workers/worker_10/cells/s2-step200-f17of20-d1of2,sparsity_failure,requested_member_1_sparsity_failure,0,not_applicable_empty_family
258,s2-step200-f17of20-d3of4,2,1,200,,17,20,0.850,3,4,0.75,False,fresh_execution,fresh_execution,,,,,239,worker_11,results/raw/{stage18_run_id}/workers/worker_11/cells/s2-step200-f17of20-d3of4,sparsity_failure,requested_member_1_sparsity_failure,0,not_applicable_empty_family
259,s2-step200-f9of10-d1of4,2,1,200,,9,10,0.900,1,4,0.25,False,fresh_execution,fresh_execution,,,,,240,worker_00,results/raw/{stage18_run_id}/workers/worker_00/cells/s2-step200-f9of10-d1of4,sparsity_failure,requested_member_1_sparsity_failure,0,not_applicable_empty_family
260,s2-step200-f9of10-d1of2,2,1,200,,9,10,0.900,1,2,0.50,False,fresh_execution,fresh_execution,,,,,241,worker_01,results/raw/{stage18_run_id}/workers/worker_01/cells/s2-step200-f9of10-d1of2,sparsity_failure,requested_member_1_sparsity_failure,0,not_applicable_empty_family
261,s2-step200-f9of10-d3of4,2,1,200,,9,10,0.900,3,4,0.75,False,fresh_execution,fresh_execution,,,,,242,worker_02,results/raw/{stage18_run_id}/workers/worker_02/cells/s2-step200-f9of10-d3of4,sparsity_failure,requested_member_1_sparsity_failure,0,not_applicable_empty_family
262,s2-step200-f19of20-d1of4,2,1,200,,19,20,0.950,1,4,0.25,False,fresh_execution,fresh_execution,,,,,243,worker_03,results/raw/{stage18_run_id}/workers/worker_03/cells/s2-step200-f19of20-d1of4,sparsity_failure,requested_member_1_sparsity_failure,0,not_applicable_empty_family
263,s2-step200-f19of20-d1of2,2,1,200,,19,20,0.950,1,2,0.50,False,fresh_execution,fresh_execution,,,,,244,worker_04,results/raw/{stage18_run_id}/workers/worker_04/cells/s2-step200-f19of20-d1of2,sparsity_failure,requested_member_1_sparsity_failure,0,not_applicable_empty_family
264,s2-step200-f19of20-d3of4,2,1,200,,19,20,0.950,3,4,0.75,False,fresh_execution,fresh_execution,,,,,245,worker_05,results/raw/{stage18_run_id}/workers/worker_05/cells/s2-step200-f19of20-d3of4,sparsity_failure,requested_member_1_sparsity_failure,0,not_applicable_empty_family
265,s2-step200-f39of40-d1of4,2,1,200,,39,40,0.975,1,4,0.25,False,fresh_execution,fresh_execution,,,,,246,worker_06,results/raw/{stage18_run_id}/workers/worker_06/cells/s2-step200-f39of40-d1of4,sparsity_failure,requested_member_1_sparsity_failure,0,not_applicable_empty_family
266,s2-step200-f39of40-d1of2,2,1,200,,39,40,0.975,1,2,0.50,False,fresh_execution,fresh_execution,,,,,247,worker_07,results/raw/{stage18_run_id}/workers/worker_07/cells/s2-step200-f39of40-d1of2,sparsity_failure,requested_member_1_sparsity_failure,0,not_applicable_empty_family
267,s2-step200-f39of40-d3of4,2,1,200,,39,40,0.975,3,4,0.75,False,fresh_execution,fresh_execution,,,,,248,worker_08,results/raw/{stage18_run_id}/workers/worker_08/cells/s2-step200-f39of40-d3of4,sparsity_failure,requested_member_1_sparsity_failure,0,not_applicable_empty_family
268,s2-step200-f99of100-d1of4,2,1,200,,99,100,0.990,1,4,0.25,False,fresh_execution,fresh_execution,,,,,249,worker_09,results/raw/{stage18_run_id}/workers/worker_09/cells/s2-step200-f99of100-d1of4,sparsity_failure,requested_member_1_sparsity_failure,0,not_applicable_empty_family
269,s2-step200-f99of100-d1of2,2,1,200,,99,100,0.990,1,2,0.50,True,fresh_execution,fresh_execution,,,,,250,worker_10,results/raw/{stage18_run_id}/workers/worker_10/cells/s2-step200-f99of100-d1of2,sparsity_failure,requested_member_1_sparsity_failure,0,not_applicable_empty_family
270,s2-step200-f99of100-d3of4,2,1,200,,99,100,0.990,3,4,0.75,False,fresh_execution,fresh_execution,,,,,251,worker_11,results/raw/{stage18_run_id}/workers/worker_11/cells/s2-step200-f99of100-d3of4,sparsity_failure,requested_member_1_sparsity_failure,0,not_applicable_empty_family
271,s2-step3400-f4of5-d1of4,2,2,3400,,4,5,0.800,1,4,0.25,False,fresh_execution,fresh_execution,,,,,252,worker_00,results/raw/{stage18_run_id}/workers/worker_00/cells/s2-step3400-f4of5-d1of4,sparsity_failure,requested_member_1_sparsity_failure,0,not_applicable_empty_family
272,s2-step3400-f4of5-d1of2,2,2,3400,,4,5,0.800,1,2,0.50,False,fresh_execution,fresh_execution,,,,,253,worker_01,results/raw/{stage18_run_id}/workers/worker_01/cells/s2-step3400-f4of5-d1of2,sparsity_failure,requested_member_1_sparsity_failure,0,not_applicable_empty_family
273,s2-step3400-f4of5-d3of4,2,2,3400,,4,5,0.800,3,4,0.75,False,fresh_execution,fresh_execution,,,,,254,worker_02,results/raw/{stage18_run_id}/workers/worker_02/cells/s2-step3400-f4of5-d3of4,sparsity_failure,requested_member_1_sparsity_failure,0,not_applicable_empty_family
274,s2-step3400-f17of20-d1of4,2,2,3400,,17,20,0.850,1,4,0.25,False,fresh_execution,fresh_execution,,,,,255,worker_03,results/raw/{stage18_run_id}/workers/worker_03/cells/s2-step3400-f17of20-d1of4,sparsity_failure,requested_member_1_sparsity_failure,0,not_applicable_empty_family
275,s2-step3400-f17of20-d1of2,2,2,3400,,17,20,0.850,1,2,0.50,False,fresh_execution,fresh_execution,,,,,256,worker_04,results/raw/{stage18_run_id}/workers/worker_04/cells/s2-step3400-f17of20-d1of2,sparsity_failure,requested_member_1_sparsity_failure,0,not_applicable_empty_family
276,s2-step3400-f17of20-d3of4,2,2,3400,,17,20,0.850,3,4,0.75,False,fresh_execution,fresh_execution,,,,,257,worker_05,results/raw/{stage18_run_id}/workers/worker_05/cells/s2-step3400-f17of20-d3of4,sparsity_failure,requested_member_1_sparsity_failure,0,not_applicable_empty_family
277,s2-step3400-f9of10-d1of4,2,2,3400,,9,10,0.900,1,4,0.25,False,fresh_execution,fresh_execution,,,,,258,worker_06,results/raw/{stage18_run_id}/workers/worker_06/cells/s2-step3400-f9of10-d1of4,sparsity_failure,requested_member_1_sparsity_failure,0,not_applicable_empty_family
278,s2-step3400-f9of10-d1of2,2,2,3400,,9,10,0.900,1,2,0.50,False,fresh_execution,fresh_execution,,,,,259,worker_07,results/raw/{stage18_run_id}/workers/worker_07/cells/s2-step3400-f9of10-d1of2,sparsity_failure,requested_member_1_sparsity_failure,0,not_applicable_empty_family
279,s2-step3400-f9of10-d3of4,2,2,3400,,9,10,0.900,3,4,0.75,False,fresh_execution,fresh_execution,,,,,260,worker_08,results/raw/{stage18_run_id}/workers/worker_08/cells/s2-step3400-f9of10-d3of4,sparsity_failure,requested_member_1_sparsity_failure,0,not_applicable_empty_family
280,s2-step3400-f19of20-d1of4,2,2,3400,,19,20,0.950,1,4,0.25,False,fresh_execution,fresh_execution,,,,,261,worker_09,results/raw/{stage18_run_id}/workers/worker_09/cells/s2-step3400-f19of20-d1of4,sparsity_failure,requested_member_1_sparsity_failure,0,not_applicable_empty_family
281,s2-step3400-f19of20-d1of2,2,2,3400,,19,20,0.950,1,2,0.50,False,fresh_execution,fresh_execution,,,,,262,worker_10,results/raw/{stage18_run_id}/workers/worker_10/cells/s2-step3400-f19of20-d1of2,sparsity_failure,requested_member_1_sparsity_failure,0,not_applicable_empty_family
282,s2-step3400-f19of20-d3of4,2,2,3400,,19,20,0.950,3,4,0.75,False,fresh_execution,fresh_execution,,,,,263,worker_11,results/raw/{stage18_run_id}/workers/worker_11/cells/s2-step3400-f19of20-d3of4,sparsity_failure,requested_member_1_sparsity_failure,0,not_applicable_empty_family
283,s2-step3400-f39of40-d1of4,2,2,3400,,39,40,0.975,1,4,0.25,False,fresh_execution,fresh_execution,,,,,264,worker_00,results/raw/{stage18_run_id}/workers/worker_00/cells/s2-step3400-f39of40-d1of4,sparsity_failure,requested_member_1_sparsity_failure,0,not_applicable_empty_family
284,s2-step3400-f39of40-d1of2,2,2,3400,,39,40,0.975,1,2,0.50,False,fresh_execution,fresh_execution,,,,,265,worker_01,results/raw/{stage18_run_id}/workers/worker_01/cells/s2-step3400-f39of40-d1of2,sparsity_failure,requested_member_1_sparsity_failure,0,not_applicable_empty_family
285,s2-step3400-f39of40-d3of4,2,2,3400,,39,40,0.975,3,4,0.75,False,fresh_execution,fresh_execution,,,,,266,worker_02,results/raw/{stage18_run_id}/workers/worker_02/cells/s2-step3400-f39of40-d3of4,sparsity_failure,requested_member_1_sparsity_failure,0,not_applicable_empty_family
286,s2-step3400-f99of100-d1of4,2,2,3400,,99,100,0.990,1,4,0.25,False,fresh_execution,fresh_execution,,,,,267,worker_03,results/raw/{stage18_run_id}/workers/worker_03/cells/s2-step3400-f99of100-d1of4,sparsity_failure,requested_member_1_sparsity_failure,0,not_applicable_empty_family
287,s2-step3400-f99of100-d1of2,2,2,3400,,99,100,0.990,1,2,0.50,True,fresh_execution,fresh_execution,,,,,268,worker_04,results/raw/{stage18_run_id}/workers/worker_04/cells/s2-step3400-f99of100-d1of2,sparsity_failure,requested_member_1_sparsity_failure,0,not_applicable_empty_family
288,s2-step3400-f99of100-d3of4,2,2,3400,,99,100,0.990,3,4,0.75,False,fresh_execution,fresh_execution,,,,,269,worker_05,results/raw/{stage18_run_id}/workers/worker_05/cells/s2-step3400-f99of100-d3of4,sparsity_failure,requested_member_1_sparsity_failure,0,not_applicable_empty_family
289,s2-step7450-f4of5-d1of4,2,3,7450,,4,5,0.800,1,4,0.25,False,fresh_execution,fresh_execution,,,,,270,worker_06,results/raw/{stage18_run_id}/workers/worker_06/cells/s2-step7450-f4of5-d1of4,budget_exhaustion,requested_member_4_budget_exhaustion,3,complete
290,s2-step7450-f4of5-d1of2,2,3,7450,,4,5,0.800,1,2,0.50,False,fresh_execution,fresh_execution,,,,,271,worker_07,results/raw/{stage18_run_id}/workers/worker_07/cells/s2-step7450-f4of5-d1of2,budget_exhaustion,requested_member_8_budget_exhaustion,7,complete
291,s2-step7450-f4of5-d3of4,2,3,7450,,4,5,0.800,3,4,0.75,False,fresh_execution,fresh_execution,,,,,272,worker_08,results/raw/{stage18_run_id}/workers/worker_08/cells/s2-step7450-f4of5-d3of4,budget_exhaustion,requested_member_8_budget_exhaustion,7,complete
292,s2-step7450-f17of20-d1of4,2,3,7450,,17,20,0.850,1,4,0.25,False,fresh_execution,fresh_execution,,,,,273,worker_09,results/raw/{stage18_run_id}/workers/worker_09/cells/s2-step7450-f17of20-d1of4,budget_exhaustion,requested_member_4_budget_exhaustion,3,complete
293,s2-step7450-f17of20-d1of2,2,3,7450,,17,20,0.850,1,2,0.50,False,fresh_execution,fresh_execution,,,,,274,worker_10,results/raw/{stage18_run_id}/workers/worker_10/cells/s2-step7450-f17of20-d1of2,budget_exhaustion,requested_member_8_budget_exhaustion,7,complete
294,s2-step7450-f17of20-d3of4,2,3,7450,,17,20,0.850,3,4,0.75,False,fresh_execution,fresh_execution,,,,,275,worker_11,results/raw/{stage18_run_id}/workers/worker_11/cells/s2-step7450-f17of20-d3of4,budget_exhaustion,requested_member_8_budget_exhaustion,7,complete
295,s2-step7450-f9of10-d1of4,2,3,7450,,9,10,0.900,1,4,0.25,False,fresh_execution,fresh_execution,,,,,276,worker_00,results/raw/{stage18_run_id}/workers/worker_00/cells/s2-step7450-f9of10-d1of4,budget_exhaustion,requested_member_4_budget_exhaustion,3,complete
296,s2-step7450-f9of10-d1of2,2,3,7450,,9,10,0.900,1,2,0.50,False,fresh_execution,fresh_execution,,,,,277,worker_01,results/raw/{stage18_run_id}/workers/worker_01/cells/s2-step7450-f9of10-d1of2,budget_exhaustion,requested_member_8_budget_exhaustion,7,complete
297,s2-step7450-f9of10-d3of4,2,3,7450,,9,10,0.900,3,4,0.75,False,fresh_execution,fresh_execution,,,,,278,worker_02,results/raw/{stage18_run_id}/workers/worker_02/cells/s2-step7450-f9of10-d3of4,budget_exhaustion,requested_member_8_budget_exhaustion,7,complete
298,s2-step7450-f19of20-d1of4,2,3,7450,,19,20,0.950,1,4,0.25,False,fresh_execution,fresh_execution,,,,,279,worker_03,results/raw/{stage18_run_id}/workers/worker_03/cells/s2-step7450-f19of20-d1of4,budget_exhaustion,requested_member_4_budget_exhaustion,3,complete
299,s2-step7450-f19of20-d1of2,2,3,7450,,19,20,0.950,1,2,0.50,False,fresh_execution,fresh_execution,,,,,280,worker_04,results/raw/{stage18_run_id}/workers/worker_04/cells/s2-step7450-f19of20-d1of2,budget_exhaustion,requested_member_9_budget_exhaustion,8,complete
300,s2-step7450-f19of20-d3of4,2,3,7450,,19,20,0.950,3,4,0.75,False,fresh_execution,fresh_execution,,,,,281,worker_05,results/raw/{stage18_run_id}/workers/worker_05/cells/s2-step7450-f19of20-d3of4,budget_exhaustion,requested_member_9_budget_exhaustion,8,complete
301,s2-step7450-f39of40-d1of4,2,3,7450,,39,40,0.975,1,4,0.25,False,fresh_execution,fresh_execution,,,,,282,worker_06,results/raw/{stage18_run_id}/workers/worker_06/cells/s2-step7450-f39of40-d1of4,budget_exhaustion,requested_member_3_budget_exhaustion,2,complete
302,s2-step7450-f39of40-d1of2,2,3,7450,,39,40,0.975,1,2,0.50,False,fresh_execution,fresh_execution,,,,,283,worker_07,results/raw/{stage18_run_id}/workers/worker_07/cells/s2-step7450-f39of40-d1of2,budget_exhaustion,requested_member_9_budget_exhaustion,8,complete
303,s2-step7450-f39of40-d3of4,2,3,7450,,39,40,0.975,3,4,0.75,False,fresh_execution,fresh_execution,,,,,284,worker_08,results/raw/{stage18_run_id}/workers/worker_08/cells/s2-step7450-f39of40-d3of4,budget_exhaustion,requested_member_9_budget_exhaustion,8,complete
304,s2-step7450-f99of100-d1of4,2,3,7450,,99,100,0.990,1,4,0.25,False,fresh_execution,fresh_execution,,,,,285,worker_09,results/raw/{stage18_run_id}/workers/worker_09/cells/s2-step7450-f99of100-d1of4,sparsity_failure,requested_member_1_sparsity_failure,0,not_applicable_empty_family
305,s2-step7450-f99of100-d1of2,2,3,7450,,99,100,0.990,1,2,0.50,True,fresh_execution,fresh_execution,,,,,286,worker_10,results/raw/{stage18_run_id}/workers/worker_10/cells/s2-step7450-f99of100-d1of2,sparsity_failure,requested_member_1_sparsity_failure,0,not_applicable_empty_family
306,s2-step7450-f99of100-d3of4,2,3,7450,,99,100,0.990,3,4,0.75,False,fresh_execution,fresh_execution,,,,,287,worker_11,results/raw/{stage18_run_id}/workers/worker_11/cells/s2-step7450-f99of100-d3of4,sparsity_failure,requested_member_1_sparsity_failure,0,not_applicable_empty_family
307,s2-step8150-f4of5-d1of4,2,4,8150,,4,5,0.800,1,4,0.25,False,fresh_execution,fresh_execution,,,,,288,worker_00,results/raw/{stage18_run_id}/workers/worker_00/cells/s2-step8150-f4of5-d1of4,budget_exhaustion,requested_member_3_budget_exhaustion,2,complete
308,s2-step8150-f4of5-d1of2,2,4,8150,,4,5,0.800,1,2,0.50,False,fresh_execution,fresh_execution,,,,,289,worker_01,results/raw/{stage18_run_id}/workers/worker_01/cells/s2-step8150-f4of5-d1of2,budget_exhaustion,requested_member_7_budget_exhaustion,6,complete
309,s2-step8150-f4of5-d3of4,2,4,8150,,4,5,0.800,3,4,0.75,False,fresh_execution,fresh_execution,,,,,290,worker_02,results/raw/{stage18_run_id}/workers/worker_02/cells/s2-step8150-f4of5-d3of4,budget_exhaustion,requested_member_7_budget_exhaustion,6,complete
310,s2-step8150-f17of20-d1of4,2,4,8150,,17,20,0.850,1,4,0.25,False,fresh_execution,fresh_execution,,,,,291,worker_03,results/raw/{stage18_run_id}/workers/worker_03/cells/s2-step8150-f17of20-d1of4,budget_exhaustion,requested_member_3_budget_exhaustion,2,complete
311,s2-step8150-f17of20-d1of2,2,4,8150,,17,20,0.850,1,2,0.50,False,fresh_execution,fresh_execution,,,,,292,worker_04,results/raw/{stage18_run_id}/workers/worker_04/cells/s2-step8150-f17of20-d1of2,budget_exhaustion,requested_member_7_budget_exhaustion,6,complete
312,s2-step8150-f17of20-d3of4,2,4,8150,,17,20,0.850,3,4,0.75,False,fresh_execution,fresh_execution,,,,,293,worker_05,results/raw/{stage18_run_id}/workers/worker_05/cells/s2-step8150-f17of20-d3of4,budget_exhaustion,requested_member_7_budget_exhaustion,6,complete
313,s2-step8150-f9of10-d1of4,2,4,8150,,9,10,0.900,1,4,0.25,False,fresh_execution,fresh_execution,,,,,294,worker_06,results/raw/{stage18_run_id}/workers/worker_06/cells/s2-step8150-f9of10-d1of4,budget_exhaustion,requested_member_3_budget_exhaustion,2,complete
314,s2-step8150-f9of10-d1of2,2,4,8150,,9,10,0.900,1,2,0.50,False,fresh_execution,fresh_execution,,,,,295,worker_07,results/raw/{stage18_run_id}/workers/worker_07/cells/s2-step8150-f9of10-d1of2,budget_exhaustion,requested_member_7_budget_exhaustion,6,complete
315,s2-step8150-f9of10-d3of4,2,4,8150,,9,10,0.900,3,4,0.75,False,fresh_execution,fresh_execution,,,,,296,worker_08,results/raw/{stage18_run_id}/workers/worker_08/cells/s2-step8150-f9of10-d3of4,budget_exhaustion,requested_member_7_budget_exhaustion,6,complete
316,s2-step8150-f19of20-d1of4,2,4,8150,,19,20,0.950,1,4,0.25,False,fresh_execution,fresh_execution,,,,,297,worker_09,results/raw/{stage18_run_id}/workers/worker_09/cells/s2-step8150-f19of20-d1of4,budget_exhaustion,requested_member_3_budget_exhaustion,2,complete
317,s2-step8150-f19of20-d1of2,2,4,8150,,19,20,0.950,1,2,0.50,False,fresh_execution,fresh_execution,,,,,298,worker_10,results/raw/{stage18_run_id}/workers/worker_10/cells/s2-step8150-f19of20-d1of2,budget_exhaustion,requested_member_8_budget_exhaustion,7,complete
318,s2-step8150-f19of20-d3of4,2,4,8150,,19,20,0.950,3,4,0.75,False,fresh_execution,fresh_execution,,,,,299,worker_11,results/raw/{stage18_run_id}/workers/worker_11/cells/s2-step8150-f19of20-d3of4,budget_exhaustion,requested_member_8_budget_exhaustion,7,complete
319,s2-step8150-f39of40-d1of4,2,4,8150,,39,40,0.975,1,4,0.25,False,fresh_execution,fresh_execution,,,,,300,worker_00,results/raw/{stage18_run_id}/workers/worker_00/cells/s2-step8150-f39of40-d1of4,budget_exhaustion,requested_member_3_budget_exhaustion,2,complete
320,s2-step8150-f39of40-d1of2,2,4,8150,,39,40,0.975,1,2,0.50,False,fresh_execution,fresh_execution,,,,,301,worker_01,results/raw/{stage18_run_id}/workers/worker_01/cells/s2-step8150-f39of40-d1of2,budget_exhaustion,requested_member_8_budget_exhaustion,7,complete
321,s2-step8150-f39of40-d3of4,2,4,8150,,39,40,0.975,3,4,0.75,False,fresh_execution,fresh_execution,,,,,302,worker_02,results/raw/{stage18_run_id}/workers/worker_02/cells/s2-step8150-f39of40-d3of4,budget_exhaustion,requested_member_8_budget_exhaustion,7,complete
322,s2-step8150-f99of100-d1of4,2,4,8150,,99,100,0.990,1,4,0.25,False,fresh_execution,fresh_execution,,,,,303,worker_03,results/raw/{stage18_run_id}/workers/worker_03/cells/s2-step8150-f99of100-d1of4,budget_exhaustion,requested_member_3_budget_exhaustion,2,complete
323,s2-step8150-f99of100-d1of2,2,4,8150,,99,100,0.990,1,2,0.50,True,fresh_execution,fresh_execution,,,,,304,worker_04,results/raw/{stage18_run_id}/workers/worker_04/cells/s2-step8150-f99of100-d1of2,budget_exhaustion,requested_member_8_budget_exhaustion,7,complete
324,s2-step8150-f99of100-d3of4,2,4,8150,,99,100,0.990,3,4,0.75,False,fresh_execution,fresh_execution,,,,,305,worker_05,results/raw/{stage18_run_id}/workers/worker_05/cells/s2-step8150-f99of100-d3of4,budget_exhaustion,requested_member_8_budget_exhaustion,7,complete
325,s2-step8500-f4of5-d1of4,2,5,8500,,4,5,0.800,1,4,0.25,False,fresh_execution,fresh_execution,,,,,306,worker_06,results/raw/{stage18_run_id}/workers/worker_06/cells/s2-step8500-f4of5-d1of4,budget_exhaustion,requested_member_5_budget_exhaustion,4,complete
326,s2-step8500-f4of5-d1of2,2,5,8500,,4,5,0.800,1,2,0.50,False,fresh_execution,fresh_execution,,,,,307,worker_07,results/raw/{stage18_run_id}/workers/worker_07/cells/s2-step8500-f4of5-d1of2,budget_exhaustion,requested_member_7_budget_exhaustion,6,complete
327,s2-step8500-f4of5-d3of4,2,5,8500,,4,5,0.800,3,4,0.75,False,fresh_execution,fresh_execution,,,,,308,worker_08,results/raw/{stage18_run_id}/workers/worker_08/cells/s2-step8500-f4of5-d3of4,budget_exhaustion,requested_member_7_budget_exhaustion,6,complete
328,s2-step8500-f17of20-d1of4,2,5,8500,,17,20,0.850,1,4,0.25,False,fresh_execution,fresh_execution,,,,,309,worker_09,results/raw/{stage18_run_id}/workers/worker_09/cells/s2-step8500-f17of20-d1of4,budget_exhaustion,requested_member_6_budget_exhaustion,5,complete
329,s2-step8500-f17of20-d1of2,2,5,8500,,17,20,0.850,1,2,0.50,False,fresh_execution,fresh_execution,,,,,310,worker_10,results/raw/{stage18_run_id}/workers/worker_10/cells/s2-step8500-f17of20-d1of2,budget_exhaustion,requested_member_7_budget_exhaustion,6,complete
330,s2-step8500-f17of20-d3of4,2,5,8500,,17,20,0.850,3,4,0.75,False,fresh_execution,fresh_execution,,,,,311,worker_11,results/raw/{stage18_run_id}/workers/worker_11/cells/s2-step8500-f17of20-d3of4,budget_exhaustion,requested_member_7_budget_exhaustion,6,complete
331,s2-step8500-f9of10-d1of4,2,5,8500,,9,10,0.900,1,4,0.25,False,fresh_execution,fresh_execution,,,,,312,worker_00,results/raw/{stage18_run_id}/workers/worker_00/cells/s2-step8500-f9of10-d1of4,budget_exhaustion,requested_member_3_budget_exhaustion,2,complete
332,s2-step8500-f9of10-d1of2,2,5,8500,,9,10,0.900,1,2,0.50,False,fresh_execution,fresh_execution,,,,,313,worker_01,results/raw/{stage18_run_id}/workers/worker_01/cells/s2-step8500-f9of10-d1of2,budget_exhaustion,requested_member_7_budget_exhaustion,6,complete
333,s2-step8500-f9of10-d3of4,2,5,8500,,9,10,0.900,3,4,0.75,False,fresh_execution,fresh_execution,,,,,314,worker_02,results/raw/{stage18_run_id}/workers/worker_02/cells/s2-step8500-f9of10-d3of4,budget_exhaustion,requested_member_7_budget_exhaustion,6,complete
334,s2-step8500-f19of20-d1of4,2,5,8500,,19,20,0.950,1,4,0.25,False,fresh_execution,fresh_execution,,,,,315,worker_03,results/raw/{stage18_run_id}/workers/worker_03/cells/s2-step8500-f19of20-d1of4,budget_exhaustion,requested_member_4_budget_exhaustion,3,complete
335,s2-step8500-f19of20-d1of2,2,5,8500,,19,20,0.950,1,2,0.50,False,fresh_execution,fresh_execution,,,,,316,worker_04,results/raw/{stage18_run_id}/workers/worker_04/cells/s2-step8500-f19of20-d1of2,budget_exhaustion,requested_member_7_budget_exhaustion,6,complete
336,s2-step8500-f19of20-d3of4,2,5,8500,,19,20,0.950,3,4,0.75,False,fresh_execution,fresh_execution,,,,,317,worker_05,results/raw/{stage18_run_id}/workers/worker_05/cells/s2-step8500-f19of20-d3of4,budget_exhaustion,requested_member_7_budget_exhaustion,6,complete
337,s2-step8500-f39of40-d1of4,2,5,8500,,39,40,0.975,1,4,0.25,False,fresh_execution,fresh_execution,,,,,318,worker_06,results/raw/{stage18_run_id}/workers/worker_06/cells/s2-step8500-f39of40-d1of4,budget_exhaustion,requested_member_4_budget_exhaustion,3,complete
338,s2-step8500-f39of40-d1of2,2,5,8500,,39,40,0.975,1,2,0.50,False,fresh_execution,fresh_execution,,,,,319,worker_07,results/raw/{stage18_run_id}/workers/worker_07/cells/s2-step8500-f39of40-d1of2,budget_exhaustion,requested_member_8_budget_exhaustion,7,complete
339,s2-step8500-f39of40-d3of4,2,5,8500,,39,40,0.975,3,4,0.75,False,fresh_execution,fresh_execution,,,,,320,worker_08,results/raw/{stage18_run_id}/workers/worker_08/cells/s2-step8500-f39of40-d3of4,budget_exhaustion,requested_member_8_budget_exhaustion,7,complete
340,s2-step8500-f99of100-d1of4,2,5,8500,,99,100,0.990,1,4,0.25,False,fresh_execution,fresh_execution,,,,,321,worker_09,results/raw/{stage18_run_id}/workers/worker_09/cells/s2-step8500-f99of100-d1of4,budget_exhaustion,requested_member_4_budget_exhaustion,3,complete
341,s2-step8500-f99of100-d1of2,2,5,8500,,99,100,0.990,1,2,0.50,True,fresh_execution,fresh_execution,,,,,322,worker_10,results/raw/{stage18_run_id}/workers/worker_10/cells/s2-step8500-f99of100-d1of2,budget_exhaustion,requested_member_8_budget_exhaustion,7,complete
342,s2-step8500-f99of100-d3of4,2,5,8500,,99,100,0.990,3,4,0.75,False,fresh_execution,fresh_execution,,,,,323,worker_11,results/raw/{stage18_run_id}/workers/worker_11/cells/s2-step8500-f99of100-d3of4,budget_exhaustion,requested_member_8_budget_exhaustion,7,complete
343,s2-step8650-f4of5-d1of4,2,6,8650,,4,5,0.800,1,4,0.25,False,fresh_execution,fresh_execution,,,,,324,worker_00,results/raw/{stage18_run_id}/workers/worker_00/cells/s2-step8650-f4of5-d1of4,budget_exhaustion,requested_member_3_budget_exhaustion,2,complete
344,s2-step8650-f4of5-d1of2,2,6,8650,,4,5,0.800,1,2,0.50,False,fresh_execution,fresh_execution,,,,,325,worker_01,results/raw/{stage18_run_id}/workers/worker_01/cells/s2-step8650-f4of5-d1of2,budget_exhaustion,requested_member_7_budget_exhaustion,6,complete
345,s2-step8650-f4of5-d3of4,2,6,8650,,4,5,0.800,3,4,0.75,False,fresh_execution,fresh_execution,,,,,326,worker_02,results/raw/{stage18_run_id}/workers/worker_02/cells/s2-step8650-f4of5-d3of4,budget_exhaustion,requested_member_7_budget_exhaustion,6,complete
346,s2-step8650-f17of20-d1of4,2,6,8650,,17,20,0.850,1,4,0.25,False,fresh_execution,fresh_execution,,,,,327,worker_03,results/raw/{stage18_run_id}/workers/worker_03/cells/s2-step8650-f17of20-d1of4,budget_exhaustion,requested_member_4_budget_exhaustion,3,complete
347,s2-step8650-f17of20-d1of2,2,6,8650,,17,20,0.850,1,2,0.50,False,fresh_execution,fresh_execution,,,,,328,worker_04,results/raw/{stage18_run_id}/workers/worker_04/cells/s2-step8650-f17of20-d1of2,budget_exhaustion,requested_member_7_budget_exhaustion,6,complete
348,s2-step8650-f17of20-d3of4,2,6,8650,,17,20,0.850,3,4,0.75,False,fresh_execution,fresh_execution,,,,,329,worker_05,results/raw/{stage18_run_id}/workers/worker_05/cells/s2-step8650-f17of20-d3of4,budget_exhaustion,requested_member_7_budget_exhaustion,6,complete
349,s2-step8650-f9of10-d1of4,2,6,8650,,9,10,0.900,1,4,0.25,False,fresh_execution,fresh_execution,,,,,330,worker_06,results/raw/{stage18_run_id}/workers/worker_06/cells/s2-step8650-f9of10-d1of4,budget_exhaustion,requested_member_4_budget_exhaustion,3,complete
350,s2-step8650-f9of10-d1of2,2,6,8650,,9,10,0.900,1,2,0.50,False,fresh_execution,fresh_execution,,,,,331,worker_07,results/raw/{stage18_run_id}/workers/worker_07/cells/s2-step8650-f9of10-d1of2,budget_exhaustion,requested_member_7_budget_exhaustion,6,complete
351,s2-step8650-f9of10-d3of4,2,6,8650,,9,10,0.900,3,4,0.75,False,fresh_execution,fresh_execution,,,,,332,worker_08,results/raw/{stage18_run_id}/workers/worker_08/cells/s2-step8650-f9of10-d3of4,budget_exhaustion,requested_member_7_budget_exhaustion,6,complete
352,s2-step8650-f19of20-d1of4,2,6,8650,,19,20,0.950,1,4,0.25,False,fresh_execution,fresh_execution,,,,,333,worker_09,results/raw/{stage18_run_id}/workers/worker_09/cells/s2-step8650-f19of20-d1of4,budget_exhaustion,requested_member_4_budget_exhaustion,3,complete
353,s2-step8650-f19of20-d1of2,2,6,8650,,19,20,0.950,1,2,0.50,False,fresh_execution,fresh_execution,,,,,334,worker_10,results/raw/{stage18_run_id}/workers/worker_10/cells/s2-step8650-f19of20-d1of2,budget_exhaustion,requested_member_7_budget_exhaustion,6,complete
354,s2-step8650-f19of20-d3of4,2,6,8650,,19,20,0.950,3,4,0.75,False,fresh_execution,fresh_execution,,,,,335,worker_11,results/raw/{stage18_run_id}/workers/worker_11/cells/s2-step8650-f19of20-d3of4,budget_exhaustion,requested_member_7_budget_exhaustion,6,complete
355,s2-step8650-f39of40-d1of4,2,6,8650,,39,40,0.975,1,4,0.25,False,fresh_execution,fresh_execution,,,,,336,worker_00,results/raw/{stage18_run_id}/workers/worker_00/cells/s2-step8650-f39of40-d1of4,budget_exhaustion,requested_member_4_budget_exhaustion,3,complete
356,s2-step8650-f39of40-d1of2,2,6,8650,,39,40,0.975,1,2,0.50,False,fresh_execution,fresh_execution,,,,,337,worker_01,results/raw/{stage18_run_id}/workers/worker_01/cells/s2-step8650-f39of40-d1of2,budget_exhaustion,requested_member_8_budget_exhaustion,7,complete
357,s2-step8650-f39of40-d3of4,2,6,8650,,39,40,0.975,3,4,0.75,False,fresh_execution,fresh_execution,,,,,338,worker_02,results/raw/{stage18_run_id}/workers/worker_02/cells/s2-step8650-f39of40-d3of4,budget_exhaustion,requested_member_8_budget_exhaustion,7,complete
358,s2-step8650-f99of100-d1of4,2,6,8650,,99,100,0.990,1,4,0.25,False,fresh_execution,fresh_execution,,,,,339,worker_03,results/raw/{stage18_run_id}/workers/worker_03/cells/s2-step8650-f99of100-d1of4,budget_exhaustion,requested_member_4_budget_exhaustion,3,complete
359,s2-step8650-f99of100-d1of2,2,6,8650,,99,100,0.990,1,2,0.50,True,fresh_execution,fresh_execution,,,,,340,worker_04,results/raw/{stage18_run_id}/workers/worker_04/cells/s2-step8650-f99of100-d1of2,budget_exhaustion,requested_member_8_budget_exhaustion,7,complete
360,s2-step8650-f99of100-d3of4,2,6,8650,,99,100,0.990,3,4,0.75,False,fresh_execution,fresh_execution,,,,,341,worker_05,results/raw/{stage18_run_id}/workers/worker_05/cells/s2-step8650-f99of100-d3of4,budget_exhaustion,requested_member_8_budget_exhaustion,7,complete
361,s2-step9050-f4of5-d1of4,2,7,9050,,4,5,0.800,1,4,0.25,False,fresh_execution,fresh_execution,,,,,342,worker_06,results/raw/{stage18_run_id}/workers/worker_06/cells/s2-step9050-f4of5-d1of4,budget_exhaustion,requested_member_4_budget_exhaustion,3,complete
362,s2-step9050-f4of5-d1of2,2,7,9050,,4,5,0.800,1,2,0.50,False,fresh_execution,fresh_execution,,,,,343,worker_07,results/raw/{stage18_run_id}/workers/worker_07/cells/s2-step9050-f4of5-d1of2,budget_exhaustion,requested_member_7_budget_exhaustion,6,complete
363,s2-step9050-f4of5-d3of4,2,7,9050,,4,5,0.800,3,4,0.75,False,fresh_execution,fresh_execution,,,,,344,worker_08,results/raw/{stage18_run_id}/workers/worker_08/cells/s2-step9050-f4of5-d3of4,budget_exhaustion,requested_member_7_budget_exhaustion,6,complete
364,s2-step9050-f17of20-d1of4,2,7,9050,,17,20,0.850,1,4,0.25,False,fresh_execution,fresh_execution,,,,,345,worker_09,results/raw/{stage18_run_id}/workers/worker_09/cells/s2-step9050-f17of20-d1of4,budget_exhaustion,requested_member_5_budget_exhaustion,4,complete
365,s2-step9050-f17of20-d1of2,2,7,9050,,17,20,0.850,1,2,0.50,False,fresh_execution,fresh_execution,,,,,346,worker_10,results/raw/{stage18_run_id}/workers/worker_10/cells/s2-step9050-f17of20-d1of2,budget_exhaustion,requested_member_7_budget_exhaustion,6,complete
366,s2-step9050-f17of20-d3of4,2,7,9050,,17,20,0.850,3,4,0.75,False,fresh_execution,fresh_execution,,,,,347,worker_11,results/raw/{stage18_run_id}/workers/worker_11/cells/s2-step9050-f17of20-d3of4,budget_exhaustion,requested_member_7_budget_exhaustion,6,complete
367,s2-step9050-f9of10-d1of4,2,7,9050,,9,10,0.900,1,4,0.25,False,fresh_execution,fresh_execution,,,,,348,worker_00,results/raw/{stage18_run_id}/workers/worker_00/cells/s2-step9050-f9of10-d1of4,budget_exhaustion,requested_member_4_budget_exhaustion,3,complete
368,s2-step9050-f9of10-d1of2,2,7,9050,,9,10,0.900,1,2,0.50,False,fresh_execution,fresh_execution,,,,,349,worker_01,results/raw/{stage18_run_id}/workers/worker_01/cells/s2-step9050-f9of10-d1of2,budget_exhaustion,requested_member_7_budget_exhaustion,6,complete
369,s2-step9050-f9of10-d3of4,2,7,9050,,9,10,0.900,3,4,0.75,False,fresh_execution,fresh_execution,,,,,350,worker_02,results/raw/{stage18_run_id}/workers/worker_02/cells/s2-step9050-f9of10-d3of4,budget_exhaustion,requested_member_7_budget_exhaustion,6,complete
370,s2-step9050-f19of20-d1of4,2,7,9050,,19,20,0.950,1,4,0.25,False,fresh_execution,fresh_execution,,,,,351,worker_03,results/raw/{stage18_run_id}/workers/worker_03/cells/s2-step9050-f19of20-d1of4,budget_exhaustion,requested_member_6_budget_exhaustion,5,complete
371,s2-step9050-f19of20-d1of2,2,7,9050,,19,20,0.950,1,2,0.50,False,fresh_execution,fresh_execution,,,,,352,worker_04,results/raw/{stage18_run_id}/workers/worker_04/cells/s2-step9050-f19of20-d1of2,budget_exhaustion,requested_member_7_budget_exhaustion,6,complete
372,s2-step9050-f19of20-d3of4,2,7,9050,,19,20,0.950,3,4,0.75,False,fresh_execution,fresh_execution,,,,,353,worker_05,results/raw/{stage18_run_id}/workers/worker_05/cells/s2-step9050-f19of20-d3of4,budget_exhaustion,requested_member_7_budget_exhaustion,6,complete
373,s2-step9050-f39of40-d1of4,2,7,9050,,39,40,0.975,1,4,0.25,False,fresh_execution,fresh_execution,,,,,354,worker_06,results/raw/{stage18_run_id}/workers/worker_06/cells/s2-step9050-f39of40-d1of4,budget_exhaustion,requested_member_8_budget_exhaustion,7,complete
374,s2-step9050-f39of40-d1of2,2,7,9050,,39,40,0.975,1,2,0.50,False,fresh_execution,fresh_execution,,,,,355,worker_07,results/raw/{stage18_run_id}/workers/worker_07/cells/s2-step9050-f39of40-d1of2,budget_exhaustion,requested_member_8_budget_exhaustion,7,complete
375,s2-step9050-f39of40-d3of4,2,7,9050,,39,40,0.975,3,4,0.75,False,fresh_execution,fresh_execution,,,,,356,worker_08,results/raw/{stage18_run_id}/workers/worker_08/cells/s2-step9050-f39of40-d3of4,budget_exhaustion,requested_member_8_budget_exhaustion,7,complete
376,s2-step9050-f99of100-d1of4,2,7,9050,,99,100,0.990,1,4,0.25,False,fresh_execution,fresh_execution,,,,,357,worker_09,results/raw/{stage18_run_id}/workers/worker_09/cells/s2-step9050-f99of100-d1of4,budget_exhaustion,requested_member_7_budget_exhaustion,6,complete
377,s2-step9050-f99of100-d1of2,2,7,9050,,99,100,0.990,1,2,0.50,True,fresh_execution,fresh_execution,,,,,358,worker_10,results/raw/{stage18_run_id}/workers/worker_10/cells/s2-step9050-f99of100-d1of2,budget_exhaustion,requested_member_8_budget_exhaustion,7,complete
378,s2-step9050-f99of100-d3of4,2,7,9050,,99,100,0.990,3,4,0.75,False,fresh_execution,fresh_execution,,,,,359,worker_11,results/raw/{stage18_run_id}/workers/worker_11/cells/s2-step9050-f99of100-d3of4,budget_exhaustion,requested_member_8_budget_exhaustion,7,complete
379,s3-step200-f4of5-d1of4,3,1,200,,4,5,0.800,1,4,0.25,False,fresh_execution,fresh_execution,,,,,360,worker_00,results/raw/{stage18_run_id}/workers/worker_00/cells/s3-step200-f4of5-d1of4,sparsity_failure,requested_member_1_sparsity_failure,0,not_applicable_empty_family
380,s3-step200-f4of5-d1of2,3,1,200,,4,5,0.800,1,2,0.50,False,fresh_execution,fresh_execution,,,,,361,worker_01,results/raw/{stage18_run_id}/workers/worker_01/cells/s3-step200-f4of5-d1of2,sparsity_failure,requested_member_1_sparsity_failure,0,not_applicable_empty_family
381,s3-step200-f4of5-d3of4,3,1,200,,4,5,0.800,3,4,0.75,False,fresh_execution,fresh_execution,,,,,362,worker_02,results/raw/{stage18_run_id}/workers/worker_02/cells/s3-step200-f4of5-d3of4,sparsity_failure,requested_member_1_sparsity_failure,0,not_applicable_empty_family
382,s3-step200-f17of20-d1of4,3,1,200,,17,20,0.850,1,4,0.25,False,fresh_execution,fresh_execution,,,,,363,worker_03,results/raw/{stage18_run_id}/workers/worker_03/cells/s3-step200-f17of20-d1of4,sparsity_failure,requested_member_1_sparsity_failure,0,not_applicable_empty_family
383,s3-step200-f17of20-d1of2,3,1,200,,17,20,0.850,1,2,0.50,False,fresh_execution,fresh_execution,,,,,364,worker_04,results/raw/{stage18_run_id}/workers/worker_04/cells/s3-step200-f17of20-d1of2,sparsity_failure,requested_member_1_sparsity_failure,0,not_applicable_empty_family
384,s3-step200-f17of20-d3of4,3,1,200,,17,20,0.850,3,4,0.75,False,fresh_execution,fresh_execution,,,,,365,worker_05,results/raw/{stage18_run_id}/workers/worker_05/cells/s3-step200-f17of20-d3of4,sparsity_failure,requested_member_1_sparsity_failure,0,not_applicable_empty_family
385,s3-step200-f9of10-d1of4,3,1,200,,9,10,0.900,1,4,0.25,False,fresh_execution,fresh_execution,,,,,366,worker_06,results/raw/{stage18_run_id}/workers/worker_06/cells/s3-step200-f9of10-d1of4,sparsity_failure,requested_member_1_sparsity_failure,0,not_applicable_empty_family
386,s3-step200-f9of10-d1of2,3,1,200,,9,10,0.900,1,2,0.50,False,fresh_execution,fresh_execution,,,,,367,worker_07,results/raw/{stage18_run_id}/workers/worker_07/cells/s3-step200-f9of10-d1of2,sparsity_failure,requested_member_1_sparsity_failure,0,not_applicable_empty_family
387,s3-step200-f9of10-d3of4,3,1,200,,9,10,0.900,3,4,0.75,False,fresh_execution,fresh_execution,,,,,368,worker_08,results/raw/{stage18_run_id}/workers/worker_08/cells/s3-step200-f9of10-d3of4,sparsity_failure,requested_member_1_sparsity_failure,0,not_applicable_empty_family
388,s3-step200-f19of20-d1of4,3,1,200,,19,20,0.950,1,4,0.25,False,fresh_execution,fresh_execution,,,,,369,worker_09,results/raw/{stage18_run_id}/workers/worker_09/cells/s3-step200-f19of20-d1of4,sparsity_failure,requested_member_1_sparsity_failure,0,not_applicable_empty_family
389,s3-step200-f19of20-d1of2,3,1,200,,19,20,0.950,1,2,0.50,False,fresh_execution,fresh_execution,,,,,370,worker_10,results/raw/{stage18_run_id}/workers/worker_10/cells/s3-step200-f19of20-d1of2,sparsity_failure,requested_member_1_sparsity_failure,0,not_applicable_empty_family
390,s3-step200-f19of20-d3of4,3,1,200,,19,20,0.950,3,4,0.75,False,fresh_execution,fresh_execution,,,,,371,worker_11,results/raw/{stage18_run_id}/workers/worker_11/cells/s3-step200-f19of20-d3of4,sparsity_failure,requested_member_1_sparsity_failure,0,not_applicable_empty_family
391,s3-step200-f39of40-d1of4,3,1,200,,39,40,0.975,1,4,0.25,False,fresh_execution,fresh_execution,,,,,372,worker_00,results/raw/{stage18_run_id}/workers/worker_00/cells/s3-step200-f39of40-d1of4,sparsity_failure,requested_member_1_sparsity_failure,0,not_applicable_empty_family
392,s3-step200-f39of40-d1of2,3,1,200,,39,40,0.975,1,2,0.50,False,fresh_execution,fresh_execution,,,,,373,worker_01,results/raw/{stage18_run_id}/workers/worker_01/cells/s3-step200-f39of40-d1of2,sparsity_failure,requested_member_1_sparsity_failure,0,not_applicable_empty_family
393,s3-step200-f39of40-d3of4,3,1,200,,39,40,0.975,3,4,0.75,False,fresh_execution,fresh_execution,,,,,374,worker_02,results/raw/{stage18_run_id}/workers/worker_02/cells/s3-step200-f39of40-d3of4,sparsity_failure,requested_member_1_sparsity_failure,0,not_applicable_empty_family
394,s3-step200-f99of100-d1of4,3,1,200,,99,100,0.990,1,4,0.25,False,fresh_execution,fresh_execution,,,,,375,worker_03,results/raw/{stage18_run_id}/workers/worker_03/cells/s3-step200-f99of100-d1of4,sparsity_failure,requested_member_1_sparsity_failure,0,not_applicable_empty_family
395,s3-step200-f99of100-d1of2,3,1,200,,99,100,0.990,1,2,0.50,True,fresh_execution,fresh_execution,,,,,376,worker_04,results/raw/{stage18_run_id}/workers/worker_04/cells/s3-step200-f99of100-d1of2,sparsity_failure,requested_member_1_sparsity_failure,0,not_applicable_empty_family
396,s3-step200-f99of100-d3of4,3,1,200,,99,100,0.990,3,4,0.75,False,fresh_execution,fresh_execution,,,,,377,worker_05,results/raw/{stage18_run_id}/workers/worker_05/cells/s3-step200-f99of100-d3of4,sparsity_failure,requested_member_1_sparsity_failure,0,not_applicable_empty_family
397,s3-step3400-f4of5-d1of4,3,2,3400,,4,5,0.800,1,4,0.25,False,fresh_execution,fresh_execution,,,,,378,worker_06,results/raw/{stage18_run_id}/workers/worker_06/cells/s3-step3400-f4of5-d1of4,sparsity_failure,requested_member_1_sparsity_failure,0,not_applicable_empty_family
398,s3-step3400-f4of5-d1of2,3,2,3400,,4,5,0.800,1,2,0.50,False,fresh_execution,fresh_execution,,,,,379,worker_07,results/raw/{stage18_run_id}/workers/worker_07/cells/s3-step3400-f4of5-d1of2,sparsity_failure,requested_member_1_sparsity_failure,0,not_applicable_empty_family
399,s3-step3400-f4of5-d3of4,3,2,3400,,4,5,0.800,3,4,0.75,False,fresh_execution,fresh_execution,,,,,380,worker_08,results/raw/{stage18_run_id}/workers/worker_08/cells/s3-step3400-f4of5-d3of4,sparsity_failure,requested_member_1_sparsity_failure,0,not_applicable_empty_family
400,s3-step3400-f17of20-d1of4,3,2,3400,,17,20,0.850,1,4,0.25,False,fresh_execution,fresh_execution,,,,,381,worker_09,results/raw/{stage18_run_id}/workers/worker_09/cells/s3-step3400-f17of20-d1of4,sparsity_failure,requested_member_1_sparsity_failure,0,not_applicable_empty_family
401,s3-step3400-f17of20-d1of2,3,2,3400,,17,20,0.850,1,2,0.50,False,fresh_execution,fresh_execution,,,,,382,worker_10,results/raw/{stage18_run_id}/workers/worker_10/cells/s3-step3400-f17of20-d1of2,sparsity_failure,requested_member_1_sparsity_failure,0,not_applicable_empty_family
402,s3-step3400-f17of20-d3of4,3,2,3400,,17,20,0.850,3,4,0.75,False,fresh_execution,fresh_execution,,,,,383,worker_11,results/raw/{stage18_run_id}/workers/worker_11/cells/s3-step3400-f17of20-d3of4,sparsity_failure,requested_member_1_sparsity_failure,0,not_applicable_empty_family
403,s3-step3400-f9of10-d1of4,3,2,3400,,9,10,0.900,1,4,0.25,False,fresh_execution,fresh_execution,,,,,384,worker_00,results/raw/{stage18_run_id}/workers/worker_00/cells/s3-step3400-f9of10-d1of4,sparsity_failure,requested_member_1_sparsity_failure,0,not_applicable_empty_family
404,s3-step3400-f9of10-d1of2,3,2,3400,,9,10,0.900,1,2,0.50,False,fresh_execution,fresh_execution,,,,,385,worker_01,results/raw/{stage18_run_id}/workers/worker_01/cells/s3-step3400-f9of10-d1of2,sparsity_failure,requested_member_1_sparsity_failure,0,not_applicable_empty_family
405,s3-step3400-f9of10-d3of4,3,2,3400,,9,10,0.900,3,4,0.75,False,fresh_execution,fresh_execution,,,,,386,worker_02,results/raw/{stage18_run_id}/workers/worker_02/cells/s3-step3400-f9of10-d3of4,sparsity_failure,requested_member_1_sparsity_failure,0,not_applicable_empty_family
406,s3-step3400-f19of20-d1of4,3,2,3400,,19,20,0.950,1,4,0.25,False,fresh_execution,fresh_execution,,,,,387,worker_03,results/raw/{stage18_run_id}/workers/worker_03/cells/s3-step3400-f19of20-d1of4,sparsity_failure,requested_member_1_sparsity_failure,0,not_applicable_empty_family
407,s3-step3400-f19of20-d1of2,3,2,3400,,19,20,0.950,1,2,0.50,False,fresh_execution,fresh_execution,,,,,388,worker_04,results/raw/{stage18_run_id}/workers/worker_04/cells/s3-step3400-f19of20-d1of2,sparsity_failure,requested_member_1_sparsity_failure,0,not_applicable_empty_family
408,s3-step3400-f19of20-d3of4,3,2,3400,,19,20,0.950,3,4,0.75,False,fresh_execution,fresh_execution,,,,,389,worker_05,results/raw/{stage18_run_id}/workers/worker_05/cells/s3-step3400-f19of20-d3of4,sparsity_failure,requested_member_1_sparsity_failure,0,not_applicable_empty_family
409,s3-step3400-f39of40-d1of4,3,2,3400,,39,40,0.975,1,4,0.25,False,fresh_execution,fresh_execution,,,,,390,worker_06,results/raw/{stage18_run_id}/workers/worker_06/cells/s3-step3400-f39of40-d1of4,sparsity_failure,requested_member_1_sparsity_failure,0,not_applicable_empty_family
410,s3-step3400-f39of40-d1of2,3,2,3400,,39,40,0.975,1,2,0.50,False,fresh_execution,fresh_execution,,,,,391,worker_07,results/raw/{stage18_run_id}/workers/worker_07/cells/s3-step3400-f39of40-d1of2,sparsity_failure,requested_member_1_sparsity_failure,0,not_applicable_empty_family
411,s3-step3400-f39of40-d3of4,3,2,3400,,39,40,0.975,3,4,0.75,False,fresh_execution,fresh_execution,,,,,392,worker_08,results/raw/{stage18_run_id}/workers/worker_08/cells/s3-step3400-f39of40-d3of4,sparsity_failure,requested_member_1_sparsity_failure,0,not_applicable_empty_family
412,s3-step3400-f99of100-d1of4,3,2,3400,,99,100,0.990,1,4,0.25,False,fresh_execution,fresh_execution,,,,,393,worker_09,results/raw/{stage18_run_id}/workers/worker_09/cells/s3-step3400-f99of100-d1of4,sparsity_failure,requested_member_1_sparsity_failure,0,not_applicable_empty_family
413,s3-step3400-f99of100-d1of2,3,2,3400,,99,100,0.990,1,2,0.50,True,fresh_execution,fresh_execution,,,,,394,worker_10,results/raw/{stage18_run_id}/workers/worker_10/cells/s3-step3400-f99of100-d1of2,sparsity_failure,requested_member_1_sparsity_failure,0,not_applicable_empty_family
414,s3-step3400-f99of100-d3of4,3,2,3400,,99,100,0.990,3,4,0.75,False,fresh_execution,fresh_execution,,,,,395,worker_11,results/raw/{stage18_run_id}/workers/worker_11/cells/s3-step3400-f99of100-d3of4,sparsity_failure,requested_member_1_sparsity_failure,0,not_applicable_empty_family
415,s3-step7450-f4of5-d1of4,3,3,7450,,4,5,0.800,1,4,0.25,False,fresh_execution,fresh_execution,,,,,396,worker_00,results/raw/{stage18_run_id}/workers/worker_00/cells/s3-step7450-f4of5-d1of4,sparsity_failure,requested_member_1_sparsity_failure,0,not_applicable_empty_family
416,s3-step7450-f4of5-d1of2,3,3,7450,,4,5,0.800,1,2,0.50,False,fresh_execution,fresh_execution,,,,,397,worker_01,results/raw/{stage18_run_id}/workers/worker_01/cells/s3-step7450-f4of5-d1of2,sparsity_failure,requested_member_1_sparsity_failure,0,not_applicable_empty_family
417,s3-step7450-f4of5-d3of4,3,3,7450,,4,5,0.800,3,4,0.75,False,fresh_execution,fresh_execution,,,,,398,worker_02,results/raw/{stage18_run_id}/workers/worker_02/cells/s3-step7450-f4of5-d3of4,sparsity_failure,requested_member_1_sparsity_failure,0,not_applicable_empty_family
418,s3-step7450-f17of20-d1of4,3,3,7450,,17,20,0.850,1,4,0.25,False,fresh_execution,fresh_execution,,,,,399,worker_03,results/raw/{stage18_run_id}/workers/worker_03/cells/s3-step7450-f17of20-d1of4,sparsity_failure,requested_member_1_sparsity_failure,0,not_applicable_empty_family
419,s3-step7450-f17of20-d1of2,3,3,7450,,17,20,0.850,1,2,0.50,False,fresh_execution,fresh_execution,,,,,400,worker_04,results/raw/{stage18_run_id}/workers/worker_04/cells/s3-step7450-f17of20-d1of2,sparsity_failure,requested_member_1_sparsity_failure,0,not_applicable_empty_family
420,s3-step7450-f17of20-d3of4,3,3,7450,,17,20,0.850,3,4,0.75,False,fresh_execution,fresh_execution,,,,,401,worker_05,results/raw/{stage18_run_id}/workers/worker_05/cells/s3-step7450-f17of20-d3of4,sparsity_failure,requested_member_1_sparsity_failure,0,not_applicable_empty_family
421,s3-step7450-f9of10-d1of4,3,3,7450,,9,10,0.900,1,4,0.25,False,fresh_execution,fresh_execution,,,,,402,worker_06,results/raw/{stage18_run_id}/workers/worker_06/cells/s3-step7450-f9of10-d1of4,sparsity_failure,requested_member_1_sparsity_failure,0,not_applicable_empty_family
422,s3-step7450-f9of10-d1of2,3,3,7450,,9,10,0.900,1,2,0.50,False,fresh_execution,fresh_execution,,,,,403,worker_07,results/raw/{stage18_run_id}/workers/worker_07/cells/s3-step7450-f9of10-d1of2,sparsity_failure,requested_member_1_sparsity_failure,0,not_applicable_empty_family
423,s3-step7450-f9of10-d3of4,3,3,7450,,9,10,0.900,3,4,0.75,False,fresh_execution,fresh_execution,,,,,404,worker_08,results/raw/{stage18_run_id}/workers/worker_08/cells/s3-step7450-f9of10-d3of4,sparsity_failure,requested_member_1_sparsity_failure,0,not_applicable_empty_family
424,s3-step7450-f19of20-d1of4,3,3,7450,,19,20,0.950,1,4,0.25,False,fresh_execution,fresh_execution,,,,,405,worker_09,results/raw/{stage18_run_id}/workers/worker_09/cells/s3-step7450-f19of20-d1of4,sparsity_failure,requested_member_1_sparsity_failure,0,not_applicable_empty_family
425,s3-step7450-f19of20-d1of2,3,3,7450,,19,20,0.950,1,2,0.50,False,fresh_execution,fresh_execution,,,,,406,worker_10,results/raw/{stage18_run_id}/workers/worker_10/cells/s3-step7450-f19of20-d1of2,sparsity_failure,requested_member_1_sparsity_failure,0,not_applicable_empty_family
426,s3-step7450-f19of20-d3of4,3,3,7450,,19,20,0.950,3,4,0.75,False,fresh_execution,fresh_execution,,,,,407,worker_11,results/raw/{stage18_run_id}/workers/worker_11/cells/s3-step7450-f19of20-d3of4,sparsity_failure,requested_member_1_sparsity_failure,0,not_applicable_empty_family
427,s3-step7450-f39of40-d1of4,3,3,7450,,39,40,0.975,1,4,0.25,False,fresh_execution,fresh_execution,,,,,408,worker_00,results/raw/{stage18_run_id}/workers/worker_00/cells/s3-step7450-f39of40-d1of4,sparsity_failure,requested_member_1_sparsity_failure,0,not_applicable_empty_family
428,s3-step7450-f39of40-d1of2,3,3,7450,,39,40,0.975,1,2,0.50,False,fresh_execution,fresh_execution,,,,,409,worker_01,results/raw/{stage18_run_id}/workers/worker_01/cells/s3-step7450-f39of40-d1of2,sparsity_failure,requested_member_1_sparsity_failure,0,not_applicable_empty_family
429,s3-step7450-f39of40-d3of4,3,3,7450,,39,40,0.975,3,4,0.75,False,fresh_execution,fresh_execution,,,,,410,worker_02,results/raw/{stage18_run_id}/workers/worker_02/cells/s3-step7450-f39of40-d3of4,sparsity_failure,requested_member_1_sparsity_failure,0,not_applicable_empty_family
430,s3-step7450-f99of100-d1of4,3,3,7450,,99,100,0.990,1,4,0.25,False,fresh_execution,fresh_execution,,,,,411,worker_03,results/raw/{stage18_run_id}/workers/worker_03/cells/s3-step7450-f99of100-d1of4,sparsity_failure,requested_member_1_sparsity_failure,0,not_applicable_empty_family
431,s3-step7450-f99of100-d1of2,3,3,7450,,99,100,0.990,1,2,0.50,True,fresh_execution,fresh_execution,,,,,412,worker_04,results/raw/{stage18_run_id}/workers/worker_04/cells/s3-step7450-f99of100-d1of2,sparsity_failure,requested_member_1_sparsity_failure,0,not_applicable_empty_family
432,s3-step7450-f99of100-d3of4,3,3,7450,,99,100,0.990,3,4,0.75,False,fresh_execution,fresh_execution,,,,,413,worker_05,results/raw/{stage18_run_id}/workers/worker_05/cells/s3-step7450-f99of100-d3of4,sparsity_failure,requested_member_1_sparsity_failure,0,not_applicable_empty_family
433,s3-step8150-f4of5-d1of4,3,4,8150,,4,5,0.800,1,4,0.25,False,fresh_execution,fresh_execution,,,,,414,worker_06,results/raw/{stage18_run_id}/workers/worker_06/cells/s3-step8150-f4of5-d1of4,sparsity_failure,requested_member_1_sparsity_failure,0,not_applicable_empty_family
434,s3-step8150-f4of5-d1of2,3,4,8150,,4,5,0.800,1,2,0.50,False,fresh_execution,fresh_execution,,,,,415,worker_07,results/raw/{stage18_run_id}/workers/worker_07/cells/s3-step8150-f4of5-d1of2,sparsity_failure,requested_member_1_sparsity_failure,0,not_applicable_empty_family
435,s3-step8150-f4of5-d3of4,3,4,8150,,4,5,0.800,3,4,0.75,False,fresh_execution,fresh_execution,,,,,416,worker_08,results/raw/{stage18_run_id}/workers/worker_08/cells/s3-step8150-f4of5-d3of4,sparsity_failure,requested_member_1_sparsity_failure,0,not_applicable_empty_family
436,s3-step8150-f17of20-d1of4,3,4,8150,,17,20,0.850,1,4,0.25,False,fresh_execution,fresh_execution,,,,,417,worker_09,results/raw/{stage18_run_id}/workers/worker_09/cells/s3-step8150-f17of20-d1of4,sparsity_failure,requested_member_1_sparsity_failure,0,not_applicable_empty_family
437,s3-step8150-f17of20-d1of2,3,4,8150,,17,20,0.850,1,2,0.50,False,fresh_execution,fresh_execution,,,,,418,worker_10,results/raw/{stage18_run_id}/workers/worker_10/cells/s3-step8150-f17of20-d1of2,sparsity_failure,requested_member_1_sparsity_failure,0,not_applicable_empty_family
438,s3-step8150-f17of20-d3of4,3,4,8150,,17,20,0.850,3,4,0.75,False,fresh_execution,fresh_execution,,,,,419,worker_11,results/raw/{stage18_run_id}/workers/worker_11/cells/s3-step8150-f17of20-d3of4,sparsity_failure,requested_member_1_sparsity_failure,0,not_applicable_empty_family
439,s3-step8150-f9of10-d1of4,3,4,8150,,9,10,0.900,1,4,0.25,False,fresh_execution,fresh_execution,,,,,420,worker_00,results/raw/{stage18_run_id}/workers/worker_00/cells/s3-step8150-f9of10-d1of4,sparsity_failure,requested_member_1_sparsity_failure,0,not_applicable_empty_family
440,s3-step8150-f9of10-d1of2,3,4,8150,,9,10,0.900,1,2,0.50,False,fresh_execution,fresh_execution,,,,,421,worker_01,results/raw/{stage18_run_id}/workers/worker_01/cells/s3-step8150-f9of10-d1of2,sparsity_failure,requested_member_1_sparsity_failure,0,not_applicable_empty_family
441,s3-step8150-f9of10-d3of4,3,4,8150,,9,10,0.900,3,4,0.75,False,fresh_execution,fresh_execution,,,,,422,worker_02,results/raw/{stage18_run_id}/workers/worker_02/cells/s3-step8150-f9of10-d3of4,sparsity_failure,requested_member_1_sparsity_failure,0,not_applicable_empty_family
442,s3-step8150-f19of20-d1of4,3,4,8150,,19,20,0.950,1,4,0.25,False,fresh_execution,fresh_execution,,,,,423,worker_03,results/raw/{stage18_run_id}/workers/worker_03/cells/s3-step8150-f19of20-d1of4,sparsity_failure,requested_member_1_sparsity_failure,0,not_applicable_empty_family
443,s3-step8150-f19of20-d1of2,3,4,8150,,19,20,0.950,1,2,0.50,False,fresh_execution,fresh_execution,,,,,424,worker_04,results/raw/{stage18_run_id}/workers/worker_04/cells/s3-step8150-f19of20-d1of2,sparsity_failure,requested_member_1_sparsity_failure,0,not_applicable_empty_family
444,s3-step8150-f19of20-d3of4,3,4,8150,,19,20,0.950,3,4,0.75,False,fresh_execution,fresh_execution,,,,,425,worker_05,results/raw/{stage18_run_id}/workers/worker_05/cells/s3-step8150-f19of20-d3of4,sparsity_failure,requested_member_1_sparsity_failure,0,not_applicable_empty_family
445,s3-step8150-f39of40-d1of4,3,4,8150,,39,40,0.975,1,4,0.25,False,fresh_execution,fresh_execution,,,,,426,worker_06,results/raw/{stage18_run_id}/workers/worker_06/cells/s3-step8150-f39of40-d1of4,sparsity_failure,requested_member_1_sparsity_failure,0,not_applicable_empty_family
446,s3-step8150-f39of40-d1of2,3,4,8150,,39,40,0.975,1,2,0.50,False,fresh_execution,fresh_execution,,,,,427,worker_07,results/raw/{stage18_run_id}/workers/worker_07/cells/s3-step8150-f39of40-d1of2,sparsity_failure,requested_member_1_sparsity_failure,0,not_applicable_empty_family
447,s3-step8150-f39of40-d3of4,3,4,8150,,39,40,0.975,3,4,0.75,False,fresh_execution,fresh_execution,,,,,428,worker_08,results/raw/{stage18_run_id}/workers/worker_08/cells/s3-step8150-f39of40-d3of4,sparsity_failure,requested_member_1_sparsity_failure,0,not_applicable_empty_family
448,s3-step8150-f99of100-d1of4,3,4,8150,,99,100,0.990,1,4,0.25,False,fresh_execution,fresh_execution,,,,,429,worker_09,results/raw/{stage18_run_id}/workers/worker_09/cells/s3-step8150-f99of100-d1of4,sparsity_failure,requested_member_1_sparsity_failure,0,not_applicable_empty_family
449,s3-step8150-f99of100-d1of2,3,4,8150,,99,100,0.990,1,2,0.50,True,fresh_execution,fresh_execution,,,,,430,worker_10,results/raw/{stage18_run_id}/workers/worker_10/cells/s3-step8150-f99of100-d1of2,sparsity_failure,requested_member_1_sparsity_failure,0,not_applicable_empty_family
450,s3-step8150-f99of100-d3of4,3,4,8150,,99,100,0.990,3,4,0.75,False,fresh_execution,fresh_execution,,,,,431,worker_11,results/raw/{stage18_run_id}/workers/worker_11/cells/s3-step8150-f99of100-d3of4,sparsity_failure,requested_member_1_sparsity_failure,0,not_applicable_empty_family
451,s3-step8500-f4of5-d1of4,3,5,8500,,4,5,0.800,1,4,0.25,False,fresh_execution,fresh_execution,,,,,432,worker_00,results/raw/{stage18_run_id}/workers/worker_00/cells/s3-step8500-f4of5-d1of4,sparsity_failure,requested_member_1_sparsity_failure,0,not_applicable_empty_family
452,s3-step8500-f4of5-d1of2,3,5,8500,,4,5,0.800,1,2,0.50,False,fresh_execution,fresh_execution,,,,,433,worker_01,results/raw/{stage18_run_id}/workers/worker_01/cells/s3-step8500-f4of5-d1of2,sparsity_failure,requested_member_1_sparsity_failure,0,not_applicable_empty_family
453,s3-step8500-f4of5-d3of4,3,5,8500,,4,5,0.800,3,4,0.75,False,fresh_execution,fresh_execution,,,,,434,worker_02,results/raw/{stage18_run_id}/workers/worker_02/cells/s3-step8500-f4of5-d3of4,sparsity_failure,requested_member_1_sparsity_failure,0,not_applicable_empty_family
454,s3-step8500-f17of20-d1of4,3,5,8500,,17,20,0.850,1,4,0.25,False,fresh_execution,fresh_execution,,,,,435,worker_03,results/raw/{stage18_run_id}/workers/worker_03/cells/s3-step8500-f17of20-d1of4,sparsity_failure,requested_member_1_sparsity_failure,0,not_applicable_empty_family
455,s3-step8500-f17of20-d1of2,3,5,8500,,17,20,0.850,1,2,0.50,False,fresh_execution,fresh_execution,,,,,436,worker_04,results/raw/{stage18_run_id}/workers/worker_04/cells/s3-step8500-f17of20-d1of2,sparsity_failure,requested_member_1_sparsity_failure,0,not_applicable_empty_family
456,s3-step8500-f17of20-d3of4,3,5,8500,,17,20,0.850,3,4,0.75,False,fresh_execution,fresh_execution,,,,,437,worker_05,results/raw/{stage18_run_id}/workers/worker_05/cells/s3-step8500-f17of20-d3of4,sparsity_failure,requested_member_1_sparsity_failure,0,not_applicable_empty_family
457,s3-step8500-f9of10-d1of4,3,5,8500,,9,10,0.900,1,4,0.25,False,fresh_execution,fresh_execution,,,,,438,worker_06,results/raw/{stage18_run_id}/workers/worker_06/cells/s3-step8500-f9of10-d1of4,sparsity_failure,requested_member_1_sparsity_failure,0,not_applicable_empty_family
458,s3-step8500-f9of10-d1of2,3,5,8500,,9,10,0.900,1,2,0.50,False,fresh_execution,fresh_execution,,,,,439,worker_07,results/raw/{stage18_run_id}/workers/worker_07/cells/s3-step8500-f9of10-d1of2,sparsity_failure,requested_member_1_sparsity_failure,0,not_applicable_empty_family
459,s3-step8500-f9of10-d3of4,3,5,8500,,9,10,0.900,3,4,0.75,False,fresh_execution,fresh_execution,,,,,440,worker_08,results/raw/{stage18_run_id}/workers/worker_08/cells/s3-step8500-f9of10-d3of4,sparsity_failure,requested_member_1_sparsity_failure,0,not_applicable_empty_family
460,s3-step8500-f19of20-d1of4,3,5,8500,,19,20,0.950,1,4,0.25,False,fresh_execution,fresh_execution,,,,,441,worker_09,results/raw/{stage18_run_id}/workers/worker_09/cells/s3-step8500-f19of20-d1of4,sparsity_failure,requested_member_1_sparsity_failure,0,not_applicable_empty_family
461,s3-step8500-f19of20-d1of2,3,5,8500,,19,20,0.950,1,2,0.50,False,fresh_execution,fresh_execution,,,,,442,worker_10,results/raw/{stage18_run_id}/workers/worker_10/cells/s3-step8500-f19of20-d1of2,sparsity_failure,requested_member_1_sparsity_failure,0,not_applicable_empty_family
462,s3-step8500-f19of20-d3of4,3,5,8500,,19,20,0.950,3,4,0.75,False,fresh_execution,fresh_execution,,,,,443,worker_11,results/raw/{stage18_run_id}/workers/worker_11/cells/s3-step8500-f19of20-d3of4,sparsity_failure,requested_member_1_sparsity_failure,0,not_applicable_empty_family
463,s3-step8500-f39of40-d1of4,3,5,8500,,39,40,0.975,1,4,0.25,False,fresh_execution,fresh_execution,,,,,444,worker_00,results/raw/{stage18_run_id}/workers/worker_00/cells/s3-step8500-f39of40-d1of4,sparsity_failure,requested_member_1_sparsity_failure,0,not_applicable_empty_family
464,s3-step8500-f39of40-d1of2,3,5,8500,,39,40,0.975,1,2,0.50,False,fresh_execution,fresh_execution,,,,,445,worker_01,results/raw/{stage18_run_id}/workers/worker_01/cells/s3-step8500-f39of40-d1of2,sparsity_failure,requested_member_1_sparsity_failure,0,not_applicable_empty_family
465,s3-step8500-f39of40-d3of4,3,5,8500,,39,40,0.975,3,4,0.75,False,fresh_execution,fresh_execution,,,,,446,worker_02,results/raw/{stage18_run_id}/workers/worker_02/cells/s3-step8500-f39of40-d3of4,sparsity_failure,requested_member_1_sparsity_failure,0,not_applicable_empty_family
466,s3-step8500-f99of100-d1of4,3,5,8500,,99,100,0.990,1,4,0.25,False,fresh_execution,fresh_execution,,,,,447,worker_03,results/raw/{stage18_run_id}/workers/worker_03/cells/s3-step8500-f99of100-d1of4,sparsity_failure,requested_member_1_sparsity_failure,0,not_applicable_empty_family
467,s3-step8500-f99of100-d1of2,3,5,8500,,99,100,0.990,1,2,0.50,True,fresh_execution,fresh_execution,,,,,448,worker_04,results/raw/{stage18_run_id}/workers/worker_04/cells/s3-step8500-f99of100-d1of2,sparsity_failure,requested_member_1_sparsity_failure,0,not_applicable_empty_family
468,s3-step8500-f99of100-d3of4,3,5,8500,,99,100,0.990,3,4,0.75,False,fresh_execution,fresh_execution,,,,,449,worker_05,results/raw/{stage18_run_id}/workers/worker_05/cells/s3-step8500-f99of100-d3of4,sparsity_failure,requested_member_1_sparsity_failure,0,not_applicable_empty_family
469,s3-step8650-f4of5-d1of4,3,6,8650,,4,5,0.800,1,4,0.25,False,fresh_execution,fresh_execution,,,,,450,worker_06,results/raw/{stage18_run_id}/workers/worker_06/cells/s3-step8650-f4of5-d1of4,sparsity_failure,requested_member_1_sparsity_failure,0,not_applicable_empty_family
470,s3-step8650-f4of5-d1of2,3,6,8650,,4,5,0.800,1,2,0.50,False,fresh_execution,fresh_execution,,,,,451,worker_07,results/raw/{stage18_run_id}/workers/worker_07/cells/s3-step8650-f4of5-d1of2,sparsity_failure,requested_member_1_sparsity_failure,0,not_applicable_empty_family
471,s3-step8650-f4of5-d3of4,3,6,8650,,4,5,0.800,3,4,0.75,False,fresh_execution,fresh_execution,,,,,452,worker_08,results/raw/{stage18_run_id}/workers/worker_08/cells/s3-step8650-f4of5-d3of4,sparsity_failure,requested_member_1_sparsity_failure,0,not_applicable_empty_family
472,s3-step8650-f17of20-d1of4,3,6,8650,,17,20,0.850,1,4,0.25,False,fresh_execution,fresh_execution,,,,,453,worker_09,results/raw/{stage18_run_id}/workers/worker_09/cells/s3-step8650-f17of20-d1of4,sparsity_failure,requested_member_1_sparsity_failure,0,not_applicable_empty_family
473,s3-step8650-f17of20-d1of2,3,6,8650,,17,20,0.850,1,2,0.50,False,fresh_execution,fresh_execution,,,,,454,worker_10,results/raw/{stage18_run_id}/workers/worker_10/cells/s3-step8650-f17of20-d1of2,sparsity_failure,requested_member_1_sparsity_failure,0,not_applicable_empty_family
474,s3-step8650-f17of20-d3of4,3,6,8650,,17,20,0.850,3,4,0.75,False,fresh_execution,fresh_execution,,,,,455,worker_11,results/raw/{stage18_run_id}/workers/worker_11/cells/s3-step8650-f17of20-d3of4,sparsity_failure,requested_member_1_sparsity_failure,0,not_applicable_empty_family
475,s3-step8650-f9of10-d1of4,3,6,8650,,9,10,0.900,1,4,0.25,False,fresh_execution,fresh_execution,,,,,456,worker_00,results/raw/{stage18_run_id}/workers/worker_00/cells/s3-step8650-f9of10-d1of4,sparsity_failure,requested_member_1_sparsity_failure,0,not_applicable_empty_family
476,s3-step8650-f9of10-d1of2,3,6,8650,,9,10,0.900,1,2,0.50,False,fresh_execution,fresh_execution,,,,,457,worker_01,results/raw/{stage18_run_id}/workers/worker_01/cells/s3-step8650-f9of10-d1of2,sparsity_failure,requested_member_1_sparsity_failure,0,not_applicable_empty_family
477,s3-step8650-f9of10-d3of4,3,6,8650,,9,10,0.900,3,4,0.75,False,fresh_execution,fresh_execution,,,,,458,worker_02,results/raw/{stage18_run_id}/workers/worker_02/cells/s3-step8650-f9of10-d3of4,sparsity_failure,requested_member_1_sparsity_failure,0,not_applicable_empty_family
478,s3-step8650-f19of20-d1of4,3,6,8650,,19,20,0.950,1,4,0.25,False,fresh_execution,fresh_execution,,,,,459,worker_03,results/raw/{stage18_run_id}/workers/worker_03/cells/s3-step8650-f19of20-d1of4,sparsity_failure,requested_member_1_sparsity_failure,0,not_applicable_empty_family
479,s3-step8650-f19of20-d1of2,3,6,8650,,19,20,0.950,1,2,0.50,False,fresh_execution,fresh_execution,,,,,460,worker_04,results/raw/{stage18_run_id}/workers/worker_04/cells/s3-step8650-f19of20-d1of2,sparsity_failure,requested_member_1_sparsity_failure,0,not_applicable_empty_family
480,s3-step8650-f19of20-d3of4,3,6,8650,,19,20,0.950,3,4,0.75,False,fresh_execution,fresh_execution,,,,,461,worker_05,results/raw/{stage18_run_id}/workers/worker_05/cells/s3-step8650-f19of20-d3of4,sparsity_failure,requested_member_1_sparsity_failure,0,not_applicable_empty_family
481,s3-step8650-f39of40-d1of4,3,6,8650,,39,40,0.975,1,4,0.25,False,fresh_execution,fresh_execution,,,,,462,worker_06,results/raw/{stage18_run_id}/workers/worker_06/cells/s3-step8650-f39of40-d1of4,sparsity_failure,requested_member_1_sparsity_failure,0,not_applicable_empty_family
482,s3-step8650-f39of40-d1of2,3,6,8650,,39,40,0.975,1,2,0.50,False,fresh_execution,fresh_execution,,,,,463,worker_07,results/raw/{stage18_run_id}/workers/worker_07/cells/s3-step8650-f39of40-d1of2,sparsity_failure,requested_member_1_sparsity_failure,0,not_applicable_empty_family
483,s3-step8650-f39of40-d3of4,3,6,8650,,39,40,0.975,3,4,0.75,False,fresh_execution,fresh_execution,,,,,464,worker_08,results/raw/{stage18_run_id}/workers/worker_08/cells/s3-step8650-f39of40-d3of4,sparsity_failure,requested_member_1_sparsity_failure,0,not_applicable_empty_family
484,s3-step8650-f99of100-d1of4,3,6,8650,,99,100,0.990,1,4,0.25,False,fresh_execution,fresh_execution,,,,,465,worker_09,results/raw/{stage18_run_id}/workers/worker_09/cells/s3-step8650-f99of100-d1of4,sparsity_failure,requested_member_1_sparsity_failure,0,not_applicable_empty_family
485,s3-step8650-f99of100-d1of2,3,6,8650,,99,100,0.990,1,2,0.50,True,fresh_execution,fresh_execution,,,,,466,worker_10,results/raw/{stage18_run_id}/workers/worker_10/cells/s3-step8650-f99of100-d1of2,sparsity_failure,requested_member_1_sparsity_failure,0,not_applicable_empty_family
486,s3-step8650-f99of100-d3of4,3,6,8650,,99,100,0.990,3,4,0.75,False,fresh_execution,fresh_execution,,,,,467,worker_11,results/raw/{stage18_run_id}/workers/worker_11/cells/s3-step8650-f99of100-d3of4,sparsity_failure,requested_member_1_sparsity_failure,0,not_applicable_empty_family
487,s3-step9050-f4of5-d1of4,3,7,9050,,4,5,0.800,1,4,0.25,False,fresh_execution,fresh_execution,,,,,468,worker_00,results/raw/{stage18_run_id}/workers/worker_00/cells/s3-step9050-f4of5-d1of4,budget_exhaustion,requested_member_3_budget_exhaustion,2,complete
488,s3-step9050-f4of5-d1of2,3,7,9050,,4,5,0.800,1,2,0.50,False,fresh_execution,fresh_execution,,,,,469,worker_01,results/raw/{stage18_run_id}/workers/worker_01/cells/s3-step9050-f4of5-d1of2,budget_exhaustion,requested_member_7_budget_exhaustion,6,complete
489,s3-step9050-f4of5-d3of4,3,7,9050,,4,5,0.800,3,4,0.75,False,fresh_execution,fresh_execution,,,,,470,worker_02,results/raw/{stage18_run_id}/workers/worker_02/cells/s3-step9050-f4of5-d3of4,budget_exhaustion,requested_member_7_budget_exhaustion,6,complete
490,s3-step9050-f17of20-d1of4,3,7,9050,,17,20,0.850,1,4,0.25,False,fresh_execution,fresh_execution,,,,,471,worker_03,results/raw/{stage18_run_id}/workers/worker_03/cells/s3-step9050-f17of20-d1of4,sparsity_failure,requested_member_1_sparsity_failure,0,not_applicable_empty_family
491,s3-step9050-f17of20-d1of2,3,7,9050,,17,20,0.850,1,2,0.50,False,fresh_execution,fresh_execution,,,,,472,worker_04,results/raw/{stage18_run_id}/workers/worker_04/cells/s3-step9050-f17of20-d1of2,sparsity_failure,requested_member_1_sparsity_failure,0,not_applicable_empty_family
492,s3-step9050-f17of20-d3of4,3,7,9050,,17,20,0.850,3,4,0.75,False,fresh_execution,fresh_execution,,,,,473,worker_05,results/raw/{stage18_run_id}/workers/worker_05/cells/s3-step9050-f17of20-d3of4,sparsity_failure,requested_member_1_sparsity_failure,0,not_applicable_empty_family
493,s3-step9050-f9of10-d1of4,3,7,9050,,9,10,0.900,1,4,0.25,False,fresh_execution,fresh_execution,,,,,474,worker_06,results/raw/{stage18_run_id}/workers/worker_06/cells/s3-step9050-f9of10-d1of4,sparsity_failure,requested_member_1_sparsity_failure,0,not_applicable_empty_family
494,s3-step9050-f9of10-d1of2,3,7,9050,,9,10,0.900,1,2,0.50,False,fresh_execution,fresh_execution,,,,,475,worker_07,results/raw/{stage18_run_id}/workers/worker_07/cells/s3-step9050-f9of10-d1of2,sparsity_failure,requested_member_1_sparsity_failure,0,not_applicable_empty_family
495,s3-step9050-f9of10-d3of4,3,7,9050,,9,10,0.900,3,4,0.75,False,fresh_execution,fresh_execution,,,,,476,worker_08,results/raw/{stage18_run_id}/workers/worker_08/cells/s3-step9050-f9of10-d3of4,sparsity_failure,requested_member_1_sparsity_failure,0,not_applicable_empty_family
496,s3-step9050-f19of20-d1of4,3,7,9050,,19,20,0.950,1,4,0.25,False,fresh_execution,fresh_execution,,,,,477,worker_09,results/raw/{stage18_run_id}/workers/worker_09/cells/s3-step9050-f19of20-d1of4,sparsity_failure,requested_member_1_sparsity_failure,0,not_applicable_empty_family
497,s3-step9050-f19of20-d1of2,3,7,9050,,19,20,0.950,1,2,0.50,False,fresh_execution,fresh_execution,,,,,478,worker_10,results/raw/{stage18_run_id}/workers/worker_10/cells/s3-step9050-f19of20-d1of2,sparsity_failure,requested_member_1_sparsity_failure,0,not_applicable_empty_family
498,s3-step9050-f19of20-d3of4,3,7,9050,,19,20,0.950,3,4,0.75,False,fresh_execution,fresh_execution,,,,,479,worker_11,results/raw/{stage18_run_id}/workers/worker_11/cells/s3-step9050-f19of20-d3of4,sparsity_failure,requested_member_1_sparsity_failure,0,not_applicable_empty_family
499,s3-step9050-f39of40-d1of4,3,7,9050,,39,40,0.975,1,4,0.25,False,fresh_execution,fresh_execution,,,,,480,worker_00,results/raw/{stage18_run_id}/workers/worker_00/cells/s3-step9050-f39of40-d1of4,sparsity_failure,requested_member_1_sparsity_failure,0,not_applicable_empty_family
500,s3-step9050-f39of40-d1of2,3,7,9050,,39,40,0.975,1,2,0.50,False,fresh_execution,fresh_execution,,,,,481,worker_01,results/raw/{stage18_run_id}/workers/worker_01/cells/s3-step9050-f39of40-d1of2,sparsity_failure,requested_member_1_sparsity_failure,0,not_applicable_empty_family
501,s3-step9050-f39of40-d3of4,3,7,9050,,39,40,0.975,3,4,0.75,False,fresh_execution,fresh_execution,,,,,482,worker_02,results/raw/{stage18_run_id}/workers/worker_02/cells/s3-step9050-f39of40-d3of4,sparsity_failure,requested_member_1_sparsity_failure,0,not_applicable_empty_family
502,s3-step9050-f99of100-d1of4,3,7,9050,,99,100,0.990,1,4,0.25,False,fresh_execution,fresh_execution,,,,,483,worker_03,results/raw/{stage18_run_id}/workers/worker_03/cells/s3-step9050-f99of100-d1of4,sparsity_failure,requested_member_1_sparsity_failure,0,not_applicable_empty_family
503,s3-step9050-f99of100-d1of2,3,7,9050,,99,100,0.990,1,2,0.50,True,fresh_execution,fresh_execution,,,,,484,worker_04,results/raw/{stage18_run_id}/workers/worker_04/cells/s3-step9050-f99of100-d1of2,sparsity_failure,requested_member_1_sparsity_failure,0,not_applicable_empty_family
504,s3-step9050-f99of100-d3of4,3,7,9050,,99,100,0.990,3,4,0.75,False,fresh_execution,fresh_execution,,,,,485,worker_05,results/raw/{stage18_run_id}/workers/worker_05/cells/s3-step9050-f99of100-d3of4,sparsity_failure,requested_member_1_sparsity_failure,0,not_applicable_empty_family
505,s4-step200-f4of5-d1of4,4,1,200,,4,5,0.800,1,4,0.25,False,fresh_execution,fresh_execution,,,,,486,worker_06,results/raw/{stage18_run_id}/workers/worker_06/cells/s4-step200-f4of5-d1of4,sparsity_failure,requested_member_1_sparsity_failure,0,not_applicable_empty_family
506,s4-step200-f4of5-d1of2,4,1,200,,4,5,0.800,1,2,0.50,False,fresh_execution,fresh_execution,,,,,487,worker_07,results/raw/{stage18_run_id}/workers/worker_07/cells/s4-step200-f4of5-d1of2,sparsity_failure,requested_member_1_sparsity_failure,0,not_applicable_empty_family
507,s4-step200-f4of5-d3of4,4,1,200,,4,5,0.800,3,4,0.75,False,fresh_execution,fresh_execution,,,,,488,worker_08,results/raw/{stage18_run_id}/workers/worker_08/cells/s4-step200-f4of5-d3of4,sparsity_failure,requested_member_1_sparsity_failure,0,not_applicable_empty_family
508,s4-step200-f17of20-d1of4,4,1,200,,17,20,0.850,1,4,0.25,False,fresh_execution,fresh_execution,,,,,489,worker_09,results/raw/{stage18_run_id}/workers/worker_09/cells/s4-step200-f17of20-d1of4,sparsity_failure,requested_member_1_sparsity_failure,0,not_applicable_empty_family
509,s4-step200-f17of20-d1of2,4,1,200,,17,20,0.850,1,2,0.50,False,fresh_execution,fresh_execution,,,,,490,worker_10,results/raw/{stage18_run_id}/workers/worker_10/cells/s4-step200-f17of20-d1of2,sparsity_failure,requested_member_1_sparsity_failure,0,not_applicable_empty_family
510,s4-step200-f17of20-d3of4,4,1,200,,17,20,0.850,3,4,0.75,False,fresh_execution,fresh_execution,,,,,491,worker_11,results/raw/{stage18_run_id}/workers/worker_11/cells/s4-step200-f17of20-d3of4,sparsity_failure,requested_member_1_sparsity_failure,0,not_applicable_empty_family
511,s4-step200-f9of10-d1of4,4,1,200,,9,10,0.900,1,4,0.25,False,fresh_execution,fresh_execution,,,,,492,worker_00,results/raw/{stage18_run_id}/workers/worker_00/cells/s4-step200-f9of10-d1of4,sparsity_failure,requested_member_1_sparsity_failure,0,not_applicable_empty_family
512,s4-step200-f9of10-d1of2,4,1,200,,9,10,0.900,1,2,0.50,False,fresh_execution,fresh_execution,,,,,493,worker_01,results/raw/{stage18_run_id}/workers/worker_01/cells/s4-step200-f9of10-d1of2,sparsity_failure,requested_member_1_sparsity_failure,0,not_applicable_empty_family
513,s4-step200-f9of10-d3of4,4,1,200,,9,10,0.900,3,4,0.75,False,fresh_execution,fresh_execution,,,,,494,worker_02,results/raw/{stage18_run_id}/workers/worker_02/cells/s4-step200-f9of10-d3of4,sparsity_failure,requested_member_1_sparsity_failure,0,not_applicable_empty_family
514,s4-step200-f19of20-d1of4,4,1,200,,19,20,0.950,1,4,0.25,False,fresh_execution,fresh_execution,,,,,495,worker_03,results/raw/{stage18_run_id}/workers/worker_03/cells/s4-step200-f19of20-d1of4,sparsity_failure,requested_member_1_sparsity_failure,0,not_applicable_empty_family
515,s4-step200-f19of20-d1of2,4,1,200,,19,20,0.950,1,2,0.50,False,fresh_execution,fresh_execution,,,,,496,worker_04,results/raw/{stage18_run_id}/workers/worker_04/cells/s4-step200-f19of20-d1of2,sparsity_failure,requested_member_1_sparsity_failure,0,not_applicable_empty_family
516,s4-step200-f19of20-d3of4,4,1,200,,19,20,0.950,3,4,0.75,False,fresh_execution,fresh_execution,,,,,497,worker_05,results/raw/{stage18_run_id}/workers/worker_05/cells/s4-step200-f19of20-d3of4,sparsity_failure,requested_member_1_sparsity_failure,0,not_applicable_empty_family
517,s4-step200-f39of40-d1of4,4,1,200,,39,40,0.975,1,4,0.25,False,fresh_execution,fresh_execution,,,,,498,worker_06,results/raw/{stage18_run_id}/workers/worker_06/cells/s4-step200-f39of40-d1of4,sparsity_failure,requested_member_1_sparsity_failure,0,not_applicable_empty_family
518,s4-step200-f39of40-d1of2,4,1,200,,39,40,0.975,1,2,0.50,False,fresh_execution,fresh_execution,,,,,499,worker_07,results/raw/{stage18_run_id}/workers/worker_07/cells/s4-step200-f39of40-d1of2,sparsity_failure,requested_member_1_sparsity_failure,0,not_applicable_empty_family
519,s4-step200-f39of40-d3of4,4,1,200,,39,40,0.975,3,4,0.75,False,fresh_execution,fresh_execution,,,,,500,worker_08,results/raw/{stage18_run_id}/workers/worker_08/cells/s4-step200-f39of40-d3of4,sparsity_failure,requested_member_1_sparsity_failure,0,not_applicable_empty_family
520,s4-step200-f99of100-d1of4,4,1,200,,99,100,0.990,1,4,0.25,False,fresh_execution,fresh_execution,,,,,501,worker_09,results/raw/{stage18_run_id}/workers/worker_09/cells/s4-step200-f99of100-d1of4,sparsity_failure,requested_member_1_sparsity_failure,0,not_applicable_empty_family
521,s4-step200-f99of100-d1of2,4,1,200,,99,100,0.990,1,2,0.50,True,fresh_execution,fresh_execution,,,,,502,worker_10,results/raw/{stage18_run_id}/workers/worker_10/cells/s4-step200-f99of100-d1of2,sparsity_failure,requested_member_1_sparsity_failure,0,not_applicable_empty_family
522,s4-step200-f99of100-d3of4,4,1,200,,99,100,0.990,3,4,0.75,False,fresh_execution,fresh_execution,,,,,503,worker_11,results/raw/{stage18_run_id}/workers/worker_11/cells/s4-step200-f99of100-d3of4,sparsity_failure,requested_member_1_sparsity_failure,0,not_applicable_empty_family
523,s4-step3400-f4of5-d1of4,4,2,3400,,4,5,0.800,1,4,0.25,False,fresh_execution,fresh_execution,,,,,504,worker_00,results/raw/{stage18_run_id}/workers/worker_00/cells/s4-step3400-f4of5-d1of4,sparsity_failure,requested_member_1_sparsity_failure,0,not_applicable_empty_family
524,s4-step3400-f4of5-d1of2,4,2,3400,,4,5,0.800,1,2,0.50,False,fresh_execution,fresh_execution,,,,,505,worker_01,results/raw/{stage18_run_id}/workers/worker_01/cells/s4-step3400-f4of5-d1of2,sparsity_failure,requested_member_1_sparsity_failure,0,not_applicable_empty_family
525,s4-step3400-f4of5-d3of4,4,2,3400,,4,5,0.800,3,4,0.75,False,fresh_execution,fresh_execution,,,,,506,worker_02,results/raw/{stage18_run_id}/workers/worker_02/cells/s4-step3400-f4of5-d3of4,sparsity_failure,requested_member_1_sparsity_failure,0,not_applicable_empty_family
526,s4-step3400-f17of20-d1of4,4,2,3400,,17,20,0.850,1,4,0.25,False,fresh_execution,fresh_execution,,,,,507,worker_03,results/raw/{stage18_run_id}/workers/worker_03/cells/s4-step3400-f17of20-d1of4,sparsity_failure,requested_member_1_sparsity_failure,0,not_applicable_empty_family
527,s4-step3400-f17of20-d1of2,4,2,3400,,17,20,0.850,1,2,0.50,False,fresh_execution,fresh_execution,,,,,508,worker_04,results/raw/{stage18_run_id}/workers/worker_04/cells/s4-step3400-f17of20-d1of2,sparsity_failure,requested_member_1_sparsity_failure,0,not_applicable_empty_family
528,s4-step3400-f17of20-d3of4,4,2,3400,,17,20,0.850,3,4,0.75,False,fresh_execution,fresh_execution,,,,,509,worker_05,results/raw/{stage18_run_id}/workers/worker_05/cells/s4-step3400-f17of20-d3of4,sparsity_failure,requested_member_1_sparsity_failure,0,not_applicable_empty_family
529,s4-step3400-f9of10-d1of4,4,2,3400,,9,10,0.900,1,4,0.25,False,fresh_execution,fresh_execution,,,,,510,worker_06,results/raw/{stage18_run_id}/workers/worker_06/cells/s4-step3400-f9of10-d1of4,sparsity_failure,requested_member_1_sparsity_failure,0,not_applicable_empty_family
530,s4-step3400-f9of10-d1of2,4,2,3400,,9,10,0.900,1,2,0.50,False,fresh_execution,fresh_execution,,,,,511,worker_07,results/raw/{stage18_run_id}/workers/worker_07/cells/s4-step3400-f9of10-d1of2,sparsity_failure,requested_member_1_sparsity_failure,0,not_applicable_empty_family
531,s4-step3400-f9of10-d3of4,4,2,3400,,9,10,0.900,3,4,0.75,False,fresh_execution,fresh_execution,,,,,512,worker_08,results/raw/{stage18_run_id}/workers/worker_08/cells/s4-step3400-f9of10-d3of4,sparsity_failure,requested_member_1_sparsity_failure,0,not_applicable_empty_family
532,s4-step3400-f19of20-d1of4,4,2,3400,,19,20,0.950,1,4,0.25,False,fresh_execution,fresh_execution,,,,,513,worker_09,results/raw/{stage18_run_id}/workers/worker_09/cells/s4-step3400-f19of20-d1of4,sparsity_failure,requested_member_1_sparsity_failure,0,not_applicable_empty_family
533,s4-step3400-f19of20-d1of2,4,2,3400,,19,20,0.950,1,2,0.50,False,fresh_execution,fresh_execution,,,,,514,worker_10,results/raw/{stage18_run_id}/workers/worker_10/cells/s4-step3400-f19of20-d1of2,sparsity_failure,requested_member_1_sparsity_failure,0,not_applicable_empty_family
534,s4-step3400-f19of20-d3of4,4,2,3400,,19,20,0.950,3,4,0.75,False,fresh_execution,fresh_execution,,,,,515,worker_11,results/raw/{stage18_run_id}/workers/worker_11/cells/s4-step3400-f19of20-d3of4,sparsity_failure,requested_member_1_sparsity_failure,0,not_applicable_empty_family
535,s4-step3400-f39of40-d1of4,4,2,3400,,39,40,0.975,1,4,0.25,False,fresh_execution,fresh_execution,,,,,516,worker_00,results/raw/{stage18_run_id}/workers/worker_00/cells/s4-step3400-f39of40-d1of4,sparsity_failure,requested_member_1_sparsity_failure,0,not_applicable_empty_family
536,s4-step3400-f39of40-d1of2,4,2,3400,,39,40,0.975,1,2,0.50,False,fresh_execution,fresh_execution,,,,,517,worker_01,results/raw/{stage18_run_id}/workers/worker_01/cells/s4-step3400-f39of40-d1of2,sparsity_failure,requested_member_1_sparsity_failure,0,not_applicable_empty_family
537,s4-step3400-f39of40-d3of4,4,2,3400,,39,40,0.975,3,4,0.75,False,fresh_execution,fresh_execution,,,,,518,worker_02,results/raw/{stage18_run_id}/workers/worker_02/cells/s4-step3400-f39of40-d3of4,sparsity_failure,requested_member_1_sparsity_failure,0,not_applicable_empty_family
538,s4-step3400-f99of100-d1of4,4,2,3400,,99,100,0.990,1,4,0.25,False,fresh_execution,fresh_execution,,,,,519,worker_03,results/raw/{stage18_run_id}/workers/worker_03/cells/s4-step3400-f99of100-d1of4,sparsity_failure,requested_member_1_sparsity_failure,0,not_applicable_empty_family
539,s4-step3400-f99of100-d1of2,4,2,3400,,99,100,0.990,1,2,0.50,True,fresh_execution,fresh_execution,,,,,520,worker_04,results/raw/{stage18_run_id}/workers/worker_04/cells/s4-step3400-f99of100-d1of2,sparsity_failure,requested_member_1_sparsity_failure,0,not_applicable_empty_family
540,s4-step3400-f99of100-d3of4,4,2,3400,,99,100,0.990,3,4,0.75,False,fresh_execution,fresh_execution,,,,,521,worker_05,results/raw/{stage18_run_id}/workers/worker_05/cells/s4-step3400-f99of100-d3of4,sparsity_failure,requested_member_1_sparsity_failure,0,not_applicable_empty_family
541,s4-step7450-f4of5-d1of4,4,3,7450,,4,5,0.800,1,4,0.25,False,fresh_execution,fresh_execution,,,,,522,worker_06,results/raw/{stage18_run_id}/workers/worker_06/cells/s4-step7450-f4of5-d1of4,budget_exhaustion,requested_member_6_budget_exhaustion,5,complete
542,s4-step7450-f4of5-d1of2,4,3,7450,,4,5,0.800,1,2,0.50,False,fresh_execution,fresh_execution,,,,,523,worker_07,results/raw/{stage18_run_id}/workers/worker_07/cells/s4-step7450-f4of5-d1of2,budget_exhaustion,requested_member_7_budget_exhaustion,6,complete
543,s4-step7450-f4of5-d3of4,4,3,7450,,4,5,0.800,3,4,0.75,False,fresh_execution,fresh_execution,,,,,524,worker_08,results/raw/{stage18_run_id}/workers/worker_08/cells/s4-step7450-f4of5-d3of4,budget_exhaustion,requested_member_7_budget_exhaustion,6,complete
544,s4-step7450-f17of20-d1of4,4,3,7450,,17,20,0.850,1,4,0.25,False,fresh_execution,fresh_execution,,,,,525,worker_09,results/raw/{stage18_run_id}/workers/worker_09/cells/s4-step7450-f17of20-d1of4,budget_exhaustion,requested_member_5_budget_exhaustion,4,complete
545,s4-step7450-f17of20-d1of2,4,3,7450,,17,20,0.850,1,2,0.50,False,fresh_execution,fresh_execution,,,,,526,worker_10,results/raw/{stage18_run_id}/workers/worker_10/cells/s4-step7450-f17of20-d1of2,budget_exhaustion,requested_member_7_budget_exhaustion,6,complete
546,s4-step7450-f17of20-d3of4,4,3,7450,,17,20,0.850,3,4,0.75,False,fresh_execution,fresh_execution,,,,,527,worker_11,results/raw/{stage18_run_id}/workers/worker_11/cells/s4-step7450-f17of20-d3of4,budget_exhaustion,requested_member_7_budget_exhaustion,6,complete
547,s4-step7450-f9of10-d1of4,4,3,7450,,9,10,0.900,1,4,0.25,False,fresh_execution,fresh_execution,,,,,528,worker_00,results/raw/{stage18_run_id}/workers/worker_00/cells/s4-step7450-f9of10-d1of4,budget_exhaustion,requested_member_4_budget_exhaustion,3,complete
548,s4-step7450-f9of10-d1of2,4,3,7450,,9,10,0.900,1,2,0.50,False,fresh_execution,fresh_execution,,,,,529,worker_01,results/raw/{stage18_run_id}/workers/worker_01/cells/s4-step7450-f9of10-d1of2,budget_exhaustion,requested_member_7_budget_exhaustion,6,complete
549,s4-step7450-f9of10-d3of4,4,3,7450,,9,10,0.900,3,4,0.75,False,fresh_execution,fresh_execution,,,,,530,worker_02,results/raw/{stage18_run_id}/workers/worker_02/cells/s4-step7450-f9of10-d3of4,budget_exhaustion,requested_member_7_budget_exhaustion,6,complete
550,s4-step7450-f19of20-d1of4,4,3,7450,,19,20,0.950,1,4,0.25,False,fresh_execution,fresh_execution,,,,,531,worker_03,results/raw/{stage18_run_id}/workers/worker_03/cells/s4-step7450-f19of20-d1of4,budget_exhaustion,requested_member_6_budget_exhaustion,5,complete
551,s4-step7450-f19of20-d1of2,4,3,7450,,19,20,0.950,1,2,0.50,False,fresh_execution,fresh_execution,,,,,532,worker_04,results/raw/{stage18_run_id}/workers/worker_04/cells/s4-step7450-f19of20-d1of2,budget_exhaustion,requested_member_7_budget_exhaustion,6,complete
552,s4-step7450-f19of20-d3of4,4,3,7450,,19,20,0.950,3,4,0.75,False,fresh_execution,fresh_execution,,,,,533,worker_05,results/raw/{stage18_run_id}/workers/worker_05/cells/s4-step7450-f19of20-d3of4,budget_exhaustion,requested_member_7_budget_exhaustion,6,complete
553,s4-step7450-f39of40-d1of4,4,3,7450,,39,40,0.975,1,4,0.25,False,fresh_execution,fresh_execution,,,,,534,worker_06,results/raw/{stage18_run_id}/workers/worker_06/cells/s4-step7450-f39of40-d1of4,budget_exhaustion,requested_member_6_budget_exhaustion,5,complete
554,s4-step7450-f39of40-d1of2,4,3,7450,,39,40,0.975,1,2,0.50,False,fresh_execution,fresh_execution,,,,,535,worker_07,results/raw/{stage18_run_id}/workers/worker_07/cells/s4-step7450-f39of40-d1of2,budget_exhaustion,requested_member_8_budget_exhaustion,7,complete
555,s4-step7450-f39of40-d3of4,4,3,7450,,39,40,0.975,3,4,0.75,False,fresh_execution,fresh_execution,,,,,536,worker_08,results/raw/{stage18_run_id}/workers/worker_08/cells/s4-step7450-f39of40-d3of4,budget_exhaustion,requested_member_8_budget_exhaustion,7,complete
556,s4-step7450-f99of100-d1of4,4,3,7450,,99,100,0.990,1,4,0.25,False,fresh_execution,fresh_execution,,,,,537,worker_09,results/raw/{stage18_run_id}/workers/worker_09/cells/s4-step7450-f99of100-d1of4,budget_exhaustion,requested_member_5_budget_exhaustion,4,complete
557,s4-step7450-f99of100-d1of2,4,3,7450,,99,100,0.990,1,2,0.50,True,fresh_execution,fresh_execution,,,,,538,worker_10,results/raw/{stage18_run_id}/workers/worker_10/cells/s4-step7450-f99of100-d1of2,budget_exhaustion,requested_member_8_budget_exhaustion,7,complete
558,s4-step7450-f99of100-d3of4,4,3,7450,,99,100,0.990,3,4,0.75,False,fresh_execution,fresh_execution,,,,,539,worker_11,results/raw/{stage18_run_id}/workers/worker_11/cells/s4-step7450-f99of100-d3of4,budget_exhaustion,requested_member_8_budget_exhaustion,7,complete
559,s4-step8150-f4of5-d1of4,4,4,8150,,4,5,0.800,1,4,0.25,False,fresh_execution,fresh_execution,,,,,540,worker_00,results/raw/{stage18_run_id}/workers/worker_00/cells/s4-step8150-f4of5-d1of4,budget_exhaustion,requested_member_5_budget_exhaustion,4,complete
560,s4-step8150-f4of5-d1of2,4,4,8150,,4,5,0.800,1,2,0.50,False,fresh_execution,fresh_execution,,,,,541,worker_01,results/raw/{stage18_run_id}/workers/worker_01/cells/s4-step8150-f4of5-d1of2,budget_exhaustion,requested_member_7_budget_exhaustion,6,complete
561,s4-step8150-f4of5-d3of4,4,4,8150,,4,5,0.800,3,4,0.75,False,fresh_execution,fresh_execution,,,,,542,worker_02,results/raw/{stage18_run_id}/workers/worker_02/cells/s4-step8150-f4of5-d3of4,budget_exhaustion,requested_member_7_budget_exhaustion,6,complete
562,s4-step8150-f17of20-d1of4,4,4,8150,,17,20,0.850,1,4,0.25,False,fresh_execution,fresh_execution,,,,,543,worker_03,results/raw/{stage18_run_id}/workers/worker_03/cells/s4-step8150-f17of20-d1of4,budget_exhaustion,requested_member_4_budget_exhaustion,3,complete
563,s4-step8150-f17of20-d1of2,4,4,8150,,17,20,0.850,1,2,0.50,False,fresh_execution,fresh_execution,,,,,544,worker_04,results/raw/{stage18_run_id}/workers/worker_04/cells/s4-step8150-f17of20-d1of2,budget_exhaustion,requested_member_7_budget_exhaustion,6,complete
564,s4-step8150-f17of20-d3of4,4,4,8150,,17,20,0.850,3,4,0.75,False,fresh_execution,fresh_execution,,,,,545,worker_05,results/raw/{stage18_run_id}/workers/worker_05/cells/s4-step8150-f17of20-d3of4,budget_exhaustion,requested_member_7_budget_exhaustion,6,complete
565,s4-step8150-f9of10-d1of4,4,4,8150,,9,10,0.900,1,4,0.25,False,fresh_execution,fresh_execution,,,,,546,worker_06,results/raw/{stage18_run_id}/workers/worker_06/cells/s4-step8150-f9of10-d1of4,budget_exhaustion,requested_member_4_budget_exhaustion,3,complete
566,s4-step8150-f9of10-d1of2,4,4,8150,,9,10,0.900,1,2,0.50,False,fresh_execution,fresh_execution,,,,,547,worker_07,results/raw/{stage18_run_id}/workers/worker_07/cells/s4-step8150-f9of10-d1of2,budget_exhaustion,requested_member_7_budget_exhaustion,6,complete
567,s4-step8150-f9of10-d3of4,4,4,8150,,9,10,0.900,3,4,0.75,False,fresh_execution,fresh_execution,,,,,548,worker_08,results/raw/{stage18_run_id}/workers/worker_08/cells/s4-step8150-f9of10-d3of4,budget_exhaustion,requested_member_7_budget_exhaustion,6,complete
568,s4-step8150-f19of20-d1of4,4,4,8150,,19,20,0.950,1,4,0.25,False,fresh_execution,fresh_execution,,,,,549,worker_09,results/raw/{stage18_run_id}/workers/worker_09/cells/s4-step8150-f19of20-d1of4,budget_exhaustion,requested_member_5_budget_exhaustion,4,complete
569,s4-step8150-f19of20-d1of2,4,4,8150,,19,20,0.950,1,2,0.50,False,fresh_execution,fresh_execution,,,,,550,worker_10,results/raw/{stage18_run_id}/workers/worker_10/cells/s4-step8150-f19of20-d1of2,budget_exhaustion,requested_member_7_budget_exhaustion,6,complete
570,s4-step8150-f19of20-d3of4,4,4,8150,,19,20,0.950,3,4,0.75,False,fresh_execution,fresh_execution,,,,,551,worker_11,results/raw/{stage18_run_id}/workers/worker_11/cells/s4-step8150-f19of20-d3of4,budget_exhaustion,requested_member_7_budget_exhaustion,6,complete
571,s4-step8150-f39of40-d1of4,4,4,8150,,39,40,0.975,1,4,0.25,False,fresh_execution,fresh_execution,,,,,552,worker_00,results/raw/{stage18_run_id}/workers/worker_00/cells/s4-step8150-f39of40-d1of4,budget_exhaustion,requested_member_4_budget_exhaustion,3,complete
572,s4-step8150-f39of40-d1of2,4,4,8150,,39,40,0.975,1,2,0.50,False,fresh_execution,fresh_execution,,,,,553,worker_01,results/raw/{stage18_run_id}/workers/worker_01/cells/s4-step8150-f39of40-d1of2,budget_exhaustion,requested_member_7_budget_exhaustion,6,complete
573,s4-step8150-f39of40-d3of4,4,4,8150,,39,40,0.975,3,4,0.75,False,fresh_execution,fresh_execution,,,,,554,worker_02,results/raw/{stage18_run_id}/workers/worker_02/cells/s4-step8150-f39of40-d3of4,budget_exhaustion,requested_member_7_budget_exhaustion,6,complete
574,s4-step8150-f99of100-d1of4,4,4,8150,,99,100,0.990,1,4,0.25,False,fresh_execution,fresh_execution,,,,,555,worker_03,results/raw/{stage18_run_id}/workers/worker_03/cells/s4-step8150-f99of100-d1of4,budget_exhaustion,requested_member_5_budget_exhaustion,4,complete
575,s4-step8150-f99of100-d1of2,4,4,8150,,99,100,0.990,1,2,0.50,True,fresh_execution,fresh_execution,,,,,556,worker_04,results/raw/{stage18_run_id}/workers/worker_04/cells/s4-step8150-f99of100-d1of2,budget_exhaustion,requested_member_8_budget_exhaustion,7,complete
576,s4-step8150-f99of100-d3of4,4,4,8150,,99,100,0.990,3,4,0.75,False,fresh_execution,fresh_execution,,,,,557,worker_05,results/raw/{stage18_run_id}/workers/worker_05/cells/s4-step8150-f99of100-d3of4,budget_exhaustion,requested_member_8_budget_exhaustion,7,complete
577,s4-step8500-f4of5-d1of4,4,5,8500,,4,5,0.800,1,4,0.25,False,fresh_execution,fresh_execution,,,,,558,worker_06,results/raw/{stage18_run_id}/workers/worker_06/cells/s4-step8500-f4of5-d1of4,budget_exhaustion,requested_member_5_budget_exhaustion,4,complete
578,s4-step8500-f4of5-d1of2,4,5,8500,,4,5,0.800,1,2,0.50,False,fresh_execution,fresh_execution,,,,,559,worker_07,results/raw/{stage18_run_id}/workers/worker_07/cells/s4-step8500-f4of5-d1of2,budget_exhaustion,requested_member_7_budget_exhaustion,6,complete
579,s4-step8500-f4of5-d3of4,4,5,8500,,4,5,0.800,3,4,0.75,False,fresh_execution,fresh_execution,,,,,560,worker_08,results/raw/{stage18_run_id}/workers/worker_08/cells/s4-step8500-f4of5-d3of4,budget_exhaustion,requested_member_7_budget_exhaustion,6,complete
580,s4-step8500-f17of20-d1of4,4,5,8500,,17,20,0.850,1,4,0.25,False,fresh_execution,fresh_execution,,,,,561,worker_09,results/raw/{stage18_run_id}/workers/worker_09/cells/s4-step8500-f17of20-d1of4,budget_exhaustion,requested_member_4_budget_exhaustion,3,complete
581,s4-step8500-f17of20-d1of2,4,5,8500,,17,20,0.850,1,2,0.50,False,fresh_execution,fresh_execution,,,,,562,worker_10,results/raw/{stage18_run_id}/workers/worker_10/cells/s4-step8500-f17of20-d1of2,budget_exhaustion,requested_member_7_budget_exhaustion,6,complete
582,s4-step8500-f17of20-d3of4,4,5,8500,,17,20,0.850,3,4,0.75,False,fresh_execution,fresh_execution,,,,,563,worker_11,results/raw/{stage18_run_id}/workers/worker_11/cells/s4-step8500-f17of20-d3of4,budget_exhaustion,requested_member_7_budget_exhaustion,6,complete
583,s4-step8500-f9of10-d1of4,4,5,8500,,9,10,0.900,1,4,0.25,False,fresh_execution,fresh_execution,,,,,564,worker_00,results/raw/{stage18_run_id}/workers/worker_00/cells/s4-step8500-f9of10-d1of4,budget_exhaustion,requested_member_6_budget_exhaustion,5,complete
584,s4-step8500-f9of10-d1of2,4,5,8500,,9,10,0.900,1,2,0.50,False,fresh_execution,fresh_execution,,,,,565,worker_01,results/raw/{stage18_run_id}/workers/worker_01/cells/s4-step8500-f9of10-d1of2,budget_exhaustion,requested_member_7_budget_exhaustion,6,complete
585,s4-step8500-f9of10-d3of4,4,5,8500,,9,10,0.900,3,4,0.75,False,fresh_execution,fresh_execution,,,,,566,worker_02,results/raw/{stage18_run_id}/workers/worker_02/cells/s4-step8500-f9of10-d3of4,budget_exhaustion,requested_member_7_budget_exhaustion,6,complete
586,s4-step8500-f19of20-d1of4,4,5,8500,,19,20,0.950,1,4,0.25,False,fresh_execution,fresh_execution,,,,,567,worker_03,results/raw/{stage18_run_id}/workers/worker_03/cells/s4-step8500-f19of20-d1of4,budget_exhaustion,requested_member_4_budget_exhaustion,3,complete
587,s4-step8500-f19of20-d1of2,4,5,8500,,19,20,0.950,1,2,0.50,False,fresh_execution,fresh_execution,,,,,568,worker_04,results/raw/{stage18_run_id}/workers/worker_04/cells/s4-step8500-f19of20-d1of2,budget_exhaustion,requested_member_7_budget_exhaustion,6,complete
588,s4-step8500-f19of20-d3of4,4,5,8500,,19,20,0.950,3,4,0.75,False,fresh_execution,fresh_execution,,,,,569,worker_05,results/raw/{stage18_run_id}/workers/worker_05/cells/s4-step8500-f19of20-d3of4,budget_exhaustion,requested_member_7_budget_exhaustion,6,complete
589,s4-step8500-f39of40-d1of4,4,5,8500,,39,40,0.975,1,4,0.25,False,fresh_execution,fresh_execution,,,,,570,worker_06,results/raw/{stage18_run_id}/workers/worker_06/cells/s4-step8500-f39of40-d1of4,budget_exhaustion,requested_member_4_budget_exhaustion,3,complete
590,s4-step8500-f39of40-d1of2,4,5,8500,,39,40,0.975,1,2,0.50,False,fresh_execution,fresh_execution,,,,,571,worker_07,results/raw/{stage18_run_id}/workers/worker_07/cells/s4-step8500-f39of40-d1of2,budget_exhaustion,requested_member_7_budget_exhaustion,6,complete
591,s4-step8500-f39of40-d3of4,4,5,8500,,39,40,0.975,3,4,0.75,False,fresh_execution,fresh_execution,,,,,572,worker_08,results/raw/{stage18_run_id}/workers/worker_08/cells/s4-step8500-f39of40-d3of4,budget_exhaustion,requested_member_7_budget_exhaustion,6,complete
592,s4-step8500-f99of100-d1of4,4,5,8500,,99,100,0.990,1,4,0.25,False,fresh_execution,fresh_execution,,,,,573,worker_09,results/raw/{stage18_run_id}/workers/worker_09/cells/s4-step8500-f99of100-d1of4,budget_exhaustion,requested_member_5_budget_exhaustion,4,complete
593,s4-step8500-f99of100-d1of2,4,5,8500,,99,100,0.990,1,2,0.50,True,fresh_execution,fresh_execution,,,,,574,worker_10,results/raw/{stage18_run_id}/workers/worker_10/cells/s4-step8500-f99of100-d1of2,budget_exhaustion,requested_member_7_budget_exhaustion,6,complete
594,s4-step8500-f99of100-d3of4,4,5,8500,,99,100,0.990,3,4,0.75,False,fresh_execution,fresh_execution,,,,,575,worker_11,results/raw/{stage18_run_id}/workers/worker_11/cells/s4-step8500-f99of100-d3of4,budget_exhaustion,requested_member_7_budget_exhaustion,6,complete
595,s4-step8650-f4of5-d1of4,4,6,8650,,4,5,0.800,1,4,0.25,False,fresh_execution,fresh_execution,,,,,576,worker_00,results/raw/{stage18_run_id}/workers/worker_00/cells/s4-step8650-f4of5-d1of4,budget_exhaustion,requested_member_6_budget_exhaustion,5,complete
596,s4-step8650-f4of5-d1of2,4,6,8650,,4,5,0.800,1,2,0.50,False,fresh_execution,fresh_execution,,,,,577,worker_01,results/raw/{stage18_run_id}/workers/worker_01/cells/s4-step8650-f4of5-d1of2,budget_exhaustion,requested_member_7_budget_exhaustion,6,complete
597,s4-step8650-f4of5-d3of4,4,6,8650,,4,5,0.800,3,4,0.75,False,fresh_execution,fresh_execution,,,,,578,worker_02,results/raw/{stage18_run_id}/workers/worker_02/cells/s4-step8650-f4of5-d3of4,budget_exhaustion,requested_member_7_budget_exhaustion,6,complete
598,s4-step8650-f17of20-d1of4,4,6,8650,,17,20,0.850,1,4,0.25,False,fresh_execution,fresh_execution,,,,,579,worker_03,results/raw/{stage18_run_id}/workers/worker_03/cells/s4-step8650-f17of20-d1of4,budget_exhaustion,requested_member_5_budget_exhaustion,4,complete
599,s4-step8650-f17of20-d1of2,4,6,8650,,17,20,0.850,1,2,0.50,False,fresh_execution,fresh_execution,,,,,580,worker_04,results/raw/{stage18_run_id}/workers/worker_04/cells/s4-step8650-f17of20-d1of2,budget_exhaustion,requested_member_7_budget_exhaustion,6,complete
600,s4-step8650-f17of20-d3of4,4,6,8650,,17,20,0.850,3,4,0.75,False,fresh_execution,fresh_execution,,,,,581,worker_05,results/raw/{stage18_run_id}/workers/worker_05/cells/s4-step8650-f17of20-d3of4,budget_exhaustion,requested_member_7_budget_exhaustion,6,complete
601,s4-step8650-f9of10-d1of4,4,6,8650,,9,10,0.900,1,4,0.25,False,fresh_execution,fresh_execution,,,,,582,worker_06,results/raw/{stage18_run_id}/workers/worker_06/cells/s4-step8650-f9of10-d1of4,budget_exhaustion,requested_member_4_budget_exhaustion,3,complete
602,s4-step8650-f9of10-d1of2,4,6,8650,,9,10,0.900,1,2,0.50,False,fresh_execution,fresh_execution,,,,,583,worker_07,results/raw/{stage18_run_id}/workers/worker_07/cells/s4-step8650-f9of10-d1of2,budget_exhaustion,requested_member_7_budget_exhaustion,6,complete
603,s4-step8650-f9of10-d3of4,4,6,8650,,9,10,0.900,3,4,0.75,False,fresh_execution,fresh_execution,,,,,584,worker_08,results/raw/{stage18_run_id}/workers/worker_08/cells/s4-step8650-f9of10-d3of4,budget_exhaustion,requested_member_7_budget_exhaustion,6,complete
604,s4-step8650-f19of20-d1of4,4,6,8650,,19,20,0.950,1,4,0.25,False,fresh_execution,fresh_execution,,,,,585,worker_09,results/raw/{stage18_run_id}/workers/worker_09/cells/s4-step8650-f19of20-d1of4,budget_exhaustion,requested_member_7_budget_exhaustion,6,complete
605,s4-step8650-f19of20-d1of2,4,6,8650,,19,20,0.950,1,2,0.50,False,fresh_execution,fresh_execution,,,,,586,worker_10,results/raw/{stage18_run_id}/workers/worker_10/cells/s4-step8650-f19of20-d1of2,budget_exhaustion,requested_member_7_budget_exhaustion,6,complete
606,s4-step8650-f19of20-d3of4,4,6,8650,,19,20,0.950,3,4,0.75,False,fresh_execution,fresh_execution,,,,,587,worker_11,results/raw/{stage18_run_id}/workers/worker_11/cells/s4-step8650-f19of20-d3of4,budget_exhaustion,requested_member_7_budget_exhaustion,6,complete
607,s4-step8650-f39of40-d1of4,4,6,8650,,39,40,0.975,1,4,0.25,False,fresh_execution,fresh_execution,,,,,588,worker_00,results/raw/{stage18_run_id}/workers/worker_00/cells/s4-step8650-f39of40-d1of4,budget_exhaustion,requested_member_5_budget_exhaustion,4,complete
608,s4-step8650-f39of40-d1of2,4,6,8650,,39,40,0.975,1,2,0.50,False,fresh_execution,fresh_execution,,,,,589,worker_01,results/raw/{stage18_run_id}/workers/worker_01/cells/s4-step8650-f39of40-d1of2,budget_exhaustion,requested_member_7_budget_exhaustion,6,complete
609,s4-step8650-f39of40-d3of4,4,6,8650,,39,40,0.975,3,4,0.75,False,fresh_execution,fresh_execution,,,,,590,worker_02,results/raw/{stage18_run_id}/workers/worker_02/cells/s4-step8650-f39of40-d3of4,budget_exhaustion,requested_member_7_budget_exhaustion,6,complete
610,s4-step8650-f99of100-d1of4,4,6,8650,,99,100,0.990,1,4,0.25,False,fresh_execution,fresh_execution,,,,,591,worker_03,results/raw/{stage18_run_id}/workers/worker_03/cells/s4-step8650-f99of100-d1of4,budget_exhaustion,requested_member_6_budget_exhaustion,5,complete
611,s4-step8650-f99of100-d1of2,4,6,8650,,99,100,0.990,1,2,0.50,True,fresh_execution,fresh_execution,,,,,592,worker_04,results/raw/{stage18_run_id}/workers/worker_04/cells/s4-step8650-f99of100-d1of2,budget_exhaustion,requested_member_7_budget_exhaustion,6,complete
612,s4-step8650-f99of100-d3of4,4,6,8650,,99,100,0.990,3,4,0.75,False,fresh_execution,fresh_execution,,,,,593,worker_05,results/raw/{stage18_run_id}/workers/worker_05/cells/s4-step8650-f99of100-d3of4,budget_exhaustion,requested_member_7_budget_exhaustion,6,complete
613,s4-step9050-f4of5-d1of4,4,7,9050,,4,5,0.800,1,4,0.25,False,fresh_execution,fresh_execution,,,,,594,worker_06,results/raw/{stage18_run_id}/workers/worker_06/cells/s4-step9050-f4of5-d1of4,budget_exhaustion,requested_member_4_budget_exhaustion,3,complete
614,s4-step9050-f4of5-d1of2,4,7,9050,,4,5,0.800,1,2,0.50,False,fresh_execution,fresh_execution,,,,,595,worker_07,results/raw/{stage18_run_id}/workers/worker_07/cells/s4-step9050-f4of5-d1of2,budget_exhaustion,requested_member_7_budget_exhaustion,6,complete
615,s4-step9050-f4of5-d3of4,4,7,9050,,4,5,0.800,3,4,0.75,False,fresh_execution,fresh_execution,,,,,596,worker_08,results/raw/{stage18_run_id}/workers/worker_08/cells/s4-step9050-f4of5-d3of4,budget_exhaustion,requested_member_7_budget_exhaustion,6,complete
616,s4-step9050-f17of20-d1of4,4,7,9050,,17,20,0.850,1,4,0.25,False,fresh_execution,fresh_execution,,,,,597,worker_09,results/raw/{stage18_run_id}/workers/worker_09/cells/s4-step9050-f17of20-d1of4,budget_exhaustion,requested_member_4_budget_exhaustion,3,complete
617,s4-step9050-f17of20-d1of2,4,7,9050,,17,20,0.850,1,2,0.50,False,fresh_execution,fresh_execution,,,,,598,worker_10,results/raw/{stage18_run_id}/workers/worker_10/cells/s4-step9050-f17of20-d1of2,budget_exhaustion,requested_member_7_budget_exhaustion,6,complete
618,s4-step9050-f17of20-d3of4,4,7,9050,,17,20,0.850,3,4,0.75,False,fresh_execution,fresh_execution,,,,,599,worker_11,results/raw/{stage18_run_id}/workers/worker_11/cells/s4-step9050-f17of20-d3of4,budget_exhaustion,requested_member_7_budget_exhaustion,6,complete
619,s4-step9050-f9of10-d1of4,4,7,9050,,9,10,0.900,1,4,0.25,False,fresh_execution,fresh_execution,,,,,600,worker_00,results/raw/{stage18_run_id}/workers/worker_00/cells/s4-step9050-f9of10-d1of4,budget_exhaustion,requested_member_6_budget_exhaustion,5,complete
620,s4-step9050-f9of10-d1of2,4,7,9050,,9,10,0.900,1,2,0.50,False,fresh_execution,fresh_execution,,,,,601,worker_01,results/raw/{stage18_run_id}/workers/worker_01/cells/s4-step9050-f9of10-d1of2,budget_exhaustion,requested_member_7_budget_exhaustion,6,complete
621,s4-step9050-f9of10-d3of4,4,7,9050,,9,10,0.900,3,4,0.75,False,fresh_execution,fresh_execution,,,,,602,worker_02,results/raw/{stage18_run_id}/workers/worker_02/cells/s4-step9050-f9of10-d3of4,budget_exhaustion,requested_member_7_budget_exhaustion,6,complete
622,s4-step9050-f19of20-d1of4,4,7,9050,,19,20,0.950,1,4,0.25,False,fresh_execution,fresh_execution,,,,,603,worker_03,results/raw/{stage18_run_id}/workers/worker_03/cells/s4-step9050-f19of20-d1of4,budget_exhaustion,requested_member_7_budget_exhaustion,6,complete
623,s4-step9050-f19of20-d1of2,4,7,9050,,19,20,0.950,1,2,0.50,False,fresh_execution,fresh_execution,,,,,604,worker_04,results/raw/{stage18_run_id}/workers/worker_04/cells/s4-step9050-f19of20-d1of2,budget_exhaustion,requested_member_7_budget_exhaustion,6,complete
624,s4-step9050-f19of20-d3of4,4,7,9050,,19,20,0.950,3,4,0.75,False,fresh_execution,fresh_execution,,,,,605,worker_05,results/raw/{stage18_run_id}/workers/worker_05/cells/s4-step9050-f19of20-d3of4,budget_exhaustion,requested_member_7_budget_exhaustion,6,complete
625,s4-step9050-f39of40-d1of4,4,7,9050,,39,40,0.975,1,4,0.25,False,fresh_execution,fresh_execution,,,,,606,worker_06,results/raw/{stage18_run_id}/workers/worker_06/cells/s4-step9050-f39of40-d1of4,budget_exhaustion,requested_member_7_budget_exhaustion,6,complete
626,s4-step9050-f39of40-d1of2,4,7,9050,,39,40,0.975,1,2,0.50,False,fresh_execution,fresh_execution,,,,,607,worker_07,results/raw/{stage18_run_id}/workers/worker_07/cells/s4-step9050-f39of40-d1of2,budget_exhaustion,requested_member_7_budget_exhaustion,6,complete
627,s4-step9050-f39of40-d3of4,4,7,9050,,39,40,0.975,3,4,0.75,False,fresh_execution,fresh_execution,,,,,608,worker_08,results/raw/{stage18_run_id}/workers/worker_08/cells/s4-step9050-f39of40-d3of4,budget_exhaustion,requested_member_7_budget_exhaustion,6,complete
628,s4-step9050-f99of100-d1of4,4,7,9050,,99,100,0.990,1,4,0.25,False,fresh_execution,fresh_execution,,,,,609,worker_09,results/raw/{stage18_run_id}/workers/worker_09/cells/s4-step9050-f99of100-d1of4,budget_exhaustion,requested_member_8_budget_exhaustion,7,complete
629,s4-step9050-f99of100-d1of2,4,7,9050,,99,100,0.990,1,2,0.50,True,fresh_execution,fresh_execution,,,,,610,worker_10,results/raw/{stage18_run_id}/workers/worker_10/cells/s4-step9050-f99of100-d1of2,budget_exhaustion,requested_member_8_budget_exhaustion,7,complete
630,s4-step9050-f99of100-d3of4,4,7,9050,,99,100,0.990,3,4,0.75,False,fresh_execution,fresh_execution,,,,,611,worker_11,results/raw/{stage18_run_id}/workers/worker_11/cells/s4-step9050-f99of100-d3of4,budget_exhaustion,requested_member_8_budget_exhaustion,7,complete
