global_cell_index,cell_id,model_seed,checkpoint_index,checkpoint_step,checkpoint_sha256,fidelity_numerator,fidelity_denominator,displayed_fidelity,distinctness_numerator,distinctness_denominator,displayed_cutoff,primary_cell,family_search_execution_mode,transfer_execution_mode,source_stage,source_run_id,source_manifest,source_cell_id,fresh_cell_index,worker_id,output_root,status,stopping_reason,family_size,transfer_group_status
1,s0-step200-f4of5-d1of4,0,1,200,,4,5,0.800,1,4,0.25,False,fresh_execution,fresh_execution,,,,,0,worker_00,results/raw/{stage18_run_id}/workers/worker_00/cells/s0-step200-f4of5-d1of4,not_executed,,,not_evaluated
2,s0-step200-f4of5-d1of2,0,1,200,,4,5,0.800,1,2,0.50,False,fresh_execution,fresh_execution,,,,,1,worker_01,results/raw/{stage18_run_id}/workers/worker_01/cells/s0-step200-f4of5-d1of2,not_executed,,,not_evaluated
3,s0-step200-f4of5-d3of4,0,1,200,,4,5,0.800,3,4,0.75,False,fresh_execution,fresh_execution,,,,,2,worker_02,results/raw/{stage18_run_id}/workers/worker_02/cells/s0-step200-f4of5-d3of4,not_executed,,,not_evaluated
4,s0-step200-f17of20-d1of4,0,1,200,,17,20,0.850,1,4,0.25,False,fresh_execution,fresh_execution,,,,,3,worker_03,results/raw/{stage18_run_id}/workers/worker_03/cells/s0-step200-f17of20-d1of4,not_executed,,,not_evaluated
5,s0-step200-f17of20-d1of2,0,1,200,,17,20,0.850,1,2,0.50,False,fresh_execution,fresh_execution,,,,,4,worker_04,results/raw/{stage18_run_id}/workers/worker_04/cells/s0-step200-f17of20-d1of2,not_executed,,,not_evaluated
6,s0-step200-f17of20-d3of4,0,1,200,,17,20,0.850,3,4,0.75,False,fresh_execution,fresh_execution,,,,,5,worker_05,results/raw/{stage18_run_id}/workers/worker_05/cells/s0-step200-f17of20-d3of4,not_executed,,,not_evaluated
7,s0-step200-f9of10-d1of4,0,1,200,,9,10,0.900,1,4,0.25,False,fresh_execution,fresh_execution,,,,,6,worker_06,results/raw/{stage18_run_id}/workers/worker_06/cells/s0-step200-f9of10-d1of4,not_executed,,,not_evaluated
8,s0-step200-f9of10-d1of2,0,1,200,,9,10,0.900,1,2,0.50,False,fresh_execution,fresh_execution,,,,,7,worker_07,results/raw/{stage18_run_id}/workers/worker_07/cells/s0-step200-f9of10-d1of2,not_executed,,,not_evaluated
9,s0-step200-f9of10-d3of4,0,1,200,,9,10,0.900,3,4,0.75,False,fresh_execution,fresh_execution,,,,,8,worker_08,results/raw/{stage18_run_id}/workers/worker_08/cells/s0-step200-f9of10-d3of4,not_executed,,,not_evaluated
10,s0-step200-f19of20-d1of4,0,1,200,,19,20,0.950,1,4,0.25,False,fresh_execution,fresh_execution,,,,,9,worker_09,results/raw/{stage18_run_id}/workers/worker_09/cells/s0-step200-f19of20-d1of4,not_executed,,,not_evaluated
11,s0-step200-f19of20-d1of2,0,1,200,,19,20,0.950,1,2,0.50,False,fresh_execution,fresh_execution,,,,,10,worker_10,results/raw/{stage18_run_id}/workers/worker_10/cells/s0-step200-f19of20-d1of2,not_executed,,,not_evaluated
12,s0-step200-f19of20-d3of4,0,1,200,,19,20,0.950,3,4,0.75,False,fresh_execution,fresh_execution,,,,,11,worker_11,results/raw/{stage18_run_id}/workers/worker_11/cells/s0-step200-f19of20-d3of4,not_executed,,,not_evaluated
13,s0-step200-f39of40-d1of4,0,1,200,,39,40,0.975,1,4,0.25,False,fresh_execution,fresh_execution,,,,,12,worker_00,results/raw/{stage18_run_id}/workers/worker_00/cells/s0-step200-f39of40-d1of4,not_executed,,,not_evaluated
14,s0-step200-f39of40-d1of2,0,1,200,,39,40,0.975,1,2,0.50,False,fresh_execution,fresh_execution,,,,,13,worker_01,results/raw/{stage18_run_id}/workers/worker_01/cells/s0-step200-f39of40-d1of2,not_executed,,,not_evaluated
15,s0-step200-f39of40-d3of4,0,1,200,,39,40,0.975,3,4,0.75,False,fresh_execution,fresh_execution,,,,,14,worker_02,results/raw/{stage18_run_id}/workers/worker_02/cells/s0-step200-f39of40-d3of4,not_executed,,,not_evaluated
16,s0-step200-f99of100-d1of4,0,1,200,,99,100,0.990,1,4,0.25,False,fresh_execution,fresh_execution,,,,,15,worker_03,results/raw/{stage18_run_id}/workers/worker_03/cells/s0-step200-f99of100-d1of4,not_executed,,,not_evaluated
17,s0-step200-f99of100-d1of2,0,1,200,,99,100,0.990,1,2,0.50,True,fresh_execution,fresh_execution,,,,,16,worker_04,results/raw/{stage18_run_id}/workers/worker_04/cells/s0-step200-f99of100-d1of2,not_executed,,,not_evaluated
18,s0-step200-f99of100-d3of4,0,1,200,,99,100,0.990,3,4,0.75,False,fresh_execution,fresh_execution,,,,,17,worker_05,results/raw/{stage18_run_id}/workers/worker_05/cells/s0-step200-f99of100-d3of4,not_executed,,,not_evaluated
19,s0-step3400-f4of5-d1of4,0,2,3400,,4,5,0.800,1,4,0.25,False,fresh_execution,fresh_execution,,,,,18,worker_06,results/raw/{stage18_run_id}/workers/worker_06/cells/s0-step3400-f4of5-d1of4,not_executed,,,not_evaluated
20,s0-step3400-f4of5-d1of2,0,2,3400,,4,5,0.800,1,2,0.50,False,fresh_execution,fresh_execution,,,,,19,worker_07,results/raw/{stage18_run_id}/workers/worker_07/cells/s0-step3400-f4of5-d1of2,not_executed,,,not_evaluated
21,s0-step3400-f4of5-d3of4,0,2,3400,,4,5,0.800,3,4,0.75,False,fresh_execution,fresh_execution,,,,,20,worker_08,results/raw/{stage18_run_id}/workers/worker_08/cells/s0-step3400-f4of5-d3of4,not_executed,,,not_evaluated
22,s0-step3400-f17of20-d1of4,0,2,3400,,17,20,0.850,1,4,0.25,False,fresh_execution,fresh_execution,,,,,21,worker_09,results/raw/{stage18_run_id}/workers/worker_09/cells/s0-step3400-f17of20-d1of4,not_executed,,,not_evaluated
23,s0-step3400-f17of20-d1of2,0,2,3400,,17,20,0.850,1,2,0.50,False,fresh_execution,fresh_execution,,,,,22,worker_10,results/raw/{stage18_run_id}/workers/worker_10/cells/s0-step3400-f17of20-d1of2,not_executed,,,not_evaluated
24,s0-step3400-f17of20-d3of4,0,2,3400,,17,20,0.850,3,4,0.75,False,fresh_execution,fresh_execution,,,,,23,worker_11,results/raw/{stage18_run_id}/workers/worker_11/cells/s0-step3400-f17of20-d3of4,not_executed,,,not_evaluated
25,s0-step3400-f9of10-d1of4,0,2,3400,,9,10,0.900,1,4,0.25,False,fresh_execution,fresh_execution,,,,,24,worker_00,results/raw/{stage18_run_id}/workers/worker_00/cells/s0-step3400-f9of10-d1of4,not_executed,,,not_evaluated
26,s0-step3400-f9of10-d1of2,0,2,3400,,9,10,0.900,1,2,0.50,False,fresh_execution,fresh_execution,,,,,25,worker_01,results/raw/{stage18_run_id}/workers/worker_01/cells/s0-step3400-f9of10-d1of2,not_executed,,,not_evaluated
27,s0-step3400-f9of10-d3of4,0,2,3400,,9,10,0.900,3,4,0.75,False,fresh_execution,fresh_execution,,,,,26,worker_02,results/raw/{stage18_run_id}/workers/worker_02/cells/s0-step3400-f9of10-d3of4,not_executed,,,not_evaluated
28,s0-step3400-f19of20-d1of4,0,2,3400,,19,20,0.950,1,4,0.25,False,fresh_execution,fresh_execution,,,,,27,worker_03,results/raw/{stage18_run_id}/workers/worker_03/cells/s0-step3400-f19of20-d1of4,not_executed,,,not_evaluated
29,s0-step3400-f19of20-d1of2,0,2,3400,,19,20,0.950,1,2,0.50,False,fresh_execution,fresh_execution,,,,,28,worker_04,results/raw/{stage18_run_id}/workers/worker_04/cells/s0-step3400-f19of20-d1of2,not_executed,,,not_evaluated
30,s0-step3400-f19of20-d3of4,0,2,3400,,19,20,0.950,3,4,0.75,False,fresh_execution,fresh_execution,,,,,29,worker_05,results/raw/{stage18_run_id}/workers/worker_05/cells/s0-step3400-f19of20-d3of4,not_executed,,,not_evaluated
31,s0-step3400-f39of40-d1of4,0,2,3400,,39,40,0.975,1,4,0.25,False,fresh_execution,fresh_execution,,,,,30,worker_06,results/raw/{stage18_run_id}/workers/worker_06/cells/s0-step3400-f39of40-d1of4,not_executed,,,not_evaluated
32,s0-step3400-f39of40-d1of2,0,2,3400,,39,40,0.975,1,2,0.50,False,fresh_execution,fresh_execution,,,,,31,worker_07,results/raw/{stage18_run_id}/workers/worker_07/cells/s0-step3400-f39of40-d1of2,not_executed,,,not_evaluated
33,s0-step3400-f39of40-d3of4,0,2,3400,,39,40,0.975,3,4,0.75,False,fresh_execution,fresh_execution,,,,,32,worker_08,results/raw/{stage18_run_id}/workers/worker_08/cells/s0-step3400-f39of40-d3of4,not_executed,,,not_evaluated
34,s0-step3400-f99of100-d1of4,0,2,3400,,99,100,0.990,1,4,0.25,False,fresh_execution,fresh_execution,,,,,33,worker_09,results/raw/{stage18_run_id}/workers/worker_09/cells/s0-step3400-f99of100-d1of4,not_executed,,,not_evaluated
35,s0-step3400-f99of100-d1of2,0,2,3400,,99,100,0.990,1,2,0.50,True,fresh_execution,fresh_execution,,,,,34,worker_10,results/raw/{stage18_run_id}/workers/worker_10/cells/s0-step3400-f99of100-d1of2,not_executed,,,not_evaluated
36,s0-step3400-f99of100-d3of4,0,2,3400,,99,100,0.990,3,4,0.75,False,fresh_execution,fresh_execution,,,,,35,worker_11,results/raw/{stage18_run_id}/workers/worker_11/cells/s0-step3400-f99of100-d3of4,not_executed,,,not_evaluated
37,s0-step7450-f4of5-d1of4,0,3,7450,,4,5,0.800,1,4,0.25,False,fresh_execution,fresh_execution,,,,,36,worker_00,results/raw/{stage18_run_id}/workers/worker_00/cells/s0-step7450-f4of5-d1of4,not_executed,,,not_evaluated
38,s0-step7450-f4of5-d1of2,0,3,7450,,4,5,0.800,1,2,0.50,False,fresh_execution,fresh_execution,,,,,37,worker_01,results/raw/{stage18_run_id}/workers/worker_01/cells/s0-step7450-f4of5-d1of2,not_executed,,,not_evaluated
39,s0-step7450-f4of5-d3of4,0,3,7450,,4,5,0.800,3,4,0.75,False,fresh_execution,fresh_execution,,,,,38,worker_02,results/raw/{stage18_run_id}/workers/worker_02/cells/s0-step7450-f4of5-d3of4,not_executed,,,not_evaluated
40,s0-step7450-f17of20-d1of4,0,3,7450,,17,20,0.850,1,4,0.25,False,fresh_execution,fresh_execution,,,,,39,worker_03,results/raw/{stage18_run_id}/workers/worker_03/cells/s0-step7450-f17of20-d1of4,not_executed,,,not_evaluated
41,s0-step7450-f17of20-d1of2,0,3,7450,,17,20,0.850,1,2,0.50,False,fresh_execution,fresh_execution,,,,,40,worker_04,results/raw/{stage18_run_id}/workers/worker_04/cells/s0-step7450-f17of20-d1of2,not_executed,,,not_evaluated
42,s0-step7450-f17of20-d3of4,0,3,7450,,17,20,0.850,3,4,0.75,False,fresh_execution,fresh_execution,,,,,41,worker_05,results/raw/{stage18_run_id}/workers/worker_05/cells/s0-step7450-f17of20-d3of4,not_executed,,,not_evaluated
43,s0-step7450-f9of10-d1of4,0,3,7450,,9,10,0.900,1,4,0.25,False,fresh_execution,fresh_execution,,,,,42,worker_06,results/raw/{stage18_run_id}/workers/worker_06/cells/s0-step7450-f9of10-d1of4,not_executed,,,not_evaluated
44,s0-step7450-f9of10-d1of2,0,3,7450,,9,10,0.900,1,2,0.50,False,fresh_execution,fresh_execution,,,,,43,worker_07,results/raw/{stage18_run_id}/workers/worker_07/cells/s0-step7450-f9of10-d1of2,not_executed,,,not_evaluated
45,s0-step7450-f9of10-d3of4,0,3,7450,,9,10,0.900,3,4,0.75,False,fresh_execution,fresh_execution,,,,,44,worker_08,results/raw/{stage18_run_id}/workers/worker_08/cells/s0-step7450-f9of10-d3of4,not_executed,,,not_evaluated
46,s0-step7450-f19of20-d1of4,0,3,7450,,19,20,0.950,1,4,0.25,False,fresh_execution,fresh_execution,,,,,45,worker_09,results/raw/{stage18_run_id}/workers/worker_09/cells/s0-step7450-f19of20-d1of4,not_executed,,,not_evaluated
47,s0-step7450-f19of20-d1of2,0,3,7450,,19,20,0.950,1,2,0.50,False,fresh_execution,fresh_execution,,,,,46,worker_10,results/raw/{stage18_run_id}/workers/worker_10/cells/s0-step7450-f19of20-d1of2,not_executed,,,not_evaluated
48,s0-step7450-f19of20-d3of4,0,3,7450,,19,20,0.950,3,4,0.75,False,fresh_execution,fresh_execution,,,,,47,worker_11,results/raw/{stage18_run_id}/workers/worker_11/cells/s0-step7450-f19of20-d3of4,not_executed,,,not_evaluated
49,s0-step7450-f39of40-d1of4,0,3,7450,,39,40,0.975,1,4,0.25,False,fresh_execution,fresh_execution,,,,,48,worker_00,results/raw/{stage18_run_id}/workers/worker_00/cells/s0-step7450-f39of40-d1of4,not_executed,,,not_evaluated
50,s0-step7450-f39of40-d1of2,0,3,7450,,39,40,0.975,1,2,0.50,False,fresh_execution,fresh_execution,,,,,49,worker_01,results/raw/{stage18_run_id}/workers/worker_01/cells/s0-step7450-f39of40-d1of2,not_executed,,,not_evaluated
51,s0-step7450-f39of40-d3of4,0,3,7450,,39,40,0.975,3,4,0.75,False,fresh_execution,fresh_execution,,,,,50,worker_02,results/raw/{stage18_run_id}/workers/worker_02/cells/s0-step7450-f39of40-d3of4,not_executed,,,not_evaluated
52,s0-step7450-f99of100-d1of4,0,3,7450,,99,100,0.990,1,4,0.25,False,fresh_execution,fresh_execution,,,,,51,worker_03,results/raw/{stage18_run_id}/workers/worker_03/cells/s0-step7450-f99of100-d1of4,not_executed,,,not_evaluated
53,s0-step7450-f99of100-d1of2,0,3,7450,,99,100,0.990,1,2,0.50,True,fresh_execution,fresh_execution,,,,,52,worker_04,results/raw/{stage18_run_id}/workers/worker_04/cells/s0-step7450-f99of100-d1of2,not_executed,,,not_evaluated
54,s0-step7450-f99of100-d3of4,0,3,7450,,99,100,0.990,3,4,0.75,False,fresh_execution,fresh_execution,,,,,53,worker_05,results/raw/{stage18_run_id}/workers/worker_05/cells/s0-step7450-f99of100-d3of4,not_executed,,,not_evaluated
55,s0-step8150-f4of5-d1of4,0,4,8150,,4,5,0.800,1,4,0.25,False,fresh_execution,fresh_execution,,,,,54,worker_06,results/raw/{stage18_run_id}/workers/worker_06/cells/s0-step8150-f4of5-d1of4,not_executed,,,not_evaluated
56,s0-step8150-f4of5-d1of2,0,4,8150,,4,5,0.800,1,2,0.50,False,fresh_execution,fresh_execution,,,,,55,worker_07,results/raw/{stage18_run_id}/workers/worker_07/cells/s0-step8150-f4of5-d1of2,not_executed,,,not_evaluated
57,s0-step8150-f4of5-d3of4,0,4,8150,,4,5,0.800,3,4,0.75,False,fresh_execution,fresh_execution,,,,,56,worker_08,results/raw/{stage18_run_id}/workers/worker_08/cells/s0-step8150-f4of5-d3of4,not_executed,,,not_evaluated
58,s0-step8150-f17of20-d1of4,0,4,8150,,17,20,0.850,1,4,0.25,False,fresh_execution,fresh_execution,,,,,57,worker_09,results/raw/{stage18_run_id}/workers/worker_09/cells/s0-step8150-f17of20-d1of4,not_executed,,,not_evaluated
59,s0-step8150-f17of20-d1of2,0,4,8150,,17,20,0.850,1,2,0.50,False,fresh_execution,fresh_execution,,,,,58,worker_10,results/raw/{stage18_run_id}/workers/worker_10/cells/s0-step8150-f17of20-d1of2,not_executed,,,not_evaluated
60,s0-step8150-f17of20-d3of4,0,4,8150,,17,20,0.850,3,4,0.75,False,fresh_execution,fresh_execution,,,,,59,worker_11,results/raw/{stage18_run_id}/workers/worker_11/cells/s0-step8150-f17of20-d3of4,not_executed,,,not_evaluated
61,s0-step8150-f9of10-d1of4,0,4,8150,,9,10,0.900,1,4,0.25,False,fresh_execution,fresh_execution,,,,,60,worker_00,results/raw/{stage18_run_id}/workers/worker_00/cells/s0-step8150-f9of10-d1of4,not_executed,,,not_evaluated
62,s0-step8150-f9of10-d1of2,0,4,8150,,9,10,0.900,1,2,0.50,False,fresh_execution,fresh_execution,,,,,61,worker_01,results/raw/{stage18_run_id}/workers/worker_01/cells/s0-step8150-f9of10-d1of2,not_executed,,,not_evaluated
63,s0-step8150-f9of10-d3of4,0,4,8150,,9,10,0.900,3,4,0.75,False,fresh_execution,fresh_execution,,,,,62,worker_02,results/raw/{stage18_run_id}/workers/worker_02/cells/s0-step8150-f9of10-d3of4,not_executed,,,not_evaluated
64,s0-step8150-f19of20-d1of4,0,4,8150,,19,20,0.950,1,4,0.25,False,fresh_execution,fresh_execution,,,,,63,worker_03,results/raw/{stage18_run_id}/workers/worker_03/cells/s0-step8150-f19of20-d1of4,not_executed,,,not_evaluated
65,s0-step8150-f19of20-d1of2,0,4,8150,,19,20,0.950,1,2,0.50,False,fresh_execution,fresh_execution,,,,,64,worker_04,results/raw/{stage18_run_id}/workers/worker_04/cells/s0-step8150-f19of20-d1of2,not_executed,,,not_evaluated
66,s0-step8150-f19of20-d3of4,0,4,8150,,19,20,0.950,3,4,0.75,False,fresh_execution,fresh_execution,,,,,65,worker_05,results/raw/{stage18_run_id}/workers/worker_05/cells/s0-step8150-f19of20-d3of4,not_executed,,,not_evaluated
67,s0-step8150-f39of40-d1of4,0,4,8150,,39,40,0.975,1,4,0.25,False,fresh_execution,fresh_execution,,,,,66,worker_06,results/raw/{stage18_run_id}/workers/worker_06/cells/s0-step8150-f39of40-d1of4,not_executed,,,not_evaluated
68,s0-step8150-f39of40-d1of2,0,4,8150,,39,40,0.975,1,2,0.50,False,fresh_execution,fresh_execution,,,,,67,worker_07,results/raw/{stage18_run_id}/workers/worker_07/cells/s0-step8150-f39of40-d1of2,not_executed,,,not_evaluated
69,s0-step8150-f39of40-d3of4,0,4,8150,,39,40,0.975,3,4,0.75,False,fresh_execution,fresh_execution,,,,,68,worker_08,results/raw/{stage18_run_id}/workers/worker_08/cells/s0-step8150-f39of40-d3of4,not_executed,,,not_evaluated
70,s0-step8150-f99of100-d1of4,0,4,8150,,99,100,0.990,1,4,0.25,False,fresh_execution,fresh_execution,,,,,69,worker_09,results/raw/{stage18_run_id}/workers/worker_09/cells/s0-step8150-f99of100-d1of4,not_executed,,,not_evaluated
71,s0-step8150-f99of100-d1of2,0,4,8150,,99,100,0.990,1,2,0.50,True,fresh_execution,fresh_execution,,,,,70,worker_10,results/raw/{stage18_run_id}/workers/worker_10/cells/s0-step8150-f99of100-d1of2,not_executed,,,not_evaluated
72,s0-step8150-f99of100-d3of4,0,4,8150,,99,100,0.990,3,4,0.75,False,fresh_execution,fresh_execution,,,,,71,worker_11,results/raw/{stage18_run_id}/workers/worker_11/cells/s0-step8150-f99of100-d3of4,not_executed,,,not_evaluated
73,s0-step8500-f4of5-d1of4,0,5,8500,,4,5,0.800,1,4,0.25,False,fresh_execution,fresh_execution,,,,,72,worker_00,results/raw/{stage18_run_id}/workers/worker_00/cells/s0-step8500-f4of5-d1of4,not_executed,,,not_evaluated
74,s0-step8500-f4of5-d1of2,0,5,8500,,4,5,0.800,1,2,0.50,False,fresh_execution,fresh_execution,,,,,73,worker_01,results/raw/{stage18_run_id}/workers/worker_01/cells/s0-step8500-f4of5-d1of2,not_executed,,,not_evaluated
75,s0-step8500-f4of5-d3of4,0,5,8500,,4,5,0.800,3,4,0.75,False,fresh_execution,fresh_execution,,,,,74,worker_02,results/raw/{stage18_run_id}/workers/worker_02/cells/s0-step8500-f4of5-d3of4,not_executed,,,not_evaluated
76,s0-step8500-f17of20-d1of4,0,5,8500,,17,20,0.850,1,4,0.25,False,fresh_execution,fresh_execution,,,,,75,worker_03,results/raw/{stage18_run_id}/workers/worker_03/cells/s0-step8500-f17of20-d1of4,not_executed,,,not_evaluated
77,s0-step8500-f17of20-d1of2,0,5,8500,,17,20,0.850,1,2,0.50,False,fresh_execution,fresh_execution,,,,,76,worker_04,results/raw/{stage18_run_id}/workers/worker_04/cells/s0-step8500-f17of20-d1of2,not_executed,,,not_evaluated
78,s0-step8500-f17of20-d3of4,0,5,8500,,17,20,0.850,3,4,0.75,False,fresh_execution,fresh_execution,,,,,77,worker_05,results/raw/{stage18_run_id}/workers/worker_05/cells/s0-step8500-f17of20-d3of4,not_executed,,,not_evaluated
79,s0-step8500-f9of10-d1of4,0,5,8500,,9,10,0.900,1,4,0.25,False,fresh_execution,fresh_execution,,,,,78,worker_06,results/raw/{stage18_run_id}/workers/worker_06/cells/s0-step8500-f9of10-d1of4,not_executed,,,not_evaluated
80,s0-step8500-f9of10-d1of2,0,5,8500,,9,10,0.900,1,2,0.50,False,fresh_execution,fresh_execution,,,,,79,worker_07,results/raw/{stage18_run_id}/workers/worker_07/cells/s0-step8500-f9of10-d1of2,not_executed,,,not_evaluated
81,s0-step8500-f9of10-d3of4,0,5,8500,,9,10,0.900,3,4,0.75,False,fresh_execution,fresh_execution,,,,,80,worker_08,results/raw/{stage18_run_id}/workers/worker_08/cells/s0-step8500-f9of10-d3of4,not_executed,,,not_evaluated
82,s0-step8500-f19of20-d1of4,0,5,8500,,19,20,0.950,1,4,0.25,False,fresh_execution,fresh_execution,,,,,81,worker_09,results/raw/{stage18_run_id}/workers/worker_09/cells/s0-step8500-f19of20-d1of4,not_executed,,,not_evaluated
83,s0-step8500-f19of20-d1of2,0,5,8500,,19,20,0.950,1,2,0.50,False,fresh_execution,fresh_execution,,,,,82,worker_10,results/raw/{stage18_run_id}/workers/worker_10/cells/s0-step8500-f19of20-d1of2,not_executed,,,not_evaluated
84,s0-step8500-f19of20-d3of4,0,5,8500,,19,20,0.950,3,4,0.75,False,fresh_execution,fresh_execution,,,,,83,worker_11,results/raw/{stage18_run_id}/workers/worker_11/cells/s0-step8500-f19of20-d3of4,not_executed,,,not_evaluated
85,s0-step8500-f39of40-d1of4,0,5,8500,,39,40,0.975,1,4,0.25,False,fresh_execution,fresh_execution,,,,,84,worker_00,results/raw/{stage18_run_id}/workers/worker_00/cells/s0-step8500-f39of40-d1of4,not_executed,,,not_evaluated
86,s0-step8500-f39of40-d1of2,0,5,8500,,39,40,0.975,1,2,0.50,False,fresh_execution,fresh_execution,,,,,85,worker_01,results/raw/{stage18_run_id}/workers/worker_01/cells/s0-step8500-f39of40-d1of2,not_executed,,,not_evaluated
87,s0-step8500-f39of40-d3of4,0,5,8500,,39,40,0.975,3,4,0.75,False,fresh_execution,fresh_execution,,,,,86,worker_02,results/raw/{stage18_run_id}/workers/worker_02/cells/s0-step8500-f39of40-d3of4,not_executed,,,not_evaluated
88,s0-step8500-f99of100-d1of4,0,5,8500,,99,100,0.990,1,4,0.25,False,fresh_execution,fresh_execution,,,,,87,worker_03,results/raw/{stage18_run_id}/workers/worker_03/cells/s0-step8500-f99of100-d1of4,not_executed,,,not_evaluated
89,s0-step8500-f99of100-d1of2,0,5,8500,,99,100,0.990,1,2,0.50,True,fresh_execution,fresh_execution,,,,,88,worker_04,results/raw/{stage18_run_id}/workers/worker_04/cells/s0-step8500-f99of100-d1of2,not_executed,,,not_evaluated
90,s0-step8500-f99of100-d3of4,0,5,8500,,99,100,0.990,3,4,0.75,False,fresh_execution,fresh_execution,,,,,89,worker_05,results/raw/{stage18_run_id}/workers/worker_05/cells/s0-step8500-f99of100-d3of4,not_executed,,,not_evaluated
91,s0-step8650-f4of5-d1of4,0,6,8650,,4,5,0.800,1,4,0.25,False,fresh_execution,fresh_execution,,,,,90,worker_06,results/raw/{stage18_run_id}/workers/worker_06/cells/s0-step8650-f4of5-d1of4,not_executed,,,not_evaluated
92,s0-step8650-f4of5-d1of2,0,6,8650,,4,5,0.800,1,2,0.50,False,fresh_execution,fresh_execution,,,,,91,worker_07,results/raw/{stage18_run_id}/workers/worker_07/cells/s0-step8650-f4of5-d1of2,not_executed,,,not_evaluated
93,s0-step8650-f4of5-d3of4,0,6,8650,,4,5,0.800,3,4,0.75,False,fresh_execution,fresh_execution,,,,,92,worker_08,results/raw/{stage18_run_id}/workers/worker_08/cells/s0-step8650-f4of5-d3of4,not_executed,,,not_evaluated
94,s0-step8650-f17of20-d1of4,0,6,8650,,17,20,0.850,1,4,0.25,False,fresh_execution,fresh_execution,,,,,93,worker_09,results/raw/{stage18_run_id}/workers/worker_09/cells/s0-step8650-f17of20-d1of4,not_executed,,,not_evaluated
95,s0-step8650-f17of20-d1of2,0,6,8650,,17,20,0.850,1,2,0.50,False,fresh_execution,fresh_execution,,,,,94,worker_10,results/raw/{stage18_run_id}/workers/worker_10/cells/s0-step8650-f17of20-d1of2,not_executed,,,not_evaluated
96,s0-step8650-f17of20-d3of4,0,6,8650,,17,20,0.850,3,4,0.75,False,fresh_execution,fresh_execution,,,,,95,worker_11,results/raw/{stage18_run_id}/workers/worker_11/cells/s0-step8650-f17of20-d3of4,not_executed,,,not_evaluated
97,s0-step8650-f9of10-d1of4,0,6,8650,,9,10,0.900,1,4,0.25,False,fresh_execution,fresh_execution,,,,,96,worker_00,results/raw/{stage18_run_id}/workers/worker_00/cells/s0-step8650-f9of10-d1of4,not_executed,,,not_evaluated
98,s0-step8650-f9of10-d1of2,0,6,8650,,9,10,0.900,1,2,0.50,False,fresh_execution,fresh_execution,,,,,97,worker_01,results/raw/{stage18_run_id}/workers/worker_01/cells/s0-step8650-f9of10-d1of2,not_executed,,,not_evaluated
99,s0-step8650-f9of10-d3of4,0,6,8650,,9,10,0.900,3,4,0.75,False,fresh_execution,fresh_execution,,,,,98,worker_02,results/raw/{stage18_run_id}/workers/worker_02/cells/s0-step8650-f9of10-d3of4,not_executed,,,not_evaluated
100,s0-step8650-f19of20-d1of4,0,6,8650,,19,20,0.950,1,4,0.25,False,fresh_execution,fresh_execution,,,,,99,worker_03,results/raw/{stage18_run_id}/workers/worker_03/cells/s0-step8650-f19of20-d1of4,not_executed,,,not_evaluated
101,s0-step8650-f19of20-d1of2,0,6,8650,,19,20,0.950,1,2,0.50,False,fresh_execution,fresh_execution,,,,,100,worker_04,results/raw/{stage18_run_id}/workers/worker_04/cells/s0-step8650-f19of20-d1of2,not_executed,,,not_evaluated
102,s0-step8650-f19of20-d3of4,0,6,8650,,19,20,0.950,3,4,0.75,False,fresh_execution,fresh_execution,,,,,101,worker_05,results/raw/{stage18_run_id}/workers/worker_05/cells/s0-step8650-f19of20-d3of4,not_executed,,,not_evaluated
103,s0-step8650-f39of40-d1of4,0,6,8650,,39,40,0.975,1,4,0.25,False,fresh_execution,fresh_execution,,,,,102,worker_06,results/raw/{stage18_run_id}/workers/worker_06/cells/s0-step8650-f39of40-d1of4,not_executed,,,not_evaluated
104,s0-step8650-f39of40-d1of2,0,6,8650,,39,40,0.975,1,2,0.50,False,fresh_execution,fresh_execution,,,,,103,worker_07,results/raw/{stage18_run_id}/workers/worker_07/cells/s0-step8650-f39of40-d1of2,not_executed,,,not_evaluated
105,s0-step8650-f39of40-d3of4,0,6,8650,,39,40,0.975,3,4,0.75,False,fresh_execution,fresh_execution,,,,,104,worker_08,results/raw/{stage18_run_id}/workers/worker_08/cells/s0-step8650-f39of40-d3of4,not_executed,,,not_evaluated
106,s0-step8650-f99of100-d1of4,0,6,8650,,99,100,0.990,1,4,0.25,False,fresh_execution,fresh_execution,,,,,105,worker_09,results/raw/{stage18_run_id}/workers/worker_09/cells/s0-step8650-f99of100-d1of4,not_executed,,,not_evaluated
107,s0-step8650-f99of100-d1of2,0,6,8650,,99,100,0.990,1,2,0.50,True,fresh_execution,fresh_execution,,,,,106,worker_10,results/raw/{stage18_run_id}/workers/worker_10/cells/s0-step8650-f99of100-d1of2,not_executed,,,not_evaluated
108,s0-step8650-f99of100-d3of4,0,6,8650,,99,100,0.990,3,4,0.75,False,fresh_execution,fresh_execution,,,,,107,worker_11,results/raw/{stage18_run_id}/workers/worker_11/cells/s0-step8650-f99of100-d3of4,not_executed,,,not_evaluated
109,s0-step9050-f4of5-d1of4,0,7,9050,,4,5,0.800,1,4,0.25,False,fresh_execution,fresh_execution,,,,,108,worker_00,results/raw/{stage18_run_id}/workers/worker_00/cells/s0-step9050-f4of5-d1of4,not_executed,,,not_evaluated
110,s0-step9050-f4of5-d1of2,0,7,9050,,4,5,0.800,1,2,0.50,False,fresh_execution,fresh_execution,,,,,109,worker_01,results/raw/{stage18_run_id}/workers/worker_01/cells/s0-step9050-f4of5-d1of2,not_executed,,,not_evaluated
111,s0-step9050-f4of5-d3of4,0,7,9050,,4,5,0.800,3,4,0.75,False,fresh_execution,fresh_execution,,,,,110,worker_02,results/raw/{stage18_run_id}/workers/worker_02/cells/s0-step9050-f4of5-d3of4,not_executed,,,not_evaluated
112,s0-step9050-f17of20-d1of4,0,7,9050,,17,20,0.850,1,4,0.25,False,fresh_execution,fresh_execution,,,,,111,worker_03,results/raw/{stage18_run_id}/workers/worker_03/cells/s0-step9050-f17of20-d1of4,not_executed,,,not_evaluated
113,s0-step9050-f17of20-d1of2,0,7,9050,,17,20,0.850,1,2,0.50,False,fresh_execution,fresh_execution,,,,,112,worker_04,results/raw/{stage18_run_id}/workers/worker_04/cells/s0-step9050-f17of20-d1of2,not_executed,,,not_evaluated
114,s0-step9050-f17of20-d3of4,0,7,9050,,17,20,0.850,3,4,0.75,False,fresh_execution,fresh_execution,,,,,113,worker_05,results/raw/{stage18_run_id}/workers/worker_05/cells/s0-step9050-f17of20-d3of4,not_executed,,,not_evaluated
115,s0-step9050-f9of10-d1of4,0,7,9050,,9,10,0.900,1,4,0.25,False,fresh_execution,fresh_execution,,,,,114,worker_06,results/raw/{stage18_run_id}/workers/worker_06/cells/s0-step9050-f9of10-d1of4,not_executed,,,not_evaluated
116,s0-step9050-f9of10-d1of2,0,7,9050,,9,10,0.900,1,2,0.50,False,fresh_execution,fresh_execution,,,,,115,worker_07,results/raw/{stage18_run_id}/workers/worker_07/cells/s0-step9050-f9of10-d1of2,not_executed,,,not_evaluated
117,s0-step9050-f9of10-d3of4,0,7,9050,,9,10,0.900,3,4,0.75,False,fresh_execution,fresh_execution,,,,,116,worker_08,results/raw/{stage18_run_id}/workers/worker_08/cells/s0-step9050-f9of10-d3of4,not_executed,,,not_evaluated
118,s0-step9050-f19of20-d1of4,0,7,9050,,19,20,0.950,1,4,0.25,False,fresh_execution,fresh_execution,,,,,117,worker_09,results/raw/{stage18_run_id}/workers/worker_09/cells/s0-step9050-f19of20-d1of4,not_executed,,,not_evaluated
119,s0-step9050-f19of20-d1of2,0,7,9050,,19,20,0.950,1,2,0.50,False,fresh_execution,fresh_execution,,,,,118,worker_10,results/raw/{stage18_run_id}/workers/worker_10/cells/s0-step9050-f19of20-d1of2,not_executed,,,not_evaluated
120,s0-step9050-f19of20-d3of4,0,7,9050,,19,20,0.950,3,4,0.75,False,fresh_execution,fresh_execution,,,,,119,worker_11,results/raw/{stage18_run_id}/workers/worker_11/cells/s0-step9050-f19of20-d3of4,not_executed,,,not_evaluated
121,s0-step9050-f39of40-d1of4,0,7,9050,,39,40,0.975,1,4,0.25,False,fresh_execution,fresh_execution,,,,,120,worker_00,results/raw/{stage18_run_id}/workers/worker_00/cells/s0-step9050-f39of40-d1of4,not_executed,,,not_evaluated
122,s0-step9050-f39of40-d1of2,0,7,9050,,39,40,0.975,1,2,0.50,False,fresh_execution,fresh_execution,,,,,121,worker_01,results/raw/{stage18_run_id}/workers/worker_01/cells/s0-step9050-f39of40-d1of2,not_executed,,,not_evaluated
123,s0-step9050-f39of40-d3of4,0,7,9050,,39,40,0.975,3,4,0.75,False,fresh_execution,fresh_execution,,,,,122,worker_02,results/raw/{stage18_run_id}/workers/worker_02/cells/s0-step9050-f39of40-d3of4,not_executed,,,not_evaluated
124,s0-step9050-f99of100-d1of4,0,7,9050,,99,100,0.990,1,4,0.25,False,fresh_execution,fresh_execution,,,,,123,worker_03,results/raw/{stage18_run_id}/workers/worker_03/cells/s0-step9050-f99of100-d1of4,not_executed,,,not_evaluated
125,s0-step9050-f99of100-d1of2,0,7,9050,,99,100,0.990,1,2,0.50,True,fresh_execution,fresh_execution,,,,,124,worker_04,results/raw/{stage18_run_id}/workers/worker_04/cells/s0-step9050-f99of100-d1of2,not_executed,,,not_evaluated
126,s0-step9050-f99of100-d3of4,0,7,9050,,99,100,0.990,3,4,0.75,False,fresh_execution,fresh_execution,,,,,125,worker_05,results/raw/{stage18_run_id}/workers/worker_05/cells/s0-step9050-f99of100-d3of4,not_executed,,,not_evaluated
127,s1-step200-f4of5-d1of4,1,1,200,,4,5,0.800,1,4,0.25,False,fresh_execution,fresh_execution,,,,,126,worker_06,results/raw/{stage18_run_id}/workers/worker_06/cells/s1-step200-f4of5-d1of4,not_executed,,,not_evaluated
128,s1-step200-f4of5-d1of2,1,1,200,,4,5,0.800,1,2,0.50,False,fresh_execution,fresh_execution,,,,,127,worker_07,results/raw/{stage18_run_id}/workers/worker_07/cells/s1-step200-f4of5-d1of2,not_executed,,,not_evaluated
129,s1-step200-f4of5-d3of4,1,1,200,,4,5,0.800,3,4,0.75,False,fresh_execution,fresh_execution,,,,,128,worker_08,results/raw/{stage18_run_id}/workers/worker_08/cells/s1-step200-f4of5-d3of4,not_executed,,,not_evaluated
130,s1-step200-f17of20-d1of4,1,1,200,,17,20,0.850,1,4,0.25,False,fresh_execution,fresh_execution,,,,,129,worker_09,results/raw/{stage18_run_id}/workers/worker_09/cells/s1-step200-f17of20-d1of4,not_executed,,,not_evaluated
131,s1-step200-f17of20-d1of2,1,1,200,,17,20,0.850,1,2,0.50,False,fresh_execution,fresh_execution,,,,,130,worker_10,results/raw/{stage18_run_id}/workers/worker_10/cells/s1-step200-f17of20-d1of2,not_executed,,,not_evaluated
132,s1-step200-f17of20-d3of4,1,1,200,,17,20,0.850,3,4,0.75,False,fresh_execution,fresh_execution,,,,,131,worker_11,results/raw/{stage18_run_id}/workers/worker_11/cells/s1-step200-f17of20-d3of4,not_executed,,,not_evaluated
133,s1-step200-f9of10-d1of4,1,1,200,,9,10,0.900,1,4,0.25,False,fresh_execution,fresh_execution,,,,,132,worker_00,results/raw/{stage18_run_id}/workers/worker_00/cells/s1-step200-f9of10-d1of4,not_executed,,,not_evaluated
134,s1-step200-f9of10-d1of2,1,1,200,,9,10,0.900,1,2,0.50,False,fresh_execution,fresh_execution,,,,,133,worker_01,results/raw/{stage18_run_id}/workers/worker_01/cells/s1-step200-f9of10-d1of2,not_executed,,,not_evaluated
135,s1-step200-f9of10-d3of4,1,1,200,,9,10,0.900,3,4,0.75,False,fresh_execution,fresh_execution,,,,,134,worker_02,results/raw/{stage18_run_id}/workers/worker_02/cells/s1-step200-f9of10-d3of4,not_executed,,,not_evaluated
136,s1-step200-f19of20-d1of4,1,1,200,,19,20,0.950,1,4,0.25,False,fresh_execution,fresh_execution,,,,,135,worker_03,results/raw/{stage18_run_id}/workers/worker_03/cells/s1-step200-f19of20-d1of4,not_executed,,,not_evaluated
137,s1-step200-f19of20-d1of2,1,1,200,,19,20,0.950,1,2,0.50,False,fresh_execution,fresh_execution,,,,,136,worker_04,results/raw/{stage18_run_id}/workers/worker_04/cells/s1-step200-f19of20-d1of2,not_executed,,,not_evaluated
138,s1-step200-f19of20-d3of4,1,1,200,,19,20,0.950,3,4,0.75,False,fresh_execution,fresh_execution,,,,,137,worker_05,results/raw/{stage18_run_id}/workers/worker_05/cells/s1-step200-f19of20-d3of4,not_executed,,,not_evaluated
139,s1-step200-f39of40-d1of4,1,1,200,,39,40,0.975,1,4,0.25,False,fresh_execution,fresh_execution,,,,,138,worker_06,results/raw/{stage18_run_id}/workers/worker_06/cells/s1-step200-f39of40-d1of4,not_executed,,,not_evaluated
140,s1-step200-f39of40-d1of2,1,1,200,,39,40,0.975,1,2,0.50,False,fresh_execution,fresh_execution,,,,,139,worker_07,results/raw/{stage18_run_id}/workers/worker_07/cells/s1-step200-f39of40-d1of2,not_executed,,,not_evaluated
141,s1-step200-f39of40-d3of4,1,1,200,,39,40,0.975,3,4,0.75,False,fresh_execution,fresh_execution,,,,,140,worker_08,results/raw/{stage18_run_id}/workers/worker_08/cells/s1-step200-f39of40-d3of4,not_executed,,,not_evaluated
142,s1-step200-f99of100-d1of4,1,1,200,,99,100,0.990,1,4,0.25,False,fresh_execution,fresh_execution,,,,,141,worker_09,results/raw/{stage18_run_id}/workers/worker_09/cells/s1-step200-f99of100-d1of4,not_executed,,,not_evaluated
143,s1-step200-f99of100-d1of2,1,1,200,,99,100,0.990,1,2,0.50,True,fresh_execution,fresh_execution,,,,,142,worker_10,results/raw/{stage18_run_id}/workers/worker_10/cells/s1-step200-f99of100-d1of2,not_executed,,,not_evaluated
144,s1-step200-f99of100-d3of4,1,1,200,,99,100,0.990,3,4,0.75,False,fresh_execution,fresh_execution,,,,,143,worker_11,results/raw/{stage18_run_id}/workers/worker_11/cells/s1-step200-f99of100-d3of4,not_executed,,,not_evaluated
145,s1-step3400-f4of5-d1of4,1,2,3400,,4,5,0.800,1,4,0.25,False,fresh_execution,fresh_execution,,,,,144,worker_00,results/raw/{stage18_run_id}/workers/worker_00/cells/s1-step3400-f4of5-d1of4,not_executed,,,not_evaluated
146,s1-step3400-f4of5-d1of2,1,2,3400,,4,5,0.800,1,2,0.50,False,fresh_execution,fresh_execution,,,,,145,worker_01,results/raw/{stage18_run_id}/workers/worker_01/cells/s1-step3400-f4of5-d1of2,not_executed,,,not_evaluated
147,s1-step3400-f4of5-d3of4,1,2,3400,,4,5,0.800,3,4,0.75,False,fresh_execution,fresh_execution,,,,,146,worker_02,results/raw/{stage18_run_id}/workers/worker_02/cells/s1-step3400-f4of5-d3of4,not_executed,,,not_evaluated
148,s1-step3400-f17of20-d1of4,1,2,3400,,17,20,0.850,1,4,0.25,False,fresh_execution,fresh_execution,,,,,147,worker_03,results/raw/{stage18_run_id}/workers/worker_03/cells/s1-step3400-f17of20-d1of4,not_executed,,,not_evaluated
149,s1-step3400-f17of20-d1of2,1,2,3400,,17,20,0.850,1,2,0.50,False,fresh_execution,fresh_execution,,,,,148,worker_04,results/raw/{stage18_run_id}/workers/worker_04/cells/s1-step3400-f17of20-d1of2,not_executed,,,not_evaluated
150,s1-step3400-f17of20-d3of4,1,2,3400,,17,20,0.850,3,4,0.75,False,fresh_execution,fresh_execution,,,,,149,worker_05,results/raw/{stage18_run_id}/workers/worker_05/cells/s1-step3400-f17of20-d3of4,not_executed,,,not_evaluated
151,s1-step3400-f9of10-d1of4,1,2,3400,,9,10,0.900,1,4,0.25,False,fresh_execution,fresh_execution,,,,,150,worker_06,results/raw/{stage18_run_id}/workers/worker_06/cells/s1-step3400-f9of10-d1of4,not_executed,,,not_evaluated
152,s1-step3400-f9of10-d1of2,1,2,3400,,9,10,0.900,1,2,0.50,False,fresh_execution,fresh_execution,,,,,151,worker_07,results/raw/{stage18_run_id}/workers/worker_07/cells/s1-step3400-f9of10-d1of2,not_executed,,,not_evaluated
153,s1-step3400-f9of10-d3of4,1,2,3400,,9,10,0.900,3,4,0.75,False,fresh_execution,fresh_execution,,,,,152,worker_08,results/raw/{stage18_run_id}/workers/worker_08/cells/s1-step3400-f9of10-d3of4,not_executed,,,not_evaluated
154,s1-step3400-f19of20-d1of4,1,2,3400,,19,20,0.950,1,4,0.25,False,fresh_execution,fresh_execution,,,,,153,worker_09,results/raw/{stage18_run_id}/workers/worker_09/cells/s1-step3400-f19of20-d1of4,not_executed,,,not_evaluated
155,s1-step3400-f19of20-d1of2,1,2,3400,,19,20,0.950,1,2,0.50,False,fresh_execution,fresh_execution,,,,,154,worker_10,results/raw/{stage18_run_id}/workers/worker_10/cells/s1-step3400-f19of20-d1of2,not_executed,,,not_evaluated
156,s1-step3400-f19of20-d3of4,1,2,3400,,19,20,0.950,3,4,0.75,False,fresh_execution,fresh_execution,,,,,155,worker_11,results/raw/{stage18_run_id}/workers/worker_11/cells/s1-step3400-f19of20-d3of4,not_executed,,,not_evaluated
157,s1-step3400-f39of40-d1of4,1,2,3400,,39,40,0.975,1,4,0.25,False,fresh_execution,fresh_execution,,,,,156,worker_00,results/raw/{stage18_run_id}/workers/worker_00/cells/s1-step3400-f39of40-d1of4,not_executed,,,not_evaluated
158,s1-step3400-f39of40-d1of2,1,2,3400,,39,40,0.975,1,2,0.50,False,fresh_execution,fresh_execution,,,,,157,worker_01,results/raw/{stage18_run_id}/workers/worker_01/cells/s1-step3400-f39of40-d1of2,not_executed,,,not_evaluated
159,s1-step3400-f39of40-d3of4,1,2,3400,,39,40,0.975,3,4,0.75,False,fresh_execution,fresh_execution,,,,,158,worker_02,results/raw/{stage18_run_id}/workers/worker_02/cells/s1-step3400-f39of40-d3of4,not_executed,,,not_evaluated
160,s1-step3400-f99of100-d1of4,1,2,3400,,99,100,0.990,1,4,0.25,False,fresh_execution,fresh_execution,,,,,159,worker_03,results/raw/{stage18_run_id}/workers/worker_03/cells/s1-step3400-f99of100-d1of4,not_executed,,,not_evaluated
161,s1-step3400-f99of100-d1of2,1,2,3400,,99,100,0.990,1,2,0.50,True,fresh_execution,fresh_execution,,,,,160,worker_04,results/raw/{stage18_run_id}/workers/worker_04/cells/s1-step3400-f99of100-d1of2,not_executed,,,not_evaluated
162,s1-step3400-f99of100-d3of4,1,2,3400,,99,100,0.990,3,4,0.75,False,fresh_execution,fresh_execution,,,,,161,worker_05,results/raw/{stage18_run_id}/workers/worker_05/cells/s1-step3400-f99of100-d3of4,not_executed,,,not_evaluated
163,s1-step7450-f4of5-d1of4,1,3,7450,,4,5,0.800,1,4,0.25,False,fresh_execution,fresh_execution,,,,,162,worker_06,results/raw/{stage18_run_id}/workers/worker_06/cells/s1-step7450-f4of5-d1of4,not_executed,,,not_evaluated
164,s1-step7450-f4of5-d1of2,1,3,7450,,4,5,0.800,1,2,0.50,False,fresh_execution,fresh_execution,,,,,163,worker_07,results/raw/{stage18_run_id}/workers/worker_07/cells/s1-step7450-f4of5-d1of2,not_executed,,,not_evaluated
165,s1-step7450-f4of5-d3of4,1,3,7450,,4,5,0.800,3,4,0.75,False,fresh_execution,fresh_execution,,,,,164,worker_08,results/raw/{stage18_run_id}/workers/worker_08/cells/s1-step7450-f4of5-d3of4,not_executed,,,not_evaluated
166,s1-step7450-f17of20-d1of4,1,3,7450,,17,20,0.850,1,4,0.25,False,fresh_execution,fresh_execution,,,,,165,worker_09,results/raw/{stage18_run_id}/workers/worker_09/cells/s1-step7450-f17of20-d1of4,not_executed,,,not_evaluated
167,s1-step7450-f17of20-d1of2,1,3,7450,,17,20,0.850,1,2,0.50,False,fresh_execution,fresh_execution,,,,,166,worker_10,results/raw/{stage18_run_id}/workers/worker_10/cells/s1-step7450-f17of20-d1of2,not_executed,,,not_evaluated
168,s1-step7450-f17of20-d3of4,1,3,7450,,17,20,0.850,3,4,0.75,False,fresh_execution,fresh_execution,,,,,167,worker_11,results/raw/{stage18_run_id}/workers/worker_11/cells/s1-step7450-f17of20-d3of4,not_executed,,,not_evaluated
169,s1-step7450-f9of10-d1of4,1,3,7450,,9,10,0.900,1,4,0.25,False,fresh_execution,fresh_execution,,,,,168,worker_00,results/raw/{stage18_run_id}/workers/worker_00/cells/s1-step7450-f9of10-d1of4,not_executed,,,not_evaluated
170,s1-step7450-f9of10-d1of2,1,3,7450,,9,10,0.900,1,2,0.50,False,fresh_execution,fresh_execution,,,,,169,worker_01,results/raw/{stage18_run_id}/workers/worker_01/cells/s1-step7450-f9of10-d1of2,not_executed,,,not_evaluated
171,s1-step7450-f9of10-d3of4,1,3,7450,,9,10,0.900,3,4,0.75,False,fresh_execution,fresh_execution,,,,,170,worker_02,results/raw/{stage18_run_id}/workers/worker_02/cells/s1-step7450-f9of10-d3of4,not_executed,,,not_evaluated
172,s1-step7450-f19of20-d1of4,1,3,7450,,19,20,0.950,1,4,0.25,False,fresh_execution,fresh_execution,,,,,171,worker_03,results/raw/{stage18_run_id}/workers/worker_03/cells/s1-step7450-f19of20-d1of4,not_executed,,,not_evaluated
173,s1-step7450-f19of20-d1of2,1,3,7450,,19,20,0.950,1,2,0.50,False,fresh_execution,fresh_execution,,,,,172,worker_04,results/raw/{stage18_run_id}/workers/worker_04/cells/s1-step7450-f19of20-d1of2,not_executed,,,not_evaluated
174,s1-step7450-f19of20-d3of4,1,3,7450,,19,20,0.950,3,4,0.75,False,fresh_execution,fresh_execution,,,,,173,worker_05,results/raw/{stage18_run_id}/workers/worker_05/cells/s1-step7450-f19of20-d3of4,not_executed,,,not_evaluated
175,s1-step7450-f39of40-d1of4,1,3,7450,,39,40,0.975,1,4,0.25,False,fresh_execution,fresh_execution,,,,,174,worker_06,results/raw/{stage18_run_id}/workers/worker_06/cells/s1-step7450-f39of40-d1of4,not_executed,,,not_evaluated
176,s1-step7450-f39of40-d1of2,1,3,7450,,39,40,0.975,1,2,0.50,False,fresh_execution,fresh_execution,,,,,175,worker_07,results/raw/{stage18_run_id}/workers/worker_07/cells/s1-step7450-f39of40-d1of2,not_executed,,,not_evaluated
177,s1-step7450-f39of40-d3of4,1,3,7450,,39,40,0.975,3,4,0.75,False,fresh_execution,fresh_execution,,,,,176,worker_08,results/raw/{stage18_run_id}/workers/worker_08/cells/s1-step7450-f39of40-d3of4,not_executed,,,not_evaluated
178,s1-step7450-f99of100-d1of4,1,3,7450,,99,100,0.990,1,4,0.25,False,fresh_execution,fresh_execution,,,,,177,worker_09,results/raw/{stage18_run_id}/workers/worker_09/cells/s1-step7450-f99of100-d1of4,not_executed,,,not_evaluated
179,s1-step7450-f99of100-d1of2,1,3,7450,,99,100,0.990,1,2,0.50,True,fresh_execution,fresh_execution,,,,,178,worker_10,results/raw/{stage18_run_id}/workers/worker_10/cells/s1-step7450-f99of100-d1of2,not_executed,,,not_evaluated
180,s1-step7450-f99of100-d3of4,1,3,7450,,99,100,0.990,3,4,0.75,False,fresh_execution,fresh_execution,,,,,179,worker_11,results/raw/{stage18_run_id}/workers/worker_11/cells/s1-step7450-f99of100-d3of4,not_executed,,,not_evaluated
181,s1-step8150-f4of5-d1of4,1,4,8150,,4,5,0.800,1,4,0.25,False,fresh_execution,fresh_execution,,,,,180,worker_00,results/raw/{stage18_run_id}/workers/worker_00/cells/s1-step8150-f4of5-d1of4,not_executed,,,not_evaluated
182,s1-step8150-f4of5-d1of2,1,4,8150,,4,5,0.800,1,2,0.50,False,fresh_execution,fresh_execution,,,,,181,worker_01,results/raw/{stage18_run_id}/workers/worker_01/cells/s1-step8150-f4of5-d1of2,not_executed,,,not_evaluated
183,s1-step8150-f4of5-d3of4,1,4,8150,,4,5,0.800,3,4,0.75,False,fresh_execution,fresh_execution,,,,,182,worker_02,results/raw/{stage18_run_id}/workers/worker_02/cells/s1-step8150-f4of5-d3of4,not_executed,,,not_evaluated
184,s1-step8150-f17of20-d1of4,1,4,8150,,17,20,0.850,1,4,0.25,False,fresh_execution,fresh_execution,,,,,183,worker_03,results/raw/{stage18_run_id}/workers/worker_03/cells/s1-step8150-f17of20-d1of4,not_executed,,,not_evaluated
185,s1-step8150-f17of20-d1of2,1,4,8150,,17,20,0.850,1,2,0.50,False,fresh_execution,fresh_execution,,,,,184,worker_04,results/raw/{stage18_run_id}/workers/worker_04/cells/s1-step8150-f17of20-d1of2,not_executed,,,not_evaluated
186,s1-step8150-f17of20-d3of4,1,4,8150,,17,20,0.850,3,4,0.75,False,fresh_execution,fresh_execution,,,,,185,worker_05,results/raw/{stage18_run_id}/workers/worker_05/cells/s1-step8150-f17of20-d3of4,not_executed,,,not_evaluated
187,s1-step8150-f9of10-d1of4,1,4,8150,,9,10,0.900,1,4,0.25,False,fresh_execution,fresh_execution,,,,,186,worker_06,results/raw/{stage18_run_id}/workers/worker_06/cells/s1-step8150-f9of10-d1of4,not_executed,,,not_evaluated
188,s1-step8150-f9of10-d1of2,1,4,8150,,9,10,0.900,1,2,0.50,False,fresh_execution,fresh_execution,,,,,187,worker_07,results/raw/{stage18_run_id}/workers/worker_07/cells/s1-step8150-f9of10-d1of2,not_executed,,,not_evaluated
189,s1-step8150-f9of10-d3of4,1,4,8150,,9,10,0.900,3,4,0.75,False,fresh_execution,fresh_execution,,,,,188,worker_08,results/raw/{stage18_run_id}/workers/worker_08/cells/s1-step8150-f9of10-d3of4,not_executed,,,not_evaluated
190,s1-step8150-f19of20-d1of4,1,4,8150,,19,20,0.950,1,4,0.25,False,fresh_execution,fresh_execution,,,,,189,worker_09,results/raw/{stage18_run_id}/workers/worker_09/cells/s1-step8150-f19of20-d1of4,not_executed,,,not_evaluated
191,s1-step8150-f19of20-d1of2,1,4,8150,,19,20,0.950,1,2,0.50,False,fresh_execution,fresh_execution,,,,,190,worker_10,results/raw/{stage18_run_id}/workers/worker_10/cells/s1-step8150-f19of20-d1of2,not_executed,,,not_evaluated
192,s1-step8150-f19of20-d3of4,1,4,8150,,19,20,0.950,3,4,0.75,False,fresh_execution,fresh_execution,,,,,191,worker_11,results/raw/{stage18_run_id}/workers/worker_11/cells/s1-step8150-f19of20-d3of4,not_executed,,,not_evaluated
193,s1-step8150-f39of40-d1of4,1,4,8150,,39,40,0.975,1,4,0.25,False,fresh_execution,fresh_execution,,,,,192,worker_00,results/raw/{stage18_run_id}/workers/worker_00/cells/s1-step8150-f39of40-d1of4,not_executed,,,not_evaluated
194,s1-step8150-f39of40-d1of2,1,4,8150,,39,40,0.975,1,2,0.50,False,fresh_execution,fresh_execution,,,,,193,worker_01,results/raw/{stage18_run_id}/workers/worker_01/cells/s1-step8150-f39of40-d1of2,not_executed,,,not_evaluated
195,s1-step8150-f39of40-d3of4,1,4,8150,,39,40,0.975,3,4,0.75,False,fresh_execution,fresh_execution,,,,,194,worker_02,results/raw/{stage18_run_id}/workers/worker_02/cells/s1-step8150-f39of40-d3of4,not_executed,,,not_evaluated
196,s1-step8150-f99of100-d1of4,1,4,8150,,99,100,0.990,1,4,0.25,False,fresh_execution,fresh_execution,,,,,195,worker_03,results/raw/{stage18_run_id}/workers/worker_03/cells/s1-step8150-f99of100-d1of4,not_executed,,,not_evaluated
197,s1-step8150-f99of100-d1of2,1,4,8150,,99,100,0.990,1,2,0.50,True,fresh_execution,fresh_execution,,,,,196,worker_04,results/raw/{stage18_run_id}/workers/worker_04/cells/s1-step8150-f99of100-d1of2,not_executed,,,not_evaluated
198,s1-step8150-f99of100-d3of4,1,4,8150,,99,100,0.990,3,4,0.75,False,fresh_execution,fresh_execution,,,,,197,worker_05,results/raw/{stage18_run_id}/workers/worker_05/cells/s1-step8150-f99of100-d3of4,not_executed,,,not_evaluated
199,s1-step8500-f4of5-d1of4,1,5,8500,,4,5,0.800,1,4,0.25,False,fresh_execution,fresh_execution,,,,,198,worker_06,results/raw/{stage18_run_id}/workers/worker_06/cells/s1-step8500-f4of5-d1of4,not_executed,,,not_evaluated
200,s1-step8500-f4of5-d1of2,1,5,8500,,4,5,0.800,1,2,0.50,False,fresh_execution,fresh_execution,,,,,199,worker_07,results/raw/{stage18_run_id}/workers/worker_07/cells/s1-step8500-f4of5-d1of2,not_executed,,,not_evaluated
201,s1-step8500-f4of5-d3of4,1,5,8500,,4,5,0.800,3,4,0.75,False,fresh_execution,fresh_execution,,,,,200,worker_08,results/raw/{stage18_run_id}/workers/worker_08/cells/s1-step8500-f4of5-d3of4,not_executed,,,not_evaluated
202,s1-step8500-f17of20-d1of4,1,5,8500,,17,20,0.850,1,4,0.25,False,fresh_execution,fresh_execution,,,,,201,worker_09,results/raw/{stage18_run_id}/workers/worker_09/cells/s1-step8500-f17of20-d1of4,not_executed,,,not_evaluated
203,s1-step8500-f17of20-d1of2,1,5,8500,,17,20,0.850,1,2,0.50,False,fresh_execution,fresh_execution,,,,,202,worker_10,results/raw/{stage18_run_id}/workers/worker_10/cells/s1-step8500-f17of20-d1of2,not_executed,,,not_evaluated
204,s1-step8500-f17of20-d3of4,1,5,8500,,17,20,0.850,3,4,0.75,False,fresh_execution,fresh_execution,,,,,203,worker_11,results/raw/{stage18_run_id}/workers/worker_11/cells/s1-step8500-f17of20-d3of4,not_executed,,,not_evaluated
205,s1-step8500-f9of10-d1of4,1,5,8500,,9,10,0.900,1,4,0.25,False,fresh_execution,fresh_execution,,,,,204,worker_00,results/raw/{stage18_run_id}/workers/worker_00/cells/s1-step8500-f9of10-d1of4,not_executed,,,not_evaluated
206,s1-step8500-f9of10-d1of2,1,5,8500,,9,10,0.900,1,2,0.50,False,fresh_execution,fresh_execution,,,,,205,worker_01,results/raw/{stage18_run_id}/workers/worker_01/cells/s1-step8500-f9of10-d1of2,not_executed,,,not_evaluated
207,s1-step8500-f9of10-d3of4,1,5,8500,,9,10,0.900,3,4,0.75,False,fresh_execution,fresh_execution,,,,,206,worker_02,results/raw/{stage18_run_id}/workers/worker_02/cells/s1-step8500-f9of10-d3of4,not_executed,,,not_evaluated
208,s1-step8500-f19of20-d1of4,1,5,8500,,19,20,0.950,1,4,0.25,False,fresh_execution,fresh_execution,,,,,207,worker_03,results/raw/{stage18_run_id}/workers/worker_03/cells/s1-step8500-f19of20-d1of4,not_executed,,,not_evaluated
209,s1-step8500-f19of20-d1of2,1,5,8500,,19,20,0.950,1,2,0.50,False,fresh_execution,fresh_execution,,,,,208,worker_04,results/raw/{stage18_run_id}/workers/worker_04/cells/s1-step8500-f19of20-d1of2,not_executed,,,not_evaluated
210,s1-step8500-f19of20-d3of4,1,5,8500,,19,20,0.950,3,4,0.75,False,fresh_execution,fresh_execution,,,,,209,worker_05,results/raw/{stage18_run_id}/workers/worker_05/cells/s1-step8500-f19of20-d3of4,not_executed,,,not_evaluated
211,s1-step8500-f39of40-d1of4,1,5,8500,,39,40,0.975,1,4,0.25,False,fresh_execution,fresh_execution,,,,,210,worker_06,results/raw/{stage18_run_id}/workers/worker_06/cells/s1-step8500-f39of40-d1of4,not_executed,,,not_evaluated
212,s1-step8500-f39of40-d1of2,1,5,8500,,39,40,0.975,1,2,0.50,False,fresh_execution,fresh_execution,,,,,211,worker_07,results/raw/{stage18_run_id}/workers/worker_07/cells/s1-step8500-f39of40-d1of2,not_executed,,,not_evaluated
213,s1-step8500-f39of40-d3of4,1,5,8500,,39,40,0.975,3,4,0.75,False,fresh_execution,fresh_execution,,,,,212,worker_08,results/raw/{stage18_run_id}/workers/worker_08/cells/s1-step8500-f39of40-d3of4,not_executed,,,not_evaluated
214,s1-step8500-f99of100-d1of4,1,5,8500,,99,100,0.990,1,4,0.25,False,fresh_execution,fresh_execution,,,,,213,worker_09,results/raw/{stage18_run_id}/workers/worker_09/cells/s1-step8500-f99of100-d1of4,not_executed,,,not_evaluated
215,s1-step8500-f99of100-d1of2,1,5,8500,,99,100,0.990,1,2,0.50,True,fresh_execution,fresh_execution,,,,,214,worker_10,results/raw/{stage18_run_id}/workers/worker_10/cells/s1-step8500-f99of100-d1of2,not_executed,,,not_evaluated
216,s1-step8500-f99of100-d3of4,1,5,8500,,99,100,0.990,3,4,0.75,False,fresh_execution,fresh_execution,,,,,215,worker_11,results/raw/{stage18_run_id}/workers/worker_11/cells/s1-step8500-f99of100-d3of4,not_executed,,,not_evaluated
217,s1-step8650-f4of5-d1of4,1,6,8650,,4,5,0.800,1,4,0.25,False,fresh_execution,fresh_execution,,,,,216,worker_00,results/raw/{stage18_run_id}/workers/worker_00/cells/s1-step8650-f4of5-d1of4,not_executed,,,not_evaluated
218,s1-step8650-f4of5-d1of2,1,6,8650,,4,5,0.800,1,2,0.50,False,fresh_execution,fresh_execution,,,,,217,worker_01,results/raw/{stage18_run_id}/workers/worker_01/cells/s1-step8650-f4of5-d1of2,not_executed,,,not_evaluated
219,s1-step8650-f4of5-d3of4,1,6,8650,,4,5,0.800,3,4,0.75,False,fresh_execution,fresh_execution,,,,,218,worker_02,results/raw/{stage18_run_id}/workers/worker_02/cells/s1-step8650-f4of5-d3of4,not_executed,,,not_evaluated
220,s1-step8650-f17of20-d1of4,1,6,8650,,17,20,0.850,1,4,0.25,False,fresh_execution,fresh_execution,,,,,219,worker_03,results/raw/{stage18_run_id}/workers/worker_03/cells/s1-step8650-f17of20-d1of4,not_executed,,,not_evaluated
221,s1-step8650-f17of20-d1of2,1,6,8650,,17,20,0.850,1,2,0.50,False,fresh_execution,fresh_execution,,,,,220,worker_04,results/raw/{stage18_run_id}/workers/worker_04/cells/s1-step8650-f17of20-d1of2,not_executed,,,not_evaluated
222,s1-step8650-f17of20-d3of4,1,6,8650,,17,20,0.850,3,4,0.75,False,fresh_execution,fresh_execution,,,,,221,worker_05,results/raw/{stage18_run_id}/workers/worker_05/cells/s1-step8650-f17of20-d3of4,not_executed,,,not_evaluated
223,s1-step8650-f9of10-d1of4,1,6,8650,,9,10,0.900,1,4,0.25,False,fresh_execution,fresh_execution,,,,,222,worker_06,results/raw/{stage18_run_id}/workers/worker_06/cells/s1-step8650-f9of10-d1of4,not_executed,,,not_evaluated
224,s1-step8650-f9of10-d1of2,1,6,8650,,9,10,0.900,1,2,0.50,False,fresh_execution,fresh_execution,,,,,223,worker_07,results/raw/{stage18_run_id}/workers/worker_07/cells/s1-step8650-f9of10-d1of2,not_executed,,,not_evaluated
225,s1-step8650-f9of10-d3of4,1,6,8650,,9,10,0.900,3,4,0.75,False,fresh_execution,fresh_execution,,,,,224,worker_08,results/raw/{stage18_run_id}/workers/worker_08/cells/s1-step8650-f9of10-d3of4,not_executed,,,not_evaluated
226,s1-step8650-f19of20-d1of4,1,6,8650,,19,20,0.950,1,4,0.25,False,fresh_execution,fresh_execution,,,,,225,worker_09,results/raw/{stage18_run_id}/workers/worker_09/cells/s1-step8650-f19of20-d1of4,not_executed,,,not_evaluated
227,s1-step8650-f19of20-d1of2,1,6,8650,,19,20,0.950,1,2,0.50,False,fresh_execution,fresh_execution,,,,,226,worker_10,results/raw/{stage18_run_id}/workers/worker_10/cells/s1-step8650-f19of20-d1of2,not_executed,,,not_evaluated
228,s1-step8650-f19of20-d3of4,1,6,8650,,19,20,0.950,3,4,0.75,False,fresh_execution,fresh_execution,,,,,227,worker_11,results/raw/{stage18_run_id}/workers/worker_11/cells/s1-step8650-f19of20-d3of4,not_executed,,,not_evaluated
229,s1-step8650-f39of40-d1of4,1,6,8650,,39,40,0.975,1,4,0.25,False,fresh_execution,fresh_execution,,,,,228,worker_00,results/raw/{stage18_run_id}/workers/worker_00/cells/s1-step8650-f39of40-d1of4,not_executed,,,not_evaluated
230,s1-step8650-f39of40-d1of2,1,6,8650,,39,40,0.975,1,2,0.50,False,fresh_execution,fresh_execution,,,,,229,worker_01,results/raw/{stage18_run_id}/workers/worker_01/cells/s1-step8650-f39of40-d1of2,not_executed,,,not_evaluated
231,s1-step8650-f39of40-d3of4,1,6,8650,,39,40,0.975,3,4,0.75,False,fresh_execution,fresh_execution,,,,,230,worker_02,results/raw/{stage18_run_id}/workers/worker_02/cells/s1-step8650-f39of40-d3of4,not_executed,,,not_evaluated
232,s1-step8650-f99of100-d1of4,1,6,8650,,99,100,0.990,1,4,0.25,False,fresh_execution,fresh_execution,,,,,231,worker_03,results/raw/{stage18_run_id}/workers/worker_03/cells/s1-step8650-f99of100-d1of4,not_executed,,,not_evaluated
233,s1-step8650-f99of100-d1of2,1,6,8650,,99,100,0.990,1,2,0.50,True,fresh_execution,fresh_execution,,,,,232,worker_04,results/raw/{stage18_run_id}/workers/worker_04/cells/s1-step8650-f99of100-d1of2,not_executed,,,not_evaluated
234,s1-step8650-f99of100-d3of4,1,6,8650,,99,100,0.990,3,4,0.75,False,fresh_execution,fresh_execution,,,,,233,worker_05,results/raw/{stage18_run_id}/workers/worker_05/cells/s1-step8650-f99of100-d3of4,not_executed,,,not_evaluated
235,s1-step9050-f4of5-d1of4,1,7,9050,,4,5,0.800,1,4,0.25,False,reference_existing_result,reference_existing_result,17,stage17-sensitivity-s1-7801e7938531,manifests/stage17_sensitivity_stage17-sensitivity-s1-7801e7938531.json,s1-step9050-f4of5-d1of4,,,results/raw/{stage18_run_id}/references/s1-step9050-f4of5-d1of4,not_executed,,,not_evaluated
236,s1-step9050-f4of5-d1of2,1,7,9050,,4,5,0.800,1,2,0.50,False,reference_existing_result,reference_existing_result,17,stage17-sensitivity-s1-7801e7938531,manifests/stage17_sensitivity_stage17-sensitivity-s1-7801e7938531.json,s1-step9050-f4of5-d1of2,,,results/raw/{stage18_run_id}/references/s1-step9050-f4of5-d1of2,not_executed,,,not_evaluated
237,s1-step9050-f4of5-d3of4,1,7,9050,,4,5,0.800,3,4,0.75,False,reference_existing_result,reference_existing_result,17,stage17-sensitivity-s1-7801e7938531,manifests/stage17_sensitivity_stage17-sensitivity-s1-7801e7938531.json,s1-step9050-f4of5-d3of4,,,results/raw/{stage18_run_id}/references/s1-step9050-f4of5-d3of4,not_executed,,,not_evaluated
238,s1-step9050-f17of20-d1of4,1,7,9050,,17,20,0.850,1,4,0.25,False,reference_existing_result,reference_existing_result,17,stage17-sensitivity-s1-7801e7938531,manifests/stage17_sensitivity_stage17-sensitivity-s1-7801e7938531.json,s1-step9050-f17of20-d1of4,,,results/raw/{stage18_run_id}/references/s1-step9050-f17of20-d1of4,not_executed,,,not_evaluated
239,s1-step9050-f17of20-d1of2,1,7,9050,,17,20,0.850,1,2,0.50,False,reference_existing_result,reference_existing_result,17,stage17-sensitivity-s1-7801e7938531,manifests/stage17_sensitivity_stage17-sensitivity-s1-7801e7938531.json,s1-step9050-f17of20-d1of2,,,results/raw/{stage18_run_id}/references/s1-step9050-f17of20-d1of2,not_executed,,,not_evaluated
240,s1-step9050-f17of20-d3of4,1,7,9050,,17,20,0.850,3,4,0.75,False,reference_existing_result,reference_existing_result,17,stage17-sensitivity-s1-7801e7938531,manifests/stage17_sensitivity_stage17-sensitivity-s1-7801e7938531.json,s1-step9050-f17of20-d3of4,,,results/raw/{stage18_run_id}/references/s1-step9050-f17of20-d3of4,not_executed,,,not_evaluated
241,s1-step9050-f9of10-d1of4,1,7,9050,,9,10,0.900,1,4,0.25,False,reference_existing_result,reference_existing_result,17,stage17-sensitivity-s1-7801e7938531,manifests/stage17_sensitivity_stage17-sensitivity-s1-7801e7938531.json,s1-step9050-f9of10-d1of4,,,results/raw/{stage18_run_id}/references/s1-step9050-f9of10-d1of4,not_executed,,,not_evaluated
242,s1-step9050-f9of10-d1of2,1,7,9050,,9,10,0.900,1,2,0.50,False,reference_existing_result,reference_existing_result,17,stage17-sensitivity-s1-7801e7938531,manifests/stage17_sensitivity_stage17-sensitivity-s1-7801e7938531.json,s1-step9050-f9of10-d1of2,,,results/raw/{stage18_run_id}/references/s1-step9050-f9of10-d1of2,not_executed,,,not_evaluated
243,s1-step9050-f9of10-d3of4,1,7,9050,,9,10,0.900,3,4,0.75,False,reference_existing_result,reference_existing_result,17,stage17-sensitivity-s1-7801e7938531,manifests/stage17_sensitivity_stage17-sensitivity-s1-7801e7938531.json,s1-step9050-f9of10-d3of4,,,results/raw/{stage18_run_id}/references/s1-step9050-f9of10-d3of4,not_executed,,,not_evaluated
244,s1-step9050-f19of20-d1of4,1,7,9050,,19,20,0.950,1,4,0.25,False,reference_existing_result,reference_existing_result,17,stage17-sensitivity-s1-7801e7938531,manifests/stage17_sensitivity_stage17-sensitivity-s1-7801e7938531.json,s1-step9050-f19of20-d1of4,,,results/raw/{stage18_run_id}/references/s1-step9050-f19of20-d1of4,not_executed,,,not_evaluated
245,s1-step9050-f19of20-d1of2,1,7,9050,,19,20,0.950,1,2,0.50,False,reference_existing_result,reference_existing_result,17,stage17-sensitivity-s1-7801e7938531,manifests/stage17_sensitivity_stage17-sensitivity-s1-7801e7938531.json,s1-step9050-f19of20-d1of2,,,results/raw/{stage18_run_id}/references/s1-step9050-f19of20-d1of2,not_executed,,,not_evaluated
246,s1-step9050-f19of20-d3of4,1,7,9050,,19,20,0.950,3,4,0.75,False,reference_existing_result,reference_existing_result,17,stage17-sensitivity-s1-7801e7938531,manifests/stage17_sensitivity_stage17-sensitivity-s1-7801e7938531.json,s1-step9050-f19of20-d3of4,,,results/raw/{stage18_run_id}/references/s1-step9050-f19of20-d3of4,not_executed,,,not_evaluated
247,s1-step9050-f39of40-d1of4,1,7,9050,,39,40,0.975,1,4,0.25,False,reference_existing_result,reference_existing_result,17,stage17-sensitivity-s1-7801e7938531,manifests/stage17_sensitivity_stage17-sensitivity-s1-7801e7938531.json,s1-step9050-f39of40-d1of4,,,results/raw/{stage18_run_id}/references/s1-step9050-f39of40-d1of4,not_executed,,,not_evaluated
248,s1-step9050-f39of40-d1of2,1,7,9050,,39,40,0.975,1,2,0.50,False,reference_existing_result,reference_existing_result,17,stage17-sensitivity-s1-7801e7938531,manifests/stage17_sensitivity_stage17-sensitivity-s1-7801e7938531.json,s1-step9050-f39of40-d1of2,,,results/raw/{stage18_run_id}/references/s1-step9050-f39of40-d1of2,not_executed,,,not_evaluated
249,s1-step9050-f39of40-d3of4,1,7,9050,,39,40,0.975,3,4,0.75,False,reference_existing_result,reference_existing_result,17,stage17-sensitivity-s1-7801e7938531,manifests/stage17_sensitivity_stage17-sensitivity-s1-7801e7938531.json,s1-step9050-f39of40-d3of4,,,results/raw/{stage18_run_id}/references/s1-step9050-f39of40-d3of4,not_executed,,,not_evaluated
250,s1-step9050-f99of100-d1of4,1,7,9050,,99,100,0.990,1,4,0.25,False,reference_existing_result,reference_existing_result,17,stage17-sensitivity-s1-7801e7938531,manifests/stage17_sensitivity_stage17-sensitivity-s1-7801e7938531.json,s1-step9050-f99of100-d1of4,,,results/raw/{stage18_run_id}/references/s1-step9050-f99of100-d1of4,not_executed,,,not_evaluated
251,s1-step9050-f99of100-d1of2,1,7,9050,,99,100,0.990,1,2,0.50,True,reference_existing_result,reference_existing_result,17,stage17-sensitivity-s1-7801e7938531,manifests/stage17_sensitivity_stage17-sensitivity-s1-7801e7938531.json,s1-step9050-f99of100-d1of2,,,results/raw/{stage18_run_id}/references/s1-step9050-f99of100-d1of2,not_executed,,,not_evaluated
252,s1-step9050-f99of100-d3of4,1,7,9050,,99,100,0.990,3,4,0.75,False,reference_existing_result,reference_existing_result,17,stage17-sensitivity-s1-7801e7938531,manifests/stage17_sensitivity_stage17-sensitivity-s1-7801e7938531.json,s1-step9050-f99of100-d3of4,,,results/raw/{stage18_run_id}/references/s1-step9050-f99of100-d3of4,not_executed,,,not_evaluated
253,s2-step200-f4of5-d1of4,2,1,200,,4,5,0.800,1,4,0.25,False,fresh_execution,fresh_execution,,,,,234,worker_06,results/raw/{stage18_run_id}/workers/worker_06/cells/s2-step200-f4of5-d1of4,not_executed,,,not_evaluated
254,s2-step200-f4of5-d1of2,2,1,200,,4,5,0.800,1,2,0.50,False,fresh_execution,fresh_execution,,,,,235,worker_07,results/raw/{stage18_run_id}/workers/worker_07/cells/s2-step200-f4of5-d1of2,not_executed,,,not_evaluated
255,s2-step200-f4of5-d3of4,2,1,200,,4,5,0.800,3,4,0.75,False,fresh_execution,fresh_execution,,,,,236,worker_08,results/raw/{stage18_run_id}/workers/worker_08/cells/s2-step200-f4of5-d3of4,not_executed,,,not_evaluated
256,s2-step200-f17of20-d1of4,2,1,200,,17,20,0.850,1,4,0.25,False,fresh_execution,fresh_execution,,,,,237,worker_09,results/raw/{stage18_run_id}/workers/worker_09/cells/s2-step200-f17of20-d1of4,not_executed,,,not_evaluated
257,s2-step200-f17of20-d1of2,2,1,200,,17,20,0.850,1,2,0.50,False,fresh_execution,fresh_execution,,,,,238,worker_10,results/raw/{stage18_run_id}/workers/worker_10/cells/s2-step200-f17of20-d1of2,not_executed,,,not_evaluated
258,s2-step200-f17of20-d3of4,2,1,200,,17,20,0.850,3,4,0.75,False,fresh_execution,fresh_execution,,,,,239,worker_11,results/raw/{stage18_run_id}/workers/worker_11/cells/s2-step200-f17of20-d3of4,not_executed,,,not_evaluated
259,s2-step200-f9of10-d1of4,2,1,200,,9,10,0.900,1,4,0.25,False,fresh_execution,fresh_execution,,,,,240,worker_00,results/raw/{stage18_run_id}/workers/worker_00/cells/s2-step200-f9of10-d1of4,not_executed,,,not_evaluated
260,s2-step200-f9of10-d1of2,2,1,200,,9,10,0.900,1,2,0.50,False,fresh_execution,fresh_execution,,,,,241,worker_01,results/raw/{stage18_run_id}/workers/worker_01/cells/s2-step200-f9of10-d1of2,not_executed,,,not_evaluated
261,s2-step200-f9of10-d3of4,2,1,200,,9,10,0.900,3,4,0.75,False,fresh_execution,fresh_execution,,,,,242,worker_02,results/raw/{stage18_run_id}/workers/worker_02/cells/s2-step200-f9of10-d3of4,not_executed,,,not_evaluated
262,s2-step200-f19of20-d1of4,2,1,200,,19,20,0.950,1,4,0.25,False,fresh_execution,fresh_execution,,,,,243,worker_03,results/raw/{stage18_run_id}/workers/worker_03/cells/s2-step200-f19of20-d1of4,not_executed,,,not_evaluated
263,s2-step200-f19of20-d1of2,2,1,200,,19,20,0.950,1,2,0.50,False,fresh_execution,fresh_execution,,,,,244,worker_04,results/raw/{stage18_run_id}/workers/worker_04/cells/s2-step200-f19of20-d1of2,not_executed,,,not_evaluated
264,s2-step200-f19of20-d3of4,2,1,200,,19,20,0.950,3,4,0.75,False,fresh_execution,fresh_execution,,,,,245,worker_05,results/raw/{stage18_run_id}/workers/worker_05/cells/s2-step200-f19of20-d3of4,not_executed,,,not_evaluated
265,s2-step200-f39of40-d1of4,2,1,200,,39,40,0.975,1,4,0.25,False,fresh_execution,fresh_execution,,,,,246,worker_06,results/raw/{stage18_run_id}/workers/worker_06/cells/s2-step200-f39of40-d1of4,not_executed,,,not_evaluated
266,s2-step200-f39of40-d1of2,2,1,200,,39,40,0.975,1,2,0.50,False,fresh_execution,fresh_execution,,,,,247,worker_07,results/raw/{stage18_run_id}/workers/worker_07/cells/s2-step200-f39of40-d1of2,not_executed,,,not_evaluated
267,s2-step200-f39of40-d3of4,2,1,200,,39,40,0.975,3,4,0.75,False,fresh_execution,fresh_execution,,,,,248,worker_08,results/raw/{stage18_run_id}/workers/worker_08/cells/s2-step200-f39of40-d3of4,not_executed,,,not_evaluated
268,s2-step200-f99of100-d1of4,2,1,200,,99,100,0.990,1,4,0.25,False,fresh_execution,fresh_execution,,,,,249,worker_09,results/raw/{stage18_run_id}/workers/worker_09/cells/s2-step200-f99of100-d1of4,not_executed,,,not_evaluated
269,s2-step200-f99of100-d1of2,2,1,200,,99,100,0.990,1,2,0.50,True,fresh_execution,fresh_execution,,,,,250,worker_10,results/raw/{stage18_run_id}/workers/worker_10/cells/s2-step200-f99of100-d1of2,not_executed,,,not_evaluated
270,s2-step200-f99of100-d3of4,2,1,200,,99,100,0.990,3,4,0.75,False,fresh_execution,fresh_execution,,,,,251,worker_11,results/raw/{stage18_run_id}/workers/worker_11/cells/s2-step200-f99of100-d3of4,not_executed,,,not_evaluated
271,s2-step3400-f4of5-d1of4,2,2,3400,,4,5,0.800,1,4,0.25,False,fresh_execution,fresh_execution,,,,,252,worker_00,results/raw/{stage18_run_id}/workers/worker_00/cells/s2-step3400-f4of5-d1of4,not_executed,,,not_evaluated
272,s2-step3400-f4of5-d1of2,2,2,3400,,4,5,0.800,1,2,0.50,False,fresh_execution,fresh_execution,,,,,253,worker_01,results/raw/{stage18_run_id}/workers/worker_01/cells/s2-step3400-f4of5-d1of2,not_executed,,,not_evaluated
273,s2-step3400-f4of5-d3of4,2,2,3400,,4,5,0.800,3,4,0.75,False,fresh_execution,fresh_execution,,,,,254,worker_02,results/raw/{stage18_run_id}/workers/worker_02/cells/s2-step3400-f4of5-d3of4,not_executed,,,not_evaluated
274,s2-step3400-f17of20-d1of4,2,2,3400,,17,20,0.850,1,4,0.25,False,fresh_execution,fresh_execution,,,,,255,worker_03,results/raw/{stage18_run_id}/workers/worker_03/cells/s2-step3400-f17of20-d1of4,not_executed,,,not_evaluated
275,s2-step3400-f17of20-d1of2,2,2,3400,,17,20,0.850,1,2,0.50,False,fresh_execution,fresh_execution,,,,,256,worker_04,results/raw/{stage18_run_id}/workers/worker_04/cells/s2-step3400-f17of20-d1of2,not_executed,,,not_evaluated
276,s2-step3400-f17of20-d3of4,2,2,3400,,17,20,0.850,3,4,0.75,False,fresh_execution,fresh_execution,,,,,257,worker_05,results/raw/{stage18_run_id}/workers/worker_05/cells/s2-step3400-f17of20-d3of4,not_executed,,,not_evaluated
277,s2-step3400-f9of10-d1of4,2,2,3400,,9,10,0.900,1,4,0.25,False,fresh_execution,fresh_execution,,,,,258,worker_06,results/raw/{stage18_run_id}/workers/worker_06/cells/s2-step3400-f9of10-d1of4,not_executed,,,not_evaluated
278,s2-step3400-f9of10-d1of2,2,2,3400,,9,10,0.900,1,2,0.50,False,fresh_execution,fresh_execution,,,,,259,worker_07,results/raw/{stage18_run_id}/workers/worker_07/cells/s2-step3400-f9of10-d1of2,not_executed,,,not_evaluated
279,s2-step3400-f9of10-d3of4,2,2,3400,,9,10,0.900,3,4,0.75,False,fresh_execution,fresh_execution,,,,,260,worker_08,results/raw/{stage18_run_id}/workers/worker_08/cells/s2-step3400-f9of10-d3of4,not_executed,,,not_evaluated
280,s2-step3400-f19of20-d1of4,2,2,3400,,19,20,0.950,1,4,0.25,False,fresh_execution,fresh_execution,,,,,261,worker_09,results/raw/{stage18_run_id}/workers/worker_09/cells/s2-step3400-f19of20-d1of4,not_executed,,,not_evaluated
281,s2-step3400-f19of20-d1of2,2,2,3400,,19,20,0.950,1,2,0.50,False,fresh_execution,fresh_execution,,,,,262,worker_10,results/raw/{stage18_run_id}/workers/worker_10/cells/s2-step3400-f19of20-d1of2,not_executed,,,not_evaluated
282,s2-step3400-f19of20-d3of4,2,2,3400,,19,20,0.950,3,4,0.75,False,fresh_execution,fresh_execution,,,,,263,worker_11,results/raw/{stage18_run_id}/workers/worker_11/cells/s2-step3400-f19of20-d3of4,not_executed,,,not_evaluated
283,s2-step3400-f39of40-d1of4,2,2,3400,,39,40,0.975,1,4,0.25,False,fresh_execution,fresh_execution,,,,,264,worker_00,results/raw/{stage18_run_id}/workers/worker_00/cells/s2-step3400-f39of40-d1of4,not_executed,,,not_evaluated
284,s2-step3400-f39of40-d1of2,2,2,3400,,39,40,0.975,1,2,0.50,False,fresh_execution,fresh_execution,,,,,265,worker_01,results/raw/{stage18_run_id}/workers/worker_01/cells/s2-step3400-f39of40-d1of2,not_executed,,,not_evaluated
285,s2-step3400-f39of40-d3of4,2,2,3400,,39,40,0.975,3,4,0.75,False,fresh_execution,fresh_execution,,,,,266,worker_02,results/raw/{stage18_run_id}/workers/worker_02/cells/s2-step3400-f39of40-d3of4,not_executed,,,not_evaluated
286,s2-step3400-f99of100-d1of4,2,2,3400,,99,100,0.990,1,4,0.25,False,fresh_execution,fresh_execution,,,,,267,worker_03,results/raw/{stage18_run_id}/workers/worker_03/cells/s2-step3400-f99of100-d1of4,not_executed,,,not_evaluated
287,s2-step3400-f99of100-d1of2,2,2,3400,,99,100,0.990,1,2,0.50,True,fresh_execution,fresh_execution,,,,,268,worker_04,results/raw/{stage18_run_id}/workers/worker_04/cells/s2-step3400-f99of100-d1of2,not_executed,,,not_evaluated
288,s2-step3400-f99of100-d3of4,2,2,3400,,99,100,0.990,3,4,0.75,False,fresh_execution,fresh_execution,,,,,269,worker_05,results/raw/{stage18_run_id}/workers/worker_05/cells/s2-step3400-f99of100-d3of4,not_executed,,,not_evaluated
289,s2-step7450-f4of5-d1of4,2,3,7450,,4,5,0.800,1,4,0.25,False,fresh_execution,fresh_execution,,,,,270,worker_06,results/raw/{stage18_run_id}/workers/worker_06/cells/s2-step7450-f4of5-d1of4,not_executed,,,not_evaluated
290,s2-step7450-f4of5-d1of2,2,3,7450,,4,5,0.800,1,2,0.50,False,fresh_execution,fresh_execution,,,,,271,worker_07,results/raw/{stage18_run_id}/workers/worker_07/cells/s2-step7450-f4of5-d1of2,not_executed,,,not_evaluated
291,s2-step7450-f4of5-d3of4,2,3,7450,,4,5,0.800,3,4,0.75,False,fresh_execution,fresh_execution,,,,,272,worker_08,results/raw/{stage18_run_id}/workers/worker_08/cells/s2-step7450-f4of5-d3of4,not_executed,,,not_evaluated
292,s2-step7450-f17of20-d1of4,2,3,7450,,17,20,0.850,1,4,0.25,False,fresh_execution,fresh_execution,,,,,273,worker_09,results/raw/{stage18_run_id}/workers/worker_09/cells/s2-step7450-f17of20-d1of4,not_executed,,,not_evaluated
293,s2-step7450-f17of20-d1of2,2,3,7450,,17,20,0.850,1,2,0.50,False,fresh_execution,fresh_execution,,,,,274,worker_10,results/raw/{stage18_run_id}/workers/worker_10/cells/s2-step7450-f17of20-d1of2,not_executed,,,not_evaluated
294,s2-step7450-f17of20-d3of4,2,3,7450,,17,20,0.850,3,4,0.75,False,fresh_execution,fresh_execution,,,,,275,worker_11,results/raw/{stage18_run_id}/workers/worker_11/cells/s2-step7450-f17of20-d3of4,not_executed,,,not_evaluated
295,s2-step7450-f9of10-d1of4,2,3,7450,,9,10,0.900,1,4,0.25,False,fresh_execution,fresh_execution,,,,,276,worker_00,results/raw/{stage18_run_id}/workers/worker_00/cells/s2-step7450-f9of10-d1of4,not_executed,,,not_evaluated
296,s2-step7450-f9of10-d1of2,2,3,7450,,9,10,0.900,1,2,0.50,False,fresh_execution,fresh_execution,,,,,277,worker_01,results/raw/{stage18_run_id}/workers/worker_01/cells/s2-step7450-f9of10-d1of2,not_executed,,,not_evaluated
297,s2-step7450-f9of10-d3of4,2,3,7450,,9,10,0.900,3,4,0.75,False,fresh_execution,fresh_execution,,,,,278,worker_02,results/raw/{stage18_run_id}/workers/worker_02/cells/s2-step7450-f9of10-d3of4,not_executed,,,not_evaluated
298,s2-step7450-f19of20-d1of4,2,3,7450,,19,20,0.950,1,4,0.25,False,fresh_execution,fresh_execution,,,,,279,worker_03,results/raw/{stage18_run_id}/workers/worker_03/cells/s2-step7450-f19of20-d1of4,not_executed,,,not_evaluated
299,s2-step7450-f19of20-d1of2,2,3,7450,,19,20,0.950,1,2,0.50,False,fresh_execution,fresh_execution,,,,,280,worker_04,results/raw/{stage18_run_id}/workers/worker_04/cells/s2-step7450-f19of20-d1of2,not_executed,,,not_evaluated
300,s2-step7450-f19of20-d3of4,2,3,7450,,19,20,0.950,3,4,0.75,False,fresh_execution,fresh_execution,,,,,281,worker_05,results/raw/{stage18_run_id}/workers/worker_05/cells/s2-step7450-f19of20-d3of4,not_executed,,,not_evaluated
301,s2-step7450-f39of40-d1of4,2,3,7450,,39,40,0.975,1,4,0.25,False,fresh_execution,fresh_execution,,,,,282,worker_06,results/raw/{stage18_run_id}/workers/worker_06/cells/s2-step7450-f39of40-d1of4,not_executed,,,not_evaluated
302,s2-step7450-f39of40-d1of2,2,3,7450,,39,40,0.975,1,2,0.50,False,fresh_execution,fresh_execution,,,,,283,worker_07,results/raw/{stage18_run_id}/workers/worker_07/cells/s2-step7450-f39of40-d1of2,not_executed,,,not_evaluated
303,s2-step7450-f39of40-d3of4,2,3,7450,,39,40,0.975,3,4,0.75,False,fresh_execution,fresh_execution,,,,,284,worker_08,results/raw/{stage18_run_id}/workers/worker_08/cells/s2-step7450-f39of40-d3of4,not_executed,,,not_evaluated
304,s2-step7450-f99of100-d1of4,2,3,7450,,99,100,0.990,1,4,0.25,False,fresh_execution,fresh_execution,,,,,285,worker_09,results/raw/{stage18_run_id}/workers/worker_09/cells/s2-step7450-f99of100-d1of4,not_executed,,,not_evaluated
305,s2-step7450-f99of100-d1of2,2,3,7450,,99,100,0.990,1,2,0.50,True,fresh_execution,fresh_execution,,,,,286,worker_10,results/raw/{stage18_run_id}/workers/worker_10/cells/s2-step7450-f99of100-d1of2,not_executed,,,not_evaluated
306,s2-step7450-f99of100-d3of4,2,3,7450,,99,100,0.990,3,4,0.75,False,fresh_execution,fresh_execution,,,,,287,worker_11,results/raw/{stage18_run_id}/workers/worker_11/cells/s2-step7450-f99of100-d3of4,not_executed,,,not_evaluated
307,s2-step8150-f4of5-d1of4,2,4,8150,,4,5,0.800,1,4,0.25,False,fresh_execution,fresh_execution,,,,,288,worker_00,results/raw/{stage18_run_id}/workers/worker_00/cells/s2-step8150-f4of5-d1of4,not_executed,,,not_evaluated
308,s2-step8150-f4of5-d1of2,2,4,8150,,4,5,0.800,1,2,0.50,False,fresh_execution,fresh_execution,,,,,289,worker_01,results/raw/{stage18_run_id}/workers/worker_01/cells/s2-step8150-f4of5-d1of2,not_executed,,,not_evaluated
309,s2-step8150-f4of5-d3of4,2,4,8150,,4,5,0.800,3,4,0.75,False,fresh_execution,fresh_execution,,,,,290,worker_02,results/raw/{stage18_run_id}/workers/worker_02/cells/s2-step8150-f4of5-d3of4,not_executed,,,not_evaluated
310,s2-step8150-f17of20-d1of4,2,4,8150,,17,20,0.850,1,4,0.25,False,fresh_execution,fresh_execution,,,,,291,worker_03,results/raw/{stage18_run_id}/workers/worker_03/cells/s2-step8150-f17of20-d1of4,not_executed,,,not_evaluated
311,s2-step8150-f17of20-d1of2,2,4,8150,,17,20,0.850,1,2,0.50,False,fresh_execution,fresh_execution,,,,,292,worker_04,results/raw/{stage18_run_id}/workers/worker_04/cells/s2-step8150-f17of20-d1of2,not_executed,,,not_evaluated
312,s2-step8150-f17of20-d3of4,2,4,8150,,17,20,0.850,3,4,0.75,False,fresh_execution,fresh_execution,,,,,293,worker_05,results/raw/{stage18_run_id}/workers/worker_05/cells/s2-step8150-f17of20-d3of4,not_executed,,,not_evaluated
313,s2-step8150-f9of10-d1of4,2,4,8150,,9,10,0.900,1,4,0.25,False,fresh_execution,fresh_execution,,,,,294,worker_06,results/raw/{stage18_run_id}/workers/worker_06/cells/s2-step8150-f9of10-d1of4,not_executed,,,not_evaluated
314,s2-step8150-f9of10-d1of2,2,4,8150,,9,10,0.900,1,2,0.50,False,fresh_execution,fresh_execution,,,,,295,worker_07,results/raw/{stage18_run_id}/workers/worker_07/cells/s2-step8150-f9of10-d1of2,not_executed,,,not_evaluated
315,s2-step8150-f9of10-d3of4,2,4,8150,,9,10,0.900,3,4,0.75,False,fresh_execution,fresh_execution,,,,,296,worker_08,results/raw/{stage18_run_id}/workers/worker_08/cells/s2-step8150-f9of10-d3of4,not_executed,,,not_evaluated
316,s2-step8150-f19of20-d1of4,2,4,8150,,19,20,0.950,1,4,0.25,False,fresh_execution,fresh_execution,,,,,297,worker_09,results/raw/{stage18_run_id}/workers/worker_09/cells/s2-step8150-f19of20-d1of4,not_executed,,,not_evaluated
317,s2-step8150-f19of20-d1of2,2,4,8150,,19,20,0.950,1,2,0.50,False,fresh_execution,fresh_execution,,,,,298,worker_10,results/raw/{stage18_run_id}/workers/worker_10/cells/s2-step8150-f19of20-d1of2,not_executed,,,not_evaluated
318,s2-step8150-f19of20-d3of4,2,4,8150,,19,20,0.950,3,4,0.75,False,fresh_execution,fresh_execution,,,,,299,worker_11,results/raw/{stage18_run_id}/workers/worker_11/cells/s2-step8150-f19of20-d3of4,not_executed,,,not_evaluated
319,s2-step8150-f39of40-d1of4,2,4,8150,,39,40,0.975,1,4,0.25,False,fresh_execution,fresh_execution,,,,,300,worker_00,results/raw/{stage18_run_id}/workers/worker_00/cells/s2-step8150-f39of40-d1of4,not_executed,,,not_evaluated
320,s2-step8150-f39of40-d1of2,2,4,8150,,39,40,0.975,1,2,0.50,False,fresh_execution,fresh_execution,,,,,301,worker_01,results/raw/{stage18_run_id}/workers/worker_01/cells/s2-step8150-f39of40-d1of2,not_executed,,,not_evaluated
321,s2-step8150-f39of40-d3of4,2,4,8150,,39,40,0.975,3,4,0.75,False,fresh_execution,fresh_execution,,,,,302,worker_02,results/raw/{stage18_run_id}/workers/worker_02/cells/s2-step8150-f39of40-d3of4,not_executed,,,not_evaluated
322,s2-step8150-f99of100-d1of4,2,4,8150,,99,100,0.990,1,4,0.25,False,fresh_execution,fresh_execution,,,,,303,worker_03,results/raw/{stage18_run_id}/workers/worker_03/cells/s2-step8150-f99of100-d1of4,not_executed,,,not_evaluated
323,s2-step8150-f99of100-d1of2,2,4,8150,,99,100,0.990,1,2,0.50,True,fresh_execution,fresh_execution,,,,,304,worker_04,results/raw/{stage18_run_id}/workers/worker_04/cells/s2-step8150-f99of100-d1of2,not_executed,,,not_evaluated
324,s2-step8150-f99of100-d3of4,2,4,8150,,99,100,0.990,3,4,0.75,False,fresh_execution,fresh_execution,,,,,305,worker_05,results/raw/{stage18_run_id}/workers/worker_05/cells/s2-step8150-f99of100-d3of4,not_executed,,,not_evaluated
325,s2-step8500-f4of5-d1of4,2,5,8500,,4,5,0.800,1,4,0.25,False,fresh_execution,fresh_execution,,,,,306,worker_06,results/raw/{stage18_run_id}/workers/worker_06/cells/s2-step8500-f4of5-d1of4,not_executed,,,not_evaluated
326,s2-step8500-f4of5-d1of2,2,5,8500,,4,5,0.800,1,2,0.50,False,fresh_execution,fresh_execution,,,,,307,worker_07,results/raw/{stage18_run_id}/workers/worker_07/cells/s2-step8500-f4of5-d1of2,not_executed,,,not_evaluated
327,s2-step8500-f4of5-d3of4,2,5,8500,,4,5,0.800,3,4,0.75,False,fresh_execution,fresh_execution,,,,,308,worker_08,results/raw/{stage18_run_id}/workers/worker_08/cells/s2-step8500-f4of5-d3of4,not_executed,,,not_evaluated
328,s2-step8500-f17of20-d1of4,2,5,8500,,17,20,0.850,1,4,0.25,False,fresh_execution,fresh_execution,,,,,309,worker_09,results/raw/{stage18_run_id}/workers/worker_09/cells/s2-step8500-f17of20-d1of4,not_executed,,,not_evaluated
329,s2-step8500-f17of20-d1of2,2,5,8500,,17,20,0.850,1,2,0.50,False,fresh_execution,fresh_execution,,,,,310,worker_10,results/raw/{stage18_run_id}/workers/worker_10/cells/s2-step8500-f17of20-d1of2,not_executed,,,not_evaluated
330,s2-step8500-f17of20-d3of4,2,5,8500,,17,20,0.850,3,4,0.75,False,fresh_execution,fresh_execution,,,,,311,worker_11,results/raw/{stage18_run_id}/workers/worker_11/cells/s2-step8500-f17of20-d3of4,not_executed,,,not_evaluated
331,s2-step8500-f9of10-d1of4,2,5,8500,,9,10,0.900,1,4,0.25,False,fresh_execution,fresh_execution,,,,,312,worker_00,results/raw/{stage18_run_id}/workers/worker_00/cells/s2-step8500-f9of10-d1of4,not_executed,,,not_evaluated
332,s2-step8500-f9of10-d1of2,2,5,8500,,9,10,0.900,1,2,0.50,False,fresh_execution,fresh_execution,,,,,313,worker_01,results/raw/{stage18_run_id}/workers/worker_01/cells/s2-step8500-f9of10-d1of2,not_executed,,,not_evaluated
333,s2-step8500-f9of10-d3of4,2,5,8500,,9,10,0.900,3,4,0.75,False,fresh_execution,fresh_execution,,,,,314,worker_02,results/raw/{stage18_run_id}/workers/worker_02/cells/s2-step8500-f9of10-d3of4,not_executed,,,not_evaluated
334,s2-step8500-f19of20-d1of4,2,5,8500,,19,20,0.950,1,4,0.25,False,fresh_execution,fresh_execution,,,,,315,worker_03,results/raw/{stage18_run_id}/workers/worker_03/cells/s2-step8500-f19of20-d1of4,not_executed,,,not_evaluated
335,s2-step8500-f19of20-d1of2,2,5,8500,,19,20,0.950,1,2,0.50,False,fresh_execution,fresh_execution,,,,,316,worker_04,results/raw/{stage18_run_id}/workers/worker_04/cells/s2-step8500-f19of20-d1of2,not_executed,,,not_evaluated
336,s2-step8500-f19of20-d3of4,2,5,8500,,19,20,0.950,3,4,0.75,False,fresh_execution,fresh_execution,,,,,317,worker_05,results/raw/{stage18_run_id}/workers/worker_05/cells/s2-step8500-f19of20-d3of4,not_executed,,,not_evaluated
337,s2-step8500-f39of40-d1of4,2,5,8500,,39,40,0.975,1,4,0.25,False,fresh_execution,fresh_execution,,,,,318,worker_06,results/raw/{stage18_run_id}/workers/worker_06/cells/s2-step8500-f39of40-d1of4,not_executed,,,not_evaluated
338,s2-step8500-f39of40-d1of2,2,5,8500,,39,40,0.975,1,2,0.50,False,fresh_execution,fresh_execution,,,,,319,worker_07,results/raw/{stage18_run_id}/workers/worker_07/cells/s2-step8500-f39of40-d1of2,not_executed,,,not_evaluated
339,s2-step8500-f39of40-d3of4,2,5,8500,,39,40,0.975,3,4,0.75,False,fresh_execution,fresh_execution,,,,,320,worker_08,results/raw/{stage18_run_id}/workers/worker_08/cells/s2-step8500-f39of40-d3of4,not_executed,,,not_evaluated
340,s2-step8500-f99of100-d1of4,2,5,8500,,99,100,0.990,1,4,0.25,False,fresh_execution,fresh_execution,,,,,321,worker_09,results/raw/{stage18_run_id}/workers/worker_09/cells/s2-step8500-f99of100-d1of4,not_executed,,,not_evaluated
341,s2-step8500-f99of100-d1of2,2,5,8500,,99,100,0.990,1,2,0.50,True,fresh_execution,fresh_execution,,,,,322,worker_10,results/raw/{stage18_run_id}/workers/worker_10/cells/s2-step8500-f99of100-d1of2,not_executed,,,not_evaluated
342,s2-step8500-f99of100-d3of4,2,5,8500,,99,100,0.990,3,4,0.75,False,fresh_execution,fresh_execution,,,,,323,worker_11,results/raw/{stage18_run_id}/workers/worker_11/cells/s2-step8500-f99of100-d3of4,not_executed,,,not_evaluated
343,s2-step8650-f4of5-d1of4,2,6,8650,,4,5,0.800,1,4,0.25,False,fresh_execution,fresh_execution,,,,,324,worker_00,results/raw/{stage18_run_id}/workers/worker_00/cells/s2-step8650-f4of5-d1of4,not_executed,,,not_evaluated
344,s2-step8650-f4of5-d1of2,2,6,8650,,4,5,0.800,1,2,0.50,False,fresh_execution,fresh_execution,,,,,325,worker_01,results/raw/{stage18_run_id}/workers/worker_01/cells/s2-step8650-f4of5-d1of2,not_executed,,,not_evaluated
345,s2-step8650-f4of5-d3of4,2,6,8650,,4,5,0.800,3,4,0.75,False,fresh_execution,fresh_execution,,,,,326,worker_02,results/raw/{stage18_run_id}/workers/worker_02/cells/s2-step8650-f4of5-d3of4,not_executed,,,not_evaluated
346,s2-step8650-f17of20-d1of4,2,6,8650,,17,20,0.850,1,4,0.25,False,fresh_execution,fresh_execution,,,,,327,worker_03,results/raw/{stage18_run_id}/workers/worker_03/cells/s2-step8650-f17of20-d1of4,not_executed,,,not_evaluated
347,s2-step8650-f17of20-d1of2,2,6,8650,,17,20,0.850,1,2,0.50,False,fresh_execution,fresh_execution,,,,,328,worker_04,results/raw/{stage18_run_id}/workers/worker_04/cells/s2-step8650-f17of20-d1of2,not_executed,,,not_evaluated
348,s2-step8650-f17of20-d3of4,2,6,8650,,17,20,0.850,3,4,0.75,False,fresh_execution,fresh_execution,,,,,329,worker_05,results/raw/{stage18_run_id}/workers/worker_05/cells/s2-step8650-f17of20-d3of4,not_executed,,,not_evaluated
349,s2-step8650-f9of10-d1of4,2,6,8650,,9,10,0.900,1,4,0.25,False,fresh_execution,fresh_execution,,,,,330,worker_06,results/raw/{stage18_run_id}/workers/worker_06/cells/s2-step8650-f9of10-d1of4,not_executed,,,not_evaluated
350,s2-step8650-f9of10-d1of2,2,6,8650,,9,10,0.900,1,2,0.50,False,fresh_execution,fresh_execution,,,,,331,worker_07,results/raw/{stage18_run_id}/workers/worker_07/cells/s2-step8650-f9of10-d1of2,not_executed,,,not_evaluated
351,s2-step8650-f9of10-d3of4,2,6,8650,,9,10,0.900,3,4,0.75,False,fresh_execution,fresh_execution,,,,,332,worker_08,results/raw/{stage18_run_id}/workers/worker_08/cells/s2-step8650-f9of10-d3of4,not_executed,,,not_evaluated
352,s2-step8650-f19of20-d1of4,2,6,8650,,19,20,0.950,1,4,0.25,False,fresh_execution,fresh_execution,,,,,333,worker_09,results/raw/{stage18_run_id}/workers/worker_09/cells/s2-step8650-f19of20-d1of4,not_executed,,,not_evaluated
353,s2-step8650-f19of20-d1of2,2,6,8650,,19,20,0.950,1,2,0.50,False,fresh_execution,fresh_execution,,,,,334,worker_10,results/raw/{stage18_run_id}/workers/worker_10/cells/s2-step8650-f19of20-d1of2,not_executed,,,not_evaluated
354,s2-step8650-f19of20-d3of4,2,6,8650,,19,20,0.950,3,4,0.75,False,fresh_execution,fresh_execution,,,,,335,worker_11,results/raw/{stage18_run_id}/workers/worker_11/cells/s2-step8650-f19of20-d3of4,not_executed,,,not_evaluated
355,s2-step8650-f39of40-d1of4,2,6,8650,,39,40,0.975,1,4,0.25,False,fresh_execution,fresh_execution,,,,,336,worker_00,results/raw/{stage18_run_id}/workers/worker_00/cells/s2-step8650-f39of40-d1of4,not_executed,,,not_evaluated
356,s2-step8650-f39of40-d1of2,2,6,8650,,39,40,0.975,1,2,0.50,False,fresh_execution,fresh_execution,,,,,337,worker_01,results/raw/{stage18_run_id}/workers/worker_01/cells/s2-step8650-f39of40-d1of2,not_executed,,,not_evaluated
357,s2-step8650-f39of40-d3of4,2,6,8650,,39,40,0.975,3,4,0.75,False,fresh_execution,fresh_execution,,,,,338,worker_02,results/raw/{stage18_run_id}/workers/worker_02/cells/s2-step8650-f39of40-d3of4,not_executed,,,not_evaluated
358,s2-step8650-f99of100-d1of4,2,6,8650,,99,100,0.990,1,4,0.25,False,fresh_execution,fresh_execution,,,,,339,worker_03,results/raw/{stage18_run_id}/workers/worker_03/cells/s2-step8650-f99of100-d1of4,not_executed,,,not_evaluated
359,s2-step8650-f99of100-d1of2,2,6,8650,,99,100,0.990,1,2,0.50,True,fresh_execution,fresh_execution,,,,,340,worker_04,results/raw/{stage18_run_id}/workers/worker_04/cells/s2-step8650-f99of100-d1of2,not_executed,,,not_evaluated
360,s2-step8650-f99of100-d3of4,2,6,8650,,99,100,0.990,3,4,0.75,False,fresh_execution,fresh_execution,,,,,341,worker_05,results/raw/{stage18_run_id}/workers/worker_05/cells/s2-step8650-f99of100-d3of4,not_executed,,,not_evaluated
361,s2-step9050-f4of5-d1of4,2,7,9050,,4,5,0.800,1,4,0.25,False,fresh_execution,fresh_execution,,,,,342,worker_06,results/raw/{stage18_run_id}/workers/worker_06/cells/s2-step9050-f4of5-d1of4,not_executed,,,not_evaluated
362,s2-step9050-f4of5-d1of2,2,7,9050,,4,5,0.800,1,2,0.50,False,fresh_execution,fresh_execution,,,,,343,worker_07,results/raw/{stage18_run_id}/workers/worker_07/cells/s2-step9050-f4of5-d1of2,not_executed,,,not_evaluated
363,s2-step9050-f4of5-d3of4,2,7,9050,,4,5,0.800,3,4,0.75,False,fresh_execution,fresh_execution,,,,,344,worker_08,results/raw/{stage18_run_id}/workers/worker_08/cells/s2-step9050-f4of5-d3of4,not_executed,,,not_evaluated
364,s2-step9050-f17of20-d1of4,2,7,9050,,17,20,0.850,1,4,0.25,False,fresh_execution,fresh_execution,,,,,345,worker_09,results/raw/{stage18_run_id}/workers/worker_09/cells/s2-step9050-f17of20-d1of4,not_executed,,,not_evaluated
365,s2-step9050-f17of20-d1of2,2,7,9050,,17,20,0.850,1,2,0.50,False,fresh_execution,fresh_execution,,,,,346,worker_10,results/raw/{stage18_run_id}/workers/worker_10/cells/s2-step9050-f17of20-d1of2,not_executed,,,not_evaluated
366,s2-step9050-f17of20-d3of4,2,7,9050,,17,20,0.850,3,4,0.75,False,fresh_execution,fresh_execution,,,,,347,worker_11,results/raw/{stage18_run_id}/workers/worker_11/cells/s2-step9050-f17of20-d3of4,not_executed,,,not_evaluated
367,s2-step9050-f9of10-d1of4,2,7,9050,,9,10,0.900,1,4,0.25,False,fresh_execution,fresh_execution,,,,,348,worker_00,results/raw/{stage18_run_id}/workers/worker_00/cells/s2-step9050-f9of10-d1of4,not_executed,,,not_evaluated
368,s2-step9050-f9of10-d1of2,2,7,9050,,9,10,0.900,1,2,0.50,False,fresh_execution,fresh_execution,,,,,349,worker_01,results/raw/{stage18_run_id}/workers/worker_01/cells/s2-step9050-f9of10-d1of2,not_executed,,,not_evaluated
369,s2-step9050-f9of10-d3of4,2,7,9050,,9,10,0.900,3,4,0.75,False,fresh_execution,fresh_execution,,,,,350,worker_02,results/raw/{stage18_run_id}/workers/worker_02/cells/s2-step9050-f9of10-d3of4,not_executed,,,not_evaluated
370,s2-step9050-f19of20-d1of4,2,7,9050,,19,20,0.950,1,4,0.25,False,fresh_execution,fresh_execution,,,,,351,worker_03,results/raw/{stage18_run_id}/workers/worker_03/cells/s2-step9050-f19of20-d1of4,not_executed,,,not_evaluated
371,s2-step9050-f19of20-d1of2,2,7,9050,,19,20,0.950,1,2,0.50,False,fresh_execution,fresh_execution,,,,,352,worker_04,results/raw/{stage18_run_id}/workers/worker_04/cells/s2-step9050-f19of20-d1of2,not_executed,,,not_evaluated
372,s2-step9050-f19of20-d3of4,2,7,9050,,19,20,0.950,3,4,0.75,False,fresh_execution,fresh_execution,,,,,353,worker_05,results/raw/{stage18_run_id}/workers/worker_05/cells/s2-step9050-f19of20-d3of4,not_executed,,,not_evaluated
373,s2-step9050-f39of40-d1of4,2,7,9050,,39,40,0.975,1,4,0.25,False,fresh_execution,fresh_execution,,,,,354,worker_06,results/raw/{stage18_run_id}/workers/worker_06/cells/s2-step9050-f39of40-d1of4,not_executed,,,not_evaluated
374,s2-step9050-f39of40-d1of2,2,7,9050,,39,40,0.975,1,2,0.50,False,fresh_execution,fresh_execution,,,,,355,worker_07,results/raw/{stage18_run_id}/workers/worker_07/cells/s2-step9050-f39of40-d1of2,not_executed,,,not_evaluated
375,s2-step9050-f39of40-d3of4,2,7,9050,,39,40,0.975,3,4,0.75,False,fresh_execution,fresh_execution,,,,,356,worker_08,results/raw/{stage18_run_id}/workers/worker_08/cells/s2-step9050-f39of40-d3of4,not_executed,,,not_evaluated
376,s2-step9050-f99of100-d1of4,2,7,9050,,99,100,0.990,1,4,0.25,False,fresh_execution,fresh_execution,,,,,357,worker_09,results/raw/{stage18_run_id}/workers/worker_09/cells/s2-step9050-f99of100-d1of4,not_executed,,,not_evaluated
377,s2-step9050-f99of100-d1of2,2,7,9050,,99,100,0.990,1,2,0.50,True,fresh_execution,fresh_execution,,,,,358,worker_10,results/raw/{stage18_run_id}/workers/worker_10/cells/s2-step9050-f99of100-d1of2,not_executed,,,not_evaluated
378,s2-step9050-f99of100-d3of4,2,7,9050,,99,100,0.990,3,4,0.75,False,fresh_execution,fresh_execution,,,,,359,worker_11,results/raw/{stage18_run_id}/workers/worker_11/cells/s2-step9050-f99of100-d3of4,not_executed,,,not_evaluated
379,s3-step200-f4of5-d1of4,3,1,200,,4,5,0.800,1,4,0.25,False,fresh_execution,fresh_execution,,,,,360,worker_00,results/raw/{stage18_run_id}/workers/worker_00/cells/s3-step200-f4of5-d1of4,not_executed,,,not_evaluated
380,s3-step200-f4of5-d1of2,3,1,200,,4,5,0.800,1,2,0.50,False,fresh_execution,fresh_execution,,,,,361,worker_01,results/raw/{stage18_run_id}/workers/worker_01/cells/s3-step200-f4of5-d1of2,not_executed,,,not_evaluated
381,s3-step200-f4of5-d3of4,3,1,200,,4,5,0.800,3,4,0.75,False,fresh_execution,fresh_execution,,,,,362,worker_02,results/raw/{stage18_run_id}/workers/worker_02/cells/s3-step200-f4of5-d3of4,not_executed,,,not_evaluated
382,s3-step200-f17of20-d1of4,3,1,200,,17,20,0.850,1,4,0.25,False,fresh_execution,fresh_execution,,,,,363,worker_03,results/raw/{stage18_run_id}/workers/worker_03/cells/s3-step200-f17of20-d1of4,not_executed,,,not_evaluated
383,s3-step200-f17of20-d1of2,3,1,200,,17,20,0.850,1,2,0.50,False,fresh_execution,fresh_execution,,,,,364,worker_04,results/raw/{stage18_run_id}/workers/worker_04/cells/s3-step200-f17of20-d1of2,not_executed,,,not_evaluated
384,s3-step200-f17of20-d3of4,3,1,200,,17,20,0.850,3,4,0.75,False,fresh_execution,fresh_execution,,,,,365,worker_05,results/raw/{stage18_run_id}/workers/worker_05/cells/s3-step200-f17of20-d3of4,not_executed,,,not_evaluated
385,s3-step200-f9of10-d1of4,3,1,200,,9,10,0.900,1,4,0.25,False,fresh_execution,fresh_execution,,,,,366,worker_06,results/raw/{stage18_run_id}/workers/worker_06/cells/s3-step200-f9of10-d1of4,not_executed,,,not_evaluated
386,s3-step200-f9of10-d1of2,3,1,200,,9,10,0.900,1,2,0.50,False,fresh_execution,fresh_execution,,,,,367,worker_07,results/raw/{stage18_run_id}/workers/worker_07/cells/s3-step200-f9of10-d1of2,not_executed,,,not_evaluated
387,s3-step200-f9of10-d3of4,3,1,200,,9,10,0.900,3,4,0.75,False,fresh_execution,fresh_execution,,,,,368,worker_08,results/raw/{stage18_run_id}/workers/worker_08/cells/s3-step200-f9of10-d3of4,not_executed,,,not_evaluated
388,s3-step200-f19of20-d1of4,3,1,200,,19,20,0.950,1,4,0.25,False,fresh_execution,fresh_execution,,,,,369,worker_09,results/raw/{stage18_run_id}/workers/worker_09/cells/s3-step200-f19of20-d1of4,not_executed,,,not_evaluated
389,s3-step200-f19of20-d1of2,3,1,200,,19,20,0.950,1,2,0.50,False,fresh_execution,fresh_execution,,,,,370,worker_10,results/raw/{stage18_run_id}/workers/worker_10/cells/s3-step200-f19of20-d1of2,not_executed,,,not_evaluated
390,s3-step200-f19of20-d3of4,3,1,200,,19,20,0.950,3,4,0.75,False,fresh_execution,fresh_execution,,,,,371,worker_11,results/raw/{stage18_run_id}/workers/worker_11/cells/s3-step200-f19of20-d3of4,not_executed,,,not_evaluated
391,s3-step200-f39of40-d1of4,3,1,200,,39,40,0.975,1,4,0.25,False,fresh_execution,fresh_execution,,,,,372,worker_00,results/raw/{stage18_run_id}/workers/worker_00/cells/s3-step200-f39of40-d1of4,not_executed,,,not_evaluated
392,s3-step200-f39of40-d1of2,3,1,200,,39,40,0.975,1,2,0.50,False,fresh_execution,fresh_execution,,,,,373,worker_01,results/raw/{stage18_run_id}/workers/worker_01/cells/s3-step200-f39of40-d1of2,not_executed,,,not_evaluated
393,s3-step200-f39of40-d3of4,3,1,200,,39,40,0.975,3,4,0.75,False,fresh_execution,fresh_execution,,,,,374,worker_02,results/raw/{stage18_run_id}/workers/worker_02/cells/s3-step200-f39of40-d3of4,not_executed,,,not_evaluated
394,s3-step200-f99of100-d1of4,3,1,200,,99,100,0.990,1,4,0.25,False,fresh_execution,fresh_execution,,,,,375,worker_03,results/raw/{stage18_run_id}/workers/worker_03/cells/s3-step200-f99of100-d1of4,not_executed,,,not_evaluated
395,s3-step200-f99of100-d1of2,3,1,200,,99,100,0.990,1,2,0.50,True,fresh_execution,fresh_execution,,,,,376,worker_04,results/raw/{stage18_run_id}/workers/worker_04/cells/s3-step200-f99of100-d1of2,not_executed,,,not_evaluated
396,s3-step200-f99of100-d3of4,3,1,200,,99,100,0.990,3,4,0.75,False,fresh_execution,fresh_execution,,,,,377,worker_05,results/raw/{stage18_run_id}/workers/worker_05/cells/s3-step200-f99of100-d3of4,not_executed,,,not_evaluated
397,s3-step3400-f4of5-d1of4,3,2,3400,,4,5,0.800,1,4,0.25,False,fresh_execution,fresh_execution,,,,,378,worker_06,results/raw/{stage18_run_id}/workers/worker_06/cells/s3-step3400-f4of5-d1of4,not_executed,,,not_evaluated
398,s3-step3400-f4of5-d1of2,3,2,3400,,4,5,0.800,1,2,0.50,False,fresh_execution,fresh_execution,,,,,379,worker_07,results/raw/{stage18_run_id}/workers/worker_07/cells/s3-step3400-f4of5-d1of2,not_executed,,,not_evaluated
399,s3-step3400-f4of5-d3of4,3,2,3400,,4,5,0.800,3,4,0.75,False,fresh_execution,fresh_execution,,,,,380,worker_08,results/raw/{stage18_run_id}/workers/worker_08/cells/s3-step3400-f4of5-d3of4,not_executed,,,not_evaluated
400,s3-step3400-f17of20-d1of4,3,2,3400,,17,20,0.850,1,4,0.25,False,fresh_execution,fresh_execution,,,,,381,worker_09,results/raw/{stage18_run_id}/workers/worker_09/cells/s3-step3400-f17of20-d1of4,not_executed,,,not_evaluated
401,s3-step3400-f17of20-d1of2,3,2,3400,,17,20,0.850,1,2,0.50,False,fresh_execution,fresh_execution,,,,,382,worker_10,results/raw/{stage18_run_id}/workers/worker_10/cells/s3-step3400-f17of20-d1of2,not_executed,,,not_evaluated
402,s3-step3400-f17of20-d3of4,3,2,3400,,17,20,0.850,3,4,0.75,False,fresh_execution,fresh_execution,,,,,383,worker_11,results/raw/{stage18_run_id}/workers/worker_11/cells/s3-step3400-f17of20-d3of4,not_executed,,,not_evaluated
403,s3-step3400-f9of10-d1of4,3,2,3400,,9,10,0.900,1,4,0.25,False,fresh_execution,fresh_execution,,,,,384,worker_00,results/raw/{stage18_run_id}/workers/worker_00/cells/s3-step3400-f9of10-d1of4,not_executed,,,not_evaluated
404,s3-step3400-f9of10-d1of2,3,2,3400,,9,10,0.900,1,2,0.50,False,fresh_execution,fresh_execution,,,,,385,worker_01,results/raw/{stage18_run_id}/workers/worker_01/cells/s3-step3400-f9of10-d1of2,not_executed,,,not_evaluated
405,s3-step3400-f9of10-d3of4,3,2,3400,,9,10,0.900,3,4,0.75,False,fresh_execution,fresh_execution,,,,,386,worker_02,results/raw/{stage18_run_id}/workers/worker_02/cells/s3-step3400-f9of10-d3of4,not_executed,,,not_evaluated
406,s3-step3400-f19of20-d1of4,3,2,3400,,19,20,0.950,1,4,0.25,False,fresh_execution,fresh_execution,,,,,387,worker_03,results/raw/{stage18_run_id}/workers/worker_03/cells/s3-step3400-f19of20-d1of4,not_executed,,,not_evaluated
407,s3-step3400-f19of20-d1of2,3,2,3400,,19,20,0.950,1,2,0.50,False,fresh_execution,fresh_execution,,,,,388,worker_04,results/raw/{stage18_run_id}/workers/worker_04/cells/s3-step3400-f19of20-d1of2,not_executed,,,not_evaluated
408,s3-step3400-f19of20-d3of4,3,2,3400,,19,20,0.950,3,4,0.75,False,fresh_execution,fresh_execution,,,,,389,worker_05,results/raw/{stage18_run_id}/workers/worker_05/cells/s3-step3400-f19of20-d3of4,not_executed,,,not_evaluated
409,s3-step3400-f39of40-d1of4,3,2,3400,,39,40,0.975,1,4,0.25,False,fresh_execution,fresh_execution,,,,,390,worker_06,results/raw/{stage18_run_id}/workers/worker_06/cells/s3-step3400-f39of40-d1of4,not_executed,,,not_evaluated
410,s3-step3400-f39of40-d1of2,3,2,3400,,39,40,0.975,1,2,0.50,False,fresh_execution,fresh_execution,,,,,391,worker_07,results/raw/{stage18_run_id}/workers/worker_07/cells/s3-step3400-f39of40-d1of2,not_executed,,,not_evaluated
411,s3-step3400-f39of40-d3of4,3,2,3400,,39,40,0.975,3,4,0.75,False,fresh_execution,fresh_execution,,,,,392,worker_08,results/raw/{stage18_run_id}/workers/worker_08/cells/s3-step3400-f39of40-d3of4,not_executed,,,not_evaluated
412,s3-step3400-f99of100-d1of4,3,2,3400,,99,100,0.990,1,4,0.25,False,fresh_execution,fresh_execution,,,,,393,worker_09,results/raw/{stage18_run_id}/workers/worker_09/cells/s3-step3400-f99of100-d1of4,not_executed,,,not_evaluated
413,s3-step3400-f99of100-d1of2,3,2,3400,,99,100,0.990,1,2,0.50,True,fresh_execution,fresh_execution,,,,,394,worker_10,results/raw/{stage18_run_id}/workers/worker_10/cells/s3-step3400-f99of100-d1of2,not_executed,,,not_evaluated
414,s3-step3400-f99of100-d3of4,3,2,3400,,99,100,0.990,3,4,0.75,False,fresh_execution,fresh_execution,,,,,395,worker_11,results/raw/{stage18_run_id}/workers/worker_11/cells/s3-step3400-f99of100-d3of4,not_executed,,,not_evaluated
415,s3-step7450-f4of5-d1of4,3,3,7450,,4,5,0.800,1,4,0.25,False,fresh_execution,fresh_execution,,,,,396,worker_00,results/raw/{stage18_run_id}/workers/worker_00/cells/s3-step7450-f4of5-d1of4,not_executed,,,not_evaluated
416,s3-step7450-f4of5-d1of2,3,3,7450,,4,5,0.800,1,2,0.50,False,fresh_execution,fresh_execution,,,,,397,worker_01,results/raw/{stage18_run_id}/workers/worker_01/cells/s3-step7450-f4of5-d1of2,not_executed,,,not_evaluated
417,s3-step7450-f4of5-d3of4,3,3,7450,,4,5,0.800,3,4,0.75,False,fresh_execution,fresh_execution,,,,,398,worker_02,results/raw/{stage18_run_id}/workers/worker_02/cells/s3-step7450-f4of5-d3of4,not_executed,,,not_evaluated
418,s3-step7450-f17of20-d1of4,3,3,7450,,17,20,0.850,1,4,0.25,False,fresh_execution,fresh_execution,,,,,399,worker_03,results/raw/{stage18_run_id}/workers/worker_03/cells/s3-step7450-f17of20-d1of4,not_executed,,,not_evaluated
419,s3-step7450-f17of20-d1of2,3,3,7450,,17,20,0.850,1,2,0.50,False,fresh_execution,fresh_execution,,,,,400,worker_04,results/raw/{stage18_run_id}/workers/worker_04/cells/s3-step7450-f17of20-d1of2,not_executed,,,not_evaluated
420,s3-step7450-f17of20-d3of4,3,3,7450,,17,20,0.850,3,4,0.75,False,fresh_execution,fresh_execution,,,,,401,worker_05,results/raw/{stage18_run_id}/workers/worker_05/cells/s3-step7450-f17of20-d3of4,not_executed,,,not_evaluated
421,s3-step7450-f9of10-d1of4,3,3,7450,,9,10,0.900,1,4,0.25,False,fresh_execution,fresh_execution,,,,,402,worker_06,results/raw/{stage18_run_id}/workers/worker_06/cells/s3-step7450-f9of10-d1of4,not_executed,,,not_evaluated
422,s3-step7450-f9of10-d1of2,3,3,7450,,9,10,0.900,1,2,0.50,False,fresh_execution,fresh_execution,,,,,403,worker_07,results/raw/{stage18_run_id}/workers/worker_07/cells/s3-step7450-f9of10-d1of2,not_executed,,,not_evaluated
423,s3-step7450-f9of10-d3of4,3,3,7450,,9,10,0.900,3,4,0.75,False,fresh_execution,fresh_execution,,,,,404,worker_08,results/raw/{stage18_run_id}/workers/worker_08/cells/s3-step7450-f9of10-d3of4,not_executed,,,not_evaluated
424,s3-step7450-f19of20-d1of4,3,3,7450,,19,20,0.950,1,4,0.25,False,fresh_execution,fresh_execution,,,,,405,worker_09,results/raw/{stage18_run_id}/workers/worker_09/cells/s3-step7450-f19of20-d1of4,not_executed,,,not_evaluated
425,s3-step7450-f19of20-d1of2,3,3,7450,,19,20,0.950,1,2,0.50,False,fresh_execution,fresh_execution,,,,,406,worker_10,results/raw/{stage18_run_id}/workers/worker_10/cells/s3-step7450-f19of20-d1of2,not_executed,,,not_evaluated
426,s3-step7450-f19of20-d3of4,3,3,7450,,19,20,0.950,3,4,0.75,False,fresh_execution,fresh_execution,,,,,407,worker_11,results/raw/{stage18_run_id}/workers/worker_11/cells/s3-step7450-f19of20-d3of4,not_executed,,,not_evaluated
427,s3-step7450-f39of40-d1of4,3,3,7450,,39,40,0.975,1,4,0.25,False,fresh_execution,fresh_execution,,,,,408,worker_00,results/raw/{stage18_run_id}/workers/worker_00/cells/s3-step7450-f39of40-d1of4,not_executed,,,not_evaluated
428,s3-step7450-f39of40-d1of2,3,3,7450,,39,40,0.975,1,2,0.50,False,fresh_execution,fresh_execution,,,,,409,worker_01,results/raw/{stage18_run_id}/workers/worker_01/cells/s3-step7450-f39of40-d1of2,not_executed,,,not_evaluated
429,s3-step7450-f39of40-d3of4,3,3,7450,,39,40,0.975,3,4,0.75,False,fresh_execution,fresh_execution,,,,,410,worker_02,results/raw/{stage18_run_id}/workers/worker_02/cells/s3-step7450-f39of40-d3of4,not_executed,,,not_evaluated
430,s3-step7450-f99of100-d1of4,3,3,7450,,99,100,0.990,1,4,0.25,False,fresh_execution,fresh_execution,,,,,411,worker_03,results/raw/{stage18_run_id}/workers/worker_03/cells/s3-step7450-f99of100-d1of4,not_executed,,,not_evaluated
431,s3-step7450-f99of100-d1of2,3,3,7450,,99,100,0.990,1,2,0.50,True,fresh_execution,fresh_execution,,,,,412,worker_04,results/raw/{stage18_run_id}/workers/worker_04/cells/s3-step7450-f99of100-d1of2,not_executed,,,not_evaluated
432,s3-step7450-f99of100-d3of4,3,3,7450,,99,100,0.990,3,4,0.75,False,fresh_execution,fresh_execution,,,,,413,worker_05,results/raw/{stage18_run_id}/workers/worker_05/cells/s3-step7450-f99of100-d3of4,not_executed,,,not_evaluated
433,s3-step8150-f4of5-d1of4,3,4,8150,,4,5,0.800,1,4,0.25,False,fresh_execution,fresh_execution,,,,,414,worker_06,results/raw/{stage18_run_id}/workers/worker_06/cells/s3-step8150-f4of5-d1of4,not_executed,,,not_evaluated
434,s3-step8150-f4of5-d1of2,3,4,8150,,4,5,0.800,1,2,0.50,False,fresh_execution,fresh_execution,,,,,415,worker_07,results/raw/{stage18_run_id}/workers/worker_07/cells/s3-step8150-f4of5-d1of2,not_executed,,,not_evaluated
435,s3-step8150-f4of5-d3of4,3,4,8150,,4,5,0.800,3,4,0.75,False,fresh_execution,fresh_execution,,,,,416,worker_08,results/raw/{stage18_run_id}/workers/worker_08/cells/s3-step8150-f4of5-d3of4,not_executed,,,not_evaluated
436,s3-step8150-f17of20-d1of4,3,4,8150,,17,20,0.850,1,4,0.25,False,fresh_execution,fresh_execution,,,,,417,worker_09,results/raw/{stage18_run_id}/workers/worker_09/cells/s3-step8150-f17of20-d1of4,not_executed,,,not_evaluated
437,s3-step8150-f17of20-d1of2,3,4,8150,,17,20,0.850,1,2,0.50,False,fresh_execution,fresh_execution,,,,,418,worker_10,results/raw/{stage18_run_id}/workers/worker_10/cells/s3-step8150-f17of20-d1of2,not_executed,,,not_evaluated
438,s3-step8150-f17of20-d3of4,3,4,8150,,17,20,0.850,3,4,0.75,False,fresh_execution,fresh_execution,,,,,419,worker_11,results/raw/{stage18_run_id}/workers/worker_11/cells/s3-step8150-f17of20-d3of4,not_executed,,,not_evaluated
439,s3-step8150-f9of10-d1of4,3,4,8150,,9,10,0.900,1,4,0.25,False,fresh_execution,fresh_execution,,,,,420,worker_00,results/raw/{stage18_run_id}/workers/worker_00/cells/s3-step8150-f9of10-d1of4,not_executed,,,not_evaluated
440,s3-step8150-f9of10-d1of2,3,4,8150,,9,10,0.900,1,2,0.50,False,fresh_execution,fresh_execution,,,,,421,worker_01,results/raw/{stage18_run_id}/workers/worker_01/cells/s3-step8150-f9of10-d1of2,not_executed,,,not_evaluated
441,s3-step8150-f9of10-d3of4,3,4,8150,,9,10,0.900,3,4,0.75,False,fresh_execution,fresh_execution,,,,,422,worker_02,results/raw/{stage18_run_id}/workers/worker_02/cells/s3-step8150-f9of10-d3of4,not_executed,,,not_evaluated
442,s3-step8150-f19of20-d1of4,3,4,8150,,19,20,0.950,1,4,0.25,False,fresh_execution,fresh_execution,,,,,423,worker_03,results/raw/{stage18_run_id}/workers/worker_03/cells/s3-step8150-f19of20-d1of4,not_executed,,,not_evaluated
443,s3-step8150-f19of20-d1of2,3,4,8150,,19,20,0.950,1,2,0.50,False,fresh_execution,fresh_execution,,,,,424,worker_04,results/raw/{stage18_run_id}/workers/worker_04/cells/s3-step8150-f19of20-d1of2,not_executed,,,not_evaluated
444,s3-step8150-f19of20-d3of4,3,4,8150,,19,20,0.950,3,4,0.75,False,fresh_execution,fresh_execution,,,,,425,worker_05,results/raw/{stage18_run_id}/workers/worker_05/cells/s3-step8150-f19of20-d3of4,not_executed,,,not_evaluated
445,s3-step8150-f39of40-d1of4,3,4,8150,,39,40,0.975,1,4,0.25,False,fresh_execution,fresh_execution,,,,,426,worker_06,results/raw/{stage18_run_id}/workers/worker_06/cells/s3-step8150-f39of40-d1of4,not_executed,,,not_evaluated
446,s3-step8150-f39of40-d1of2,3,4,8150,,39,40,0.975,1,2,0.50,False,fresh_execution,fresh_execution,,,,,427,worker_07,results/raw/{stage18_run_id}/workers/worker_07/cells/s3-step8150-f39of40-d1of2,not_executed,,,not_evaluated
447,s3-step8150-f39of40-d3of4,3,4,8150,,39,40,0.975,3,4,0.75,False,fresh_execution,fresh_execution,,,,,428,worker_08,results/raw/{stage18_run_id}/workers/worker_08/cells/s3-step8150-f39of40-d3of4,not_executed,,,not_evaluated
448,s3-step8150-f99of100-d1of4,3,4,8150,,99,100,0.990,1,4,0.25,False,fresh_execution,fresh_execution,,,,,429,worker_09,results/raw/{stage18_run_id}/workers/worker_09/cells/s3-step8150-f99of100-d1of4,not_executed,,,not_evaluated
449,s3-step8150-f99of100-d1of2,3,4,8150,,99,100,0.990,1,2,0.50,True,fresh_execution,fresh_execution,,,,,430,worker_10,results/raw/{stage18_run_id}/workers/worker_10/cells/s3-step8150-f99of100-d1of2,not_executed,,,not_evaluated
450,s3-step8150-f99of100-d3of4,3,4,8150,,99,100,0.990,3,4,0.75,False,fresh_execution,fresh_execution,,,,,431,worker_11,results/raw/{stage18_run_id}/workers/worker_11/cells/s3-step8150-f99of100-d3of4,not_executed,,,not_evaluated
451,s3-step8500-f4of5-d1of4,3,5,8500,,4,5,0.800,1,4,0.25,False,fresh_execution,fresh_execution,,,,,432,worker_00,results/raw/{stage18_run_id}/workers/worker_00/cells/s3-step8500-f4of5-d1of4,not_executed,,,not_evaluated
452,s3-step8500-f4of5-d1of2,3,5,8500,,4,5,0.800,1,2,0.50,False,fresh_execution,fresh_execution,,,,,433,worker_01,results/raw/{stage18_run_id}/workers/worker_01/cells/s3-step8500-f4of5-d1of2,not_executed,,,not_evaluated
453,s3-step8500-f4of5-d3of4,3,5,8500,,4,5,0.800,3,4,0.75,False,fresh_execution,fresh_execution,,,,,434,worker_02,results/raw/{stage18_run_id}/workers/worker_02/cells/s3-step8500-f4of5-d3of4,not_executed,,,not_evaluated
454,s3-step8500-f17of20-d1of4,3,5,8500,,17,20,0.850,1,4,0.25,False,fresh_execution,fresh_execution,,,,,435,worker_03,results/raw/{stage18_run_id}/workers/worker_03/cells/s3-step8500-f17of20-d1of4,not_executed,,,not_evaluated
455,s3-step8500-f17of20-d1of2,3,5,8500,,17,20,0.850,1,2,0.50,False,fresh_execution,fresh_execution,,,,,436,worker_04,results/raw/{stage18_run_id}/workers/worker_04/cells/s3-step8500-f17of20-d1of2,not_executed,,,not_evaluated
456,s3-step8500-f17of20-d3of4,3,5,8500,,17,20,0.850,3,4,0.75,False,fresh_execution,fresh_execution,,,,,437,worker_05,results/raw/{stage18_run_id}/workers/worker_05/cells/s3-step8500-f17of20-d3of4,not_executed,,,not_evaluated
457,s3-step8500-f9of10-d1of4,3,5,8500,,9,10,0.900,1,4,0.25,False,fresh_execution,fresh_execution,,,,,438,worker_06,results/raw/{stage18_run_id}/workers/worker_06/cells/s3-step8500-f9of10-d1of4,not_executed,,,not_evaluated
458,s3-step8500-f9of10-d1of2,3,5,8500,,9,10,0.900,1,2,0.50,False,fresh_execution,fresh_execution,,,,,439,worker_07,results/raw/{stage18_run_id}/workers/worker_07/cells/s3-step8500-f9of10-d1of2,not_executed,,,not_evaluated
459,s3-step8500-f9of10-d3of4,3,5,8500,,9,10,0.900,3,4,0.75,False,fresh_execution,fresh_execution,,,,,440,worker_08,results/raw/{stage18_run_id}/workers/worker_08/cells/s3-step8500-f9of10-d3of4,not_executed,,,not_evaluated
460,s3-step8500-f19of20-d1of4,3,5,8500,,19,20,0.950,1,4,0.25,False,fresh_execution,fresh_execution,,,,,441,worker_09,results/raw/{stage18_run_id}/workers/worker_09/cells/s3-step8500-f19of20-d1of4,not_executed,,,not_evaluated
461,s3-step8500-f19of20-d1of2,3,5,8500,,19,20,0.950,1,2,0.50,False,fresh_execution,fresh_execution,,,,,442,worker_10,results/raw/{stage18_run_id}/workers/worker_10/cells/s3-step8500-f19of20-d1of2,not_executed,,,not_evaluated
462,s3-step8500-f19of20-d3of4,3,5,8500,,19,20,0.950,3,4,0.75,False,fresh_execution,fresh_execution,,,,,443,worker_11,results/raw/{stage18_run_id}/workers/worker_11/cells/s3-step8500-f19of20-d3of4,not_executed,,,not_evaluated
463,s3-step8500-f39of40-d1of4,3,5,8500,,39,40,0.975,1,4,0.25,False,fresh_execution,fresh_execution,,,,,444,worker_00,results/raw/{stage18_run_id}/workers/worker_00/cells/s3-step8500-f39of40-d1of4,not_executed,,,not_evaluated
464,s3-step8500-f39of40-d1of2,3,5,8500,,39,40,0.975,1,2,0.50,False,fresh_execution,fresh_execution,,,,,445,worker_01,results/raw/{stage18_run_id}/workers/worker_01/cells/s3-step8500-f39of40-d1of2,not_executed,,,not_evaluated
465,s3-step8500-f39of40-d3of4,3,5,8500,,39,40,0.975,3,4,0.75,False,fresh_execution,fresh_execution,,,,,446,worker_02,results/raw/{stage18_run_id}/workers/worker_02/cells/s3-step8500-f39of40-d3of4,not_executed,,,not_evaluated
466,s3-step8500-f99of100-d1of4,3,5,8500,,99,100,0.990,1,4,0.25,False,fresh_execution,fresh_execution,,,,,447,worker_03,results/raw/{stage18_run_id}/workers/worker_03/cells/s3-step8500-f99of100-d1of4,not_executed,,,not_evaluated
467,s3-step8500-f99of100-d1of2,3,5,8500,,99,100,0.990,1,2,0.50,True,fresh_execution,fresh_execution,,,,,448,worker_04,results/raw/{stage18_run_id}/workers/worker_04/cells/s3-step8500-f99of100-d1of2,not_executed,,,not_evaluated
468,s3-step8500-f99of100-d3of4,3,5,8500,,99,100,0.990,3,4,0.75,False,fresh_execution,fresh_execution,,,,,449,worker_05,results/raw/{stage18_run_id}/workers/worker_05/cells/s3-step8500-f99of100-d3of4,not_executed,,,not_evaluated
469,s3-step8650-f4of5-d1of4,3,6,8650,,4,5,0.800,1,4,0.25,False,fresh_execution,fresh_execution,,,,,450,worker_06,results/raw/{stage18_run_id}/workers/worker_06/cells/s3-step8650-f4of5-d1of4,not_executed,,,not_evaluated
470,s3-step8650-f4of5-d1of2,3,6,8650,,4,5,0.800,1,2,0.50,False,fresh_execution,fresh_execution,,,,,451,worker_07,results/raw/{stage18_run_id}/workers/worker_07/cells/s3-step8650-f4of5-d1of2,not_executed,,,not_evaluated
471,s3-step8650-f4of5-d3of4,3,6,8650,,4,5,0.800,3,4,0.75,False,fresh_execution,fresh_execution,,,,,452,worker_08,results/raw/{stage18_run_id}/workers/worker_08/cells/s3-step8650-f4of5-d3of4,not_executed,,,not_evaluated
472,s3-step8650-f17of20-d1of4,3,6,8650,,17,20,0.850,1,4,0.25,False,fresh_execution,fresh_execution,,,,,453,worker_09,results/raw/{stage18_run_id}/workers/worker_09/cells/s3-step8650-f17of20-d1of4,not_executed,,,not_evaluated
473,s3-step8650-f17of20-d1of2,3,6,8650,,17,20,0.850,1,2,0.50,False,fresh_execution,fresh_execution,,,,,454,worker_10,results/raw/{stage18_run_id}/workers/worker_10/cells/s3-step8650-f17of20-d1of2,not_executed,,,not_evaluated
474,s3-step8650-f17of20-d3of4,3,6,8650,,17,20,0.850,3,4,0.75,False,fresh_execution,fresh_execution,,,,,455,worker_11,results/raw/{stage18_run_id}/workers/worker_11/cells/s3-step8650-f17of20-d3of4,not_executed,,,not_evaluated
475,s3-step8650-f9of10-d1of4,3,6,8650,,9,10,0.900,1,4,0.25,False,fresh_execution,fresh_execution,,,,,456,worker_00,results/raw/{stage18_run_id}/workers/worker_00/cells/s3-step8650-f9of10-d1of4,not_executed,,,not_evaluated
476,s3-step8650-f9of10-d1of2,3,6,8650,,9,10,0.900,1,2,0.50,False,fresh_execution,fresh_execution,,,,,457,worker_01,results/raw/{stage18_run_id}/workers/worker_01/cells/s3-step8650-f9of10-d1of2,not_executed,,,not_evaluated
477,s3-step8650-f9of10-d3of4,3,6,8650,,9,10,0.900,3,4,0.75,False,fresh_execution,fresh_execution,,,,,458,worker_02,results/raw/{stage18_run_id}/workers/worker_02/cells/s3-step8650-f9of10-d3of4,not_executed,,,not_evaluated
478,s3-step8650-f19of20-d1of4,3,6,8650,,19,20,0.950,1,4,0.25,False,fresh_execution,fresh_execution,,,,,459,worker_03,results/raw/{stage18_run_id}/workers/worker_03/cells/s3-step8650-f19of20-d1of4,not_executed,,,not_evaluated
479,s3-step8650-f19of20-d1of2,3,6,8650,,19,20,0.950,1,2,0.50,False,fresh_execution,fresh_execution,,,,,460,worker_04,results/raw/{stage18_run_id}/workers/worker_04/cells/s3-step8650-f19of20-d1of2,not_executed,,,not_evaluated
480,s3-step8650-f19of20-d3of4,3,6,8650,,19,20,0.950,3,4,0.75,False,fresh_execution,fresh_execution,,,,,461,worker_05,results/raw/{stage18_run_id}/workers/worker_05/cells/s3-step8650-f19of20-d3of4,not_executed,,,not_evaluated
481,s3-step8650-f39of40-d1of4,3,6,8650,,39,40,0.975,1,4,0.25,False,fresh_execution,fresh_execution,,,,,462,worker_06,results/raw/{stage18_run_id}/workers/worker_06/cells/s3-step8650-f39of40-d1of4,not_executed,,,not_evaluated
482,s3-step8650-f39of40-d1of2,3,6,8650,,39,40,0.975,1,2,0.50,False,fresh_execution,fresh_execution,,,,,463,worker_07,results/raw/{stage18_run_id}/workers/worker_07/cells/s3-step8650-f39of40-d1of2,not_executed,,,not_evaluated
483,s3-step8650-f39of40-d3of4,3,6,8650,,39,40,0.975,3,4,0.75,False,fresh_execution,fresh_execution,,,,,464,worker_08,results/raw/{stage18_run_id}/workers/worker_08/cells/s3-step8650-f39of40-d3of4,not_executed,,,not_evaluated
484,s3-step8650-f99of100-d1of4,3,6,8650,,99,100,0.990,1,4,0.25,False,fresh_execution,fresh_execution,,,,,465,worker_09,results/raw/{stage18_run_id}/workers/worker_09/cells/s3-step8650-f99of100-d1of4,not_executed,,,not_evaluated
485,s3-step8650-f99of100-d1of2,3,6,8650,,99,100,0.990,1,2,0.50,True,fresh_execution,fresh_execution,,,,,466,worker_10,results/raw/{stage18_run_id}/workers/worker_10/cells/s3-step8650-f99of100-d1of2,not_executed,,,not_evaluated
486,s3-step8650-f99of100-d3of4,3,6,8650,,99,100,0.990,3,4,0.75,False,fresh_execution,fresh_execution,,,,,467,worker_11,results/raw/{stage18_run_id}/workers/worker_11/cells/s3-step8650-f99of100-d3of4,not_executed,,,not_evaluated
487,s3-step9050-f4of5-d1of4,3,7,9050,,4,5,0.800,1,4,0.25,False,fresh_execution,fresh_execution,,,,,468,worker_00,results/raw/{stage18_run_id}/workers/worker_00/cells/s3-step9050-f4of5-d1of4,not_executed,,,not_evaluated
488,s3-step9050-f4of5-d1of2,3,7,9050,,4,5,0.800,1,2,0.50,False,fresh_execution,fresh_execution,,,,,469,worker_01,results/raw/{stage18_run_id}/workers/worker_01/cells/s3-step9050-f4of5-d1of2,not_executed,,,not_evaluated
489,s3-step9050-f4of5-d3of4,3,7,9050,,4,5,0.800,3,4,0.75,False,fresh_execution,fresh_execution,,,,,470,worker_02,results/raw/{stage18_run_id}/workers/worker_02/cells/s3-step9050-f4of5-d3of4,not_executed,,,not_evaluated
490,s3-step9050-f17of20-d1of4,3,7,9050,,17,20,0.850,1,4,0.25,False,fresh_execution,fresh_execution,,,,,471,worker_03,results/raw/{stage18_run_id}/workers/worker_03/cells/s3-step9050-f17of20-d1of4,not_executed,,,not_evaluated
491,s3-step9050-f17of20-d1of2,3,7,9050,,17,20,0.850,1,2,0.50,False,fresh_execution,fresh_execution,,,,,472,worker_04,results/raw/{stage18_run_id}/workers/worker_04/cells/s3-step9050-f17of20-d1of2,not_executed,,,not_evaluated
492,s3-step9050-f17of20-d3of4,3,7,9050,,17,20,0.850,3,4,0.75,False,fresh_execution,fresh_execution,,,,,473,worker_05,results/raw/{stage18_run_id}/workers/worker_05/cells/s3-step9050-f17of20-d3of4,not_executed,,,not_evaluated
493,s3-step9050-f9of10-d1of4,3,7,9050,,9,10,0.900,1,4,0.25,False,fresh_execution,fresh_execution,,,,,474,worker_06,results/raw/{stage18_run_id}/workers/worker_06/cells/s3-step9050-f9of10-d1of4,not_executed,,,not_evaluated
494,s3-step9050-f9of10-d1of2,3,7,9050,,9,10,0.900,1,2,0.50,False,fresh_execution,fresh_execution,,,,,475,worker_07,results/raw/{stage18_run_id}/workers/worker_07/cells/s3-step9050-f9of10-d1of2,not_executed,,,not_evaluated
495,s3-step9050-f9of10-d3of4,3,7,9050,,9,10,0.900,3,4,0.75,False,fresh_execution,fresh_execution,,,,,476,worker_08,results/raw/{stage18_run_id}/workers/worker_08/cells/s3-step9050-f9of10-d3of4,not_executed,,,not_evaluated
496,s3-step9050-f19of20-d1of4,3,7,9050,,19,20,0.950,1,4,0.25,False,fresh_execution,fresh_execution,,,,,477,worker_09,results/raw/{stage18_run_id}/workers/worker_09/cells/s3-step9050-f19of20-d1of4,not_executed,,,not_evaluated
497,s3-step9050-f19of20-d1of2,3,7,9050,,19,20,0.950,1,2,0.50,False,fresh_execution,fresh_execution,,,,,478,worker_10,results/raw/{stage18_run_id}/workers/worker_10/cells/s3-step9050-f19of20-d1of2,not_executed,,,not_evaluated
498,s3-step9050-f19of20-d3of4,3,7,9050,,19,20,0.950,3,4,0.75,False,fresh_execution,fresh_execution,,,,,479,worker_11,results/raw/{stage18_run_id}/workers/worker_11/cells/s3-step9050-f19of20-d3of4,not_executed,,,not_evaluated
499,s3-step9050-f39of40-d1of4,3,7,9050,,39,40,0.975,1,4,0.25,False,fresh_execution,fresh_execution,,,,,480,worker_00,results/raw/{stage18_run_id}/workers/worker_00/cells/s3-step9050-f39of40-d1of4,not_executed,,,not_evaluated
500,s3-step9050-f39of40-d1of2,3,7,9050,,39,40,0.975,1,2,0.50,False,fresh_execution,fresh_execution,,,,,481,worker_01,results/raw/{stage18_run_id}/workers/worker_01/cells/s3-step9050-f39of40-d1of2,not_executed,,,not_evaluated
501,s3-step9050-f39of40-d3of4,3,7,9050,,39,40,0.975,3,4,0.75,False,fresh_execution,fresh_execution,,,,,482,worker_02,results/raw/{stage18_run_id}/workers/worker_02/cells/s3-step9050-f39of40-d3of4,not_executed,,,not_evaluated
502,s3-step9050-f99of100-d1of4,3,7,9050,,99,100,0.990,1,4,0.25,False,fresh_execution,fresh_execution,,,,,483,worker_03,results/raw/{stage18_run_id}/workers/worker_03/cells/s3-step9050-f99of100-d1of4,not_executed,,,not_evaluated
503,s3-step9050-f99of100-d1of2,3,7,9050,,99,100,0.990,1,2,0.50,True,fresh_execution,fresh_execution,,,,,484,worker_04,results/raw/{stage18_run_id}/workers/worker_04/cells/s3-step9050-f99of100-d1of2,not_executed,,,not_evaluated
504,s3-step9050-f99of100-d3of4,3,7,9050,,99,100,0.990,3,4,0.75,False,fresh_execution,fresh_execution,,,,,485,worker_05,results/raw/{stage18_run_id}/workers/worker_05/cells/s3-step9050-f99of100-d3of4,not_executed,,,not_evaluated
505,s4-step200-f4of5-d1of4,4,1,200,,4,5,0.800,1,4,0.25,False,fresh_execution,fresh_execution,,,,,486,worker_06,results/raw/{stage18_run_id}/workers/worker_06/cells/s4-step200-f4of5-d1of4,not_executed,,,not_evaluated
506,s4-step200-f4of5-d1of2,4,1,200,,4,5,0.800,1,2,0.50,False,fresh_execution,fresh_execution,,,,,487,worker_07,results/raw/{stage18_run_id}/workers/worker_07/cells/s4-step200-f4of5-d1of2,not_executed,,,not_evaluated
507,s4-step200-f4of5-d3of4,4,1,200,,4,5,0.800,3,4,0.75,False,fresh_execution,fresh_execution,,,,,488,worker_08,results/raw/{stage18_run_id}/workers/worker_08/cells/s4-step200-f4of5-d3of4,not_executed,,,not_evaluated
508,s4-step200-f17of20-d1of4,4,1,200,,17,20,0.850,1,4,0.25,False,fresh_execution,fresh_execution,,,,,489,worker_09,results/raw/{stage18_run_id}/workers/worker_09/cells/s4-step200-f17of20-d1of4,not_executed,,,not_evaluated
509,s4-step200-f17of20-d1of2,4,1,200,,17,20,0.850,1,2,0.50,False,fresh_execution,fresh_execution,,,,,490,worker_10,results/raw/{stage18_run_id}/workers/worker_10/cells/s4-step200-f17of20-d1of2,not_executed,,,not_evaluated
510,s4-step200-f17of20-d3of4,4,1,200,,17,20,0.850,3,4,0.75,False,fresh_execution,fresh_execution,,,,,491,worker_11,results/raw/{stage18_run_id}/workers/worker_11/cells/s4-step200-f17of20-d3of4,not_executed,,,not_evaluated
511,s4-step200-f9of10-d1of4,4,1,200,,9,10,0.900,1,4,0.25,False,fresh_execution,fresh_execution,,,,,492,worker_00,results/raw/{stage18_run_id}/workers/worker_00/cells/s4-step200-f9of10-d1of4,not_executed,,,not_evaluated
512,s4-step200-f9of10-d1of2,4,1,200,,9,10,0.900,1,2,0.50,False,fresh_execution,fresh_execution,,,,,493,worker_01,results/raw/{stage18_run_id}/workers/worker_01/cells/s4-step200-f9of10-d1of2,not_executed,,,not_evaluated
513,s4-step200-f9of10-d3of4,4,1,200,,9,10,0.900,3,4,0.75,False,fresh_execution,fresh_execution,,,,,494,worker_02,results/raw/{stage18_run_id}/workers/worker_02/cells/s4-step200-f9of10-d3of4,not_executed,,,not_evaluated
514,s4-step200-f19of20-d1of4,4,1,200,,19,20,0.950,1,4,0.25,False,fresh_execution,fresh_execution,,,,,495,worker_03,results/raw/{stage18_run_id}/workers/worker_03/cells/s4-step200-f19of20-d1of4,not_executed,,,not_evaluated
515,s4-step200-f19of20-d1of2,4,1,200,,19,20,0.950,1,2,0.50,False,fresh_execution,fresh_execution,,,,,496,worker_04,results/raw/{stage18_run_id}/workers/worker_04/cells/s4-step200-f19of20-d1of2,not_executed,,,not_evaluated
516,s4-step200-f19of20-d3of4,4,1,200,,19,20,0.950,3,4,0.75,False,fresh_execution,fresh_execution,,,,,497,worker_05,results/raw/{stage18_run_id}/workers/worker_05/cells/s4-step200-f19of20-d3of4,not_executed,,,not_evaluated
517,s4-step200-f39of40-d1of4,4,1,200,,39,40,0.975,1,4,0.25,False,fresh_execution,fresh_execution,,,,,498,worker_06,results/raw/{stage18_run_id}/workers/worker_06/cells/s4-step200-f39of40-d1of4,not_executed,,,not_evaluated
518,s4-step200-f39of40-d1of2,4,1,200,,39,40,0.975,1,2,0.50,False,fresh_execution,fresh_execution,,,,,499,worker_07,results/raw/{stage18_run_id}/workers/worker_07/cells/s4-step200-f39of40-d1of2,not_executed,,,not_evaluated
519,s4-step200-f39of40-d3of4,4,1,200,,39,40,0.975,3,4,0.75,False,fresh_execution,fresh_execution,,,,,500,worker_08,results/raw/{stage18_run_id}/workers/worker_08/cells/s4-step200-f39of40-d3of4,not_executed,,,not_evaluated
520,s4-step200-f99of100-d1of4,4,1,200,,99,100,0.990,1,4,0.25,False,fresh_execution,fresh_execution,,,,,501,worker_09,results/raw/{stage18_run_id}/workers/worker_09/cells/s4-step200-f99of100-d1of4,not_executed,,,not_evaluated
521,s4-step200-f99of100-d1of2,4,1,200,,99,100,0.990,1,2,0.50,True,fresh_execution,fresh_execution,,,,,502,worker_10,results/raw/{stage18_run_id}/workers/worker_10/cells/s4-step200-f99of100-d1of2,not_executed,,,not_evaluated
522,s4-step200-f99of100-d3of4,4,1,200,,99,100,0.990,3,4,0.75,False,fresh_execution,fresh_execution,,,,,503,worker_11,results/raw/{stage18_run_id}/workers/worker_11/cells/s4-step200-f99of100-d3of4,not_executed,,,not_evaluated
523,s4-step3400-f4of5-d1of4,4,2,3400,,4,5,0.800,1,4,0.25,False,fresh_execution,fresh_execution,,,,,504,worker_00,results/raw/{stage18_run_id}/workers/worker_00/cells/s4-step3400-f4of5-d1of4,not_executed,,,not_evaluated
524,s4-step3400-f4of5-d1of2,4,2,3400,,4,5,0.800,1,2,0.50,False,fresh_execution,fresh_execution,,,,,505,worker_01,results/raw/{stage18_run_id}/workers/worker_01/cells/s4-step3400-f4of5-d1of2,not_executed,,,not_evaluated
525,s4-step3400-f4of5-d3of4,4,2,3400,,4,5,0.800,3,4,0.75,False,fresh_execution,fresh_execution,,,,,506,worker_02,results/raw/{stage18_run_id}/workers/worker_02/cells/s4-step3400-f4of5-d3of4,not_executed,,,not_evaluated
526,s4-step3400-f17of20-d1of4,4,2,3400,,17,20,0.850,1,4,0.25,False,fresh_execution,fresh_execution,,,,,507,worker_03,results/raw/{stage18_run_id}/workers/worker_03/cells/s4-step3400-f17of20-d1of4,not_executed,,,not_evaluated
527,s4-step3400-f17of20-d1of2,4,2,3400,,17,20,0.850,1,2,0.50,False,fresh_execution,fresh_execution,,,,,508,worker_04,results/raw/{stage18_run_id}/workers/worker_04/cells/s4-step3400-f17of20-d1of2,not_executed,,,not_evaluated
528,s4-step3400-f17of20-d3of4,4,2,3400,,17,20,0.850,3,4,0.75,False,fresh_execution,fresh_execution,,,,,509,worker_05,results/raw/{stage18_run_id}/workers/worker_05/cells/s4-step3400-f17of20-d3of4,not_executed,,,not_evaluated
529,s4-step3400-f9of10-d1of4,4,2,3400,,9,10,0.900,1,4,0.25,False,fresh_execution,fresh_execution,,,,,510,worker_06,results/raw/{stage18_run_id}/workers/worker_06/cells/s4-step3400-f9of10-d1of4,not_executed,,,not_evaluated
530,s4-step3400-f9of10-d1of2,4,2,3400,,9,10,0.900,1,2,0.50,False,fresh_execution,fresh_execution,,,,,511,worker_07,results/raw/{stage18_run_id}/workers/worker_07/cells/s4-step3400-f9of10-d1of2,not_executed,,,not_evaluated
531,s4-step3400-f9of10-d3of4,4,2,3400,,9,10,0.900,3,4,0.75,False,fresh_execution,fresh_execution,,,,,512,worker_08,results/raw/{stage18_run_id}/workers/worker_08/cells/s4-step3400-f9of10-d3of4,not_executed,,,not_evaluated
532,s4-step3400-f19of20-d1of4,4,2,3400,,19,20,0.950,1,4,0.25,False,fresh_execution,fresh_execution,,,,,513,worker_09,results/raw/{stage18_run_id}/workers/worker_09/cells/s4-step3400-f19of20-d1of4,not_executed,,,not_evaluated
533,s4-step3400-f19of20-d1of2,4,2,3400,,19,20,0.950,1,2,0.50,False,fresh_execution,fresh_execution,,,,,514,worker_10,results/raw/{stage18_run_id}/workers/worker_10/cells/s4-step3400-f19of20-d1of2,not_executed,,,not_evaluated
534,s4-step3400-f19of20-d3of4,4,2,3400,,19,20,0.950,3,4,0.75,False,fresh_execution,fresh_execution,,,,,515,worker_11,results/raw/{stage18_run_id}/workers/worker_11/cells/s4-step3400-f19of20-d3of4,not_executed,,,not_evaluated
535,s4-step3400-f39of40-d1of4,4,2,3400,,39,40,0.975,1,4,0.25,False,fresh_execution,fresh_execution,,,,,516,worker_00,results/raw/{stage18_run_id}/workers/worker_00/cells/s4-step3400-f39of40-d1of4,not_executed,,,not_evaluated
536,s4-step3400-f39of40-d1of2,4,2,3400,,39,40,0.975,1,2,0.50,False,fresh_execution,fresh_execution,,,,,517,worker_01,results/raw/{stage18_run_id}/workers/worker_01/cells/s4-step3400-f39of40-d1of2,not_executed,,,not_evaluated
537,s4-step3400-f39of40-d3of4,4,2,3400,,39,40,0.975,3,4,0.75,False,fresh_execution,fresh_execution,,,,,518,worker_02,results/raw/{stage18_run_id}/workers/worker_02/cells/s4-step3400-f39of40-d3of4,not_executed,,,not_evaluated
538,s4-step3400-f99of100-d1of4,4,2,3400,,99,100,0.990,1,4,0.25,False,fresh_execution,fresh_execution,,,,,519,worker_03,results/raw/{stage18_run_id}/workers/worker_03/cells/s4-step3400-f99of100-d1of4,not_executed,,,not_evaluated
539,s4-step3400-f99of100-d1of2,4,2,3400,,99,100,0.990,1,2,0.50,True,fresh_execution,fresh_execution,,,,,520,worker_04,results/raw/{stage18_run_id}/workers/worker_04/cells/s4-step3400-f99of100-d1of2,not_executed,,,not_evaluated
540,s4-step3400-f99of100-d3of4,4,2,3400,,99,100,0.990,3,4,0.75,False,fresh_execution,fresh_execution,,,,,521,worker_05,results/raw/{stage18_run_id}/workers/worker_05/cells/s4-step3400-f99of100-d3of4,not_executed,,,not_evaluated
541,s4-step7450-f4of5-d1of4,4,3,7450,,4,5,0.800,1,4,0.25,False,fresh_execution,fresh_execution,,,,,522,worker_06,results/raw/{stage18_run_id}/workers/worker_06/cells/s4-step7450-f4of5-d1of4,not_executed,,,not_evaluated
542,s4-step7450-f4of5-d1of2,4,3,7450,,4,5,0.800,1,2,0.50,False,fresh_execution,fresh_execution,,,,,523,worker_07,results/raw/{stage18_run_id}/workers/worker_07/cells/s4-step7450-f4of5-d1of2,not_executed,,,not_evaluated
543,s4-step7450-f4of5-d3of4,4,3,7450,,4,5,0.800,3,4,0.75,False,fresh_execution,fresh_execution,,,,,524,worker_08,results/raw/{stage18_run_id}/workers/worker_08/cells/s4-step7450-f4of5-d3of4,not_executed,,,not_evaluated
544,s4-step7450-f17of20-d1of4,4,3,7450,,17,20,0.850,1,4,0.25,False,fresh_execution,fresh_execution,,,,,525,worker_09,results/raw/{stage18_run_id}/workers/worker_09/cells/s4-step7450-f17of20-d1of4,not_executed,,,not_evaluated
545,s4-step7450-f17of20-d1of2,4,3,7450,,17,20,0.850,1,2,0.50,False,fresh_execution,fresh_execution,,,,,526,worker_10,results/raw/{stage18_run_id}/workers/worker_10/cells/s4-step7450-f17of20-d1of2,not_executed,,,not_evaluated
546,s4-step7450-f17of20-d3of4,4,3,7450,,17,20,0.850,3,4,0.75,False,fresh_execution,fresh_execution,,,,,527,worker_11,results/raw/{stage18_run_id}/workers/worker_11/cells/s4-step7450-f17of20-d3of4,not_executed,,,not_evaluated
547,s4-step7450-f9of10-d1of4,4,3,7450,,9,10,0.900,1,4,0.25,False,fresh_execution,fresh_execution,,,,,528,worker_00,results/raw/{stage18_run_id}/workers/worker_00/cells/s4-step7450-f9of10-d1of4,not_executed,,,not_evaluated
548,s4-step7450-f9of10-d1of2,4,3,7450,,9,10,0.900,1,2,0.50,False,fresh_execution,fresh_execution,,,,,529,worker_01,results/raw/{stage18_run_id}/workers/worker_01/cells/s4-step7450-f9of10-d1of2,not_executed,,,not_evaluated
549,s4-step7450-f9of10-d3of4,4,3,7450,,9,10,0.900,3,4,0.75,False,fresh_execution,fresh_execution,,,,,530,worker_02,results/raw/{stage18_run_id}/workers/worker_02/cells/s4-step7450-f9of10-d3of4,not_executed,,,not_evaluated
550,s4-step7450-f19of20-d1of4,4,3,7450,,19,20,0.950,1,4,0.25,False,fresh_execution,fresh_execution,,,,,531,worker_03,results/raw/{stage18_run_id}/workers/worker_03/cells/s4-step7450-f19of20-d1of4,not_executed,,,not_evaluated
551,s4-step7450-f19of20-d1of2,4,3,7450,,19,20,0.950,1,2,0.50,False,fresh_execution,fresh_execution,,,,,532,worker_04,results/raw/{stage18_run_id}/workers/worker_04/cells/s4-step7450-f19of20-d1of2,not_executed,,,not_evaluated
552,s4-step7450-f19of20-d3of4,4,3,7450,,19,20,0.950,3,4,0.75,False,fresh_execution,fresh_execution,,,,,533,worker_05,results/raw/{stage18_run_id}/workers/worker_05/cells/s4-step7450-f19of20-d3of4,not_executed,,,not_evaluated
553,s4-step7450-f39of40-d1of4,4,3,7450,,39,40,0.975,1,4,0.25,False,fresh_execution,fresh_execution,,,,,534,worker_06,results/raw/{stage18_run_id}/workers/worker_06/cells/s4-step7450-f39of40-d1of4,not_executed,,,not_evaluated
554,s4-step7450-f39of40-d1of2,4,3,7450,,39,40,0.975,1,2,0.50,False,fresh_execution,fresh_execution,,,,,535,worker_07,results/raw/{stage18_run_id}/workers/worker_07/cells/s4-step7450-f39of40-d1of2,not_executed,,,not_evaluated
555,s4-step7450-f39of40-d3of4,4,3,7450,,39,40,0.975,3,4,0.75,False,fresh_execution,fresh_execution,,,,,536,worker_08,results/raw/{stage18_run_id}/workers/worker_08/cells/s4-step7450-f39of40-d3of4,not_executed,,,not_evaluated
556,s4-step7450-f99of100-d1of4,4,3,7450,,99,100,0.990,1,4,0.25,False,fresh_execution,fresh_execution,,,,,537,worker_09,results/raw/{stage18_run_id}/workers/worker_09/cells/s4-step7450-f99of100-d1of4,not_executed,,,not_evaluated
557,s4-step7450-f99of100-d1of2,4,3,7450,,99,100,0.990,1,2,0.50,True,fresh_execution,fresh_execution,,,,,538,worker_10,results/raw/{stage18_run_id}/workers/worker_10/cells/s4-step7450-f99of100-d1of2,not_executed,,,not_evaluated
558,s4-step7450-f99of100-d3of4,4,3,7450,,99,100,0.990,3,4,0.75,False,fresh_execution,fresh_execution,,,,,539,worker_11,results/raw/{stage18_run_id}/workers/worker_11/cells/s4-step7450-f99of100-d3of4,not_executed,,,not_evaluated
559,s4-step8150-f4of5-d1of4,4,4,8150,,4,5,0.800,1,4,0.25,False,fresh_execution,fresh_execution,,,,,540,worker_00,results/raw/{stage18_run_id}/workers/worker_00/cells/s4-step8150-f4of5-d1of4,not_executed,,,not_evaluated
560,s4-step8150-f4of5-d1of2,4,4,8150,,4,5,0.800,1,2,0.50,False,fresh_execution,fresh_execution,,,,,541,worker_01,results/raw/{stage18_run_id}/workers/worker_01/cells/s4-step8150-f4of5-d1of2,not_executed,,,not_evaluated
561,s4-step8150-f4of5-d3of4,4,4,8150,,4,5,0.800,3,4,0.75,False,fresh_execution,fresh_execution,,,,,542,worker_02,results/raw/{stage18_run_id}/workers/worker_02/cells/s4-step8150-f4of5-d3of4,not_executed,,,not_evaluated
562,s4-step8150-f17of20-d1of4,4,4,8150,,17,20,0.850,1,4,0.25,False,fresh_execution,fresh_execution,,,,,543,worker_03,results/raw/{stage18_run_id}/workers/worker_03/cells/s4-step8150-f17of20-d1of4,not_executed,,,not_evaluated
563,s4-step8150-f17of20-d1of2,4,4,8150,,17,20,0.850,1,2,0.50,False,fresh_execution,fresh_execution,,,,,544,worker_04,results/raw/{stage18_run_id}/workers/worker_04/cells/s4-step8150-f17of20-d1of2,not_executed,,,not_evaluated
564,s4-step8150-f17of20-d3of4,4,4,8150,,17,20,0.850,3,4,0.75,False,fresh_execution,fresh_execution,,,,,545,worker_05,results/raw/{stage18_run_id}/workers/worker_05/cells/s4-step8150-f17of20-d3of4,not_executed,,,not_evaluated
565,s4-step8150-f9of10-d1of4,4,4,8150,,9,10,0.900,1,4,0.25,False,fresh_execution,fresh_execution,,,,,546,worker_06,results/raw/{stage18_run_id}/workers/worker_06/cells/s4-step8150-f9of10-d1of4,not_executed,,,not_evaluated
566,s4-step8150-f9of10-d1of2,4,4,8150,,9,10,0.900,1,2,0.50,False,fresh_execution,fresh_execution,,,,,547,worker_07,results/raw/{stage18_run_id}/workers/worker_07/cells/s4-step8150-f9of10-d1of2,not_executed,,,not_evaluated
567,s4-step8150-f9of10-d3of4,4,4,8150,,9,10,0.900,3,4,0.75,False,fresh_execution,fresh_execution,,,,,548,worker_08,results/raw/{stage18_run_id}/workers/worker_08/cells/s4-step8150-f9of10-d3of4,not_executed,,,not_evaluated
568,s4-step8150-f19of20-d1of4,4,4,8150,,19,20,0.950,1,4,0.25,False,fresh_execution,fresh_execution,,,,,549,worker_09,results/raw/{stage18_run_id}/workers/worker_09/cells/s4-step8150-f19of20-d1of4,not_executed,,,not_evaluated
569,s4-step8150-f19of20-d1of2,4,4,8150,,19,20,0.950,1,2,0.50,False,fresh_execution,fresh_execution,,,,,550,worker_10,results/raw/{stage18_run_id}/workers/worker_10/cells/s4-step8150-f19of20-d1of2,not_executed,,,not_evaluated
570,s4-step8150-f19of20-d3of4,4,4,8150,,19,20,0.950,3,4,0.75,False,fresh_execution,fresh_execution,,,,,551,worker_11,results/raw/{stage18_run_id}/workers/worker_11/cells/s4-step8150-f19of20-d3of4,not_executed,,,not_evaluated
571,s4-step8150-f39of40-d1of4,4,4,8150,,39,40,0.975,1,4,0.25,False,fresh_execution,fresh_execution,,,,,552,worker_00,results/raw/{stage18_run_id}/workers/worker_00/cells/s4-step8150-f39of40-d1of4,not_executed,,,not_evaluated
572,s4-step8150-f39of40-d1of2,4,4,8150,,39,40,0.975,1,2,0.50,False,fresh_execution,fresh_execution,,,,,553,worker_01,results/raw/{stage18_run_id}/workers/worker_01/cells/s4-step8150-f39of40-d1of2,not_executed,,,not_evaluated
573,s4-step8150-f39of40-d3of4,4,4,8150,,39,40,0.975,3,4,0.75,False,fresh_execution,fresh_execution,,,,,554,worker_02,results/raw/{stage18_run_id}/workers/worker_02/cells/s4-step8150-f39of40-d3of4,not_executed,,,not_evaluated
574,s4-step8150-f99of100-d1of4,4,4,8150,,99,100,0.990,1,4,0.25,False,fresh_execution,fresh_execution,,,,,555,worker_03,results/raw/{stage18_run_id}/workers/worker_03/cells/s4-step8150-f99of100-d1of4,not_executed,,,not_evaluated
575,s4-step8150-f99of100-d1of2,4,4,8150,,99,100,0.990,1,2,0.50,True,fresh_execution,fresh_execution,,,,,556,worker_04,results/raw/{stage18_run_id}/workers/worker_04/cells/s4-step8150-f99of100-d1of2,not_executed,,,not_evaluated
576,s4-step8150-f99of100-d3of4,4,4,8150,,99,100,0.990,3,4,0.75,False,fresh_execution,fresh_execution,,,,,557,worker_05,results/raw/{stage18_run_id}/workers/worker_05/cells/s4-step8150-f99of100-d3of4,not_executed,,,not_evaluated
577,s4-step8500-f4of5-d1of4,4,5,8500,,4,5,0.800,1,4,0.25,False,fresh_execution,fresh_execution,,,,,558,worker_06,results/raw/{stage18_run_id}/workers/worker_06/cells/s4-step8500-f4of5-d1of4,not_executed,,,not_evaluated
578,s4-step8500-f4of5-d1of2,4,5,8500,,4,5,0.800,1,2,0.50,False,fresh_execution,fresh_execution,,,,,559,worker_07,results/raw/{stage18_run_id}/workers/worker_07/cells/s4-step8500-f4of5-d1of2,not_executed,,,not_evaluated
579,s4-step8500-f4of5-d3of4,4,5,8500,,4,5,0.800,3,4,0.75,False,fresh_execution,fresh_execution,,,,,560,worker_08,results/raw/{stage18_run_id}/workers/worker_08/cells/s4-step8500-f4of5-d3of4,not_executed,,,not_evaluated
580,s4-step8500-f17of20-d1of4,4,5,8500,,17,20,0.850,1,4,0.25,False,fresh_execution,fresh_execution,,,,,561,worker_09,results/raw/{stage18_run_id}/workers/worker_09/cells/s4-step8500-f17of20-d1of4,not_executed,,,not_evaluated
581,s4-step8500-f17of20-d1of2,4,5,8500,,17,20,0.850,1,2,0.50,False,fresh_execution,fresh_execution,,,,,562,worker_10,results/raw/{stage18_run_id}/workers/worker_10/cells/s4-step8500-f17of20-d1of2,not_executed,,,not_evaluated
582,s4-step8500-f17of20-d3of4,4,5,8500,,17,20,0.850,3,4,0.75,False,fresh_execution,fresh_execution,,,,,563,worker_11,results/raw/{stage18_run_id}/workers/worker_11/cells/s4-step8500-f17of20-d3of4,not_executed,,,not_evaluated
583,s4-step8500-f9of10-d1of4,4,5,8500,,9,10,0.900,1,4,0.25,False,fresh_execution,fresh_execution,,,,,564,worker_00,results/raw/{stage18_run_id}/workers/worker_00/cells/s4-step8500-f9of10-d1of4,not_executed,,,not_evaluated
584,s4-step8500-f9of10-d1of2,4,5,8500,,9,10,0.900,1,2,0.50,False,fresh_execution,fresh_execution,,,,,565,worker_01,results/raw/{stage18_run_id}/workers/worker_01/cells/s4-step8500-f9of10-d1of2,not_executed,,,not_evaluated
585,s4-step8500-f9of10-d3of4,4,5,8500,,9,10,0.900,3,4,0.75,False,fresh_execution,fresh_execution,,,,,566,worker_02,results/raw/{stage18_run_id}/workers/worker_02/cells/s4-step8500-f9of10-d3of4,not_executed,,,not_evaluated
586,s4-step8500-f19of20-d1of4,4,5,8500,,19,20,0.950,1,4,0.25,False,fresh_execution,fresh_execution,,,,,567,worker_03,results/raw/{stage18_run_id}/workers/worker_03/cells/s4-step8500-f19of20-d1of4,not_executed,,,not_evaluated
587,s4-step8500-f19of20-d1of2,4,5,8500,,19,20,0.950,1,2,0.50,False,fresh_execution,fresh_execution,,,,,568,worker_04,results/raw/{stage18_run_id}/workers/worker_04/cells/s4-step8500-f19of20-d1of2,not_executed,,,not_evaluated
588,s4-step8500-f19of20-d3of4,4,5,8500,,19,20,0.950,3,4,0.75,False,fresh_execution,fresh_execution,,,,,569,worker_05,results/raw/{stage18_run_id}/workers/worker_05/cells/s4-step8500-f19of20-d3of4,not_executed,,,not_evaluated
589,s4-step8500-f39of40-d1of4,4,5,8500,,39,40,0.975,1,4,0.25,False,fresh_execution,fresh_execution,,,,,570,worker_06,results/raw/{stage18_run_id}/workers/worker_06/cells/s4-step8500-f39of40-d1of4,not_executed,,,not_evaluated
590,s4-step8500-f39of40-d1of2,4,5,8500,,39,40,0.975,1,2,0.50,False,fresh_execution,fresh_execution,,,,,571,worker_07,results/raw/{stage18_run_id}/workers/worker_07/cells/s4-step8500-f39of40-d1of2,not_executed,,,not_evaluated
591,s4-step8500-f39of40-d3of4,4,5,8500,,39,40,0.975,3,4,0.75,False,fresh_execution,fresh_execution,,,,,572,worker_08,results/raw/{stage18_run_id}/workers/worker_08/cells/s4-step8500-f39of40-d3of4,not_executed,,,not_evaluated
592,s4-step8500-f99of100-d1of4,4,5,8500,,99,100,0.990,1,4,0.25,False,fresh_execution,fresh_execution,,,,,573,worker_09,results/raw/{stage18_run_id}/workers/worker_09/cells/s4-step8500-f99of100-d1of4,not_executed,,,not_evaluated
593,s4-step8500-f99of100-d1of2,4,5,8500,,99,100,0.990,1,2,0.50,True,fresh_execution,fresh_execution,,,,,574,worker_10,results/raw/{stage18_run_id}/workers/worker_10/cells/s4-step8500-f99of100-d1of2,not_executed,,,not_evaluated
594,s4-step8500-f99of100-d3of4,4,5,8500,,99,100,0.990,3,4,0.75,False,fresh_execution,fresh_execution,,,,,575,worker_11,results/raw/{stage18_run_id}/workers/worker_11/cells/s4-step8500-f99of100-d3of4,not_executed,,,not_evaluated
595,s4-step8650-f4of5-d1of4,4,6,8650,,4,5,0.800,1,4,0.25,False,fresh_execution,fresh_execution,,,,,576,worker_00,results/raw/{stage18_run_id}/workers/worker_00/cells/s4-step8650-f4of5-d1of4,not_executed,,,not_evaluated
596,s4-step8650-f4of5-d1of2,4,6,8650,,4,5,0.800,1,2,0.50,False,fresh_execution,fresh_execution,,,,,577,worker_01,results/raw/{stage18_run_id}/workers/worker_01/cells/s4-step8650-f4of5-d1of2,not_executed,,,not_evaluated
597,s4-step8650-f4of5-d3of4,4,6,8650,,4,5,0.800,3,4,0.75,False,fresh_execution,fresh_execution,,,,,578,worker_02,results/raw/{stage18_run_id}/workers/worker_02/cells/s4-step8650-f4of5-d3of4,not_executed,,,not_evaluated
598,s4-step8650-f17of20-d1of4,4,6,8650,,17,20,0.850,1,4,0.25,False,fresh_execution,fresh_execution,,,,,579,worker_03,results/raw/{stage18_run_id}/workers/worker_03/cells/s4-step8650-f17of20-d1of4,not_executed,,,not_evaluated
599,s4-step8650-f17of20-d1of2,4,6,8650,,17,20,0.850,1,2,0.50,False,fresh_execution,fresh_execution,,,,,580,worker_04,results/raw/{stage18_run_id}/workers/worker_04/cells/s4-step8650-f17of20-d1of2,not_executed,,,not_evaluated
600,s4-step8650-f17of20-d3of4,4,6,8650,,17,20,0.850,3,4,0.75,False,fresh_execution,fresh_execution,,,,,581,worker_05,results/raw/{stage18_run_id}/workers/worker_05/cells/s4-step8650-f17of20-d3of4,not_executed,,,not_evaluated
601,s4-step8650-f9of10-d1of4,4,6,8650,,9,10,0.900,1,4,0.25,False,fresh_execution,fresh_execution,,,,,582,worker_06,results/raw/{stage18_run_id}/workers/worker_06/cells/s4-step8650-f9of10-d1of4,not_executed,,,not_evaluated
602,s4-step8650-f9of10-d1of2,4,6,8650,,9,10,0.900,1,2,0.50,False,fresh_execution,fresh_execution,,,,,583,worker_07,results/raw/{stage18_run_id}/workers/worker_07/cells/s4-step8650-f9of10-d1of2,not_executed,,,not_evaluated
603,s4-step8650-f9of10-d3of4,4,6,8650,,9,10,0.900,3,4,0.75,False,fresh_execution,fresh_execution,,,,,584,worker_08,results/raw/{stage18_run_id}/workers/worker_08/cells/s4-step8650-f9of10-d3of4,not_executed,,,not_evaluated
604,s4-step8650-f19of20-d1of4,4,6,8650,,19,20,0.950,1,4,0.25,False,fresh_execution,fresh_execution,,,,,585,worker_09,results/raw/{stage18_run_id}/workers/worker_09/cells/s4-step8650-f19of20-d1of4,not_executed,,,not_evaluated
605,s4-step8650-f19of20-d1of2,4,6,8650,,19,20,0.950,1,2,0.50,False,fresh_execution,fresh_execution,,,,,586,worker_10,results/raw/{stage18_run_id}/workers/worker_10/cells/s4-step8650-f19of20-d1of2,not_executed,,,not_evaluated
606,s4-step8650-f19of20-d3of4,4,6,8650,,19,20,0.950,3,4,0.75,False,fresh_execution,fresh_execution,,,,,587,worker_11,results/raw/{stage18_run_id}/workers/worker_11/cells/s4-step8650-f19of20-d3of4,not_executed,,,not_evaluated
607,s4-step8650-f39of40-d1of4,4,6,8650,,39,40,0.975,1,4,0.25,False,fresh_execution,fresh_execution,,,,,588,worker_00,results/raw/{stage18_run_id}/workers/worker_00/cells/s4-step8650-f39of40-d1of4,not_executed,,,not_evaluated
608,s4-step8650-f39of40-d1of2,4,6,8650,,39,40,0.975,1,2,0.50,False,fresh_execution,fresh_execution,,,,,589,worker_01,results/raw/{stage18_run_id}/workers/worker_01/cells/s4-step8650-f39of40-d1of2,not_executed,,,not_evaluated
609,s4-step8650-f39of40-d3of4,4,6,8650,,39,40,0.975,3,4,0.75,False,fresh_execution,fresh_execution,,,,,590,worker_02,results/raw/{stage18_run_id}/workers/worker_02/cells/s4-step8650-f39of40-d3of4,not_executed,,,not_evaluated
610,s4-step8650-f99of100-d1of4,4,6,8650,,99,100,0.990,1,4,0.25,False,fresh_execution,fresh_execution,,,,,591,worker_03,results/raw/{stage18_run_id}/workers/worker_03/cells/s4-step8650-f99of100-d1of4,not_executed,,,not_evaluated
611,s4-step8650-f99of100-d1of2,4,6,8650,,99,100,0.990,1,2,0.50,True,fresh_execution,fresh_execution,,,,,592,worker_04,results/raw/{stage18_run_id}/workers/worker_04/cells/s4-step8650-f99of100-d1of2,not_executed,,,not_evaluated
612,s4-step8650-f99of100-d3of4,4,6,8650,,99,100,0.990,3,4,0.75,False,fresh_execution,fresh_execution,,,,,593,worker_05,results/raw/{stage18_run_id}/workers/worker_05/cells/s4-step8650-f99of100-d3of4,not_executed,,,not_evaluated
613,s4-step9050-f4of5-d1of4,4,7,9050,,4,5,0.800,1,4,0.25,False,fresh_execution,fresh_execution,,,,,594,worker_06,results/raw/{stage18_run_id}/workers/worker_06/cells/s4-step9050-f4of5-d1of4,not_executed,,,not_evaluated
614,s4-step9050-f4of5-d1of2,4,7,9050,,4,5,0.800,1,2,0.50,False,fresh_execution,fresh_execution,,,,,595,worker_07,results/raw/{stage18_run_id}/workers/worker_07/cells/s4-step9050-f4of5-d1of2,not_executed,,,not_evaluated
615,s4-step9050-f4of5-d3of4,4,7,9050,,4,5,0.800,3,4,0.75,False,fresh_execution,fresh_execution,,,,,596,worker_08,results/raw/{stage18_run_id}/workers/worker_08/cells/s4-step9050-f4of5-d3of4,not_executed,,,not_evaluated
616,s4-step9050-f17of20-d1of4,4,7,9050,,17,20,0.850,1,4,0.25,False,fresh_execution,fresh_execution,,,,,597,worker_09,results/raw/{stage18_run_id}/workers/worker_09/cells/s4-step9050-f17of20-d1of4,not_executed,,,not_evaluated
617,s4-step9050-f17of20-d1of2,4,7,9050,,17,20,0.850,1,2,0.50,False,fresh_execution,fresh_execution,,,,,598,worker_10,results/raw/{stage18_run_id}/workers/worker_10/cells/s4-step9050-f17of20-d1of2,not_executed,,,not_evaluated
618,s4-step9050-f17of20-d3of4,4,7,9050,,17,20,0.850,3,4,0.75,False,fresh_execution,fresh_execution,,,,,599,worker_11,results/raw/{stage18_run_id}/workers/worker_11/cells/s4-step9050-f17of20-d3of4,not_executed,,,not_evaluated
619,s4-step9050-f9of10-d1of4,4,7,9050,,9,10,0.900,1,4,0.25,False,fresh_execution,fresh_execution,,,,,600,worker_00,results/raw/{stage18_run_id}/workers/worker_00/cells/s4-step9050-f9of10-d1of4,not_executed,,,not_evaluated
620,s4-step9050-f9of10-d1of2,4,7,9050,,9,10,0.900,1,2,0.50,False,fresh_execution,fresh_execution,,,,,601,worker_01,results/raw/{stage18_run_id}/workers/worker_01/cells/s4-step9050-f9of10-d1of2,not_executed,,,not_evaluated
621,s4-step9050-f9of10-d3of4,4,7,9050,,9,10,0.900,3,4,0.75,False,fresh_execution,fresh_execution,,,,,602,worker_02,results/raw/{stage18_run_id}/workers/worker_02/cells/s4-step9050-f9of10-d3of4,not_executed,,,not_evaluated
622,s4-step9050-f19of20-d1of4,4,7,9050,,19,20,0.950,1,4,0.25,False,fresh_execution,fresh_execution,,,,,603,worker_03,results/raw/{stage18_run_id}/workers/worker_03/cells/s4-step9050-f19of20-d1of4,not_executed,,,not_evaluated
623,s4-step9050-f19of20-d1of2,4,7,9050,,19,20,0.950,1,2,0.50,False,fresh_execution,fresh_execution,,,,,604,worker_04,results/raw/{stage18_run_id}/workers/worker_04/cells/s4-step9050-f19of20-d1of2,not_executed,,,not_evaluated
624,s4-step9050-f19of20-d3of4,4,7,9050,,19,20,0.950,3,4,0.75,False,fresh_execution,fresh_execution,,,,,605,worker_05,results/raw/{stage18_run_id}/workers/worker_05/cells/s4-step9050-f19of20-d3of4,not_executed,,,not_evaluated
625,s4-step9050-f39of40-d1of4,4,7,9050,,39,40,0.975,1,4,0.25,False,fresh_execution,fresh_execution,,,,,606,worker_06,results/raw/{stage18_run_id}/workers/worker_06/cells/s4-step9050-f39of40-d1of4,not_executed,,,not_evaluated
626,s4-step9050-f39of40-d1of2,4,7,9050,,39,40,0.975,1,2,0.50,False,fresh_execution,fresh_execution,,,,,607,worker_07,results/raw/{stage18_run_id}/workers/worker_07/cells/s4-step9050-f39of40-d1of2,not_executed,,,not_evaluated
627,s4-step9050-f39of40-d3of4,4,7,9050,,39,40,0.975,3,4,0.75,False,fresh_execution,fresh_execution,,,,,608,worker_08,results/raw/{stage18_run_id}/workers/worker_08/cells/s4-step9050-f39of40-d3of4,not_executed,,,not_evaluated
628,s4-step9050-f99of100-d1of4,4,7,9050,,99,100,0.990,1,4,0.25,False,fresh_execution,fresh_execution,,,,,609,worker_09,results/raw/{stage18_run_id}/workers/worker_09/cells/s4-step9050-f99of100-d1of4,not_executed,,,not_evaluated
629,s4-step9050-f99of100-d1of2,4,7,9050,,99,100,0.990,1,2,0.50,True,fresh_execution,fresh_execution,,,,,610,worker_10,results/raw/{stage18_run_id}/workers/worker_10/cells/s4-step9050-f99of100-d1of2,not_executed,,,not_evaluated
630,s4-step9050-f99of100-d3of4,4,7,9050,,99,100,0.990,3,4,0.75,False,fresh_execution,fresh_execution,,,,,611,worker_11,results/raw/{stage18_run_id}/workers/worker_11/cells/s4-step9050-f99of100-d3of4,not_executed,,,not_evaluated
