cell_index,cell_id,fidelity_numerator,fidelity_denominator,displayed_fidelity,distinctness_numerator,distinctness_denominator,displayed_jaccard_cutoff,model_seed,checkpoint_step,primary_cell,search_execution_mode,source_stage,source_run_id,family_size,family_target,right_censored,right_censoring_status,status,stopping_reason,exact_evaluations_used,ranking_passes,restarts_attempted,accepted_circuit_count,failed_requested_member_count,budget_remaining,transfer_group_count,transfer_group_status,pair_count,minimum_pairwise_jaccard_overlap,maximum_pairwise_jaccard_overlap,mean_pairwise_overlap,median_pairwise_overlap,minimum_structural_distance,maximum_structural_distance,mean_structural_distance,cutoff_compliance,stage18_run_id,checkpoint_index,global_cell_index
1,s0-step200-f4of5-d1of4,4,5,0.800,1,4,0.25,0,200,False,fresh_execution,,,0,10,False,not_right_censored,sparsity_failure,requested_member_1_sparsity_failure,1806,23,1,0,1,48194,,not_applicable_empty_family,0,,,,,,,,,stage18-scaling-24a9adb84176,1,1
2,s0-step200-f4of5-d1of2,4,5,0.800,1,2,0.50,0,200,False,fresh_execution,,,0,10,False,not_right_censored,sparsity_failure,requested_member_1_sparsity_failure,1806,23,1,0,1,48194,,not_applicable_empty_family,0,,,,,,,,,stage18-scaling-24a9adb84176,1,2
3,s0-step200-f4of5-d3of4,4,5,0.800,3,4,0.75,0,200,False,fresh_execution,,,0,10,False,not_right_censored,sparsity_failure,requested_member_1_sparsity_failure,1806,23,1,0,1,48194,,not_applicable_empty_family,0,,,,,,,,,stage18-scaling-24a9adb84176,1,3
4,s0-step200-f17of20-d1of4,17,20,0.850,1,4,0.25,0,200,False,fresh_execution,,,0,10,False,not_right_censored,sparsity_failure,requested_member_1_sparsity_failure,1750,15,1,0,1,48250,,not_applicable_empty_family,0,,,,,,,,,stage18-scaling-24a9adb84176,1,4
5,s0-step200-f17of20-d1of2,17,20,0.850,1,2,0.50,0,200,False,fresh_execution,,,0,10,False,not_right_censored,sparsity_failure,requested_member_1_sparsity_failure,1750,15,1,0,1,48250,,not_applicable_empty_family,0,,,,,,,,,stage18-scaling-24a9adb84176,1,5
6,s0-step200-f17of20-d3of4,17,20,0.850,3,4,0.75,0,200,False,fresh_execution,,,0,10,False,not_right_censored,sparsity_failure,requested_member_1_sparsity_failure,1750,15,1,0,1,48250,,not_applicable_empty_family,0,,,,,,,,,stage18-scaling-24a9adb84176,1,6
7,s0-step200-f9of10-d1of4,9,10,0.900,1,4,0.25,0,200,False,fresh_execution,,,0,10,False,not_right_censored,sparsity_failure,requested_member_1_sparsity_failure,1547,10,1,0,1,48453,,not_applicable_empty_family,0,,,,,,,,,stage18-scaling-24a9adb84176,1,7
8,s0-step200-f9of10-d1of2,9,10,0.900,1,2,0.50,0,200,False,fresh_execution,,,0,10,False,not_right_censored,sparsity_failure,requested_member_1_sparsity_failure,1547,10,1,0,1,48453,,not_applicable_empty_family,0,,,,,,,,,stage18-scaling-24a9adb84176,1,8
9,s0-step200-f9of10-d3of4,9,10,0.900,3,4,0.75,0,200,False,fresh_execution,,,0,10,False,not_right_censored,sparsity_failure,requested_member_1_sparsity_failure,1547,10,1,0,1,48453,,not_applicable_empty_family,0,,,,,,,,,stage18-scaling-24a9adb84176,1,9
10,s0-step200-f19of20-d1of4,19,20,0.950,1,4,0.25,0,200,False,fresh_execution,,,0,10,False,not_right_censored,sparsity_failure,requested_member_1_sparsity_failure,1263,6,1,0,1,48737,,not_applicable_empty_family,0,,,,,,,,,stage18-scaling-24a9adb84176,1,10
11,s0-step200-f19of20-d1of2,19,20,0.950,1,2,0.50,0,200,False,fresh_execution,,,0,10,False,not_right_censored,sparsity_failure,requested_member_1_sparsity_failure,1263,6,1,0,1,48737,,not_applicable_empty_family,0,,,,,,,,,stage18-scaling-24a9adb84176,1,11
12,s0-step200-f19of20-d3of4,19,20,0.950,3,4,0.75,0,200,False,fresh_execution,,,0,10,False,not_right_censored,sparsity_failure,requested_member_1_sparsity_failure,1263,6,1,0,1,48737,,not_applicable_empty_family,0,,,,,,,,,stage18-scaling-24a9adb84176,1,12
13,s0-step200-f39of40-d1of4,39,40,0.975,1,4,0.25,0,200,False,fresh_execution,,,0,10,False,not_right_censored,sparsity_failure,requested_member_1_sparsity_failure,849,4,1,0,1,49151,,not_applicable_empty_family,0,,,,,,,,,stage18-scaling-24a9adb84176,1,13
14,s0-step200-f39of40-d1of2,39,40,0.975,1,2,0.50,0,200,False,fresh_execution,,,0,10,False,not_right_censored,sparsity_failure,requested_member_1_sparsity_failure,849,4,1,0,1,49151,,not_applicable_empty_family,0,,,,,,,,,stage18-scaling-24a9adb84176,1,14
15,s0-step200-f39of40-d3of4,39,40,0.975,3,4,0.75,0,200,False,fresh_execution,,,0,10,False,not_right_censored,sparsity_failure,requested_member_1_sparsity_failure,849,4,1,0,1,49151,,not_applicable_empty_family,0,,,,,,,,,stage18-scaling-24a9adb84176,1,15
16,s0-step200-f99of100-d1of4,99,100,0.990,1,4,0.25,0,200,False,fresh_execution,,,0,10,False,not_right_censored,sparsity_failure,requested_member_1_sparsity_failure,993,4,1,0,1,49007,,not_applicable_empty_family,0,,,,,,,,,stage18-scaling-24a9adb84176,1,16
17,s0-step200-f99of100-d1of2,99,100,0.990,1,2,0.50,0,200,True,fresh_execution,,,0,10,False,not_right_censored,sparsity_failure,requested_member_1_sparsity_failure,993,4,1,0,1,49007,,not_applicable_empty_family,0,,,,,,,,,stage18-scaling-24a9adb84176,1,17
18,s0-step200-f99of100-d3of4,99,100,0.990,3,4,0.75,0,200,False,fresh_execution,,,0,10,False,not_right_censored,sparsity_failure,requested_member_1_sparsity_failure,993,4,1,0,1,49007,,not_applicable_empty_family,0,,,,,,,,,stage18-scaling-24a9adb84176,1,18
19,s0-step3400-f4of5-d1of4,4,5,0.800,1,4,0.25,0,3400,False,fresh_execution,,,0,10,False,not_right_censored,sparsity_failure,requested_member_1_sparsity_failure,2786,51,1,0,1,47214,,not_applicable_empty_family,0,,,,,,,,,stage18-scaling-24a9adb84176,2,19
20,s0-step3400-f4of5-d1of2,4,5,0.800,1,2,0.50,0,3400,False,fresh_execution,,,0,10,False,not_right_censored,sparsity_failure,requested_member_1_sparsity_failure,2786,51,1,0,1,47214,,not_applicable_empty_family,0,,,,,,,,,stage18-scaling-24a9adb84176,2,20
21,s0-step3400-f4of5-d3of4,4,5,0.800,3,4,0.75,0,3400,False,fresh_execution,,,0,10,False,not_right_censored,sparsity_failure,requested_member_1_sparsity_failure,2786,51,1,0,1,47214,,not_applicable_empty_family,0,,,,,,,,,stage18-scaling-24a9adb84176,2,21
22,s0-step3400-f17of20-d1of4,17,20,0.850,1,4,0.25,0,3400,False,fresh_execution,,,0,10,False,not_right_censored,sparsity_failure,requested_member_1_sparsity_failure,1626,27,1,0,1,48374,,not_applicable_empty_family,0,,,,,,,,,stage18-scaling-24a9adb84176,2,22
23,s0-step3400-f17of20-d1of2,17,20,0.850,1,2,0.50,0,3400,False,fresh_execution,,,0,10,False,not_right_censored,sparsity_failure,requested_member_1_sparsity_failure,1626,27,1,0,1,48374,,not_applicable_empty_family,0,,,,,,,,,stage18-scaling-24a9adb84176,2,23
24,s0-step3400-f17of20-d3of4,17,20,0.850,3,4,0.75,0,3400,False,fresh_execution,,,0,10,False,not_right_censored,sparsity_failure,requested_member_1_sparsity_failure,1626,27,1,0,1,48374,,not_applicable_empty_family,0,,,,,,,,,stage18-scaling-24a9adb84176,2,24
25,s0-step3400-f9of10-d1of4,9,10,0.900,1,4,0.25,0,3400,False,fresh_execution,,,0,10,False,not_right_censored,sparsity_failure,requested_member_1_sparsity_failure,684,9,1,0,1,49316,,not_applicable_empty_family,0,,,,,,,,,stage18-scaling-24a9adb84176,2,25
26,s0-step3400-f9of10-d1of2,9,10,0.900,1,2,0.50,0,3400,False,fresh_execution,,,0,10,False,not_right_censored,sparsity_failure,requested_member_1_sparsity_failure,684,9,1,0,1,49316,,not_applicable_empty_family,0,,,,,,,,,stage18-scaling-24a9adb84176,2,26
27,s0-step3400-f9of10-d3of4,9,10,0.900,3,4,0.75,0,3400,False,fresh_execution,,,0,10,False,not_right_censored,sparsity_failure,requested_member_1_sparsity_failure,684,9,1,0,1,49316,,not_applicable_empty_family,0,,,,,,,,,stage18-scaling-24a9adb84176,2,27
28,s0-step3400-f19of20-d1of4,19,20,0.950,1,4,0.25,0,3400,False,fresh_execution,,,0,10,False,not_right_censored,sparsity_failure,requested_member_1_sparsity_failure,561,4,1,0,1,49439,,not_applicable_empty_family,0,,,,,,,,,stage18-scaling-24a9adb84176,2,28
29,s0-step3400-f19of20-d1of2,19,20,0.950,1,2,0.50,0,3400,False,fresh_execution,,,0,10,False,not_right_censored,sparsity_failure,requested_member_1_sparsity_failure,561,4,1,0,1,49439,,not_applicable_empty_family,0,,,,,,,,,stage18-scaling-24a9adb84176,2,29
30,s0-step3400-f19of20-d3of4,19,20,0.950,3,4,0.75,0,3400,False,fresh_execution,,,0,10,False,not_right_censored,sparsity_failure,requested_member_1_sparsity_failure,561,4,1,0,1,49439,,not_applicable_empty_family,0,,,,,,,,,stage18-scaling-24a9adb84176,2,30
31,s0-step3400-f39of40-d1of4,39,40,0.975,1,4,0.25,0,3400,False,fresh_execution,,,0,10,False,not_right_censored,sparsity_failure,requested_member_1_sparsity_failure,738,3,1,0,1,49262,,not_applicable_empty_family,0,,,,,,,,,stage18-scaling-24a9adb84176,2,31
32,s0-step3400-f39of40-d1of2,39,40,0.975,1,2,0.50,0,3400,False,fresh_execution,,,0,10,False,not_right_censored,sparsity_failure,requested_member_1_sparsity_failure,738,3,1,0,1,49262,,not_applicable_empty_family,0,,,,,,,,,stage18-scaling-24a9adb84176,2,32
33,s0-step3400-f39of40-d3of4,39,40,0.975,3,4,0.75,0,3400,False,fresh_execution,,,0,10,False,not_right_censored,sparsity_failure,requested_member_1_sparsity_failure,738,3,1,0,1,49262,,not_applicable_empty_family,0,,,,,,,,,stage18-scaling-24a9adb84176,2,33
34,s0-step3400-f99of100-d1of4,99,100,0.990,1,4,0.25,0,3400,False,fresh_execution,,,0,10,False,not_right_censored,sparsity_failure,requested_member_1_sparsity_failure,611,2,1,0,1,49389,,not_applicable_empty_family,0,,,,,,,,,stage18-scaling-24a9adb84176,2,34
35,s0-step3400-f99of100-d1of2,99,100,0.990,1,2,0.50,0,3400,True,fresh_execution,,,0,10,False,not_right_censored,sparsity_failure,requested_member_1_sparsity_failure,611,2,1,0,1,49389,,not_applicable_empty_family,0,,,,,,,,,stage18-scaling-24a9adb84176,2,35
36,s0-step3400-f99of100-d3of4,99,100,0.990,3,4,0.75,0,3400,False,fresh_execution,,,0,10,False,not_right_censored,sparsity_failure,requested_member_1_sparsity_failure,611,2,1,0,1,49389,,not_applicable_empty_family,0,,,,,,,,,stage18-scaling-24a9adb84176,2,36
37,s0-step7450-f4of5-d1of4,4,5,0.800,1,4,0.25,0,7450,False,fresh_execution,,,3,10,False,not_right_censored,budget_exhaustion,requested_member_4_budget_exhaustion,32668,2034,5,3,1,17332,1,complete,3,0.12048192771084337,0.23684210526315788,0.16849072704071646,0.14814814814814814,0.7631578947368421,0.8795180722891567,0.8315092729592836,True,stage18-scaling-24a9adb84176,3,37
38,s0-step7450-f4of5-d1of2,4,5,0.800,1,2,0.50,0,7450,False,fresh_execution,,,6,10,False,not_right_censored,budget_exhaustion,requested_member_7_budget_exhaustion,50000,3114,7,6,1,0,1,complete,15,0.12048192771084337,0.323943661971831,0.2254326785595961,0.23376623376623376,0.676056338028169,0.8795180722891567,0.7745673214404039,True,stage18-scaling-24a9adb84176,3,38
39,s0-step7450-f4of5-d3of4,4,5,0.800,3,4,0.75,0,7450,False,fresh_execution,,,6,10,False,not_right_censored,budget_exhaustion,requested_member_7_budget_exhaustion,50000,3114,7,6,1,0,1,complete,15,0.12048192771084337,0.323943661971831,0.2254326785595961,0.23376623376623376,0.676056338028169,0.8795180722891567,0.7745673214404039,True,stage18-scaling-24a9adb84176,3,39
40,s0-step7450-f17of20-d1of4,17,20,0.850,1,4,0.25,0,7450,False,fresh_execution,,,3,10,False,not_right_censored,budget_exhaustion,requested_member_4_budget_exhaustion,32533,2025,5,3,1,17467,1,complete,3,0.1348314606741573,0.24050632911392406,0.18463640611983664,0.17857142857142858,0.759493670886076,0.8651685393258427,0.8153635938801633,True,stage18-scaling-24a9adb84176,3,40
41,s0-step7450-f17of20-d1of2,17,20,0.850,1,2,0.50,0,7450,False,fresh_execution,,,6,10,False,not_right_censored,budget_exhaustion,requested_member_7_budget_exhaustion,50000,3112,7,6,1,0,1,complete,15,0.1348314606741573,0.3333333333333333,0.2415443883348521,0.24358974358974358,0.6666666666666667,0.8651685393258427,0.758455611665148,True,stage18-scaling-24a9adb84176,3,41
42,s0-step7450-f17of20-d3of4,17,20,0.850,3,4,0.75,0,7450,False,fresh_execution,,,6,10,False,not_right_censored,budget_exhaustion,requested_member_7_budget_exhaustion,50000,3112,7,6,1,0,1,complete,15,0.1348314606741573,0.3333333333333333,0.2415443883348521,0.24358974358974358,0.6666666666666667,0.8651685393258427,0.758455611665148,True,stage18-scaling-24a9adb84176,3,42
43,s0-step7450-f9of10-d1of4,9,10,0.900,1,4,0.25,0,7450,False,fresh_execution,,,4,10,False,not_right_censored,budget_exhaustion,requested_member_5_budget_exhaustion,39634,2465,6,4,1,10366,1,complete,6,0.13,0.18947368421052632,0.17352678670845686,0.1819482600732601,0.8105263157894737,0.87,0.8264732132915431,True,stage18-scaling-24a9adb84176,3,43
44,s0-step7450-f9of10-d1of2,9,10,0.900,1,2,0.50,0,7450,False,fresh_execution,,,6,10,False,not_right_censored,budget_exhaustion,requested_member_7_budget_exhaustion,50000,3110,7,6,1,0,1,complete,15,0.13,0.34146341463414637,0.21415826264568155,0.18947368421052632,0.6585365853658536,0.87,0.7858417373543184,True,stage18-scaling-24a9adb84176,3,44
45,s0-step7450-f9of10-d3of4,9,10,0.900,3,4,0.75,0,7450,False,fresh_execution,,,6,10,False,not_right_censored,budget_exhaustion,requested_member_7_budget_exhaustion,50000,3110,7,6,1,0,1,complete,15,0.13,0.34146341463414637,0.21415826264568155,0.18947368421052632,0.6585365853658536,0.87,0.7858417373543184,True,stage18-scaling-24a9adb84176,3,45
46,s0-step7450-f19of20-d1of4,19,20,0.950,1,4,0.25,0,7450,False,fresh_execution,,,3,10,False,not_right_censored,budget_exhaustion,requested_member_4_budget_exhaustion,31949,1985,5,3,1,18051,1,complete,3,0.12389380530973451,0.23232323232323232,0.1625986616671293,0.13157894736842105,0.7676767676767677,0.8761061946902655,0.8374013383328708,True,stage18-scaling-24a9adb84176,3,46
47,s0-step7450-f19of20-d1of2,19,20,0.950,1,2,0.50,0,7450,False,fresh_execution,,,6,10,False,not_right_censored,budget_exhaustion,requested_member_7_budget_exhaustion,50000,3107,7,6,1,0,1,complete,15,0.12389380530973451,0.3118279569892473,0.20953052418736948,0.22,0.6881720430107527,0.8761061946902655,0.7904694758126306,True,stage18-scaling-24a9adb84176,3,47
48,s0-step7450-f19of20-d3of4,19,20,0.950,3,4,0.75,0,7450,False,fresh_execution,,,6,10,False,not_right_censored,budget_exhaustion,requested_member_7_budget_exhaustion,50000,3107,7,6,1,0,1,complete,15,0.12389380530973451,0.3118279569892473,0.20953052418736948,0.22,0.6881720430107527,0.8761061946902655,0.7904694758126306,True,stage18-scaling-24a9adb84176,3,48
49,s0-step7450-f39of40-d1of4,39,40,0.975,1,4,0.25,0,7450,False,fresh_execution,,,4,10,False,not_right_censored,budget_exhaustion,requested_member_5_budget_exhaustion,38825,2407,6,4,1,11175,1,complete,6,0.13178294573643412,0.22727272727272727,0.17555668912689032,0.16519778643164584,0.7727272727272727,0.8682170542635659,0.8244433108731097,True,stage18-scaling-24a9adb84176,3,49
50,s0-step7450-f39of40-d1of2,39,40,0.975,1,2,0.50,0,7450,False,fresh_execution,,,6,10,False,not_right_censored,budget_exhaustion,requested_member_7_budget_exhaustion,50000,3102,7,6,1,0,1,complete,15,0.13178294573643412,0.3106796116504854,0.20993397865488167,0.21367521367521367,0.6893203883495146,0.8682170542635659,0.7900660213451183,True,stage18-scaling-24a9adb84176,3,50
51,s0-step7450-f39of40-d3of4,39,40,0.975,3,4,0.75,0,7450,False,fresh_execution,,,6,10,False,not_right_censored,budget_exhaustion,requested_member_7_budget_exhaustion,50000,3102,7,6,1,0,1,complete,15,0.13178294573643412,0.3106796116504854,0.20993397865488167,0.21367521367521367,0.6893203883495146,0.8682170542635659,0.7900660213451183,True,stage18-scaling-24a9adb84176,3,51
52,s0-step7450-f99of100-d1of4,99,100,0.990,1,4,0.25,0,7450,False,fresh_execution,,,4,10,False,not_right_censored,budget_exhaustion,requested_member_5_budget_exhaustion,38076,2356,6,4,1,11924,1,complete,6,0.09722222222222222,0.1678832116788321,0.12395168900412364,0.10533610533610534,0.8321167883211679,0.9027777777777778,0.8760483109958763,True,stage18-scaling-24a9adb84176,3,52
53,s0-step7450-f99of100-d1of2,99,100,0.990,1,2,0.50,0,7450,True,fresh_execution,,,7,10,False,not_right_censored,budget_exhaustion,requested_member_8_budget_exhaustion,50000,3093,8,7,1,0,1,complete,21,0.09722222222222222,0.35344827586206895,0.18234322803633835,0.17266187050359713,0.646551724137931,0.9027777777777778,0.8176567719636616,True,stage18-scaling-24a9adb84176,3,53
54,s0-step7450-f99of100-d3of4,99,100,0.990,3,4,0.75,0,7450,False,fresh_execution,,,7,10,False,not_right_censored,budget_exhaustion,requested_member_8_budget_exhaustion,50000,3093,8,7,1,0,1,complete,21,0.09722222222222222,0.35344827586206895,0.18234322803633835,0.17266187050359713,0.646551724137931,0.9027777777777778,0.8176567719636616,True,stage18-scaling-24a9adb84176,3,54
55,s0-step8150-f4of5-d1of4,4,5,0.800,1,4,0.25,0,8150,False,fresh_execution,,,2,10,False,not_right_censored,budget_exhaustion,requested_member_3_budget_exhaustion,25147,1567,4,2,1,24853,1,complete,1,0.22972972972972974,0.22972972972972974,0.22972972972972974,0.22972972972972974,0.7702702702702703,0.7702702702702703,0.7702702702702703,True,stage18-scaling-24a9adb84176,4,55
56,s0-step8150-f4of5-d1of2,4,5,0.800,1,2,0.50,0,8150,False,fresh_execution,,,6,10,False,not_right_censored,budget_exhaustion,requested_member_7_budget_exhaustion,50000,3115,7,6,1,0,1,complete,15,0.18666666666666668,0.3382352941176471,0.24889391510786998,0.2361111111111111,0.6617647058823529,0.8133333333333334,0.75110608489213,True,stage18-scaling-24a9adb84176,4,56
57,s0-step8150-f4of5-d3of4,4,5,0.800,3,4,0.75,0,8150,False,fresh_execution,,,6,10,False,not_right_censored,budget_exhaustion,requested_member_7_budget_exhaustion,50000,3115,7,6,1,0,1,complete,15,0.18666666666666668,0.3382352941176471,0.24889391510786998,0.2361111111111111,0.6617647058823529,0.8133333333333334,0.75110608489213,True,stage18-scaling-24a9adb84176,4,57
58,s0-step8150-f17of20-d1of4,17,20,0.850,1,4,0.25,0,8150,False,fresh_execution,,,3,10,False,not_right_censored,budget_exhaustion,requested_member_4_budget_exhaustion,32503,2023,5,3,1,17497,1,complete,3,0.12359550561797752,0.20481927710843373,0.17613826090880375,0.2,0.7951807228915663,0.8764044943820225,0.8238617390911963,True,stage18-scaling-24a9adb84176,4,58
59,s0-step8150-f17of20-d1of2,17,20,0.850,1,2,0.50,0,8150,False,fresh_execution,,,6,10,False,not_right_censored,budget_exhaustion,requested_member_7_budget_exhaustion,50000,3112,7,6,1,0,1,complete,15,0.12359550561797752,0.3125,0.2152888019686986,0.20481927710843373,0.6875,0.8764044943820225,0.7847111980313014,True,stage18-scaling-24a9adb84176,4,59
60,s0-step8150-f17of20-d3of4,17,20,0.850,3,4,0.75,0,8150,False,fresh_execution,,,6,10,False,not_right_censored,budget_exhaustion,requested_member_7_budget_exhaustion,50000,3112,7,6,1,0,1,complete,15,0.12359550561797752,0.3125,0.2152888019686986,0.20481927710843373,0.6875,0.8764044943820225,0.7847111980313014,True,stage18-scaling-24a9adb84176,4,60
61,s0-step8150-f9of10-d1of4,9,10,0.900,1,4,0.25,0,8150,False,fresh_execution,,,3,10,False,not_right_censored,budget_exhaustion,requested_member_4_budget_exhaustion,32293,2009,5,3,1,17707,1,complete,3,0.13541666666666666,0.19148936170212766,0.16216016548463358,0.1595744680851064,0.8085106382978724,0.8645833333333334,0.8378398345153665,True,stage18-scaling-24a9adb84176,4,61
62,s0-step8150-f9of10-d1of2,9,10,0.900,1,2,0.50,0,8150,False,fresh_execution,,,6,10,False,not_right_censored,budget_exhaustion,requested_member_7_budget_exhaustion,50000,3109,7,6,1,0,1,complete,15,0.13541666666666666,0.2777777777777778,0.19962588945376575,0.19148936170212766,0.7222222222222222,0.8645833333333334,0.8003741105462343,True,stage18-scaling-24a9adb84176,4,62
63,s0-step8150-f9of10-d3of4,9,10,0.900,3,4,0.75,0,8150,False,fresh_execution,,,6,10,False,not_right_censored,budget_exhaustion,requested_member_7_budget_exhaustion,50000,3109,7,6,1,0,1,complete,15,0.13541666666666666,0.2777777777777778,0.19962588945376575,0.19148936170212766,0.7222222222222222,0.8645833333333334,0.8003741105462343,True,stage18-scaling-24a9adb84176,4,63
64,s0-step8150-f19of20-d1of4,19,20,0.950,1,4,0.25,0,8150,False,fresh_execution,,,2,10,False,not_right_censored,budget_exhaustion,requested_member_3_budget_exhaustion,24562,1526,4,2,1,25438,1,complete,1,0.13043478260869565,0.13043478260869565,0.13043478260869565,0.13043478260869565,0.8695652173913043,0.8695652173913043,0.8695652173913043,True,stage18-scaling-24a9adb84176,4,64
65,s0-step8150-f19of20-d1of2,19,20,0.950,1,2,0.50,0,8150,False,fresh_execution,,,6,10,False,not_right_censored,budget_exhaustion,requested_member_7_budget_exhaustion,50000,3106,7,6,1,0,1,complete,15,0.10833333333333334,0.32653061224489793,0.17463405003748556,0.1559633027522936,0.6734693877551021,0.8916666666666666,0.8253659499625144,True,stage18-scaling-24a9adb84176,4,65
66,s0-step8150-f19of20-d3of4,19,20,0.950,3,4,0.75,0,8150,False,fresh_execution,,,6,10,False,not_right_censored,budget_exhaustion,requested_member_7_budget_exhaustion,50000,3106,7,6,1,0,1,complete,15,0.10833333333333334,0.32653061224489793,0.17463405003748556,0.1559633027522936,0.6734693877551021,0.8916666666666666,0.8253659499625144,True,stage18-scaling-24a9adb84176,4,66
67,s0-step8150-f39of40-d1of4,39,40,0.975,1,4,0.25,0,8150,False,fresh_execution,,,5,10,False,not_right_censored,budget_exhaustion,requested_member_6_budget_exhaustion,45764,2834,7,5,1,4236,1,complete,10,0.08823529411764706,0.23333333333333334,0.1543010217624058,0.15901304321692614,0.7666666666666666,0.9117647058823529,0.8456989782375942,True,stage18-scaling-24a9adb84176,4,67
68,s0-step8150-f39of40-d1of2,39,40,0.975,1,2,0.50,0,8150,False,fresh_execution,,,6,10,False,not_right_censored,budget_exhaustion,requested_member_7_budget_exhaustion,50000,3095,7,6,1,0,1,complete,15,0.08823529411764706,0.30701754385964913,0.17230892147265117,0.16535433070866143,0.6929824561403508,0.9117647058823529,0.8276910785273488,True,stage18-scaling-24a9adb84176,4,68
69,s0-step8150-f39of40-d3of4,39,40,0.975,3,4,0.75,0,8150,False,fresh_execution,,,6,10,False,not_right_censored,budget_exhaustion,requested_member_7_budget_exhaustion,50000,3095,7,6,1,0,1,complete,15,0.08823529411764706,0.30701754385964913,0.17230892147265117,0.16535433070866143,0.6929824561403508,0.9117647058823529,0.8276910785273488,True,stage18-scaling-24a9adb84176,4,69
70,s0-step8150-f99of100-d1of4,99,100,0.990,1,4,0.25,0,8150,False,fresh_execution,,,5,10,False,not_right_censored,budget_exhaustion,requested_member_6_budget_exhaustion,45090,2786,7,5,1,4910,1,complete,10,0.1038961038961039,0.19014084507042253,0.13737033964497025,0.12799329501915707,0.8098591549295775,0.8961038961038961,0.8626296603550297,True,stage18-scaling-24a9adb84176,4,70
71,s0-step8150-f99of100-d1of2,99,100,0.990,1,2,0.50,0,8150,True,fresh_execution,,,7,10,False,not_right_censored,budget_exhaustion,requested_member_8_budget_exhaustion,50000,3085,8,7,1,0,1,complete,21,0.10126582278481013,0.3203125,0.16299688661990863,0.15333333333333332,0.6796875,0.8987341772151899,0.8370031133800914,True,stage18-scaling-24a9adb84176,4,71
72,s0-step8150-f99of100-d3of4,99,100,0.990,3,4,0.75,0,8150,False,fresh_execution,,,7,10,False,not_right_censored,budget_exhaustion,requested_member_8_budget_exhaustion,50000,3085,8,7,1,0,1,complete,21,0.10126582278481013,0.3203125,0.16299688661990863,0.15333333333333332,0.6796875,0.8987341772151899,0.8370031133800914,True,stage18-scaling-24a9adb84176,4,72
73,s0-step8500-f4of5-d1of4,4,5,0.800,1,4,0.25,0,8500,False,fresh_execution,,,6,10,False,not_right_censored,budget_exhaustion,requested_member_7_budget_exhaustion,50000,3115,7,6,1,0,1,complete,15,0.10126582278481013,0.2112676056338028,0.174602977410662,0.18309859154929578,0.7887323943661972,0.8987341772151899,0.825397022589338,True,stage18-scaling-24a9adb84176,5,73
74,s0-step8500-f4of5-d1of2,4,5,0.800,1,2,0.50,0,8500,False,fresh_execution,,,6,10,False,not_right_censored,budget_exhaustion,requested_member_7_budget_exhaustion,50000,3115,7,6,1,0,1,complete,15,0.10126582278481013,0.2112676056338028,0.174602977410662,0.18309859154929578,0.7887323943661972,0.8987341772151899,0.825397022589338,True,stage18-scaling-24a9adb84176,5,74
75,s0-step8500-f4of5-d3of4,4,5,0.800,3,4,0.75,0,8500,False,fresh_execution,,,6,10,False,not_right_censored,budget_exhaustion,requested_member_7_budget_exhaustion,50000,3115,7,6,1,0,1,complete,15,0.10126582278481013,0.2112676056338028,0.174602977410662,0.18309859154929578,0.7887323943661972,0.8987341772151899,0.825397022589338,True,stage18-scaling-24a9adb84176,5,75
76,s0-step8500-f17of20-d1of4,17,20,0.850,1,4,0.25,0,8500,False,fresh_execution,,,6,10,False,not_right_censored,budget_exhaustion,requested_member_7_budget_exhaustion,50000,3114,7,6,1,0,1,complete,15,0.10344827586206896,0.24,0.18364058379866008,0.18421052631578946,0.76,0.896551724137931,0.8163594162013399,True,stage18-scaling-24a9adb84176,5,76
77,s0-step8500-f17of20-d1of2,17,20,0.850,1,2,0.50,0,8500,False,fresh_execution,,,6,10,False,not_right_censored,budget_exhaustion,requested_member_7_budget_exhaustion,50000,3114,7,6,1,0,1,complete,15,0.10344827586206896,0.24,0.18364058379866008,0.18421052631578946,0.76,0.896551724137931,0.8163594162013399,True,stage18-scaling-24a9adb84176,5,77
78,s0-step8500-f17of20-d3of4,17,20,0.850,3,4,0.75,0,8500,False,fresh_execution,,,6,10,False,not_right_censored,budget_exhaustion,requested_member_7_budget_exhaustion,50000,3114,7,6,1,0,1,complete,15,0.10344827586206896,0.24,0.18364058379866008,0.18421052631578946,0.76,0.896551724137931,0.8163594162013399,True,stage18-scaling-24a9adb84176,5,78
79,s0-step8500-f9of10-d1of4,9,10,0.900,1,4,0.25,0,8500,False,fresh_execution,,,6,10,False,not_right_censored,budget_exhaustion,requested_member_7_budget_exhaustion,50000,3112,7,6,1,0,1,complete,15,0.09375,0.24050632911392406,0.15587953223267967,0.15217391304347827,0.759493670886076,0.90625,0.8441204677673203,True,stage18-scaling-24a9adb84176,5,79
80,s0-step8500-f9of10-d1of2,9,10,0.900,1,2,0.50,0,8500,False,fresh_execution,,,6,10,False,not_right_censored,budget_exhaustion,requested_member_7_budget_exhaustion,50000,3112,7,6,1,0,1,complete,15,0.09375,0.24050632911392406,0.15587953223267967,0.15217391304347827,0.759493670886076,0.90625,0.8441204677673203,True,stage18-scaling-24a9adb84176,5,80
81,s0-step8500-f9of10-d3of4,9,10,0.900,3,4,0.75,0,8500,False,fresh_execution,,,6,10,False,not_right_censored,budget_exhaustion,requested_member_7_budget_exhaustion,50000,3112,7,6,1,0,1,complete,15,0.09375,0.24050632911392406,0.15587953223267967,0.15217391304347827,0.759493670886076,0.90625,0.8441204677673203,True,stage18-scaling-24a9adb84176,5,81
82,s0-step8500-f19of20-d1of4,19,20,0.950,1,4,0.25,0,8500,False,fresh_execution,,,6,10,False,not_right_censored,budget_exhaustion,requested_member_7_budget_exhaustion,50000,3109,7,6,1,0,1,complete,15,0.08333333333333333,0.22916666666666666,0.1660632597943085,0.16161616161616163,0.7708333333333334,0.9166666666666666,0.8339367402056915,True,stage18-scaling-24a9adb84176,5,82
83,s0-step8500-f19of20-d1of2,19,20,0.950,1,2,0.50,0,8500,False,fresh_execution,,,6,10,False,not_right_censored,budget_exhaustion,requested_member_7_budget_exhaustion,50000,3109,7,6,1,0,1,complete,15,0.08333333333333333,0.22916666666666666,0.1660632597943085,0.16161616161616163,0.7708333333333334,0.9166666666666666,0.8339367402056915,True,stage18-scaling-24a9adb84176,5,83
84,s0-step8500-f19of20-d3of4,19,20,0.950,3,4,0.75,0,8500,False,fresh_execution,,,6,10,False,not_right_censored,budget_exhaustion,requested_member_7_budget_exhaustion,50000,3109,7,6,1,0,1,complete,15,0.08333333333333333,0.22916666666666666,0.1660632597943085,0.16161616161616163,0.7708333333333334,0.9166666666666666,0.8339367402056915,True,stage18-scaling-24a9adb84176,5,84
85,s0-step8500-f39of40-d1of4,39,40,0.975,1,4,0.25,0,8500,False,fresh_execution,,,5,10,False,not_right_censored,budget_exhaustion,requested_member_6_budget_exhaustion,46345,2878,7,5,1,3655,1,complete,10,0.09090909090909091,0.19090909090909092,0.13923076923076924,0.14537684537684537,0.8090909090909091,0.9090909090909091,0.8607692307692307,True,stage18-scaling-24a9adb84176,5,85
86,s0-step8500-f39of40-d1of2,39,40,0.975,1,2,0.50,0,8500,False,fresh_execution,,,6,10,False,not_right_censored,budget_exhaustion,requested_member_7_budget_exhaustion,50000,3107,7,6,1,0,1,complete,15,0.09090909090909091,0.2828282828282828,0.16353638020304687,0.17094017094017094,0.7171717171717171,0.9090909090909091,0.8364636197969532,True,stage18-scaling-24a9adb84176,5,86
87,s0-step8500-f39of40-d3of4,39,40,0.975,3,4,0.75,0,8500,False,fresh_execution,,,6,10,False,not_right_censored,budget_exhaustion,requested_member_7_budget_exhaustion,50000,3107,7,6,1,0,1,complete,15,0.09090909090909091,0.2828282828282828,0.16353638020304687,0.17094017094017094,0.7171717171717171,0.9090909090909091,0.8364636197969532,True,stage18-scaling-24a9adb84176,5,87
88,s0-step8500-f99of100-d1of4,99,100,0.990,1,4,0.25,0,8500,False,fresh_execution,,,5,10,False,not_right_censored,budget_exhaustion,requested_member_6_budget_exhaustion,45553,2821,7,5,1,4447,1,complete,10,0.060810810810810814,0.23770491803278687,0.14358104647393383,0.13601449667333804,0.7622950819672132,0.9391891891891891,0.8564189535260662,True,stage18-scaling-24a9adb84176,5,88
89,s0-step8500-f99of100-d1of2,99,100,0.990,1,2,0.50,0,8500,True,fresh_execution,,,7,10,False,not_right_censored,budget_exhaustion,requested_member_8_budget_exhaustion,50000,3094,8,7,1,0,1,complete,21,0.060810810810810814,0.2711864406779661,0.16300890140594496,0.17424242424242425,0.728813559322034,0.9391891891891891,0.8369910985940551,True,stage18-scaling-24a9adb84176,5,89
90,s0-step8500-f99of100-d3of4,99,100,0.990,3,4,0.75,0,8500,False,fresh_execution,,,7,10,False,not_right_censored,budget_exhaustion,requested_member_8_budget_exhaustion,50000,3094,8,7,1,0,1,complete,21,0.060810810810810814,0.2711864406779661,0.16300890140594496,0.17424242424242425,0.728813559322034,0.9391891891891891,0.8369910985940551,True,stage18-scaling-24a9adb84176,5,90
91,s0-step8650-f4of5-d1of4,4,5,0.800,1,4,0.25,0,8650,False,fresh_execution,,,5,10,False,not_right_censored,budget_exhaustion,requested_member_6_budget_exhaustion,48085,2996,7,5,1,1915,2,complete,10,0.07142857142857142,0.2112676056338028,0.1602694310250234,0.16991255961844198,0.7887323943661972,0.9285714285714286,0.8397305689749767,True,stage18-scaling-24a9adb84176,6,91
92,s0-step8650-f4of5-d1of2,4,5,0.800,1,2,0.50,0,8650,False,fresh_execution,,,6,10,False,not_right_censored,budget_exhaustion,requested_member_7_budget_exhaustion,50000,3116,7,6,1,0,2,complete,15,0.07142857142857142,0.2537313432835821,0.16638010820252902,0.14864864864864866,0.7462686567164178,0.9285714285714286,0.833619891797471,True,stage18-scaling-24a9adb84176,6,92
93,s0-step8650-f4of5-d3of4,4,5,0.800,3,4,0.75,0,8650,False,fresh_execution,,,6,10,False,not_right_censored,budget_exhaustion,requested_member_7_budget_exhaustion,50000,3116,7,6,1,0,2,complete,15,0.07142857142857142,0.2537313432835821,0.16638010820252902,0.14864864864864866,0.7462686567164178,0.9285714285714286,0.833619891797471,True,stage18-scaling-24a9adb84176,6,93
94,s0-step8650-f17of20-d1of4,17,20,0.850,1,4,0.25,0,8650,False,fresh_execution,,,6,10,False,not_right_censored,budget_exhaustion,requested_member_7_budget_exhaustion,50000,3112,7,6,1,0,1,complete,15,0.0963855421686747,0.24324324324324326,0.17111525212171064,0.16883116883116883,0.7567567567567568,0.9036144578313253,0.8288847478782894,True,stage18-scaling-24a9adb84176,6,94
95,s0-step8650-f17of20-d1of2,17,20,0.850,1,2,0.50,0,8650,False,fresh_execution,,,6,10,False,not_right_censored,budget_exhaustion,requested_member_7_budget_exhaustion,50000,3112,7,6,1,0,1,complete,15,0.0963855421686747,0.24324324324324326,0.17111525212171064,0.16883116883116883,0.7567567567567568,0.9036144578313253,0.8288847478782894,True,stage18-scaling-24a9adb84176,6,95
96,s0-step8650-f17of20-d3of4,17,20,0.850,3,4,0.75,0,8650,False,fresh_execution,,,6,10,False,not_right_censored,budget_exhaustion,requested_member_7_budget_exhaustion,50000,3112,7,6,1,0,1,complete,15,0.0963855421686747,0.24324324324324326,0.17111525212171064,0.16883116883116883,0.7567567567567568,0.9036144578313253,0.8288847478782894,True,stage18-scaling-24a9adb84176,6,96
97,s0-step8650-f9of10-d1of4,9,10,0.900,1,4,0.25,0,8650,False,fresh_execution,,,6,10,False,not_right_censored,budget_exhaustion,requested_member_7_budget_exhaustion,50000,3113,7,6,1,0,1,complete,15,0.09090909090909091,0.23076923076923078,0.17248185697898044,0.18518518518518517,0.7692307692307692,0.9090909090909091,0.8275181430210196,True,stage18-scaling-24a9adb84176,6,97
98,s0-step8650-f9of10-d1of2,9,10,0.900,1,2,0.50,0,8650,False,fresh_execution,,,6,10,False,not_right_censored,budget_exhaustion,requested_member_7_budget_exhaustion,50000,3113,7,6,1,0,1,complete,15,0.09090909090909091,0.23076923076923078,0.17248185697898044,0.18518518518518517,0.7692307692307692,0.9090909090909091,0.8275181430210196,True,stage18-scaling-24a9adb84176,6,98
99,s0-step8650-f9of10-d3of4,9,10,0.900,3,4,0.75,0,8650,False,fresh_execution,,,6,10,False,not_right_censored,budget_exhaustion,requested_member_7_budget_exhaustion,50000,3113,7,6,1,0,1,complete,15,0.09090909090909091,0.23076923076923078,0.17248185697898044,0.18518518518518517,0.7692307692307692,0.9090909090909091,0.8275181430210196,True,stage18-scaling-24a9adb84176,6,99
100,s0-step8650-f19of20-d1of4,19,20,0.950,1,4,0.25,0,8650,False,fresh_execution,,,6,10,False,not_right_censored,budget_exhaustion,requested_member_7_budget_exhaustion,50000,3110,7,6,1,0,1,complete,15,0.09523809523809523,0.23333333333333334,0.14572057166262833,0.14432989690721648,0.7666666666666666,0.9047619047619048,0.8542794283373717,True,stage18-scaling-24a9adb84176,6,100
101,s0-step8650-f19of20-d1of2,19,20,0.950,1,2,0.50,0,8650,False,fresh_execution,,,6,10,False,not_right_censored,budget_exhaustion,requested_member_7_budget_exhaustion,50000,3110,7,6,1,0,1,complete,15,0.09523809523809523,0.23333333333333334,0.14572057166262833,0.14432989690721648,0.7666666666666666,0.9047619047619048,0.8542794283373717,True,stage18-scaling-24a9adb84176,6,101
102,s0-step8650-f19of20-d3of4,19,20,0.950,3,4,0.75,0,8650,False,fresh_execution,,,6,10,False,not_right_censored,budget_exhaustion,requested_member_7_budget_exhaustion,50000,3110,7,6,1,0,1,complete,15,0.09523809523809523,0.23333333333333334,0.14572057166262833,0.14432989690721648,0.7666666666666666,0.9047619047619048,0.8542794283373717,True,stage18-scaling-24a9adb84176,6,102
103,s0-step8650-f39of40-d1of4,39,40,0.975,1,4,0.25,0,8650,False,fresh_execution,,,6,10,False,not_right_censored,budget_exhaustion,requested_member_7_budget_exhaustion,50000,3107,7,6,1,0,1,complete,15,0.08547008547008547,0.18518518518518517,0.150164969511179,0.1651376146788991,0.8148148148148149,0.9145299145299145,0.849835030488821,True,stage18-scaling-24a9adb84176,6,103
104,s0-step8650-f39of40-d1of2,39,40,0.975,1,2,0.50,0,8650,False,fresh_execution,,,6,10,False,not_right_censored,budget_exhaustion,requested_member_7_budget_exhaustion,50000,3107,7,6,1,0,1,complete,15,0.08547008547008547,0.18518518518518517,0.150164969511179,0.1651376146788991,0.8148148148148149,0.9145299145299145,0.849835030488821,True,stage18-scaling-24a9adb84176,6,104
105,s0-step8650-f39of40-d3of4,39,40,0.975,3,4,0.75,0,8650,False,fresh_execution,,,6,10,False,not_right_censored,budget_exhaustion,requested_member_7_budget_exhaustion,50000,3107,7,6,1,0,1,complete,15,0.08547008547008547,0.18518518518518517,0.150164969511179,0.1651376146788991,0.8148148148148149,0.9145299145299145,0.849835030488821,True,stage18-scaling-24a9adb84176,6,105
106,s0-step8650-f99of100-d1of4,99,100,0.990,1,4,0.25,0,8650,False,fresh_execution,,,6,10,False,not_right_censored,budget_exhaustion,requested_member_7_budget_exhaustion,50000,3099,7,6,1,0,1,complete,15,0.1015625,0.23140495867768596,0.15037147501537418,0.14960629921259844,0.768595041322314,0.8984375,0.8496285249846258,True,stage18-scaling-24a9adb84176,6,106
107,s0-step8650-f99of100-d1of2,99,100,0.990,1,2,0.50,0,8650,True,fresh_execution,,,6,10,False,not_right_censored,budget_exhaustion,requested_member_7_budget_exhaustion,50000,3099,7,6,1,0,1,complete,15,0.1015625,0.23140495867768596,0.15037147501537418,0.14960629921259844,0.768595041322314,0.8984375,0.8496285249846258,True,stage18-scaling-24a9adb84176,6,107
108,s0-step8650-f99of100-d3of4,99,100,0.990,3,4,0.75,0,8650,False,fresh_execution,,,6,10,False,not_right_censored,budget_exhaustion,requested_member_7_budget_exhaustion,50000,3099,7,6,1,0,1,complete,15,0.1015625,0.23140495867768596,0.15037147501537418,0.14960629921259844,0.768595041322314,0.8984375,0.8496285249846258,True,stage18-scaling-24a9adb84176,6,108
109,s0-step9050-f4of5-d1of4,4,5,0.800,1,4,0.25,0,9050,False,fresh_execution,,,3,10,False,not_right_censored,budget_exhaustion,requested_member_4_budget_exhaustion,32608,2030,5,3,1,17392,1,complete,3,0.13253012048192772,0.16470588235294117,0.15192419606690752,0.15853658536585366,0.8352941176470589,0.8674698795180723,0.8480758039330925,True,stage18-scaling-24a9adb84176,7,109
110,s0-step9050-f4of5-d1of2,4,5,0.800,1,2,0.50,0,9050,False,fresh_execution,,,6,10,False,not_right_censored,budget_exhaustion,requested_member_7_budget_exhaustion,50000,3113,7,6,1,0,1,complete,15,0.11627906976744186,0.30666666666666664,0.18607852363424146,0.1686746987951807,0.6933333333333334,0.8837209302325582,0.8139214763657585,True,stage18-scaling-24a9adb84176,7,110
111,s0-step9050-f4of5-d3of4,4,5,0.800,3,4,0.75,0,9050,False,fresh_execution,,,6,10,False,not_right_censored,budget_exhaustion,requested_member_7_budget_exhaustion,50000,3113,7,6,1,0,1,complete,15,0.11627906976744186,0.30666666666666664,0.18607852363424146,0.1686746987951807,0.6933333333333334,0.8837209302325582,0.8139214763657585,True,stage18-scaling-24a9adb84176,7,111
112,s0-step9050-f17of20-d1of4,17,20,0.850,1,4,0.25,0,9050,False,fresh_execution,,,4,10,False,not_right_censored,budget_exhaustion,requested_member_5_budget_exhaustion,39949,2486,6,4,1,10051,1,complete,6,0.0989010989010989,0.25,0.15074277574277575,0.1388888888888889,0.75,0.9010989010989011,0.8492572242572243,True,stage18-scaling-24a9adb84176,7,112
113,s0-step9050-f17of20-d1of2,17,20,0.850,1,2,0.50,0,9050,False,fresh_execution,,,6,10,False,not_right_censored,budget_exhaustion,requested_member_7_budget_exhaustion,50000,3112,7,6,1,0,1,complete,15,0.0851063829787234,0.3333333333333333,0.17682060647154357,0.17777777777777778,0.6666666666666667,0.9148936170212766,0.8231793935284565,True,stage18-scaling-24a9adb84176,7,113
114,s0-step9050-f17of20-d3of4,17,20,0.850,3,4,0.75,0,9050,False,fresh_execution,,,6,10,False,not_right_censored,budget_exhaustion,requested_member_7_budget_exhaustion,50000,3112,7,6,1,0,1,complete,15,0.0851063829787234,0.3333333333333333,0.17682060647154357,0.17777777777777778,0.6666666666666667,0.9148936170212766,0.8231793935284565,True,stage18-scaling-24a9adb84176,7,114
115,s0-step9050-f9of10-d1of4,9,10,0.900,1,4,0.25,0,9050,False,fresh_execution,,,6,10,False,not_right_censored,budget_exhaustion,requested_member_7_budget_exhaustion,50000,3109,7,6,1,0,2,complete,15,0.11224489795918367,0.2413793103448276,0.16566081792660858,0.1595744680851064,0.7586206896551724,0.8877551020408163,0.8343391820733914,True,stage18-scaling-24a9adb84176,7,115
116,s0-step9050-f9of10-d1of2,9,10,0.900,1,2,0.50,0,9050,False,fresh_execution,,,6,10,False,not_right_censored,budget_exhaustion,requested_member_7_budget_exhaustion,50000,3109,7,6,1,0,2,complete,15,0.11224489795918367,0.2413793103448276,0.16566081792660858,0.1595744680851064,0.7586206896551724,0.8877551020408163,0.8343391820733914,True,stage18-scaling-24a9adb84176,7,116
117,s0-step9050-f9of10-d3of4,9,10,0.900,3,4,0.75,0,9050,False,fresh_execution,,,6,10,False,not_right_censored,budget_exhaustion,requested_member_7_budget_exhaustion,50000,3109,7,6,1,0,2,complete,15,0.11224489795918367,0.2413793103448276,0.16566081792660858,0.1595744680851064,0.7586206896551724,0.8877551020408163,0.8343391820733914,True,stage18-scaling-24a9adb84176,7,117
118,s0-step9050-f19of20-d1of4,19,20,0.950,1,4,0.25,0,9050,False,fresh_execution,,,4,10,False,not_right_censored,budget_exhaustion,requested_member_5_budget_exhaustion,39439,2452,6,4,1,10561,1,complete,6,0.07207207207207207,0.18421052631578946,0.12122696592548655,0.10895361380798274,0.8157894736842105,0.9279279279279279,0.8787730340745135,True,stage18-scaling-24a9adb84176,7,118
119,s0-step9050-f19of20-d1of2,19,20,0.950,1,2,0.50,0,9050,False,fresh_execution,,,6,10,False,not_right_censored,budget_exhaustion,requested_member_7_budget_exhaustion,50000,3108,7,6,1,0,1,complete,15,0.07207207207207207,0.25961538461538464,0.13544142323481817,0.12727272727272726,0.7403846153846154,0.9279279279279279,0.8645585767651819,True,stage18-scaling-24a9adb84176,7,119
120,s0-step9050-f19of20-d3of4,19,20,0.950,3,4,0.75,0,9050,False,fresh_execution,,,6,10,False,not_right_censored,budget_exhaustion,requested_member_7_budget_exhaustion,50000,3108,7,6,1,0,1,complete,15,0.07207207207207207,0.25961538461538464,0.13544142323481817,0.12727272727272726,0.7403846153846154,0.9279279279279279,0.8645585767651819,True,stage18-scaling-24a9adb84176,7,120
121,s0-step9050-f39of40-d1of4,39,40,0.975,1,4,0.25,0,9050,False,fresh_execution,,,6,10,False,not_right_censored,budget_exhaustion,requested_member_7_budget_exhaustion,50000,3104,7,6,1,0,1,complete,15,0.07936507936507936,0.226890756302521,0.1477523122529546,0.13636363636363635,0.773109243697479,0.9206349206349207,0.8522476877470454,True,stage18-scaling-24a9adb84176,7,121
122,s0-step9050-f39of40-d1of2,39,40,0.975,1,2,0.50,0,9050,False,fresh_execution,,,6,10,False,not_right_censored,budget_exhaustion,requested_member_7_budget_exhaustion,50000,3104,7,6,1,0,1,complete,15,0.07936507936507936,0.226890756302521,0.1477523122529546,0.13636363636363635,0.773109243697479,0.9206349206349207,0.8522476877470454,True,stage18-scaling-24a9adb84176,7,122
123,s0-step9050-f39of40-d3of4,39,40,0.975,3,4,0.75,0,9050,False,fresh_execution,,,6,10,False,not_right_censored,budget_exhaustion,requested_member_7_budget_exhaustion,50000,3104,7,6,1,0,1,complete,15,0.07936507936507936,0.226890756302521,0.1477523122529546,0.13636363636363635,0.773109243697479,0.9206349206349207,0.8522476877470454,True,stage18-scaling-24a9adb84176,7,123
124,s0-step9050-f99of100-d1of4,99,100,0.990,1,4,0.25,0,9050,False,fresh_execution,,,5,10,False,not_right_censored,budget_exhaustion,requested_member_6_budget_exhaustion,45853,2841,7,5,1,4147,1,complete,10,0.0948905109489051,0.1984732824427481,0.14263527518268096,0.1370214752567694,0.8015267175572519,0.9051094890510949,0.8573647248173191,True,stage18-scaling-24a9adb84176,7,124
125,s0-step9050-f99of100-d1of2,99,100,0.990,1,2,0.50,0,9050,True,fresh_execution,,,6,10,False,not_right_censored,budget_exhaustion,requested_member_7_budget_exhaustion,50000,3100,7,6,1,0,1,complete,15,0.0948905109489051,0.2796610169491525,0.1559337397427794,0.1565217391304348,0.7203389830508475,0.9051094890510949,0.8440662602572206,True,stage18-scaling-24a9adb84176,7,125
126,s0-step9050-f99of100-d3of4,99,100,0.990,3,4,0.75,0,9050,False,fresh_execution,,,6,10,False,not_right_censored,budget_exhaustion,requested_member_7_budget_exhaustion,50000,3100,7,6,1,0,1,complete,15,0.0948905109489051,0.2796610169491525,0.1559337397427794,0.1565217391304348,0.7203389830508475,0.9051094890510949,0.8440662602572206,True,stage18-scaling-24a9adb84176,7,126
127,s1-step200-f4of5-d1of4,4,5,0.800,1,4,0.25,1,200,False,fresh_execution,,,0,10,False,not_right_censored,sparsity_failure,requested_member_1_sparsity_failure,1424,21,1,0,1,48576,,not_applicable_empty_family,0,,,,,,,,,stage18-scaling-24a9adb84176,1,127
128,s1-step200-f4of5-d1of2,4,5,0.800,1,2,0.50,1,200,False,fresh_execution,,,0,10,False,not_right_censored,sparsity_failure,requested_member_1_sparsity_failure,1424,21,1,0,1,48576,,not_applicable_empty_family,0,,,,,,,,,stage18-scaling-24a9adb84176,1,128
129,s1-step200-f4of5-d3of4,4,5,0.800,3,4,0.75,1,200,False,fresh_execution,,,0,10,False,not_right_censored,sparsity_failure,requested_member_1_sparsity_failure,1424,21,1,0,1,48576,,not_applicable_empty_family,0,,,,,,,,,stage18-scaling-24a9adb84176,1,129
130,s1-step200-f17of20-d1of4,17,20,0.850,1,4,0.25,1,200,False,fresh_execution,,,0,10,False,not_right_censored,sparsity_failure,requested_member_1_sparsity_failure,1416,13,1,0,1,48584,,not_applicable_empty_family,0,,,,,,,,,stage18-scaling-24a9adb84176,1,130
131,s1-step200-f17of20-d1of2,17,20,0.850,1,2,0.50,1,200,False,fresh_execution,,,0,10,False,not_right_censored,sparsity_failure,requested_member_1_sparsity_failure,1416,13,1,0,1,48584,,not_applicable_empty_family,0,,,,,,,,,stage18-scaling-24a9adb84176,1,131
132,s1-step200-f17of20-d3of4,17,20,0.850,3,4,0.75,1,200,False,fresh_execution,,,0,10,False,not_right_censored,sparsity_failure,requested_member_1_sparsity_failure,1416,13,1,0,1,48584,,not_applicable_empty_family,0,,,,,,,,,stage18-scaling-24a9adb84176,1,132
133,s1-step200-f9of10-d1of4,9,10,0.900,1,4,0.25,1,200,False,fresh_execution,,,0,10,False,not_right_censored,sparsity_failure,requested_member_1_sparsity_failure,1053,8,1,0,1,48947,,not_applicable_empty_family,0,,,,,,,,,stage18-scaling-24a9adb84176,1,133
134,s1-step200-f9of10-d1of2,9,10,0.900,1,2,0.50,1,200,False,fresh_execution,,,0,10,False,not_right_censored,sparsity_failure,requested_member_1_sparsity_failure,1053,8,1,0,1,48947,,not_applicable_empty_family,0,,,,,,,,,stage18-scaling-24a9adb84176,1,134
135,s1-step200-f9of10-d3of4,9,10,0.900,3,4,0.75,1,200,False,fresh_execution,,,0,10,False,not_right_censored,sparsity_failure,requested_member_1_sparsity_failure,1053,8,1,0,1,48947,,not_applicable_empty_family,0,,,,,,,,,stage18-scaling-24a9adb84176,1,135
136,s1-step200-f19of20-d1of4,19,20,0.950,1,4,0.25,1,200,False,fresh_execution,,,0,10,False,not_right_censored,sparsity_failure,requested_member_1_sparsity_failure,864,5,1,0,1,49136,,not_applicable_empty_family,0,,,,,,,,,stage18-scaling-24a9adb84176,1,136
137,s1-step200-f19of20-d1of2,19,20,0.950,1,2,0.50,1,200,False,fresh_execution,,,0,10,False,not_right_censored,sparsity_failure,requested_member_1_sparsity_failure,864,5,1,0,1,49136,,not_applicable_empty_family,0,,,,,,,,,stage18-scaling-24a9adb84176,1,137
138,s1-step200-f19of20-d3of4,19,20,0.950,3,4,0.75,1,200,False,fresh_execution,,,0,10,False,not_right_censored,sparsity_failure,requested_member_1_sparsity_failure,864,5,1,0,1,49136,,not_applicable_empty_family,0,,,,,,,,,stage18-scaling-24a9adb84176,1,138
139,s1-step200-f39of40-d1of4,39,40,0.975,1,4,0.25,1,200,False,fresh_execution,,,0,10,False,not_right_censored,sparsity_failure,requested_member_1_sparsity_failure,690,3,1,0,1,49310,,not_applicable_empty_family,0,,,,,,,,,stage18-scaling-24a9adb84176,1,139
140,s1-step200-f39of40-d1of2,39,40,0.975,1,2,0.50,1,200,False,fresh_execution,,,0,10,False,not_right_censored,sparsity_failure,requested_member_1_sparsity_failure,690,3,1,0,1,49310,,not_applicable_empty_family,0,,,,,,,,,stage18-scaling-24a9adb84176,1,140
141,s1-step200-f39of40-d3of4,39,40,0.975,3,4,0.75,1,200,False,fresh_execution,,,0,10,False,not_right_censored,sparsity_failure,requested_member_1_sparsity_failure,690,3,1,0,1,49310,,not_applicable_empty_family,0,,,,,,,,,stage18-scaling-24a9adb84176,1,141
142,s1-step200-f99of100-d1of4,99,100,0.990,1,4,0.25,1,200,False,fresh_execution,,,0,10,False,not_right_censored,sparsity_failure,requested_member_1_sparsity_failure,611,2,1,0,1,49389,,not_applicable_empty_family,0,,,,,,,,,stage18-scaling-24a9adb84176,1,142
143,s1-step200-f99of100-d1of2,99,100,0.990,1,2,0.50,1,200,True,fresh_execution,,,0,10,False,not_right_censored,sparsity_failure,requested_member_1_sparsity_failure,611,2,1,0,1,49389,,not_applicable_empty_family,0,,,,,,,,,stage18-scaling-24a9adb84176,1,143
144,s1-step200-f99of100-d3of4,99,100,0.990,3,4,0.75,1,200,False,fresh_execution,,,0,10,False,not_right_censored,sparsity_failure,requested_member_1_sparsity_failure,611,2,1,0,1,49389,,not_applicable_empty_family,0,,,,,,,,,stage18-scaling-24a9adb84176,1,144
145,s1-step3400-f4of5-d1of4,4,5,0.800,1,4,0.25,1,3400,False,fresh_execution,,,0,10,False,not_right_censored,sparsity_failure,requested_member_1_sparsity_failure,1476,33,1,0,1,48524,,not_applicable_empty_family,0,,,,,,,,,stage18-scaling-24a9adb84176,2,145
146,s1-step3400-f4of5-d1of2,4,5,0.800,1,2,0.50,1,3400,False,fresh_execution,,,0,10,False,not_right_censored,sparsity_failure,requested_member_1_sparsity_failure,1476,33,1,0,1,48524,,not_applicable_empty_family,0,,,,,,,,,stage18-scaling-24a9adb84176,2,146
147,s1-step3400-f4of5-d3of4,4,5,0.800,3,4,0.75,1,3400,False,fresh_execution,,,0,10,False,not_right_censored,sparsity_failure,requested_member_1_sparsity_failure,1476,33,1,0,1,48524,,not_applicable_empty_family,0,,,,,,,,,stage18-scaling-24a9adb84176,2,147
148,s1-step3400-f17of20-d1of4,17,20,0.850,1,4,0.25,1,3400,False,fresh_execution,,,0,10,False,not_right_censored,sparsity_failure,requested_member_1_sparsity_failure,756,17,1,0,1,49244,,not_applicable_empty_family,0,,,,,,,,,stage18-scaling-24a9adb84176,2,148
149,s1-step3400-f17of20-d1of2,17,20,0.850,1,2,0.50,1,3400,False,fresh_execution,,,0,10,False,not_right_censored,sparsity_failure,requested_member_1_sparsity_failure,756,17,1,0,1,49244,,not_applicable_empty_family,0,,,,,,,,,stage18-scaling-24a9adb84176,2,149
150,s1-step3400-f17of20-d3of4,17,20,0.850,3,4,0.75,1,3400,False,fresh_execution,,,0,10,False,not_right_censored,sparsity_failure,requested_member_1_sparsity_failure,756,17,1,0,1,49244,,not_applicable_empty_family,0,,,,,,,,,stage18-scaling-24a9adb84176,2,150
151,s1-step3400-f9of10-d1of4,9,10,0.900,1,4,0.25,1,3400,False,fresh_execution,,,0,10,False,not_right_censored,sparsity_failure,requested_member_1_sparsity_failure,1208,13,1,0,1,48792,,not_applicable_empty_family,0,,,,,,,,,stage18-scaling-24a9adb84176,2,151
152,s1-step3400-f9of10-d1of2,9,10,0.900,1,2,0.50,1,3400,False,fresh_execution,,,0,10,False,not_right_censored,sparsity_failure,requested_member_1_sparsity_failure,1208,13,1,0,1,48792,,not_applicable_empty_family,0,,,,,,,,,stage18-scaling-24a9adb84176,2,152
153,s1-step3400-f9of10-d3of4,9,10,0.900,3,4,0.75,1,3400,False,fresh_execution,,,0,10,False,not_right_censored,sparsity_failure,requested_member_1_sparsity_failure,1208,13,1,0,1,48792,,not_applicable_empty_family,0,,,,,,,,,stage18-scaling-24a9adb84176,2,153
154,s1-step3400-f19of20-d1of4,19,20,0.950,1,4,0.25,1,3400,False,fresh_execution,,,0,10,False,not_right_censored,sparsity_failure,requested_member_1_sparsity_failure,799,6,1,0,1,49201,,not_applicable_empty_family,0,,,,,,,,,stage18-scaling-24a9adb84176,2,154
155,s1-step3400-f19of20-d1of2,19,20,0.950,1,2,0.50,1,3400,False,fresh_execution,,,0,10,False,not_right_censored,sparsity_failure,requested_member_1_sparsity_failure,799,6,1,0,1,49201,,not_applicable_empty_family,0,,,,,,,,,stage18-scaling-24a9adb84176,2,155
156,s1-step3400-f19of20-d3of4,19,20,0.950,3,4,0.75,1,3400,False,fresh_execution,,,0,10,False,not_right_censored,sparsity_failure,requested_member_1_sparsity_failure,799,6,1,0,1,49201,,not_applicable_empty_family,0,,,,,,,,,stage18-scaling-24a9adb84176,2,156
157,s1-step3400-f39of40-d1of4,39,40,0.975,1,4,0.25,1,3400,False,fresh_execution,,,0,10,False,not_right_censored,sparsity_failure,requested_member_1_sparsity_failure,531,2,1,0,1,49469,,not_applicable_empty_family,0,,,,,,,,,stage18-scaling-24a9adb84176,2,157
158,s1-step3400-f39of40-d1of2,39,40,0.975,1,2,0.50,1,3400,False,fresh_execution,,,0,10,False,not_right_censored,sparsity_failure,requested_member_1_sparsity_failure,531,2,1,0,1,49469,,not_applicable_empty_family,0,,,,,,,,,stage18-scaling-24a9adb84176,2,158
159,s1-step3400-f39of40-d3of4,39,40,0.975,3,4,0.75,1,3400,False,fresh_execution,,,0,10,False,not_right_censored,sparsity_failure,requested_member_1_sparsity_failure,531,2,1,0,1,49469,,not_applicable_empty_family,0,,,,,,,,,stage18-scaling-24a9adb84176,2,159
160,s1-step3400-f99of100-d1of4,99,100,0.990,1,4,0.25,1,3400,False,fresh_execution,,,0,10,False,not_right_censored,sparsity_failure,requested_member_1_sparsity_failure,755,2,1,0,1,49245,,not_applicable_empty_family,0,,,,,,,,,stage18-scaling-24a9adb84176,2,160
161,s1-step3400-f99of100-d1of2,99,100,0.990,1,2,0.50,1,3400,True,fresh_execution,,,0,10,False,not_right_censored,sparsity_failure,requested_member_1_sparsity_failure,755,2,1,0,1,49245,,not_applicable_empty_family,0,,,,,,,,,stage18-scaling-24a9adb84176,2,161
162,s1-step3400-f99of100-d3of4,99,100,0.990,3,4,0.75,1,3400,False,fresh_execution,,,0,10,False,not_right_censored,sparsity_failure,requested_member_1_sparsity_failure,755,2,1,0,1,49245,,not_applicable_empty_family,0,,,,,,,,,stage18-scaling-24a9adb84176,2,162
163,s1-step7450-f4of5-d1of4,4,5,0.800,1,4,0.25,1,7450,False,fresh_execution,,,0,10,False,not_right_censored,sparsity_failure,requested_member_1_sparsity_failure,1808,53,1,0,1,48192,,not_applicable_empty_family,0,,,,,,,,,stage18-scaling-24a9adb84176,3,163
164,s1-step7450-f4of5-d1of2,4,5,0.800,1,2,0.50,1,7450,False,fresh_execution,,,0,10,False,not_right_censored,sparsity_failure,requested_member_1_sparsity_failure,1808,53,1,0,1,48192,,not_applicable_empty_family,0,,,,,,,,,stage18-scaling-24a9adb84176,3,164
165,s1-step7450-f4of5-d3of4,4,5,0.800,3,4,0.75,1,7450,False,fresh_execution,,,0,10,False,not_right_censored,sparsity_failure,requested_member_1_sparsity_failure,1808,53,1,0,1,48192,,not_applicable_empty_family,0,,,,,,,,,stage18-scaling-24a9adb84176,3,165
166,s1-step7450-f17of20-d1of4,17,20,0.850,1,4,0.25,1,7450,False,fresh_execution,,,0,10,False,not_right_censored,sparsity_failure,requested_member_1_sparsity_failure,1347,34,1,0,1,48653,,not_applicable_empty_family,0,,,,,,,,,stage18-scaling-24a9adb84176,3,166
167,s1-step7450-f17of20-d1of2,17,20,0.850,1,2,0.50,1,7450,False,fresh_execution,,,0,10,False,not_right_censored,sparsity_failure,requested_member_1_sparsity_failure,1347,34,1,0,1,48653,,not_applicable_empty_family,0,,,,,,,,,stage18-scaling-24a9adb84176,3,167
168,s1-step7450-f17of20-d3of4,17,20,0.850,3,4,0.75,1,7450,False,fresh_execution,,,0,10,False,not_right_censored,sparsity_failure,requested_member_1_sparsity_failure,1347,34,1,0,1,48653,,not_applicable_empty_family,0,,,,,,,,,stage18-scaling-24a9adb84176,3,168
169,s1-step7450-f9of10-d1of4,9,10,0.900,1,4,0.25,1,7450,False,fresh_execution,,,0,10,False,not_right_censored,sparsity_failure,requested_member_1_sparsity_failure,1503,22,1,0,1,48497,,not_applicable_empty_family,0,,,,,,,,,stage18-scaling-24a9adb84176,3,169
170,s1-step7450-f9of10-d1of2,9,10,0.900,1,2,0.50,1,7450,False,fresh_execution,,,0,10,False,not_right_censored,sparsity_failure,requested_member_1_sparsity_failure,1503,22,1,0,1,48497,,not_applicable_empty_family,0,,,,,,,,,stage18-scaling-24a9adb84176,3,170
171,s1-step7450-f9of10-d3of4,9,10,0.900,3,4,0.75,1,7450,False,fresh_execution,,,0,10,False,not_right_censored,sparsity_failure,requested_member_1_sparsity_failure,1503,22,1,0,1,48497,,not_applicable_empty_family,0,,,,,,,,,stage18-scaling-24a9adb84176,3,171
172,s1-step7450-f19of20-d1of4,19,20,0.950,1,4,0.25,1,7450,False,fresh_execution,,,0,10,False,not_right_censored,sparsity_failure,requested_member_1_sparsity_failure,781,8,1,0,1,49219,,not_applicable_empty_family,0,,,,,,,,,stage18-scaling-24a9adb84176,3,172
173,s1-step7450-f19of20-d1of2,19,20,0.950,1,2,0.50,1,7450,False,fresh_execution,,,0,10,False,not_right_censored,sparsity_failure,requested_member_1_sparsity_failure,781,8,1,0,1,49219,,not_applicable_empty_family,0,,,,,,,,,stage18-scaling-24a9adb84176,3,173
174,s1-step7450-f19of20-d3of4,19,20,0.950,3,4,0.75,1,7450,False,fresh_execution,,,0,10,False,not_right_censored,sparsity_failure,requested_member_1_sparsity_failure,781,8,1,0,1,49219,,not_applicable_empty_family,0,,,,,,,,,stage18-scaling-24a9adb84176,3,174
175,s1-step7450-f39of40-d1of4,39,40,0.975,1,4,0.25,1,7450,False,fresh_execution,,,0,10,False,not_right_censored,sparsity_failure,requested_member_1_sparsity_failure,546,3,1,0,1,49454,,not_applicable_empty_family,0,,,,,,,,,stage18-scaling-24a9adb84176,3,175
176,s1-step7450-f39of40-d1of2,39,40,0.975,1,2,0.50,1,7450,False,fresh_execution,,,0,10,False,not_right_censored,sparsity_failure,requested_member_1_sparsity_failure,546,3,1,0,1,49454,,not_applicable_empty_family,0,,,,,,,,,stage18-scaling-24a9adb84176,3,176
177,s1-step7450-f39of40-d3of4,39,40,0.975,3,4,0.75,1,7450,False,fresh_execution,,,0,10,False,not_right_censored,sparsity_failure,requested_member_1_sparsity_failure,546,3,1,0,1,49454,,not_applicable_empty_family,0,,,,,,,,,stage18-scaling-24a9adb84176,3,177
178,s1-step7450-f99of100-d1of4,99,100,0.990,1,4,0.25,1,7450,False,fresh_execution,,,0,10,False,not_right_censored,sparsity_failure,requested_member_1_sparsity_failure,579,2,1,0,1,49421,,not_applicable_empty_family,0,,,,,,,,,stage18-scaling-24a9adb84176,3,178
179,s1-step7450-f99of100-d1of2,99,100,0.990,1,2,0.50,1,7450,True,fresh_execution,,,0,10,False,not_right_censored,sparsity_failure,requested_member_1_sparsity_failure,579,2,1,0,1,49421,,not_applicable_empty_family,0,,,,,,,,,stage18-scaling-24a9adb84176,3,179
180,s1-step7450-f99of100-d3of4,99,100,0.990,3,4,0.75,1,7450,False,fresh_execution,,,0,10,False,not_right_censored,sparsity_failure,requested_member_1_sparsity_failure,579,2,1,0,1,49421,,not_applicable_empty_family,0,,,,,,,,,stage18-scaling-24a9adb84176,3,180
181,s1-step8150-f4of5-d1of4,4,5,0.800,1,4,0.25,1,8150,False,fresh_execution,,,0,10,False,not_right_censored,sparsity_failure,requested_member_1_sparsity_failure,5087,134,1,0,1,44913,,not_applicable_empty_family,0,,,,,,,,,stage18-scaling-24a9adb84176,4,181
182,s1-step8150-f4of5-d1of2,4,5,0.800,1,2,0.50,1,8150,False,fresh_execution,,,0,10,False,not_right_censored,sparsity_failure,requested_member_1_sparsity_failure,5087,134,1,0,1,44913,,not_applicable_empty_family,0,,,,,,,,,stage18-scaling-24a9adb84176,4,182
183,s1-step8150-f4of5-d3of4,4,5,0.800,3,4,0.75,1,8150,False,fresh_execution,,,0,10,False,not_right_censored,sparsity_failure,requested_member_1_sparsity_failure,5087,134,1,0,1,44913,,not_applicable_empty_family,0,,,,,,,,,stage18-scaling-24a9adb84176,4,183
184,s1-step8150-f17of20-d1of4,17,20,0.850,1,4,0.25,1,8150,False,fresh_execution,,,0,10,False,not_right_censored,sparsity_failure,requested_member_1_sparsity_failure,4788,97,1,0,1,45212,,not_applicable_empty_family,0,,,,,,,,,stage18-scaling-24a9adb84176,4,184
185,s1-step8150-f17of20-d1of2,17,20,0.850,1,2,0.50,1,8150,False,fresh_execution,,,0,10,False,not_right_censored,sparsity_failure,requested_member_1_sparsity_failure,4788,97,1,0,1,45212,,not_applicable_empty_family,0,,,,,,,,,stage18-scaling-24a9adb84176,4,185
186,s1-step8150-f17of20-d3of4,17,20,0.850,3,4,0.75,1,8150,False,fresh_execution,,,0,10,False,not_right_censored,sparsity_failure,requested_member_1_sparsity_failure,4788,97,1,0,1,45212,,not_applicable_empty_family,0,,,,,,,,,stage18-scaling-24a9adb84176,4,186
187,s1-step8150-f9of10-d1of4,9,10,0.900,1,4,0.25,1,8150,False,fresh_execution,,,0,10,False,not_right_censored,sparsity_failure,requested_member_1_sparsity_failure,2713,44,1,0,1,47287,,not_applicable_empty_family,0,,,,,,,,,stage18-scaling-24a9adb84176,4,187
188,s1-step8150-f9of10-d1of2,9,10,0.900,1,2,0.50,1,8150,False,fresh_execution,,,0,10,False,not_right_censored,sparsity_failure,requested_member_1_sparsity_failure,2713,44,1,0,1,47287,,not_applicable_empty_family,0,,,,,,,,,stage18-scaling-24a9adb84176,4,188
189,s1-step8150-f9of10-d3of4,9,10,0.900,3,4,0.75,1,8150,False,fresh_execution,,,0,10,False,not_right_censored,sparsity_failure,requested_member_1_sparsity_failure,2713,44,1,0,1,47287,,not_applicable_empty_family,0,,,,,,,,,stage18-scaling-24a9adb84176,4,189
190,s1-step8150-f19of20-d1of4,19,20,0.950,1,4,0.25,1,8150,False,fresh_execution,,,0,10,False,not_right_censored,sparsity_failure,requested_member_1_sparsity_failure,1523,18,1,0,1,48477,,not_applicable_empty_family,0,,,,,,,,,stage18-scaling-24a9adb84176,4,190
191,s1-step8150-f19of20-d1of2,19,20,0.950,1,2,0.50,1,8150,False,fresh_execution,,,0,10,False,not_right_censored,sparsity_failure,requested_member_1_sparsity_failure,1523,18,1,0,1,48477,,not_applicable_empty_family,0,,,,,,,,,stage18-scaling-24a9adb84176,4,191
192,s1-step8150-f19of20-d3of4,19,20,0.950,3,4,0.75,1,8150,False,fresh_execution,,,0,10,False,not_right_censored,sparsity_failure,requested_member_1_sparsity_failure,1523,18,1,0,1,48477,,not_applicable_empty_family,0,,,,,,,,,stage18-scaling-24a9adb84176,4,192
193,s1-step8150-f39of40-d1of4,39,40,0.975,1,4,0.25,1,8150,False,fresh_execution,,,0,10,False,not_right_censored,sparsity_failure,requested_member_1_sparsity_failure,592,5,1,0,1,49408,,not_applicable_empty_family,0,,,,,,,,,stage18-scaling-24a9adb84176,4,193
194,s1-step8150-f39of40-d1of2,39,40,0.975,1,2,0.50,1,8150,False,fresh_execution,,,0,10,False,not_right_censored,sparsity_failure,requested_member_1_sparsity_failure,592,5,1,0,1,49408,,not_applicable_empty_family,0,,,,,,,,,stage18-scaling-24a9adb84176,4,194
195,s1-step8150-f39of40-d3of4,39,40,0.975,3,4,0.75,1,8150,False,fresh_execution,,,0,10,False,not_right_censored,sparsity_failure,requested_member_1_sparsity_failure,592,5,1,0,1,49408,,not_applicable_empty_family,0,,,,,,,,,stage18-scaling-24a9adb84176,4,195
196,s1-step8150-f99of100-d1of4,99,100,0.990,1,4,0.25,1,8150,False,fresh_execution,,,0,10,False,not_right_censored,sparsity_failure,requested_member_1_sparsity_failure,754,3,1,0,1,49246,,not_applicable_empty_family,0,,,,,,,,,stage18-scaling-24a9adb84176,4,196
197,s1-step8150-f99of100-d1of2,99,100,0.990,1,2,0.50,1,8150,True,fresh_execution,,,0,10,False,not_right_censored,sparsity_failure,requested_member_1_sparsity_failure,754,3,1,0,1,49246,,not_applicable_empty_family,0,,,,,,,,,stage18-scaling-24a9adb84176,4,197
198,s1-step8150-f99of100-d3of4,99,100,0.990,3,4,0.75,1,8150,False,fresh_execution,,,0,10,False,not_right_censored,sparsity_failure,requested_member_1_sparsity_failure,754,3,1,0,1,49246,,not_applicable_empty_family,0,,,,,,,,,stage18-scaling-24a9adb84176,4,198
199,s1-step8500-f4of5-d1of4,4,5,0.800,1,4,0.25,1,8500,False,fresh_execution,,,1,10,False,not_right_censored,budget_exhaustion,requested_member_2_budget_exhaustion,15821,785,4,1,1,34179,1,complete,0,,,,,,,,,stage18-scaling-24a9adb84176,5,199
200,s1-step8500-f4of5-d1of2,4,5,0.800,1,2,0.50,1,8500,False,fresh_execution,,,1,10,False,not_right_censored,budget_exhaustion,requested_member_2_budget_exhaustion,15821,785,4,1,1,34179,1,complete,0,,,,,,,,,stage18-scaling-24a9adb84176,5,200
201,s1-step8500-f4of5-d3of4,4,5,0.800,3,4,0.75,1,8500,False,fresh_execution,,,1,10,False,not_right_censored,budget_exhaustion,requested_member_2_budget_exhaustion,15821,785,4,1,1,34179,1,complete,0,,,,,,,,,stage18-scaling-24a9adb84176,5,201
202,s1-step8500-f17of20-d1of4,17,20,0.850,1,4,0.25,1,8500,False,fresh_execution,,,0,10,False,not_right_censored,sparsity_failure,requested_member_1_sparsity_failure,5543,238,1,0,1,44457,,not_applicable_empty_family,0,,,,,,,,,stage18-scaling-24a9adb84176,5,202
203,s1-step8500-f17of20-d1of2,17,20,0.850,1,2,0.50,1,8500,False,fresh_execution,,,0,10,False,not_right_censored,sparsity_failure,requested_member_1_sparsity_failure,5543,238,1,0,1,44457,,not_applicable_empty_family,0,,,,,,,,,stage18-scaling-24a9adb84176,5,203
204,s1-step8500-f17of20-d3of4,17,20,0.850,3,4,0.75,1,8500,False,fresh_execution,,,0,10,False,not_right_censored,sparsity_failure,requested_member_1_sparsity_failure,5543,238,1,0,1,44457,,not_applicable_empty_family,0,,,,,,,,,stage18-scaling-24a9adb84176,5,204
205,s1-step8500-f9of10-d1of4,9,10,0.900,1,4,0.25,1,8500,False,fresh_execution,,,0,10,False,not_right_censored,sparsity_failure,requested_member_1_sparsity_failure,4167,158,1,0,1,45833,,not_applicable_empty_family,0,,,,,,,,,stage18-scaling-24a9adb84176,5,205
206,s1-step8500-f9of10-d1of2,9,10,0.900,1,2,0.50,1,8500,False,fresh_execution,,,0,10,False,not_right_censored,sparsity_failure,requested_member_1_sparsity_failure,4167,158,1,0,1,45833,,not_applicable_empty_family,0,,,,,,,,,stage18-scaling-24a9adb84176,5,206
207,s1-step8500-f9of10-d3of4,9,10,0.900,3,4,0.75,1,8500,False,fresh_execution,,,0,10,False,not_right_censored,sparsity_failure,requested_member_1_sparsity_failure,4167,158,1,0,1,45833,,not_applicable_empty_family,0,,,,,,,,,stage18-scaling-24a9adb84176,5,207
208,s1-step8500-f19of20-d1of4,19,20,0.950,1,4,0.25,1,8500,False,fresh_execution,,,0,10,False,not_right_censored,sparsity_failure,requested_member_1_sparsity_failure,2601,60,1,0,1,47399,,not_applicable_empty_family,0,,,,,,,,,stage18-scaling-24a9adb84176,5,208
209,s1-step8500-f19of20-d1of2,19,20,0.950,1,2,0.50,1,8500,False,fresh_execution,,,0,10,False,not_right_censored,sparsity_failure,requested_member_1_sparsity_failure,2601,60,1,0,1,47399,,not_applicable_empty_family,0,,,,,,,,,stage18-scaling-24a9adb84176,5,209
210,s1-step8500-f19of20-d3of4,19,20,0.950,3,4,0.75,1,8500,False,fresh_execution,,,0,10,False,not_right_censored,sparsity_failure,requested_member_1_sparsity_failure,2601,60,1,0,1,47399,,not_applicable_empty_family,0,,,,,,,,,stage18-scaling-24a9adb84176,5,210
211,s1-step8500-f39of40-d1of4,39,40,0.975,1,4,0.25,1,8500,False,fresh_execution,,,0,10,False,not_right_censored,sparsity_failure,requested_member_1_sparsity_failure,1455,22,1,0,1,48545,,not_applicable_empty_family,0,,,,,,,,,stage18-scaling-24a9adb84176,5,211
212,s1-step8500-f39of40-d1of2,39,40,0.975,1,2,0.50,1,8500,False,fresh_execution,,,0,10,False,not_right_censored,sparsity_failure,requested_member_1_sparsity_failure,1455,22,1,0,1,48545,,not_applicable_empty_family,0,,,,,,,,,stage18-scaling-24a9adb84176,5,212
213,s1-step8500-f39of40-d3of4,39,40,0.975,3,4,0.75,1,8500,False,fresh_execution,,,0,10,False,not_right_censored,sparsity_failure,requested_member_1_sparsity_failure,1455,22,1,0,1,48545,,not_applicable_empty_family,0,,,,,,,,,stage18-scaling-24a9adb84176,5,213
214,s1-step8500-f99of100-d1of4,99,100,0.990,1,4,0.25,1,8500,False,fresh_execution,,,0,10,False,not_right_censored,sparsity_failure,requested_member_1_sparsity_failure,687,6,1,0,1,49313,,not_applicable_empty_family,0,,,,,,,,,stage18-scaling-24a9adb84176,5,214
215,s1-step8500-f99of100-d1of2,99,100,0.990,1,2,0.50,1,8500,True,fresh_execution,,,0,10,False,not_right_censored,sparsity_failure,requested_member_1_sparsity_failure,687,6,1,0,1,49313,,not_applicable_empty_family,0,,,,,,,,,stage18-scaling-24a9adb84176,5,215
216,s1-step8500-f99of100-d3of4,99,100,0.990,3,4,0.75,1,8500,False,fresh_execution,,,0,10,False,not_right_censored,sparsity_failure,requested_member_1_sparsity_failure,687,6,1,0,1,49313,,not_applicable_empty_family,0,,,,,,,,,stage18-scaling-24a9adb84176,5,216
217,s1-step8650-f4of5-d1of4,4,5,0.800,1,4,0.25,1,8650,False,fresh_execution,,,3,10,False,not_right_censored,budget_exhaustion,requested_member_4_budget_exhaustion,28380,1661,5,3,1,21620,1,complete,3,0.11877394636015326,0.208955223880597,0.15816228314054587,0.14675767918088736,0.791044776119403,0.8812260536398467,0.8418377168594542,True,stage18-scaling-24a9adb84176,6,217
218,s1-step8650-f4of5-d1of2,4,5,0.800,1,2,0.50,1,8650,False,fresh_execution,,,8,10,False,not_right_censored,budget_exhaustion,requested_member_9_budget_exhaustion,50000,2928,9,8,1,0,1,complete,28,0.11877394636015326,0.3623853211009174,0.23439498981621185,0.2288472011235633,0.6376146788990826,0.8812260536398467,0.7656050101837881,True,stage18-scaling-24a9adb84176,6,218
219,s1-step8650-f4of5-d3of4,4,5,0.800,3,4,0.75,1,8650,False,fresh_execution,,,8,10,False,not_right_censored,budget_exhaustion,requested_member_9_budget_exhaustion,50000,2928,9,8,1,0,1,complete,28,0.11877394636015326,0.3623853211009174,0.23439498981621185,0.2288472011235633,0.6376146788990826,0.8812260536398467,0.7656050101837881,True,stage18-scaling-24a9adb84176,6,219
220,s1-step8650-f17of20-d1of4,17,20,0.850,1,4,0.25,1,8650,False,fresh_execution,,,2,10,False,not_right_censored,budget_exhaustion,requested_member_3_budget_exhaustion,21359,1194,4,2,1,28641,1,complete,1,0.07837837837837838,0.07837837837837838,0.07837837837837838,0.07837837837837838,0.9216216216216216,0.9216216216216216,0.9216216216216216,True,stage18-scaling-24a9adb84176,6,220
221,s1-step8650-f17of20-d1of2,17,20,0.850,1,2,0.50,1,8650,False,fresh_execution,,,8,10,False,not_right_censored,budget_exhaustion,requested_member_9_budget_exhaustion,50000,2732,9,8,1,0,1,complete,28,0.07837837837837838,0.3688212927756654,0.25738731502923284,0.2769626168224299,0.6311787072243347,0.9216216216216216,0.7426126849707672,True,stage18-scaling-24a9adb84176,6,221
222,s1-step8650-f17of20-d3of4,17,20,0.850,3,4,0.75,1,8650,False,fresh_execution,,,8,10,False,not_right_censored,budget_exhaustion,requested_member_9_budget_exhaustion,50000,2732,9,8,1,0,1,complete,28,0.07837837837837838,0.3688212927756654,0.25738731502923284,0.2769626168224299,0.6311787072243347,0.9216216216216216,0.7426126849707672,True,stage18-scaling-24a9adb84176,6,222
223,s1-step8650-f9of10-d1of4,9,10,0.900,1,4,0.25,1,8650,False,fresh_execution,,,2,10,False,not_right_censored,budget_exhaustion,requested_member_3_budget_exhaustion,21562,1052,4,2,1,28438,1,complete,1,0.11617312072892938,0.11617312072892938,0.11617312072892938,0.11617312072892938,0.8838268792710706,0.8838268792710706,0.8838268792710706,True,stage18-scaling-24a9adb84176,6,223
224,s1-step8650-f9of10-d1of2,9,10,0.900,1,2,0.50,1,8650,False,fresh_execution,,,8,10,False,not_right_censored,budget_exhaustion,requested_member_9_budget_exhaustion,50000,2318,9,8,1,0,1,complete,28,0.11617312072892938,0.43333333333333335,0.31510799132111506,0.3231780303030303,0.5666666666666667,0.8838268792710706,0.684892008678885,True,stage18-scaling-24a9adb84176,6,224
225,s1-step8650-f9of10-d3of4,9,10,0.900,3,4,0.75,1,8650,False,fresh_execution,,,8,10,False,not_right_censored,budget_exhaustion,requested_member_9_budget_exhaustion,50000,2318,9,8,1,0,1,complete,28,0.11617312072892938,0.43333333333333335,0.31510799132111506,0.3231780303030303,0.5666666666666667,0.8838268792710706,0.684892008678885,True,stage18-scaling-24a9adb84176,6,225
226,s1-step8650-f19of20-d1of4,19,20,0.950,1,4,0.25,1,8650,False,fresh_execution,,,0,10,False,not_right_censored,sparsity_failure,requested_member_1_sparsity_failure,4850,195,1,0,1,45150,,not_applicable_empty_family,0,,,,,,,,,stage18-scaling-24a9adb84176,6,226
227,s1-step8650-f19of20-d1of2,19,20,0.950,1,2,0.50,1,8650,False,fresh_execution,,,0,10,False,not_right_censored,sparsity_failure,requested_member_1_sparsity_failure,4850,195,1,0,1,45150,,not_applicable_empty_family,0,,,,,,,,,stage18-scaling-24a9adb84176,6,227
228,s1-step8650-f19of20-d3of4,19,20,0.950,3,4,0.75,1,8650,False,fresh_execution,,,0,10,False,not_right_censored,sparsity_failure,requested_member_1_sparsity_failure,4850,195,1,0,1,45150,,not_applicable_empty_family,0,,,,,,,,,stage18-scaling-24a9adb84176,6,228
229,s1-step8650-f39of40-d1of4,39,40,0.975,1,4,0.25,1,8650,False,fresh_execution,,,0,10,False,not_right_censored,sparsity_failure,requested_member_1_sparsity_failure,5071,118,1,0,1,44929,,not_applicable_empty_family,0,,,,,,,,,stage18-scaling-24a9adb84176,6,229
230,s1-step8650-f39of40-d1of2,39,40,0.975,1,2,0.50,1,8650,False,fresh_execution,,,0,10,False,not_right_censored,sparsity_failure,requested_member_1_sparsity_failure,5071,118,1,0,1,44929,,not_applicable_empty_family,0,,,,,,,,,stage18-scaling-24a9adb84176,6,230
231,s1-step8650-f39of40-d3of4,39,40,0.975,3,4,0.75,1,8650,False,fresh_execution,,,0,10,False,not_right_censored,sparsity_failure,requested_member_1_sparsity_failure,5071,118,1,0,1,44929,,not_applicable_empty_family,0,,,,,,,,,stage18-scaling-24a9adb84176,6,231
232,s1-step8650-f99of100-d1of4,99,100,0.990,1,4,0.25,1,8650,False,fresh_execution,,,0,10,False,not_right_censored,sparsity_failure,requested_member_1_sparsity_failure,1549,24,1,0,1,48451,,not_applicable_empty_family,0,,,,,,,,,stage18-scaling-24a9adb84176,6,232
233,s1-step8650-f99of100-d1of2,99,100,0.990,1,2,0.50,1,8650,True,fresh_execution,,,0,10,False,not_right_censored,sparsity_failure,requested_member_1_sparsity_failure,1549,24,1,0,1,48451,,not_applicable_empty_family,0,,,,,,,,,stage18-scaling-24a9adb84176,6,233
234,s1-step8650-f99of100-d3of4,99,100,0.990,3,4,0.75,1,8650,False,fresh_execution,,,0,10,False,not_right_censored,sparsity_failure,requested_member_1_sparsity_failure,1549,24,1,0,1,48451,,not_applicable_empty_family,0,,,,,,,,,stage18-scaling-24a9adb84176,6,234
1,s1-step9050-f4of5-d1of4,4,5,0.800,1,4,0.25,1,9050,False,fresh_execution,,,3,10,False,not_right_censored,budget_exhaustion,requested_member_4_budget_exhaustion,31782,1956,5,3,1,18218,2,complete,3,0.11940298507462686,0.2,0.15751871274259333,0.15315315315315314,0.8,0.8805970149253731,0.8424812872574067,True,stage18-scaling-24a9adb84176,7,235
2,s1-step9050-f4of5-d1of2,4,5,0.800,1,2,0.50,1,9050,False,fresh_execution,,,6,10,False,not_right_censored,budget_exhaustion,requested_member_7_budget_exhaustion,50000,3086,7,6,1,0,2,complete,15,0.11940298507462686,0.2980769230769231,0.21256592383208106,0.2,0.7019230769230769,0.8805970149253731,0.7874340761679189,True,stage18-scaling-24a9adb84176,7,236
3,s1-step9050-f4of5-d3of4,4,5,0.800,3,4,0.75,1,9050,False,fresh_execution,,,6,10,False,not_right_censored,budget_exhaustion,requested_member_7_budget_exhaustion,50000,3086,7,6,1,0,2,complete,15,0.11940298507462686,0.2980769230769231,0.21256592383208106,0.2,0.7019230769230769,0.8805970149253731,0.7874340761679189,True,stage18-scaling-24a9adb84176,7,237
4,s1-step9050-f17of20-d1of4,17,20,0.850,1,4,0.25,1,9050,False,fresh_execution,,,2,10,False,not_right_censored,budget_exhaustion,requested_member_3_budget_exhaustion,24255,1493,4,2,1,25745,1,complete,1,0.14388489208633093,0.14388489208633093,0.14388489208633093,0.14388489208633093,0.8561151079136691,0.8561151079136691,0.8561151079136691,True,stage18-scaling-24a9adb84176,7,238
5,s1-step9050-f17of20-d1of2,17,20,0.850,1,2,0.50,1,9050,False,fresh_execution,,,6,10,False,not_right_censored,budget_exhaustion,requested_member_7_budget_exhaustion,50000,3087,7,6,1,0,2,complete,15,0.14388489208633093,0.30701754385964913,0.22593797731792606,0.23214285714285715,0.6929824561403508,0.8561151079136691,0.7740620226820739,True,stage18-scaling-24a9adb84176,7,239
6,s1-step9050-f17of20-d3of4,17,20,0.850,3,4,0.75,1,9050,False,fresh_execution,,,6,10,False,not_right_censored,budget_exhaustion,requested_member_7_budget_exhaustion,50000,3087,7,6,1,0,2,complete,15,0.14388489208633093,0.30701754385964913,0.22593797731792606,0.23214285714285715,0.6929824561403508,0.8561151079136691,0.7740620226820739,True,stage18-scaling-24a9adb84176,7,240
7,s1-step9050-f9of10-d1of4,9,10,0.900,1,4,0.25,1,9050,False,fresh_execution,,,3,10,False,not_right_censored,budget_exhaustion,requested_member_4_budget_exhaustion,30645,1891,5,3,1,19355,1,complete,3,0.1016949152542373,0.18633540372670807,0.1462384168292649,0.1506849315068493,0.8136645962732919,0.8983050847457628,0.8537615831707351,True,stage18-scaling-24a9adb84176,7,241
8,s1-step9050-f9of10-d1of2,9,10,0.900,1,2,0.50,1,9050,False,fresh_execution,,,7,10,False,not_right_censored,budget_exhaustion,requested_member_8_budget_exhaustion,50000,3075,8,7,1,0,1,complete,21,0.1016949152542373,0.291044776119403,0.20485124468206406,0.2,0.708955223880597,0.8983050847457628,0.7951487553179359,True,stage18-scaling-24a9adb84176,7,242
9,s1-step9050-f9of10-d3of4,9,10,0.900,3,4,0.75,1,9050,False,fresh_execution,,,7,10,False,not_right_censored,budget_exhaustion,requested_member_8_budget_exhaustion,50000,3075,8,7,1,0,1,complete,21,0.1016949152542373,0.291044776119403,0.20485124468206406,0.2,0.708955223880597,0.8983050847457628,0.7951487553179359,True,stage18-scaling-24a9adb84176,7,243
10,s1-step9050-f19of20-d1of4,19,20,0.950,1,4,0.25,1,9050,False,fresh_execution,,,4,10,False,not_right_censored,budget_exhaustion,requested_member_5_budget_exhaustion,37172,2264,6,4,1,12828,1,complete,6,0.11518324607329843,0.21951219512195122,0.1587452548492027,0.15713197195976836,0.7804878048780488,0.8848167539267016,0.8412547451507973,True,stage18-scaling-24a9adb84176,7,244
11,s1-step9050-f19of20-d1of2,19,20,0.950,1,2,0.50,1,9050,False,fresh_execution,,,7,10,False,not_right_censored,budget_exhaustion,requested_member_8_budget_exhaustion,50000,3047,8,7,1,0,1,complete,21,0.11518324607329843,0.3096774193548387,0.19828342578597669,0.18354430379746836,0.6903225806451613,0.8848167539267016,0.8017165742140233,True,stage18-scaling-24a9adb84176,7,245
12,s1-step9050-f19of20-d3of4,19,20,0.950,3,4,0.75,1,9050,False,fresh_execution,,,7,10,False,not_right_censored,budget_exhaustion,requested_member_8_budget_exhaustion,50000,3047,8,7,1,0,1,complete,21,0.11518324607329843,0.3096774193548387,0.19828342578597669,0.18354430379746836,0.6903225806451613,0.8848167539267016,0.8017165742140233,True,stage18-scaling-24a9adb84176,7,246
13,s1-step9050-f39of40-d1of4,39,40,0.975,1,4,0.25,1,9050,False,fresh_execution,,,4,10,False,not_right_censored,budget_exhaustion,requested_member_5_budget_exhaustion,35670,2114,6,4,1,14330,1,complete,6,0.10176991150442478,0.19658119658119658,0.15576385155713443,0.1650022544713682,0.8034188034188035,0.8982300884955752,0.8442361484428655,True,stage18-scaling-24a9adb84176,7,247
14,s1-step9050-f39of40-d1of2,39,40,0.975,1,2,0.50,1,9050,False,fresh_execution,,,7,10,False,not_right_censored,budget_exhaustion,requested_member_8_budget_exhaustion,50000,2958,8,7,1,0,1,complete,21,0.10176991150442478,0.30412371134020616,0.19050101813135145,0.18930041152263374,0.6958762886597938,0.8982300884955752,0.8094989818686485,True,stage18-scaling-24a9adb84176,7,248
15,s1-step9050-f39of40-d3of4,39,40,0.975,3,4,0.75,1,9050,False,fresh_execution,,,7,10,False,not_right_censored,budget_exhaustion,requested_member_8_budget_exhaustion,50000,2958,8,7,1,0,1,complete,21,0.10176991150442478,0.30412371134020616,0.19050101813135145,0.18930041152263374,0.6958762886597938,0.8982300884955752,0.8094989818686485,True,stage18-scaling-24a9adb84176,7,249
16,s1-step9050-f99of100-d1of4,99,100,0.990,1,4,0.25,1,9050,False,reference_existing_result,12,stage12-diversity-s1-020ebf1b5814,3,10,False,not_right_censored,budget_exhaustion,requested_member_4_budget_exhaustion,28292,1647,5,3,1,21708,1,complete,3,0.0657439446366782,0.20149253731343283,0.12635952907108963,0.1118421052631579,0.7985074626865671,0.9342560553633218,0.8736404709289104,True,stage18-scaling-24a9adb84176,7,250
17,s1-step9050-f99of100-d1of2,99,100,0.990,1,2,0.50,1,9050,True,reference_existing_result,12,stage12-diversity-s1-020ebf1b5814,7,10,False,not_right_censored,budget_exhaustion,requested_member_8_budget_exhaustion,50000,2782,8,7,1,0,1,reference_verified,21,0.0657439446366782,0.3092369477911647,0.20530702957771274,0.22264150943396227,0.6907630522088353,0.9342560553633218,0.7946929704222873,True,stage18-scaling-24a9adb84176,7,251
18,s1-step9050-f99of100-d3of4,99,100,0.990,3,4,0.75,1,9050,False,reference_existing_result,12,stage12-diversity-s1-020ebf1b5814,7,10,False,not_right_censored,budget_exhaustion,requested_member_8_budget_exhaustion,50000,2782,8,7,1,0,1,complete,21,0.0657439446366782,0.3092369477911647,0.20530702957771274,0.22264150943396227,0.6907630522088353,0.9342560553633218,0.7946929704222873,True,stage18-scaling-24a9adb84176,7,252
253,s2-step200-f4of5-d1of4,4,5,0.800,1,4,0.25,2,200,False,fresh_execution,,,0,10,False,not_right_censored,sparsity_failure,requested_member_1_sparsity_failure,1934,23,1,0,1,48066,,not_applicable_empty_family,0,,,,,,,,,stage18-scaling-24a9adb84176,1,253
254,s2-step200-f4of5-d1of2,4,5,0.800,1,2,0.50,2,200,False,fresh_execution,,,0,10,False,not_right_censored,sparsity_failure,requested_member_1_sparsity_failure,1934,23,1,0,1,48066,,not_applicable_empty_family,0,,,,,,,,,stage18-scaling-24a9adb84176,1,254
255,s2-step200-f4of5-d3of4,4,5,0.800,3,4,0.75,2,200,False,fresh_execution,,,0,10,False,not_right_censored,sparsity_failure,requested_member_1_sparsity_failure,1934,23,1,0,1,48066,,not_applicable_empty_family,0,,,,,,,,,stage18-scaling-24a9adb84176,1,255
256,s2-step200-f17of20-d1of4,17,20,0.850,1,4,0.25,2,200,False,fresh_execution,,,0,10,False,not_right_censored,sparsity_failure,requested_member_1_sparsity_failure,1399,14,1,0,1,48601,,not_applicable_empty_family,0,,,,,,,,,stage18-scaling-24a9adb84176,1,256
257,s2-step200-f17of20-d1of2,17,20,0.850,1,2,0.50,2,200,False,fresh_execution,,,0,10,False,not_right_censored,sparsity_failure,requested_member_1_sparsity_failure,1399,14,1,0,1,48601,,not_applicable_empty_family,0,,,,,,,,,stage18-scaling-24a9adb84176,1,257
258,s2-step200-f17of20-d3of4,17,20,0.850,3,4,0.75,2,200,False,fresh_execution,,,0,10,False,not_right_censored,sparsity_failure,requested_member_1_sparsity_failure,1399,14,1,0,1,48601,,not_applicable_empty_family,0,,,,,,,,,stage18-scaling-24a9adb84176,1,258
259,s2-step200-f9of10-d1of4,9,10,0.900,1,4,0.25,2,200,False,fresh_execution,,,0,10,False,not_right_censored,sparsity_failure,requested_member_1_sparsity_failure,1547,10,1,0,1,48453,,not_applicable_empty_family,0,,,,,,,,,stage18-scaling-24a9adb84176,1,259
260,s2-step200-f9of10-d1of2,9,10,0.900,1,2,0.50,2,200,False,fresh_execution,,,0,10,False,not_right_censored,sparsity_failure,requested_member_1_sparsity_failure,1547,10,1,0,1,48453,,not_applicable_empty_family,0,,,,,,,,,stage18-scaling-24a9adb84176,1,260
261,s2-step200-f9of10-d3of4,9,10,0.900,3,4,0.75,2,200,False,fresh_execution,,,0,10,False,not_right_censored,sparsity_failure,requested_member_1_sparsity_failure,1547,10,1,0,1,48453,,not_applicable_empty_family,0,,,,,,,,,stage18-scaling-24a9adb84176,1,261
262,s2-step200-f19of20-d1of4,19,20,0.950,1,4,0.25,2,200,False,fresh_execution,,,0,10,False,not_right_censored,sparsity_failure,requested_member_1_sparsity_failure,1087,6,1,0,1,48913,,not_applicable_empty_family,0,,,,,,,,,stage18-scaling-24a9adb84176,1,262
263,s2-step200-f19of20-d1of2,19,20,0.950,1,2,0.50,2,200,False,fresh_execution,,,0,10,False,not_right_censored,sparsity_failure,requested_member_1_sparsity_failure,1087,6,1,0,1,48913,,not_applicable_empty_family,0,,,,,,,,,stage18-scaling-24a9adb84176,1,263
264,s2-step200-f19of20-d3of4,19,20,0.950,3,4,0.75,2,200,False,fresh_execution,,,0,10,False,not_right_censored,sparsity_failure,requested_member_1_sparsity_failure,1087,6,1,0,1,48913,,not_applicable_empty_family,0,,,,,,,,,stage18-scaling-24a9adb84176,1,264
265,s2-step200-f39of40-d1of4,39,40,0.975,1,4,0.25,2,200,False,fresh_execution,,,0,10,False,not_right_censored,sparsity_failure,requested_member_1_sparsity_failure,1040,5,1,0,1,48960,,not_applicable_empty_family,0,,,,,,,,,stage18-scaling-24a9adb84176,1,265
266,s2-step200-f39of40-d1of2,39,40,0.975,1,2,0.50,2,200,False,fresh_execution,,,0,10,False,not_right_censored,sparsity_failure,requested_member_1_sparsity_failure,1040,5,1,0,1,48960,,not_applicable_empty_family,0,,,,,,,,,stage18-scaling-24a9adb84176,1,266
267,s2-step200-f39of40-d3of4,39,40,0.975,3,4,0.75,2,200,False,fresh_execution,,,0,10,False,not_right_censored,sparsity_failure,requested_member_1_sparsity_failure,1040,5,1,0,1,48960,,not_applicable_empty_family,0,,,,,,,,,stage18-scaling-24a9adb84176,1,267
268,s2-step200-f99of100-d1of4,99,100,0.990,1,4,0.25,2,200,False,fresh_execution,,,0,10,False,not_right_censored,sparsity_failure,requested_member_1_sparsity_failure,977,4,1,0,1,49023,,not_applicable_empty_family,0,,,,,,,,,stage18-scaling-24a9adb84176,1,268
269,s2-step200-f99of100-d1of2,99,100,0.990,1,2,0.50,2,200,True,fresh_execution,,,0,10,False,not_right_censored,sparsity_failure,requested_member_1_sparsity_failure,977,4,1,0,1,49023,,not_applicable_empty_family,0,,,,,,,,,stage18-scaling-24a9adb84176,1,269
270,s2-step200-f99of100-d3of4,99,100,0.990,3,4,0.75,2,200,False,fresh_execution,,,0,10,False,not_right_censored,sparsity_failure,requested_member_1_sparsity_failure,977,4,1,0,1,49023,,not_applicable_empty_family,0,,,,,,,,,stage18-scaling-24a9adb84176,1,270
271,s2-step3400-f4of5-d1of4,4,5,0.800,1,4,0.25,2,3400,False,fresh_execution,,,0,10,False,not_right_censored,sparsity_failure,requested_member_1_sparsity_failure,1974,31,1,0,1,48026,,not_applicable_empty_family,0,,,,,,,,,stage18-scaling-24a9adb84176,2,271
272,s2-step3400-f4of5-d1of2,4,5,0.800,1,2,0.50,2,3400,False,fresh_execution,,,0,10,False,not_right_censored,sparsity_failure,requested_member_1_sparsity_failure,1974,31,1,0,1,48026,,not_applicable_empty_family,0,,,,,,,,,stage18-scaling-24a9adb84176,2,272
273,s2-step3400-f4of5-d3of4,4,5,0.800,3,4,0.75,2,3400,False,fresh_execution,,,0,10,False,not_right_censored,sparsity_failure,requested_member_1_sparsity_failure,1974,31,1,0,1,48026,,not_applicable_empty_family,0,,,,,,,,,stage18-scaling-24a9adb84176,2,273
274,s2-step3400-f17of20-d1of4,17,20,0.850,1,4,0.25,2,3400,False,fresh_execution,,,0,10,False,not_right_censored,sparsity_failure,requested_member_1_sparsity_failure,869,16,1,0,1,49131,,not_applicable_empty_family,0,,,,,,,,,stage18-scaling-24a9adb84176,2,274
275,s2-step3400-f17of20-d1of2,17,20,0.850,1,2,0.50,2,3400,False,fresh_execution,,,0,10,False,not_right_censored,sparsity_failure,requested_member_1_sparsity_failure,869,16,1,0,1,49131,,not_applicable_empty_family,0,,,,,,,,,stage18-scaling-24a9adb84176,2,275
276,s2-step3400-f17of20-d3of4,17,20,0.850,3,4,0.75,2,3400,False,fresh_execution,,,0,10,False,not_right_censored,sparsity_failure,requested_member_1_sparsity_failure,869,16,1,0,1,49131,,not_applicable_empty_family,0,,,,,,,,,stage18-scaling-24a9adb84176,2,276
277,s2-step3400-f9of10-d1of4,9,10,0.900,1,4,0.25,2,3400,False,fresh_execution,,,0,10,False,not_right_censored,sparsity_failure,requested_member_1_sparsity_failure,606,7,1,0,1,49394,,not_applicable_empty_family,0,,,,,,,,,stage18-scaling-24a9adb84176,2,277
278,s2-step3400-f9of10-d1of2,9,10,0.900,1,2,0.50,2,3400,False,fresh_execution,,,0,10,False,not_right_censored,sparsity_failure,requested_member_1_sparsity_failure,606,7,1,0,1,49394,,not_applicable_empty_family,0,,,,,,,,,stage18-scaling-24a9adb84176,2,278
279,s2-step3400-f9of10-d3of4,9,10,0.900,3,4,0.75,2,3400,False,fresh_execution,,,0,10,False,not_right_censored,sparsity_failure,requested_member_1_sparsity_failure,606,7,1,0,1,49394,,not_applicable_empty_family,0,,,,,,,,,stage18-scaling-24a9adb84176,2,279
280,s2-step3400-f19of20-d1of4,19,20,0.950,1,4,0.25,2,3400,False,fresh_execution,,,0,10,False,not_right_censored,sparsity_failure,requested_member_1_sparsity_failure,546,3,1,0,1,49454,,not_applicable_empty_family,0,,,,,,,,,stage18-scaling-24a9adb84176,2,280
281,s2-step3400-f19of20-d1of2,19,20,0.950,1,2,0.50,2,3400,False,fresh_execution,,,0,10,False,not_right_censored,sparsity_failure,requested_member_1_sparsity_failure,546,3,1,0,1,49454,,not_applicable_empty_family,0,,,,,,,,,stage18-scaling-24a9adb84176,2,281
282,s2-step3400-f19of20-d3of4,19,20,0.950,3,4,0.75,2,3400,False,fresh_execution,,,0,10,False,not_right_censored,sparsity_failure,requested_member_1_sparsity_failure,546,3,1,0,1,49454,,not_applicable_empty_family,0,,,,,,,,,stage18-scaling-24a9adb84176,2,282
283,s2-step3400-f39of40-d1of4,39,40,0.975,1,4,0.25,2,3400,False,fresh_execution,,,0,10,False,not_right_censored,sparsity_failure,requested_member_1_sparsity_failure,547,2,1,0,1,49453,,not_applicable_empty_family,0,,,,,,,,,stage18-scaling-24a9adb84176,2,283
284,s2-step3400-f39of40-d1of2,39,40,0.975,1,2,0.50,2,3400,False,fresh_execution,,,0,10,False,not_right_censored,sparsity_failure,requested_member_1_sparsity_failure,547,2,1,0,1,49453,,not_applicable_empty_family,0,,,,,,,,,stage18-scaling-24a9adb84176,2,284
285,s2-step3400-f39of40-d3of4,39,40,0.975,3,4,0.75,2,3400,False,fresh_execution,,,0,10,False,not_right_censored,sparsity_failure,requested_member_1_sparsity_failure,547,2,1,0,1,49453,,not_applicable_empty_family,0,,,,,,,,,stage18-scaling-24a9adb84176,2,285
286,s2-step3400-f99of100-d1of4,99,100,0.990,1,4,0.25,2,3400,False,fresh_execution,,,0,10,False,not_right_censored,sparsity_failure,requested_member_1_sparsity_failure,723,2,1,0,1,49277,,not_applicable_empty_family,0,,,,,,,,,stage18-scaling-24a9adb84176,2,286
287,s2-step3400-f99of100-d1of2,99,100,0.990,1,2,0.50,2,3400,True,fresh_execution,,,0,10,False,not_right_censored,sparsity_failure,requested_member_1_sparsity_failure,723,2,1,0,1,49277,,not_applicable_empty_family,0,,,,,,,,,stage18-scaling-24a9adb84176,2,287
288,s2-step3400-f99of100-d3of4,99,100,0.990,3,4,0.75,2,3400,False,fresh_execution,,,0,10,False,not_right_censored,sparsity_failure,requested_member_1_sparsity_failure,723,2,1,0,1,49277,,not_applicable_empty_family,0,,,,,,,,,stage18-scaling-24a9adb84176,2,288
289,s2-step7450-f4of5-d1of4,4,5,0.800,1,4,0.25,2,7450,False,fresh_execution,,,3,10,False,not_right_censored,budget_exhaustion,requested_member_4_budget_exhaustion,30603,1882,5,3,1,19397,1,complete,3,0.143646408839779,0.2052980132450331,0.17370995084946275,0.17218543046357615,0.794701986754967,0.856353591160221,0.8262900491505373,True,stage18-scaling-24a9adb84176,3,289
290,s2-step7450-f4of5-d1of2,4,5,0.800,1,2,0.50,2,7450,False,fresh_execution,,,7,10,False,not_right_censored,budget_exhaustion,requested_member_8_budget_exhaustion,50000,3070,8,7,1,0,1,complete,21,0.143646408839779,0.3333333333333333,0.2260073011112684,0.21301775147928995,0.6666666666666667,0.856353591160221,0.7739926988887316,True,stage18-scaling-24a9adb84176,3,290
291,s2-step7450-f4of5-d3of4,4,5,0.800,3,4,0.75,2,7450,False,fresh_execution,,,7,10,False,not_right_censored,budget_exhaustion,requested_member_8_budget_exhaustion,50000,3070,8,7,1,0,1,complete,21,0.143646408839779,0.3333333333333333,0.2260073011112684,0.21301775147928995,0.6666666666666667,0.856353591160221,0.7739926988887316,True,stage18-scaling-24a9adb84176,3,291
292,s2-step7450-f17of20-d1of4,17,20,0.850,1,4,0.25,2,7450,False,fresh_execution,,,3,10,False,not_right_censored,budget_exhaustion,requested_member_4_budget_exhaustion,30168,1848,5,3,1,19832,1,complete,3,0.12307692307692308,0.19760479041916168,0.15962460129718833,0.15819209039548024,0.8023952095808383,0.8769230769230769,0.8403753987028116,True,stage18-scaling-24a9adb84176,3,292
293,s2-step7450-f17of20-d1of2,17,20,0.850,1,2,0.50,2,7450,False,fresh_execution,,,7,10,False,not_right_censored,budget_exhaustion,requested_member_8_budget_exhaustion,50000,3060,8,7,1,0,1,complete,21,0.12307692307692308,0.3724137931034483,0.22336760829207006,0.2111111111111111,0.6275862068965516,0.8769230769230769,0.77663239170793,True,stage18-scaling-24a9adb84176,3,293
294,s2-step7450-f17of20-d3of4,17,20,0.850,3,4,0.75,2,7450,False,fresh_execution,,,7,10,False,not_right_censored,budget_exhaustion,requested_member_8_budget_exhaustion,50000,3060,8,7,1,0,1,complete,21,0.12307692307692308,0.3724137931034483,0.22336760829207006,0.2111111111111111,0.6275862068965516,0.8769230769230769,0.77663239170793,True,stage18-scaling-24a9adb84176,3,294
295,s2-step7450-f9of10-d1of4,9,10,0.900,1,4,0.25,2,7450,False,fresh_execution,,,3,10,False,not_right_censored,budget_exhaustion,requested_member_4_budget_exhaustion,29104,1781,5,3,1,20896,1,complete,3,0.14418604651162792,0.20187793427230047,0.17262338272826983,0.17180616740088106,0.7981220657276995,0.8558139534883721,0.8273766172717302,True,stage18-scaling-24a9adb84176,3,295
296,s2-step7450-f9of10-d1of2,9,10,0.900,1,2,0.50,2,7450,False,fresh_execution,,,7,10,False,not_right_censored,budget_exhaustion,requested_member_8_budget_exhaustion,50000,3036,8,7,1,0,1,complete,21,0.14418604651162792,0.33152173913043476,0.2299526549412677,0.23786407766990292,0.6684782608695652,0.8558139534883721,0.7700473450587323,True,stage18-scaling-24a9adb84176,3,296
297,s2-step7450-f9of10-d3of4,9,10,0.900,3,4,0.75,2,7450,False,fresh_execution,,,7,10,False,not_right_censored,budget_exhaustion,requested_member_8_budget_exhaustion,50000,3036,8,7,1,0,1,complete,21,0.14418604651162792,0.33152173913043476,0.2299526549412677,0.23786407766990292,0.6684782608695652,0.8558139534883721,0.7700473450587323,True,stage18-scaling-24a9adb84176,3,297
298,s2-step7450-f19of20-d1of4,19,20,0.950,1,4,0.25,2,7450,False,fresh_execution,,,3,10,False,not_right_censored,budget_exhaustion,requested_member_4_budget_exhaustion,28175,1608,5,3,1,21825,1,complete,3,0.10410094637223975,0.23943661971830985,0.1633724568836034,0.1465798045602606,0.7605633802816901,0.8958990536277602,0.8366275431163965,True,stage18-scaling-24a9adb84176,3,298
299,s2-step7450-f19of20-d1of2,19,20,0.950,1,2,0.50,2,7450,False,fresh_execution,,,8,10,False,not_right_censored,budget_exhaustion,requested_member_9_budget_exhaustion,50000,2783,9,8,1,0,1,complete,28,0.10410094637223975,0.3333333333333333,0.24435621876812438,0.24690025252525255,0.6666666666666667,0.8958990536277602,0.7556437812318756,True,stage18-scaling-24a9adb84176,3,299
300,s2-step7450-f19of20-d3of4,19,20,0.950,3,4,0.75,2,7450,False,fresh_execution,,,8,10,False,not_right_censored,budget_exhaustion,requested_member_9_budget_exhaustion,50000,2783,9,8,1,0,1,complete,28,0.10410094637223975,0.3333333333333333,0.24435621876812438,0.24690025252525255,0.6666666666666667,0.8958990536277602,0.7556437812318756,True,stage18-scaling-24a9adb84176,3,300
301,s2-step7450-f39of40-d1of4,39,40,0.975,1,4,0.25,2,7450,False,fresh_execution,,,2,10,False,not_right_censored,budget_exhaustion,requested_member_3_budget_exhaustion,22686,1093,4,2,1,27314,1,complete,1,0.10392609699769054,0.10392609699769054,0.10392609699769054,0.10392609699769054,0.8960739030023095,0.8960739030023095,0.8960739030023095,True,stage18-scaling-24a9adb84176,3,301
302,s2-step7450-f39of40-d1of2,39,40,0.975,1,2,0.50,2,7450,False,fresh_execution,,,8,10,False,not_right_censored,budget_exhaustion,requested_member_9_budget_exhaustion,50000,2303,9,8,1,0,1,complete,28,0.10392609699769054,0.4011627906976744,0.3018591166693929,0.3135074832660633,0.5988372093023255,0.8960739030023095,0.6981408833306071,True,stage18-scaling-24a9adb84176,3,302
303,s2-step7450-f39of40-d3of4,39,40,0.975,3,4,0.75,2,7450,False,fresh_execution,,,8,10,False,not_right_censored,budget_exhaustion,requested_member_9_budget_exhaustion,50000,2303,9,8,1,0,1,complete,28,0.10392609699769054,0.4011627906976744,0.3018591166693929,0.3135074832660633,0.5988372093023255,0.8960739030023095,0.6981408833306071,True,stage18-scaling-24a9adb84176,3,303
304,s2-step7450-f99of100-d1of4,99,100,0.990,1,4,0.25,2,7450,False,fresh_execution,,,0,10,False,not_right_censored,sparsity_failure,requested_member_1_sparsity_failure,5369,220,1,0,1,44631,,not_applicable_empty_family,0,,,,,,,,,stage18-scaling-24a9adb84176,3,304
305,s2-step7450-f99of100-d1of2,99,100,0.990,1,2,0.50,2,7450,True,fresh_execution,,,0,10,False,not_right_censored,sparsity_failure,requested_member_1_sparsity_failure,5369,220,1,0,1,44631,,not_applicable_empty_family,0,,,,,,,,,stage18-scaling-24a9adb84176,3,305
306,s2-step7450-f99of100-d3of4,99,100,0.990,3,4,0.75,2,7450,False,fresh_execution,,,0,10,False,not_right_censored,sparsity_failure,requested_member_1_sparsity_failure,5369,220,1,0,1,44631,,not_applicable_empty_family,0,,,,,,,,,stage18-scaling-24a9adb84176,3,306
307,s2-step8150-f4of5-d1of4,4,5,0.800,1,4,0.25,2,8150,False,fresh_execution,,,2,10,False,not_right_censored,budget_exhaustion,requested_member_3_budget_exhaustion,24727,1538,4,2,1,25273,1,complete,1,0.21428571428571427,0.21428571428571427,0.21428571428571427,0.21428571428571427,0.7857142857142857,0.7857142857142857,0.7857142857142857,True,stage18-scaling-24a9adb84176,4,307
308,s2-step8150-f4of5-d1of2,4,5,0.800,1,2,0.50,2,8150,False,fresh_execution,,,6,10,False,not_right_censored,budget_exhaustion,requested_member_7_budget_exhaustion,50000,3110,7,6,1,0,2,complete,15,0.21428571428571427,0.3411764705882353,0.28304623472673224,0.28735632183908044,0.6588235294117647,0.7857142857142857,0.7169537652732678,True,stage18-scaling-24a9adb84176,4,308
309,s2-step8150-f4of5-d3of4,4,5,0.800,3,4,0.75,2,8150,False,fresh_execution,,,6,10,False,not_right_censored,budget_exhaustion,requested_member_7_budget_exhaustion,50000,3110,7,6,1,0,2,complete,15,0.21428571428571427,0.3411764705882353,0.28304623472673224,0.28735632183908044,0.6588235294117647,0.7857142857142857,0.7169537652732678,True,stage18-scaling-24a9adb84176,4,309
310,s2-step8150-f17of20-d1of4,17,20,0.850,1,4,0.25,2,8150,False,fresh_execution,,,2,10,False,not_right_censored,budget_exhaustion,requested_member_3_budget_exhaustion,24594,1527,4,2,1,25406,1,complete,1,0.17117117117117117,0.17117117117117117,0.17117117117117117,0.17117117117117117,0.8288288288288288,0.8288288288288288,0.8288288288288288,True,stage18-scaling-24a9adb84176,4,310
311,s2-step8150-f17of20-d1of2,17,20,0.850,1,2,0.50,2,8150,False,fresh_execution,,,6,10,False,not_right_censored,budget_exhaustion,requested_member_7_budget_exhaustion,50000,3106,7,6,1,0,1,complete,15,0.17117117117117117,0.45348837209302323,0.2633595821017598,0.24509803921568626,0.5465116279069768,0.8288288288288288,0.7366404178982402,True,stage18-scaling-24a9adb84176,4,311
312,s2-step8150-f17of20-d3of4,17,20,0.850,3,4,0.75,2,8150,False,fresh_execution,,,6,10,False,not_right_censored,budget_exhaustion,requested_member_7_budget_exhaustion,50000,3106,7,6,1,0,1,complete,15,0.17117117117117117,0.45348837209302323,0.2633595821017598,0.24509803921568626,0.5465116279069768,0.8288288288288288,0.7366404178982402,True,stage18-scaling-24a9adb84176,4,312
313,s2-step8150-f9of10-d1of4,9,10,0.900,1,4,0.25,2,8150,False,fresh_execution,,,2,10,False,not_right_censored,budget_exhaustion,requested_member_3_budget_exhaustion,24382,1514,4,2,1,25618,1,complete,1,0.11811023622047244,0.11811023622047244,0.11811023622047244,0.11811023622047244,0.8818897637795275,0.8818897637795275,0.8818897637795275,True,stage18-scaling-24a9adb84176,4,313
314,s2-step8150-f9of10-d1of2,9,10,0.900,1,2,0.50,2,8150,False,fresh_execution,,,6,10,False,not_right_censored,budget_exhaustion,requested_member_7_budget_exhaustion,50000,3104,7,6,1,0,1,complete,15,0.11811023622047244,0.37623762376237624,0.2649115609770378,0.2962962962962963,0.6237623762376238,0.8818897637795275,0.7350884390229622,True,stage18-scaling-24a9adb84176,4,314
315,s2-step8150-f9of10-d3of4,9,10,0.900,3,4,0.75,2,8150,False,fresh_execution,,,6,10,False,not_right_censored,budget_exhaustion,requested_member_7_budget_exhaustion,50000,3104,7,6,1,0,1,complete,15,0.11811023622047244,0.37623762376237624,0.2649115609770378,0.2962962962962963,0.6237623762376238,0.8818897637795275,0.7350884390229622,True,stage18-scaling-24a9adb84176,4,315
316,s2-step8150-f19of20-d1of4,19,20,0.950,1,4,0.25,2,8150,False,fresh_execution,,,2,10,False,not_right_censored,budget_exhaustion,requested_member_3_budget_exhaustion,24009,1486,4,2,1,25991,1,complete,1,0.1118421052631579,0.1118421052631579,0.1118421052631579,0.1118421052631579,0.8881578947368421,0.8881578947368421,0.8881578947368421,True,stage18-scaling-24a9adb84176,4,316
317,s2-step8150-f19of20-d1of2,19,20,0.950,1,2,0.50,2,8150,False,fresh_execution,,,7,10,False,not_right_censored,budget_exhaustion,requested_member_8_budget_exhaustion,50000,3089,8,7,1,0,1,complete,21,0.1118421052631579,0.45871559633027525,0.2831169249727794,0.26515151515151514,0.5412844036697247,0.8881578947368421,0.7168830750272206,True,stage18-scaling-24a9adb84176,4,317
318,s2-step8150-f19of20-d3of4,19,20,0.950,3,4,0.75,2,8150,False,fresh_execution,,,7,10,False,not_right_censored,budget_exhaustion,requested_member_8_budget_exhaustion,50000,3089,8,7,1,0,1,complete,21,0.1118421052631579,0.45871559633027525,0.2831169249727794,0.26515151515151514,0.5412844036697247,0.8881578947368421,0.7168830750272206,True,stage18-scaling-24a9adb84176,4,318
319,s2-step8150-f39of40-d1of4,39,40,0.975,1,4,0.25,2,8150,False,fresh_execution,,,2,10,False,not_right_censored,budget_exhaustion,requested_member_3_budget_exhaustion,23662,1462,4,2,1,26338,1,complete,1,0.1377245508982036,0.1377245508982036,0.1377245508982036,0.1377245508982036,0.8622754491017964,0.8622754491017964,0.8622754491017964,True,stage18-scaling-24a9adb84176,4,319
320,s2-step8150-f39of40-d1of2,39,40,0.975,1,2,0.50,2,8150,False,fresh_execution,,,7,10,False,not_right_censored,budget_exhaustion,requested_member_8_budget_exhaustion,50000,3080,8,7,1,0,1,complete,21,0.1377245508982036,0.4198473282442748,0.26916216286895267,0.2653061224489796,0.5801526717557253,0.8622754491017964,0.7308378371310473,True,stage18-scaling-24a9adb84176,4,320
321,s2-step8150-f39of40-d3of4,39,40,0.975,3,4,0.75,2,8150,False,fresh_execution,,,7,10,False,not_right_censored,budget_exhaustion,requested_member_8_budget_exhaustion,50000,3080,8,7,1,0,1,complete,21,0.1377245508982036,0.4198473282442748,0.26916216286895267,0.2653061224489796,0.5801526717557253,0.8622754491017964,0.7308378371310473,True,stage18-scaling-24a9adb84176,4,321
322,s2-step8150-f99of100-d1of4,99,100,0.990,1,4,0.25,2,8150,False,fresh_execution,,,2,10,False,not_right_censored,budget_exhaustion,requested_member_3_budget_exhaustion,23170,1425,4,2,1,26830,1,complete,1,0.11330049261083744,0.11330049261083744,0.11330049261083744,0.11330049261083744,0.8866995073891626,0.8866995073891626,0.8866995073891626,True,stage18-scaling-24a9adb84176,4,322
323,s2-step8150-f99of100-d1of2,99,100,0.990,1,2,0.50,2,8150,True,fresh_execution,,,7,10,False,not_right_censored,budget_exhaustion,requested_member_8_budget_exhaustion,50000,3056,8,7,1,0,1,complete,21,0.11330049261083744,0.38125,0.26325754813200414,0.26519337016574585,0.61875,0.8866995073891626,0.7367424518679958,True,stage18-scaling-24a9adb84176,4,323
324,s2-step8150-f99of100-d3of4,99,100,0.990,3,4,0.75,2,8150,False,fresh_execution,,,7,10,False,not_right_censored,budget_exhaustion,requested_member_8_budget_exhaustion,50000,3056,8,7,1,0,1,complete,21,0.11330049261083744,0.38125,0.26325754813200414,0.26519337016574585,0.61875,0.8866995073891626,0.7367424518679958,True,stage18-scaling-24a9adb84176,4,324
325,s2-step8500-f4of5-d1of4,4,5,0.800,1,4,0.25,2,8500,False,fresh_execution,,,4,10,False,not_right_censored,budget_exhaustion,requested_member_5_budget_exhaustion,40024,2491,6,4,1,9976,1,complete,6,0.18823529411764706,0.2375,0.20288897414015664,0.19408669159396208,0.7625,0.8117647058823529,0.7971110258598434,True,stage18-scaling-24a9adb84176,5,325
326,s2-step8500-f4of5-d1of2,4,5,0.800,1,2,0.50,2,8500,False,fresh_execution,,,6,10,False,not_right_censored,budget_exhaustion,requested_member_7_budget_exhaustion,50000,3112,7,6,1,0,1,complete,15,0.14285714285714285,0.4264705882352941,0.23589162229106792,0.22988505747126436,0.5735294117647058,0.8571428571428572,0.7641083777089321,True,stage18-scaling-24a9adb84176,5,326
327,s2-step8500-f4of5-d3of4,4,5,0.800,3,4,0.75,2,8500,False,fresh_execution,,,6,10,False,not_right_censored,budget_exhaustion,requested_member_7_budget_exhaustion,50000,3112,7,6,1,0,1,complete,15,0.14285714285714285,0.4264705882352941,0.23589162229106792,0.22988505747126436,0.5735294117647058,0.8571428571428572,0.7641083777089321,True,stage18-scaling-24a9adb84176,5,327
328,s2-step8500-f17of20-d1of4,17,20,0.850,1,4,0.25,2,8500,False,fresh_execution,,,5,10,False,not_right_censored,budget_exhaustion,requested_member_6_budget_exhaustion,47065,2927,7,5,1,2935,1,complete,10,0.13,0.2413793103448276,0.18879397534902576,0.19090909090909092,0.7586206896551724,0.87,0.8112060246509742,True,stage18-scaling-24a9adb84176,5,328
329,s2-step8500-f17of20-d1of2,17,20,0.850,1,2,0.50,2,8500,False,fresh_execution,,,6,10,False,not_right_censored,budget_exhaustion,requested_member_7_budget_exhaustion,50000,3110,7,6,1,0,1,complete,15,0.13,0.358974358974359,0.21198091134217273,0.21739130434782608,0.641025641025641,0.87,0.7880190886578272,True,stage18-scaling-24a9adb84176,5,329
330,s2-step8500-f17of20-d3of4,17,20,0.850,3,4,0.75,2,8500,False,fresh_execution,,,6,10,False,not_right_censored,budget_exhaustion,requested_member_7_budget_exhaustion,50000,3110,7,6,1,0,1,complete,15,0.13,0.358974358974359,0.21198091134217273,0.21739130434782608,0.641025641025641,0.87,0.7880190886578272,True,stage18-scaling-24a9adb84176,5,330
331,s2-step8500-f9of10-d1of4,9,10,0.900,1,4,0.25,2,8500,False,fresh_execution,,,2,10,False,not_right_censored,budget_exhaustion,requested_member_3_budget_exhaustion,24727,1538,4,2,1,25273,1,complete,1,0.11214953271028037,0.11214953271028037,0.11214953271028037,0.11214953271028037,0.8878504672897196,0.8878504672897196,0.8878504672897196,True,stage18-scaling-24a9adb84176,5,331
332,s2-step8500-f9of10-d1of2,9,10,0.900,1,2,0.50,2,8500,False,fresh_execution,,,6,10,False,not_right_censored,budget_exhaustion,requested_member_7_budget_exhaustion,50000,3106,7,6,1,0,1,complete,15,0.11214953271028037,0.3111111111111111,0.2079576397766286,0.22,0.6888888888888889,0.8878504672897196,0.7920423602233714,True,stage18-scaling-24a9adb84176,5,332
333,s2-step8500-f9of10-d3of4,9,10,0.900,3,4,0.75,2,8500,False,fresh_execution,,,6,10,False,not_right_censored,budget_exhaustion,requested_member_7_budget_exhaustion,50000,3106,7,6,1,0,1,complete,15,0.11214953271028037,0.3111111111111111,0.2079576397766286,0.22,0.6888888888888889,0.8878504672897196,0.7920423602233714,True,stage18-scaling-24a9adb84176,5,333
334,s2-step8500-f19of20-d1of4,19,20,0.950,1,4,0.25,2,8500,False,fresh_execution,,,3,10,False,not_right_censored,budget_exhaustion,requested_member_4_budget_exhaustion,31619,1961,5,3,1,18381,1,complete,3,0.11627906976744186,0.1623931623931624,0.1382240773868681,0.136,0.8376068376068376,0.8837209302325582,0.861775922613132,True,stage18-scaling-24a9adb84176,5,334
335,s2-step8500-f19of20-d1of2,19,20,0.950,1,2,0.50,2,8500,False,fresh_execution,,,6,10,False,not_right_censored,budget_exhaustion,requested_member_7_budget_exhaustion,50000,3101,7,6,1,0,1,complete,15,0.11627906976744186,0.38,0.20262401762891372,0.192,0.62,0.8837209302325582,0.7973759823710863,True,stage18-scaling-24a9adb84176,5,335
336,s2-step8500-f19of20-d3of4,19,20,0.950,3,4,0.75,2,8500,False,fresh_execution,,,6,10,False,not_right_censored,budget_exhaustion,requested_member_7_budget_exhaustion,50000,3101,7,6,1,0,1,complete,15,0.11627906976744186,0.38,0.20262401762891372,0.192,0.62,0.8837209302325582,0.7973759823710863,True,stage18-scaling-24a9adb84176,5,336
337,s2-step8500-f39of40-d1of4,39,40,0.975,1,4,0.25,2,8500,False,fresh_execution,,,3,10,False,not_right_censored,budget_exhaustion,requested_member_4_budget_exhaustion,30989,1918,5,3,1,19011,1,complete,3,0.09316770186335403,0.1342281879194631,0.11004520527007146,0.10273972602739725,0.8657718120805369,0.906832298136646,0.8899547947299286,True,stage18-scaling-24a9adb84176,5,337
338,s2-step8500-f39of40-d1of2,39,40,0.975,1,2,0.50,2,8500,False,fresh_execution,,,7,10,False,not_right_censored,budget_exhaustion,requested_member_8_budget_exhaustion,50000,3094,8,7,1,0,1,complete,21,0.09316770186335403,0.29508196721311475,0.1918109010663669,0.18243243243243243,0.7049180327868853,0.906832298136646,0.8081890989336331,True,stage18-scaling-24a9adb84176,5,338
339,s2-step8500-f39of40-d3of4,39,40,0.975,3,4,0.75,2,8500,False,fresh_execution,,,7,10,False,not_right_censored,budget_exhaustion,requested_member_8_budget_exhaustion,50000,3094,8,7,1,0,1,complete,21,0.09316770186335403,0.29508196721311475,0.1918109010663669,0.18243243243243243,0.7049180327868853,0.906832298136646,0.8081890989336331,True,stage18-scaling-24a9adb84176,5,339
340,s2-step8500-f99of100-d1of4,99,100,0.990,1,4,0.25,2,8500,False,fresh_execution,,,3,10,False,not_right_censored,budget_exhaustion,requested_member_4_budget_exhaustion,30450,1881,5,3,1,19550,1,complete,3,0.054945054945054944,0.1419753086419753,0.09223586587652781,0.0797872340425532,0.8580246913580247,0.945054945054945,0.9077641341234722,True,stage18-scaling-24a9adb84176,5,340
341,s2-step8500-f99of100-d1of2,99,100,0.990,1,2,0.50,2,8500,True,fresh_execution,,,7,10,False,not_right_censored,budget_exhaustion,requested_member_8_budget_exhaustion,50000,3085,8,7,1,0,1,complete,21,0.054945054945054944,0.3384615384615385,0.18554601205221993,0.1858974358974359,0.6615384615384615,0.945054945054945,0.8144539879477801,True,stage18-scaling-24a9adb84176,5,341
342,s2-step8500-f99of100-d3of4,99,100,0.990,3,4,0.75,2,8500,False,fresh_execution,,,7,10,False,not_right_censored,budget_exhaustion,requested_member_8_budget_exhaustion,50000,3085,8,7,1,0,1,complete,21,0.054945054945054944,0.3384615384615385,0.18554601205221993,0.1858974358974359,0.6615384615384615,0.945054945054945,0.8144539879477801,True,stage18-scaling-24a9adb84176,5,342
343,s2-step8650-f4of5-d1of4,4,5,0.800,1,4,0.25,2,8650,False,fresh_execution,,,2,10,False,not_right_censored,budget_exhaustion,requested_member_3_budget_exhaustion,24982,1555,4,2,1,25018,1,complete,1,0.21428571428571427,0.21428571428571427,0.21428571428571427,0.21428571428571427,0.7857142857142857,0.7857142857142857,0.7857142857142857,True,stage18-scaling-24a9adb84176,6,343
344,s2-step8650-f4of5-d1of2,4,5,0.800,1,2,0.50,2,8650,False,fresh_execution,,,6,10,False,not_right_censored,budget_exhaustion,requested_member_7_budget_exhaustion,50000,3111,7,6,1,0,1,complete,15,0.19767441860465115,0.2948717948717949,0.2394047350742426,0.2375,0.7051282051282051,0.8023255813953488,0.7605952649257574,True,stage18-scaling-24a9adb84176,6,344
345,s2-step8650-f4of5-d3of4,4,5,0.800,3,4,0.75,2,8650,False,fresh_execution,,,6,10,False,not_right_censored,budget_exhaustion,requested_member_7_budget_exhaustion,50000,3111,7,6,1,0,1,complete,15,0.19767441860465115,0.2948717948717949,0.2394047350742426,0.2375,0.7051282051282051,0.8023255813953488,0.7605952649257574,True,stage18-scaling-24a9adb84176,6,345
346,s2-step8650-f17of20-d1of4,17,20,0.850,1,4,0.25,2,8650,False,fresh_execution,,,3,10,False,not_right_censored,budget_exhaustion,requested_member_4_budget_exhaustion,32368,2014,5,3,1,17632,1,complete,3,0.16483516483516483,0.19101123595505617,0.18088652920113593,0.18681318681318682,0.8089887640449438,0.8351648351648352,0.8191134707988641,True,stage18-scaling-24a9adb84176,6,346
347,s2-step8650-f17of20-d1of2,17,20,0.850,1,2,0.50,2,8650,False,fresh_execution,,,6,10,False,not_right_censored,budget_exhaustion,requested_member_7_budget_exhaustion,50000,3111,7,6,1,0,1,complete,15,0.16483516483516483,0.27058823529411763,0.2128677690998179,0.20454545454545456,0.7294117647058824,0.8351648351648352,0.7871322309001821,True,stage18-scaling-24a9adb84176,6,347
348,s2-step8650-f17of20-d3of4,17,20,0.850,3,4,0.75,2,8650,False,fresh_execution,,,6,10,False,not_right_censored,budget_exhaustion,requested_member_7_budget_exhaustion,50000,3111,7,6,1,0,1,complete,15,0.16483516483516483,0.27058823529411763,0.2128677690998179,0.20454545454545456,0.7294117647058824,0.8351648351648352,0.7871322309001821,True,stage18-scaling-24a9adb84176,6,348
349,s2-step8650-f9of10-d1of4,9,10,0.900,1,4,0.25,2,8650,False,fresh_execution,,,3,10,False,not_right_censored,budget_exhaustion,requested_member_4_budget_exhaustion,32098,1995,5,3,1,17902,1,complete,3,0.14285714285714285,0.18181818181818182,0.16763104881916763,0.1782178217821782,0.8181818181818181,0.8571428571428572,0.8323689511808324,True,stage18-scaling-24a9adb84176,6,349
350,s2-step8650-f9of10-d1of2,9,10,0.900,1,2,0.50,2,8650,False,fresh_execution,,,6,10,False,not_right_censored,budget_exhaustion,requested_member_7_budget_exhaustion,50000,3108,7,6,1,0,1,complete,15,0.14285714285714285,0.3076923076923077,0.2259152991343933,0.22448979591836735,0.6923076923076923,0.8571428571428572,0.7740847008656068,True,stage18-scaling-24a9adb84176,6,350
351,s2-step8650-f9of10-d3of4,9,10,0.900,3,4,0.75,2,8650,False,fresh_execution,,,6,10,False,not_right_censored,budget_exhaustion,requested_member_7_budget_exhaustion,50000,3108,7,6,1,0,1,complete,15,0.14285714285714285,0.3076923076923077,0.2259152991343933,0.22448979591836735,0.6923076923076923,0.8571428571428572,0.7740847008656068,True,stage18-scaling-24a9adb84176,6,351
352,s2-step8650-f19of20-d1of4,19,20,0.950,1,4,0.25,2,8650,False,fresh_execution,,,3,10,False,not_right_censored,budget_exhaustion,requested_member_4_budget_exhaustion,31528,1957,5,3,1,18472,1,complete,3,0.15447154471544716,0.21666666666666667,0.18382202674485762,0.18032786885245902,0.7833333333333333,0.8455284552845528,0.8161779732551424,True,stage18-scaling-24a9adb84176,6,352
353,s2-step8650-f19of20-d1of2,19,20,0.950,1,2,0.50,2,8650,False,fresh_execution,,,6,10,False,not_right_censored,budget_exhaustion,requested_member_7_budget_exhaustion,50000,3103,7,6,1,0,1,complete,15,0.15447154471544716,0.28703703703703703,0.22680903250472878,0.21666666666666667,0.712962962962963,0.8455284552845528,0.7731909674952713,True,stage18-scaling-24a9adb84176,6,353
354,s2-step8650-f19of20-d3of4,19,20,0.950,3,4,0.75,2,8650,False,fresh_execution,,,6,10,False,not_right_censored,budget_exhaustion,requested_member_7_budget_exhaustion,50000,3103,7,6,1,0,1,complete,15,0.15447154471544716,0.28703703703703703,0.22680903250472878,0.21666666666666667,0.712962962962963,0.8455284552845528,0.7731909674952713,True,stage18-scaling-24a9adb84176,6,354
355,s2-step8650-f39of40-d1of4,39,40,0.975,1,4,0.25,2,8650,False,fresh_execution,,,3,10,False,not_right_censored,budget_exhaustion,requested_member_4_budget_exhaustion,31274,1938,5,3,1,18726,1,complete,3,0.1267605633802817,0.2265625,0.17462189967973213,0.17054263565891473,0.7734375,0.8732394366197183,0.8253781003202678,True,stage18-scaling-24a9adb84176,6,355
356,s2-step8650-f39of40-d1of2,39,40,0.975,1,2,0.50,2,8650,False,fresh_execution,,,7,10,False,not_right_censored,budget_exhaustion,requested_member_8_budget_exhaustion,50000,3093,8,7,1,0,1,complete,21,0.1267605633802817,0.3548387096774194,0.2294555803091381,0.22727272727272727,0.6451612903225806,0.8732394366197183,0.770544419690862,True,stage18-scaling-24a9adb84176,6,356
357,s2-step8650-f39of40-d3of4,39,40,0.975,3,4,0.75,2,8650,False,fresh_execution,,,7,10,False,not_right_censored,budget_exhaustion,requested_member_8_budget_exhaustion,50000,3093,8,7,1,0,1,complete,21,0.1267605633802817,0.3548387096774194,0.2294555803091381,0.22727272727272727,0.6451612903225806,0.8732394366197183,0.770544419690862,True,stage18-scaling-24a9adb84176,6,357
358,s2-step8650-f99of100-d1of4,99,100,0.990,1,4,0.25,2,8650,False,fresh_execution,,,3,10,False,not_right_censored,budget_exhaustion,requested_member_4_budget_exhaustion,30772,1895,5,3,1,19228,1,complete,3,0.12121212121212122,0.16455696202531644,0.14317302774581256,0.14375,0.8354430379746836,0.8787878787878788,0.8568269722541875,True,stage18-scaling-24a9adb84176,6,358
359,s2-step8650-f99of100-d1of2,99,100,0.990,1,2,0.50,2,8650,True,fresh_execution,,,7,10,False,not_right_censored,budget_exhaustion,requested_member_8_budget_exhaustion,50000,3077,8,7,1,0,1,complete,21,0.12121212121212122,0.2971014492753623,0.19592839848365487,0.1875,0.7028985507246377,0.8787878787878788,0.8040716015163452,True,stage18-scaling-24a9adb84176,6,359
360,s2-step8650-f99of100-d3of4,99,100,0.990,3,4,0.75,2,8650,False,fresh_execution,,,7,10,False,not_right_censored,budget_exhaustion,requested_member_8_budget_exhaustion,50000,3077,8,7,1,0,1,complete,21,0.12121212121212122,0.2971014492753623,0.19592839848365487,0.1875,0.7028985507246377,0.8787878787878788,0.8040716015163452,True,stage18-scaling-24a9adb84176,6,360
361,s2-step9050-f4of5-d1of4,4,5,0.800,1,4,0.25,2,9050,False,fresh_execution,,,3,10,False,not_right_censored,budget_exhaustion,requested_member_4_budget_exhaustion,32308,2010,5,3,1,17692,1,complete,3,0.16842105263157894,0.2087912087912088,0.19315315081134124,0.20224719101123595,0.7912087912087912,0.8315789473684211,0.8068468491886588,True,stage18-scaling-24a9adb84176,7,361
362,s2-step9050-f4of5-d1of2,4,5,0.800,1,2,0.50,2,9050,False,fresh_execution,,,6,10,False,not_right_censored,budget_exhaustion,requested_member_7_budget_exhaustion,50000,3112,7,6,1,0,1,complete,15,0.16483516483516483,0.2987012987012987,0.21554417422929573,0.21428571428571427,0.7012987012987013,0.8351648351648352,0.7844558257707043,True,stage18-scaling-24a9adb84176,7,362
363,s2-step9050-f4of5-d3of4,4,5,0.800,3,4,0.75,2,9050,False,fresh_execution,,,6,10,False,not_right_censored,budget_exhaustion,requested_member_7_budget_exhaustion,50000,3112,7,6,1,0,1,complete,15,0.16483516483516483,0.2987012987012987,0.21554417422929573,0.21428571428571427,0.7012987012987013,0.8351648351648352,0.7844558257707043,True,stage18-scaling-24a9adb84176,7,363
364,s2-step9050-f17of20-d1of4,17,20,0.850,1,4,0.25,2,9050,False,fresh_execution,,,4,10,False,not_right_censored,budget_exhaustion,requested_member_5_budget_exhaustion,39604,2463,6,4,1,10396,1,complete,6,0.16326530612244897,0.2127659574468085,0.17953513347963784,0.17585858585858585,0.7872340425531915,0.8367346938775511,0.8204648665203622,True,stage18-scaling-24a9adb84176,7,364
365,s2-step9050-f17of20-d1of2,17,20,0.850,1,2,0.50,2,9050,False,fresh_execution,,,6,10,False,not_right_censored,budget_exhaustion,requested_member_7_budget_exhaustion,50000,3111,7,6,1,0,1,complete,15,0.16326530612244897,0.30952380952380953,0.21227309100012007,0.19148936170212766,0.6904761904761905,0.8367346938775511,0.78772690899988,True,stage18-scaling-24a9adb84176,7,365
366,s2-step9050-f17of20-d3of4,17,20,0.850,3,4,0.75,2,9050,False,fresh_execution,,,6,10,False,not_right_censored,budget_exhaustion,requested_member_7_budget_exhaustion,50000,3111,7,6,1,0,1,complete,15,0.16326530612244897,0.30952380952380953,0.21227309100012007,0.19148936170212766,0.6904761904761905,0.8367346938775511,0.78772690899988,True,stage18-scaling-24a9adb84176,7,366
367,s2-step9050-f9of10-d1of4,9,10,0.900,1,4,0.25,2,9050,False,fresh_execution,,,3,10,False,not_right_censored,budget_exhaustion,requested_member_4_budget_exhaustion,32144,1996,5,3,1,17856,1,complete,3,0.1553398058252427,0.21875,0.18998869816167885,0.1958762886597938,0.78125,0.8446601941747574,0.8100113018383212,True,stage18-scaling-24a9adb84176,7,367
368,s2-step9050-f9of10-d1of2,9,10,0.900,1,2,0.50,2,9050,False,fresh_execution,,,6,10,False,not_right_censored,budget_exhaustion,requested_member_7_budget_exhaustion,50000,3106,7,6,1,0,1,complete,15,0.1553398058252427,0.26804123711340205,0.20708813705087226,0.1958762886597938,0.731958762886598,0.8446601941747574,0.7929118629491277,True,stage18-scaling-24a9adb84176,7,368
369,s2-step9050-f9of10-d3of4,9,10,0.900,3,4,0.75,2,9050,False,fresh_execution,,,6,10,False,not_right_censored,budget_exhaustion,requested_member_7_budget_exhaustion,50000,3106,7,6,1,0,1,complete,15,0.1553398058252427,0.26804123711340205,0.20708813705087226,0.1958762886597938,0.731958762886598,0.8446601941747574,0.7929118629491277,True,stage18-scaling-24a9adb84176,7,369
370,s2-step9050-f19of20-d1of4,19,20,0.950,1,4,0.25,2,9050,False,fresh_execution,,,5,10,False,not_right_censored,budget_exhaustion,requested_member_6_budget_exhaustion,46017,2854,7,5,1,3983,1,complete,10,0.14754098360655737,0.21367521367521367,0.17805701760086756,0.1799820754113053,0.7863247863247863,0.8524590163934427,0.8219429823991324,True,stage18-scaling-24a9adb84176,7,370
371,s2-step9050-f19of20-d1of2,19,20,0.950,1,2,0.50,2,9050,False,fresh_execution,,,6,10,False,not_right_censored,budget_exhaustion,requested_member_7_budget_exhaustion,50000,3103,7,6,1,0,1,complete,15,0.136,0.25225225225225223,0.18003165226077253,0.18110236220472442,0.7477477477477478,0.864,0.8199683477392274,True,stage18-scaling-24a9adb84176,7,371
372,s2-step9050-f19of20-d3of4,19,20,0.950,3,4,0.75,2,9050,False,fresh_execution,,,6,10,False,not_right_censored,budget_exhaustion,requested_member_7_budget_exhaustion,50000,3103,7,6,1,0,1,complete,15,0.136,0.25225225225225223,0.18003165226077253,0.18110236220472442,0.7477477477477478,0.864,0.8199683477392274,True,stage18-scaling-24a9adb84176,7,372
373,s2-step9050-f39of40-d1of4,39,40,0.975,1,4,0.25,2,9050,False,fresh_execution,,,7,10,False,not_right_censored,budget_exhaustion,requested_member_8_budget_exhaustion,50000,3095,8,7,1,0,1,complete,21,0.13740458015267176,0.23577235772357724,0.1698869373873135,0.16793893129770993,0.7642276422764227,0.8625954198473282,0.8301130626126865,True,stage18-scaling-24a9adb84176,7,373
374,s2-step9050-f39of40-d1of2,39,40,0.975,1,2,0.50,2,9050,False,fresh_execution,,,7,10,False,not_right_censored,budget_exhaustion,requested_member_8_budget_exhaustion,50000,3095,8,7,1,0,1,complete,21,0.13740458015267176,0.23577235772357724,0.1698869373873135,0.16793893129770993,0.7642276422764227,0.8625954198473282,0.8301130626126865,True,stage18-scaling-24a9adb84176,7,374
375,s2-step9050-f39of40-d3of4,39,40,0.975,3,4,0.75,2,9050,False,fresh_execution,,,7,10,False,not_right_censored,budget_exhaustion,requested_member_8_budget_exhaustion,50000,3095,8,7,1,0,1,complete,21,0.13740458015267176,0.23577235772357724,0.1698869373873135,0.16793893129770993,0.7642276422764227,0.8625954198473282,0.8301130626126865,True,stage18-scaling-24a9adb84176,7,375
376,s2-step9050-f99of100-d1of4,99,100,0.990,1,4,0.25,2,9050,False,fresh_execution,,,6,10,False,not_right_censored,budget_exhaustion,requested_member_7_budget_exhaustion,50000,3088,8,6,1,0,1,complete,15,0.10666666666666667,0.22758620689655173,0.1592106696736729,0.1513157894736842,0.7724137931034483,0.8933333333333333,0.8407893303263271,True,stage18-scaling-24a9adb84176,7,376
377,s2-step9050-f99of100-d1of2,99,100,0.990,1,2,0.50,2,9050,True,fresh_execution,,,7,10,False,not_right_censored,budget_exhaustion,requested_member_8_budget_exhaustion,50000,3088,8,7,1,0,1,complete,21,0.10666666666666667,0.2898550724637681,0.16957785271354409,0.16216216216216217,0.7101449275362319,0.8933333333333333,0.8304221472864559,True,stage18-scaling-24a9adb84176,7,377
378,s2-step9050-f99of100-d3of4,99,100,0.990,3,4,0.75,2,9050,False,fresh_execution,,,7,10,False,not_right_censored,budget_exhaustion,requested_member_8_budget_exhaustion,50000,3088,8,7,1,0,1,complete,21,0.10666666666666667,0.2898550724637681,0.16957785271354409,0.16216216216216217,0.7101449275362319,0.8933333333333333,0.8304221472864559,True,stage18-scaling-24a9adb84176,7,378
379,s3-step200-f4of5-d1of4,4,5,0.800,1,4,0.25,3,200,False,fresh_execution,,,0,10,False,not_right_censored,sparsity_failure,requested_member_1_sparsity_failure,2714,27,1,0,1,47286,,not_applicable_empty_family,0,,,,,,,,,stage18-scaling-24a9adb84176,1,379
380,s3-step200-f4of5-d1of2,4,5,0.800,1,2,0.50,3,200,False,fresh_execution,,,0,10,False,not_right_censored,sparsity_failure,requested_member_1_sparsity_failure,2714,27,1,0,1,47286,,not_applicable_empty_family,0,,,,,,,,,stage18-scaling-24a9adb84176,1,380
381,s3-step200-f4of5-d3of4,4,5,0.800,3,4,0.75,3,200,False,fresh_execution,,,0,10,False,not_right_censored,sparsity_failure,requested_member_1_sparsity_failure,2714,27,1,0,1,47286,,not_applicable_empty_family,0,,,,,,,,,stage18-scaling-24a9adb84176,1,381
382,s3-step200-f17of20-d1of4,17,20,0.850,1,4,0.25,3,200,False,fresh_execution,,,0,10,False,not_right_censored,sparsity_failure,requested_member_1_sparsity_failure,2530,19,1,0,1,47470,,not_applicable_empty_family,0,,,,,,,,,stage18-scaling-24a9adb84176,1,382
383,s3-step200-f17of20-d1of2,17,20,0.850,1,2,0.50,3,200,False,fresh_execution,,,0,10,False,not_right_censored,sparsity_failure,requested_member_1_sparsity_failure,2530,19,1,0,1,47470,,not_applicable_empty_family,0,,,,,,,,,stage18-scaling-24a9adb84176,1,383
384,s3-step200-f17of20-d3of4,17,20,0.850,3,4,0.75,3,200,False,fresh_execution,,,0,10,False,not_right_censored,sparsity_failure,requested_member_1_sparsity_failure,2530,19,1,0,1,47470,,not_applicable_empty_family,0,,,,,,,,,stage18-scaling-24a9adb84176,1,384
385,s3-step200-f9of10-d1of4,9,10,0.900,1,4,0.25,3,200,False,fresh_execution,,,0,10,False,not_right_censored,sparsity_failure,requested_member_1_sparsity_failure,1675,10,1,0,1,48325,,not_applicable_empty_family,0,,,,,,,,,stage18-scaling-24a9adb84176,1,385
386,s3-step200-f9of10-d1of2,9,10,0.900,1,2,0.50,3,200,False,fresh_execution,,,0,10,False,not_right_censored,sparsity_failure,requested_member_1_sparsity_failure,1675,10,1,0,1,48325,,not_applicable_empty_family,0,,,,,,,,,stage18-scaling-24a9adb84176,1,386
387,s3-step200-f9of10-d3of4,9,10,0.900,3,4,0.75,3,200,False,fresh_execution,,,0,10,False,not_right_censored,sparsity_failure,requested_member_1_sparsity_failure,1675,10,1,0,1,48325,,not_applicable_empty_family,0,,,,,,,,,stage18-scaling-24a9adb84176,1,387
388,s3-step200-f19of20-d1of4,19,20,0.950,1,4,0.25,3,200,False,fresh_execution,,,0,10,False,not_right_censored,sparsity_failure,requested_member_1_sparsity_failure,1708,9,1,0,1,48292,,not_applicable_empty_family,0,,,,,,,,,stage18-scaling-24a9adb84176,1,388
389,s3-step200-f19of20-d1of2,19,20,0.950,1,2,0.50,3,200,False,fresh_execution,,,0,10,False,not_right_censored,sparsity_failure,requested_member_1_sparsity_failure,1708,9,1,0,1,48292,,not_applicable_empty_family,0,,,,,,,,,stage18-scaling-24a9adb84176,1,389
390,s3-step200-f19of20-d3of4,19,20,0.950,3,4,0.75,3,200,False,fresh_execution,,,0,10,False,not_right_censored,sparsity_failure,requested_member_1_sparsity_failure,1708,9,1,0,1,48292,,not_applicable_empty_family,0,,,,,,,,,stage18-scaling-24a9adb84176,1,390
391,s3-step200-f39of40-d1of4,39,40,0.975,1,4,0.25,3,200,False,fresh_execution,,,0,10,False,not_right_censored,sparsity_failure,requested_member_1_sparsity_failure,1310,7,1,0,1,48690,,not_applicable_empty_family,0,,,,,,,,,stage18-scaling-24a9adb84176,1,391
392,s3-step200-f39of40-d1of2,39,40,0.975,1,2,0.50,3,200,False,fresh_execution,,,0,10,False,not_right_censored,sparsity_failure,requested_member_1_sparsity_failure,1310,7,1,0,1,48690,,not_applicable_empty_family,0,,,,,,,,,stage18-scaling-24a9adb84176,1,392
393,s3-step200-f39of40-d3of4,39,40,0.975,3,4,0.75,3,200,False,fresh_execution,,,0,10,False,not_right_censored,sparsity_failure,requested_member_1_sparsity_failure,1310,7,1,0,1,48690,,not_applicable_empty_family,0,,,,,,,,,stage18-scaling-24a9adb84176,1,393
394,s3-step200-f99of100-d1of4,99,100,0.990,1,4,0.25,3,200,False,fresh_execution,,,0,10,False,not_right_censored,sparsity_failure,requested_member_1_sparsity_failure,1454,7,1,0,1,48546,,not_applicable_empty_family,0,,,,,,,,,stage18-scaling-24a9adb84176,1,394
395,s3-step200-f99of100-d1of2,99,100,0.990,1,2,0.50,3,200,True,fresh_execution,,,0,10,False,not_right_censored,sparsity_failure,requested_member_1_sparsity_failure,1454,7,1,0,1,48546,,not_applicable_empty_family,0,,,,,,,,,stage18-scaling-24a9adb84176,1,395
396,s3-step200-f99of100-d3of4,99,100,0.990,3,4,0.75,3,200,False,fresh_execution,,,0,10,False,not_right_censored,sparsity_failure,requested_member_1_sparsity_failure,1454,7,1,0,1,48546,,not_applicable_empty_family,0,,,,,,,,,stage18-scaling-24a9adb84176,1,396
397,s3-step3400-f4of5-d1of4,4,5,0.800,1,4,0.25,3,3400,False,fresh_execution,,,0,10,False,not_right_censored,sparsity_failure,requested_member_1_sparsity_failure,2195,34,1,0,1,47805,,not_applicable_empty_family,0,,,,,,,,,stage18-scaling-24a9adb84176,2,397
398,s3-step3400-f4of5-d1of2,4,5,0.800,1,2,0.50,3,3400,False,fresh_execution,,,0,10,False,not_right_censored,sparsity_failure,requested_member_1_sparsity_failure,2195,34,1,0,1,47805,,not_applicable_empty_family,0,,,,,,,,,stage18-scaling-24a9adb84176,2,398
399,s3-step3400-f4of5-d3of4,4,5,0.800,3,4,0.75,3,3400,False,fresh_execution,,,0,10,False,not_right_censored,sparsity_failure,requested_member_1_sparsity_failure,2195,34,1,0,1,47805,,not_applicable_empty_family,0,,,,,,,,,stage18-scaling-24a9adb84176,2,399
400,s3-step3400-f17of20-d1of4,17,20,0.850,1,4,0.25,3,3400,False,fresh_execution,,,0,10,False,not_right_censored,sparsity_failure,requested_member_1_sparsity_failure,1282,19,1,0,1,48718,,not_applicable_empty_family,0,,,,,,,,,stage18-scaling-24a9adb84176,2,400
401,s3-step3400-f17of20-d1of2,17,20,0.850,1,2,0.50,3,3400,False,fresh_execution,,,0,10,False,not_right_censored,sparsity_failure,requested_member_1_sparsity_failure,1282,19,1,0,1,48718,,not_applicable_empty_family,0,,,,,,,,,stage18-scaling-24a9adb84176,2,401
402,s3-step3400-f17of20-d3of4,17,20,0.850,3,4,0.75,3,3400,False,fresh_execution,,,0,10,False,not_right_censored,sparsity_failure,requested_member_1_sparsity_failure,1282,19,1,0,1,48718,,not_applicable_empty_family,0,,,,,,,,,stage18-scaling-24a9adb84176,2,402
403,s3-step3400-f9of10-d1of4,9,10,0.900,1,4,0.25,3,3400,False,fresh_execution,,,0,10,False,not_right_censored,sparsity_failure,requested_member_1_sparsity_failure,922,11,1,0,1,49078,,not_applicable_empty_family,0,,,,,,,,,stage18-scaling-24a9adb84176,2,403
404,s3-step3400-f9of10-d1of2,9,10,0.900,1,2,0.50,3,3400,False,fresh_execution,,,0,10,False,not_right_censored,sparsity_failure,requested_member_1_sparsity_failure,922,11,1,0,1,49078,,not_applicable_empty_family,0,,,,,,,,,stage18-scaling-24a9adb84176,2,404
405,s3-step3400-f9of10-d3of4,9,10,0.900,3,4,0.75,3,3400,False,fresh_execution,,,0,10,False,not_right_censored,sparsity_failure,requested_member_1_sparsity_failure,922,11,1,0,1,49078,,not_applicable_empty_family,0,,,,,,,,,stage18-scaling-24a9adb84176,2,405
406,s3-step3400-f19of20-d1of4,19,20,0.950,1,4,0.25,3,3400,False,fresh_execution,,,0,10,False,not_right_censored,sparsity_failure,requested_member_1_sparsity_failure,991,6,1,0,1,49009,,not_applicable_empty_family,0,,,,,,,,,stage18-scaling-24a9adb84176,2,406
407,s3-step3400-f19of20-d1of2,19,20,0.950,1,2,0.50,3,3400,False,fresh_execution,,,0,10,False,not_right_censored,sparsity_failure,requested_member_1_sparsity_failure,991,6,1,0,1,49009,,not_applicable_empty_family,0,,,,,,,,,stage18-scaling-24a9adb84176,2,407
408,s3-step3400-f19of20-d3of4,19,20,0.950,3,4,0.75,3,3400,False,fresh_execution,,,0,10,False,not_right_censored,sparsity_failure,requested_member_1_sparsity_failure,991,6,1,0,1,49009,,not_applicable_empty_family,0,,,,,,,,,stage18-scaling-24a9adb84176,2,408
409,s3-step3400-f39of40-d1of4,39,40,0.975,1,4,0.25,3,3400,False,fresh_execution,,,0,10,False,not_right_censored,sparsity_failure,requested_member_1_sparsity_failure,754,3,1,0,1,49246,,not_applicable_empty_family,0,,,,,,,,,stage18-scaling-24a9adb84176,2,409
410,s3-step3400-f39of40-d1of2,39,40,0.975,1,2,0.50,3,3400,False,fresh_execution,,,0,10,False,not_right_censored,sparsity_failure,requested_member_1_sparsity_failure,754,3,1,0,1,49246,,not_applicable_empty_family,0,,,,,,,,,stage18-scaling-24a9adb84176,2,410
411,s3-step3400-f39of40-d3of4,39,40,0.975,3,4,0.75,3,3400,False,fresh_execution,,,0,10,False,not_right_censored,sparsity_failure,requested_member_1_sparsity_failure,754,3,1,0,1,49246,,not_applicable_empty_family,0,,,,,,,,,stage18-scaling-24a9adb84176,2,411
412,s3-step3400-f99of100-d1of4,99,100,0.990,1,4,0.25,3,3400,False,fresh_execution,,,0,10,False,not_right_censored,sparsity_failure,requested_member_1_sparsity_failure,930,3,1,0,1,49070,,not_applicable_empty_family,0,,,,,,,,,stage18-scaling-24a9adb84176,2,412
413,s3-step3400-f99of100-d1of2,99,100,0.990,1,2,0.50,3,3400,True,fresh_execution,,,0,10,False,not_right_censored,sparsity_failure,requested_member_1_sparsity_failure,930,3,1,0,1,49070,,not_applicable_empty_family,0,,,,,,,,,stage18-scaling-24a9adb84176,2,413
414,s3-step3400-f99of100-d3of4,99,100,0.990,3,4,0.75,3,3400,False,fresh_execution,,,0,10,False,not_right_censored,sparsity_failure,requested_member_1_sparsity_failure,930,3,1,0,1,49070,,not_applicable_empty_family,0,,,,,,,,,stage18-scaling-24a9adb84176,2,414
415,s3-step7450-f4of5-d1of4,4,5,0.800,1,4,0.25,3,7450,False,fresh_execution,,,0,10,False,not_right_censored,sparsity_failure,requested_member_1_sparsity_failure,1326,39,1,0,1,48674,,not_applicable_empty_family,0,,,,,,,,,stage18-scaling-24a9adb84176,3,415
416,s3-step7450-f4of5-d1of2,4,5,0.800,1,2,0.50,3,7450,False,fresh_execution,,,0,10,False,not_right_censored,sparsity_failure,requested_member_1_sparsity_failure,1326,39,1,0,1,48674,,not_applicable_empty_family,0,,,,,,,,,stage18-scaling-24a9adb84176,3,416
417,s3-step7450-f4of5-d3of4,4,5,0.800,3,4,0.75,3,7450,False,fresh_execution,,,0,10,False,not_right_censored,sparsity_failure,requested_member_1_sparsity_failure,1326,39,1,0,1,48674,,not_applicable_empty_family,0,,,,,,,,,stage18-scaling-24a9adb84176,3,417
418,s3-step7450-f17of20-d1of4,17,20,0.850,1,4,0.25,3,7450,False,fresh_execution,,,0,10,False,not_right_censored,sparsity_failure,requested_member_1_sparsity_failure,1054,23,1,0,1,48946,,not_applicable_empty_family,0,,,,,,,,,stage18-scaling-24a9adb84176,3,418
419,s3-step7450-f17of20-d1of2,17,20,0.850,1,2,0.50,3,7450,False,fresh_execution,,,0,10,False,not_right_censored,sparsity_failure,requested_member_1_sparsity_failure,1054,23,1,0,1,48946,,not_applicable_empty_family,0,,,,,,,,,stage18-scaling-24a9adb84176,3,419
420,s3-step7450-f17of20-d3of4,17,20,0.850,3,4,0.75,3,7450,False,fresh_execution,,,0,10,False,not_right_censored,sparsity_failure,requested_member_1_sparsity_failure,1054,23,1,0,1,48946,,not_applicable_empty_family,0,,,,,,,,,stage18-scaling-24a9adb84176,3,420
421,s3-step7450-f9of10-d1of4,9,10,0.900,1,4,0.25,3,7450,False,fresh_execution,,,0,10,False,not_right_censored,sparsity_failure,requested_member_1_sparsity_failure,985,12,1,0,1,49015,,not_applicable_empty_family,0,,,,,,,,,stage18-scaling-24a9adb84176,3,421
422,s3-step7450-f9of10-d1of2,9,10,0.900,1,2,0.50,3,7450,False,fresh_execution,,,0,10,False,not_right_censored,sparsity_failure,requested_member_1_sparsity_failure,985,12,1,0,1,49015,,not_applicable_empty_family,0,,,,,,,,,stage18-scaling-24a9adb84176,3,422
423,s3-step7450-f9of10-d3of4,9,10,0.900,3,4,0.75,3,7450,False,fresh_execution,,,0,10,False,not_right_censored,sparsity_failure,requested_member_1_sparsity_failure,985,12,1,0,1,49015,,not_applicable_empty_family,0,,,,,,,,,stage18-scaling-24a9adb84176,3,423
424,s3-step7450-f19of20-d1of4,19,20,0.950,1,4,0.25,3,7450,False,fresh_execution,,,0,10,False,not_right_censored,sparsity_failure,requested_member_1_sparsity_failure,577,4,1,0,1,49423,,not_applicable_empty_family,0,,,,,,,,,stage18-scaling-24a9adb84176,3,424
425,s3-step7450-f19of20-d1of2,19,20,0.950,1,2,0.50,3,7450,False,fresh_execution,,,0,10,False,not_right_censored,sparsity_failure,requested_member_1_sparsity_failure,577,4,1,0,1,49423,,not_applicable_empty_family,0,,,,,,,,,stage18-scaling-24a9adb84176,3,425
426,s3-step7450-f19of20-d3of4,19,20,0.950,3,4,0.75,3,7450,False,fresh_execution,,,0,10,False,not_right_censored,sparsity_failure,requested_member_1_sparsity_failure,577,4,1,0,1,49423,,not_applicable_empty_family,0,,,,,,,,,stage18-scaling-24a9adb84176,3,426
427,s3-step7450-f39of40-d1of4,39,40,0.975,1,4,0.25,3,7450,False,fresh_execution,,,0,10,False,not_right_censored,sparsity_failure,requested_member_1_sparsity_failure,531,2,1,0,1,49469,,not_applicable_empty_family,0,,,,,,,,,stage18-scaling-24a9adb84176,3,427
428,s3-step7450-f39of40-d1of2,39,40,0.975,1,2,0.50,3,7450,False,fresh_execution,,,0,10,False,not_right_censored,sparsity_failure,requested_member_1_sparsity_failure,531,2,1,0,1,49469,,not_applicable_empty_family,0,,,,,,,,,stage18-scaling-24a9adb84176,3,428
429,s3-step7450-f39of40-d3of4,39,40,0.975,3,4,0.75,3,7450,False,fresh_execution,,,0,10,False,not_right_censored,sparsity_failure,requested_member_1_sparsity_failure,531,2,1,0,1,49469,,not_applicable_empty_family,0,,,,,,,,,stage18-scaling-24a9adb84176,3,429
430,s3-step7450-f99of100-d1of4,99,100,0.990,1,4,0.25,3,7450,False,fresh_execution,,,0,10,False,not_right_censored,sparsity_failure,requested_member_1_sparsity_failure,803,2,1,0,1,49197,,not_applicable_empty_family,0,,,,,,,,,stage18-scaling-24a9adb84176,3,430
431,s3-step7450-f99of100-d1of2,99,100,0.990,1,2,0.50,3,7450,True,fresh_execution,,,0,10,False,not_right_censored,sparsity_failure,requested_member_1_sparsity_failure,803,2,1,0,1,49197,,not_applicable_empty_family,0,,,,,,,,,stage18-scaling-24a9adb84176,3,431
432,s3-step7450-f99of100-d3of4,99,100,0.990,3,4,0.75,3,7450,False,fresh_execution,,,0,10,False,not_right_censored,sparsity_failure,requested_member_1_sparsity_failure,803,2,1,0,1,49197,,not_applicable_empty_family,0,,,,,,,,,stage18-scaling-24a9adb84176,3,432
433,s3-step8150-f4of5-d1of4,4,5,0.800,1,4,0.25,3,8150,False,fresh_execution,,,0,10,False,not_right_censored,sparsity_failure,requested_member_1_sparsity_failure,2534,79,1,0,1,47466,,not_applicable_empty_family,0,,,,,,,,,stage18-scaling-24a9adb84176,4,433
434,s3-step8150-f4of5-d1of2,4,5,0.800,1,2,0.50,3,8150,False,fresh_execution,,,0,10,False,not_right_censored,sparsity_failure,requested_member_1_sparsity_failure,2534,79,1,0,1,47466,,not_applicable_empty_family,0,,,,,,,,,stage18-scaling-24a9adb84176,4,434
435,s3-step8150-f4of5-d3of4,4,5,0.800,3,4,0.75,3,8150,False,fresh_execution,,,0,10,False,not_right_censored,sparsity_failure,requested_member_1_sparsity_failure,2534,79,1,0,1,47466,,not_applicable_empty_family,0,,,,,,,,,stage18-scaling-24a9adb84176,4,435
436,s3-step8150-f17of20-d1of4,17,20,0.850,1,4,0.25,3,8150,False,fresh_execution,,,0,10,False,not_right_censored,sparsity_failure,requested_member_1_sparsity_failure,1748,49,1,0,1,48252,,not_applicable_empty_family,0,,,,,,,,,stage18-scaling-24a9adb84176,4,436
437,s3-step8150-f17of20-d1of2,17,20,0.850,1,2,0.50,3,8150,False,fresh_execution,,,0,10,False,not_right_censored,sparsity_failure,requested_member_1_sparsity_failure,1748,49,1,0,1,48252,,not_applicable_empty_family,0,,,,,,,,,stage18-scaling-24a9adb84176,4,437
438,s3-step8150-f17of20-d3of4,17,20,0.850,3,4,0.75,3,8150,False,fresh_execution,,,0,10,False,not_right_censored,sparsity_failure,requested_member_1_sparsity_failure,1748,49,1,0,1,48252,,not_applicable_empty_family,0,,,,,,,,,stage18-scaling-24a9adb84176,4,438
439,s3-step8150-f9of10-d1of4,9,10,0.900,1,4,0.25,3,8150,False,fresh_execution,,,0,10,False,not_right_censored,sparsity_failure,requested_member_1_sparsity_failure,1274,27,1,0,1,48726,,not_applicable_empty_family,0,,,,,,,,,stage18-scaling-24a9adb84176,4,439
440,s3-step8150-f9of10-d1of2,9,10,0.900,1,2,0.50,3,8150,False,fresh_execution,,,0,10,False,not_right_censored,sparsity_failure,requested_member_1_sparsity_failure,1274,27,1,0,1,48726,,not_applicable_empty_family,0,,,,,,,,,stage18-scaling-24a9adb84176,4,440
441,s3-step8150-f9of10-d3of4,9,10,0.900,3,4,0.75,3,8150,False,fresh_execution,,,0,10,False,not_right_censored,sparsity_failure,requested_member_1_sparsity_failure,1274,27,1,0,1,48726,,not_applicable_empty_family,0,,,,,,,,,stage18-scaling-24a9adb84176,4,441
442,s3-step8150-f19of20-d1of4,19,20,0.950,1,4,0.25,3,8150,False,fresh_execution,,,0,10,False,not_right_censored,sparsity_failure,requested_member_1_sparsity_failure,591,6,1,0,1,49409,,not_applicable_empty_family,0,,,,,,,,,stage18-scaling-24a9adb84176,4,442
443,s3-step8150-f19of20-d1of2,19,20,0.950,1,2,0.50,3,8150,False,fresh_execution,,,0,10,False,not_right_censored,sparsity_failure,requested_member_1_sparsity_failure,591,6,1,0,1,49409,,not_applicable_empty_family,0,,,,,,,,,stage18-scaling-24a9adb84176,4,443
444,s3-step8150-f19of20-d3of4,19,20,0.950,3,4,0.75,3,8150,False,fresh_execution,,,0,10,False,not_right_censored,sparsity_failure,requested_member_1_sparsity_failure,591,6,1,0,1,49409,,not_applicable_empty_family,0,,,,,,,,,stage18-scaling-24a9adb84176,4,444
445,s3-step8150-f39of40-d1of4,39,40,0.975,1,4,0.25,3,8150,False,fresh_execution,,,0,10,False,not_right_censored,sparsity_failure,requested_member_1_sparsity_failure,689,4,1,0,1,49311,,not_applicable_empty_family,0,,,,,,,,,stage18-scaling-24a9adb84176,4,445
446,s3-step8150-f39of40-d1of2,39,40,0.975,1,2,0.50,3,8150,False,fresh_execution,,,0,10,False,not_right_censored,sparsity_failure,requested_member_1_sparsity_failure,689,4,1,0,1,49311,,not_applicable_empty_family,0,,,,,,,,,stage18-scaling-24a9adb84176,4,446
447,s3-step8150-f39of40-d3of4,39,40,0.975,3,4,0.75,3,8150,False,fresh_execution,,,0,10,False,not_right_censored,sparsity_failure,requested_member_1_sparsity_failure,689,4,1,0,1,49311,,not_applicable_empty_family,0,,,,,,,,,stage18-scaling-24a9adb84176,4,447
448,s3-step8150-f99of100-d1of4,99,100,0.990,1,4,0.25,3,8150,False,fresh_execution,,,0,10,False,not_right_censored,sparsity_failure,requested_member_1_sparsity_failure,563,2,1,0,1,49437,,not_applicable_empty_family,0,,,,,,,,,stage18-scaling-24a9adb84176,4,448
449,s3-step8150-f99of100-d1of2,99,100,0.990,1,2,0.50,3,8150,True,fresh_execution,,,0,10,False,not_right_censored,sparsity_failure,requested_member_1_sparsity_failure,563,2,1,0,1,49437,,not_applicable_empty_family,0,,,,,,,,,stage18-scaling-24a9adb84176,4,449
450,s3-step8150-f99of100-d3of4,99,100,0.990,3,4,0.75,3,8150,False,fresh_execution,,,0,10,False,not_right_censored,sparsity_failure,requested_member_1_sparsity_failure,563,2,1,0,1,49437,,not_applicable_empty_family,0,,,,,,,,,stage18-scaling-24a9adb84176,4,450
451,s3-step8500-f4of5-d1of4,4,5,0.800,1,4,0.25,3,8500,False,fresh_execution,,,0,10,False,not_right_censored,sparsity_failure,requested_member_1_sparsity_failure,3510,127,1,0,1,46490,,not_applicable_empty_family,0,,,,,,,,,stage18-scaling-24a9adb84176,5,451
452,s3-step8500-f4of5-d1of2,4,5,0.800,1,2,0.50,3,8500,False,fresh_execution,,,0,10,False,not_right_censored,sparsity_failure,requested_member_1_sparsity_failure,3510,127,1,0,1,46490,,not_applicable_empty_family,0,,,,,,,,,stage18-scaling-24a9adb84176,5,452
453,s3-step8500-f4of5-d3of4,4,5,0.800,3,4,0.75,3,8500,False,fresh_execution,,,0,10,False,not_right_censored,sparsity_failure,requested_member_1_sparsity_failure,3510,127,1,0,1,46490,,not_applicable_empty_family,0,,,,,,,,,stage18-scaling-24a9adb84176,5,453
454,s3-step8500-f17of20-d1of4,17,20,0.850,1,4,0.25,3,8500,False,fresh_execution,,,0,10,False,not_right_censored,sparsity_failure,requested_member_1_sparsity_failure,2591,70,1,0,1,47409,,not_applicable_empty_family,0,,,,,,,,,stage18-scaling-24a9adb84176,5,454
455,s3-step8500-f17of20-d1of2,17,20,0.850,1,2,0.50,3,8500,False,fresh_execution,,,0,10,False,not_right_censored,sparsity_failure,requested_member_1_sparsity_failure,2591,70,1,0,1,47409,,not_applicable_empty_family,0,,,,,,,,,stage18-scaling-24a9adb84176,5,455
456,s3-step8500-f17of20-d3of4,17,20,0.850,3,4,0.75,3,8500,False,fresh_execution,,,0,10,False,not_right_censored,sparsity_failure,requested_member_1_sparsity_failure,2591,70,1,0,1,47409,,not_applicable_empty_family,0,,,,,,,,,stage18-scaling-24a9adb84176,5,456
457,s3-step8500-f9of10-d1of4,9,10,0.900,1,4,0.25,3,8500,False,fresh_execution,,,0,10,False,not_right_censored,sparsity_failure,requested_member_1_sparsity_failure,1553,36,1,0,1,48447,,not_applicable_empty_family,0,,,,,,,,,stage18-scaling-24a9adb84176,5,457
458,s3-step8500-f9of10-d1of2,9,10,0.900,1,2,0.50,3,8500,False,fresh_execution,,,0,10,False,not_right_censored,sparsity_failure,requested_member_1_sparsity_failure,1553,36,1,0,1,48447,,not_applicable_empty_family,0,,,,,,,,,stage18-scaling-24a9adb84176,5,458
459,s3-step8500-f9of10-d3of4,9,10,0.900,3,4,0.75,3,8500,False,fresh_execution,,,0,10,False,not_right_censored,sparsity_failure,requested_member_1_sparsity_failure,1553,36,1,0,1,48447,,not_applicable_empty_family,0,,,,,,,,,stage18-scaling-24a9adb84176,5,459
460,s3-step8500-f19of20-d1of4,19,20,0.950,1,4,0.25,3,8500,False,fresh_execution,,,0,10,False,not_right_censored,sparsity_failure,requested_member_1_sparsity_failure,1316,17,1,0,1,48684,,not_applicable_empty_family,0,,,,,,,,,stage18-scaling-24a9adb84176,5,460
461,s3-step8500-f19of20-d1of2,19,20,0.950,1,2,0.50,3,8500,False,fresh_execution,,,0,10,False,not_right_censored,sparsity_failure,requested_member_1_sparsity_failure,1316,17,1,0,1,48684,,not_applicable_empty_family,0,,,,,,,,,stage18-scaling-24a9adb84176,5,461
462,s3-step8500-f19of20-d3of4,19,20,0.950,3,4,0.75,3,8500,False,fresh_execution,,,0,10,False,not_right_censored,sparsity_failure,requested_member_1_sparsity_failure,1316,17,1,0,1,48684,,not_applicable_empty_family,0,,,,,,,,,stage18-scaling-24a9adb84176,5,462
463,s3-step8500-f39of40-d1of4,39,40,0.975,1,4,0.25,3,8500,False,fresh_execution,,,0,10,False,not_right_censored,sparsity_failure,requested_member_1_sparsity_failure,800,5,1,0,1,49200,,not_applicable_empty_family,0,,,,,,,,,stage18-scaling-24a9adb84176,5,463
464,s3-step8500-f39of40-d1of2,39,40,0.975,1,2,0.50,3,8500,False,fresh_execution,,,0,10,False,not_right_censored,sparsity_failure,requested_member_1_sparsity_failure,800,5,1,0,1,49200,,not_applicable_empty_family,0,,,,,,,,,stage18-scaling-24a9adb84176,5,464
465,s3-step8500-f39of40-d3of4,39,40,0.975,3,4,0.75,3,8500,False,fresh_execution,,,0,10,False,not_right_censored,sparsity_failure,requested_member_1_sparsity_failure,800,5,1,0,1,49200,,not_applicable_empty_family,0,,,,,,,,,stage18-scaling-24a9adb84176,5,465
466,s3-step8500-f99of100-d1of4,99,100,0.990,1,4,0.25,3,8500,False,fresh_execution,,,0,10,False,not_right_censored,sparsity_failure,requested_member_1_sparsity_failure,547,2,1,0,1,49453,,not_applicable_empty_family,0,,,,,,,,,stage18-scaling-24a9adb84176,5,466
467,s3-step8500-f99of100-d1of2,99,100,0.990,1,2,0.50,3,8500,True,fresh_execution,,,0,10,False,not_right_censored,sparsity_failure,requested_member_1_sparsity_failure,547,2,1,0,1,49453,,not_applicable_empty_family,0,,,,,,,,,stage18-scaling-24a9adb84176,5,467
468,s3-step8500-f99of100-d3of4,99,100,0.990,3,4,0.75,3,8500,False,fresh_execution,,,0,10,False,not_right_censored,sparsity_failure,requested_member_1_sparsity_failure,547,2,1,0,1,49453,,not_applicable_empty_family,0,,,,,,,,,stage18-scaling-24a9adb84176,5,468
469,s3-step8650-f4of5-d1of4,4,5,0.800,1,4,0.25,3,8650,False,fresh_execution,,,0,10,False,not_right_censored,sparsity_failure,requested_member_1_sparsity_failure,4511,150,1,0,1,45489,,not_applicable_empty_family,0,,,,,,,,,stage18-scaling-24a9adb84176,6,469
470,s3-step8650-f4of5-d1of2,4,5,0.800,1,2,0.50,3,8650,False,fresh_execution,,,0,10,False,not_right_censored,sparsity_failure,requested_member_1_sparsity_failure,4511,150,1,0,1,45489,,not_applicable_empty_family,0,,,,,,,,,stage18-scaling-24a9adb84176,6,470
471,s3-step8650-f4of5-d3of4,4,5,0.800,3,4,0.75,3,8650,False,fresh_execution,,,0,10,False,not_right_censored,sparsity_failure,requested_member_1_sparsity_failure,4511,150,1,0,1,45489,,not_applicable_empty_family,0,,,,,,,,,stage18-scaling-24a9adb84176,6,471
472,s3-step8650-f17of20-d1of4,17,20,0.850,1,4,0.25,3,8650,False,fresh_execution,,,0,10,False,not_right_censored,sparsity_failure,requested_member_1_sparsity_failure,4160,101,1,0,1,45840,,not_applicable_empty_family,0,,,,,,,,,stage18-scaling-24a9adb84176,6,472
473,s3-step8650-f17of20-d1of2,17,20,0.850,1,2,0.50,3,8650,False,fresh_execution,,,0,10,False,not_right_censored,sparsity_failure,requested_member_1_sparsity_failure,4160,101,1,0,1,45840,,not_applicable_empty_family,0,,,,,,,,,stage18-scaling-24a9adb84176,6,473
474,s3-step8650-f17of20-d3of4,17,20,0.850,3,4,0.75,3,8650,False,fresh_execution,,,0,10,False,not_right_censored,sparsity_failure,requested_member_1_sparsity_failure,4160,101,1,0,1,45840,,not_applicable_empty_family,0,,,,,,,,,stage18-scaling-24a9adb84176,6,474
475,s3-step8650-f9of10-d1of4,9,10,0.900,1,4,0.25,3,8650,False,fresh_execution,,,0,10,False,not_right_censored,sparsity_failure,requested_member_1_sparsity_failure,2007,46,1,0,1,47993,,not_applicable_empty_family,0,,,,,,,,,stage18-scaling-24a9adb84176,6,475
476,s3-step8650-f9of10-d1of2,9,10,0.900,1,2,0.50,3,8650,False,fresh_execution,,,0,10,False,not_right_censored,sparsity_failure,requested_member_1_sparsity_failure,2007,46,1,0,1,47993,,not_applicable_empty_family,0,,,,,,,,,stage18-scaling-24a9adb84176,6,476
477,s3-step8650-f9of10-d3of4,9,10,0.900,3,4,0.75,3,8650,False,fresh_execution,,,0,10,False,not_right_censored,sparsity_failure,requested_member_1_sparsity_failure,2007,46,1,0,1,47993,,not_applicable_empty_family,0,,,,,,,,,stage18-scaling-24a9adb84176,6,477
478,s3-step8650-f19of20-d1of4,19,20,0.950,1,4,0.25,3,8650,False,fresh_execution,,,0,10,False,not_right_censored,sparsity_failure,requested_member_1_sparsity_failure,1141,16,1,0,1,48859,,not_applicable_empty_family,0,,,,,,,,,stage18-scaling-24a9adb84176,6,478
479,s3-step8650-f19of20-d1of2,19,20,0.950,1,2,0.50,3,8650,False,fresh_execution,,,0,10,False,not_right_censored,sparsity_failure,requested_member_1_sparsity_failure,1141,16,1,0,1,48859,,not_applicable_empty_family,0,,,,,,,,,stage18-scaling-24a9adb84176,6,479
480,s3-step8650-f19of20-d3of4,19,20,0.950,3,4,0.75,3,8650,False,fresh_execution,,,0,10,False,not_right_censored,sparsity_failure,requested_member_1_sparsity_failure,1141,16,1,0,1,48859,,not_applicable_empty_family,0,,,,,,,,,stage18-scaling-24a9adb84176,6,480
481,s3-step8650-f39of40-d1of4,39,40,0.975,1,4,0.25,3,8650,False,fresh_execution,,,0,10,False,not_right_censored,sparsity_failure,requested_member_1_sparsity_failure,846,7,1,0,1,49154,,not_applicable_empty_family,0,,,,,,,,,stage18-scaling-24a9adb84176,6,481
482,s3-step8650-f39of40-d1of2,39,40,0.975,1,2,0.50,3,8650,False,fresh_execution,,,0,10,False,not_right_censored,sparsity_failure,requested_member_1_sparsity_failure,846,7,1,0,1,49154,,not_applicable_empty_family,0,,,,,,,,,stage18-scaling-24a9adb84176,6,482
483,s3-step8650-f39of40-d3of4,39,40,0.975,3,4,0.75,3,8650,False,fresh_execution,,,0,10,False,not_right_censored,sparsity_failure,requested_member_1_sparsity_failure,846,7,1,0,1,49154,,not_applicable_empty_family,0,,,,,,,,,stage18-scaling-24a9adb84176,6,483
484,s3-step8650-f99of100-d1of4,99,100,0.990,1,4,0.25,3,8650,False,fresh_execution,,,0,10,False,not_right_censored,sparsity_failure,requested_member_1_sparsity_failure,706,3,1,0,1,49294,,not_applicable_empty_family,0,,,,,,,,,stage18-scaling-24a9adb84176,6,484
485,s3-step8650-f99of100-d1of2,99,100,0.990,1,2,0.50,3,8650,True,fresh_execution,,,0,10,False,not_right_censored,sparsity_failure,requested_member_1_sparsity_failure,706,3,1,0,1,49294,,not_applicable_empty_family,0,,,,,,,,,stage18-scaling-24a9adb84176,6,485
486,s3-step8650-f99of100-d3of4,99,100,0.990,3,4,0.75,3,8650,False,fresh_execution,,,0,10,False,not_right_censored,sparsity_failure,requested_member_1_sparsity_failure,706,3,1,0,1,49294,,not_applicable_empty_family,0,,,,,,,,,stage18-scaling-24a9adb84176,6,486
487,s3-step9050-f4of5-d1of4,4,5,0.800,1,4,0.25,3,9050,False,fresh_execution,,,2,10,False,not_right_censored,budget_exhaustion,requested_member_3_budget_exhaustion,24251,1073,4,2,1,25749,1,complete,1,0.04914004914004914,0.04914004914004914,0.04914004914004914,0.04914004914004914,0.9508599508599509,0.9508599508599509,0.9508599508599509,True,stage18-scaling-24a9adb84176,7,487
488,s3-step9050-f4of5-d1of2,4,5,0.800,1,2,0.50,3,9050,False,fresh_execution,,,6,10,False,not_right_censored,budget_exhaustion,requested_member_7_budget_exhaustion,50000,2099,7,6,1,0,1,complete,15,0.04914004914004914,0.33436532507739936,0.23603574115469222,0.2442528735632184,0.6656346749226006,0.9508599508599509,0.7639642588453078,True,stage18-scaling-24a9adb84176,7,488
489,s3-step9050-f4of5-d3of4,4,5,0.800,3,4,0.75,3,9050,False,fresh_execution,,,6,10,False,not_right_censored,budget_exhaustion,requested_member_7_budget_exhaustion,50000,2099,7,6,1,0,1,complete,15,0.04914004914004914,0.33436532507739936,0.23603574115469222,0.2442528735632184,0.6656346749226006,0.9508599508599509,0.7639642588453078,True,stage18-scaling-24a9adb84176,7,489
490,s3-step9050-f17of20-d1of4,17,20,0.850,1,4,0.25,3,9050,False,fresh_execution,,,0,10,False,not_right_censored,sparsity_failure,requested_member_1_sparsity_failure,6757,256,1,0,1,43243,,not_applicable_empty_family,0,,,,,,,,,stage18-scaling-24a9adb84176,7,490
491,s3-step9050-f17of20-d1of2,17,20,0.850,1,2,0.50,3,9050,False,fresh_execution,,,0,10,False,not_right_censored,sparsity_failure,requested_member_1_sparsity_failure,6757,256,1,0,1,43243,,not_applicable_empty_family,0,,,,,,,,,stage18-scaling-24a9adb84176,7,491
492,s3-step9050-f17of20-d3of4,17,20,0.850,3,4,0.75,3,9050,False,fresh_execution,,,0,10,False,not_right_censored,sparsity_failure,requested_member_1_sparsity_failure,6757,256,1,0,1,43243,,not_applicable_empty_family,0,,,,,,,,,stage18-scaling-24a9adb84176,7,492
493,s3-step9050-f9of10-d1of4,9,10,0.900,1,4,0.25,3,9050,False,fresh_execution,,,0,10,False,not_right_censored,sparsity_failure,requested_member_1_sparsity_failure,6074,187,1,0,1,43926,,not_applicable_empty_family,0,,,,,,,,,stage18-scaling-24a9adb84176,7,493
494,s3-step9050-f9of10-d1of2,9,10,0.900,1,2,0.50,3,9050,False,fresh_execution,,,0,10,False,not_right_censored,sparsity_failure,requested_member_1_sparsity_failure,6074,187,1,0,1,43926,,not_applicable_empty_family,0,,,,,,,,,stage18-scaling-24a9adb84176,7,494
495,s3-step9050-f9of10-d3of4,9,10,0.900,3,4,0.75,3,9050,False,fresh_execution,,,0,10,False,not_right_censored,sparsity_failure,requested_member_1_sparsity_failure,6074,187,1,0,1,43926,,not_applicable_empty_family,0,,,,,,,,,stage18-scaling-24a9adb84176,7,495
496,s3-step9050-f19of20-d1of4,19,20,0.950,1,4,0.25,3,9050,False,fresh_execution,,,0,10,False,not_right_censored,sparsity_failure,requested_member_1_sparsity_failure,4304,69,1,0,1,45696,,not_applicable_empty_family,0,,,,,,,,,stage18-scaling-24a9adb84176,7,496
497,s3-step9050-f19of20-d1of2,19,20,0.950,1,2,0.50,3,9050,False,fresh_execution,,,0,10,False,not_right_censored,sparsity_failure,requested_member_1_sparsity_failure,4304,69,1,0,1,45696,,not_applicable_empty_family,0,,,,,,,,,stage18-scaling-24a9adb84176,7,497
498,s3-step9050-f19of20-d3of4,19,20,0.950,3,4,0.75,3,9050,False,fresh_execution,,,0,10,False,not_right_censored,sparsity_failure,requested_member_1_sparsity_failure,4304,69,1,0,1,45696,,not_applicable_empty_family,0,,,,,,,,,stage18-scaling-24a9adb84176,7,498
499,s3-step9050-f39of40-d1of4,39,40,0.975,1,4,0.25,3,9050,False,fresh_execution,,,0,10,False,not_right_censored,sparsity_failure,requested_member_1_sparsity_failure,3779,34,1,0,1,46221,,not_applicable_empty_family,0,,,,,,,,,stage18-scaling-24a9adb84176,7,499
500,s3-step9050-f39of40-d1of2,39,40,0.975,1,2,0.50,3,9050,False,fresh_execution,,,0,10,False,not_right_censored,sparsity_failure,requested_member_1_sparsity_failure,3779,34,1,0,1,46221,,not_applicable_empty_family,0,,,,,,,,,stage18-scaling-24a9adb84176,7,500
501,s3-step9050-f39of40-d3of4,39,40,0.975,3,4,0.75,3,9050,False,fresh_execution,,,0,10,False,not_right_censored,sparsity_failure,requested_member_1_sparsity_failure,3779,34,1,0,1,46221,,not_applicable_empty_family,0,,,,,,,,,stage18-scaling-24a9adb84176,7,501
502,s3-step9050-f99of100-d1of4,99,100,0.990,1,4,0.25,3,9050,False,fresh_execution,,,0,10,False,not_right_censored,sparsity_failure,requested_member_1_sparsity_failure,1133,8,1,0,1,48867,,not_applicable_empty_family,0,,,,,,,,,stage18-scaling-24a9adb84176,7,502
503,s3-step9050-f99of100-d1of2,99,100,0.990,1,2,0.50,3,9050,True,fresh_execution,,,0,10,False,not_right_censored,sparsity_failure,requested_member_1_sparsity_failure,1133,8,1,0,1,48867,,not_applicable_empty_family,0,,,,,,,,,stage18-scaling-24a9adb84176,7,503
504,s3-step9050-f99of100-d3of4,99,100,0.990,3,4,0.75,3,9050,False,fresh_execution,,,0,10,False,not_right_censored,sparsity_failure,requested_member_1_sparsity_failure,1133,8,1,0,1,48867,,not_applicable_empty_family,0,,,,,,,,,stage18-scaling-24a9adb84176,7,504
505,s4-step200-f4of5-d1of4,4,5,0.800,1,4,0.25,4,200,False,fresh_execution,,,0,10,False,not_right_censored,sparsity_failure,requested_member_1_sparsity_failure,1151,22,1,0,1,48849,,not_applicable_empty_family,0,,,,,,,,,stage18-scaling-24a9adb84176,1,505
506,s4-step200-f4of5-d1of2,4,5,0.800,1,2,0.50,4,200,False,fresh_execution,,,0,10,False,not_right_censored,sparsity_failure,requested_member_1_sparsity_failure,1151,22,1,0,1,48849,,not_applicable_empty_family,0,,,,,,,,,stage18-scaling-24a9adb84176,1,506
507,s4-step200-f4of5-d3of4,4,5,0.800,3,4,0.75,4,200,False,fresh_execution,,,0,10,False,not_right_censored,sparsity_failure,requested_member_1_sparsity_failure,1151,22,1,0,1,48849,,not_applicable_empty_family,0,,,,,,,,,stage18-scaling-24a9adb84176,1,507
508,s4-step200-f17of20-d1of4,17,20,0.850,1,4,0.25,4,200,False,fresh_execution,,,0,10,False,not_right_censored,sparsity_failure,requested_member_1_sparsity_failure,888,13,1,0,1,49112,,not_applicable_empty_family,0,,,,,,,,,stage18-scaling-24a9adb84176,1,508
509,s4-step200-f17of20-d1of2,17,20,0.850,1,2,0.50,4,200,False,fresh_execution,,,0,10,False,not_right_censored,sparsity_failure,requested_member_1_sparsity_failure,888,13,1,0,1,49112,,not_applicable_empty_family,0,,,,,,,,,stage18-scaling-24a9adb84176,1,509
510,s4-step200-f17of20-d3of4,17,20,0.850,3,4,0.75,4,200,False,fresh_execution,,,0,10,False,not_right_censored,sparsity_failure,requested_member_1_sparsity_failure,888,13,1,0,1,49112,,not_applicable_empty_family,0,,,,,,,,,stage18-scaling-24a9adb84176,1,510
511,s4-step200-f9of10-d1of4,9,10,0.900,1,4,0.25,4,200,False,fresh_execution,,,0,10,False,not_right_censored,sparsity_failure,requested_member_1_sparsity_failure,973,8,1,0,1,49027,,not_applicable_empty_family,0,,,,,,,,,stage18-scaling-24a9adb84176,1,511
512,s4-step200-f9of10-d1of2,9,10,0.900,1,2,0.50,4,200,False,fresh_execution,,,0,10,False,not_right_censored,sparsity_failure,requested_member_1_sparsity_failure,973,8,1,0,1,49027,,not_applicable_empty_family,0,,,,,,,,,stage18-scaling-24a9adb84176,1,512
513,s4-step200-f9of10-d3of4,9,10,0.900,3,4,0.75,4,200,False,fresh_execution,,,0,10,False,not_right_censored,sparsity_failure,requested_member_1_sparsity_failure,973,8,1,0,1,49027,,not_applicable_empty_family,0,,,,,,,,,stage18-scaling-24a9adb84176,1,513
514,s4-step200-f19of20-d1of4,19,20,0.950,1,4,0.25,4,200,False,fresh_execution,,,0,10,False,not_right_censored,sparsity_failure,requested_member_1_sparsity_failure,642,3,1,0,1,49358,,not_applicable_empty_family,0,,,,,,,,,stage18-scaling-24a9adb84176,1,514
515,s4-step200-f19of20-d1of2,19,20,0.950,1,2,0.50,4,200,False,fresh_execution,,,0,10,False,not_right_censored,sparsity_failure,requested_member_1_sparsity_failure,642,3,1,0,1,49358,,not_applicable_empty_family,0,,,,,,,,,stage18-scaling-24a9adb84176,1,515
516,s4-step200-f19of20-d3of4,19,20,0.950,3,4,0.75,4,200,False,fresh_execution,,,0,10,False,not_right_censored,sparsity_failure,requested_member_1_sparsity_failure,642,3,1,0,1,49358,,not_applicable_empty_family,0,,,,,,,,,stage18-scaling-24a9adb84176,1,516
517,s4-step200-f39of40-d1of4,39,40,0.975,1,4,0.25,4,200,False,fresh_execution,,,0,10,False,not_right_censored,sparsity_failure,requested_member_1_sparsity_failure,722,3,1,0,1,49278,,not_applicable_empty_family,0,,,,,,,,,stage18-scaling-24a9adb84176,1,517
518,s4-step200-f39of40-d1of2,39,40,0.975,1,2,0.50,4,200,False,fresh_execution,,,0,10,False,not_right_censored,sparsity_failure,requested_member_1_sparsity_failure,722,3,1,0,1,49278,,not_applicable_empty_family,0,,,,,,,,,stage18-scaling-24a9adb84176,1,518
519,s4-step200-f39of40-d3of4,39,40,0.975,3,4,0.75,4,200,False,fresh_execution,,,0,10,False,not_right_censored,sparsity_failure,requested_member_1_sparsity_failure,722,3,1,0,1,49278,,not_applicable_empty_family,0,,,,,,,,,stage18-scaling-24a9adb84176,1,519
520,s4-step200-f99of100-d1of4,99,100,0.990,1,4,0.25,4,200,False,fresh_execution,,,0,10,False,not_right_censored,sparsity_failure,requested_member_1_sparsity_failure,1009,4,1,0,1,48991,,not_applicable_empty_family,0,,,,,,,,,stage18-scaling-24a9adb84176,1,520
521,s4-step200-f99of100-d1of2,99,100,0.990,1,2,0.50,4,200,True,fresh_execution,,,0,10,False,not_right_censored,sparsity_failure,requested_member_1_sparsity_failure,1009,4,1,0,1,48991,,not_applicable_empty_family,0,,,,,,,,,stage18-scaling-24a9adb84176,1,521
522,s4-step200-f99of100-d3of4,99,100,0.990,3,4,0.75,4,200,False,fresh_execution,,,0,10,False,not_right_censored,sparsity_failure,requested_member_1_sparsity_failure,1009,4,1,0,1,48991,,not_applicable_empty_family,0,,,,,,,,,stage18-scaling-24a9adb84176,1,522
523,s4-step3400-f4of5-d1of4,4,5,0.800,1,4,0.25,4,3400,False,fresh_execution,,,0,10,False,not_right_censored,sparsity_failure,requested_member_1_sparsity_failure,1685,32,1,0,1,48315,,not_applicable_empty_family,0,,,,,,,,,stage18-scaling-24a9adb84176,2,523
524,s4-step3400-f4of5-d1of2,4,5,0.800,1,2,0.50,4,3400,False,fresh_execution,,,0,10,False,not_right_censored,sparsity_failure,requested_member_1_sparsity_failure,1685,32,1,0,1,48315,,not_applicable_empty_family,0,,,,,,,,,stage18-scaling-24a9adb84176,2,524
525,s4-step3400-f4of5-d3of4,4,5,0.800,3,4,0.75,4,3400,False,fresh_execution,,,0,10,False,not_right_censored,sparsity_failure,requested_member_1_sparsity_failure,1685,32,1,0,1,48315,,not_applicable_empty_family,0,,,,,,,,,stage18-scaling-24a9adb84176,2,525
526,s4-step3400-f17of20-d1of4,17,20,0.850,1,4,0.25,4,3400,False,fresh_execution,,,0,10,False,not_right_censored,sparsity_failure,requested_member_1_sparsity_failure,1247,22,1,0,1,48753,,not_applicable_empty_family,0,,,,,,,,,stage18-scaling-24a9adb84176,2,526
527,s4-step3400-f17of20-d1of2,17,20,0.850,1,2,0.50,4,3400,False,fresh_execution,,,0,10,False,not_right_censored,sparsity_failure,requested_member_1_sparsity_failure,1247,22,1,0,1,48753,,not_applicable_empty_family,0,,,,,,,,,stage18-scaling-24a9adb84176,2,527
528,s4-step3400-f17of20-d3of4,17,20,0.850,3,4,0.75,4,3400,False,fresh_execution,,,0,10,False,not_right_censored,sparsity_failure,requested_member_1_sparsity_failure,1247,22,1,0,1,48753,,not_applicable_empty_family,0,,,,,,,,,stage18-scaling-24a9adb84176,2,528
529,s4-step3400-f9of10-d1of4,9,10,0.900,1,4,0.25,4,3400,False,fresh_execution,,,0,10,False,not_right_censored,sparsity_failure,requested_member_1_sparsity_failure,795,10,1,0,1,49205,,not_applicable_empty_family,0,,,,,,,,,stage18-scaling-24a9adb84176,2,529
530,s4-step3400-f9of10-d1of2,9,10,0.900,1,2,0.50,4,3400,False,fresh_execution,,,0,10,False,not_right_censored,sparsity_failure,requested_member_1_sparsity_failure,795,10,1,0,1,49205,,not_applicable_empty_family,0,,,,,,,,,stage18-scaling-24a9adb84176,2,530
531,s4-step3400-f9of10-d3of4,9,10,0.900,3,4,0.75,4,3400,False,fresh_execution,,,0,10,False,not_right_censored,sparsity_failure,requested_member_1_sparsity_failure,795,10,1,0,1,49205,,not_applicable_empty_family,0,,,,,,,,,stage18-scaling-24a9adb84176,2,531
532,s4-step3400-f19of20-d1of4,19,20,0.950,1,4,0.25,4,3400,False,fresh_execution,,,0,10,False,not_right_censored,sparsity_failure,requested_member_1_sparsity_failure,721,4,1,0,1,49279,,not_applicable_empty_family,0,,,,,,,,,stage18-scaling-24a9adb84176,2,532
533,s4-step3400-f19of20-d1of2,19,20,0.950,1,2,0.50,4,3400,False,fresh_execution,,,0,10,False,not_right_censored,sparsity_failure,requested_member_1_sparsity_failure,721,4,1,0,1,49279,,not_applicable_empty_family,0,,,,,,,,,stage18-scaling-24a9adb84176,2,533
534,s4-step3400-f19of20-d3of4,19,20,0.950,3,4,0.75,4,3400,False,fresh_execution,,,0,10,False,not_right_censored,sparsity_failure,requested_member_1_sparsity_failure,721,4,1,0,1,49279,,not_applicable_empty_family,0,,,,,,,,,stage18-scaling-24a9adb84176,2,534
535,s4-step3400-f39of40-d1of4,39,40,0.975,1,4,0.25,4,3400,False,fresh_execution,,,0,10,False,not_right_censored,sparsity_failure,requested_member_1_sparsity_failure,531,2,1,0,1,49469,,not_applicable_empty_family,0,,,,,,,,,stage18-scaling-24a9adb84176,2,535
536,s4-step3400-f39of40-d1of2,39,40,0.975,1,2,0.50,4,3400,False,fresh_execution,,,0,10,False,not_right_censored,sparsity_failure,requested_member_1_sparsity_failure,531,2,1,0,1,49469,,not_applicable_empty_family,0,,,,,,,,,stage18-scaling-24a9adb84176,2,536
537,s4-step3400-f39of40-d3of4,39,40,0.975,3,4,0.75,4,3400,False,fresh_execution,,,0,10,False,not_right_censored,sparsity_failure,requested_member_1_sparsity_failure,531,2,1,0,1,49469,,not_applicable_empty_family,0,,,,,,,,,stage18-scaling-24a9adb84176,2,537
538,s4-step3400-f99of100-d1of4,99,100,0.990,1,4,0.25,4,3400,False,fresh_execution,,,0,10,False,not_right_censored,sparsity_failure,requested_member_1_sparsity_failure,675,2,1,0,1,49325,,not_applicable_empty_family,0,,,,,,,,,stage18-scaling-24a9adb84176,2,538
539,s4-step3400-f99of100-d1of2,99,100,0.990,1,2,0.50,4,3400,True,fresh_execution,,,0,10,False,not_right_censored,sparsity_failure,requested_member_1_sparsity_failure,675,2,1,0,1,49325,,not_applicable_empty_family,0,,,,,,,,,stage18-scaling-24a9adb84176,2,539
540,s4-step3400-f99of100-d3of4,99,100,0.990,3,4,0.75,4,3400,False,fresh_execution,,,0,10,False,not_right_censored,sparsity_failure,requested_member_1_sparsity_failure,675,2,1,0,1,49325,,not_applicable_empty_family,0,,,,,,,,,stage18-scaling-24a9adb84176,2,540
541,s4-step7450-f4of5-d1of4,4,5,0.800,1,4,0.25,4,7450,False,fresh_execution,,,5,10,False,not_right_censored,budget_exhaustion,requested_member_6_budget_exhaustion,47366,2946,7,5,1,2634,1,complete,10,0.1348314606741573,0.23595505617977527,0.17512735219007322,0.17509578544061305,0.7640449438202247,0.8651685393258427,0.8248726478099268,True,stage18-scaling-24a9adb84176,3,541
542,s4-step7450-f4of5-d1of2,4,5,0.800,1,2,0.50,4,7450,False,fresh_execution,,,6,10,False,not_right_censored,budget_exhaustion,requested_member_7_budget_exhaustion,50000,3111,7,6,1,0,1,complete,15,0.1348314606741573,0.358974358974359,0.19117888248340872,0.18181818181818182,0.641025641025641,0.8651685393258427,0.8088211175165912,True,stage18-scaling-24a9adb84176,3,542
543,s4-step7450-f4of5-d3of4,4,5,0.800,3,4,0.75,4,7450,False,fresh_execution,,,6,10,False,not_right_censored,budget_exhaustion,requested_member_7_budget_exhaustion,50000,3111,7,6,1,0,1,complete,15,0.1348314606741573,0.358974358974359,0.19117888248340872,0.18181818181818182,0.641025641025641,0.8651685393258427,0.8088211175165912,True,stage18-scaling-24a9adb84176,3,543
544,s4-step7450-f17of20-d1of4,17,20,0.850,1,4,0.25,4,7450,False,fresh_execution,,,4,10,False,not_right_censored,budget_exhaustion,requested_member_5_budget_exhaustion,39784,2475,6,4,1,10216,1,complete,6,0.12371134020618557,0.22988505747126436,0.1820164097936808,0.17936132465996452,0.7701149425287357,0.8762886597938144,0.8179835902063192,True,stage18-scaling-24a9adb84176,3,544
545,s4-step7450-f17of20-d1of2,17,20,0.850,1,2,0.50,4,7450,False,fresh_execution,,,6,10,False,not_right_censored,budget_exhaustion,requested_member_7_budget_exhaustion,50000,3111,7,6,1,0,1,complete,15,0.12371134020618557,0.35294117647058826,0.20447435431546587,0.1935483870967742,0.6470588235294117,0.8762886597938144,0.7955256456845341,True,stage18-scaling-24a9adb84176,3,545
546,s4-step7450-f17of20-d3of4,17,20,0.850,3,4,0.75,4,7450,False,fresh_execution,,,6,10,False,not_right_censored,budget_exhaustion,requested_member_7_budget_exhaustion,50000,3111,7,6,1,0,1,complete,15,0.12371134020618557,0.35294117647058826,0.20447435431546587,0.1935483870967742,0.6470588235294117,0.8762886597938144,0.7955256456845341,True,stage18-scaling-24a9adb84176,3,546
547,s4-step7450-f9of10-d1of4,9,10,0.900,1,4,0.25,4,7450,False,fresh_execution,,,3,10,False,not_right_censored,budget_exhaustion,requested_member_4_budget_exhaustion,32038,1991,5,3,1,17962,1,complete,3,0.13333333333333333,0.21212121212121213,0.1606060606060606,0.13636363636363635,0.7878787878787878,0.8666666666666667,0.8393939393939394,True,stage18-scaling-24a9adb84176,3,547
548,s4-step7450-f9of10-d1of2,9,10,0.900,1,2,0.50,4,7450,False,fresh_execution,,,6,10,False,not_right_censored,budget_exhaustion,requested_member_7_budget_exhaustion,50000,3106,7,6,1,0,1,complete,15,0.13333333333333333,0.42045454545454547,0.20628322971775653,0.19811320754716982,0.5795454545454546,0.8666666666666667,0.7937167702822434,True,stage18-scaling-24a9adb84176,3,548
549,s4-step7450-f9of10-d3of4,9,10,0.900,3,4,0.75,4,7450,False,fresh_execution,,,6,10,False,not_right_censored,budget_exhaustion,requested_member_7_budget_exhaustion,50000,3106,7,6,1,0,1,complete,15,0.13333333333333333,0.42045454545454547,0.20628322971775653,0.19811320754716982,0.5795454545454546,0.8666666666666667,0.7937167702822434,True,stage18-scaling-24a9adb84176,3,549
550,s4-step7450-f19of20-d1of4,19,20,0.950,1,4,0.25,4,7450,False,fresh_execution,,,5,10,False,not_right_censored,budget_exhaustion,requested_member_6_budget_exhaustion,46211,2868,7,5,1,3789,1,complete,10,0.10569105691056911,0.23423423423423423,0.15622103270334067,0.14835164835164835,0.7657657657657657,0.8943089430894309,0.8437789672966594,True,stage18-scaling-24a9adb84176,3,550
551,s4-step7450-f19of20-d1of2,19,20,0.950,1,2,0.50,4,7450,False,fresh_execution,,,6,10,False,not_right_censored,budget_exhaustion,requested_member_7_budget_exhaustion,50000,3105,7,6,1,0,1,complete,15,0.10569105691056911,0.25925925925925924,0.16887104966856084,0.17094017094017094,0.7407407407407407,0.8943089430894309,0.8311289503314392,True,stage18-scaling-24a9adb84176,3,551
552,s4-step7450-f19of20-d3of4,19,20,0.950,3,4,0.75,4,7450,False,fresh_execution,,,6,10,False,not_right_censored,budget_exhaustion,requested_member_7_budget_exhaustion,50000,3105,7,6,1,0,1,complete,15,0.10569105691056911,0.25925925925925924,0.16887104966856084,0.17094017094017094,0.7407407407407407,0.8943089430894309,0.8311289503314392,True,stage18-scaling-24a9adb84176,3,552
553,s4-step7450-f39of40-d1of4,39,40,0.975,1,4,0.25,4,7450,False,fresh_execution,,,5,10,False,not_right_censored,budget_exhaustion,requested_member_6_budget_exhaustion,45626,2828,7,5,1,4374,1,complete,10,0.11188811188811189,0.22764227642276422,0.1608922335024877,0.1663575445734115,0.7723577235772358,0.8881118881118881,0.8391077664975123,True,stage18-scaling-24a9adb84176,3,553
554,s4-step7450-f39of40-d1of2,39,40,0.975,1,2,0.50,4,7450,False,fresh_execution,,,7,10,False,not_right_censored,budget_exhaustion,requested_member_8_budget_exhaustion,50000,3097,8,7,1,0,1,complete,21,0.11188811188811189,0.3474576271186441,0.1860626047703127,0.17985611510791366,0.652542372881356,0.8881118881118881,0.8139373952296873,True,stage18-scaling-24a9adb84176,3,554
555,s4-step7450-f39of40-d3of4,39,40,0.975,3,4,0.75,4,7450,False,fresh_execution,,,7,10,False,not_right_censored,budget_exhaustion,requested_member_8_budget_exhaustion,50000,3097,8,7,1,0,1,complete,21,0.11188811188811189,0.3474576271186441,0.1860626047703127,0.17985611510791366,0.652542372881356,0.8881118881118881,0.8139373952296873,True,stage18-scaling-24a9adb84176,3,555
556,s4-step7450-f99of100-d1of4,99,100,0.990,1,4,0.25,4,7450,False,fresh_execution,,,4,10,False,not_right_censored,budget_exhaustion,requested_member_5_budget_exhaustion,37841,2335,6,4,1,12159,1,complete,6,0.0658682634730539,0.2152777777777778,0.12301042807401416,0.11645569620253164,0.7847222222222222,0.9341317365269461,0.8769895719259858,True,stage18-scaling-24a9adb84176,3,556
557,s4-step7450-f99of100-d1of2,99,100,0.990,1,2,0.50,4,7450,True,fresh_execution,,,7,10,False,not_right_censored,budget_exhaustion,requested_member_8_budget_exhaustion,50000,3085,8,7,1,0,1,complete,21,0.0658682634730539,0.3308270676691729,0.16497554879149798,0.16,0.6691729323308271,0.9341317365269461,0.835024451208502,True,stage18-scaling-24a9adb84176,3,557
558,s4-step7450-f99of100-d3of4,99,100,0.990,3,4,0.75,4,7450,False,fresh_execution,,,7,10,False,not_right_censored,budget_exhaustion,requested_member_8_budget_exhaustion,50000,3085,8,7,1,0,1,complete,21,0.0658682634730539,0.3308270676691729,0.16497554879149798,0.16,0.6691729323308271,0.9341317365269461,0.835024451208502,True,stage18-scaling-24a9adb84176,3,558
559,s4-step8150-f4of5-d1of4,4,5,0.800,1,4,0.25,4,8150,False,fresh_execution,,,4,10,False,not_right_censored,budget_exhaustion,requested_member_5_budget_exhaustion,40129,2498,6,4,1,9871,1,complete,6,0.12790697674418605,0.21794871794871795,0.15892482101504235,0.14974182444061962,0.782051282051282,0.872093023255814,0.8410751789849576,True,stage18-scaling-24a9adb84176,4,559
560,s4-step8150-f4of5-d1of2,4,5,0.800,1,2,0.50,4,8150,False,fresh_execution,,,6,10,False,not_right_censored,budget_exhaustion,requested_member_7_budget_exhaustion,50000,3113,7,6,1,0,2,complete,15,0.12643678160919541,0.35714285714285715,0.20057046078866939,0.18292682926829268,0.6428571428571428,0.8735632183908046,0.7994295392113306,True,stage18-scaling-24a9adb84176,4,560
561,s4-step8150-f4of5-d3of4,4,5,0.800,3,4,0.75,4,8150,False,fresh_execution,,,6,10,False,not_right_censored,budget_exhaustion,requested_member_7_budget_exhaustion,50000,3113,7,6,1,0,2,complete,15,0.12643678160919541,0.35714285714285715,0.20057046078866939,0.18292682926829268,0.6428571428571428,0.8735632183908046,0.7994295392113306,True,stage18-scaling-24a9adb84176,4,561
562,s4-step8150-f17of20-d1of4,17,20,0.850,1,4,0.25,4,8150,False,fresh_execution,,,3,10,False,not_right_censored,budget_exhaustion,requested_member_4_budget_exhaustion,32518,2024,5,3,1,17482,1,complete,3,0.1348314606741573,0.1927710843373494,0.15465539379171436,0.13636363636363635,0.8072289156626506,0.8651685393258427,0.8453446062082857,True,stage18-scaling-24a9adb84176,4,562
563,s4-step8150-f17of20-d1of2,17,20,0.850,1,2,0.50,4,8150,False,fresh_execution,,,6,10,False,not_right_censored,budget_exhaustion,requested_member_7_budget_exhaustion,50000,3113,7,6,1,0,1,complete,15,0.1348314606741573,0.3333333333333333,0.2162466305724534,0.2,0.6666666666666667,0.8651685393258427,0.7837533694275466,True,stage18-scaling-24a9adb84176,4,563
564,s4-step8150-f17of20-d3of4,17,20,0.850,3,4,0.75,4,8150,False,fresh_execution,,,6,10,False,not_right_censored,budget_exhaustion,requested_member_7_budget_exhaustion,50000,3113,7,6,1,0,1,complete,15,0.1348314606741573,0.3333333333333333,0.2162466305724534,0.2,0.6666666666666667,0.8651685393258427,0.7837533694275466,True,stage18-scaling-24a9adb84176,4,564
565,s4-step8150-f9of10-d1of4,9,10,0.900,1,4,0.25,4,8150,False,fresh_execution,,,3,10,False,not_right_censored,budget_exhaustion,requested_member_4_budget_exhaustion,32353,2013,5,3,1,17647,1,complete,3,0.11458333333333333,0.21839080459770116,0.16011418632788868,0.14736842105263157,0.7816091954022988,0.8854166666666666,0.8398858136721112,True,stage18-scaling-24a9adb84176,4,565
566,s4-step8150-f9of10-d1of2,9,10,0.900,1,2,0.50,4,8150,False,fresh_execution,,,6,10,False,not_right_censored,budget_exhaustion,requested_member_7_budget_exhaustion,50000,3111,7,6,1,0,1,complete,15,0.11458333333333333,0.34177215189873417,0.20585606716242086,0.2111111111111111,0.6582278481012658,0.8854166666666666,0.7941439328375791,True,stage18-scaling-24a9adb84176,4,566
567,s4-step8150-f9of10-d3of4,9,10,0.900,3,4,0.75,4,8150,False,fresh_execution,,,6,10,False,not_right_censored,budget_exhaustion,requested_member_7_budget_exhaustion,50000,3111,7,6,1,0,1,complete,15,0.11458333333333333,0.34177215189873417,0.20585606716242086,0.2111111111111111,0.6582278481012658,0.8854166666666666,0.7941439328375791,True,stage18-scaling-24a9adb84176,4,567
568,s4-step8150-f19of20-d1of4,19,20,0.950,1,4,0.25,4,8150,False,fresh_execution,,,4,10,False,not_right_censored,budget_exhaustion,requested_member_5_budget_exhaustion,39469,2454,6,4,1,10531,1,complete,6,0.08108108108108109,0.23157894736842105,0.13975678164069702,0.13942307692307693,0.7684210526315789,0.9189189189189189,0.860243218359303,True,stage18-scaling-24a9adb84176,4,568
569,s4-step8150-f19of20-d1of2,19,20,0.950,1,2,0.50,4,8150,False,fresh_execution,,,6,10,False,not_right_censored,budget_exhaustion,requested_member_7_budget_exhaustion,50000,3108,7,6,1,0,1,complete,15,0.08108108108108109,0.36046511627906974,0.18446070483024002,0.1553398058252427,0.6395348837209303,0.9189189189189189,0.81553929516976,True,stage18-scaling-24a9adb84176,4,569
570,s4-step8150-f19of20-d3of4,19,20,0.950,3,4,0.75,4,8150,False,fresh_execution,,,6,10,False,not_right_censored,budget_exhaustion,requested_member_7_budget_exhaustion,50000,3108,7,6,1,0,1,complete,15,0.08108108108108109,0.36046511627906974,0.18446070483024002,0.1553398058252427,0.6395348837209303,0.9189189189189189,0.81553929516976,True,stage18-scaling-24a9adb84176,4,570
571,s4-step8150-f39of40-d1of4,39,40,0.975,1,4,0.25,4,8150,False,fresh_execution,,,3,10,False,not_right_censored,budget_exhaustion,requested_member_4_budget_exhaustion,31828,1977,5,3,1,18172,1,complete,3,0.08064516129032258,0.10526315789473684,0.09227247003138345,0.09090909090909091,0.8947368421052632,0.9193548387096774,0.9077275299686165,True,stage18-scaling-24a9adb84176,4,571
572,s4-step8150-f39of40-d1of2,39,40,0.975,1,2,0.50,4,8150,False,fresh_execution,,,6,10,False,not_right_censored,budget_exhaustion,requested_member_7_budget_exhaustion,50000,3107,7,6,1,0,1,complete,15,0.08064516129032258,0.32653061224489793,0.17915898525704527,0.1694915254237288,0.6734693877551021,0.9193548387096774,0.8208410147429547,True,stage18-scaling-24a9adb84176,4,572
573,s4-step8150-f39of40-d3of4,39,40,0.975,3,4,0.75,4,8150,False,fresh_execution,,,6,10,False,not_right_censored,budget_exhaustion,requested_member_7_budget_exhaustion,50000,3107,7,6,1,0,1,complete,15,0.08064516129032258,0.32653061224489793,0.17915898525704527,0.1694915254237288,0.6734693877551021,0.9193548387096774,0.8208410147429547,True,stage18-scaling-24a9adb84176,4,573
574,s4-step8150-f99of100-d1of4,99,100,0.990,1,4,0.25,4,8150,False,fresh_execution,,,4,10,False,not_right_censored,budget_exhaustion,requested_member_5_budget_exhaustion,38569,2392,6,4,1,11431,1,complete,6,0.04861111111111111,0.23728813559322035,0.12145741209349514,0.11158098396904367,0.7627118644067796,0.9513888888888888,0.8785425879065049,True,stage18-scaling-24a9adb84176,4,574
575,s4-step8150-f99of100-d1of2,99,100,0.990,1,2,0.50,4,8150,True,fresh_execution,,,7,10,False,not_right_censored,budget_exhaustion,requested_member_8_budget_exhaustion,50000,3099,8,7,1,0,1,complete,21,0.04861111111111111,0.41509433962264153,0.181365779876965,0.16666666666666666,0.5849056603773585,0.9513888888888888,0.818634220123035,True,stage18-scaling-24a9adb84176,4,575
576,s4-step8150-f99of100-d3of4,99,100,0.990,3,4,0.75,4,8150,False,fresh_execution,,,7,10,False,not_right_censored,budget_exhaustion,requested_member_8_budget_exhaustion,50000,3099,8,7,1,0,1,complete,21,0.04861111111111111,0.41509433962264153,0.181365779876965,0.16666666666666666,0.5849056603773585,0.9513888888888888,0.818634220123035,True,stage18-scaling-24a9adb84176,4,576
577,s4-step8500-f4of5-d1of4,4,5,0.800,1,4,0.25,4,8500,False,fresh_execution,,,4,10,False,not_right_censored,budget_exhaustion,requested_member_5_budget_exhaustion,40639,2533,6,4,1,9361,1,complete,6,0.11267605633802817,0.21212121212121213,0.17043879438245635,0.17857142857142858,0.7878787878787878,0.8873239436619719,0.8295612056175437,True,stage18-scaling-24a9adb84176,5,577
578,s4-step8500-f4of5-d1of2,4,5,0.800,1,2,0.50,4,8500,False,fresh_execution,,,6,10,False,not_right_censored,budget_exhaustion,requested_member_7_budget_exhaustion,50000,3117,7,6,1,0,1,complete,15,0.09859154929577464,0.31666666666666665,0.19430259821030815,0.2,0.6833333333333333,0.9014084507042254,0.8056974017896918,True,stage18-scaling-24a9adb84176,5,578
579,s4-step8500-f4of5-d3of4,4,5,0.800,3,4,0.75,4,8500,False,fresh_execution,,,6,10,False,not_right_censored,budget_exhaustion,requested_member_7_budget_exhaustion,50000,3117,7,6,1,0,1,complete,15,0.09859154929577464,0.31666666666666665,0.19430259821030815,0.2,0.6833333333333333,0.9014084507042254,0.8056974017896918,True,stage18-scaling-24a9adb84176,5,579
580,s4-step8500-f17of20-d1of4,17,20,0.850,1,4,0.25,4,8500,False,fresh_execution,,,3,10,False,not_right_censored,budget_exhaustion,requested_member_4_budget_exhaustion,32803,2044,5,3,1,17197,1,complete,3,0.13333333333333333,0.1891891891891892,0.15451605451605452,0.14102564102564102,0.8108108108108107,0.8666666666666667,0.8454839454839455,True,stage18-scaling-24a9adb84176,5,580
581,s4-step8500-f17of20-d1of2,17,20,0.850,1,2,0.50,4,8500,False,fresh_execution,,,6,10,False,not_right_censored,budget_exhaustion,requested_member_7_budget_exhaustion,50000,3115,7,6,1,0,1,complete,15,0.13333333333333333,0.4,0.19690199588172658,0.17105263157894737,0.6,0.8666666666666667,0.8030980041182735,True,stage18-scaling-24a9adb84176,5,581
582,s4-step8500-f17of20-d3of4,17,20,0.850,3,4,0.75,4,8500,False,fresh_execution,,,6,10,False,not_right_censored,budget_exhaustion,requested_member_7_budget_exhaustion,50000,3115,7,6,1,0,1,complete,15,0.13333333333333333,0.4,0.19690199588172658,0.17105263157894737,0.6,0.8666666666666667,0.8030980041182735,True,stage18-scaling-24a9adb84176,5,582
583,s4-step8500-f9of10-d1of4,9,10,0.900,1,4,0.25,4,8500,False,fresh_execution,,,5,10,False,not_right_censored,budget_exhaustion,requested_member_6_budget_exhaustion,47725,2972,7,5,1,2275,1,complete,10,0.09195402298850575,0.25,0.1829355981018502,0.18010503552672227,0.75,0.9080459770114943,0.8170644018981498,True,stage18-scaling-24a9adb84176,5,583
584,s4-step8500-f9of10-d1of2,9,10,0.900,1,2,0.50,4,8500,False,fresh_execution,,,6,10,False,not_right_censored,budget_exhaustion,requested_member_7_budget_exhaustion,50000,3114,7,6,1,0,1,complete,15,0.09195402298850575,0.3188405797101449,0.194233168712691,0.18072289156626506,0.6811594202898551,0.9080459770114943,0.805766831287309,True,stage18-scaling-24a9adb84176,5,584
585,s4-step8500-f9of10-d3of4,9,10,0.900,3,4,0.75,4,8500,False,fresh_execution,,,6,10,False,not_right_censored,budget_exhaustion,requested_member_7_budget_exhaustion,50000,3114,7,6,1,0,1,complete,15,0.09195402298850575,0.3188405797101449,0.194233168712691,0.18072289156626506,0.6811594202898551,0.9080459770114943,0.805766831287309,True,stage18-scaling-24a9adb84176,5,585
586,s4-step8500-f19of20-d1of4,19,20,0.950,1,4,0.25,4,8500,False,fresh_execution,,,3,10,False,not_right_censored,budget_exhaustion,requested_member_4_budget_exhaustion,32443,2018,5,3,1,17557,1,complete,3,0.08163265306122448,0.2,0.1222463453466493,0.0851063829787234,0.8,0.9183673469387755,0.8777536546533508,True,stage18-scaling-24a9adb84176,5,586
587,s4-step8500-f19of20-d1of2,19,20,0.950,1,2,0.50,4,8500,False,fresh_execution,,,6,10,False,not_right_censored,budget_exhaustion,requested_member_7_budget_exhaustion,50000,3111,7,6,1,0,1,complete,15,0.08163265306122448,0.2716049382716049,0.17157087509291555,0.16483516483516483,0.7283950617283951,0.9183673469387755,0.8284291249070844,True,stage18-scaling-24a9adb84176,5,587
588,s4-step8500-f19of20-d3of4,19,20,0.950,3,4,0.75,4,8500,False,fresh_execution,,,6,10,False,not_right_censored,budget_exhaustion,requested_member_7_budget_exhaustion,50000,3111,7,6,1,0,1,complete,15,0.08163265306122448,0.2716049382716049,0.17157087509291555,0.16483516483516483,0.7283950617283951,0.9183673469387755,0.8284291249070844,True,stage18-scaling-24a9adb84176,5,588
589,s4-step8500-f39of40-d1of4,39,40,0.975,1,4,0.25,4,8500,False,fresh_execution,,,3,10,False,not_right_censored,budget_exhaustion,requested_member_4_budget_exhaustion,32098,1996,5,3,1,17902,1,complete,3,0.09090909090909091,0.14563106796116504,0.11311463239600432,0.102803738317757,0.854368932038835,0.9090909090909091,0.8868853676039957,True,stage18-scaling-24a9adb84176,5,589
590,s4-step8500-f39of40-d1of2,39,40,0.975,1,2,0.50,4,8500,False,fresh_execution,,,6,10,False,not_right_censored,budget_exhaustion,requested_member_7_budget_exhaustion,50000,3108,7,6,1,0,1,complete,15,0.09090909090909091,0.26595744680851063,0.1643444257971044,0.14953271028037382,0.7340425531914894,0.9090909090909091,0.8356555742028956,True,stage18-scaling-24a9adb84176,5,590
591,s4-step8500-f39of40-d3of4,39,40,0.975,3,4,0.75,4,8500,False,fresh_execution,,,6,10,False,not_right_censored,budget_exhaustion,requested_member_7_budget_exhaustion,50000,3108,7,6,1,0,1,complete,15,0.09090909090909091,0.26595744680851063,0.1643444257971044,0.14953271028037382,0.7340425531914894,0.9090909090909091,0.8356555742028956,True,stage18-scaling-24a9adb84176,5,591
592,s4-step8500-f99of100-d1of4,99,100,0.990,1,4,0.25,4,8500,False,fresh_execution,,,4,10,False,not_right_censored,budget_exhaustion,requested_member_5_budget_exhaustion,38989,2421,6,4,1,11011,1,complete,6,0.0859375,0.23148148148148148,0.11711604873430853,0.09663865546218488,0.7685185185185185,0.9140625,0.8828839512656914,True,stage18-scaling-24a9adb84176,5,592
593,s4-step8500-f99of100-d1of2,99,100,0.990,1,2,0.50,4,8500,True,fresh_execution,,,6,10,False,not_right_censored,budget_exhaustion,requested_member_7_budget_exhaustion,50000,3107,7,6,1,0,1,complete,15,0.0859375,0.31,0.15674602998395085,0.12396694214876033,0.69,0.9140625,0.8432539700160492,True,stage18-scaling-24a9adb84176,5,593
594,s4-step8500-f99of100-d3of4,99,100,0.990,3,4,0.75,4,8500,False,fresh_execution,,,6,10,False,not_right_censored,budget_exhaustion,requested_member_7_budget_exhaustion,50000,3107,7,6,1,0,1,complete,15,0.0859375,0.31,0.15674602998395085,0.12396694214876033,0.69,0.9140625,0.8432539700160492,True,stage18-scaling-24a9adb84176,5,594
595,s4-step8650-f4of5-d1of4,4,5,0.800,1,4,0.25,4,8650,False,fresh_execution,,,5,10,False,not_right_censored,budget_exhaustion,requested_member_6_budget_exhaustion,48325,3012,7,5,1,1675,1,complete,10,0.1111111111111111,0.234375,0.18991287417761585,0.1984848484848485,0.765625,0.8888888888888888,0.8100871258223842,True,stage18-scaling-24a9adb84176,6,595
596,s4-step8650-f4of5-d1of2,4,5,0.800,1,2,0.50,4,8650,False,fresh_execution,,,6,10,False,not_right_censored,budget_exhaustion,requested_member_7_budget_exhaustion,50000,3116,7,6,1,0,1,complete,15,0.1111111111111111,0.26153846153846155,0.19864634000014483,0.19696969696969696,0.7384615384615385,0.8888888888888888,0.8013536599998552,True,stage18-scaling-24a9adb84176,6,596
597,s4-step8650-f4of5-d3of4,4,5,0.800,3,4,0.75,4,8650,False,fresh_execution,,,6,10,False,not_right_censored,budget_exhaustion,requested_member_7_budget_exhaustion,50000,3116,7,6,1,0,1,complete,15,0.1111111111111111,0.26153846153846155,0.19864634000014483,0.19696969696969696,0.7384615384615385,0.8888888888888888,0.8013536599998552,True,stage18-scaling-24a9adb84176,6,597
598,s4-step8650-f17of20-d1of4,17,20,0.850,1,4,0.25,4,8650,False,fresh_execution,,,4,10,False,not_right_censored,budget_exhaustion,requested_member_5_budget_exhaustion,40459,2521,6,4,1,9541,1,complete,6,0.13513513513513514,0.21428571428571427,0.18244406343721412,0.1999619482496195,0.7857142857142857,0.8648648648648649,0.8175559365627859,True,stage18-scaling-24a9adb84176,6,598
599,s4-step8650-f17of20-d1of2,17,20,0.850,1,2,0.50,4,8650,False,fresh_execution,,,6,10,False,not_right_censored,budget_exhaustion,requested_member_7_budget_exhaustion,50000,3115,7,6,1,0,1,complete,15,0.13513513513513514,0.29850746268656714,0.20681027060822388,0.20833333333333334,0.7014925373134329,0.8648648648648649,0.7931897293917761,True,stage18-scaling-24a9adb84176,6,599
600,s4-step8650-f17of20-d3of4,17,20,0.850,3,4,0.75,4,8650,False,fresh_execution,,,6,10,False,not_right_censored,budget_exhaustion,requested_member_7_budget_exhaustion,50000,3115,7,6,1,0,1,complete,15,0.13513513513513514,0.29850746268656714,0.20681027060822388,0.20833333333333334,0.7014925373134329,0.8648648648648649,0.7931897293917761,True,stage18-scaling-24a9adb84176,6,600
601,s4-step8650-f9of10-d1of4,9,10,0.900,1,4,0.25,4,8650,False,fresh_execution,,,3,10,False,not_right_censored,budget_exhaustion,requested_member_4_budget_exhaustion,32668,2035,5,3,1,17332,1,complete,3,0.1625,0.18518518518518517,0.1714506172839506,0.16666666666666666,0.8148148148148149,0.8375,0.8285493827160494,True,stage18-scaling-24a9adb84176,6,601
602,s4-step8650-f9of10-d1of2,9,10,0.900,1,2,0.50,4,8650,False,fresh_execution,,,6,10,False,not_right_censored,budget_exhaustion,requested_member_7_budget_exhaustion,50000,3114,7,6,1,0,1,complete,15,0.15,0.2692307692307692,0.20334942243747484,0.20253164556962025,0.7307692307692308,0.85,0.7966505775625251,True,stage18-scaling-24a9adb84176,6,602
603,s4-step8650-f9of10-d3of4,9,10,0.900,3,4,0.75,4,8650,False,fresh_execution,,,6,10,False,not_right_censored,budget_exhaustion,requested_member_7_budget_exhaustion,50000,3114,7,6,1,0,1,complete,15,0.15,0.2692307692307692,0.20334942243747484,0.20253164556962025,0.7307692307692308,0.85,0.7966505775625251,True,stage18-scaling-24a9adb84176,6,603
604,s4-step8650-f19of20-d1of4,19,20,0.950,1,4,0.25,4,8650,False,fresh_execution,,,6,10,False,not_right_censored,budget_exhaustion,requested_member_7_budget_exhaustion,50000,3109,7,6,1,0,1,complete,15,0.125,0.25,0.1908287905158536,0.17777777777777778,0.75,0.875,0.8091712094841464,True,stage18-scaling-24a9adb84176,6,604
605,s4-step8650-f19of20-d1of2,19,20,0.950,1,2,0.50,4,8650,False,fresh_execution,,,6,10,False,not_right_censored,budget_exhaustion,requested_member_7_budget_exhaustion,50000,3109,7,6,1,0,1,complete,15,0.125,0.25,0.1908287905158536,0.17777777777777778,0.75,0.875,0.8091712094841464,True,stage18-scaling-24a9adb84176,6,605
606,s4-step8650-f19of20-d3of4,19,20,0.950,3,4,0.75,4,8650,False,fresh_execution,,,6,10,False,not_right_censored,budget_exhaustion,requested_member_7_budget_exhaustion,50000,3109,7,6,1,0,1,complete,15,0.125,0.25,0.1908287905158536,0.17777777777777778,0.75,0.875,0.8091712094841464,True,stage18-scaling-24a9adb84176,6,606
607,s4-step8650-f39of40-d1of4,39,40,0.975,1,4,0.25,4,8650,False,fresh_execution,,,4,10,False,not_right_censored,budget_exhaustion,requested_member_5_budget_exhaustion,39394,2449,6,4,1,10606,1,complete,6,0.12844036697247707,0.2222222222222222,0.16814767206969042,0.1626831501831502,0.7777777777777778,0.8715596330275229,0.8318523279303096,True,stage18-scaling-24a9adb84176,6,607
608,s4-step8650-f39of40-d1of2,39,40,0.975,1,2,0.50,4,8650,False,fresh_execution,,,6,10,False,not_right_censored,budget_exhaustion,requested_member_7_budget_exhaustion,50000,3109,7,6,1,0,1,complete,15,0.12844036697247707,0.2604166666666667,0.18366801439503538,0.18269230769230768,0.7395833333333333,0.8715596330275229,0.8163319856049646,True,stage18-scaling-24a9adb84176,6,608
609,s4-step8650-f39of40-d3of4,39,40,0.975,3,4,0.75,4,8650,False,fresh_execution,,,6,10,False,not_right_censored,budget_exhaustion,requested_member_7_budget_exhaustion,50000,3109,7,6,1,0,1,complete,15,0.12844036697247707,0.2604166666666667,0.18366801439503538,0.18269230769230768,0.7395833333333333,0.8715596330275229,0.8163319856049646,True,stage18-scaling-24a9adb84176,6,609
610,s4-step8650-f99of100-d1of4,99,100,0.990,1,4,0.25,4,8650,False,fresh_execution,,,5,10,False,not_right_censored,budget_exhaustion,requested_member_6_budget_exhaustion,46076,2859,7,5,1,3924,1,complete,10,0.096,0.21551724137931033,0.15229211752431374,0.1534996534996535,0.7844827586206897,0.904,0.8477078824756863,True,stage18-scaling-24a9adb84176,6,610
611,s4-step8650-f99of100-d1of2,99,100,0.990,1,2,0.50,4,8650,True,fresh_execution,,,6,10,False,not_right_censored,budget_exhaustion,requested_member_7_budget_exhaustion,50000,3105,7,6,1,0,1,complete,15,0.096,0.25961538461538464,0.15166660035122598,0.14285714285714285,0.7403846153846154,0.904,0.8483333996487741,True,stage18-scaling-24a9adb84176,6,611
612,s4-step8650-f99of100-d3of4,99,100,0.990,3,4,0.75,4,8650,False,fresh_execution,,,6,10,False,not_right_censored,budget_exhaustion,requested_member_7_budget_exhaustion,50000,3105,7,6,1,0,1,complete,15,0.096,0.25961538461538464,0.15166660035122598,0.14285714285714285,0.7403846153846154,0.904,0.8483333996487741,True,stage18-scaling-24a9adb84176,6,612
613,s4-step9050-f4of5-d1of4,4,5,0.800,1,4,0.25,4,9050,False,fresh_execution,,,3,10,False,not_right_censored,budget_exhaustion,requested_member_4_budget_exhaustion,32638,2033,5,3,1,17362,1,complete,3,0.18181818181818182,0.225,0.20311660912926735,0.20253164556962025,0.775,0.8181818181818181,0.7968833908707327,True,stage18-scaling-24a9adb84176,7,613
614,s4-step9050-f4of5-d1of2,4,5,0.800,1,2,0.50,4,9050,False,fresh_execution,,,6,10,False,not_right_censored,budget_exhaustion,requested_member_7_budget_exhaustion,50000,3114,7,6,1,0,1,complete,15,0.16455696202531644,0.3333333333333333,0.22598342597829293,0.21518987341772153,0.6666666666666667,0.8354430379746836,0.7740165740217071,True,stage18-scaling-24a9adb84176,7,614
615,s4-step9050-f4of5-d3of4,4,5,0.800,3,4,0.75,4,9050,False,fresh_execution,,,6,10,False,not_right_censored,budget_exhaustion,requested_member_7_budget_exhaustion,50000,3114,7,6,1,0,1,complete,15,0.16455696202531644,0.3333333333333333,0.22598342597829293,0.21518987341772153,0.6666666666666667,0.8354430379746836,0.7740165740217071,True,stage18-scaling-24a9adb84176,7,615
616,s4-step9050-f17of20-d1of4,17,20,0.850,1,4,0.25,4,9050,False,fresh_execution,,,3,10,False,not_right_censored,budget_exhaustion,requested_member_4_budget_exhaustion,32548,2026,5,3,1,17452,1,complete,3,0.14942528735632185,0.2375,0.19481871718461757,0.19753086419753085,0.7625,0.8505747126436781,0.8051812828153824,True,stage18-scaling-24a9adb84176,7,616
617,s4-step9050-f17of20-d1of2,17,20,0.850,1,2,0.50,4,9050,False,fresh_execution,,,6,10,False,not_right_censored,budget_exhaustion,requested_member_7_budget_exhaustion,50000,3113,7,6,1,0,1,complete,15,0.13636363636363635,0.2625,0.18017242743553596,0.16853932584269662,0.7375,0.8636363636363636,0.819827572564464,True,stage18-scaling-24a9adb84176,7,617
618,s4-step9050-f17of20-d3of4,17,20,0.850,3,4,0.75,4,9050,False,fresh_execution,,,6,10,False,not_right_censored,budget_exhaustion,requested_member_7_budget_exhaustion,50000,3113,7,6,1,0,1,complete,15,0.13636363636363635,0.2625,0.18017242743553596,0.16853932584269662,0.7375,0.8636363636363636,0.819827572564464,True,stage18-scaling-24a9adb84176,7,618
619,s4-step9050-f9of10-d1of4,9,10,0.900,1,4,0.25,4,9050,False,fresh_execution,,,5,10,False,not_right_censored,budget_exhaustion,requested_member_6_budget_exhaustion,47230,2938,7,5,1,2770,1,complete,10,0.13402061855670103,0.22727272727272727,0.1874646297225858,0.18683574879227052,0.7727272727272727,0.865979381443299,0.8125353702774142,True,stage18-scaling-24a9adb84176,7,619
620,s4-step9050-f9of10-d1of2,9,10,0.900,1,2,0.50,4,9050,False,fresh_execution,,,6,10,False,not_right_censored,budget_exhaustion,requested_member_7_budget_exhaustion,50000,3111,7,6,1,0,1,complete,15,0.13402061855670103,0.30864197530864196,0.1958604670031808,0.18888888888888888,0.691358024691358,0.865979381443299,0.8041395329968192,True,stage18-scaling-24a9adb84176,7,620
621,s4-step9050-f9of10-d3of4,9,10,0.900,3,4,0.75,4,9050,False,fresh_execution,,,6,10,False,not_right_censored,budget_exhaustion,requested_member_7_budget_exhaustion,50000,3111,7,6,1,0,1,complete,15,0.13402061855670103,0.30864197530864196,0.1958604670031808,0.18888888888888888,0.691358024691358,0.865979381443299,0.8041395329968192,True,stage18-scaling-24a9adb84176,7,621
622,s4-step9050-f19of20-d1of4,19,20,0.950,1,4,0.25,4,9050,False,fresh_execution,,,6,10,False,not_right_censored,budget_exhaustion,requested_member_7_budget_exhaustion,50000,3107,7,6,1,0,1,complete,15,0.06956521739130435,0.2403846153846154,0.1495243295782617,0.14814814814814814,0.7596153846153846,0.9304347826086956,0.8504756704217383,True,stage18-scaling-24a9adb84176,7,622
623,s4-step9050-f19of20-d1of2,19,20,0.950,1,2,0.50,4,9050,False,fresh_execution,,,6,10,False,not_right_censored,budget_exhaustion,requested_member_7_budget_exhaustion,50000,3107,7,6,1,0,1,complete,15,0.06956521739130435,0.2403846153846154,0.1495243295782617,0.14814814814814814,0.7596153846153846,0.9304347826086956,0.8504756704217383,True,stage18-scaling-24a9adb84176,7,623
624,s4-step9050-f19of20-d3of4,19,20,0.950,3,4,0.75,4,9050,False,fresh_execution,,,6,10,False,not_right_censored,budget_exhaustion,requested_member_7_budget_exhaustion,50000,3107,7,6,1,0,1,complete,15,0.06956521739130435,0.2403846153846154,0.1495243295782617,0.14814814814814814,0.7596153846153846,0.9304347826086956,0.8504756704217383,True,stage18-scaling-24a9adb84176,7,624
625,s4-step9050-f39of40-d1of4,39,40,0.975,1,4,0.25,4,9050,False,fresh_execution,,,6,10,False,not_right_censored,budget_exhaustion,requested_member_7_budget_exhaustion,50000,3102,7,6,1,0,1,complete,15,0.07142857142857142,0.23893805309734514,0.13969906477175476,0.13821138211382114,0.7610619469026548,0.9285714285714286,0.8603009352282452,True,stage18-scaling-24a9adb84176,7,625
626,s4-step9050-f39of40-d1of2,39,40,0.975,1,2,0.50,4,9050,False,fresh_execution,,,6,10,False,not_right_censored,budget_exhaustion,requested_member_7_budget_exhaustion,50000,3102,7,6,1,0,1,complete,15,0.07142857142857142,0.23893805309734514,0.13969906477175476,0.13821138211382114,0.7610619469026548,0.9285714285714286,0.8603009352282452,True,stage18-scaling-24a9adb84176,7,626
627,s4-step9050-f39of40-d3of4,39,40,0.975,3,4,0.75,4,9050,False,fresh_execution,,,6,10,False,not_right_censored,budget_exhaustion,requested_member_7_budget_exhaustion,50000,3102,7,6,1,0,1,complete,15,0.07142857142857142,0.23893805309734514,0.13969906477175476,0.13821138211382114,0.7610619469026548,0.9285714285714286,0.8603009352282452,True,stage18-scaling-24a9adb84176,7,627
628,s4-step9050-f99of100-d1of4,99,100,0.990,1,4,0.25,4,9050,False,fresh_execution,,,7,10,False,not_right_censored,budget_exhaustion,requested_member_8_budget_exhaustion,50000,3094,8,7,1,0,1,complete,21,0.08450704225352113,0.23387096774193547,0.13388963005433455,0.12949640287769784,0.7661290322580645,0.9154929577464789,0.8661103699456655,True,stage18-scaling-24a9adb84176,7,628
629,s4-step9050-f99of100-d1of2,99,100,0.990,1,2,0.50,4,9050,True,fresh_execution,,,7,10,False,not_right_censored,budget_exhaustion,requested_member_8_budget_exhaustion,50000,3094,8,7,1,0,1,complete,21,0.08450704225352113,0.23387096774193547,0.13388963005433455,0.12949640287769784,0.7661290322580645,0.9154929577464789,0.8661103699456655,True,stage18-scaling-24a9adb84176,7,629
630,s4-step9050-f99of100-d3of4,99,100,0.990,3,4,0.75,4,9050,False,fresh_execution,,,7,10,False,not_right_censored,budget_exhaustion,requested_member_8_budget_exhaustion,50000,3094,8,7,1,0,1,complete,21,0.08450704225352113,0.23387096774193547,0.13388963005433455,0.12949640287769784,0.7661290322580645,0.9154929577464789,0.8661103699456655,True,stage18-scaling-24a9adb84176,7,630
